date,method,comparison,cash_cost_yuan,contract_cost_yuan,emergency_cost_yuan,contract_kwh,base_contract_kwh,risk_reserve_kwh,expected_emergency_cost_yuan,emergency_kwh,emergency_slots,emergency_events,unused_contract_kwh,pv_curtailed_kwh,charge_kwh,discharge_kwh,soc_start_kwh,soc_end_kwh,soc_min_kwh,soc_max_kwh,runtime_seconds,max_balance_residual_kwh,simultaneous_flow_slots,sigma_factor,achieved_daily_sigma_ratio
2025-02-01,greedy,error_scaled_frozen_contract_and_soc,26709.12435609976,26709.12435609976,0.0,49023.022603149024,43233.888007593465,5789.134595555555,6312.826350179821,0.0,0,0,8536.986137066991,5353.251607523439,16896.482344543976,13686.15069908062,10800.0,10800.0,2584.9119541446184,10800.0,0.0005133999948156998,2.2737367544323206e-13,0,1.5,1.4999999999999998
2025-02-01,mpc,error_scaled_frozen_contract_and_soc,28684.34101068429,26709.12435609976,1975.2166545845253,49023.022603149024,43233.888007593465,5789.134595555555,6312.826350179821,351.6911797619051,10,6,8621.930277447143,5288.525303452802,18641.08144692494,15099.27645800919,10800.0,10799.999460000012,2028.1831972738687,10800.0,1.011058599993703,2.2737367544323206e-13,0,1.5,1.4999999999999998
2025-02-02,greedy,error_scaled_frozen_contract_and_soc,60814.31655276092,60814.31655276092,0.0,95447.25993643588,89758.78041945177,5688.479516984126,6331.734526354028,0.0,0,0,16391.164901285,396.2346843327457,19293.19797423084,15627.490359126985,10800.0,10800.0,1988.8645917107597,10800.0,0.00035069999285042286,2.2737367544323206e-13,0,1.5,1.4999999999999998
2025-02-02,mpc,error_scaled_frozen_contract_and_soc,61466.30851360497,60814.31655276092,651.9919608440459,95447.25993643588,89758.78041945177,5688.479516984126,6331.734526354028,148.98229523809493,4,3,14850.39272834831,1444.9492918858427,22667.095046976465,18360.34757125092,10800.0,10799.999352000017,1507.3586305714334,10800.0,0.9905269000009866,2.2737367544323206e-13,0,1.5,1.4999999999999998
2025-02-03,greedy,error_scaled_frozen_contract_and_soc,59761.37374098951,59761.37374098951,0.0,94059.09257643559,88351.30972611814,5707.78285031746,6325.6355685206945,0.0,0,0,11738.334940372324,0.0,20165.689494318,16334.208490397585,10800.0,10800.0,1873.6070004409162,10800.0,0.00027219999174121767,2.2737367544323206e-13,0,1.5,1.5000000000000002
2025-02-03,mpc,error_scaled_frozen_contract_and_soc,61015.72500200916,59761.37374098951,1254.3512610196442,94059.09257643559,88351.30972611814,5707.78285031746,6325.6355685206945,258.59259642857154,13,8,10395.445600054845,1130.5606448412698,22644.225679079926,18341.823383254727,10800.0,10799.999352000017,1396.079578669729,10800.0,1.0633983000006992,1.1368683772161603e-13,0,1.5,1.5000000000000002
2025-02-04,greedy,error_scaled_frozen_contract_and_soc,60256.86003817031,60256.86003817031,0.0,94763.34714999805,89031.03173301392,5732.3154169841255,6307.104330743882,0.0,0,0,11051.4981979855,20.61325119047615,21551.630211093674,17456.820470985884,10800.0,10800.0,2220.5306909171086,10800.0,0.0005060999974375591,1.1368683772161603e-13,0,1.5,1.5
2025-02-04,mpc,error_scaled_frozen_contract_and_soc,63200.94170964949,60256.86003817031,2944.081671479177,94763.34714999805,89031.03173301392,5732.3154169841255,6307.104330743882,603.3531364300891,21,10,11429.877147264793,318.6707053571435,22055.37974514772,18033.653272055795,10800.0,10612.449246126513,1320.8207083333346,10800.0,0.9829444999922998,2.2737367544323206e-13,0,1.5,1.5
2025-02-05,greedy,error_scaled_frozen_contract_and_soc,58582.167117194185,58582.167117194185,0.0,92567.5088404276,87805.56615709428,4761.942683333333,4566.75086750565,0.0,0,0,8690.708313634552,113.52286666666623,22310.494094650203,18071.500216666667,10800.0,10800.0,1625.1888202380956,10800.0,0.0003905000048689544,2.2737367544323206e-13,0,1.5,1.5000000000000002
2025-02-05,mpc,error_scaled_frozen_contract_and_soc,62268.94580748644,58582.167117194185,3686.778690292259,92567.5088404276,87805.56615709428,4761.942683333333,4566.75086750565,717.7408273809519,28,13,9068.278427553367,405.07151784630673,22606.823458730636,18319.207518464606,10800.0,10791.466092341343,1516.1346042506866,10800.0,1.136812299999292,2.2737367544323206e-13,0,1.5,1.5000000000000002
2025-02-06,greedy,error_scaled_frozen_contract_and_soc,59050.40326843929,58974.03607680656,76.36719163273688,92802.98276806748,88839.82339822622,3963.1593698412707,3251.412147611388,13.12407261904741,2,1,10532.38165599648,5.408641666666881,20856.40815876975,16893.6906086035,10800.0,10800.0,2033.1297103174625,10800.0,0.0003989999968325719,2.2737367544323206e-13,0,1.5,1.5000000000000002
2025-02-06,mpc,error_scaled_frozen_contract_and_soc,60564.68362301369,58974.03607680656,1590.6475462071417,92802.98276806748,88839.82339822622,3963.1593698412707,3251.412147611388,333.5006738095235,13,7,9181.032334919619,1285.7894886904776,22916.336217941847,18562.273592532074,10800.0,10799.954160000916,1611.5820484285725,10800.0,1.0966645000007702,1.1368683772161603e-13,0,1.5,1.5000000000000002
2025-02-07,greedy,error_scaled_frozen_contract_and_soc,24137.83848105902,24137.83848105902,0.0,45454.33012959417,42149.74573197513,3304.5843976190476,1942.5968872038493,0.0,0,0,6274.772092983821,7070.114833236044,18483.53361425073,14971.662227543085,10800.0,10800.0,1582.8675648148142,10800.0,0.00040299999818671495,2.2737367544323206e-13,0,1.5,1.5
2025-02-07,mpc,error_scaled_frozen_contract_and_soc,27257.82340294117,24137.83848105902,3119.984921882143,45454.33012959417,42149.74573197513,3304.5843976190476,1942.5968872038493,536.2226654761906,17,6,7129.047142430902,6585.762588606705,19358.799108242514,15680.62786087642,10800.0,10799.999352000017,1725.607294296459,10800.0,1.075918599992292,2.2737367544323206e-13,0,1.5,1.5
2025-02-08,greedy,error_scaled_frozen_contract_and_soc,22024.09795129196,22024.09795129196,0.0,41292.83964174117,38070.79812507451,3222.041516666666,1927.9955428724606,0.0,0,0,3020.495250573188,4200.2775154212,19696.04155781513,15953.79366183025,10800.0,10800.0,1507.9714921296277,10800.0,0.0003171999996993691,2.2737367544323206e-13,0,1.5,1.5
2025-02-08,mpc,error_scaled_frozen_contract_and_soc,26978.598334398604,22024.09795129196,4954.500383106644,41292.83964174117,38070.79812507451,3222.041516666666,1927.9955428724606,942.1334264738056,30,14,3347.0970020697027,4922.175829917083,19423.15056860845,15787.269312142162,10800.0,10739.425164922981,1200.0,10800.0,0.8589307000074768,2.2737367544323206e-13,0,1.5,1.5
2025-02-09,greedy,error_scaled_frozen_contract_and_soc,54660.206416058216,54660.206416058216,0.0,86989.37612125189,83759.9018950614,3229.4742261904767,1884.7776228023413,0.0,0,0,2682.6242852145806,0.0,23946.057088166264,19396.306241414677,10800.0,10800.0,1573.8434155291027,10800.0,0.0009725999989314005,1.1368683772161603e-13,0,1.5,1.5000000000000002
2025-02-09,mpc,error_scaled_frozen_contract_and_soc,61103.70397141039,54660.206416058216,6443.497555352173,86989.37612125189,83759.9018950614,3229.4742261904767,1884.7776228023413,1408.8463255696852,37,16,3931.95027914749,384.8753738095237,22946.56822161431,18622.17241703547,10800.0,10760.608713857915,1205.1101851851845,10800.0,1.025295500003267,2.2737367544323206e-13,0,1.5,1.5000000000000002
2025-02-10,greedy,error_scaled_frozen_contract_and_soc,55464.29518743896,55464.29518743896,0.0,88081.68848907827,84862.71942717349,3218.969061904762,1904.2355526711904,0.0,0,0,11777.851530597962,1310.7135510582027,19079.639644326864,15454.508111904763,10800.0,10800.0,1530.6633002645503,10800.0,0.00040360000275541097,2.2737367544323206e-13,0,1.5,1.5000000000000002
2025-02-10,mpc,error_scaled_frozen_contract_and_soc,57301.935214478246,55464.29518743896,1837.6400270392846,88081.68848907827,84862.71942717349,3218.969061904762,1904.2355526711904,408.2969738095236,19,9,9522.884333484022,3341.384214166958,23006.364022905072,18748.638982668264,10800.0,10673.906528760945,1529.1565013123695,10800.0,1.009285899999668,2.2737367544323206e-13,0,1.5,1.5000000000000002
2025-02-11,greedy,error_scaled_frozen_contract_and_soc,54034.25592924765,54034.25592924765,0.0,86206.0136975367,83063.51654991765,3142.4971476190467,1917.0786876211912,0.0,0,0,7975.925810367397,596.1434261904764,21430.985026455022,17359.097871428574,10800.0,10800.0,1206.6818450529088,10800.0,0.0004226000019116327,2.2737367544323206e-13,0,1.5,1.4999999999999998
2025-02-11,mpc,error_scaled_frozen_contract_and_soc,57167.005826729786,54034.25592924765,3132.749897482141,86206.0136975367,83063.51654991765,3142.4971476190467,1917.0786876211912,549.0215190476185,28,14,7501.926148744269,1390.3395297352797,22743.41180498435,18442.699572831953,10800.0,10777.182210228188,1519.6864164441886,10800.0,1.1087302999949316,2.2737367544323206e-13,0,1.5,1.4999999999999998
2025-02-12,greedy,error_scaled_frozen_contract_and_soc,53691.68372683104,53691.68372683104,0.0,85684.89044096171,82621.07465048552,3063.8157904761892,1921.1290865783344,0.0,0,0,7355.448031790119,486.0151095238091,21061.54526756979,17059.851666731534,10800.0,10800.0,1454.809060423278,10800.0,0.0003612000000430271,2.2737367544323206e-13,0,1.5,1.5000000000000002
2025-02-12,mpc,error_scaled_frozen_contract_and_soc,57161.84883833937,53691.68372683104,3470.165111508332,85684.89044096171,82621.07465048552,3063.8157904761892,1921.1290865783344,698.2875297619042,24,13,6831.738750514494,1452.6453083333322,22624.22945360732,18367.169240541058,10800.0,10753.84068542319,1322.5989962610606,10800.0,0.9795354999951087,2.2737367544323206e-13,0,1.5,1.5000000000000002
2025-02-13,greedy,error_scaled_frozen_contract_and_soc,53405.28797412094,53405.28797412094,0.0,85149.40167694942,82122.20548885418,3027.1961880952376,1902.33345955,0.0,0,0,12139.351242146371,1359.4682428571427,18413.295834803048,14914.769626190475,10800.0,10800.0,1360.6516547089993,10800.0,0.00048049999168142676,2.2737367544323206e-13,0,1.5,1.5
2025-02-13,mpc,error_scaled_frozen_contract_and_soc,56764.7652103638,53405.28797412094,3359.477236242857,85149.40167694942,82122.20548885418,3027.1961880952376,1902.33345955,745.2834273809519,27,15,9271.977161598006,4258.259722679933,22230.098129960876,18017.70589324178,10800.0,10787.415102251704,1567.7008175516796,10800.0,0.9911297999933595,1.1368683772161603e-13,0,1.5,1.5
2025-02-14,greedy,error_scaled_frozen_contract_and_soc,21094.6732169097,21094.6732169097,0.0,39440.317311574545,36480.13164252693,2960.185669047619,1904.574072742143,0.0,0,0,1986.3494079953025,4086.3590101890377,20494.098630625183,16600.219890806402,10800.0,10800.0,1509.518079365079,10800.0,0.0002556999970693141,1.1368683772161603e-13,0,1.5,1.5
2025-02-14,mpc,error_scaled_frozen_contract_and_soc,26305.834374871913,21094.6732169097,5211.161157962213,39440.317311574545,36480.13164252693,2960.185669047619,1904.574072742143,1191.314387295365,32,11,2800.1337257436803,4627.558067057219,19790.585224461007,16060.375471963416,10800.0,10766.665066500002,1228.098490740742,10800.0,0.9940650000062305,2.2737367544323206e-13,0,1.5,1.5
2025-02-15,greedy,error_scaled_frozen_contract_and_soc,20797.044105836343,20797.044105836343,0.0,39009.201721925914,36116.33101002115,2892.8707119047613,1924.7724883647222,0.0,0,0,1181.8790742210476,4897.476362812715,20556.754174871,16650.97088164551,10800.0,10800.0,1428.2374365079384,10800.0,0.0004575000057229772,1.1368683772161603e-13,0,1.5,1.5
2025-02-15,mpc,error_scaled_frozen_contract_and_soc,27248.70932168793,20797.044105836343,6451.665215851586,39009.201721925914,36116.33101002115,2892.8707119047613,1924.7724883647222,1423.1586900303066,39,17,2408.323707401528,5408.533074850431,19740.89562072423,16149.454982686635,10800.0,10622.967189,1318.0236970899487,10800.0,1.1089092000038363,1.1368683772161603e-13,0,1.5,1.5
2025-02-16,greedy,error_scaled_frozen_contract_and_soc,51571.45788586707,51448.755795033736,122.70209083333262,82588.53140361824,79633.27096076109,2955.2604428571426,1862.7539320865872,27.051666666666506,2,2,2754.0312691651934,0.0,23189.763658775453,18783.70856360811,10800.0,10800.0,1313.433604232804,10800.0,0.000574699995922856,2.2737367544323206e-13,0,1.5,1.5
2025-02-16,mpc,error_scaled_frozen_contract_and_soc,60012.26630320815,51448.755795033736,8563.510508174411,82588.53140361824,79633.27096076109,2955.2604428571426,1862.7539320865872,1838.3811630952398,51,19,4066.3935758693133,742.8876970238093,22166.159837785617,18004.025249917635,10800.0,10745.071354098569,1210.832069444445,10800.0,1.0183841999969445,2.2737367544323206e-13,0,1.5,1.5
2025-02-17,greedy,error_scaled_frozen_contract_and_soc,50939.238507430644,50939.238507430644,0.0,82044.32370015288,79007.76059062907,3036.5631095238095,1867.1100018572224,0.0,0,0,7540.408384670776,1238.069398809524,19928.285570206557,16141.911311867312,10800.0,10800.0,1282.6452656878323,10800.0,0.0007580000092275441,2.2737367544323206e-13,0,1.5,1.5
2025-02-17,mpc,error_scaled_frozen_contract_and_soc,53893.513229169344,50939.238507430644,2954.274721738693,82044.32370015288,79007.76059062907,3036.5631095238095,1867.1100018572224,624.9316166666672,24,12,6467.786827655771,2581.6356560932245,22102.478343152146,17962.11716841493,10800.0,10734.32254393146,1398.3298091078975,10800.0,1.08119660000375,2.2737367544323206e-13,0,1.5,1.5
2025-02-18,greedy,error_scaled_frozen_contract_and_soc,50875.05494155215,50772.92245780215,102.13248374999995,81618.85518557957,78620.893414151,2997.961771428571,1865.5898369858733,22.449166666666656,1,1,6174.58905,437.7724136243383,20960.53280352379,16978.03157085427,10800.0,10800.0,1539.4533361375682,10800.0,0.0003583000070648268,2.2737367544323206e-13,0,1.5,1.4999999999999998
2025-02-18,mpc,error_scaled_frozen_contract_and_soc,54067.823569096094,50772.92245780215,3294.901111293939,81618.85518557957,78620.893414151,2997.961771428571,1865.5898369858733,760.9463805302767,28,15,5505.085145871666,1619.3288392857137,22268.944692705034,18059.998767704943,10800.0,10775.384925984596,1232.8145833333344,10800.0,0.960811900004046,2.2737367544323206e-13,0,1.5,1.4999999999999998
2025-02-19,greedy,error_scaled_frozen_contract_and_soc,50599.45509448155,50289.99903291905,309.4560615625002,81004.34179618696,78103.91902475839,2900.4227714285707,1846.0541753888897,70.25187500000004,2,2,4052.8747069517985,136.69743095238118,23566.35458143823,19164.05553982211,10800.0,10716.32407904762,1322.4689125661375,10800.0,0.00029149999318178743,1.1368683772161603e-13,0,1.5,1.4999999999999998
2025-02-19,mpc,error_scaled_frozen_contract_and_soc,56465.217375324406,50289.99903291905,6175.218342405363,81004.34179618696,78103.91902475839,2900.4227714285707,1846.0541753888897,1469.1897964285722,46,21,5830.3358426713085,199.51796190476182,22049.963004052057,18089.00770767925,10800.0,10546.069250669903,1200.0,10800.0,1.056444099987857,2.2737367544323206e-13,0,1.5,1.4999999999999998
2025-02-20,greedy,error_scaled_frozen_contract_and_soc,50083.98642927142,49846.34081753332,237.64561173809437,80516.42670686444,77613.79361162634,2902.6330952380945,1863.1133610731354,50.73561309523791,1,1,5991.345498721346,594.5074404761903,21550.732686968746,17456.093476444687,10800.0,10800.0,1560.7672872090009,10800.0,0.0003281999961473048,1.1368683772161603e-13,0,1.5,1.5000000000000002
2025-02-20,mpc,error_scaled_frozen_contract_and_soc,54739.5882601613,49846.34081753332,4893.247442627972,80516.42670686444,77613.79361162634,2902.6330952380945,1863.1133610731354,1045.725786904761,30,14,6240.832916746442,1375.880067890395,21975.513820696106,17916.74448180183,10800.0,10670.468569957806,1434.439680946489,10800.0,1.0750785999989603,2.2737367544323206e-13,0,1.5,1.5000000000000002
2025-02-21,greedy,error_scaled_frozen_contract_and_soc,20398.434460128665,20398.434460128665,0.0,38423.37102845556,35508.4884213127,2914.8826071428552,1864.9237810269456,0.0,0,0,2465.4639812022365,7686.731048372528,20029.52944899666,16223.918853687299,10800.0,10800.0,1787.9863478835998,10800.0,0.0009614000009605661,2.2737367544323206e-13,0,1.5,1.5
2025-02-21,mpc,error_scaled_frozen_contract_and_soc,23217.51202242212,20398.434460128665,2819.0775622934516,38423.37102845556,35508.4884213127,2914.8826071428552,1864.9237810269456,708.1295916666668,31,14,3546.4205374766743,7380.41752587087,20003.06891343817,16263.971760234917,10800.0,10731.682288500004,1673.0936704017363,10800.0,1.0040306000009878,2.2737367544323206e-13,0,1.5,1.5
2025-02-22,greedy,error_scaled_frozen_contract_and_soc,20274.400499791944,20274.400499791944,0.0,38231.72919683688,35397.3410206464,2834.388176190474,1855.2141051533745,0.0,0,0,1821.4738294723375,4441.947526190475,20363.29793600385,16494.271328163115,10800.0,10800.0,1590.7985780423255,10800.0,0.0003637000045273453,1.1368683772161603e-13,0,1.5,1.5
2025-02-22,mpc,error_scaled_frozen_contract_and_soc,26084.939252721273,20274.400499791944,5810.538752929329,38231.72919683688,35397.3410206464,2834.388176190474,1855.2141051533745,1217.7141419906513,30,15,2393.369373384024,5339.983641610323,19580.295396910413,15963.486306410561,10800.0,10685.058850096526,1200.0,10800.0,0.9211751999973785,3.410605131648481e-13,0,1.5,1.5
2025-02-23,greedy,error_scaled_frozen_contract_and_soc,49286.70573611963,49268.666570338675,18.03916578095261,79578.30291501309,76804.67333882261,2773.629576190474,1800.7257041490884,3.8512309523810018,1,1,3820.212725338036,401.83492142857176,22449.85109854044,18184.37938981776,10800.0,10800.0,1426.9991283068787,10800.0,0.00024619999749120325,2.2737367544323206e-13,0,1.5,1.5
2025-02-23,mpc,error_scaled_frozen_contract_and_soc,55495.39262485772,49268.666570338675,6226.726054519045,79578.30291501309,76804.67333882261,2773.629576190474,1800.7257041490884,1396.8551702380946,38,18,4725.852295381962,1043.6260757492964,22008.327034294834,17897.282110651096,10800.0,10721.625319030802,1270.0244980158739,10800.0,0.9877876999962609,2.2737367544323206e-13,0,1.5,1.5
2025-02-24,greedy,error_scaled_frozen_contract_and_soc,48871.675738989536,48577.8021688312,293.87357015833345,78725.77541968366,75940.710403017,2785.0650166666646,1817.4638609470644,64.95352023809528,2,1,6469.386360949449,1837.3261357142856,20838.212107373103,16878.951806972218,10800.0,10800.0,1481.3789157010629,10800.0,0.0004226000019116327,2.2737367544323206e-13,0,1.5,1.5000000000000002
2025-02-24,mpc,error_scaled_frozen_contract_and_soc,51838.36582177882,48577.8021688312,3260.5636529476214,78725.77541968366,75940.710403017,2785.0650166666646,1817.4638609470644,714.2074523809525,27,11,6496.405930385057,2267.75341963182,21934.428109377106,17783.360730186505,10800.0,10781.695598232167,1395.5837021855868,10800.0,1.125505100004375,2.2737367544323206e-13,0,1.5,1.5000000000000002
2025-02-25,greedy,error_scaled_frozen_contract_and_soc,48780.599955891725,48633.218701799466,147.38125409226114,78732.17571264275,75955.0576602618,2777.1180523809503,1818.4403196290884,33.65252976190459,1,1,9104.946232848324,2968.803803571428,19663.6355515496,15927.544796755177,10800.0,10800.0,1416.099564814818,10800.0,0.00035349999961908907,1.1368683772161603e-13,0,1.5,1.4999999999999998
2025-02-25,mpc,error_scaled_frozen_contract_and_soc,51269.74576771137,48633.218701799466,2636.5270659119033,78732.17571264275,75955.0576602618,2777.1180523809503,1818.4403196290884,640.4683607142856,25,12,7965.36385610676,4353.785661508475,22065.399219163643,17967.89211461232,10800.0,10694.534725455811,1421.6743815032678,10800.0,1.0558018000010634,2.2737367544323206e-13,0,1.5,1.4999999999999998
2025-02-26,greedy,error_scaled_frozen_contract_and_soc,48320.751366810895,48320.751366810895,0.0,78251.07572058529,75573.34449915672,2677.7312214285694,1759.098042649406,0.0,0,0,5585.966733436213,1085.5003214285716,20895.94367923077,16925.714380176927,10800.0,10800.0,1547.2432439021188,10800.0,0.000228899996727705,2.2737367544323206e-13,0,1.5,1.5
2025-02-26,mpc,error_scaled_frozen_contract_and_soc,52755.29661436744,48320.751366810895,4434.545247556545,78251.07572058529,75573.34449915672,2677.7312214285694,1759.098042649406,1034.2399190476187,32,15,5198.286527191203,2349.2890019032816,21876.14617373483,17747.785429863063,10800.0,10768.769967624607,1262.1801911375674,10800.0,0.9540815000073053,2.2737367544323206e-13,0,1.5,1.5
2025-02-27,greedy,error_scaled_frozen_contract_and_soc,47843.39332526554,47454.049924304294,389.34340096124504,77054.50654860833,74339.57917241787,2714.927376190474,1761.503335467898,78.41474575391157,3,2,6293.987940319346,994.4952226190478,23204.95649370958,18796.014759904763,10800.0,10800.0,1200.0,10800.0,0.000668799999402836,2.2737367544323206e-13,0,1.5,1.4999999999999998
2025-02-27,mpc,error_scaled_frozen_contract_and_soc,54227.7734062037,47454.049924304294,6773.723481899402,77054.50654860833,74339.57917241787,2714.927376190474,1761.503335467898,1345.424324999999,39,14,7706.369955384793,1088.4669453764996,21945.253465410493,17775.655890182483,10800.0,10799.999352000017,1215.1789191428597,10800.0,0.9905818999977782,2.2737367544323206e-13,0,1.5,1.4999999999999998
2025-02-28,greedy,error_scaled_frozen_contract_and_soc,19499.720682921725,19499.720682921725,0.0,37079.88260914052,34545.335332950046,2534.5472761904757,1777.65642476254,0.0,0,0,2256.754468988831,8039.762857492714,20736.993085423215,16796.964399192806,10800.0,10800.0,1485.6142234391568,10800.0,0.0003628999984357506,2.2737367544323206e-13,0,1.5,1.4999999999999998
2025-02-28,mpc,error_scaled_frozen_contract_and_soc,23966.94673994765,19499.720682921725,4467.226057025924,37079.88260914052,34545.335332950046,2534.5472761904757,1777.65642476254,979.135427189196,35,15,2758.465935762073,8639.47365815956,20273.129637030746,16455.38779105123,10800.0,10762.05246104853,1200.0,10800.0,1.0589291999931447,1.1368683772161603e-13,0,1.5,1.4999999999999998
2025-03-01,greedy,error_scaled_frozen_contract_and_soc,19624.957136064448,19624.957136064448,0.0,37140.770633866676,34511.740321961915,2629.0303119047603,1796.7883238423417,0.0,0,0,2468.8482020252904,7399.180727380952,19410.886727736608,15722.818249466654,10800.0,10800.0,1570.1649642857135,10800.0,0.0007822999905329198,1.1368683772161603e-13,0,1.5,1.5
2025-03-01,mpc,error_scaled_frozen_contract_and_soc,24216.059327382307,19624.957136064448,4591.102191317858,37140.770633866676,34511.740321961915,2629.0303119047603,1796.7883238423417,925.3812285714289,26,13,4383.667246606482,6392.426266992608,19682.53255723424,15977.147434585699,10800.0,10761.893263082266,1696.6857906530327,10800.0,1.0755658999987645,1.1368683772161603e-13,0,1.5,1.5
2025-03-02,greedy,error_scaled_frozen_contract_and_soc,74879.15730189823,46920.11469374968,27959.04260814855,76234.14867653407,73495.56820748645,2738.580469047618,1927.7772093849999,4148.206247732373,9,2,2579.0102714215036,0.0,20241.508273118754,16395.62170122619,10800.0,10800.0,1200.0,10800.0,0.0003147000097669661,2.2737367544323206e-13,0,1.5,1.5
2025-03-02,mpc,error_scaled_frozen_contract_and_soc,81540.25669675418,46920.11469374968,34620.142003004505,76234.14867653407,73495.56820748645,2738.580469047618,1927.7772093849999,6464.387803064912,43,15,4616.369919551436,627.0196799109426,18674.75628436359,15177.067485179363,10800.0,10743.872339061278,1200.0,10800.0,1.1479934999952093,2.2737367544323206e-13,0,1.5,1.5
2025-03-03,greedy,error_scaled_frozen_contract_and_soc,66273.57246694791,47113.77007872723,19159.80238822067,76475.18605969145,73622.35192159622,2852.834138095237,2264.7249412688893,3090.1992713863933,13,2,1855.1218203329904,0.0,22715.295775411516,18413.884656333328,10800.0,10783.8943575,1200.0,10800.0,0.0009635999886086211,1.1368683772161603e-13,0,1.5,1.5
2025-03-03,mpc,error_scaled_frozen_contract_and_soc,71761.01503775019,47113.77007872723,24647.244959022944,76475.18605969145,73622.35192159622,2852.834138095237,2264.7249412688893,5012.6197479971925,54,12,4004.6973659835453,201.3479277197239,20769.332296088854,16896.42417377015,10800.0,10718.594428957584,1214.2997262857161,10800.0,0.9921979000064312,2.2737367544323206e-13,0,1.5,1.5
2025-03-04,greedy,error_scaled_frozen_contract_and_soc,48276.798208656175,48276.798208656175,0.0,78173.20222594962,75015.76107356866,3157.4411523809517,2385.855395089564,0.0,0,0,4786.843747104654,737.4973119047629,21904.643554071325,17742.761278797778,10800.0,10800.0,1456.018664021166,10800.0,0.0002351000002818182,1.5276668818842154e-13,0,1.5,1.5000000000000002
2025-03-04,mpc,error_scaled_frozen_contract_and_soc,52051.540794955756,48276.798208656175,3774.742586299576,78173.20222594962,75015.76107356866,3157.4411523809517,2385.855395089564,812.0088295327788,29,12,5722.256192678672,839.4624758860734,21537.53167130171,17601.01817605072,10800.0,10627.091641892965,1245.9403161375653,10800.0,1.1845176999922842,2.2737367544323206e-13,0,1.5,1.5000000000000002
2025-03-05,greedy,error_scaled_frozen_contract_and_soc,48897.71405832976,48897.71405832976,0.0,79217.65849465926,75934.97512799258,3282.6833666666666,2372.103371361429,0.0,0,0,11165.749484344826,974.8020806169588,19103.28872773107,15473.663869462167,10800.0,10800.0,1266.3538187830688,10800.0,0.0007960000075399876,1.1368683772161603e-13,0,1.5,1.4999999999999998
2025-03-05,mpc,error_scaled_frozen_contract_and_soc,51722.27602642262,48897.71405832976,2824.5619680928635,79217.65849465926,75934.97512799258,3282.6833666666666,2372.103371361429,509.39918809523937,19,6,9184.25573482667,2990.9183162717395,21974.66466540397,17870.26310517645,10800.0,10721.350304223073,1225.9291666666675,10800.0,1.1658156999910716,2.2737367544323206e-13,0,1.5,1.4999999999999998
2025-03-06,greedy,error_scaled_frozen_contract_and_soc,48854.78443354212,48854.78443354212,0.0,78787.31655092031,75510.86135092031,3276.4552000000012,2389.8138505039274,0.0,0,0,9692.522946310113,2198.403099706932,18550.786316533507,15026.13691639214,10800.0,10800.0,1543.9224352513238,10800.0,0.0003769999893847853,1.1368683772161603e-13,0,1.5,1.5000000000000002
2025-03-06,mpc,error_scaled_frozen_contract_and_soc,50523.39901580046,48854.78443354212,1668.6145822583326,78787.31655092031,75510.86135092031,3276.4552000000012,2389.8138505039274,415.95485714285684,22,11,8271.240057559124,3619.871001988201,21610.793061336568,17670.373817582622,10800.0,10615.965069,1305.0089024980941,10800.0,1.0074786999903154,2.2737367544323206e-13,0,1.5,1.5000000000000002
2025-03-07,greedy,error_scaled_frozen_contract_and_soc,19642.044419595404,19642.044419595404,0.0,37094.17135814011,33894.18901052106,3199.9823476190477,2425.4361534640075,0.0,0,0,3434.4798246178666,11923.471167839056,18006.67055873355,14585.403152574172,10800.0,10800.0,1844.7100159920612,10800.0,0.0008060999971348792,1.1368683772161603e-13,0,1.5,1.5000000000000002
2025-03-07,mpc,error_scaled_frozen_contract_and_soc,22062.727090619774,19642.044419595404,2420.6826710243695,37094.17135814011,33894.18901052106,3199.9823476190477,2425.4361534640075,478.58780149756427,18,11,4028.5067135626437,11651.418329895136,19372.30219642317,15794.421039767083,10800.0,10685.715265928538,1260.4425456349184,10800.0,0.9957216999900993,1.1368683772161603e-13,0,1.5,1.5000000000000002
2025-03-08,greedy,error_scaled_frozen_contract_and_soc,19002.47517889016,19002.47517889016,0.0,35504.28534143722,32264.434281913418,3239.851059523809,2403.8390908517067,0.0,0,0,2835.0136401969426,11724.305262150605,20755.661258366734,16812.08561927705,10800.0,10800.0,1366.6247380784039,10800.0,0.0003276999923400581,1.1368683772161603e-13,0,1.5,1.5
2025-03-08,mpc,error_scaled_frozen_contract_and_soc,22038.849250093732,19002.47517889016,3036.3740712035724,35504.28534143722,32264.434281913418,3239.851059523809,2403.8390908517067,859.4311892857147,32,13,4104.945184896445,11486.033766099496,20234.33572876596,16462.988949038958,10800.0,10718.692212512751,1595.7354818879307,10800.0,1.0313664999994216,1.1368683772161603e-13,0,1.5,1.5
2025-03-09,greedy,error_scaled_frozen_contract_and_soc,46665.54281790521,46665.54281790521,0.0,75738.740285398,72457.99356158849,3280.7467238095232,2405.35204105127,0.0,0,0,8302.422383289238,2672.5340261904757,20155.27351360509,16325.771546020125,10800.0,10800.0,1362.699755291006,10800.0,0.00024500000290572643,2.2737367544323206e-13,0,1.5,1.5000000000000002
2025-03-09,mpc,error_scaled_frozen_contract_and_soc,49199.55237657545,46665.54281790521,2534.009558670238,75738.740285398,72457.99356158849,3280.7467238095232,2405.35204105127,579.5487690476191,24,11,8327.5128979021,2955.832768152087,21683.734934411572,17583.07345435346,10800.0,10778.613158355462,1421.6014869784535,10800.0,1.0405131000006804,2.2737367544323206e-13,0,1.5,1.5000000000000002
2025-03-10,greedy,error_scaled_frozen_contract_and_soc,45813.298192067894,45813.298192067894,0.0,74516.36477060814,71236.79984441766,3279.564926190475,2421.796012434247,0.0,0,0,1792.0237144940916,0.0,21809.136034685485,17665.400188095235,10800.0,10800.0,1320.6799087301579,10800.0,0.0002948000037577003,2.2737367544323206e-13,0,1.5,1.4999999999999998
2025-03-10,mpc,error_scaled_frozen_contract_and_soc,59329.90125250023,45813.298192067894,13516.603060432335,74516.36477060814,71236.79984441766,3279.564926190475,2421.796012434247,2557.7745591836647,42,16,3631.4761990298384,1206.2424762143987,19685.017307843766,16029.201862820002,10800.0,10706.291285037169,1250.9303472222223,10800.0,1.093544799994561,2.2737367544323206e-13,0,1.5,1.4999999999999998
2025-03-11,greedy,error_scaled_frozen_contract_and_soc,45368.4864151827,45368.4864151827,0.0,74243.9328505922,70798.90999344934,3445.022857142856,2424.7568121123413,0.0,0,0,6053.048313128954,1784.9173618459722,19933.772522045852,16146.35574285714,10800.0,10800.0,1278.6351221825407,10800.0,0.00023459999647457153,2.2737367544323206e-13,0,1.5,1.5
2025-03-11,mpc,error_scaled_frozen_contract_and_soc,49520.9979133388,45368.4864151827,4152.511498156096,74243.9328505922,70798.90999344934,3445.022857142856,2424.7568121123413,914.0016148149398,34,16,5851.600129487198,2838.4148869828728,20894.76532281262,17045.396270304107,10800.0,10665.959601304568,1283.178628968256,10800.0,1.0423944000067422,2.2737367544323206e-13,0,1.5,1.5
2025-03-12,greedy,error_scaled_frozen_contract_and_soc,44943.743315961896,44943.743315961896,0.0,73437.69149560858,70049.07811465621,3388.6133809523817,2436.8582610315066,0.0,0,0,6171.002785728983,2699.6005773809516,20214.4584981132,16373.71138347169,10800.0,10800.0,1335.3188429497368,10800.0,0.00040109999827109277,1.1368683772161603e-13,0,1.5,1.5
2025-03-12,mpc,error_scaled_frozen_contract_and_soc,48383.08803607975,44943.743315961896,3439.344720117856,73437.69149560858,70049.07811465621,3388.6133809523817,2436.8582610315066,887.894332142857,33,17,6295.888492827955,3431.4468522009406,20918.41602452757,17046.506559662168,10800.0,10686.01157800574,1314.6006230550552,10800.0,1.1052494000032311,2.2737367544323206e-13,0,1.5,1.5
2025-03-13,greedy,error_scaled_frozen_contract_and_soc,54319.59699144755,44377.20810768066,9942.388883766893,72618.07584923373,69139.9133706623,3478.162478571429,2395.729100998531,1581.329087001628,6,3,1318.6815497354478,0.0,21171.787911403044,17149.148208236467,10800.0,10800.0,1200.0,10800.0,0.0003659999929368496,1.1368683772161603e-13,0,1.5,1.5
2025-03-13,mpc,error_scaled_frozen_contract_and_soc,65017.27671257339,44377.20810768066,20640.068604892727,72618.07584923373,69139.9133706623,3478.162478571429,2395.729100998531,3919.5165313496614,40,14,3118.2174870335484,863.6930954581871,19688.230377456282,15990.632262697956,10800.0,10752.038158935151,1215.0217592592594,10800.0,1.0038502999959746,2.2737367544323206e-13,0,1.5,1.5
2025-03-14,greedy,error_scaled_frozen_contract_and_soc,18523.564994223634,18523.564994223634,0.0,34758.327946586396,31037.407334681633,3720.9206119047612,2578.619448208452,0.0,0,0,2936.965229012343,13334.376968007895,20952.363650598807,16971.41455698503,10800.0,10800.0,1565.2119401587302,10800.0,0.00027459999546408653,2.2737367544323206e-13,0,1.5,1.5
2025-03-14,mpc,error_scaled_frozen_contract_and_soc,23017.450483425422,18523.564994223634,4493.885489201784,34758.327946586396,31037.407334681633,3720.9206119047612,2578.619448208452,1057.7109023809517,35,12,3491.7685948952058,14016.5864997495,20290.875689988832,16489.22859161857,10800.0,10740.423019191538,1200.0,10800.0,1.0517502000002423,1.1368683772161603e-13,0,1.5,1.5
2025-03-15,greedy,error_scaled_frozen_contract_and_soc,18737.806518942416,18737.806518942416,0.0,35242.610330206095,31449.046282587056,3793.5640476190465,2584.6864233828583,0.0,0,0,1653.3220690770147,7754.9462999899,20964.204819028324,17025.87084360342,10800.0,10750.150066455026,1259.9239964550263,10800.0,0.00024199999461416155,1.1368683772161603e-13,0,1.5,1.5
2025-03-15,mpc,error_scaled_frozen_contract_and_soc,23193.119936087656,18737.806518942416,4455.313417145239,35242.610330206095,31449.046282587056,3793.5640476190465,2584.6864233828583,920.5967607142861,34,13,3064.3349347958824,7513.932486904762,20117.056481870783,16428.124798365323,10800.0,10651.878835500009,1293.9337058920876,10800.0,1.0401520000013988,1.1368683772161603e-13,0,1.5,1.5
2025-03-16,greedy,error_scaled_frozen_contract_and_soc,44344.445564973095,44344.445564973095,0.0,72639.90403957845,68719.60355624513,3920.3004833333316,2611.990314041549,0.0,0,0,5612.753141651972,237.93069285714273,21224.907319913855,17192.17492913022,10800.0,10800.0,1551.0873955026466,10800.0,0.00038949999725446105,2.2737367544323206e-13,0,1.5,1.5
2025-03-16,mpc,error_scaled_frozen_contract_and_soc,51790.56860009061,44344.445564973095,7446.123035117522,72639.90403957845,68719.60355624513,3920.3004833333316,2611.990314041549,1581.254446402383,44,19,6045.347155945874,1670.1941470238116,20069.19120561995,16320.061836894503,10800.0,10728.870044064059,1332.5926408730165,10800.0,1.0924813999881735,2.2737367544323206e-13,0,1.5,1.5
2025-03-17,greedy,error_scaled_frozen_contract_and_soc,44358.87827329205,44358.87827329205,0.0,72844.04200301201,68890.46627205962,3953.5757309523797,2613.511236251985,0.0,0,0,10748.549708798826,4152.126413202021,18588.47966196355,15056.668526190477,10800.0,10800.0,1529.7481891534385,10800.0,0.00023839999630581588,2.2737367544323206e-13,0,1.5,1.5
2025-03-17,mpc,error_scaled_frozen_contract_and_soc,46900.94182895276,44358.87827329205,2542.0635556607153,72844.04200301201,68890.46627205962,3953.5757309523797,2613.511236251985,495.3967190476193,19,11,10064.656057559341,4959.56899196699,20613.01654336274,16709.357616067533,10800.0,10785.761982284765,1530.4656099076296,10800.0,1.0685312999994494,2.2737367544323206e-13,0,1.5,1.5
2025-03-18,greedy,error_scaled_frozen_contract_and_soc,45934.78675239551,43094.74766779219,2840.039084603322,70866.43233443717,67029.60842967525,3836.8239047619036,2650.5504142322234,572.9725425316399,6,1,5536.05741072395,1548.2654166666657,21633.811764697235,17523.38752940476,10800.0,10800.0,1200.0,10800.0,0.00040099999750964344,2.2737367544323206e-13,0,1.5,1.4999999999999998
2025-03-18,mpc,error_scaled_frozen_contract_and_soc,51809.560579632656,43094.74766779219,8714.812911840472,70866.43233443717,67029.60842967525,3836.8239047619036,2650.5504142322234,1750.3278738095232,35,10,6788.724505870026,1811.5312831867695,20723.42006731677,16951.57346241259,10800.0,10615.996435682213,1493.1033735085853,10800.0,1.1398272999940673,2.2737367544323206e-13,0,1.5,1.4999999999999998
2025-03-19,greedy,error_scaled_frozen_contract_and_soc,43281.09689063081,43281.09689063081,0.0,71080.79841378867,67257.13011855059,3823.6682952380934,2696.961684803613,0.0,0,0,6995.296423251029,2418.718446428571,21241.339317366084,17205.48484706653,10800.0,10800.0,1434.373796248831,10800.0,0.0004862000059802085,2.2737367544323206e-13,0,1.5,1.5
2025-03-19,mpc,error_scaled_frozen_contract_and_soc,48930.656818298085,43281.09689063081,5649.559927667265,71080.79841378867,67257.13011855059,3823.6682952380934,2696.961684803613,1146.711864285715,28,13,8177.921537330156,2481.8167683253228,20720.2288516283,16783.385953018915,10800.0,10799.999352000017,1463.3069913624545,10800.0,0.9706672000029357,2.2737367544323206e-13,0,1.5,1.5
2025-03-20,greedy,error_scaled_frozen_contract_and_soc,43416.79839656383,43416.79839656383,0.0,70966.65184695611,67092.20890409898,3874.4429428571416,2651.217376471708,0.0,0,0,4056.6923346413796,1052.3957333333335,21163.70800341091,17142.603482762835,10800.0,10800.0,1482.2482033333324,10800.0,0.00033059999987017363,1.2789769243681803e-13,0,1.5,1.5
2025-03-20,mpc,error_scaled_frozen_contract_and_soc,49119.314506609066,43416.79839656383,5702.516110045244,70966.65184695611,67092.20890409898,3874.4429428571416,2651.217376471708,1345.7343571428587,39,11,5326.940060178213,1260.5881555190535,20580.9024110455,16692.50368097712,10800.0,10775.585857744149,1343.627110449737,10800.0,1.022746200003894,2.2737367544323206e-13,0,1.5,1.5
2025-03-21,greedy,error_scaled_frozen_contract_and_soc,18341.689905051797,18341.689905051797,0.0,34384.14887370889,30513.686261804127,3870.4626119047607,2697.264311197898,0.0,0,0,2792.212736728392,17652.856391513036,20855.45584080619,16892.919231053012,10800.0,10800.0,1444.695416177248,10800.0,0.0003161000058753416,1.1368683772161603e-13,0,1.5,1.5
2025-03-21,mpc,error_scaled_frozen_contract_and_soc,22309.083344324412,18341.689905051797,3967.3934392726183,34384.14887370889,30513.686261804127,3870.4626119047607,2697.264311197898,1028.1553095238091,38,12,4381.810729066721,17305.420766428135,20207.542819981332,16459.013267957773,10800.0,10698.996018030117,1649.56601704731,10800.0,0.9966089999943506,1.1368683772161603e-13,0,1.5,1.5
2025-03-22,greedy,error_scaled_frozen_contract_and_soc,18785.33593745049,18785.33593745049,0.0,35105.547491150646,31247.3263482935,3858.221142857141,2690.559770415002,0.0,0,0,3887.773733098179,11728.776793631014,19625.593666127945,15896.730869563638,10800.0,10800.0,2045.0325949821988,10800.0,0.0006944000051589683,1.1368683772161603e-13,0,1.5,1.5
2025-03-22,mpc,error_scaled_frozen_contract_and_soc,22176.987580280052,18785.33593745049,3391.6516428295668,35105.547491150646,31247.3263482935,3858.221142857141,2690.559770415002,771.8170448993042,18,12,3757.2731434286447,12662.460529761905,19660.72406252373,15963.227367521475,10800.0,10757.73235902528,1200.0,10800.0,0.9970927999966079,1.1368683772161603e-13,0,1.5,1.5
2025-03-23,greedy,error_scaled_frozen_contract_and_soc,41871.69104266023,41807.564494103266,64.12654855696658,68759.08035308663,64886.9251888009,3872.155164285713,2724.636121769286,9.192452488097274,1,1,4441.34468048228,2539.676684523809,21155.44360950911,17135.90932370238,10800.0,10800.0,1200.0,10800.0,0.0005625000048894435,2.2737367544323206e-13,0,1.5,1.4999999999999998
2025-03-23,mpc,error_scaled_frozen_contract_and_soc,48064.48652655565,41807.564494103266,6256.922032452379,68759.08035308663,64886.9251888009,3872.155164285713,2724.636121769286,1282.5888488095238,38,12,5561.568601254892,2773.7957315904678,20729.412092046696,16790.82437775781,10800.0,10799.999352000017,1310.687302358978,10800.0,1.0426783000002615,2.2737367544323206e-13,0,1.5,1.4999999999999998
2025-03-24,greedy,error_scaled_frozen_contract_and_soc,41434.24826551966,41434.24826551966,0.0,67906.36140706876,63954.115159449706,3952.2462476190462,2692.5570164508736,0.0,0,0,4012.862053336279,2839.2451023809526,20993.21641688777,17004.5052976791,10800.0,10800.0,1803.4560939153432,10800.0,0.0002893999917432666,1.2434497875801753e-13,0,1.5,1.5
2025-03-24,mpc,error_scaled_frozen_contract_and_soc,45618.517895150406,41434.24826551966,4184.269629630742,67906.36140706876,63954.115159449706,3952.2462476190462,2692.5570164508736,1020.4477859635126,32,15,5475.102239218208,2805.5679925560044,20098.554422973648,16517.958593858442,10800.0,10535.411654166908,1315.052198412699,10800.0,1.0533867000049213,2.2737367544323206e-13,0,1.5,1.5
2025-03-25,greedy,error_scaled_frozen_contract_and_soc,41230.65227967615,41072.93989494236,157.71238473378818,67488.91130383586,63584.89573002634,3904.015573809522,2738.4124738464698,36.03145760714778,2,2,1299.7764067019395,342.1285154761894,22263.502194313915,18064.34684314427,10800.0,10765.6554825,1200.0,10800.0,0.0004202999989502132,2.2737367544323206e-13,0,1.5,1.5
2025-03-25,mpc,error_scaled_frozen_contract_and_soc,50398.6135348498,41072.93989494236,9325.673639907438,67488.91130383586,63584.89573002634,3904.015573809522,2738.4124738464698,2120.4428277660727,52,18,3047.95416852139,1145.8427293061768,20368.344810331146,16636.67006465201,10800.0,10646.321368573572,1200.0,10800.0,1.2150071000069147,2.2737367544323206e-13,0,1.5,1.5
2025-03-26,greedy,error_scaled_frozen_contract_and_soc,41106.754240449816,41106.754240449816,0.0,67573.34352416676,63470.383105119145,4102.960419047619,2718.9739521136107,0.0,0,0,6429.612494551833,3522.956166666671,20619.10644032922,16701.476216666666,10800.0,10800.0,1343.5876111111113,10800.0,0.0003195000026607886,1.1368683772161603e-13,0,1.5,1.5
2025-03-26,mpc,error_scaled_frozen_contract_and_soc,44973.79999286411,41106.754240449816,3867.0457524142853,67573.34352416676,63470.383105119145,4102.960419047619,2718.9739521136107,853.1572404761899,35,11,6482.998580669761,4500.438557568529,20346.48148967576,16606.562502556808,10800.0,10660.09722675618,1326.8017908542872,10800.0,1.1782893000054173,2.2737367544323206e-13,0,1.5,1.5
2025-03-27,greedy,error_scaled_frozen_contract_and_soc,41091.23804540071,41091.23804540071,0.0,67338.45548452041,63213.204729758494,4125.250754761905,2721.8257832330946,0.0,0,0,3990.6661693528613,938.4170940476187,20505.95552469135,16609.823974999996,10800.0,10800.0,1628.9468862433891,10800.0,0.00042209999810438603,2.2737367544323206e-13,0,1.5,1.4999999999999998
2025-03-27,mpc,error_scaled_frozen_contract_and_soc,47224.601018924055,41091.23804540071,6133.362973523352,67338.45548452041,63213.204729758494,4125.250754761905,2721.8257832330946,1293.9471054451033,35,16,5163.793651699755,1355.3586773809527,19575.572991153982,15975.56340169775,10800.0,10667.389690152206,1288.1012407407422,10800.0,1.2584840999916196,2.2737367544323206e-13,0,1.5,1.4999999999999998
2025-03-28,greedy,error_scaled_frozen_contract_and_soc,18283.757797562463,18283.757797562463,0.0,34418.31225257664,30134.89665257664,4283.415600000001,2652.214482897062,0.0,0,0,3571.5683749412133,17523.09410365135,20286.794386883626,16432.303453375738,10800.0,10800.0,1909.346587301587,10800.0,0.00034589999995660037,2.2737367544323206e-13,0,1.5,1.5
2025-03-28,mpc,error_scaled_frozen_contract_and_soc,21311.838892701155,18283.757797562463,3028.08109513869,34418.31225257664,30134.89665257664,4283.415600000001,2652.214482897062,793.9678738095239,27,11,4950.074198964896,17011.63232791103,20139.97871360027,16358.563954566214,10800.0,10749.798670500008,1738.4727001362191,10800.0,1.1870354999991832,1.1368683772161603e-13,0,1.5,1.5
2025-03-29,greedy,error_scaled_frozen_contract_and_soc,17973.70195855247,17973.70195855247,0.0,34052.12106396185,29812.580778247568,4239.540285714287,2723.15305937996,0.0,0,0,2461.0747239711936,22566.00967008813,20332.464390464484,16469.296156276236,10800.0,10800.0,1430.309017711641,10800.0,0.001825899991672486,2.2737367544323206e-13,0,1.5,1.5
2025-03-29,mpc,error_scaled_frozen_contract_and_soc,21634.78487303061,17973.70195855247,3661.08291447814,34052.12106396185,29812.580778247568,4239.540285714287,2723.15305937996,794.6010467524281,35,14,4096.988170472458,21761.644386458647,20244.379307949846,16418.158189880953,10800.0,10777.543388398251,1608.0688178948913,10800.0,1.156026099997689,2.2737367544323206e-13,0,1.5,1.5
2025-03-30,greedy,error_scaled_frozen_contract_and_soc,40159.722942748165,40159.722942748165,0.0,65732.45833577553,61469.564504823145,4262.893830952382,2692.1380937817858,0.0,0,0,4438.885092004703,3152.1301511904767,20140.383457189822,16313.710600323757,10800.0,10800.0,1687.2957587433882,10800.0,0.00043709999590646476,1.1368683772161603e-13,0,1.5,1.5000000000000004
2025-03-30,mpc,error_scaled_frozen_contract_and_soc,44409.10300927253,40159.722942748165,4249.380066524361,65732.45833577553,61469.564504823145,4262.893830952382,2692.1380937817858,971.3677328738275,34,15,6049.539814134596,2587.7341820130678,20111.270311380194,16359.488474592785,10800.0,10722.933864027973,1315.785111772488,10800.0,1.0789213999960339,2.2737367544323206e-13,0,1.5,1.5000000000000004
2025-03-31,greedy,error_scaled_frozen_contract_and_soc,41166.921900215595,39461.15513125522,1705.7667689603768,64834.41783624546,60633.63344100736,4200.784395238095,2749.108714775556,244.51931894500814,1,1,3215.660343988827,1074.4623845238098,19185.329952439744,15540.117261476193,10800.0,10800.0,1200.0,10800.0,0.0007136000058380887,2.2737367544323206e-13,0,1.5,1.5
2025-03-31,mpc,error_scaled_frozen_contract_and_soc,57460.285331551466,39461.15513125522,17999.130200296255,64834.41783624546,60633.63344100736,4200.784395238095,2749.108714775556,3135.2916225366594,40,12,3681.067931964957,3736.7009375000016,18138.509809701707,14730.170956098827,10800.0,10757.802210843955,1234.2567777777776,10800.0,1.0974218000046676,2.2737367544323206e-13,0,1.5,1.5
2025-04-01,greedy,error_scaled_frozen_contract_and_soc,45492.86129505516,39821.2656579408,5671.595637114362,65398.8819243918,61162.15455534417,4236.727369047619,2777.1384108645243,819.5095254166647,3,1,906.7469968547919,0.0,18663.260579455386,15117.24106935886,10800.0,10800.0,1200.0,10800.0,0.0005373000021791086,2.2737367544323206e-13,0,1.5,1.4999999999999998
2025-04-01,mpc,error_scaled_frozen_contract_and_soc,65233.88149206535,39821.2656579408,25412.615834124557,65398.8819243918,61162.15455534417,4236.727369047619,2777.1384108645243,4337.908160611464,44,18,2700.8294429947427,2077.007364285715,16806.99379402972,13613.665459164062,10800.0,10799.999460000012,1200.0,10800.0,1.1444350999954622,2.2737367544323206e-13,0,1.5,1.4999999999999998
2025-04-02,greedy,error_scaled_frozen_contract_and_soc,50962.44483670871,39468.07979079585,11494.365045912866,64999.922723815704,60686.708561910935,4313.214161904762,2554.2528387165084,2284.433539464288,15,2,874.6892036008251,0.0,21490.750483273834,17407.50789145181,10800.0,10800.0,1200.0,10800.0,0.0012503000034485012,2.2737367544323206e-13,0,1.5,1.5
2025-04-02,mpc,error_scaled_frozen_contract_and_soc,64064.891118468135,39468.07979079585,24596.811327672294,64999.922723815704,60686.708561910935,4313.214161904762,2554.2528387165084,4623.597776573335,53,15,3597.121584965135,202.95505085459519,18760.897224269214,15263.877827557046,10800.0,10724.943249001133,1200.0,10800.0,1.0470439000055194,2.2737367544323206e-13,0,1.5,1.5
2025-04-03,greedy,error_scaled_frozen_contract_and_soc,41252.71130329445,39891.59662046959,1361.114682824867,66004.70851689085,61604.629188319406,4400.07932857143,2660.522227575635,270.61859262924906,3,1,4735.04189886832,2427.823145691608,21544.739477233972,17451.23897655952,10800.0,10800.0,1200.0,10800.0,0.0004397000011522323,2.2737367544323206e-13,0,1.5,1.5
2025-04-03,mpc,error_scaled_frozen_contract_and_soc,47665.57300264359,39891.59662046959,7773.976382174011,66004.70851689085,61604.629188319406,4400.07932857143,2660.522227575635,1604.512309959236,45,18,5835.934929845589,3059.624055857961,20026.2176337094,16331.517356848584,10800.0,10677.46547384003,1239.4747010582016,10800.0,1.2177991999924416,2.2737367544323206e-13,0,1.5,1.5
2025-04-04,greedy,error_scaled_frozen_contract_and_soc,17695.706689484563,17695.706689484563,0.0,33554.74257446373,29090.55822446373,4464.184350000001,2628.8079829922217,0.0,0,0,3741.9040170928865,21833.125608802962,20423.561339580345,16543.084685060076,10800.0,10800.0,1801.268923279808,10800.0,0.00039080000715330243,2.2737367544323206e-13,0,1.5,1.4999999999999998
2025-04-04,mpc,error_scaled_frozen_contract_and_soc,21927.958208438133,17695.706689484563,4232.25151895357,33554.74257446373,29090.55822446373,4464.184350000001,2628.8079829922217,1043.6803619047614,33,10,5205.300298059534,21493.60342474062,20090.55659148556,16290.273671964838,10800.0,10781.19685237607,1727.4832798594666,10800.0,1.0676074999937555,2.2737367544323206e-13,0,1.5,1.4999999999999998
2025-04-05,greedy,error_scaled_frozen_contract_and_soc,17829.22057207057,17829.22057207057,0.0,33794.75091386069,29322.40978528926,4472.341128571428,2652.847589672381,0.0,0,0,2820.9436631540275,14425.257647164632,20211.02528806584,16370.930483333337,10800.0,10800.0,1634.271770185184,10800.0,0.0005247999943094328,1.1368683772161603e-13,0,1.5,1.5
2025-04-05,mpc,error_scaled_frozen_contract_and_soc,27968.186413349955,17829.22057207057,10138.965841279383,33794.75091386069,29322.40978528926,4472.341128571428,2652.847589672381,1977.47364609768,35,14,3434.8188677724092,16172.23570593472,18576.23594729642,15119.520759854702,10800.0,10719.144841617102,1200.0,10800.0,1.1187035000039032,1.1368683772161603e-13,0,1.5,1.5
2025-04-06,greedy,error_scaled_frozen_contract_and_soc,39771.26492424217,39771.26492424217,0.0,65920.00402092352,61200.856359018755,4719.147661904761,2615.240198946906,0.0,0,0,4934.222881672548,4013.907482686654,20672.976105977606,16745.110645841865,10800.0,10800.0,1269.261702473546,10800.0,0.00044240000715944916,2.2737367544323206e-13,0,1.5,1.5
2025-04-06,mpc,error_scaled_frozen_contract_and_soc,44732.22176111836,39771.26492424217,4960.95683687619,65920.00402092352,61200.856359018755,4719.147661904761,2615.240198946906,1081.8758083333332,33,14,6616.721336421091,3481.654896710875,20313.136752085797,16453.641352389488,10800.0,10799.999352000017,1369.198368699645,10800.0,1.16533449999406,2.2737367544323206e-13,0,1.5,1.5
2025-04-07,greedy,error_scaled_frozen_contract_and_soc,39263.235938385245,39263.235938385245,0.0,64907.03468133908,60174.04456229147,4732.990119047618,2622.4770863442873,0.0,0,0,6681.445022545561,2839.804854761905,19067.601261820582,15444.757022074675,10800.0,10800.0,1595.2663014153466,10800.0,0.0003839999990304932,1.1368683772161603e-13,0,1.5,1.5
2025-04-07,mpc,error_scaled_frozen_contract_and_soc,44573.99340885837,39263.235938385245,5310.757470473121,64907.03468133908,60174.04456229147,4732.990119047618,2622.4770863442873,1102.2630142062176,25,10,5203.18525434751,5573.012197669916,19020.680392467766,15550.5207132256,10800.0,10640.256005192537,1232.1130244708988,10800.0,1.0919063999899663,2.2737367544323206e-13,0,1.5,1.5
2025-04-08,greedy,error_scaled_frozen_contract_and_soc,39602.519229141944,39602.519229141944,0.0,65357.14411164224,60558.986283070815,4798.157828571427,2600.161607861312,0.0,0,0,4943.813552603629,3106.2319858443393,21387.394470446074,17323.78952106132,10800.0,10800.0,1203.4272001190493,10800.0,0.0003093999985139817,2.2737367544323206e-13,0,1.5,1.5
2025-04-08,mpc,error_scaled_frozen_contract_and_soc,47838.952652477055,39602.519229141944,8236.433423335118,65357.14411164224,60558.986283070815,4798.157828571427,2600.161607861312,1691.781676190476,38,12,7060.76468152151,3124.34545802581,19660.064744346724,16039.742719870845,10800.0,10672.121914500001,1335.247529053941,10800.0,1.1375914999953238,2.2737367544323206e-13,0,1.5,1.5
2025-04-09,greedy,error_scaled_frozen_contract_and_soc,48405.61429179292,39334.56667160588,9071.047620187042,64738.39234973515,59819.403787830386,4918.988561904761,2576.9250820634134,1323.815870725461,4,1,1575.3102059229902,0.0,19375.479794558898,15694.138633592709,10800.0,10800.0,1200.0,10800.0,0.0005493999924510717,1.1368683772161603e-13,0,1.5,1.5000000000000002
2025-04-09,mpc,error_scaled_frozen_contract_and_soc,62804.20536267133,39334.56667160588,23469.638691065455,64738.39234973515,59819.403787830386,4918.988561904761,2576.9250820634134,4012.784141768866,38,15,4013.3531295803086,886.6075524736647,16751.181879737436,13705.522923858825,10800.0,10647.704887476113,1234.3240740740741,10800.0,0.9756099999940488,2.2737367544323206e-13,0,1.5,1.5000000000000002
2025-04-10,greedy,error_scaled_frozen_contract_and_soc,39369.217391055354,39369.217391055354,0.0,64604.59284097195,59528.96596716243,5075.626873809524,2578.2813853472626,0.0,0,0,4657.576343841858,2166.841860288071,20332.57650342923,16469.38696777768,10800.0,10800.0,1288.4451139285738,10800.0,0.0003488000074867159,1.1368683772161603e-13,0,1.5,1.5
2025-04-10,mpc,error_scaled_frozen_contract_and_soc,45371.081843551394,39369.217391055354,6001.86445249604,64604.59284097195,59528.96596716243,5075.626873809524,2578.2813853472626,1258.0833132949915,34,16,5756.6336120952,2512.476150413127,19587.312717669884,15910.731427101735,10800.0,10749.990971345407,1306.0546296296266,10800.0,1.103439200000139,2.2737367544323206e-13,0,1.5,1.5
2025-04-11,greedy,error_scaled_frozen_contract_and_soc,17787.111942489748,17787.111942489748,0.0,33552.33259064068,28455.604164450207,5096.728426190475,2616.921980421787,0.0,0,0,3350.357585449735,22993.024729215424,20256.837561525317,16408.038424835508,10800.0,10800.0,1769.093981865079,10800.0,0.0007879999902797863,1.1368683772161603e-13,0,1.5,1.5000000000000002
2025-04-11,mpc,error_scaled_frozen_contract_and_soc,22497.005130764748,17787.111942489748,4709.893188275002,33552.33259064068,28455.604164450207,5096.728426190475,2616.921980421787,1085.4628345238098,29,8,5421.373898634654,22266.111559408688,19791.69182826618,16201.533000430743,10800.0,10610.81931162762,1786.19798932738,10800.0,1.0977188999968348,1.1368683772161603e-13,0,1.5,1.5000000000000002
2025-04-12,greedy,error_scaled_frozen_contract_and_soc,18058.750949245932,18058.750949245932,0.0,33983.00809509703,28899.86532128751,5083.142773809523,2643.1162379287316,0.0,0,0,4357.4680194591365,17449.48263145431,18850.567087181793,15268.959340617252,10800.0,10800.0,1937.190027751321,10800.0,0.0007635000074515119,2.2737367544323206e-13,0,1.5,1.5
2025-04-12,mpc,error_scaled_frozen_contract_and_soc,19740.451743879268,18058.750949245932,1681.7007946333347,33983.00809509703,28899.86532128751,5083.142773809523,2643.1162379287316,380.8587976190479,20,9,4552.187003432507,17451.11128448195,19927.65284006173,16161.533932879156,10800.0,10777.627630634273,1223.686095994877,10800.0,1.198923100004322,1.1368683772161603e-13,0,1.5,1.5
2025-04-13,greedy,error_scaled_frozen_contract_and_soc,38305.56035841786,38305.56035841786,0.0,62892.10933303208,58036.78806874636,4855.321264285714,2554.5366614846826,0.0,0,0,3259.5411664462176,1520.3651559376817,19856.69859614333,16083.925862876102,10800.0,10800.0,1283.9234052381019,10800.0,0.0004138999938732013,2.2737367544323206e-13,0,1.5,1.5
2025-04-13,mpc,error_scaled_frozen_contract_and_soc,46899.777701050465,38305.56035841786,8594.217342632615,62892.10933303208,58036.78806874636,4855.321264285714,2554.5366614846826,1653.8358920277367,39,15,4243.194332739753,2439.6738229526054,18694.388032477724,15170.741240491221,10800.0,10768.570073128598,1339.5456170634927,10800.0,1.1337841000058688,1.1368683772161603e-13,0,1.5,1.5
2025-04-14,greedy,error_scaled_frozen_contract_and_soc,37985.95555329397,37985.95555329397,0.0,62673.324744714075,57776.03287090454,4897.291873809523,2531.341017247143,0.0,0,0,4350.971261419751,2753.824540138153,19691.30542137334,15949.957391312406,10800.0,10800.0,1254.6484219576732,10800.0,0.00034109999251086265,1.1368683772161603e-13,0,1.5,1.4999999999999998
2025-04-14,mpc,error_scaled_frozen_contract_and_soc,43284.21515784422,37985.95555329397,5298.259604550246,62673.324744714075,57776.03287090454,4897.291873809523,2531.341017247143,1108.7193317885958,31,12,5451.751349968786,2874.047566072548,19169.942473556574,15540.878226190474,10800.0,10785.30575265594,1216.726830687831,10800.0,0.9196114999940619,1.1368683772161603e-13,0,1.5,1.4999999999999998
2025-04-15,greedy,error_scaled_frozen_contract_and_soc,38456.005002223326,38456.005002223326,0.0,63066.319048825564,58260.71501073032,4805.604038095238,2534.0684422264294,0.0,0,0,6806.261882977628,4858.245725693741,17853.988413092262,14461.730614604734,10800.0,10800.0,1466.3897724867759,10800.0,0.0002995999966515228,2.2737367544323206e-13,0,1.5,1.5
2025-04-15,mpc,error_scaled_frozen_contract_and_soc,46746.654725634755,38456.005002223326,8290.649723411429,63066.319048825564,58260.71501073032,4805.604038095238,2534.0684422264294,1392.1043698904768,26,16,5850.725924999984,7169.622516965017,18044.851689917676,14616.330354833306,10800.0,10799.999460000012,1200.0,10800.0,1.1138232000084827,2.2737367544323206e-13,0,1.5,1.5
2025-04-16,greedy,error_scaled_frozen_contract_and_soc,38027.9087058627,38027.9087058627,0.0,62461.52561905137,57695.96285952756,4765.562759523809,2527.5670459911917,0.0,0,0,1946.587340107862,0.0,19858.7239305298,16085.566383729143,10800.0,10800.0,1546.5119829365085,10800.0,0.0005163000023458153,1.1368683772161603e-13,0,1.5,1.4999999999999996
2025-04-16,mpc,error_scaled_frozen_contract_and_soc,48926.82325857478,38027.9087058627,10898.914552712084,62461.52561905137,57695.96285952756,4765.562759523809,2527.5670459911917,2106.3782448121447,41,18,3155.986807871169,1309.3304416666656,17971.252833004582,14610.446950821763,10800.0,10740.297604346613,1200.0,10800.0,1.1932200000010198,2.2737367544323206e-13,0,1.5,1.4999999999999996
2025-04-17,greedy,error_scaled_frozen_contract_and_soc,37945.83994895927,37945.83994895927,0.0,62202.97979448375,57198.25191829326,5004.7278761904745,2463.303325116707,0.0,0,0,4153.20115793651,1707.0874059523808,19505.69700313081,15799.61457253596,10800.0,10800.0,1361.5117248677263,10800.0,0.00031879999733064324,1.1368683772161603e-13,0,1.5,1.4999999999999998
2025-04-17,mpc,error_scaled_frozen_contract_and_soc,45466.61520466879,37945.83994895927,7520.775255709529,62202.97979448375,57198.25191829326,5004.7278761904745,2463.303325116707,1337.064511230181,35,13,4550.267200891241,2903.933624063482,18435.556775993544,14986.322095234349,10800.0,10740.532103689358,1219.5155787037029,10800.0,0.8835714000015287,2.2737367544323206e-13,0,1.5,1.4999999999999998
2025-04-18,greedy,error_scaled_frozen_contract_and_soc,17561.849917685882,17561.849917685882,0.0,33322.58443788793,28312.14215217364,5010.4422857142845,2411.131681844009,0.0,0,0,4750.46522486164,19072.71075595238,19710.661152519308,15965.63553354064,10800.0,10800.0,1977.544552711639,10800.0,0.0003404000017326325,2.2737367544323206e-13,0,1.5,1.5
2025-04-18,mpc,error_scaled_frozen_contract_and_soc,20712.28369974326,17561.849917685882,3150.4337820573774,33322.58443788793,28312.14215217364,5010.4422857142845,2411.131681844009,802.1974703636907,25,7,5059.092381845021,19491.62521579805,20103.589255333118,16283.907782819808,10800.0,10799.999460000012,1200.0,10800.0,1.00431540000136,1.1368683772161603e-13,0,1.5,1.5
2025-04-19,greedy,error_scaled_frozen_contract_and_soc,17273.280662356286,17273.280662356286,0.0,32749.397890377953,27674.472085616046,5074.925804761904,2385.169605493533,0.0,0,0,4212.297087536747,18365.589168044502,20110.356122990175,16289.388459622045,10800.0,10800.0,1809.3094544543383,10800.0,0.000341799997841008,1.1368683772161603e-13,0,1.5,1.5
2025-04-19,mpc,error_scaled_frozen_contract_and_soc,20633.73328655747,17273.280662356286,3360.45262420119,32749.397890377953,27674.472085616046,5074.925804761904,2385.169605493533,844.8640607142854,28,13,5389.380915626051,18161.45211291324,19998.401200627373,16305.516249502998,10800.0,10681.320803339082,1625.3731821054107,10800.0,0.9974199999996927,1.1368683772161603e-13,0,1.5,1.5
2025-04-20,greedy,error_scaled_frozen_contract_and_soc,37510.02849517279,37510.02849517279,0.0,61682.876440002256,56530.39846619273,5152.477973809523,2383.589678036667,0.0,0,0,3675.2695050375605,2539.6205097037678,20339.210602877072,16474.760588330428,10800.0,10800.0,1785.487742063491,10800.0,0.00040190000436268747,1.1368683772161603e-13,0,1.5,1.5
2025-04-20,mpc,error_scaled_frozen_contract_and_soc,45365.385407402224,37510.02849517279,7855.356912229434,61682.876440002256,56530.39846619273,5152.477973809523,2383.589678036667,1730.932967464949,39,16,4425.207025591496,3961.0105127829047,18790.77333519638,15366.717876817858,10800.0,10637.56502743467,1264.3583584656094,10800.0,1.077709599994705,2.2737367544323206e-13,0,1.5,1.5
2025-04-21,greedy,error_scaled_frozen_contract_and_soc,37728.44055688006,37728.44055688006,0.0,62098.610422082216,56862.33076493937,5236.279657142855,2373.56950155512,0.0,0,0,5950.31967276325,6383.582056087427,18273.96319119358,14801.910184866803,10800.0,10800.0,1569.5419589021178,10800.0,0.0008081999985734001,2.2737367544323206e-13,0,1.5,1.5
2025-04-21,mpc,error_scaled_frozen_contract_and_soc,40463.453458367556,37728.44055688006,2735.0129014874983,62098.610422082216,56862.33076493937,5236.279657142855,2373.56950155512,647.4385845238093,25,12,7574.951842589567,5367.688545060767,19189.432279417735,15678.679347366802,10800.0,10649.734221068402,1488.4828928858933,10800.0,0.9398258000001078,2.2737367544323206e-13,0,1.5,1.5
2025-04-22,greedy,error_scaled_frozen_contract_and_soc,36998.07820421194,36998.07820421194,0.0,60396.5498802813,55264.38065409083,5132.1692261904755,2433.8269808015484,0.0,0,0,2807.2475290417406,1438.0106178718372,19233.777374867757,15579.359673642884,10800.0,10800.0,1777.16718548942,10800.0,0.0003875999973388389,2.2737367544323206e-13,0,1.5,1.5
2025-04-22,mpc,error_scaled_frozen_contract_and_soc,48793.344220415034,36998.07820421194,11795.266016203095,60396.5498802813,55264.38065409083,5132.1692261904755,2433.8269808015484,2301.0682515598073,33,15,3826.2370723057747,3327.3056125000007,17098.318042332703,14051.116627440219,10800.0,10576.134429832524,1249.847495370371,10800.0,0.9976121999934549,1.1368683772161603e-13,0,1.5,1.5
2025-04-23,greedy,error_scaled_frozen_contract_and_soc,37321.571497071986,37321.571497071986,0.0,61523.39151484308,56308.537676747845,5214.853838095238,2435.674104277698,0.0,0,0,5180.876380629044,1983.6649202527929,18502.328976989025,14986.88647136111,10800.0,10800.0,1677.4109010978864,10800.0,0.0004588999872794375,2.2737367544323206e-13,0,1.5,1.5
2025-04-23,mpc,error_scaled_frozen_contract_and_soc,44892.67738962675,37321.571497071986,7571.105892554761,61523.39151484308,56308.537676747845,5214.853838095238,2435.674104277698,1431.7859238095239,24,13,4418.704840564357,4290.373446286007,17908.9054035205,14506.213960051586,10800.0,10799.999352000017,1224.1396007358871,10800.0,1.0161801000067499,2.2737367544323206e-13,0,1.5,1.5
2025-04-24,greedy,error_scaled_frozen_contract_and_soc,36842.86087796576,36842.86087796576,0.0,60468.35803597771,55280.35914550151,5187.998890476189,2462.771297855595,0.0,0,0,5110.563536136133,7058.324568258348,17797.24793565111,14415.770827877404,10800.0,10800.0,1650.743732804236,10800.0,0.000348599991411902,2.2737367544323206e-13,0,1.5,1.5
2025-04-24,mpc,error_scaled_frozen_contract_and_soc,38744.711000631236,36842.86087796576,1901.8501226654794,60468.35803597771,55280.35914550151,5187.998890476189,2462.771297855595,391.95085714285784,22,13,6054.266066165113,6301.7491932093035,19044.249995552127,15457.9491856155,10800.0,10764.325900868584,1525.9730171110823,10800.0,0.9554011000000173,1.4210854715202004e-13,0,1.5,1.5
2025-04-25,greedy,error_scaled_frozen_contract_and_soc,16509.89427334058,16509.89427334058,0.0,31832.87188169868,26833.242276936773,4999.629604761905,2459.8182904588884,0.0,0,0,3526.9434265432096,23853.908297085378,19772.19062518093,16015.474406396559,10800.0,10800.0,1595.4280538624357,10800.0,0.0004042999935336411,1.1368683772161603e-13,0,1.5,1.5000000000000002
2025-04-25,mpc,error_scaled_frozen_contract_and_soc,19072.63851490189,16509.89427334058,2562.7442415613095,31832.87188169868,26833.242276936773,4999.629604761905,2459.8182904588884,508.3384821428572,22,11,4996.794154132416,23087.177516328116,19815.633325372797,16253.69857127751,10800.0,10574.404913638284,1635.3665250449885,10800.0,1.0641228000022238,1.1368683772161603e-13,0,1.5,1.5000000000000002
2025-04-26,greedy,error_scaled_frozen_contract_and_soc,16537.966482436692,16537.966482436692,0.0,31901.057844114486,26872.035679828772,5029.022164285714,2441.1909205162697,0.0,0,0,3175.1127894326874,26956.62852978567,20244.147054591172,16397.759114218847,10800.0,10800.0,1348.2063267989429,10800.0,0.0005715000006603077,1.1368683772161603e-13,0,1.5,1.4999999999999998
2025-04-26,mpc,error_scaled_frozen_contract_and_soc,24825.084630221667,16537.966482436692,8287.118147784975,31901.057844114486,26872.035679828772,5029.022164285714,2441.1909205162697,1786.8621675773002,40,13,3766.236188659098,28491.234420469962,19031.967568251894,15524.446750212976,10800.0,10679.385533412287,1200.0,10800.0,1.1313183000020217,1.1368683772161603e-13,0,1.5,1.4999999999999998
2025-04-27,greedy,error_scaled_frozen_contract_and_soc,43037.665839553636,34909.03846157304,8128.627377980583,57570.42504417277,52506.80444417277,5063.620599999999,2418.917842835833,1181.3737909761903,2,1,2431.884145252792,3917.828116556634,20404.58483461914,16527.713716041508,10800.0,10800.0,1200.0,10800.0,0.0003053999971598387,2.2737367544323206e-13,0,1.5,1.5
2025-04-27,mpc,error_scaled_frozen_contract_and_soc,48758.26506197038,34909.03846157304,13849.226600397327,57570.42504417277,52506.80444417277,5063.620599999999,2418.917842835833,2847.6556526607587,46,13,3616.4379619674437,4722.680597697964,18758.19002962031,15204.443347214083,10800.0,10788.545085309293,1200.0,10800.0,1.0448963999951957,2.2737367544323206e-13,0,1.5,1.5
2025-04-28,greedy,error_scaled_frozen_contract_and_soc,75212.93712148698,35696.7785121998,39516.15860928717,58479.81328218926,53382.4752202845,5097.338061904762,2488.683076800357,5860.62984630952,11,1,1329.833114783915,0.0,14866.49468997799,12041.860698882174,10800.0,10800.0,1200.0,10800.0,0.0002612999960547313,1.1368683772161603e-13,0,1.5,1.5
2025-04-28,mpc,error_scaled_frozen_contract_and_soc,79609.64732135594,35696.7785121998,43912.86880915612,58479.81328218926,53382.4752202845,5097.338061904762,2488.683076800357,7553.535830846453,50,18,2667.4436560423046,610.3444648809513,13770.42008681484,11200.83511732143,10800.0,10748.00572555399,1246.1022777777778,10800.0,1.091964299994288,2.2737367544323206e-13,0,1.5,1.5
2025-04-29,greedy,error_scaled_frozen_contract_and_soc,41702.30623314941,36194.059421318976,5508.246811830426,59372.942906709315,53803.14362575693,5569.79928095238,2769.4947289727775,791.9085077738048,2,1,3928.619782386577,6865.985166343327,17255.09314055581,13976.62544385021,10800.0,10800.0,1200.0,10800.0,0.00030189999961294234,2.2737367544323206e-13,0,1.5,1.5
2025-04-29,mpc,error_scaled_frozen_contract_and_soc,43901.88055929953,36194.059421318976,7707.821137980551,59372.942906709315,53803.14362575693,5569.79928095238,2769.4947289727775,1594.4380752649088,25,9,5003.049590799388,6438.420291865936,18162.998698287058,14728.86636802577,10800.0,10781.291752874164,1211.6074074074102,10800.0,0.9245380999927875,2.2737367544323206e-13,0,1.5,1.5
2025-04-30,greedy,error_scaled_frozen_contract_and_soc,36130.639632902516,36130.639632902516,0.0,59090.43809259515,53504.15183783324,5586.286254761905,2786.6217159139273,0.0,0,0,4700.627052219278,3363.0449457229975,18484.394909200582,14972.359876452465,10800.0,10800.0,1353.1534179894184,10800.0,0.00033290000283159316,2.2737367544323206e-13,0,1.5,1.5
2025-04-30,mpc,error_scaled_frozen_contract_and_soc,45382.4487924291,36130.639632902516,9251.8091595266,59090.43809259515,53504.15183783324,5586.286254761905,2786.6217159139273,1654.3743535605622,27,11,5959.322138217347,4117.634505698099,17408.34621322741,14255.221472891904,10800.0,10628.376622024776,1200.0,10800.0,0.9440740999998525,2.2737367544323206e-13,0,1.5,1.5
2025-05-01,greedy,error_scaled_frozen_contract_and_soc,52267.31125053385,35866.998861478496,16400.312389055358,58257.78297497828,52667.65579640686,5590.127178571428,2787.1287026568652,2521.345561904762,11,3,1790.4707078336237,3844.6184242236377,20223.482191752264,17192.001394069324,10800.0,9898.91020138889,1200.0,10800.0,0.0003285999991931021,1.1368683772161603e-13,0,1.5,1.5
2025-05-01,mpc,error_scaled_frozen_contract_and_soc,60203.64837964342,35866.998861478496,24336.649518164922,58257.78297497828,52667.65579640686,5590.127178571428,2787.1287026568652,4520.870977467373,64,12,3228.728202593714,4833.4097305990545,17974.527908473898,15370.570496363858,10800.0,9898.663455,1200.0,10800.0,1.147627199999988,2.2737367544323206e-13,0,1.5,1.5
2025-05-02,greedy,error_scaled_frozen_contract_and_soc,33327.83836936759,17244.411845841958,16083.426523525637,32626.39090787427,27116.372255493316,5510.018652380953,2942.4570009287295,2700.3071628757307,12,2,2050.734070238095,9518.378764285711,21096.568992857145,17161.864389964285,10309.860375,10228.034257499998,1200.0,10800.0,0.0003637000045273453,1.1368683772161603e-13,0,1.5,1.5000000000000002
2025-05-02,mpc,error_scaled_frozen_contract_and_soc,54113.330438994584,17244.411845841958,36868.91859315263,32626.39090787427,27116.372255493316,5510.018652380953,2942.4570009287295,6820.1279305465905,57,9,2648.122627598452,13976.77181190476,16170.459817639645,13171.71605205533,10309.860375,10228.03415303642,1200.0,10464.476692499997,1.1774602999939816,1.1368683772161603e-13,0,1.5,1.5000000000000002
2025-05-03,greedy,error_scaled_frozen_contract_and_soc,28620.80031489684,17579.30593216539,11041.49438273145,33082.14277313742,27249.201068375514,5832.9417047619045,3172.1409154365074,1999.607271083325,8,1,2662.1755499999995,17593.30781837953,20694.974079239517,16724.331167684013,10499.603685,10542.49017,1200.0,10800.0,0.00042559999565128237,1.1368683772161603e-13,0,1.5,1.5
2025-05-03,mpc,error_scaled_frozen_contract_and_soc,38775.45833428172,17579.30593216539,21196.15240211632,33082.14277313742,27249.201068375514,5832.9417047619045,3172.1409154365074,3996.1091556973056,52,9,3042.090726265163,19590.96517100873,18689.34011641658,15099.76784914146,10499.603685,10542.48995739552,1200.0,10672.010017499997,0.9889573999971617,1.1368683772161603e-13,0,1.5,1.5
2025-05-04,greedy,error_scaled_frozen_contract_and_soc,49172.303893525466,37147.01007322366,12025.293820301798,60539.38468979237,54476.888892173316,6062.495797619047,3254.2240343076983,1939.0511285714308,10,2,3627.2272671735445,3837.849510648327,16607.837914381067,13856.757572648665,10697.165265,10247.822085,1200.0,10800.0,0.0007717999978922307,2.2737367544323206e-13,0,1.5,1.5000000000000002
2025-05-04,mpc,error_scaled_frozen_contract_and_soc,58380.61367342988,37147.01007322366,21233.603600206217,60539.38468979237,54476.888892173316,6062.495797619047,3254.2240343076983,3739.1394863432342,45,8,3667.727847638116,5616.994495986,16504.90572595977,13773.38259225781,10697.165265,10247.82198252178,1200.0,10792.448522142857,1.078443000005791,1.1368683772161603e-13,0,1.5,1.5000000000000002
2025-05-05,greedy,error_scaled_frozen_contract_and_soc,51544.816719391165,37422.486460827495,14122.330258563674,61295.95152624548,55030.57135243596,6265.3801738095235,3334.7771867550796,2146.9692345238072,9,1,2254.992536964539,282.6035792906123,21424.22520959827,17574.825441274603,10515.888885,10270.107750000001,1200.0,10800.0,0.0003127999952994287,1.1368683772161603e-13,0,1.5,1.5
2025-05-05,mpc,error_scaled_frozen_contract_and_soc,68189.10933830179,37422.486460827495,30766.6228774743,61295.95152624548,55030.57135243596,6265.3801738095235,3334.7771867550796,5976.496826284452,65,10,3953.088903790039,3314.1757808978073,16748.89053402272,13799.631742371104,10515.888885,10256.96620743034,1200.0,10800.0,1.1398212000058265,2.2737367544323206e-13,0,1.5,1.5
2025-05-06,greedy,error_scaled_frozen_contract_and_soc,49148.9094151176,37341.47292905512,11807.436486062483,60672.03433855496,54081.88122903115,6590.153109523808,3351.258947767302,1893.2223642857116,9,1,2190.655054236615,2880.5109237616266,20091.56472028599,16816.842090681657,10567.706235,9964.734382499999,1200.0,10800.0,0.0006412000075215474,2.2737367544323206e-13,0,1.5,1.5
2025-05-06,mpc,error_scaled_frozen_contract_and_soc,59777.875253094986,37341.47292905512,22436.402324039875,60672.03433855496,54081.88122903115,6590.153109523808,3351.258947767302,4390.2774511904745,68,9,3502.100158427369,4589.948202097681,17129.201848473473,14378.306514491182,10567.706235,10008.091771413701,1243.357388913702,10800.0,1.0173766999942018,2.2737367544323206e-13,0,1.5,1.5
2025-05-07,greedy,error_scaled_frozen_contract_and_soc,55973.06010649119,38111.65103005844,17861.409076432737,62069.38658636241,55045.164767314796,7024.221819047619,3290.511281549404,2710.7418396547623,8,2,1609.1590350868146,2317.186969057807,19606.571770507147,15934.282014110791,10365.689415,10306.846215,1200.0,10800.0,0.00039149999793153256,2.2737367544323206e-13,0,1.5,1.5
2025-05-07,mpc,error_scaled_frozen_contract_and_soc,65082.23793461642,38111.65103005844,26970.586904557968,62069.38658636241,55045.164767314796,7024.221819047619,3290.511281549404,5049.4040153397655,70,12,3334.789298328699,3434.5557926250303,16952.167951555184,13784.215106282933,10365.689415,10306.846008863076,1200.0,10800.0,1.0339569000061601,2.2737367544323206e-13,0,1.5,1.5
2025-05-08,greedy,error_scaled_frozen_contract_and_soc,42138.20170651151,41409.27388036388,728.9278261476219,65315.703019545,57988.148948116424,7327.554071428571,3296.268201040039,108.38418095238137,2,1,4455.2395602125835,507.9104791005299,18576.873946458516,14856.459153131396,10587.990285,10800.0,1635.8504272486775,10800.0,0.00034589999995660037,2.2737367544323206e-13,0,1.5,1.5
2025-05-08,mpc,error_scaled_frozen_contract_and_soc,56259.30848829202,41409.27388036388,14850.034607928135,65315.703019545,57988.148948116424,7327.554071428571,3296.268201040039,2627.2535057849536,29,13,5735.337704008934,2138.7144982142863,16659.110719857934,13330.72876460835,10587.990285,10769.26908330731,1200.0,10800.0,0.9292101000028197,2.2737367544323206e-13,0,1.5,1.5
2025-05-09,greedy,error_scaled_frozen_contract_and_soc,21080.839563201363,21080.839563201363,0.0,36972.76041320311,29467.640296536447,7505.120116666666,3302.3346909220236,0.0,0,0,6035.142944915666,18992.898492857137,19638.251844370046,15906.983993939743,10800.0,10800.0,2170.40782936508,10800.0,0.0010374999983469024,1.1368683772161603e-13,0,1.5,1.4999999999999998
2025-05-09,mpc,error_scaled_frozen_contract_and_soc,25115.763748313264,21080.839563201363,4034.9241851119045,36972.76041320311,29467.640296536447,7505.120116666666,3302.3346909220236,950.5278452380952,29,11,7090.169636824071,18927.885553911357,19430.434346872447,15738.652404166667,10800.0,10799.999352000017,1867.538397728258,10800.0,1.242083899996942,1.1368683772161603e-13,0,1.5,1.4999999999999998
2025-05-10,greedy,error_scaled_frozen_contract_and_soc,20976.847430508667,20976.847430508667,0.0,36680.3256406522,29377.506638271243,7302.819002380952,3338.5334529040474,0.0,0,0,5477.517560920043,13569.197545749334,19353.53703975919,15676.365002204944,10800.0,10800.0,2092.2872043886878,10800.0,0.0003232000017305836,1.1368683772161603e-13,0,1.5,1.5000000000000002
2025-05-10,mpc,error_scaled_frozen_contract_and_soc,29978.694696313003,20976.847430508667,9001.847265804334,36680.3256406522,29377.506638271243,7302.819002380952,3338.5334529040474,1704.3477220973255,26,13,5316.573733198467,15753.236051020875,18164.039750899705,14805.614668798094,10800.0,10696.952810478522,1200.0,10800.0,1.0567227999999886,2.2737367544323206e-13,0,1.5,1.5000000000000002
2025-05-11,greedy,error_scaled_frozen_contract_and_soc,41874.994468344776,41667.62031042811,207.374157916667,66116.489247388,58487.95165691183,7628.5375904761895,3261.133009974206,30.76083333333338,1,1,4793.7180442092795,2145.6263535714284,17603.08696535171,14258.50044193488,10800.0,10800.0,1543.7444168783072,10800.0,0.0003112999984296039,2.2737367544323206e-13,0,1.5,1.5
2025-05-11,mpc,error_scaled_frozen_contract_and_soc,49338.01276743225,41667.62031042811,7670.392457004149,66116.489247388,58487.95165691183,7628.5375904761895,3261.133009974206,1474.1857549781419,29,11,6113.5988739950235,2416.300018768555,17205.04440132122,14007.587451242456,10800.0,10720.553904253034,1200.0,10800.0,1.0436630000040168,2.2737367544323206e-13,0,1.5,1.5
2025-05-12,greedy,error_scaled_frozen_contract_and_soc,41866.76463629457,41866.76463629457,0.0,66700.09981404469,58930.488916425624,7769.610897619046,3195.985649071588,0.0,0,0,8791.486046028647,4766.325952692691,14957.55076360654,12115.616118521299,10800.0,10800.0,1930.4768677248685,10800.0,0.0004169000021647662,2.2737367544323206e-13,0,1.5,1.5000000000000002
2025-05-12,mpc,error_scaled_frozen_contract_and_soc,49480.779380465654,41866.76463629457,7614.014744171091,66700.09981404469,58930.488916425624,7769.610897619046,3195.985649071588,1444.9325836730131,26,10,7059.070333928101,7600.331954898492,16773.297103263187,13588.020164610192,10800.0,10798.167210036654,1200.0,10800.0,1.0758327999938047,2.2737367544323206e-13,0,1.5,1.5000000000000002
2025-05-13,greedy,error_scaled_frozen_contract_and_soc,41888.044115324796,41888.044115324796,0.0,66739.80621830004,58870.03807544291,7869.768142857141,3201.7492765605166,0.0,0,0,8335.379039594032,3002.9454292772243,17335.0993328333,14041.430459594972,10800.0,10800.0,1597.9439285714298,10800.0,0.0010177999938605353,2.2737367544323206e-13,0,1.5,1.5000000000000002
2025-05-13,mpc,error_scaled_frozen_contract_and_soc,45428.9873448486,41888.044115324796,3540.9432295238075,66739.80621830004,58870.03807544291,7869.768142857141,3201.7492765605166,602.9757738095232,18,9,8838.508043797,3064.6704889601865,17535.74298085213,14203.95239769021,10800.0,10799.999352000017,1562.1746737182325,10800.0,1.035168700007489,4.547473508864641e-13,0,1.5,1.5000000000000002
2025-05-14,greedy,error_scaled_frozen_contract_and_soc,42142.23124684211,42142.23124684211,0.0,67000.44446254158,59161.372241113,7839.072221428569,3218.5113092927786,0.0,0,0,8476.800562213404,3515.558919047618,16927.825728544252,13711.538840120847,10800.0,10800.0,2157.1692738095257,10800.0,0.00031740000122226775,2.2737367544323206e-13,0,1.5,1.5
2025-05-14,mpc,error_scaled_frozen_contract_and_soc,44450.35507717067,42142.23124684211,2308.123830328569,67000.44446254158,59161.372241113,7839.072221428569,3218.5113092927786,564.4281059523803,20,7,8743.1994353265,3768.344389740147,17385.024775810056,14123.494125239897,10800.0,10753.751047962498,1405.5656920068648,10800.0,1.0006901000015205,2.2737367544323206e-13,0,1.5,1.5
2025-05-15,greedy,error_scaled_frozen_contract_and_soc,41532.48771684821,41532.48771684821,0.0,65987.96025596315,58166.587796439344,7821.372459523807,3237.8540732142073,0.0,0,0,7348.870401812663,3390.582315353714,17720.369132765038,14353.498997539686,10800.0,10800.0,2574.333755291006,10800.0,0.0002947999892057851,2.2737367544323206e-13,0,1.5,1.5
2025-05-15,mpc,error_scaled_frozen_contract_and_soc,47932.96221153333,41532.48771684821,6400.47449468512,65987.96025596315,58166.587796439344,7821.372459523807,3237.8540732142073,1596.6296416666664,31,11,7168.320987041556,5367.831494428281,16996.469663046686,13829.669650458129,10800.0,10730.523085121882,1218.8101851851852,10800.0,1.0612363999971421,2.2737367544323206e-13,0,1.5,1.5
2025-05-16,greedy,error_scaled_frozen_contract_and_soc,20667.906256291157,20667.906256291157,0.0,36089.61964234847,28239.1318113961,7850.487830952379,3258.913887344921,0.0,0,0,5957.974353101119,26532.68331517155,18619.278441251136,15081.615537413425,10800.0,10800.0,2568.5824930952404,10800.0,0.0003372000064700842,2.2737367544323206e-13,0,1.5,1.5
2025-05-16,mpc,error_scaled_frozen_contract_and_soc,23758.974476291754,20667.906256291157,3091.0682200005954,36089.61964234847,28239.1318113961,7850.487830952379,3258.913887344921,704.6948059523809,26,12,7589.420833125903,25838.880503160977,18906.31944407026,15601.605402294377,10800.0,10480.57038600282,2001.8011112073054,10800.0,1.082425400003558,1.1368683772161603e-13,0,1.5,1.5
2025-05-17,greedy,error_scaled_frozen_contract_and_soc,20731.30632743245,20731.30632743245,0.0,36413.69398336865,28657.179826225794,7756.514157142858,3322.310875460754,0.0,0,0,5036.083385626101,15650.926839432199,20099.23859637027,16280.38326305992,10800.0,10800.0,1723.9257049206333,10800.0,0.00039089999336283654,2.2737367544323206e-13,0,1.5,1.4999999999999998
2025-05-17,mpc,error_scaled_frozen_contract_and_soc,34124.4385981309,20731.30632743245,13393.132270698456,36413.69398336865,28657.179826225794,7756.514157142858,3322.310875460754,2555.3411021879974,34,11,5313.148585242447,18483.134438951474,17587.969554972748,14323.04591861002,10800.0,10714.677134353225,1200.0,10800.0,1.114152300011483,2.2737367544323206e-13,0,1.5,1.4999999999999998
2025-05-18,greedy,error_scaled_frozen_contract_and_soc,41023.7620016313,41023.7620016313,0.0,64617.086879205584,56731.41501491987,7885.671864285714,3373.748891221984,0.0,0,0,6603.188142754267,747.2982918430325,17900.373273627592,14499.302351638355,10800.0,10800.0,2313.180616402119,10800.0,0.00030759999935980886,1.1368683772161603e-13,0,1.5,1.5000000000000002
2025-05-18,mpc,error_scaled_frozen_contract_and_soc,53233.108655158074,41023.7620016313,12209.346653526776,64617.086879205584,56731.41501491987,7885.671864285714,3373.748891221984,2381.029916071427,33,13,6344.92369560583,3913.970535875358,15474.174489583093,12600.481448406314,10800.0,10726.222097951108,1200.0,10800.0,1.128063199997996,2.2737367544323206e-13,0,1.5,1.5000000000000002
2025-05-19,greedy,error_scaled_frozen_contract_and_soc,40984.2775269357,40457.2454356857,527.032091250001,64240.90443032802,56251.37195413754,7989.532476190476,3389.725063028769,78.14250000000015,1,1,7542.5182659618695,8696.451880907627,16755.781592137635,13572.183089631491,10800.0,10800.0,1561.6753730158757,10800.0,0.0002938999969046563,1.1368683772161603e-13,0,1.5,1.5
2025-05-19,mpc,error_scaled_frozen_contract_and_soc,45278.63560580832,40457.2454356857,4821.390170122617,64240.90443032802,56251.37195413754,7989.532476190476,3389.725063028769,814.713482142857,23,11,8979.834729160491,8099.056532600139,16497.246246294122,13416.997876536254,10800.0,10739.746203291095,1605.5337845347062,10800.0,1.1047373000037624,2.2737367544323206e-13,0,1.5,1.5
2025-05-20,greedy,error_scaled_frozen_contract_and_soc,40124.34334441177,40124.34334441177,0.0,63477.08920440144,55535.960687734776,7941.128516666667,3405.099198673055,0.0,0,0,3948.569031452084,438.28738214285704,17354.98209447033,14057.535496520966,10800.0,10800.0,1704.1333505290986,10800.0,0.00022929999977350235,2.2737367544323206e-13,0,1.5,1.4999999999999998
2025-05-20,mpc,error_scaled_frozen_contract_and_soc,60099.662129708384,40124.34334441177,19975.318785296615,63477.08920440144,55535.960687734776,7941.128516666667,3405.099198673055,3321.072011209749,34,15,4665.908712876866,3791.1513118213616,14045.126744081326,11496.811746025502,10800.0,10666.378796311521,1200.0,10800.0,0.8495219000033103,4.547473508864641e-13,0,1.5,1.4999999999999998
2025-05-21,greedy,error_scaled_frozen_contract_and_soc,40435.4719151802,40435.4719151802,0.0,64026.08839084242,55961.611897985276,8064.476492857144,3383.2391394845226,0.0,0,0,4412.593635246918,5761.099529097579,16083.364011643163,13027.524849430958,10800.0,10800.0,1868.3103837433853,10800.0,0.00027400000544730574,2.2737367544323206e-13,0,1.5,1.4999999999999998
2025-05-21,mpc,error_scaled_frozen_contract_and_soc,45703.59950252259,40435.4719151802,5268.127587342395,64026.08839084242,55961.611897985276,8064.476492857144,3383.2391394845226,1185.586029876619,24,11,6241.849403590165,5208.467986532561,16261.536410269699,13296.7354439591,10800.0,10661.232275954833,1200.0,10800.0,1.0387590000027558,2.2737367544323206e-13,0,1.5,1.4999999999999998
2025-05-22,greedy,error_scaled_frozen_contract_and_soc,39763.77666865742,39763.77666865742,0.0,62952.77165795244,54819.84415319053,8132.927504761905,3372.74332365492,0.0,0,0,5305.828638626744,3768.7627603321666,17409.76122527924,14101.906592476185,10800.0,10800.0,1525.232908928572,10800.0,0.0006043000030331314,2.2737367544323206e-13,0,1.5,1.5
2025-05-22,mpc,error_scaled_frozen_contract_and_soc,46006.79044483658,39763.77666865742,6243.013776179167,62952.77165795244,54819.84415319053,8132.927504761905,3372.74332365492,1190.522028571429,28,12,5926.020099208621,4480.550305773194,16665.25388711348,13498.856231761902,10800.0,10799.999352000017,1443.184271545549,10800.0,1.0631764999998268,2.2737367544323206e-13,0,1.5,1.5
2025-05-23,greedy,error_scaled_frozen_contract_and_soc,20604.50056839885,20604.50056839885,0.0,36151.99696270986,28030.506419852725,8121.490542857142,3371.825810806984,0.0,0,0,6799.881827924752,18903.374258577736,20341.57179206894,16476.673151575847,10800.0,10800.0,1522.6161034342465,10800.0,0.0002511000056983903,2.2737367544323206e-13,0,1.5,1.5
2025-05-23,mpc,error_scaled_frozen_contract_and_soc,27865.252875113954,20604.50056839885,7260.752306715105,36151.99696270986,28030.506419852725,8121.490542857142,3371.825810806984,1568.076443330605,32,11,6327.484018921396,21262.044661911612,18987.223410833656,15440.52092134048,10800.0,10732.36671270532,1200.0,10800.0,1.0557841999980155,2.2737367544323206e-13,0,1.5,1.5
2025-05-24,greedy,error_scaled_frozen_contract_and_soc,21162.81971982473,21162.81971982473,0.0,36856.57805296801,28644.570255348965,8212.007797619048,3327.570902364643,0.0,0,0,7357.64062774838,23880.778255163328,18808.848526612095,15235.167306555795,10800.0,10800.0,2200.5762453612842,10800.0,0.0005155000108061358,1.1368683772161603e-13,0,1.5,1.4999999999999998
2025-05-24,mpc,error_scaled_frozen_contract_and_soc,23935.6490531908,21162.81971982473,2772.8293333660713,36856.57805296801,28644.570255348965,8212.007797619048,3327.570902364643,701.2230809523809,20,11,8110.284872576726,23738.64929723014,19289.246208169323,15624.857194055796,10800.0,10799.369149512622,1881.157443403105,10800.0,1.0702556999895023,1.2789769243681803e-13,0,1.5,1.4999999999999998
2025-05-25,greedy,error_scaled_frozen_contract_and_soc,40137.428681103134,40137.428681103134,0.0,63607.637107281334,55290.88521680514,8316.75189047619,3268.3231802429773,0.0,0,0,6871.595790241038,6672.585062252087,16330.440733221158,13227.656993909139,10800.0,10800.0,1616.9931838624377,10800.0,0.00035689999640453607,2.2737367544323206e-13,0,1.5,1.5
2025-05-25,mpc,error_scaled_frozen_contract_and_soc,44588.0423859704,40137.428681103134,4450.613704867263,63607.637107281334,55290.88521680514,8316.75189047619,3268.3231802429773,814.5512404761912,25,14,7571.072590842403,6680.462765041604,16980.110009592183,13770.129533194853,10800.0,10781.955082860897,1362.7062245695124,10800.0,0.9737904000066919,2.2737367544323206e-13,0,1.5,1.5
2025-05-26,greedy,error_scaled_frozen_contract_and_soc,40170.34400519694,39802.41693028569,367.92707491124634,62412.14253299028,54103.553966323605,8308.588566666665,3274.6073700758343,52.74183986686444,1,1,2066.477634905938,0.0,19673.10503057025,15935.215074761903,10800.0,10800.0,1200.0,10800.0,0.000384299986762926,2.2737367544323206e-13,0,1.5,1.4999999999999996
2025-05-26,mpc,error_scaled_frozen_contract_and_soc,54658.881751734494,39802.41693028569,14856.464821448812,62412.14253299028,54103.553966323605,8308.588566666665,3274.6073700758343,3024.6016880952384,39,14,4796.78430299596,971.095870845503,16444.253175420952,13435.90591031976,10800.0,10671.04351307913,1213.5745370370373,10800.0,1.061470399989048,2.2737367544323206e-13,0,1.5,1.4999999999999996
2025-05-27,greedy,error_scaled_frozen_contract_and_soc,40695.056803155676,40695.056803155676,0.0,63910.61001446342,55388.48157160627,8522.128442857143,3359.6197785773006,0.0,0,0,7277.816195057478,5358.208775690768,16489.13438421517,13356.198851214285,10800.0,10800.0,1862.6078783068788,10800.0,0.00034070000401698053,2.2737367544323206e-13,0,1.5,1.4999999999999998
2025-05-27,mpc,error_scaled_frozen_contract_and_soc,44224.1490078652,40695.056803155676,3529.0922047095237,63910.61001446342,55388.48157160627,8522.128442857143,3359.6197785773006,773.0355154761907,26,14,7600.272178216987,5912.624067986842,16358.67516947387,13329.575396452381,10800.0,10712.168323134945,1274.4001119818795,10800.0,1.0035342000046512,2.2737367544323206e-13,0,1.5,1.4999999999999998
2025-05-28,greedy,error_scaled_frozen_contract_and_soc,40122.01598108336,40122.01598108336,0.0,63096.211204979496,54678.83294783664,8417.378257142858,3409.006403592697,0.0,0,0,4996.922747839508,1583.130631074049,19121.26369608644,15488.223593830018,10800.0,10800.0,1824.3926534391544,10800.0,0.0008155999967129901,2.2737367544323206e-13,0,1.5,1.5
2025-05-28,mpc,error_scaled_frozen_contract_and_soc,48350.524103800635,40122.01598108336,8228.508122717267,63096.211204979496,54678.83294783664,8417.378257142858,3409.006403592697,1799.5743797619061,40,15,6852.46139851453,1907.587506588968,17134.76944846793,13882.150492639541,10800.0,10796.680845132758,1261.1315718126996,10800.0,1.0647393999970518,2.2737367544323206e-13,0,1.5,1.5
2025-05-29,greedy,error_scaled_frozen_contract_and_soc,39481.598580840815,39481.598580840815,0.0,62435.15183180275,54245.6555841837,8189.4962476190485,3260.3096393546025,0.0,0,0,2660.5692438418537,199.83450728147756,19744.117147686193,15992.734889625815,10800.0,10800.0,1605.0018042328024,10800.0,0.00036750000435858965,2.2737367544323206e-13,0,1.5,1.5
2025-05-29,mpc,error_scaled_frozen_contract_and_soc,53702.38105999048,39481.598580840815,14220.782479149671,62435.15183180275,54245.6555841837,8189.4962476190485,3260.3096393546025,2950.3767818368387,52,16,4747.80175947629,1697.7403976922526,16489.321459498125,13372.70082564612,10800.0,10781.832840608182,1200.0,10800.0,1.000501099988469,2.2737367544323206e-13,0,1.5,1.5
2025-05-30,greedy,error_scaled_frozen_contract_and_soc,20628.76659140298,20628.76659140298,0.0,36234.91679591559,27792.947469725117,8441.969326190476,3143.046539862262,0.0,0,0,5929.6877029835405,19846.24357014859,19567.729211391677,15849.860661227263,10800.0,10800.0,2069.3503585185194,10800.0,0.0002865999995265156,2.2737367544323206e-13,0,1.5,1.5
2025-05-30,mpc,error_scaled_frozen_contract_and_soc,30682.989296736316,20628.76659140298,10054.22270533334,36234.91679591559,27792.947469725117,8441.969326190476,3143.046539862262,1972.3506797619061,31,15,5939.499303122798,22153.65276190476,17823.63142329555,14450.632985264656,10800.0,10785.009408449707,1200.0,10800.0,1.0090170999901602,2.2737367544323206e-13,0,1.5,1.5
2025-05-31,greedy,error_scaled_frozen_contract_and_soc,20921.658307418464,20921.658307418464,0.0,36627.482575877715,28065.137680639615,8562.344895238097,3116.8688859338095,0.0,0,0,6981.449636640215,16242.11484007536,20355.932382808234,16488.30523007467,10800.0,10800.0,1242.2476367821107,10800.0,0.0003648999991128221,2.2737367544323206e-13,0,1.5,1.5000000000000002
2025-05-31,mpc,error_scaled_frozen_contract_and_soc,31609.099006881843,20921.658307418464,10687.44069946338,36627.482575877715,28065.137680639615,8562.344895238097,3116.8688859338095,2158.9246673998205,32,11,6833.865209999998,19140.835391656565,18007.781655486295,14732.365960293897,10800.0,10637.707978500002,1200.0,10800.0,1.0156320999958552,1.1368683772161603e-13,0,1.5,1.5000000000000002
2025-06-01,greedy,error_scaled_frozen_contract_and_soc,137595.0561731233,40747.305282975605,96847.7508901477,64470.60957356676,55942.53921166199,8528.070361904762,3091.450233253849,16970.46858984523,61,3,14.254891666666822,0.0,10648.02953299549,9872.922626726351,10800.0,9413.312549999999,1200.0,10800.0,0.0004254000086802989,2.2737367544323206e-13,0,1.5,1.5000000000000004
2025-06-01,mpc,error_scaled_frozen_contract_and_soc,127299.7828337935,40747.305282975605,86552.4775508179,64470.60957356676,55942.53921166199,8528.070361904762,3091.450233253849,17508.4064971073,113,6,534.1175942890429,104.37205109539974,10193.83609356343,9505.02603375,10800.0,9413.312446707087,1200.0,10800.0,0.9587697999959346,2.2737367544323206e-13,0,1.5,1.5000000000000004
2025-06-02,greedy,error_scaled_frozen_contract_and_soc,122110.52329408916,41741.525254869535,80368.9980392196,66713.46153391639,58005.8045624878,8707.656971428572,3801.5270185602767,12471.992915583334,32,2,92.41886309523818,0.0,18273.502652442075,15358.45686722808,10028.644274999999,9409.8445875,1200.0,10028.644274999999,0.0008835000044200569,2.2737367544323206e-13,0,1.5,1.5
2025-06-02,mpc,error_scaled_frozen_contract_and_soc,129759.17821281138,41741.525254869535,88017.65295794186,66713.46153391639,58005.8045624878,8707.656971428572,3801.5270185602767,17803.408805797615,103,6,2966.058790476189,3708.354998809523,11691.507726251602,10027.0409770138,10028.644274999999,9409.8445875,1200.0,10800.0,1.2194286000012653,2.2737367544323206e-13,0,1.5,1.5
2025-06-03,greedy,error_scaled_frozen_contract_and_soc,101869.27030870589,43140.270924580545,58728.99938412534,68818.83643625505,59381.15820530266,9437.67823095238,4335.3198329473,9253.570796992713,27,2,144.9763587358583,0.0,17738.219590476187,14611.802394535714,10081.410450000001,9810.472087500002,1200.0,10081.410450000001,0.0007016000017756596,2.2737367544323206e-13,0,1.5,1.5
2025-06-03,mpc,error_scaled_frozen_contract_and_soc,104888.79130501802,43140.270924580545,61748.520380437476,68818.83643625505,59381.15820530266,9437.67823095238,4335.3198329473,12476.673409033328,98,7,3199.2060643415534,919.1635071428562,13789.32169201335,11413.195096780812,10081.410450000001,9810.472087500002,1200.0,10800.0,0.9427145000081509,2.2737367544323206e-13,0,1.5,1.5
2025-06-04,greedy,error_scaled_frozen_contract_and_soc,98259.73560370441,44240.824749153646,54018.91085455076,70649.31823552851,60616.42786171899,10032.890373809521,4425.744800588174,8150.238023499998,17,1,0.0,0.0,16428.492597831795,13902.353464993757,10305.44058,9644.024512499998,1200.0,10305.44058,0.00029739999445155263,2.2737367544323206e-13,0,1.5,1.5
2025-06-04,mpc,error_scaled_frozen_contract_and_soc,105602.7891673768,44240.824749153646,61361.96441822316,70649.31823552851,60616.42786171899,10032.890373809521,4425.744800588174,12121.867548485716,97,9,4315.460551772495,620.1426369047623,11581.264566297396,10019.099097150896,10305.44058,9596.246359499997,1200.0,10787.176471071429,1.1098681000003126,2.2737367544323206e-13,0,1.5,1.5
2025-06-05,greedy,error_scaled_frozen_contract_and_soc,93052.00419351723,45869.898724560924,47182.105468956295,72931.54729567509,62541.97726472271,10389.570030952382,4667.602515098095,7353.860515110966,21,4,0.0,0.0,18290.059980954175,15650.175832072877,10213.056824999998,9285.026549999999,1200.0,10213.056824999998,0.000291000003926456,2.2737367544323206e-13,0,1.5,1.5
2025-06-05,mpc,error_scaled_frozen_contract_and_soc,103311.2754313029,45869.898724560924,57441.37670674198,72931.54729567509,62541.97726472271,10389.570030952382,4667.602515098095,11619.256467299063,94,9,4751.855649129929,509.15265357142925,13049.994978252818,11405.723179884782,10213.056824999998,9285.026549999999,1200.0,10793.38328142857,0.9269092000031378,2.2737367544323206e-13,0,1.5,1.5
2025-06-06,greedy,error_scaled_frozen_contract_and_soc,66015.39035984111,23193.097934749632,42822.29242509148,39961.239239067996,28906.505922401324,11054.733316666667,4623.069104473253,7144.343164920099,26,2,2262.0206821428555,1621.968310714286,20381.79307142857,16633.31370910714,10002.38067,9864.5347575,1200.0,10800.0,0.00040609999268781394,1.1368683772161603e-13,0,1.5,1.4999999999999998
2025-06-06,mpc,error_scaled_frozen_contract_and_soc,94846.70245329784,23193.097934749632,71653.6045185482,39961.239239067996,28906.505922401324,11054.733316666667,4623.069104473253,13854.911970463174,77,7,3790.0973268900016,8342.169110554354,12288.590208388976,10077.819485111686,10002.38067,9864.534651870426,1200.0,10008.487245,0.9958773000107612,1.1368683772161603e-13,0,1.5,1.4999999999999998
2025-06-07,greedy,error_scaled_frozen_contract_and_soc,48532.95465573041,24080.411070672944,24452.54358505747,41261.102994849396,29341.487437706535,11919.615557142859,4950.25655933595,3968.6254794125034,21,2,2035.5013809523812,1132.2120785714278,20473.447258333334,17057.0852055,10377.666974999998,9851.4526125,1200.0,10800.0,0.00044210000487510115,1.1368683772161603e-13,0,1.5,1.5
2025-06-07,mpc,error_scaled_frozen_contract_and_soc,72620.7481138177,24080.411070672944,48540.33704314475,41261.102994849396,29341.487437706535,11919.615557142859,4950.25655933595,9154.35319451965,68,9,4041.527015412965,5483.9324916666665,14304.93018577751,12060.586465392855,10377.666974999998,9851.452513985474,1200.0,10393.562617499998,1.1404193000053056,1.1368683772161603e-13,0,1.5,1.5
2025-06-08,greedy,error_scaled_frozen_contract_and_soc,57042.323109163975,57042.323109163975,0.0,89298.21156648526,76333.58121172336,12964.630354761905,4699.108273285831,0.0,0,0,21395.965044510827,2515.7464931657923,15821.05936340387,12407.077689357138,10346.688450000001,10800.0,2196.42580952381,10800.0,0.0005445999995572492,2.2737367544323206e-13,0,1.5,1.4999999999999998
2025-06-08,mpc,error_scaled_frozen_contract_and_soc,59591.35009472231,57042.323109163975,2549.026985558331,89298.21156648526,76333.58121172336,12964.630354761905,4699.108273285831,545.1317654761901,16,5,17608.561157595894,6444.603479859051,18158.347511244592,14340.687171499996,10346.688450000001,10755.104352897917,1530.6272745330534,10799.999926883796,1.1034101000113878,2.2737367544323206e-13,0,1.5,1.4999999999999998
2025-06-09,greedy,error_scaled_frozen_contract_and_soc,56303.77268371825,56133.943980384916,169.82870333333122,87752.67824051145,74785.5406476543,12967.137592857143,4708.115893179443,25.223333333333017,1,1,11895.27585049088,1129.5050654761906,19169.32422692533,15527.152623809521,10800.0,10800.0,1777.3380330687855,10800.0,0.0004290999931981787,1.2789769243681803e-13,0,1.5,1.5
2025-06-09,mpc,error_scaled_frozen_contract_and_soc,65291.11323435184,56133.943980384916,9157.169253966917,87752.67824051145,74785.5406476543,12967.137592857143,4708.115893179443,1853.2127323537156,37,13,13880.612739228338,1293.531592857145,17498.02298699739,14177.225400979614,10800.0,10795.748020542522,1200.0,10800.0,1.0182033000019146,2.2737367544323206e-13,0,1.5,1.5
2025-06-10,greedy,error_scaled_frozen_contract_and_soc,56233.60293760942,56233.60293760942,0.0,87904.20962182472,75081.02197658662,12823.187645238095,4751.613121029881,0.0,0,0,11992.41275677475,383.3311845238095,18654.981438859497,15110.53496547619,10800.0,10800.0,2029.9940532539665,10800.0,0.0003065000055357814,2.2737367544323206e-13,0,1.5,1.5000000000000002
2025-06-10,mpc,error_scaled_frozen_contract_and_soc,64996.862749858235,56233.60293760942,8763.259812248805,87904.20962182472,75081.02197658662,12823.187645238095,4751.613121029881,1718.5858628690473,31,14,13080.350213655835,1254.9822053856064,17732.958592068993,14429.514733559523,10800.0,10726.868584462625,1200.0,10800.0,1.1103766999876825,2.2737367544323206e-13,0,1.5,1.5000000000000002
2025-06-11,greedy,error_scaled_frozen_contract_and_soc,63045.77050154058,56621.692495360236,6424.078006180351,88954.10311748687,76160.18881748687,12793.9143,4777.29769160722,1327.110452380951,7,1,7928.105192533807,0.0,22071.673658900814,17878.055663709667,10800.0,10800.0,1200.0,10800.0,0.000487900004372932,2.2737367544323206e-13,0,1.5,1.5000000000000002
2025-06-11,mpc,error_scaled_frozen_contract_and_soc,84493.39606547604,56621.692495360236,27871.703570115802,88954.10311748687,76160.18881748687,12793.9143,4777.29769160722,5520.622227535865,51,11,12319.677861461025,775.2962071428569,17141.732354259315,13921.471459983324,10800.0,10759.257496629687,1200.0,10800.0,1.2525112000002991,2.2737367544323206e-13,0,1.5,1.5000000000000002
2025-06-12,greedy,error_scaled_frozen_contract_and_soc,57700.90638861903,57700.90638861903,0.0,89990.571036829,77083.20264873377,12907.368388095238,4783.472884070317,0.0,0,0,13805.62300286596,424.6617392857148,18360.596494542348,14872.083160579306,10800.0,10800.0,2523.002895502645,10800.0,0.0006698999932268634,2.2737367544323206e-13,0,1.5,1.5000000000000002
2025-06-12,mpc,error_scaled_frozen_contract_and_soc,64304.00442451011,57700.90638861903,6603.0980358910865,89990.571036829,77083.20264873377,12907.368388095238,4783.472884070317,1363.9420267828796,24,12,14792.421421645515,894.323219047621,17873.6628852866,14477.66742308214,10800.0,10799.999460000012,1200.0,10800.0,1.0626517999917269,2.2737367544323206e-13,0,1.5,1.5000000000000002
2025-06-13,greedy,error_scaled_frozen_contract_and_soc,30513.57937212477,30513.57937212477,0.0,48962.90201590694,36028.963973049795,12933.938042857142,4766.147983198888,0.0,0,0,9847.706258274553,6707.969518903332,18880.68410734592,15293.3541269502,10800.0,10800.0,2248.1897968939534,10800.0,0.0002786999975796789,1.1368683772161603e-13,0,1.5,1.5
2025-06-13,mpc,error_scaled_frozen_contract_and_soc,33845.2242155831,30513.57937212477,3331.644843458332,48962.90201590694,36028.963973049795,12933.938042857142,4766.147983198888,710.1186488095232,26,11,10130.823159858985,7194.276498421309,18700.323004219706,15172.298256116868,10800.0,10772.18153033455,1881.2056042076376,10800.0,1.2254120999859879,1.1368683772161603e-13,0,1.5,1.5
2025-06-14,greedy,error_scaled_frozen_contract_and_soc,30716.77612221756,30716.77612221756,0.0,49273.915704714185,36166.74083090466,13107.174873809523,4697.58678314115,0.0,0,0,10440.957002469137,9945.98206155191,17798.52310264562,14416.803713142952,10800.0,10800.0,2723.3484247222245,10800.0,0.0010122999956365675,2.2737367544323206e-13,0,1.5,1.5
2025-06-14,mpc,error_scaled_frozen_contract_and_soc,32433.734647837802,30716.77612221756,1716.958525620238,49273.915704714185,36166.74083090466,13107.174873809523,4697.58678314115,370.55652857142877,16,9,9378.381567207432,11301.221582250892,18606.745385065486,15147.133552428666,10800.0,10715.922454971529,2018.2841487856667,10800.0,1.152739900004235,1.515824497307994e-13,0,1.5,1.5
2025-06-15,greedy,error_scaled_frozen_contract_and_soc,57499.932099373575,57499.932099373575,0.0,89420.75884556302,76348.86864318207,13071.890202380953,4701.117371921585,0.0,0,0,16127.917158834636,143.35544642857167,17163.414704585535,13902.365910714285,10800.0,10800.0,2554.9726494709016,10800.0,0.00042919999395962805,1.1368683772161603e-13,0,1.5,1.5
2025-06-15,mpc,error_scaled_frozen_contract_and_soc,63699.927965577146,57499.932099373575,6199.995866203568,89420.75884556302,76348.86864318207,13071.890202380953,4701.117371921585,1156.6715142857138,18,6,16734.279338504202,586.5294714285709,17740.70222729692,14372.518123809521,10800.0,10797.16742255665,1429.263422071241,10800.0,1.0827306999999564,2.2737367544323206e-13,0,1.5,1.5
2025-06-16,greedy,error_scaled_frozen_contract_and_soc,58046.412982941794,58046.412982941794,0.0,90210.67711410989,77183.9844283956,13026.692685714286,4713.491057911546,0.0,0,0,13917.126060391493,88.40653214285726,19053.027607289827,15432.952361904758,10800.0,10800.0,2418.4030383597906,10800.0,0.0004234999942127615,2.2737367544323206e-13,0,1.5,1.5
2025-06-16,mpc,error_scaled_frozen_contract_and_soc,65895.23660680371,58046.412982941794,7848.823623861907,90210.67711410989,77183.9844283956,13026.692685714286,4713.491057911546,1654.778770238096,32,12,14872.650912070349,1038.740285714285,17784.72346037288,14415.728049999998,10800.0,10788.775503224486,1249.2833465597396,10800.0,1.132332299996051,2.2737367544323206e-13,0,1.5,1.5
2025-06-17,greedy,error_scaled_frozen_contract_and_soc,57814.509190918434,57508.93384966843,305.57534125000143,89736.92145604783,76745.30604414307,12991.615411904762,4710.259314540751,45.327500000000214,1,1,10259.632355158736,42.807620238095296,19832.04966633368,16063.960229730288,10800.0,10800.0,2014.8786772486771,10800.0,0.00030590000096708536,2.2737367544323206e-13,0,1.5,1.4999999999999998
2025-06-17,mpc,error_scaled_frozen_contract_and_soc,72254.47297507453,57508.93384966843,14745.539125406098,89736.92145604783,76745.30604414307,12991.615411904762,4710.259314540751,3035.201026071141,32,13,13402.926006206206,396.90504047618924,17221.535214095733,13960.963322706764,10800.0,10787.200223011983,1200.0,10800.0,0.9895848000014666,2.2737367544323206e-13,0,1.5,1.4999999999999998
2025-06-18,greedy,error_scaled_frozen_contract_and_soc,58780.26197942512,58734.119834425124,46.142144999998656,91259.9283181543,78046.76098720194,13213.167330952383,4588.671856838133,6.8449999999998,1,1,18672.724227325394,100.10663809523805,15679.981305114636,12700.784857142859,10800.0,10800.0,2256.4295714285727,10800.0,0.00039679999463260174,2.2737367544323206e-13,0,1.5,1.5
2025-06-18,mpc,error_scaled_frozen_contract_and_soc,61138.29005495251,58734.119834425124,2404.1702205273828,91259.9283181543,78046.76098720194,13213.167330952383,4588.671856838133,446.17672619047664,11,5,17816.732133103178,1019.9076129836948,17719.855680289234,14365.13638679322,10800.0,10786.60746026785,1212.227235013192,10800.0,1.2177454000047874,2.2737367544323206e-13,0,1.5,1.5
2025-06-19,greedy,error_scaled_frozen_contract_and_soc,58543.286328155475,58077.524575182266,465.76175297321356,90227.82080805782,77027.75965567687,13200.061152380953,4595.191839188927,69.17032261904751,2,1,18274.240456449068,2543.629879761905,18088.48135558495,14651.66989802381,10800.0,10800.0,2004.7837857142868,10800.0,0.0003259000077378005,2.2737367544323206e-13,0,1.5,1.5000000000000002
2025-06-19,mpc,error_scaled_frozen_contract_and_soc,63985.29906648167,58077.524575182266,5907.77449129941,90227.82080805782,77027.75965567687,13200.061152380953,4595.191839188927,1242.588011904763,28,11,19358.77225079156,2678.1025305722615,18045.233897336857,14654.009195642855,10800.0,10758.478068000004,1361.9525164075628,10800.0,0.9261886000022059,2.2737367544323206e-13,0,1.5,1.5000000000000002
2025-06-20,greedy,error_scaled_frozen_contract_and_soc,29980.431223137133,29980.431223137133,0.0,47876.34237375091,34798.67635708424,13077.666016666668,4677.129226303054,0.0,0,0,11226.935182011699,12870.998580952379,17555.293590607347,14219.787808391953,10800.0,10800.0,3033.4112270512687,10800.0,0.001032799991662614,1.1368683772161603e-13,0,1.5,1.5
2025-06-20,mpc,error_scaled_frozen_contract_and_soc,31158.983274019272,29980.431223137133,1178.552050882141,47876.34237375091,34798.67635708424,13077.666016666668,4677.129226303054,301.3924357142854,16,10,11263.03694131578,12941.528463218412,18657.324274037237,15127.057697677667,10800.0,10783.749960324998,2190.098024669407,10800.0,1.2119433999905596,1.2631870867368814e-13,0,1.5,1.5
2025-06-21,greedy,error_scaled_frozen_contract_and_soc,30156.488819077487,30156.488819077487,0.0,48504.03960433393,35444.70299004821,13059.336614285716,4692.0582818054345,0.0,0,0,12672.862602807176,16276.994357523228,18531.32019400352,15010.369357142856,10800.0,10800.0,2171.4999635566196,10800.0,0.00031239999225363135,2.2737367544323206e-13,0,1.5,1.5000000000000002
2025-06-21,mpc,error_scaled_frozen_contract_and_soc,32661.4647997501,30156.488819077487,2504.97598067262,48504.03960433393,35444.70299004821,13059.336614285716,4692.0582818054345,677.3879166666669,21,9,13343.11920820635,16260.14622917374,18711.11459773896,15166.184321261311,10800.0,10788.6872254525,2303.7945064709006,10800.0,0.9039361000031931,1.1368683772161603e-13,0,1.5,1.5000000000000002
2025-06-22,greedy,error_scaled_frozen_contract_and_soc,56046.67339726391,56046.67339726391,0.0,87436.28180587375,74405.19622015946,13031.085585714289,4712.525094448132,0.0,0,0,17346.086155418136,837.8275321428565,16650.32910640799,13486.766576190475,10800.0,10800.0,1886.5294616402118,10800.0,0.0011334000009810552,2.2737367544323206e-13,0,1.5,1.5
2025-06-22,mpc,error_scaled_frozen_contract_and_soc,62439.017822776994,56046.67339726391,6392.344425513094,87436.28180587375,74405.19622015946,13031.085585714289,4712.525094448132,1342.2742904761908,22,8,16910.614613472208,2452.1455321428557,17510.47815073487,14183.487788095235,10800.0,10799.999460000012,1253.851694622099,10800.0,1.0548463000013726,3.268496584496461e-13,0,1.5,1.5
2025-06-23,greedy,error_scaled_frozen_contract_and_soc,55965.499041070594,55965.499041070594,0.0,87301.87642648337,74284.07062410243,13017.805802380954,4720.456729174759,0.0,0,0,16374.860947648447,2067.0773540270425,17489.11070700895,14166.179672677246,10800.0,10800.0,2236.2476878306907,10800.0,0.000818300002720207,2.2737367544323206e-13,0,1.5,1.5
2025-06-23,mpc,error_scaled_frozen_contract_and_soc,61365.94823452078,55965.499041070594,5400.449193450188,87301.87642648337,74284.07062410243,13017.805802380954,4720.456729174759,1175.923047677248,25,13,16493.133436231932,3287.0683870934854,17184.23142464473,14023.640864285713,10800.0,10683.985099640582,1200.0,10800.0,1.0161479999951553,2.2737367544323206e-13,0,1.5,1.5
2025-06-24,greedy,error_scaled_frozen_contract_and_soc,65695.3375786641,55433.494663900434,10261.842914763674,86240.78777669225,73242.79265764463,12997.99511904762,4743.433991920752,2132.101112952377,9,1,4483.46690831864,0.0,21324.44639920949,17272.801583359695,10800.0,10800.0,1200.0,10800.0,0.0002469999890308827,2.2737367544323206e-13,0,1.5,1.5
2025-06-24,mpc,error_scaled_frozen_contract_and_soc,89000.00630215001,55433.494663900434,33566.511638249576,86240.78777669225,73242.79265764463,12997.99511904762,4743.433991920752,6716.19297121358,50,13,10040.671979082339,17.462651190476066,16187.924695112459,13126.855742955633,10800.0,10783.73695565051,1200.0,10800.0,0.9533318000030704,2.2737367544323206e-13,0,1.5,1.5
2025-06-25,greedy,error_scaled_frozen_contract_and_soc,55542.51914342656,55542.51914342656,0.0,86549.86595626369,73144.81342293035,13405.052533333333,4681.207494807181,0.0,0,0,11741.490726763986,111.5277880952383,18608.17039335685,15072.618018619049,10800.0,10800.0,2161.3017195767193,10800.0,0.0003617999900598079,1.1368683772161603e-13,0,1.5,1.4999999999999998
2025-06-25,mpc,error_scaled_frozen_contract_and_soc,63639.37667046764,55542.51914342656,8096.857527041074,86549.86595626369,73144.81342293035,13405.052533333333,4681.207494807181,1647.3127726190482,33,14,13480.666908319348,312.85002445579164,17065.090607583792,13822.72387814286,10800.0,10799.999460000012,1215.3545137486897,10800.0,1.092261999991024,2.2737367544323206e-13,0,1.5,1.4999999999999998
2025-06-26,greedy,error_scaled_frozen_contract_and_soc,55912.144734506306,55833.164877736664,78.97985676964392,86797.79607669837,73662.08831717455,13135.70775952381,4794.534746971467,11.724167857143016,1,1,16052.524885898838,613.7547942092884,18656.256391828334,15111.567677380952,10800.0,10800.0,2041.6722235449733,10800.0,0.0003316999936942011,1.1368683772161603e-13,0,1.5,1.5000000000000002
2025-06-26,mpc,error_scaled_frozen_contract_and_soc,63059.45036963608,55833.164877736664,7226.285491899405,86797.79607669837,73662.08831717455,13135.70775952381,4794.534746971467,1481.3504619047621,27,8,16560.442918070243,1886.6478545984253,17393.17537545827,14159.671459523808,10800.0,10720.889549552658,1451.3366005714295,10800.0,0.9881134000024758,2.2737367544323206e-13,0,1.5,1.5000000000000002
2025-06-27,greedy,error_scaled_frozen_contract_and_soc,28841.141203624087,28841.141203624087,0.0,46623.29965486439,33487.73828343582,13135.561371428572,4788.186215131586,0.0,0,0,10833.369630011757,14098.005415205891,19192.972488115687,15546.307715373705,10800.0,10800.0,2129.8690047567297,10800.0,0.00038160000985953957,2.2737367544323206e-13,0,1.5,1.4999999999999998
2025-06-27,mpc,error_scaled_frozen_contract_and_soc,32513.518251244328,28841.141203624087,3672.3770476202412,46623.29965486439,33487.73828343582,13135.561371428572,4788.186215131586,804.5834559523815,28,10,11090.592562975955,14724.692366972398,18813.72254564688,15246.384201683228,10800.0,10791.923400323052,2233.592400153556,10800.0,0.8966413000016473,1.1368683772161603e-13,0,1.5,1.4999999999999998
2025-06-28,greedy,error_scaled_frozen_contract_and_soc,28719.466009170534,28719.466009170534,0.0,46856.668101468196,33826.85687765867,13029.811223809524,4791.671331029602,0.0,0,0,9693.876030922987,12651.28571301188,18518.177201303224,14999.723533055612,10800.0,10800.0,2641.1607059391554,10800.0,0.00030449999030679464,2.2737367544323206e-13,0,1.5,1.5
2025-06-28,mpc,error_scaled_frozen_contract_and_soc,32553.677978441963,28719.466009170534,3834.2119692714305,46856.668101468196,33826.85687765867,13029.811223809524,4791.671331029602,842.1083607142862,20,11,9072.15966632363,14092.820997487246,18801.7588046415,15261.015695555612,10800.0,10764.89881800445,1339.8290742308557,10800.0,1.0768354000028921,2.2737367544323206e-13,0,1.5,1.5
2025-06-29,greedy,error_scaled_frozen_contract_and_soc,55066.14926351918,55066.14926351918,0.0,86184.2712734869,73188.07310205832,12996.198171428572,4759.210906809721,0.0,0,0,12910.62343722881,231.3137857142856,18981.468361258085,15374.989372619048,10800.0,10800.0,2190.1081587433864,10800.0,0.0006736999930581078,2.2737367544323206e-13,0,1.5,1.5
2025-06-29,mpc,error_scaled_frozen_contract_and_soc,63134.73475444835,55066.14926351918,8068.585490929176,86184.2712734869,73188.07310205832,12996.198171428572,4759.210906809721,1771.664671428573,32,12,13636.007080923684,1522.476552380952,17692.61966161083,14331.02241190476,10800.0,10799.999460000012,1200.0,10800.0,0.9668187999923248,2.2737367544323206e-13,0,1.5,1.5
2025-06-30,greedy,error_scaled_frozen_contract_and_soc,56015.234122376765,55648.198096787484,367.03602558928594,86693.87633978148,73666.86139454338,13027.014945238096,4763.395536869324,54.489560714285744,2,2,12576.115618247393,422.2346940476182,19028.188615843617,15412.83277883333,10800.0,10800.0,2223.401646825399,10800.0,0.00026879999495577067,1.5276668818842154e-13,0,1.5,1.5
2025-06-30,mpc,error_scaled_frozen_contract_and_soc,63331.76054447557,55648.198096787484,7683.562447688091,86693.87633978148,73666.86139454338,13027.014945238096,4763.395536869324,1790.3615083333325,30,11,13738.372959253125,1401.7527629096064,17659.53960716637,14450.08723240476,10800.0,10637.933166,1200.0,10800.0,1.0217155999998795,2.2737367544323206e-13,0,1.5,1.5
2025-07-01,greedy,error_scaled_frozen_contract_and_soc,76767.92541136162,56127.208129442224,20640.71728191941,87549.69229103794,74481.1053529427,13068.586938095239,4769.063415307936,3544.649853238093,24,3,4612.437645775149,258.223339285714,20676.988355643738,17605.98887857143,10800.0,9847.079655000001,1200.0,10800.0,0.0003169999981764704,2.2737367544323206e-13,0,1.5,1.5
2025-07-01,mpc,error_scaled_frozen_contract_and_soc,90848.05680645331,56127.208129442224,34720.84867701108,87549.69229103794,74481.1053529427,13068.586938095239,4769.063415307936,8108.818020807755,79,14,10108.01017039084,325.6426130952396,15420.021877456615,13347.84603123986,10800.0,9847.079655000001,1200.0,10800.0,0.9425133999902755,2.2737367544323206e-13,0,1.5,1.5
2025-07-02,greedy,error_scaled_frozen_contract_and_soc,73676.16977830726,53801.92878173876,19874.240996568507,84529.75973265764,72386.3801398005,12143.379592857144,4852.315540049167,3170.136364961568,22,3,7288.8301618573105,1630.123945238095,20747.880680952385,17423.618897571425,10429.70898,9743.22504,1200.0,10800.0,0.00026610000350046903,2.2737367544323206e-13,0,1.5,1.5
2025-07-02,mpc,error_scaled_frozen_contract_and_soc,87811.88179280558,53801.92878173876,34009.95301106682,84529.75973265764,72386.3801398005,12143.379592857144,4852.315540049167,8263.161052753127,67,7,11374.816056136788,3428.05737307048,16618.5728897929,14085.205740732248,10429.70898,9736.19598,1200.0,10721.482105714285,1.0778964000055566,2.2737367544323206e-13,0,1.5,1.5
2025-07-03,greedy,error_scaled_frozen_contract_and_soc,98633.56428819976,52555.538027529874,46078.026260669896,82519.71954590306,70947.12233161734,11572.597214285714,4811.755584762897,7661.696844357143,29,3,348.9014142857151,0.0,20356.13119328678,16957.46429231229,10379.455215,9858.346297500002,1200.0,10379.455215,0.0004434000002220273,2.2737367544323206e-13,0,1.5,1.5000000000000002
2025-07-03,mpc,error_scaled_frozen_contract_and_soc,107300.18713205602,52555.538027529874,54744.64910452614,82519.71954590306,70947.12233161734,11572.597214285714,4811.755584762897,12166.838938821487,94,8,5554.692726631473,208.81545952380935,15569.474996417212,13080.272772847944,10379.455215,9858.346297500002,1200.0,10689.7064925,1.0108579999941867,2.2737367544323206e-13,0,1.5,1.5000000000000002
2025-07-04,greedy,error_scaled_frozen_contract_and_soc,60048.67651933324,26846.981864763096,33201.694654570136,44482.83346062778,32948.210174913496,11534.623285714286,4994.552136729166,7513.0528357769745,28,3,3285.649067342741,11815.213509523812,20128.841927895355,17105.081278595244,10448.936895,9559.248764999998,1200.0,10800.0,0.0002710999979171902,1.1368683772161603e-13,0,1.5,1.5
2025-07-04,mpc,error_scaled_frozen_contract_and_soc,76175.01685565471,26846.981864763096,49328.03499089162,44482.83346062778,32948.210174913496,11534.623285714286,4994.552136729166,11336.887652235473,77,5,3555.829550000001,16265.816750889386,15408.058203872519,13281.246462136744,10448.936895,9559.248764999998,1200.0,10448.936895,1.0765516000101343,1.1368683772161603e-13,0,1.5,1.5
2025-07-05,greedy,error_scaled_frozen_contract_and_soc,64568.72890092479,26869.576215331483,37699.152685593304,45001.090558768024,33422.33338733945,11578.757171428571,4975.596823782063,7784.838881243872,29,2,3242.7768047619056,12356.788670238093,20307.337441666663,16815.652764750004,10267.580370000001,9860.12544,1200.0,10800.0,0.0008055999933276325,1.1368683772161603e-13,0,1.5,1.4999999999999998
2025-07-05,mpc,error_scaled_frozen_contract_and_soc,75132.74433288784,26869.576215331483,48263.16811755635,45001.090558768024,33422.33338733945,11578.757171428571,4975.596823782063,11048.398482715053,79,4,3650.196621114128,16048.195507580444,16222.444716543521,13566.027091850252,10267.580370000001,9794.4171795,1200.0,10284.058627500002,1.0631238999922061,1.1368683772161603e-13,0,1.5,1.4999999999999998
2025-07-06,greedy,error_scaled_frozen_contract_and_soc,125333.17108434702,50568.24221845308,74764.92886589395,79377.80984098585,67722.2363386049,11655.573502380952,4912.504035782937,11542.46046658066,26,3,513.6834960725402,0.0,17897.578731672547,15415.484785654762,10457.356604999999,9436.861035,1200.0,10457.356604999999,0.00024980001035146415,2.2737367544323206e-13,0,1.5,1.5
2025-07-06,mpc,error_scaled_frozen_contract_and_soc,126912.18028320967,50568.24221845308,76343.9380647566,79377.80984098585,67722.2363386049,11655.573502380952,4912.504035782937,15766.096339104757,102,10,4544.783973599019,1154.8663561011576,12918.965358759197,11399.20237384495,10457.356604999999,9418.645012500001,1200.0,10743.377930357143,0.9437923999939812,2.2737367544323206e-13,0,1.5,1.5
2025-07-07,greedy,error_scaled_frozen_contract_and_soc,75758.33528949399,50111.81627454565,25646.519014948353,78786.10910134703,66887.79363944227,11898.31546190476,4746.059161942659,4147.268187249989,23,3,464.76269404761877,0.0,20510.951015047045,16918.364671688112,10215.098684999999,9876.77163,1200.0,10347.17082348943,0.0003848000051220879,2.2737367544323206e-13,0,1.5,1.4999999999999996
2025-07-07,mpc,error_scaled_frozen_contract_and_soc,91348.23141135438,50111.81627454565,41236.41513680873,78786.10910134703,66887.79363944227,11898.31546190476,4746.059161942659,9192.90976301856,76,7,5007.609836671225,1541.483942857143,15044.165075994868,12490.268242348113,10215.098684999999,9876.771428564141,1200.0,10741.52634124486,1.0542564000061247,2.2737367544323206e-13,0,1.5,1.4999999999999996
2025-07-08,greedy,error_scaled_frozen_contract_and_soc,59805.75925741624,59514.47324569005,291.2860117261905,92796.17993279327,80875.24648041232,11920.93345238095,4438.170494052896,43.26244047619048,1,1,11314.819452862652,2094.8272531452094,20639.53582669018,16387.164885619048,10432.378740000002,10800.0,2210.0794219576737,10800.0,0.0011253999982727692,2.2737367544323206e-13,0,1.5,1.5
2025-07-08,mpc,error_scaled_frozen_contract_and_soc,69923.73842404422,59514.47324569005,10409.265178354166,92796.17993279327,80875.24648041232,11920.93345238095,4438.170494052896,2194.0849464285716,42,14,13696.146076237634,2325.184682125554,18285.199323144374,14493.689928476191,10432.378740000002,10784.958210300832,1279.4919663594856,10784.958210300832,0.9665276000014273,2.2737367544323206e-13,0,1.5,1.5
2025-07-09,greedy,error_scaled_frozen_contract_and_soc,59059.72574861052,59021.26249852718,38.46325008333353,91613.3139376012,79644.02950902976,11969.284428571427,4434.904506940675,5.702483333333362,1,1,13688.658743136388,1155.8630833039424,18290.976412124837,14815.690893821116,10800.0,10800.0,2659.307858465609,10800.0,0.000552199999219738,1.1368683772161603e-13,0,1.5,1.5
2025-07-09,mpc,error_scaled_frozen_contract_and_soc,66124.61062333969,59021.26249852718,7103.348124812493,91613.3139376012,79644.02950902976,11969.284428571427,4434.904506940675,1428.858203571427,23,7,13653.429589296577,2719.218785244856,17738.50144021421,14368.186749773497,10800.0,10799.999352000017,1691.9482315911855,10800.0,1.0419370000017807,2.2737367544323206e-13,0,1.5,1.5
2025-07-10,greedy,error_scaled_frozen_contract_and_soc,59729.37125797008,59729.37125797008,0.0,92294.13744148675,80363.64414862961,11930.493292857142,4458.875050226587,0.0,0,0,15555.101790017035,2149.339329761904,17933.84607289829,14526.415319047617,10800.0,10800.0,2136.817361111112,10800.0,0.00029460000223480165,1.1368683772161603e-13,0,1.5,1.5
2025-07-10,mpc,error_scaled_frozen_contract_and_soc,64658.02792432723,59729.37125797008,4928.656666357145,92294.13744148675,80363.64414862961,11930.493292857142,4458.875050226587,939.4310452380955,22,12,15077.425487433557,3520.0009232943685,18227.89321290169,14774.016704761903,10800.0,10789.529775209403,1616.0891434285722,10800.0,1.1245178999961354,2.2737367544323206e-13,0,1.5,1.5
2025-07-11,greedy,error_scaled_frozen_contract_and_soc,34311.766328988844,34311.766328988844,0.0,55126.64299067941,43248.658335917506,11877.984654761905,4479.774366942857,0.0,0,0,9329.701237536745,8279.893258598917,18616.775384816716,15079.588061701541,10800.0,10800.0,2564.099630596172,10800.0,0.0004898999904980883,1.1368683772161603e-13,0,1.5,1.4999999999999998
2025-07-11,mpc,error_scaled_frozen_contract_and_soc,38894.64230064241,34311.766328988844,4582.875971653569,55126.64299067941,43248.658335917506,11877.984654761905,4479.774366942857,1210.706189285714,24,6,9334.795651601986,9591.36955505394,18059.59676358217,14628.273961701541,10800.0,10799.999352000017,1403.821978441806,10800.0,1.115117100009229,1.1368683772161603e-13,0,1.5,1.4999999999999998
2025-07-12,greedy,error_scaled_frozen_contract_and_soc,34180.40410921958,34180.40410921958,0.0,55144.83860375941,43185.61027994989,11959.22832380952,4454.7564859225,0.0,0,0,8289.1401803057,12005.00698721032,17877.10712057921,14480.456767669159,10800.0,10800.0,2627.365923280423,10800.0,0.0010600999958114699,1.1368683772161603e-13,0,1.5,1.4999999999999998
2025-07-12,mpc,error_scaled_frozen_contract_and_soc,37617.13218847137,34180.40410921958,3436.7280792517877,55144.83860375941,43185.61027994989,11959.22832380952,4454.7564859225,747.3761083333338,21,10,8713.462552489076,12323.181439685955,17902.79063044401,14501.260993859632,10800.0,10799.999352000017,1796.7910521279314,10800.0,1.0070381999976235,2.2737367544323206e-13,0,1.5,1.4999999999999998
2025-07-13,greedy,error_scaled_frozen_contract_and_soc,59768.92749044571,59493.19795864214,275.72953180357086,92349.52734328894,80262.58119328895,12086.946149999998,4387.450220445437,41.015921428571346,1,1,17130.125093916155,6348.539677100891,16168.237128498753,13096.27207408399,10800.0,10800.0,2590.658206349207,10800.0,0.0003575000009732321,2.2737367544323206e-13,0,1.5,1.5000000000000002
2025-07-13,mpc,error_scaled_frozen_contract_and_soc,62205.775910884986,59493.19795864214,2712.5779522428543,92349.52734328894,80262.58119328895,12086.946149999998,4387.450220445437,461.7188821428568,10,6,18157.669809327595,5340.222908614765,18281.266586335343,14807.82651813161,10800.0,10799.999352000017,1796.6591666344802,10800.0,1.0424076000053901,2.2737367544323206e-13,0,1.5,1.5000000000000002
2025-07-14,greedy,error_scaled_frozen_contract_and_soc,58399.73643317652,58399.73643317652,0.0,91050.01088425552,79148.09987711266,11901.911007142855,4344.417517699326,0.0,0,0,15221.300094679602,2598.6504533656653,16053.986813387317,13003.729318843729,10800.0,10800.0,2258.1332685185207,10800.0,0.000374700000975281,2.2737367544323206e-13,0,1.5,1.5
2025-07-14,mpc,error_scaled_frozen_contract_and_soc,61515.7289101908,58399.73643317652,3115.9924770142816,91050.01088425552,79148.09987711266,11901.911007142855,4344.417517699326,510.6337869047613,12,7,14962.871657857848,2976.704617567487,18138.42358719772,14697.158033129446,10800.0,10794.405636111902,1385.2811856238231,10800.0,0.9024012999871047,2.2737367544323206e-13,0,1.5,1.5
2025-07-15,greedy,error_scaled_frozen_contract_and_soc,58535.00196652431,58535.00196652431,0.0,90700.84935012928,78794.440714415,11906.408635714282,4292.775918274605,0.0,0,0,15764.477922042874,140.0753749999999,15872.971181657842,12857.106657142856,10800.0,10800.0,2783.3146137566155,10800.0,0.0007225000008475035,2.2737367544323206e-13,0,1.5,1.4999999999999998
2025-07-15,mpc,error_scaled_frozen_contract_and_soc,62985.09220473844,58535.00196652431,4450.090238214132,90700.84935012928,78794.440714415,11906.408635714282,4292.775918274605,842.2254699399443,19,10,12173.67960555754,4233.082363959722,17662.53583147651,14306.654509495966,10800.0,10799.999460000012,1200.0,10800.0,1.1214525000104913,2.2737367544323206e-13,0,1.5,1.4999999999999998
2025-07-16,greedy,error_scaled_frozen_contract_and_soc,57807.83405364512,57807.83405364512,0.0,89721.82633301965,77767.49013540059,11954.336197619046,4373.80398421881,0.0,0,0,13554.461647663138,1610.1865876690156,17231.11159183891,13957.200389389516,10800.0,10800.0,2361.386153439156,10800.0,0.0004165999998804182,2.2737367544323206e-13,0,1.5,1.5
2025-07-16,mpc,error_scaled_frozen_contract_and_soc,63898.7831804061,57807.83405364512,6090.94912676098,89721.82633301965,77767.49013540059,11954.336197619046,4373.80398421881,1288.4335327642543,16,9,12300.070518047367,4123.050277195164,17444.864005738058,14140.991830434788,10800.0,10788.164460236707,1200.0,10800.0,1.0017518000095151,2.2737367544323206e-13,0,1.5,1.5
2025-07-17,greedy,error_scaled_frozen_contract_and_soc,57657.923455521435,57657.923455521435,0.0,89222.0675821017,77355.34345114933,11866.72413095238,4445.885476039088,0.0,0,0,11521.80402813051,1797.952543856558,18712.34969609211,15157.003253834611,10800.0,10800.0,2753.3419431216935,10800.0,0.0003974999999627471,2.2737367544323206e-13,0,1.5,1.4999999999999998
2025-07-17,mpc,error_scaled_frozen_contract_and_soc,68609.79570809107,57657.923455521435,10951.872252569632,89222.0675821017,77355.34345114933,11866.72413095238,4445.885476039088,2269.6862952380934,36,16,12624.674653819367,3340.4998398690823,17213.74379939073,14034.128983596518,10800.0,10698.892771011084,1225.706202959328,10800.0,1.1047777000057977,2.2737367544323206e-13,0,1.5,1.4999999999999998
2025-07-18,greedy,error_scaled_frozen_contract_and_soc,33605.18820445317,33605.18820445317,0.0,54489.36480390252,42592.98716104538,11896.377642857142,4309.550831768969,0.0,0,0,8927.031688521456,9365.102701819696,16908.739789420746,13696.079229430808,10800.0,10800.0,2952.429064814816,10800.0,0.00029209999775048345,2.2737367544323206e-13,0,1.5,1.5
2025-07-18,mpc,error_scaled_frozen_contract_and_soc,36397.91444426832,33605.18820445317,2792.7262398151493,54489.36480390252,42592.98716104538,11896.377642857142,4309.550831768969,530.0310788377905,16,10,8274.777667457416,10414.042328996778,17808.824423462465,14462.81839074778,10800.0,10758.14376917424,1200.0,10800.0,1.0910318000096595,1.1368683772161603e-13,0,1.5,1.5
2025-07-19,greedy,error_scaled_frozen_contract_and_soc,33872.7797764174,33872.7797764174,0.0,54738.65519584145,42560.967007746214,12177.688188095235,4292.476615862937,0.0,0,0,9012.751358539093,15831.132153390392,17482.067941641937,14160.475032729973,10800.0,10800.0,2688.5899867724884,10800.0,0.0004152000037720427,2.2737367544323206e-13,0,1.5,1.5
2025-07-19,mpc,error_scaled_frozen_contract_and_soc,36503.13566402515,33872.7797764174,2630.3558876077386,54738.65519584145,42560.967007746214,12177.688188095235,4292.476615862937,691.9443345238095,18,11,9206.582784506518,16274.300008560875,17817.469149789744,14440.931187491879,10800.0,10790.243137597578,1780.205940112086,10800.0,1.1082477999880211,1.1368683772161603e-13,0,1.5,1.5
2025-07-20,greedy,error_scaled_frozen_contract_and_soc,57494.43903554366,57494.43903554366,0.0,88535.96628321864,76358.03560940911,12177.930673809522,4299.661203891429,0.0,0,0,12356.164722810106,1056.7787511904764,17114.6113079146,13862.835159410828,10800.0,10800.0,2736.042322751325,10800.0,0.0004464000085135922,2.2737367544323206e-13,0,1.5,1.5
2025-07-20,mpc,error_scaled_frozen_contract_and_soc,61711.377264437695,57494.43903554366,4216.938228894046,88535.96628321864,76358.03560940911,12177.930673809522,4299.661203891429,957.2743499999997,22,10,12897.373927957917,1528.0386085940895,16824.11537869651,13627.533942744161,10800.0,10799.999460000012,1369.3402587236133,10800.0,1.1264327999961097,2.2737367544323206e-13,0,1.5,1.5
2025-07-21,greedy,error_scaled_frozen_contract_and_soc,58657.380632682616,58657.380632682616,0.0,90477.39476484801,78134.57489580038,12342.819869047617,4246.4479516935335,0.0,0,0,12623.36937961493,708.0442214285711,17330.666789447325,14037.840099452336,10800.0,10800.0,2882.058715608467,10800.0,0.0008604000031482428,2.2737367544323206e-13,0,1.5,1.5
2025-07-21,mpc,error_scaled_frozen_contract_and_soc,64508.98547996714,58657.380632682616,5851.604847284527,90477.39476484801,78134.57489580038,12342.819869047617,4246.4479516935335,1184.2279500000006,25,10,12018.227307091733,2587.443768468801,16856.82974462077,13654.032579142813,10800.0,10799.999460000012,1200.0,10800.0,1.1406560999894282,1.1368683772161603e-13,0,1.5,1.5
2025-07-22,greedy,error_scaled_frozen_contract_and_soc,58029.83055840958,58029.83055840958,0.0,89808.30848165134,77343.88005784183,12464.42842380952,4202.715991152303,0.0,0,0,11862.396595346207,612.9523070347448,17663.465818215103,14307.40731275424,10800.0,10800.0,2333.0511719576716,10800.0,0.0004285000031813979,2.2737367544323206e-13,0,1.5,1.5
2025-07-22,mpc,error_scaled_frozen_contract_and_soc,65792.43513761196,58029.83055840958,7762.6045792023815,89808.30848165134,77343.88005784183,12464.42842380952,4202.715991152303,1624.9275333333335,30,13,12466.91243888442,1883.5979351182182,16923.012579926755,13817.188012754239,10800.0,10678.280196651589,1200.0,10800.0,1.04617309999594,1.1368683772161603e-13,0,1.5,1.5
2025-07-23,greedy,error_scaled_frozen_contract_and_soc,58642.66972044678,58642.66972044678,0.0,90867.62583455862,78355.13153455863,12512.494299999997,4207.61200108766,0.0,0,0,11453.267749235742,1650.7233380952382,19166.141288666826,15524.574443820135,10800.0,10800.0,2503.764243386244,10800.0,0.0003794000076595694,2.2737367544323206e-13,0,1.5,1.5
2025-07-23,mpc,error_scaled_frozen_contract_and_soc,69511.02827932655,58642.66972044678,10868.358558879765,90867.62583455862,78355.13153455863,12512.494299999997,4207.61200108766,2175.932339285715,29,8,13488.548771877526,2156.875287937267,17242.45681499254,13966.390603343942,10800.0,10799.999352000017,1350.2603133631337,10800.0,1.0232296999893151,2.2737367544323206e-13,0,1.5,1.5
2025-07-24,greedy,error_scaled_frozen_contract_and_soc,58525.94521774065,58525.94521774065,0.0,90616.45040767934,78073.24547434601,12543.204933333329,4211.436809933018,0.0,0,0,13010.892724720758,1066.6001357142857,16489.66362584725,13356.627536936276,10800.0,10800.0,2666.780167989422,10800.0,0.0003597000031732023,2.2737367544323206e-13,0,1.5,1.5
2025-07-24,mpc,error_scaled_frozen_contract_and_soc,68007.73595834518,58525.94521774065,9481.79074060453,90616.45040767934,78073.24547434601,12543.204933333329,4211.436809933018,1825.3943784500004,24,13,12422.255744934922,3426.5167690791322,16793.868087744424,13606.717273962466,10800.0,10795.906530122798,1200.0,10800.0,0.9438196999981301,2.2737367544323206e-13,0,1.5,1.5
2025-07-25,greedy,error_scaled_frozen_contract_and_soc,33386.067688411,33386.067688411,0.0,54084.03373912489,41829.664005791565,12254.369733333331,4071.596640023135,0.0,0,0,10109.267633913742,15062.715573809524,17626.09144346721,14277.134069208438,10800.0,10800.0,2793.7853223015863,10800.0,0.0007978000066941604,2.2737367544323206e-13,0,1.5,1.5000000000000002
2025-07-25,mpc,error_scaled_frozen_contract_and_soc,36161.10812910982,33386.067688411,2775.040440698815,54084.03373912489,41829.664005791565,12254.369733333331,4071.596640023135,755.939345238096,22,11,10755.31058732478,15150.229821441977,17743.894760280862,14372.555241827486,10800.0,10799.999460000012,2372.4867331389787,10800.0,1.030809700008831,1.1368683772161603e-13,0,1.5,1.5000000000000002
2025-07-26,greedy,error_scaled_frozen_contract_and_soc,33955.95726233352,33955.95726233352,0.0,54784.324456613205,42658.5197018513,12125.804754761903,4056.1954293198405,0.0,0,0,10480.632484171083,12619.84492724813,17703.30519400352,14339.677207142857,10800.0,10800.0,2780.78532804233,10800.0,0.0003665000112960115,2.2737367544323206e-13,0,1.5,1.5
2025-07-26,mpc,error_scaled_frozen_contract_and_soc,37167.511130859704,33955.95726233352,3211.5538685261904,54784.324456613205,42658.5197018513,12125.804754761903,4056.1954293198405,805.8099273809523,15,9,10435.622648528804,13453.803442453886,17792.051161463845,14411.561926785711,10800.0,10799.999460000012,2165.068654033079,10800.0,0.9942158000048948,2.2737367544323206e-13,0,1.5,1.5
2025-07-27,greedy,error_scaled_frozen_contract_and_soc,58908.90181727086,57615.687661676224,1293.214155594632,89385.28194028982,77247.34664505172,12137.935295238094,4086.898890654445,258.8414785714265,2,1,11557.77514056907,300.4365761904762,20656.711903292176,16731.936641666667,10800.0,10800.0,1200.0,10800.0,0.0002634999982547015,2.2737367544323206e-13,0,1.5,1.5
2025-07-27,mpc,error_scaled_frozen_contract_and_soc,73371.84096387264,57615.687661676224,15756.153302196426,89385.28194028982,77247.34664505172,12137.935295238094,4086.898890654445,3311.684961904761,33,8,13013.141425199577,2568.8086373443484,17292.715211079227,14038.834811904762,10800.0,10764.738343410456,1556.7822912857164,10800.0,1.0307680999976583,2.2737367544323206e-13,0,1.5,1.5
2025-07-28,greedy,error_scaled_frozen_contract_and_soc,57691.70262311742,57691.70262311742,0.0,89552.84762162433,77327.49473591003,12225.352885714285,4134.478453481944,0.0,0,0,5440.021100338043,0.0,20278.852004263692,16425.87012345359,10800.0,10800.0,1593.0175316005357,10800.0,0.0006150999979581684,2.2737367544323206e-13,0,1.5,1.5000000000000002
2025-07-28,mpc,error_scaled_frozen_contract_and_soc,75966.64430426652,57691.70262311742,18274.941681149103,89552.84762162433,77327.49473591003,12225.352885714285,4134.478453481944,3441.53478136203,40,12,9248.675221302721,382.38425714285677,16595.42385829901,13491.945574234418,10800.0,10744.830834430872,1200.0,10800.0,0.9464370000059716,2.2737367544323206e-13,0,1.5,1.5000000000000002
2025-07-29,greedy,error_scaled_frozen_contract_and_soc,59077.37791991973,58869.750635514974,207.62728440476133,91543.8868544694,79073.0698044694,12470.81705,4099.266264956825,30.837261904761817,1,1,11420.612626338894,45.45453928571442,18483.02694003527,14971.251821428574,10800.0,10800.0,2434.3068042328064,10800.0,0.0003116000007139519,2.2737367544323206e-13,0,1.5,1.5
2025-07-29,mpc,error_scaled_frozen_contract_and_soc,66930.45600828523,58869.750635514974,8060.705372770246,91543.8868544694,79073.0698044694,12470.81705,4099.266264956825,1575.8777630952395,28,12,12869.624968355336,281.56262857142883,17745.767219447403,14374.072030952379,10800.0,10799.999352000017,1363.1504711382604,10800.0,1.0238194999983534,2.2737367544323206e-13,0,1.5,1.5
2025-07-30,greedy,error_scaled_frozen_contract_and_soc,59225.44077745298,59225.44077745298,0.0,92032.76814036499,79546.76180703167,12486.006333333331,4123.639435024681,0.0,0,0,12614.403523687648,2440.825296021353,18659.95248340251,15114.561511556038,10800.0,10800.0,2315.1572107049315,10800.0,0.0008549999911338091,2.2737367544323206e-13,0,1.5,1.4999999999999998
2025-07-30,mpc,error_scaled_frozen_contract_and_soc,66059.43374979107,59225.44077745298,6833.992972338098,92032.76814036499,79546.76180703167,12486.006333333331,4123.639435024681,1486.1637369047626,21,6,14041.428749100232,2601.9488325693537,18123.19226310859,14679.786316317939,10800.0,10799.999352000017,1491.1109597458608,10800.0,0.9991840000002412,1.1368683772161603e-13,0,1.5,1.4999999999999998
2025-07-31,greedy,error_scaled_frozen_contract_and_soc,58712.75764022862,58712.75764022862,0.0,91561.4883066234,79078.65943281387,12482.828873809522,4067.496652938214,0.0,0,0,12551.442051057962,893.7571696798402,18883.10037057589,15295.31130016647,10800.0,10800.0,2167.474653187835,10800.0,0.0003040000010514632,2.2737367544323206e-13,0,1.5,1.5
2025-07-31,mpc,error_scaled_frozen_contract_and_soc,68158.9862994179,58712.75764022862,9446.228659189283,91561.4883066234,79078.65943281387,12482.828873809522,4067.496652938214,1809.1751154761898,34,11,13592.360897757531,1868.0109273809521,17910.292291175207,14528.50070969028,10800.0,10776.484495735154,1233.8350557365966,10800.0,1.083790599994245,2.2737367544323206e-13,0,1.5,1.5
2025-08-01,greedy,error_scaled_frozen_contract_and_soc,32892.11768292544,32892.11768292544,0.0,53344.86986262881,41654.92411977166,11689.945742857144,4407.55177447242,0.0,0,0,9868.052933303938,22654.360032448847,17728.40156877102,14360.005270704525,10800.0,10800.0,2530.3835520634916,10800.0,0.0007344000041484833,2.2737367544323206e-13,0,1.5,1.4999999999999998
2025-08-01,mpc,error_scaled_frozen_contract_and_soc,35658.98174495104,32892.11768292544,2766.8640620255937,53344.86986262881,41654.92411977166,11689.945742857144,4407.55177447242,775.3583238095235,15,9,11173.346850069904,22144.32512068045,18047.136094725836,14698.640477847384,10800.0,10710.599732089495,2113.7471935809795,10800.0,1.0536301999964053,2.2737367544323206e-13,0,1.5,1.4999999999999998
2025-08-02,greedy,error_scaled_frozen_contract_and_soc,32133.543242735395,32133.543242735395,0.0,52306.95465232722,41788.37046899389,10518.584183333332,4861.965758465753,0.0,0,0,9286.237160552613,22689.40619646303,17783.438565549677,14404.58523809524,10800.0,10800.0,2254.916183452379,10800.0,0.0002649999951245263,1.1368683772161603e-13,0,1.5,1.5000000000000004
2025-08-02,mpc,error_scaled_frozen_contract_and_soc,33977.94184663004,32133.543242735395,1844.3986038946432,52306.95465232722,41788.37046899389,10518.584183333332,4861.965758465753,386.35367500000007,14,8,10423.334898369134,21811.967515142154,18572.9021769649,15067.354231006108,10800.0,10774.107258150514,1819.4143002541646,10800.0,1.0109749999974156,1.1368683772161603e-13,0,1.5,1.5000000000000004
2025-08-03,greedy,error_scaled_frozen_contract_and_soc,56247.313197188836,55182.824243412055,1064.4889537767845,86288.46622880522,77004.60736690045,9283.858861904762,4933.815809295157,157.8983619047617,6,2,16236.014906433376,9306.220716567794,16429.609579419855,13307.983759330085,10800.0,10800.0,1469.8333465608468,10800.0,0.0003868999920086935,2.2737367544323206e-13,0,1.5,1.5
2025-08-03,mpc,error_scaled_frozen_contract_and_soc,59507.11845427396,55182.824243412055,4324.294210861903,86288.46622880522,77004.60736690045,9283.858861904762,4933.815809295157,745.9779511904758,15,5,15251.970453968344,10679.964234343894,18435.653559346887,15115.647215282464,10800.0,10596.924630876127,1438.743269142853,10800.0,1.027678600003128,2.2737367544323206e-13,0,1.5,1.5
2025-08-04,greedy,error_scaled_frozen_contract_and_soc,54000.52816243779,53660.66876577112,339.85939666666604,83773.35558807431,75402.37329997907,8370.982288095238,4811.136720297698,50.476666666666574,1,1,12404.723270359244,5973.8556342997745,16245.278609453897,13158.675673657657,10800.0,10800.0,1815.4515158730178,10800.0,0.0002550999925006181,1.1368683772161603e-13,0,1.5,1.5
2025-08-04,mpc,error_scaled_frozen_contract_and_soc,56340.80048835326,53660.66876577112,2680.1317225821417,83773.35558807431,75402.37329997907,8370.982288095238,4811.136720297698,609.9063083333328,16,9,11883.040456458086,6809.781921539723,18047.887574210345,14716.098470086228,10800.0,10691.87829447128,1301.3368400928687,10800.0,1.025219700008165,2.2737367544323206e-13,0,1.5,1.5
2025-08-05,greedy,error_scaled_frozen_contract_and_soc,52461.2643834912,52305.71696248406,155.54742100714253,81315.96637201101,73594.83327915389,7721.133092857141,4404.89901265365,23.09024285714281,1,1,10061.88175706936,5273.494469688868,16743.822594062316,13562.496301190477,10800.0,10800.0,2129.1724629629643,10800.0,0.0003863000019919127,2.2737367544323206e-13,0,1.5,1.5000000000000002
2025-08-05,mpc,error_scaled_frozen_contract_and_soc,56152.99242193228,52305.71696248406,3847.2754594482126,81315.96637201101,73594.83327915389,7721.133092857141,4404.89901265365,873.6924428571429,25,12,10537.18045332759,5530.025952460544,17808.89203812955,14508.793724287616,10800.0,10707.120918441466,1244.2182253932385,10800.0,1.0375971000030404,2.2737367544323206e-13,0,1.5,1.5000000000000002
2025-08-06,greedy,error_scaled_frozen_contract_and_soc,53532.494487162694,50965.21145899441,2567.283028168277,79215.82925329599,72364.93511996265,6850.894133333331,3594.2990238888888,368.0268707142776,2,2,5813.491295522694,2590.1715250975344,18176.38110054914,14854.058561444815,10800.0,10654.233477777778,1200.0,10800.0,0.00035790000401902944,1.1368683772161603e-13,0,1.5,1.5
2025-08-06,mpc,error_scaled_frozen_contract_and_soc,68590.83668314433,50965.21145899441,17625.625224149913,79215.82925329599,72364.93511996265,6850.894133333331,3594.2990238888888,3536.469967021427,35,17,7168.634495731543,4904.128194047617,15979.04928972354,13157.383523470999,10800.0,10561.829334672299,1200.0,10800.0,1.051989899991895,2.2737367544323206e-13,0,1.5,1.5
2025-08-07,greedy,error_scaled_frozen_contract_and_soc,50260.4237047194,50110.97369709857,149.45000762083367,77269.42425605941,70713.72454653561,6555.699709523808,3082.870094203095,22.119441666666717,1,1,6654.8735790417395,5467.027891666667,18921.63972239883,15326.528175143058,10800.0,10800.0,1819.6627328042348,10800.0,0.0003667999990284443,1.1368683772161603e-13,0,1.5,1.5
2025-08-07,mpc,error_scaled_frozen_contract_and_soc,56233.80620786822,50110.97369709857,6122.832510769646,77269.42425605941,70713.72454653561,6555.699709523808,3082.870094203095,1560.1828607142866,28,11,7630.033900381808,6508.127419122419,17542.969570031582,14426.054452524008,10800.0,10559.723221335084,1317.5628303389374,10800.0,1.0299321999918902,2.2737367544323206e-13,0,1.5,1.5
2025-08-08,greedy,error_scaled_frozen_contract_and_soc,28578.249218896206,28578.249218896206,0.0,47437.21148496075,40944.791101627416,6492.420383333332,3096.125355646705,0.0,0,0,5664.80077730747,24772.087027156136,19612.224408631635,15885.901770991628,10800.0,10800.0,1996.561012923281,10800.0,0.0008194999973056838,2.2737367544323206e-13,0,1.5,1.5
2025-08-08,mpc,error_scaled_frozen_contract_and_soc,32520.500244431925,28578.249218896206,3942.25102553572,47437.21148496075,40944.791101627416,6492.420383333332,3096.125355646705,889.4723369047631,22,8,7500.208689521238,23927.925199468307,19270.34694910569,15645.798059086865,10800.0,10759.092188543053,1629.406310540739,10800.0,0.9554394000006141,1.1368683772161603e-13,0,1.5,1.5
2025-08-09,greedy,error_scaled_frozen_contract_and_soc,27981.446590419655,27981.446590419655,0.0,46472.913776801186,40074.54465537262,6398.369121428572,3129.9384278748003,0.0,0,0,4195.668973647849,19599.811883558206,20302.96763446061,16445.403783913094,10800.0,10800.0,1875.3748400925876,10800.0,0.00037390000943560153,1.1368683772161603e-13,0,1.5,1.5
2025-08-09,mpc,error_scaled_frozen_contract_and_soc,33893.242832661694,27981.446590419655,5911.796242242037,46472.913776801186,40074.54465537262,6398.369121428572,3129.9384278748003,1429.5100657068765,28,11,5727.973979414574,19825.257377265985,19226.490630819437,15697.167214039553,10800.0,10662.544663249102,1425.8646150793636,10800.0,1.0123697999952128,1.1368683772161603e-13,0,1.5,1.5
2025-08-10,greedy,error_scaled_frozen_contract_and_soc,49594.158151057534,49446.2231639742,147.9349870833326,75839.71794379086,69256.31419140991,6583.403752380953,3076.1007221633713,21.934166666666556,1,1,5926.514321706361,1488.658557952661,17101.902737285433,13852.5412172012,10800.0,10800.0,2025.027764550266,10800.0,0.00043759999971371144,2.2737367544323206e-13,0,1.5,1.4999999999999998
2025-08-10,mpc,error_scaled_frozen_contract_and_soc,64255.192526387895,49446.2231639742,14808.969362413693,75839.71794379086,69256.31419140991,6583.403752380953,3076.1007221633713,2479.5068142857144,21,13,6064.028251414382,4171.045694412109,15599.94977629826,12712.916674762446,10800.0,10714.491826710164,1200.0,10800.0,1.060645100005786,2.2737367544323206e-13,0,1.5,1.4999999999999998
2025-08-11,greedy,error_scaled_frozen_contract_and_soc,50925.350777687156,49447.823754574056,1477.5270231130921,76529.98884902339,70054.75391807102,6475.23493095238,3001.927387038372,219.19156547619002,5,2,5784.575186375662,3593.048269488537,19470.810383795248,15771.356410874152,10800.0,10800.0,1340.9978452380954,10800.0,0.00059710000641644,2.2737367544323206e-13,0,1.5,1.5000000000000002
2025-08-11,mpc,error_scaled_frozen_contract_and_soc,58336.6436306949,49447.823754574056,8888.81987612084,76529.98884902339,70054.75391807102,6475.23493095238,3001.927387038372,1883.4585535714305,34,12,6529.76825083122,4878.112733576278,17968.23271239481,14634.769279921768,10800.0,10710.554685686697,1200.0,10800.0,1.1229458000016166,2.2737367544323206e-13,0,1.5,1.5000000000000002
2025-08-12,greedy,error_scaled_frozen_contract_and_soc,57163.728226875995,48239.45487587227,8924.273351003721,74577.84045015514,68321.93480015514,6255.905649999999,3144.4367844371427,1310.8331525714298,8,2,2548.1208793797787,610.4805718988864,17927.310408623078,14521.121430984691,10800.0,10800.0,1200.0,10800.0,0.0008126999891828746,2.2737367544323206e-13,0,1.5,1.5
2025-08-12,mpc,error_scaled_frozen_contract_and_soc,67166.21310302519,48239.45487587227,18926.758227152917,74577.84045015514,68321.93480015514,6255.905649999999,3144.4367844371427,3623.2547097714278,45,15,4151.770988106984,1588.8559273809497,16508.34503489,13371.759964260888,10800.0,10799.999460000012,1200.0,10800.0,1.0993242999975337,2.2737367544323206e-13,0,1.5,1.5
2025-08-13,greedy,error_scaled_frozen_contract_and_soc,50424.57578280719,48963.62391303934,1460.9518697678577,75541.64676359427,68922.91336359427,6618.7334,3095.346068816665,216.13093452380963,6,2,5379.459927730985,316.6568718721886,18418.046790429395,14918.617900247813,10800.0,10800.0,1587.1243518518552,10800.0,0.0002931000053649768,2.2737367544323206e-13,0,1.5,1.5000000000000002
2025-08-13,mpc,error_scaled_frozen_contract_and_soc,59228.02894985488,48963.62391303934,10264.405036815551,75541.64676359427,68922.91336359427,6618.7334,3095.346068816665,2042.1889439289812,31,14,6485.436874482153,1318.7953454105545,17098.741612997,13881.370133699784,10800.0,10765.122858697538,1200.0,10800.0,1.0825072000006912,2.2737367544323206e-13,0,1.5,1.5000000000000002
2025-08-14,greedy,error_scaled_frozen_contract_and_soc,50266.89883083676,48943.301302675456,1323.5975281613098,75705.20722500893,68866.99717738989,6838.210047619046,3070.4524939883327,193.33295476190483,5,2,4072.7440423133457,1456.8377487507337,21240.588192441537,17204.87643587765,10800.0,10800.0,1243.4981215873004,10800.0,0.0006162999925436452,2.2737367544323206e-13,0,1.5,1.5000000000000002
2025-08-14,mpc,error_scaled_frozen_contract_and_soc,65077.89533483375,48943.301302675456,16134.594032158304,75705.20722500893,68866.99717738989,6838.210047619046,3070.4524939883327,3188.109328451093,47,13,5533.716799057659,3684.2940972821116,17804.905994308705,14462.846969331316,10800.0,10754.58542895415,1200.0,10800.0,0.8806132999889087,2.2737367544323206e-13,0,1.5,1.5000000000000002
2025-08-15,greedy,error_scaled_frozen_contract_and_soc,28157.88352274271,28157.88352274271,0.0,46569.299163774434,39852.83237091729,6716.4667928571425,3112.0911004648406,0.0,0,0,4713.952593445034,21843.35124435704,21060.362480055068,17058.893608844613,10800.0,10800.0,1400.7128402784779,10800.0,0.0003525000065565109,1.1368683772161603e-13,0,1.5,1.5
2025-08-15,mpc,error_scaled_frozen_contract_and_soc,33769.692706734975,28157.88352274271,5611.809183992262,46569.299163774434,39852.83237091729,6716.4667928571425,3112.0911004648406,1483.6270642857144,37,13,5609.748419001277,22907.53667839184,19546.9371519639,16021.822476058771,10800.0,10590.218463368874,1297.9899570105817,10800.0,1.0728232999972533,1.1368683772161603e-13,0,1.5,1.5
2025-08-16,greedy,error_scaled_frozen_contract_and_soc,28249.718795001238,28249.718795001238,0.0,46815.9539790897,40108.24141956589,6707.7125595238085,3059.729410529285,0.0,0,0,4966.965046310997,22128.08314768171,21093.500335097,17085.73527142857,10800.0,10800.0,1221.8300875793689,10800.0,0.00027689999842550606,2.2737367544323206e-13,0,1.5,1.5
2025-08-16,mpc,error_scaled_frozen_contract_and_soc,34386.99803127743,28249.718795001238,6137.27923627619,46815.9539790897,40108.24141956589,6707.7125595238085,3059.729410529285,1434.998394047619,33,12,5811.319858186485,23031.726788769734,19700.242713758067,16005.477709005532,10800.0,10746.354321264997,1562.9000425032998,10800.0,1.0933817000041017,1.1368683772161603e-13,0,1.5,1.5
2025-08-17,greedy,error_scaled_frozen_contract_and_soc,50410.344778718914,49123.49589826416,1286.84888045476,75642.71361485083,68984.688655327,6658.02495952381,3029.821726945633,190.97397261904734,5,1,5484.277153953559,4635.784321428571,19096.752162617162,15468.3692517199,10800.0,10800.0,1525.7486530952394,10800.0,0.0004757999995490536,2.2737367544323206e-13,0,1.5,1.5
2025-08-17,mpc,error_scaled_frozen_contract_and_soc,57649.026243168315,49123.49589826416,8525.53034490416,75642.71361485083,68984.688655327,6658.02495952381,3029.821726945633,1906.27468690476,34,14,6082.787552831613,6012.775194922643,17729.629429530753,14361.447076719904,10800.0,10799.503068000005,1221.4736298499322,10800.0,1.0857441999978619,1.1368683772161603e-13,0,1.5,1.5
2025-08-18,greedy,error_scaled_frozen_contract_and_soc,50314.52936063107,48748.472272509054,1566.0570881220224,75220.12623825522,68827.58285254093,6392.543385714287,3031.3435946023396,230.66643690476167,5,3,4908.873894547327,2744.9664215902408,19697.594207887392,15955.051308388789,10800.0,10800.0,1780.325164113757,10800.0,0.0008505000005243346,2.2737367544323206e-13,0,1.5,1.4999999999999998
2025-08-18,mpc,error_scaled_frozen_contract_and_soc,64825.068352533,48748.472272509054,16076.596080023955,75220.12623825522,68827.58285254093,6392.543385714287,3031.3435946023396,3129.1167722302716,43,20,6025.614546140502,5054.433866183737,16944.364633129295,13729.579494491853,10800.0,10794.8398426032,1200.0,10800.0,0.9660847000050126,2.2737367544323206e-13,0,1.5,1.4999999999999998
2025-08-19,greedy,error_scaled_frozen_contract_and_soc,50271.23360441301,49204.25756202195,1066.9760423910695,75604.08062057942,69116.6483467699,6487.432273809525,3011.550582196387,158.10957499999972,3,2,4781.367864571863,3783.235051190474,17918.172838636314,14513.719999295414,10800.0,10800.0,1768.412678492063,10800.0,0.000381199992261827,2.2737367544323206e-13,0,1.5,1.5
2025-08-19,mpc,error_scaled_frozen_contract_and_soc,57512.11564392613,49204.25756202195,8307.858081904185,75604.08062057942,69116.6483467699,6487.432273809525,3011.550582196387,1776.367980922986,27,11,5726.3561866489745,4506.746694645522,17733.09079305774,14378.879513326012,10800.0,10783.24892116751,1200.0,10800.0,0.9150326999952085,2.2737367544323206e-13,0,1.5,1.5
2025-08-20,greedy,error_scaled_frozen_contract_and_soc,73553.39154147498,48876.52866869521,24676.862872779762,75159.05805018978,68689.91450733264,6469.143542857144,3001.8991596350775,3948.492373619043,14,3,1986.521650455614,0.0,19097.707861006926,15469.14336741561,10800.0,10800.0,1200.0,10800.0,0.0002868000010494143,2.2737367544323206e-13,0,1.5,1.5
2025-08-20,mpc,error_scaled_frozen_contract_and_soc,86766.92471812438,48876.52866869521,37890.39604942917,75159.05805018978,68689.91450733264,6469.143542857144,3001.8991596350775,7036.861668644961,51,12,4553.944515930301,1466.1499766780933,15220.020158139861,12536.659211675405,10800.0,10568.396796019873,1200.0,10800.0,1.0362228000012692,2.2737367544323206e-13,0,1.5,1.5
2025-08-21,greedy,error_scaled_frozen_contract_and_soc,49523.982413621445,49505.864973275005,18.117440346430072,75828.45649821547,69065.9324625012,6762.524035714287,3174.501260490474,2.687778571428794,2,2,4863.501055599652,1437.8682557907136,17744.41212990665,14372.973825224391,10800.0,10800.0,1611.3207037433883,10800.0,0.0004172000044491142,2.2737367544323206e-13,0,1.5,1.4999999999999998
2025-08-21,mpc,error_scaled_frozen_contract_and_soc,64843.4697952054,49505.864973275005,15337.604821930401,75828.45649821547,69065.9324625012,6762.524035714287,3174.501260490474,2692.4319445690444,30,16,5556.022011622025,3904.2935321428563,15987.431373722611,13085.195135417252,10800.0,10649.582530331183,1200.0,10800.0,1.0654454000032274,1.1368683772161603e-13,0,1.5,1.4999999999999998
2025-08-22,greedy,error_scaled_frozen_contract_and_soc,30546.332540819767,28403.09661765405,2143.2359231657165,47117.074626850066,40388.45541494531,6728.619211904762,3229.108584894125,307.2299201785718,1,1,3855.0884950617274,17475.39802256623,20869.99070022918,16934.707080352306,10800.0,10766.650429814814,1200.0,10800.0,0.00107640000351239,1.1368683772161603e-13,0,1.5,1.5
2025-08-22,mpc,error_scaled_frozen_contract_and_soc,44005.598965865654,28403.09661765405,15602.502348211605,47117.074626850066,40388.45541494531,6728.619211904762,3229.108584894125,3070.4884035457812,37,13,4911.205981538682,19912.85519271387,17913.171522176017,14708.204075556527,10800.0,10579.405397117833,1314.4147526455035,10800.0,0.9417724000086309,2.2737367544323206e-13,0,1.5,1.5
2025-08-23,greedy,error_scaled_frozen_contract_and_soc,28716.863460037686,28716.863460037686,0.0,47431.83370451577,40584.09430689672,6847.739397619047,3203.658337546626,0.0,0,0,4183.063583333336,15726.086281912467,19859.172268087525,16085.929537150898,10800.0,10800.0,1939.862174365083,10800.0,0.0003704999980982393,2.2737367544323206e-13,0,1.5,1.5000000000000002
2025-08-23,mpc,error_scaled_frozen_contract_and_soc,34543.10466784683,28716.863460037686,5826.24120780914,47431.83370451577,40584.09430689672,6847.739397619047,3203.658337546626,1211.5186231970818,26,16,5177.164587040765,16196.278927117542,19051.63364119883,15531.165935977626,10800.0,10689.619237103809,1223.8560277777776,10800.0,1.0206704000011086,1.1368683772161603e-13,0,1.5,1.5000000000000002
2025-08-24,greedy,error_scaled_frozen_contract_and_soc,50088.54961114233,50021.54407114233,67.00553999999808,76914.22550328927,69918.34768662261,6995.877816666667,3125.440446739204,9.939999999999714,1,1,5066.556591489696,5652.593498795433,19356.76812608699,15678.982182130463,10800.0,10800.0,1693.3150227513229,10800.0,0.0006391000060830265,2.2737367544323206e-13,0,1.5,1.5
2025-08-24,mpc,error_scaled_frozen_contract_and_soc,60297.201451152454,50021.54407114233,10275.657380010129,76914.22550328927,69918.34768662261,6995.877816666667,3125.440446739204,2129.1375059523834,45,21,6535.739708515735,6902.599495792929,17207.50923322085,14129.714897335476,10800.0,10587.075090637129,1200.0,10800.0,1.0342541999998502,2.2737367544323206e-13,0,1.5,1.5
2025-08-25,greedy,error_scaled_frozen_contract_and_soc,59215.77302740894,50320.344093512875,8895.428933896063,77514.33939319411,70497.65883128936,7016.680561904762,3126.3867674767052,1293.0701025595267,4,2,2203.496779732507,0.0,19737.129977805493,15987.075282022444,10800.0,10800.0,1200.0,10800.0,0.0004006000090157613,2.2737367544323206e-13,0,1.5,1.4999999999999998
2025-08-25,mpc,error_scaled_frozen_contract_and_soc,77314.53925293649,50320.344093512875,26994.195159423612,77514.33939319411,70497.65883128936,7016.680561904762,3126.3867674767052,5183.239048557137,44,14,5059.074757331141,1866.2693166666659,15651.820666873526,12733.444319358166,10800.0,10738.367134232656,1200.0,10800.0,1.031175299998722,2.2737367544323206e-13,0,1.5,1.4999999999999998
2025-08-26,greedy,error_scaled_frozen_contract_and_soc,51128.61243694335,50823.7418074499,304.8706294934553,78395.72887084603,71182.08431846507,7213.644552380952,3153.9780252530145,43.94898809523852,2,2,7579.086748799804,2602.4496458357057,19153.119943714555,15514.027154408794,10800.0,10800.0,1615.231586309527,10800.0,0.0004870999982813373,2.2737367544323206e-13,0,1.5,1.5
2025-08-26,mpc,error_scaled_frozen_contract_and_soc,60580.92630995456,50823.7418074499,9757.18450250465,78395.72887084603,71182.08431846507,7213.644552380952,3153.9780252530145,1921.3712784296536,33,15,7611.9475494231865,4760.3830166464795,17590.608915137545,14264.88800693152,10800.0,10781.672460366548,1200.0,10800.0,1.1700676000036765,2.2737367544323206e-13,0,1.5,1.5
2025-08-27,greedy,error_scaled_frozen_contract_and_soc,51082.57112580301,50956.20954830301,126.36157749999953,78298.74146327871,71213.21422042156,7085.527242857143,3123.0229000367444,18.767499999999927,1,1,5018.602982111443,1170.7189953870857,20687.09359683808,16756.545813438843,10800.0,10800.0,1709.3794452645516,10800.0,0.00039420000393874943,2.2737367544323206e-13,0,1.5,1.4999999999999998
2025-08-27,mpc,error_scaled_frozen_contract_and_soc,64165.7826488837,50956.20954830301,13209.573100580685,78298.74146327871,71213.21422042156,7085.527242857143,3123.0229000367444,2575.4678659641177,45,20,5921.44717295527,3376.7488577949,17810.278900729296,14431.904804617585,10800.0,10793.801227747943,1200.0,10800.0,0.9697165000106907,2.2737367544323206e-13,0,1.5,1.4999999999999998
2025-08-28,greedy,error_scaled_frozen_contract_and_soc,58422.95817253996,50615.12671385595,7807.831458684019,77703.46177635944,70935.42298350229,6768.038792857143,3137.241299169166,1277.3172774761874,7,4,2473.9920487654326,0.0,20447.68676227421,16562.626277442112,10800.0,10800.0,1200.0,10800.0,0.00041480000072624534,2.2737367544323206e-13,0,1.5,1.5
2025-08-28,mpc,error_scaled_frozen_contract_and_soc,67501.13500459987,50615.12671385595,16886.00829074393,77703.46177635944,70935.42298350229,6768.038792857143,3137.241299169166,3610.674662763752,50,14,5209.969543380409,170.86633619186932,17949.950860038793,14638.376820725976,10800.0,10690.092639894941,1200.0,10800.0,1.0671519000025,2.2737367544323206e-13,0,1.5,1.5
2025-08-29,greedy,error_scaled_frozen_contract_and_soc,29778.04504466061,29778.04504466061,0.0,48532.99436139666,41716.10264711095,6816.891714285714,3376.771525540396,0.0,0,0,5725.585301396234,16809.693729604936,20300.29698328454,16443.24055646048,10800.0,10800.0,2098.0843048587276,10800.0,0.0003677000058814883,1.1368683772161603e-13,0,1.5,1.5
2025-08-29,mpc,error_scaled_frozen_contract_and_soc,36326.31431561061,29778.04504466061,6548.26927095,48532.99436139666,41716.10264711095,6816.891714285714,3376.771525540396,1465.7646666666665,22,8,7013.0379531262115,17234.084281161646,19272.609993093094,15661.632102889052,10800.0,10743.535546129286,1687.55261355436,10800.0,1.014887400000589,2.2737367544323206e-13,0,1.5,1.5
2025-08-30,greedy,error_scaled_frozen_contract_and_soc,29471.328383162203,29471.328383162203,0.0,48244.5326239369,41372.97912631785,6871.55349761905,3399.764352042339,0.0,0,0,4688.457861772487,23676.799552391236,19142.5183346458,15505.439851063098,10800.0,10800.0,1631.328840105819,10800.0,0.0004107999993721023,2.2737367544323206e-13,0,1.5,1.4999999999999998
2025-08-30,mpc,error_scaled_frozen_contract_and_soc,34579.77450546209,29471.328383162203,5108.446122299885,48244.5326239369,41372.97912631785,6871.55349761905,3399.764352042339,1095.907579879124,28,12,5164.368205584282,24442.446793804647,19012.979511325357,15521.551033088737,10800.0,10665.51374564978,1266.7862374867686,10800.0,1.0526301999925636,1.1368683772161603e-13,0,1.5,1.4999999999999998
2025-08-31,greedy,error_scaled_frozen_contract_and_soc,52016.33685544552,51219.45504318064,796.8818122648804,78686.83231886855,71889.05537363046,6797.776945238096,3419.098695312063,118.06038214285707,4,3,6751.669551969428,2465.3814833333336,18901.620076411436,15310.312261893265,10800.0,10800.0,1463.6228531746049,10800.0,0.0004167000006418675,1.8918200339612667e-13,0,1.5,1.4999999999999998
2025-08-31,mpc,error_scaled_frozen_contract_and_soc,57180.394378653305,51219.45504318064,5960.9393354726635,78686.83231886855,71889.05537363046,6797.776945238096,3419.098695312063,1261.9536895651274,24,10,7313.83518338647,3190.7540271650405,18466.854376162686,15019.191429470993,10800.0,10732.178461356429,1200.0,10800.0,0.9898895999940578,2.2737367544323206e-13,0,1.5,1.4999999999999998
2025-09-01,greedy,error_scaled_frozen_contract_and_soc,51194.381235176465,51194.381235176465,0.0,78856.28735327742,71924.80447232505,6931.482880952382,3341.564184576348,0.0,0,0,23572.233243033515,6479.14029331271,12992.526574074072,10523.946525,10800.0,10800.0,4089.242546296296,10800.0,0.000705400001606904,1.1368683772161603e-13,0,1.5,1.5
2025-09-01,mpc,error_scaled_frozen_contract_and_soc,51194.381235176465,51194.381235176465,0.0,78856.28735327742,71924.80447232505,6931.482880952382,3341.564184576348,0.0,0,0,22570.35292035387,6531.61441142595,17989.404404423476,14571.418150783,10800.0,10799.999352000017,1802.2755414340095,10800.0,0.9602852999960305,2.2737367544323206e-13,0,1.5,1.5
2025-09-02,greedy,error_scaled_frozen_contract_and_soc,50770.06442770387,50770.06442770387,0.0,78078.62703016293,71167.21006349626,6911.416966666668,3342.0300248313474,0.0,0,0,22549.935636062793,5025.6507042517305,16251.256594440214,13163.517841496576,10800.0,10800.0,3200.147923469414,10800.0,0.00028509998810477555,2.2737367544323206e-13,0,1.5,1.5000000000000002
2025-09-02,mpc,error_scaled_frozen_contract_and_soc,53500.24681317769,50770.06442770387,2730.1823854738204,78078.62703016293,71167.21006349626,6911.416966666668,3342.0300248313474,633.7532869047641,16,4,21892.95825697949,6005.334931458176,17888.34618381707,14489.560992091812,10800.0,10799.999352000017,1680.2205791255133,10800.0,1.0629218999965815,3.126388037344441e-13,0,1.5,1.5000000000000002
2025-09-03,greedy,error_scaled_frozen_contract_and_soc,50461.11747770656,50461.11747770656,0.0,77658.07619948083,70802.09658757606,6855.979611904763,3345.6497491985697,0.0,0,0,19724.380116625325,5493.60067984734,13668.768248915148,11071.702281621274,10800.0,10800.0,4074.9160198412724,10800.0,0.00042549999488983303,2.2737367544323206e-13,0,1.5,1.5
2025-09-03,mpc,error_scaled_frozen_contract_and_soc,50988.25445847204,50461.11747770656,527.1369807654763,77658.07619948083,70802.09658757606,6855.979611904763,3345.6497491985697,126.5662761904762,4,3,18852.76507457921,5727.40386733435,17691.81411180759,14330.370013764132,10800.0,10799.999352000017,1811.1367775920735,10800.0,1.0092720999964513,1.1368683772161603e-13,0,1.5,1.5
2025-09-04,greedy,error_scaled_frozen_contract_and_soc,50948.66390758609,50948.66390758609,0.0,78269.7686243164,71484.82004098306,6784.948583333335,3351.21148894849,0.0,0,0,21301.280049396562,7024.936584495265,15319.08901601913,12408.4621029755,10800.0,10800.0,3786.3015370370395,10800.0,0.000567600000067614,1.1368683772161603e-13,0,1.5,1.4999999999999998
2025-09-04,mpc,error_scaled_frozen_contract_and_soc,52382.51993603965,50948.66390758609,1433.8560284535697,78269.7686243164,71484.82004098306,6784.948583333335,3351.21148894849,288.16412142857126,9,5,19600.52377955296,8586.307683656898,17569.351517653486,14231.175312499312,10800.0,10799.999352000017,1615.253844100723,10800.0,1.0178861000022152,2.2737367544323206e-13,0,1.5,1.4999999999999998
2025-09-05,greedy,error_scaled_frozen_contract_and_soc,28941.90181707992,28941.90181707992,0.0,47451.70245357344,40711.09667976391,6740.605773809525,3352.7707562123396,0.0,0,0,16754.005542754254,28083.938455190604,15184.614597293232,12299.537823807514,10800.0,10800.0,4478.310361111107,10800.0,0.00039230000402312726,1.1368683772161603e-13,0,1.5,1.4999999999999998
2025-09-05,mpc,error_scaled_frozen_contract_and_soc,29096.023829419206,28941.90181707992,154.12201233928528,47451.70245357344,40711.09667976391,6740.605773809525,3352.7707562123396,34.861624999999904,2,1,18307.330978409616,26159.727299109032,17320.128987957538,14029.304869045609,10800.0,10799.999568000007,2906.1699197905978,10800.0,1.0381953999894904,1.7053025658242404e-13,0,1.5,1.4999999999999998
2025-09-06,greedy,error_scaled_frozen_contract_and_soc,29292.90194165217,29292.90194165217,0.0,47971.16771273655,41481.0056246413,6490.16208809524,3384.1869131443636,0.0,0,0,17706.97712654321,26424.977138372575,15434.534086274689,12501.972609882501,10800.0,10800.0,3802.035845606746,10800.0,0.0008041999972192571,2.2737367544323206e-13,0,1.5,1.5000000000000002
2025-09-06,mpc,error_scaled_frozen_contract_and_soc,30841.206560541457,29292.90194165217,1548.3046188892863,47971.16771273655,41481.0056246413,6490.16208809524,3384.1869131443636,372.12373333333346,12,3,19006.63088726126,25242.36154138027,16777.091250525136,13589.444204525356,10800.0,10799.999676000005,2964.4406713894546,10800.0,0.932206600002246,1.1368683772161603e-13,0,1.5,1.5000000000000002
2025-09-07,greedy,error_scaled_frozen_contract_and_soc,49935.50672106884,49935.50672106884,0.0,76439.09461727123,69987.11733869978,6451.9772785714285,3449.9669688435306,0.0,0,0,20527.683461575565,3474.3073084273765,15856.169565823067,12843.497348316683,10800.0,10800.0,3395.002883656065,10800.0,0.0003097000007983297,2.2737367544323206e-13,0,1.5,1.5
2025-09-07,mpc,error_scaled_frozen_contract_and_soc,53152.58232497122,49935.50672106884,3217.07560390238,76439.09461727123,69987.11733869978,6451.9772785714285,3449.9669688435306,628.9149988095237,10,4,19025.290903688045,5090.736404840749,18566.05926836865,15038.508590578589,10800.0,10799.999352000017,1606.2045826719561,10800.0,0.9863150999881327,2.2737367544323206e-13,0,1.5,1.5
2025-09-08,greedy,error_scaled_frozen_contract_and_soc,57356.197263289854,41051.31687239432,16304.880390895518,64290.615614304574,57900.11786906648,6390.497745238097,3474.726002524166,2415.8499384335046,8,3,1202.914386081718,0.0,18702.696572251618,15262.132527023816,10800.0,10674.501885,1200.0,10800.0,0.0004360000020824373,2.2737367544323206e-13,0,1.5,1.4999999999999998
2025-09-08,mpc,error_scaled_frozen_contract_and_soc,72980.13841242464,41051.31687239432,31928.821540030316,64290.615614304574,57900.11786906648,6390.497745238097,3474.726002524166,5998.292087438098,56,20,3260.4572827305324,2302.7556315476204,14871.60247203137,12208.894805995413,10800.0,10619.003551500002,1219.7837222222224,10800.0,1.003232000002754,2.2737367544323206e-13,0,1.5,1.4999999999999998
2025-09-09,greedy,error_scaled_frozen_contract_and_soc,42900.124445119596,42213.78222539084,686.3422197287645,65769.05153926957,59044.90335117432,6724.148188095237,3403.5858323585317,98.38621269047655,1,1,2994.814009309658,7006.408471172402,19672.21311567357,15889.246635862259,10749.726680185184,10800.0,1200.0,10800.0,0.00029000001086387783,2.2737367544323206e-13,0,1.5,1.5
2025-09-09,mpc,error_scaled_frozen_contract_and_soc,53524.972067320545,42213.78222539084,11311.189841929701,65769.05153926957,59044.90335117432,6724.148188095237,3403.5858323585317,2308.350809449291,46,14,5204.447610103389,7465.647250379933,17692.0321109291,14367.973414360233,10749.726680185184,10708.140675176672,1228.7682592592596,10800.0,1.1357581000047503,2.2737367544323206e-13,0,1.5,1.5
2025-09-10,greedy,error_scaled_frozen_contract_and_soc,66867.52984879276,42240.7280414149,24626.80180737787,65475.49683032826,58859.70544461397,6615.791385714286,3417.52139695992,3881.905011047618,11,2,1286.4100695032314,0.0,18854.835578778344,15272.416818810456,10800.0,10800.0,1200.0,10800.0,0.0009356999944429845,2.2737367544323206e-13,0,1.5,1.5
2025-09-10,mpc,error_scaled_frozen_contract_and_soc,83671.30331950459,42240.7280414149,41430.57527808968,65475.49683032826,58859.70544461397,6615.791385714286,3417.52139695992,7424.76905704922,55,13,3721.1468516607747,1982.1089297785832,14562.557000175551,11854.11990614219,10800.0,10735.056960000013,1220.116476851852,10800.0,1.0249881000054302,2.2737367544323206e-13,0,1.5,1.5
2025-09-11,greedy,error_scaled_frozen_contract_and_soc,42798.23150422885,42762.04726172885,36.18424250000006,66416.69135561865,59350.98391038054,7065.707445238096,3433.1896107539274,5.365000000000009,1,1,4461.181834780031,5630.08273342985,20048.360378592486,16239.171906659918,10800.0,10800.0,1654.2766573677259,10800.0,0.0003419999993639067,1.1368683772161603e-13,0,1.5,1.4999999999999998
2025-09-11,mpc,error_scaled_frozen_contract_and_soc,50772.90281598657,42762.04726172885,8010.855554257738,66416.69135561865,59350.98391038054,7065.707445238096,3433.1896107539274,1663.586940476191,32,16,5957.587458355057,6218.207276505047,18387.724449920657,15004.844204162118,10800.0,10676.902889192907,1200.0,10800.0,0.9371881999977631,1.1368683772161603e-13,0,1.5,1.4999999999999998
2025-09-12,greedy,error_scaled_frozen_contract_and_soc,23556.953446809937,22773.286685659168,783.6667611507697,38684.28211643628,31790.80086405533,6893.481252380954,3421.547601404919,211.5162897899035,3,1,4091.9847640505595,18264.331047619045,20853.72104904468,16891.51404972619,10800.0,10800.0,1200.0,10800.0,0.00027800000680144876,2.2737367544323206e-13,0,1.5,1.4999999999999998
2025-09-12,mpc,error_scaled_frozen_contract_and_soc,30623.51501012892,22773.286685659168,7850.22832446975,38684.28211643628,31790.80086405533,6893.481252380954,3421.547601404919,1910.542261228674,43,14,4892.773283609444,19512.514711108022,19235.283540996817,15623.02275328742,10800.0,10752.841016577777,1525.0534947089955,10800.0,0.9218347999994876,2.2737367544323206e-13,0,1.5,1.4999999999999998
2025-09-13,greedy,error_scaled_frozen_contract_and_soc,22801.81121894093,22801.81121894093,0.0,38953.23326572811,32177.309260966205,6775.924004761906,3465.8901389777766,0.0,0,0,4127.995769708994,24270.887585114062,20729.922313034087,16791.237073557604,10800.0,10800.0,1560.6711758068773,10800.0,0.00029120000544935465,2.2737367544323206e-13,0,1.5,1.5
2025-09-13,mpc,error_scaled_frozen_contract_and_soc,29630.51835437843,22801.81121894093,6828.707135437501,38953.23326572811,32177.309260966205,6775.924004761906,3465.8901389777766,1586.7452738095242,36,11,5614.91035732509,24744.93782573935,19179.874209792706,15615.408524748082,10800.0,10711.432872426674,1605.5218127079183,10800.0,1.0735932999959914,2.2737367544323206e-13,0,1.5,1.5
2025-09-14,greedy,error_scaled_frozen_contract_and_soc,44980.52324440412,42548.47832507974,2432.044919324373,66471.1295498812,59906.075945119286,6565.053604761904,3534.8170305174604,382.0969500238016,4,2,885.2952246178722,0.0,20631.290311974884,16865.126258116332,10800.0,10629.13210509259,1200.0,10800.0,0.00041539999074302614,2.2737367544323206e-13,0,1.5,1.5000000000000002
2025-09-14,mpc,error_scaled_frozen_contract_and_soc,64217.69065367842,42548.47832507974,21669.21232859869,66471.1295498812,59906.075945119286,6565.053604761904,3534.8170305174604,3856.0161249345615,49,18,3094.250098515826,2231.3694077380956,16479.646929743598,13679.887982610333,10800.0,10431.806700535531,1200.0,10800.0,0.9696580000018002,2.2737367544323206e-13,0,1.5,1.5000000000000002
2025-09-15,greedy,error_scaled_frozen_contract_and_soc,43893.640073640396,43651.141213414805,242.49886022559082,68169.34976386225,61241.74713052891,6927.602633333333,3374.097648620634,36.50947976190412,3,2,5916.10995684564,4195.043096858061,21503.03019131066,17417.454454961633,10800.0,10800.0,1200.0,10800.0,0.00041179999243468046,1.1368683772161603e-13,0,1.5,1.5000000000000002
2025-09-15,mpc,error_scaled_frozen_contract_and_soc,54110.014015774424,43651.141213414805,10458.872802359616,68169.34976386225,61241.74713052891,6927.602633333333,3374.097648620634,2212.5978069653656,42,14,6181.344898483616,6707.177535580926,18945.346065711725,15461.05138252008,10800.0,10671.865478562686,1200.0,10800.0,1.096737200001371,3.126388037344441e-13,0,1.5,1.5000000000000002
2025-09-16,greedy,error_scaled_frozen_contract_and_soc,43584.17399970468,43445.80555635468,138.36844335000035,67330.09638324095,60392.08636181238,6938.01002142857,3353.5466992850793,20.121825000000058,2,2,1913.739796781309,548.5155172986499,20435.700641699455,16616.582533252753,10800.0,10729.261096137565,1303.7029457671936,10800.0,0.0004059999919263646,2.2737367544323206e-13,0,1.5,1.4999999999999998
2025-09-16,mpc,error_scaled_frozen_contract_and_soc,58742.75210864782,43445.80555635468,15296.946552293133,67330.09638324095,60392.08636181238,6938.01002142857,3353.5466992850793,2850.3126529016167,47,17,3380.970029277436,2633.5510244047637,17252.166456263883,14155.123259517808,10800.0,10599.035077839933,1200.0,10800.0,1.0936197999981232,1.1368683772161603e-13,0,1.5,1.4999999999999998
2025-09-17,greedy,error_scaled_frozen_contract_and_soc,43803.8710279101,43803.8710279101,0.0,68502.02935162894,61397.987884962284,7104.041466666666,3345.7416682956346,0.0,0,0,3249.9271210905417,0.0,20942.09459055307,16963.09661834799,10800.0,10800.0,1500.1881124338638,10800.0,0.00033730000723153353,2.2737367544323206e-13,0,1.5,1.4999999999999998
2025-09-17,mpc,error_scaled_frozen_contract_and_soc,54516.61147025945,43803.8710279101,10712.740442349343,68502.02935162894,61397.987884962284,7104.041466666666,3345.7416682956346,2051.3067633748124,41,14,4454.502175739037,1589.7810777454438,18356.53209387342,15120.583490687464,10800.0,10520.230561500002,1230.176851851852,10800.0,1.06064910000714,2.2737367544323206e-13,0,1.5,1.4999999999999998
2025-09-18,greedy,error_scaled_frozen_contract_and_soc,44101.7531894251,43545.01433867389,556.7388507512035,67836.99849655578,60718.32801798436,7118.670478571428,3344.711830088412,98.08664001190341,5,4,3141.4884870958285,939.794430952381,20379.641585566213,16628.69682180863,10800.0,10665.347625,1200.0,10800.0,0.00035659999412018806,2.2737367544323206e-13,0,1.5,1.5
2025-09-18,mpc,error_scaled_frozen_contract_and_soc,57034.73731458436,43545.01433867389,13489.722975910467,67836.99849655578,60718.32801798436,7118.670478571428,3344.711830088412,2364.638785616408,35,16,3610.4614866460943,3212.580640972967,17909.626477185837,14633.888777394603,10800.0,10658.78741013992,1200.0,10800.0,1.016032500003348,2.2737367544323206e-13,0,1.5,1.5
2025-09-19,greedy,error_scaled_frozen_contract_and_soc,23471.49786165161,23471.49786165161,0.0,40019.56377690402,32819.89049118974,7199.673285714286,3278.031452539205,0.0,0,0,4162.681613667521,13952.651725,20714.58075776105,16775.033239762637,10795.803139973545,10800.0,1682.4790092063495,10800.0,0.0006276000058278441,1.1368683772161603e-13,0,1.5,1.5
2025-09-19,mpc,error_scaled_frozen_contract_and_soc,32587.118340410318,23471.49786165161,9115.62047875871,40019.56377690402,32819.89049118974,7199.673285714286,3278.031452539205,2018.7816350781252,39,12,5436.813694256726,15174.33132271271,18600.47487053056,15137.95739575594,10795.803139973545,10716.2778615,1422.5204490740753,10799.99997215541,1.0777946000016527,1.1368683772161603e-13,0,1.5,1.5
2025-09-20,greedy,error_scaled_frozen_contract_and_soc,23133.207800302953,23133.207800302953,0.0,39573.03992208837,32565.73614351695,7007.303778571428,3208.361373838531,0.0,0,0,3996.707028203995,14257.590548360145,21471.959011531093,17392.286799340192,10800.0,10800.0,1297.7796135241294,10800.0,0.0005966000026091933,2.2737367544323206e-13,0,1.5,1.5
2025-09-20,mpc,error_scaled_frozen_contract_and_soc,37562.72759522937,23133.207800302953,14429.519794926418,39573.03992208837,32565.73614351695,7007.303778571428,3208.361373838531,2870.6817206123305,44,15,5067.337432040952,16787.536675144904,18243.663961861756,14893.886559680244,10800.0,10670.534721586422,1274.0513518518528,10800.0,0.9506426000007195,2.2737367544323206e-13,0,1.5,1.5
2025-09-21,greedy,error_scaled_frozen_contract_and_soc,45173.60380282851,45173.60380282851,0.0,70827.40522342833,63755.99686866641,7071.408354761906,3151.405941684483,0.0,0,0,6471.4667577601385,3111.225539285715,19242.799224068152,15586.667371495203,10800.0,10800.0,1275.589269841268,10800.0,0.0002606999914860353,2.2737367544323206e-13,0,1.5,1.5
2025-09-21,mpc,error_scaled_frozen_contract_and_soc,51599.658893721076,45173.60380282851,6426.05509089257,70827.40522342833,63755.99686866641,7071.408354761906,3151.405941684483,1326.5640631097654,35,14,7414.734727438585,3565.051503004208,19003.459672814068,15417.857690528295,10800.0,10772.160716056784,1200.0,10800.0,1.0176558000093792,2.2737367544323206e-13,0,1.5,1.5
2025-09-22,greedy,error_scaled_frozen_contract_and_soc,45723.33668966059,44603.13399616072,1120.2026934998623,69937.23876455401,63070.11174788735,6867.127016666667,3192.382817850039,212.51918182142163,6,3,2579.8018079365156,2389.6004678571426,20186.775837648533,16426.23448849532,10800.0,10716.726600000002,1200.0,10800.0,0.00026980000257026404,2.2737367544323206e-13,0,1.5,1.5
2025-09-22,mpc,error_scaled_frozen_contract_and_soc,57280.672424952994,44603.13399616072,12677.538428792275,69937.23876455401,63070.11174788735,6867.127016666667,3192.382817850039,2514.800673305693,45,15,4872.512941958139,2883.5850107142865,17987.851189341192,14711.724025582476,10800.0,10642.706041982103,1209.7370370370372,10800.0,1.088192800001707,2.2737367544323206e-13,0,1.5,1.5
2025-09-23,greedy,error_scaled_frozen_contract_and_soc,47222.43175828372,45554.479072420945,1667.9526858627798,71627.96696480404,64883.19483623261,6744.772128571429,3240.7280806650783,276.66632571575,5,3,3894.1693014403336,1249.9548953703716,21010.333682428784,17018.370282767322,10800.0,10800.0,1200.0,10800.0,0.0002925000007962808,2.2737367544323206e-13,0,1.5,1.5
2025-09-23,mpc,error_scaled_frozen_contract_and_soc,60290.453770339525,45554.479072420945,14735.974697918587,71627.96696480404,64883.19483623261,6744.772128571429,3240.7280806650783,2820.457321143873,42,15,6606.278293610408,1642.7282999999998,18180.811017771935,14749.939019482053,10800.0,10773.908783236902,1246.1389675925925,10800.0,0.9931837000040105,2.2737367544323206e-13,0,1.5,1.5
2025-09-24,greedy,error_scaled_frozen_contract_and_soc,46004.36759574365,45220.5207647978,783.8468309458509,71234.0608188967,64433.379206991944,6800.681611904763,3212.403541502499,149.05891248809513,3,2,3873.798431227687,2040.8099571428565,21344.62545195473,17289.146616083333,10800.0,10800.0,1200.0,10800.0,0.00027200000477023423,2.2737367544323206e-13,0,1.5,1.4999999999999998
2025-09-24,mpc,error_scaled_frozen_contract_and_soc,55849.008224501784,45220.5207647978,10628.487459703983,71234.0608188967,64433.379206991944,6800.681611904763,3212.403541502499,2300.029215756724,48,12,5383.120312825842,3166.7629405523894,18904.93646670895,15333.762192576609,10800.0,10776.929272730715,1200.0,10800.0,0.9710171000042465,2.2737367544323206e-13,0,1.5,1.4999999999999998
2025-09-25,greedy,error_scaled_frozen_contract_and_soc,45522.22207557384,45402.604719740506,119.61735583333287,71042.45664043503,64451.32243805407,6591.134202380954,3150.7444695545228,17.765833333333262,1,1,3917.0150563639045,2875.1067542622004,20835.79407292918,16876.993199072636,10800.0,10800.0,1497.9375429497356,10800.0,0.00026390000130049884,2.2737367544323206e-13,0,1.5,1.5000000000000002
2025-09-25,mpc,error_scaled_frozen_contract_and_soc,55266.41654513392,45402.604719740506,9863.811825393408,71042.45664043503,64451.32243805407,6591.134202380954,3150.7444695545228,2199.8811213351373,42,16,6067.742789906395,3556.565596132937,18492.553348111192,15183.823761666074,10800.0,10572.382722559993,1233.010907407407,10800.0,0.9689938999945298,2.2737367544323206e-13,0,1.5,1.5000000000000002
2025-09-26,greedy,error_scaled_frozen_contract_and_soc,23353.827473105644,23353.827473105644,0.0,40036.43295086977,33355.04575325072,6681.387197619048,3113.442867245754,0.0,0,0,4714.28238087889,12594.261147252515,19678.122544487644,15939.27926103499,10800.0,10800.0,1985.2894761904731,10800.0,0.00042630000098142773,1.1368683772161603e-13,0,1.5,1.5
2025-09-26,mpc,error_scaled_frozen_contract_and_soc,27244.20497131697,23353.827473105644,3890.377498211326,40036.43295086977,33355.04575325072,6681.387197619048,3113.442867245754,877.3859857142884,25,12,5556.298524853569,12843.282798823031,19150.211596561494,15625.02012293975,10800.0,10674.056966972288,1274.7356054134705,10800.0,1.056511100003263,1.1368683772161603e-13,0,1.5,1.5
2025-09-27,greedy,error_scaled_frozen_contract_and_soc,23401.777477800228,23356.35341644251,45.42406135771749,39978.66456984139,33309.99310079377,6668.671469047619,3211.4105327946427,11.70120076190559,1,1,3024.4433621252165,14026.773142690723,21998.760515422153,17995.61179249194,10800.0,10603.76025,1200.0,10800.0,0.0002908000024035573,2.2737367544323206e-13,0,1.5,1.4999999999999998
2025-09-27,mpc,error_scaled_frozen_contract_and_soc,45347.97034049308,23356.35341644251,21991.616924050562,39978.66456984139,33309.99310079377,6668.671469047619,3211.4105327946427,4334.544419862399,48,12,4820.882202442668,17569.73380178571,16916.39557970019,13929.803137081924,10800.0,10547.196980528035,1257.6473617724873,10800.0,1.0462070000066888,1.1368683772161603e-13,0,1.5,1.4999999999999998
2025-09-28,greedy,error_scaled_frozen_contract_and_soc,46801.3909417213,45936.013922620405,865.3770191008966,72086.65679717762,65383.4946733681,6703.162123809524,3050.425883550595,168.90481992267314,3,2,3562.5672862801903,0.0,21596.52617724868,17493.18620357143,10800.0,10800.0,1200.0,10800.0,0.0006419999990612268,2.2737367544323206e-13,0,1.5,1.5
2025-09-28,mpc,error_scaled_frozen_contract_and_soc,61294.17223107491,45936.013922620405,15358.158308454513,72086.65679717762,65383.4946733681,6703.162123809524,3050.425883550595,2943.293950301243,44,12,5966.378380508283,1325.7603003865433,18006.578754657858,14858.421045216666,10800.0,10496.564162284667,1217.0709027777775,10800.0,1.1307590000069467,2.2737367544323206e-13,0,1.5,1.5
2025-09-29,greedy,error_scaled_frozen_contract_and_soc,46829.05198683041,46697.916325211365,131.1356616190479,73368.94636397372,66547.2534401642,6821.692923809524,2954.3690488812304,22.222444047619092,2,2,5367.873517383488,1129.1750713109932,20942.905001469724,16963.753051190477,10800.0,10800.0,1222.553194444446,10800.0,0.0006090999959269539,1.1368683772161603e-13,0,1.5,1.4999999999999998
2025-09-29,mpc,error_scaled_frozen_contract_and_soc,55322.50681745885,46697.916325211365,8624.590492247486,73368.94636397372,66547.2534401642,6821.692923809524,2954.3690488812304,1708.4416413328697,37,13,7009.411926796504,1766.1664457201753,18874.309777171336,15487.468413429035,10800.0,10578.580562310835,1200.0,10800.0,1.049200599998585,2.2737367544323206e-13,0,1.5,1.4999999999999998
2025-09-30,greedy,error_scaled_frozen_contract_and_soc,47892.99104349884,47196.58393836664,696.4071051321987,73630.46911423956,66835.54411900145,6794.924995238094,2977.2340101192067,130.83332338095397,3,2,2731.509746399165,0.0,22444.274909936907,18179.86267704889,10800.0,10800.0,1200.0,10800.0,0.00037460000021383166,1.1368683772161603e-13,0,1.5,1.4999999999999996
2025-09-30,mpc,error_scaled_frozen_contract_and_soc,65550.93229934394,47196.58393836664,18354.3483609773,73630.46911423956,66835.54411900145,6794.924995238094,2977.2340101192067,3711.9166653114153,53,15,6118.987738276546,1193.2976714285692,18098.09743710715,14833.377525594624,10800.0,10606.75710940241,1251.7328703703702,10800.0,1.0079284999956144,2.2737367544323206e-13,0,1.5,1.4999999999999996
2025-10-01,greedy,error_scaled_frozen_contract_and_soc,47102.49699559575,47102.49699559575,0.0,74124.15897640529,67162.50230259578,6961.656673809524,2911.490906224167,0.0,0,0,16216.684437134281,11870.10602910053,16231.699495884775,13147.676591666666,10800.0,10800.0,2831.835821428571,10800.0,0.00029399999766610563,2.2737367544323206e-13,0,1.5,1.5
2025-10-01,mpc,error_scaled_frozen_contract_and_soc,47626.05462540052,47102.49699559575,523.5576298047635,74124.15897640529,67162.50230259578,6961.656673809524,2911.490906224167,187.58817976190514,7,6,16845.600145579177,10963.69449425767,18679.512612515617,15130.405702137643,10800.0,10799.999460000012,2139.8351794474097,10800.0,1.0769218000059482,2.2737367544323206e-13,0,1.5,1.5
2025-10-02,greedy,error_scaled_frozen_contract_and_soc,46333.4057209286,46333.4057209286,0.0,72563.62400611572,65617.49982992523,6946.124176190477,2919.3326498944043,0.0,0,0,14543.214214066931,7843.969983333333,17589.449945620217,14247.454455952382,10800.0,10800.0,2919.169813492064,10800.0,0.0004960999940522015,2.2737367544323206e-13,0,1.5,1.5
2025-10-02,mpc,error_scaled_frozen_contract_and_soc,47406.16865065597,46333.4057209286,1072.7629297273797,72563.62400611572,65617.49982992523,6946.124176190477,2919.3326498944043,397.1308321428566,15,7,15620.070448146385,6990.845761486016,18606.417590976667,15091.02328139811,10800.0,10777.972185881097,2217.771252653939,10800.0,0.9834424000000581,2.2737367544323206e-13,0,1.5,1.5
2025-10-03,greedy,error_scaled_frozen_contract_and_soc,23177.227576465935,23177.227576465935,0.0,39889.234961129274,32902.59686351022,6986.6380976190485,2906.878992043849,0.0,0,0,9165.197517886538,22788.245355920917,17989.13686309731,14571.200859108823,10800.0,10800.0,2401.9811249716813,10800.0,0.0002933999930974096,1.1368683772161603e-13,0,1.5,1.5000000000000002
2025-10-03,mpc,error_scaled_frozen_contract_and_soc,24676.851421172483,23177.227576465935,1499.6238447065477,39889.234961129274,32902.59686351022,6986.6380976190485,2906.878992043849,530.5380142857143,18,7,10198.502435642818,22171.761372232817,18587.650369505314,15055.997285299298,10800.0,10799.999460000012,2236.2432709901987,10800.0,1.0472790000058012,2.2737367544323206e-13,0,1.5,1.5000000000000002
2025-10-04,greedy,error_scaled_frozen_contract_and_soc,24226.506819346745,24226.506819346745,0.0,41263.431303738005,34248.715294214206,7014.7160095238105,2902.5377871803566,0.0,0,0,9445.747571428574,16311.883617768859,18055.94438104066,14625.314948642937,10800.0,10800.0,1739.6353927776897,10800.0,0.00041149999015033245,2.2737367544323206e-13,0,1.5,1.5
2025-10-04,mpc,error_scaled_frozen_contract_and_soc,26951.452901311626,24226.506819346745,2724.9460819648793,41263.431303738005,34248.715294214206,7014.7160095238105,2902.5377871803566,758.2865261904756,18,6,9255.417876827778,17216.774717491626,18286.079155085354,14811.72460161913,10800.0,10799.999460000012,2163.0212138755687,10800.0,1.0894521000009263,1.1368683772161603e-13,0,1.5,1.5
2025-10-05,greedy,error_scaled_frozen_contract_and_soc,45078.37184755579,45078.37184755579,0.0,70565.3655464919,63495.26405363475,7070.101492857144,2884.046573928651,0.0,0,0,10140.780989863451,4635.288600264556,17860.215967078188,14466.774933333334,10800.0,10800.0,2947.955384920636,10800.0,0.00043899999582208693,1.1368683772161603e-13,0,1.5,1.5
2025-10-05,mpc,error_scaled_frozen_contract_and_soc,46965.96874090936,45078.37184755579,1887.596893353571,70565.3655464919,63495.26405363475,7070.101492857144,2884.046573928651,522.2708726190474,17,7,10447.958884573516,4723.837027970566,18526.242473409573,15006.256889461749,10800.0,10799.999460000012,2265.7299128080112,10800.0,1.1653061999968486,2.2737367544323206e-13,0,1.5,1.5
2025-10-06,greedy,error_scaled_frozen_contract_and_soc,45321.26841693552,45321.26841693552,0.0,70438.65505250404,63363.103623932606,7075.551428571429,2889.589141006706,0.0,0,0,8108.005204796815,1922.2461478101156,18166.040651087587,14714.49292738095,10800.0,10800.0,2753.555595238098,10800.0,0.0004626000009011477,1.1368683772161603e-13,0,1.5,1.5
2025-10-06,mpc,error_scaled_frozen_contract_and_soc,47084.037008531945,45321.26841693552,1762.7685915964291,70438.65505250404,63363.103623932606,7075.551428571429,2889.589141006706,462.8474202380954,16,8,6971.138040123967,3417.7971063115424,18764.63240254427,15208.921052428115,10800.0,10789.367992925268,1389.7636944444444,10800.0,1.138214099992183,2.2737367544323206e-13,0,1.5,1.5
2025-10-07,greedy,error_scaled_frozen_contract_and_soc,44879.471647150065,44879.471647150065,0.0,69900.120997285,62892.32418538023,7007.796811904762,2889.099475697103,0.0,0,0,8370.050935468425,609.6592083333334,19363.164554673716,15684.163289285712,10800.0,10800.0,1274.3926217328055,10800.0,0.0003465000045252964,2.2737367544323206e-13,0,1.5,1.5
2025-10-07,mpc,error_scaled_frozen_contract_and_soc,51270.162511963754,44879.471647150065,6390.690864813688,69900.120997285,62892.32418538023,7007.796811904762,2889.099475697103,1365.0637511904758,25,8,8086.195377572369,2398.599675363711,18626.213649706064,15087.233542261903,10800.0,10799.999460000012,1970.8862840838783,10800.0,1.1421141000028001,2.2737367544323206e-13,0,1.5,1.5
2025-10-08,greedy,error_scaled_frozen_contract_and_soc,41951.7220010546,41116.03743873912,835.6845623154873,65671.4385672029,58606.04443625052,7065.394130952381,2840.33903894996,160.18409523809737,3,1,3262.5065726408848,1050.9196916666733,21448.15472075249,17373.00532380952,10800.0,10800.0,1200.0,10800.0,0.0005105000018374994,1.1368683772161603e-13,0,1.5,1.5
2025-10-08,mpc,error_scaled_frozen_contract_and_soc,54931.74264515568,41116.03743873912,13815.705206416564,65671.4385672029,58606.04443625052,7065.394130952381,2840.33903894996,2654.6204964361964,35,11,4131.806762799409,3222.683251708613,18571.17123126631,15042.649183325708,10800.0,10799.999460000012,1200.0,10800.0,1.1336067000083858,1.1368683772161603e-13,0,1.5,1.5
2025-10-09,greedy,error_scaled_frozen_contract_and_soc,41553.560359860574,41553.560359860574,0.0,66470.70306236047,59569.20521712238,6901.497845238095,2730.1529022600403,0.0,0,0,3275.5218069959847,3315.840735302765,21027.84018077601,17032.550546428574,10800.0,10800.0,1207.3573716005299,10800.0,0.0006098000012570992,2.2737367544323206e-13,0,1.5,1.4999999999999998
2025-10-09,mpc,error_scaled_frozen_contract_and_soc,50308.45594944259,41553.560359860574,8754.895589582018,66470.70306236047,59569.20521712238,6901.497845238095,2730.1529022600403,1704.757350518833,40,14,4942.030114182037,3729.143462090303,19125.987297992895,15505.751347100217,10800.0,10784.77596030448,1200.0,10800.0,1.1190000999922631,2.2737367544323206e-13,0,1.5,1.4999999999999998
2025-10-10,greedy,error_scaled_frozen_contract_and_soc,20631.806120904464,20631.806120904464,0.0,37140.35217305197,30371.032537337684,6769.319635714285,2754.0349878194843,0.0,0,0,2694.7695904761913,21594.62602215411,21143.929712369703,17132.804454328983,10800.0,10793.08734743386,1335.4090424338624,10800.0,0.00042440000106580555,1.1368683772161603e-13,0,1.5,1.5
2025-10-10,mpc,error_scaled_frozen_contract_and_soc,27090.498131558168,20631.806120904464,6458.692010653697,37140.35217305197,30371.032537337684,6769.319635714285,2754.0349878194843,1632.7930328693974,46,16,4715.334837868879,21703.234086072825,19387.83743320115,15873.092453602443,10800.0,10612.284296989437,1200.0,10800.0,1.0881635999976425,1.1368683772161603e-13,0,1.5,1.5
2025-10-11,greedy,error_scaled_frozen_contract_and_soc,21004.969795865567,21004.969795865567,0.0,38030.57832077572,31500.58696125191,6529.991359523807,2503.5987604614297,0.0,0,0,3399.599355114642,15277.670526713402,20287.070693709582,16432.52726190476,10800.0,10800.0,1342.6908174603204,10800.0,0.0002987999905599281,1.1368683772161603e-13,0,1.5,1.5
2025-10-11,mpc,error_scaled_frozen_contract_and_soc,27699.480790751702,21004.969795865567,6694.510994886135,38030.57832077572,31500.58696125191,6529.991359523807,2503.5987604614297,1288.0188888183347,32,14,4807.926298128271,15401.40813316167,19130.758718057208,15520.26094689595,10800.0,10772.94846081154,1234.7311448412702,10800.0,1.1015296999976272,1.1368683772161603e-13,0,1.5,1.5
2025-10-12,greedy,error_scaled_frozen_contract_and_soc,42252.45636976797,42225.51877498702,26.9375947809528,67466.03420046369,60813.07997903512,6652.954221428568,2417.824016963017,5.750980952381042,1,1,3376.9639488976954,781.7371654761901,20633.38351074834,16713.040643706154,10800.0,10800.0,1232.62557468254,10800.0,0.0009179999906336889,2.2737367544323206e-13,0,1.5,1.5
2025-10-12,mpc,error_scaled_frozen_contract_and_soc,57648.63163066881,42225.51877498702,15423.112855681795,67466.03420046369,60813.07997903512,6652.954221428568,2417.824016963017,2547.9686036829316,35,12,4479.241412892172,2950.529548809523,17487.804921753865,14296.314279308936,10800.0,10654.230785901884,1228.384462962963,10800.0,0.9630472999997437,2.2737367544323206e-13,0,1.5,1.5
2025-10-13,greedy,error_scaled_frozen_contract_and_soc,42819.72407344687,42819.72407344687,0.0,68329.9710602006,61637.92125543869,6692.049804761904,2380.2311676159134,0.0,0,0,5011.42597241329,2673.572795238095,20483.47665878034,16591.61609361208,10800.0,10800.0,1452.0780171957679,10800.0,0.0002832000027410686,2.2737367544323206e-13,0,1.5,1.4999999999999998
2025-10-13,mpc,error_scaled_frozen_contract_and_soc,49828.07907372458,42819.72407344687,7008.355000277714,68329.9710602006,61637.92125543869,6692.049804761904,2380.2311676159134,1318.0303344221693,33,14,5072.255162608864,4217.108014047619,19055.727125965717,15450.200635380386,10800.0,10783.264818502048,1201.2432923280408,10800.0,1.1625033999880543,2.2737367544323206e-13,0,1.5,1.4999999999999998
2025-10-14,greedy,error_scaled_frozen_contract_and_soc,45924.20205361837,42342.42069934457,3581.7813542737986,67662.83204901649,61023.86252758793,6638.96952142857,2347.4402849338894,607.2196650073195,5,2,1505.2924299823665,0.0,21749.441005731922,17661.732577642855,10800.0,10750.349596666665,1200.0,10800.0,0.00044720000005327165,2.2737367544323206e-13,0,1.5,1.5
2025-10-14,mpc,error_scaled_frozen_contract_and_soc,63574.269838248874,42342.42069934457,21231.849138904316,67662.83204901649,61023.86252758793,6638.96952142857,2347.4402849338894,3951.4588591385927,55,12,3458.2216801607697,2299.0619880952386,17618.15608174399,14438.199697797294,10800.0,10613.89636490593,1200.0,10800.0,1.19243200001074,2.2737367544323206e-13,0,1.5,1.5
2025-10-15,greedy,error_scaled_frozen_contract_and_soc,50319.58242082318,42572.828528432874,7746.753892390301,67857.80737100467,61393.90627338563,6463.901097619047,2383.1624377083726,1146.3860989880905,5,2,933.1010259700148,0.0,20304.850482325288,16446.928890683484,10800.0,10800.0,1200.0,10800.0,0.0008054000063566491,1.1368683772161603e-13,0,1.5,1.4999999999999998
2025-10-15,mpc,error_scaled_frozen_contract_and_soc,66973.8523019475,42572.828528432874,24401.023773514622,67857.80737100467,61393.90627338563,6463.901097619047,2383.1624377083726,4235.671764380949,42,16,2954.7355671479727,1768.1822833333329,16687.099912575904,13529.709480052532,10800.0,10785.379387926612,1202.324074074074,10800.0,1.0784783999988576,2.2737367544323206e-13,0,1.5,1.4999999999999998
2025-10-16,greedy,error_scaled_frozen_contract_and_soc,55980.113123934265,43335.049726941055,12645.063396993206,68815.09880206763,62238.7336734962,6576.365128571428,2455.2637875942855,1854.5125032775927,3,1,1163.4707585243962,0.0,21770.579575999407,17634.169456559528,10800.0,10800.0,1200.0,10800.0,0.0002876999933505431,1.1368683772161603e-13,0,1.5,1.4999999999999998
2025-10-16,mpc,error_scaled_frozen_contract_and_soc,73634.89027742457,43335.049726941055,30299.840550483495,68815.09880206763,62238.7336734962,6576.365128571428,2455.2637875942855,5817.099139643156,53,14,3251.9238006679825,2813.2621619047627,16969.601496951058,13772.319945193962,10800.0,10770.06363037377,1238.0130277777776,10800.0,1.148095700002159,2.2737367544323206e-13,0,1.5,1.4999999999999998
2025-10-17,greedy,error_scaled_frozen_contract_and_soc,21605.846384954562,21605.846384954562,0.0,38664.81656794344,32027.86504889582,6636.9515190476195,2506.456637620555,0.0,0,0,4239.226620179304,13660.49375172324,20007.08812452603,16205.741380866082,10800.0,10800.0,1558.392388015871,10800.0,0.00040019999141804874,2.2737367544323206e-13,0,1.5,1.5
2025-10-17,mpc,error_scaled_frozen_contract_and_soc,28729.143413884205,21605.846384954562,7123.297028929643,38664.81656794344,32027.86504889582,6636.9515190476195,2506.456637620555,1352.8094714372182,26,17,4380.482097892056,15171.01073231886,18815.719266217653,15313.335509428865,10800.0,10719.330106897147,1200.0,10800.0,1.0368994000018574,2.2737367544323206e-13,0,1.5,1.5
2025-10-18,greedy,error_scaled_frozen_contract_and_soc,21589.131362585194,21589.131362585194,0.0,38509.94789558935,31971.56945511316,6538.378440476192,2482.781738271189,0.0,0,0,3949.7100737654346,13966.187477996762,19672.529303350966,15934.748735714285,10800.0,10800.0,2178.9108887301595,10800.0,0.0003645999968284741,1.1368683772161603e-13,0,1.5,1.5000000000000002
2025-10-18,mpc,error_scaled_frozen_contract_and_soc,29805.66256556376,21589.131362585194,8216.531202978567,38509.94789558935,31971.56945511316,6538.378440476192,2482.781738271189,1773.560794047618,31,14,4082.682431929434,16001.277751443675,18192.533374933013,14849.254644859626,10800.0,10674.1082098179,1200.0,10800.0,1.0033009000035236,1.1368683772161603e-13,0,1.5,1.5000000000000002
2025-10-19,greedy,error_scaled_frozen_contract_and_soc,52763.86936769895,44730.82991377739,8033.039453921556,71394.55904646474,64860.819329798076,6533.739716666667,2443.676969922738,1170.244507642853,5,2,2449.361230834802,526.2470595238091,21730.346331761608,17601.580528726907,10800.0,10800.0,1200.0,10800.0,0.000455000001238659,2.2737367544323206e-13,0,1.5,1.4999999999999998
2025-10-19,mpc,error_scaled_frozen_contract_and_soc,65212.03281814515,44730.82991377739,20481.20290436777,71394.55904646474,64860.819329798076,6533.739716666667,2443.676969922738,4157.16615880219,59,18,4541.501200064424,2059.824323214286,18368.266880389125,14878.296659115185,10800.0,10799.999460000012,1200.0,10800.0,1.157387999992352,1.1368683772161603e-13,0,1.5,1.4999999999999998
2025-10-20,greedy,error_scaled_frozen_contract_and_soc,49816.71402345632,45358.75830151472,4457.955721941601,72151.45863970749,65566.4253539932,6585.033285714284,2358.7170343346834,917.8393224642857,7,1,3026.366320223393,0.0,21566.26501401404,17468.674661351368,10800.0,10800.0,1200.0,10800.0,0.0003575000009732321,2.2737367544323206e-13,0,1.5,1.5
2025-10-20,mpc,error_scaled_frozen_contract_and_soc,60890.26774498126,45358.75830151472,15531.509443466555,72151.45863970749,65566.4253539932,6585.033285714284,2358.7170343346834,3061.1048301625374,47,14,4697.733020182215,1059.537663690476,19017.62390572188,15507.672409010258,10800.0,10685.114394027189,1252.6321990740753,10800.0,1.1271523000032175,2.2737367544323206e-13,0,1.5,1.5
2025-10-21,greedy,error_scaled_frozen_contract_and_soc,47924.53142617042,46086.2018953668,1838.3295308036122,73502.24367482154,66942.07826053585,6560.165414285714,2308.9285754739685,349.2549477619071,7,2,1481.416645047027,0.0,21487.872438161714,17405.176674910985,10800.0,10800.0,1200.0,10800.0,0.0004780000017490238,2.2737367544323206e-13,0,1.5,1.5000000000000002
2025-10-21,mpc,error_scaled_frozen_contract_and_soc,62692.90909165381,46086.2018953668,16606.70719628701,73502.24367482154,66942.07826053585,6560.165414285714,2308.9285754739685,3084.10054287857,43,14,4498.955189930755,407.4544978365716,18281.93121329856,14889.382897651467,10800.0,10709.979316800416,1225.416666666667,10800.0,1.1678816999919945,2.2737367544323206e-13,0,1.5,1.5000000000000002
2025-10-22,greedy,error_scaled_frozen_contract_and_soc,53630.44700763423,46244.72960278269,7385.717404851547,73830.3093896807,67141.13495158547,6689.174438095238,2257.328809043651,1510.0205868690487,8,1,3843.2073954126326,558.5326869047624,21530.121247839503,17439.398210749998,10800.0,10800.0,1200.0,10800.0,0.00047139999514911324,2.2737367544323206e-13,0,1.5,1.4999999999999998
2025-10-22,mpc,error_scaled_frozen_contract_and_soc,63429.72077061397,46244.72960278269,17184.99116783128,73830.3093896807,67141.13495158547,6689.174438095238,2257.328809043651,3376.7267152340983,47,15,5384.676190594896,1289.2918585082316,19586.859196804086,15901.657998135264,10800.0,10759.664390306718,1228.3261898148148,10800.0,1.4694923000060953,2.2737367544323206e-13,0,1.5,1.4999999999999998
2025-10-23,greedy,error_scaled_frozen_contract_and_soc,47093.702619503674,47093.702619503674,0.0,74733.27715085003,67985.64148418335,6747.635666666667,2270.035947595992,0.0,0,0,6377.593784303349,1201.6564416666665,21056.60533771436,17055.850323548635,10800.0,10800.0,1554.9998875661358,10800.0,0.0003816999960690737,2.2737367544323206e-13,0,1.5,1.5
2025-10-23,mpc,error_scaled_frozen_contract_and_soc,55123.94412892606,47093.702619503674,8030.241509422376,74733.27715085003,67985.64148418335,6747.635666666667,2270.035947595992,1576.4145478071691,33,14,6646.455421009463,3092.644173214286,19068.9184033892,15651.598209670039,10800.0,10571.361885639128,1272.1682916666655,10800.0,1.3333850000053644,2.2737367544323206e-13,0,1.5,1.5
2025-10-24,greedy,error_scaled_frozen_contract_and_soc,22167.938335262563,21902.11447396098,265.82386130158113,39023.37647959759,32415.121265311875,6608.255214285713,2314.399745760556,57.89426995237784,2,1,3222.4508654321003,13269.018573312711,21302.00847792185,17254.626867116698,10800.0,10800.0,1200.0,10800.0,0.0003862000012304634,2.2737367544323206e-13,0,1.5,1.5000000000000002
2025-10-24,mpc,error_scaled_frozen_contract_and_soc,31643.330255430974,21902.11447396098,9741.215781469991,39023.37647959759,32415.121265311875,6608.255214285713,2314.399745760556,2116.289049912957,44,16,4565.054515813861,14501.393486365894,19092.051917463097,15561.254090132308,10800.0,10692.564403347558,1289.0002797619045,10800.0,1.2420906000043033,2.2737367544323206e-13,0,1.5,1.5000000000000002
2025-10-25,greedy,error_scaled_frozen_contract_and_soc,22646.191123983368,21918.109285393362,728.0818385900056,39205.496668345986,32623.274594536466,6582.222073809522,2326.929367033573,147.5193675595189,1,1,3343.943758921221,12142.771076764602,20571.49968336179,16699.60493552306,10800.0,10759.23312,1200.0,10800.0,0.0005315000016707927,2.2737367544323206e-13,0,1.5,1.4999999999999998
2025-10-25,mpc,error_scaled_frozen_contract_and_soc,30005.49491655694,21918.109285393362,8087.385631163581,39205.496668345986,32623.274594536466,6582.222073809522,2326.929367033573,1699.4188724643714,37,13,4181.390317217014,13169.21219738945,19108.073874679245,15548.167300856301,10800.0,10721.525041815432,1200.0,10800.0,1.4492120999930194,1.1368683772161603e-13,0,1.5,1.4999999999999998
2025-10-26,greedy,error_scaled_frozen_contract_and_soc,47811.386656930576,47811.386656930576,0.0,75753.33514264342,69147.01568788153,6606.319454761904,2271.1908744996035,0.0,0,0,6429.952672692535,1325.3275988095234,19272.627204002267,15610.828035241846,10800.0,10800.0,1836.0821706349227,10800.0,0.0004810999962501228,2.2737367544323206e-13,0,1.5,1.4999999999999998
2025-10-26,mpc,error_scaled_frozen_contract_and_soc,51236.39245931299,47811.386656930576,3425.0058023824067,75753.33514264342,69147.01568788153,6606.319454761904,2271.1908744996035,732.4197233452417,29,15,7028.1129661184295,1479.81019721193,19272.19209934712,15630.61609906976,10800.0,10777.621668223786,1354.7755033068788,10800.0,1.5071481999912066,2.2737367544323206e-13,0,1.5,1.4999999999999998
2025-10-27,greedy,error_scaled_frozen_contract_and_soc,49155.70980792589,47660.34900441864,1495.360803507246,75700.90979807102,69208.38684807104,6492.522949999999,2231.9811451516675,219.28833670238208,2,2,6574.253931422691,2620.840422619047,20632.406703099034,16712.24942951021,10800.0,10800.0,1200.0,10800.0,0.0004898000042885542,2.2737367544323206e-13,0,1.5,1.5
2025-10-27,mpc,error_scaled_frozen_contract_and_soc,58248.92256354973,47660.34900441864,10588.573559131091,75700.90979807102,69208.38684807104,6492.522949999999,2231.9811451516675,2199.910212267344,43,14,8197.842833015065,3351.0156785537934,18985.06062890524,15438.045637278581,10800.0,10733.170524594068,1200.0,10800.0,1.3344043999968562,2.2737367544323206e-13,0,1.5,1.5
2025-10-28,greedy,error_scaled_frozen_contract_and_soc,47321.47266468915,47321.47266468915,0.0,75358.70216602224,69016.33370173653,6342.368464285714,2155.8738135367853,0.0,0,0,4477.534911816588,268.08255238095296,21430.285711358134,17358.531426200097,10800.0,10800.0,1423.4307992857143,10800.0,0.0004434000002220273,2.2737367544323206e-13,0,1.5,1.5
2025-10-28,mpc,error_scaled_frozen_contract_and_soc,60675.33421586121,47321.47266468915,13353.86155117205,75358.70216602224,69016.33370173653,6342.368464285714,2155.8738135367853,2450.0794314317327,45,18,6002.570126836464,1800.8691243503858,18551.38217674978,15087.370247149318,10800.0,10732.499240020006,1200.0,10800.0,1.3063939999992726,2.2737367544323206e-13,0,1.5,1.5
2025-10-29,greedy,error_scaled_frozen_contract_and_soc,59656.73526153527,47350.657153303466,12306.078108231806,75025.76444658234,68830.59812991566,6195.166316666667,2230.307626822618,1925.45907260714,9,3,1387.353930261611,0.0,20704.330336462473,16770.50757253461,10800.0,10800.0,1200.0,10800.0,0.0011375999893061817,2.2737367544323206e-13,0,1.5,1.5
2025-10-29,mpc,error_scaled_frozen_contract_and_soc,70312.37085750359,47350.657153303466,22961.713704200112,75025.76444658234,68830.59812991566,6195.166316666667,2230.307626822618,4277.545255260797,46,15,4182.81801128509,138.2831303571425,17914.21286415456,14562.051128953655,10800.0,10742.734767790596,1200.0,10800.0,1.4842651999933878,2.2737367544323206e-13,0,1.5,1.5
2025-10-30,greedy,error_scaled_frozen_contract_and_soc,47440.11028935315,47440.11028935315,0.0,75330.8500409315,68949.04597188387,6381.804069047619,2192.001944521269,0.0,0,0,4648.568621707816,1891.8904369047623,20957.133591152207,16975.278208833282,10800.0,10800.0,1358.0684355820104,10800.0,0.0003208999987691641,2.2737367544323206e-13,0,1.5,1.5000000000000002
2025-10-30,mpc,error_scaled_frozen_contract_and_soc,55580.02606136323,47440.11028935315,8139.915772010083,75330.8500409315,68949.04597188387,6381.804069047619,2192.001944521269,1670.0112335818476,42,16,6433.242483182972,2119.4013987405388,19482.34536605556,15842.663573465723,10800.0,10731.15130337698,1276.0207903439155,10800.0,0.9892632999981288,2.2737367544323206e-13,0,1.5,1.5000000000000002
2025-10-31,greedy,error_scaled_frozen_contract_and_soc,22393.925860719988,22393.925860719988,0.0,39777.52021905631,33616.74070000868,6160.779519047621,2313.4649255526174,0.0,0,0,3229.219121340395,6766.450077715017,20432.04504261126,16549.95648451512,10800.0,10800.0,1685.2177962962999,10800.0,0.000490699996589683,1.1368683772161603e-13,0,1.5,1.5
2025-10-31,mpc,error_scaled_frozen_contract_and_soc,34555.3638754743,22393.925860719988,12161.438014754312,39777.52021905631,33616.74070000868,6160.779519047621,2313.4649255526174,2351.654479822376,35,15,3777.8976742662417,9056.531331155344,18042.896589816515,14647.913358264173,10800.0,10763.147643874669,1200.0,10800.0,1.1242456999898423,1.1368683772161603e-13,0,1.5,1.5
2025-11-01,greedy,error_scaled_frozen_contract_and_soc,22534.255630120046,22534.255630120046,0.0,40019.47477706321,33530.666031825116,6488.808745238095,2210.9040837983325,0.0,0,0,4144.941501719581,8526.6905466095,20323.345921909015,16461.91019674631,10800.0,10800.0,1578.8077094485498,10800.0,0.0004132999893045053,1.1368683772161603e-13,0,1.5,1.5
2025-11-01,mpc,error_scaled_frozen_contract_and_soc,31535.53565540199,22534.255630120046,9001.280025281943,40019.47477706321,33530.666031825116,6488.808745238095,2210.9040837983325,2034.0505955004646,35,15,4034.6310199849927,11033.279286682084,18441.92691059483,14942.718848269655,10800.0,10794.713277013509,1200.0,10800.0,1.1826410999929067,2.2737367544323206e-13,0,1.5,1.5
2025-11-02,greedy,error_scaled_frozen_contract_and_soc,50288.70280300258,48662.99881414622,1625.7039888563568,77331.38349639978,70741.49922259025,6589.884273809523,2158.5864599603165,233.04242959523464,1,1,3409.1335643298085,0.0,22156.475255631478,17946.744957061506,10800.0,10800.0,1200.0,10800.0,0.000338099998771213,2.2737367544323206e-13,0,1.5,1.5
2025-11-02,mpc,error_scaled_frozen_contract_and_soc,61691.84976408792,48662.99881414622,13028.8509499417,77331.38349639978,70741.49922259025,6589.884273809523,2158.5864599603165,2494.7373672999415,48,17,5560.58418176352,668.0584113095239,19451.81160605491,15799.895398523462,10800.0,10751.191113756682,1203.3921064814813,10800.0,1.4820933000009973,2.2737367544323206e-13,0,1.5,1.5
2025-11-03,greedy,error_scaled_frozen_contract_and_soc,49477.68392137831,49477.68392137831,0.0,78423.02759315632,71739.71783125155,6683.30976190476,2126.940651025079,0.0,0,0,3473.307401660796,547.0282416666666,20274.08450411183,16422.008448330584,10800.0,10800.0,1689.9823808465621,10800.0,0.00032210000790655613,2.2737367544323206e-13,0,1.5,1.4999999999999998
2025-11-03,mpc,error_scaled_frozen_contract_and_soc,56707.34662655398,49477.68392137831,7229.662705175668,78423.02759315632,71739.71783125155,6683.30976190476,2126.940651025079,1468.5862554962018,33,18,5549.0565029022255,211.90162511630353,19299.477903349336,15719.438076762955,10800.0,10703.487805500008,1279.2031574074108,10800.0,1.1263713000080315,2.2737367544323206e-13,0,1.5,1.4999999999999998
2025-11-04,greedy,error_scaled_frozen_contract_and_soc,51214.81718118971,49767.25100969449,1447.5661714952214,79115.04019740419,72295.72931883277,6819.310878571429,2088.4733752352768,214.20010238095,2,2,6617.0546273221635,1365.0942979423874,20891.632052614696,16922.221962617907,10800.0,10800.0,1200.0,10800.0,0.00046969999675638974,1.1368683772161603e-13,0,1.5,1.4999999999999998
2025-11-04,mpc,error_scaled_frozen_contract_and_soc,55831.733870420714,49767.25100969449,6064.482860726221,79115.04019740419,72295.72931883277,6819.310878571429,2088.4733752352768,1234.170041249205,45,11,8580.378556698484,606.829171175357,20289.84116786255,16505.51994160679,10800.0,10721.390449290964,1208.5575740740746,10800.0,0.9424506000068504,2.2737367544323206e-13,0,1.5,1.4999999999999998
2025-11-05,greedy,error_scaled_frozen_contract_and_soc,50251.0540256624,50250.762549035615,0.2914766267868038,79605.05630321268,72763.95455083172,6841.101752380952,2078.6035962876977,0.0677773809526343,1,1,4399.670226822458,721.6129630952375,22032.630903306912,17846.4310316786,10800.0,10800.0,1689.7134592328055,10800.0,0.00022449999232776463,2.2737367544323206e-13,0,1.5,1.5
2025-11-05,mpc,error_scaled_frozen_contract_and_soc,58806.39886116022,50250.762549035615,8555.636312124603,79605.05630321268,72763.95455083172,6841.101752380952,2078.6035962876977,1887.344029295024,49,17,6649.413988475709,850.0276973326412,19861.264683606732,16165.947055955003,10800.0,10712.974819740502,1310.024740740742,10800.0,0.9935388000012608,2.2737367544323206e-13,0,1.5,1.5
2025-11-06,greedy,error_scaled_frozen_contract_and_soc,58261.24777797509,49715.14556564995,8546.102212325139,78794.67532223725,71945.921234142,6848.754088095237,2089.700535847698,1748.2116413690458,9,1,3137.2653212375003,0.0,22057.532741790612,17866.601520850396,10800.0,10800.0,1200.0,10800.0,0.0003412999940337613,1.1368683772161603e-13,0,1.5,1.5
2025-11-06,mpc,error_scaled_frozen_contract_and_soc,68920.37504456803,49715.14556564995,19205.229478918085,78794.67532223725,71945.921234142,6848.754088095237,2089.700535847698,3896.917401319532,46,15,5704.0155407834045,124.28351309523794,19675.918496054233,16027.315247804672,10800.0,10700.198593332501,1243.0811111111123,10800.0,1.057943099993281,2.2737367544323206e-13,0,1.5,1.5
2025-11-07,greedy,error_scaled_frozen_contract_and_soc,23201.977672113644,23201.977672113644,0.0,40894.91995371149,33849.13344180673,7045.786511904762,2095.518512562381,0.0,0,0,3635.423666299241,9927.479342442175,21177.188732925246,17153.522873669455,10800.0,10800.0,1386.6195135154217,10800.0,0.0006113999988883734,2.2737367544323206e-13,0,1.5,1.5000000000000002
2025-11-07,mpc,error_scaled_frozen_contract_and_soc,31052.86902523388,23201.977672113644,7850.891353120235,40894.91995371149,33849.13344180673,7045.786511904762,2095.518512562381,1658.8426226190468,39,13,5851.153448165726,9861.949139219592,19420.27657451944,15887.967671288507,10800.0,10624.951504524715,1617.9773693509226,10800.0,1.219563599996036,2.2737367544323206e-13,0,1.5,1.5000000000000002
2025-11-08,greedy,error_scaled_frozen_contract_and_soc,23087.36619097064,23087.36619097064,0.0,40927.10582241693,33867.98656289312,7059.119259523808,2091.0191038889293,0.0,0,0,3656.6974988539387,9395.922548809524,20498.32978566987,16603.647126392592,10800.0,10800.0,1547.3408881878286,10800.0,0.0008296000014524907,2.2737367544323206e-13,0,1.5,1.5
2025-11-08,mpc,error_scaled_frozen_contract_and_soc,27589.337675673018,23087.36619097064,4501.971484702381,40927.10582241693,33867.98656289312,7059.119259523808,2091.0191038889293,954.8720523809525,39,14,5086.526355432078,9131.57742344687,19611.440237787712,15927.36925734497,10800.0,10753.21926140342,1465.2901021528885,10800.0,1.204006500003743,2.2737367544323206e-13,0,1.5,1.5
2025-11-09,greedy,error_scaled_frozen_contract_and_soc,52585.64029325325,51157.004457432406,1428.6358358208433,80803.58510356687,73798.72309642403,7004.862007142856,2113.0129793736905,231.77647246428367,4,2,4037.6777762051743,546.7727047619051,21878.721477780928,17721.764397002553,10800.0,10800.0,1200.0,10800.0,0.00040490001265425235,2.2737367544323206e-13,0,1.5,1.4999999999999998
2025-11-09,mpc,error_scaled_frozen_contract_and_soc,64098.4376750941,51157.004457432406,12941.433217661699,80803.58510356687,73798.72309642403,7004.862007142856,2113.0129793736905,2531.990147874526,39,14,6723.966675744633,702.6218833333332,19434.53049252718,15819.497814449453,10800.0,10713.857649441743,1211.8397962962968,10800.0,1.2701416999916546,2.2737367544323206e-13,0,1.5,1.4999999999999998
2025-11-10,greedy,error_scaled_frozen_contract_and_soc,54609.43788897681,51275.0592642404,3334.3786247364137,81209.23184548825,74142.63040501205,7066.601440476191,2064.075010091587,503.87673814285836,3,3,1413.1778239564974,0.0,23163.63932410194,18762.547852522574,10800.0,10800.0,1200.0,10800.0,0.0007917000039014965,2.2737367544323206e-13,0,1.5,1.4999999999999998
2025-11-10,mpc,error_scaled_frozen_contract_and_soc,74558.16558717148,51275.0592642404,23283.106322931082,81209.23184548825,74142.63040501205,7066.601440476191,2064.075010091587,4307.0030226285735,57,16,6063.45756073776,41.57171071428577,18587.02318255877,15074.65687398924,10800.0,10778.70211542596,1226.171277777778,10800.0,1.3943074999988312,2.2737367544323206e-13,0,1.5,1.4999999999999998
2025-11-11,greedy,error_scaled_frozen_contract_and_soc,51647.47538256731,51647.47538256731,0.0,81396.35070349099,74287.4566582529,7108.894045238096,2045.2043706457139,0.0,0,0,4725.954184502152,110.39032499999962,21955.04652851264,17783.587688095235,10800.0,10800.0,1779.1350846560817,10800.0,0.0006190999993123114,2.2737367544323206e-13,0,1.5,1.4999999999999998
2025-11-11,mpc,error_scaled_frozen_contract_and_soc,63410.026388786755,51647.47538256731,11762.551006219443,81396.35070349099,74287.4566582529,7108.894045238096,2045.2043706457139,2385.1174716848823,42,14,7203.338151889713,569.8837523809525,19427.001025410795,15807.30210807702,10800.0,10720.631913895251,1225.4266167225755,10800.0,1.287647700009984,2.2737367544323206e-13,0,1.5,1.4999999999999998
2025-11-12,greedy,error_scaled_frozen_contract_and_soc,52098.49407831494,52070.02784968399,28.46622863095249,82249.26798134524,75158.09974086905,7091.1682404761905,2035.7392990665073,6.499880952380977,1,1,6630.673738374477,435.4869749999997,21755.93100936994,17622.30411758965,10800.0,10800.0,1285.932649642859,10800.0,0.0002459999959683046,2.2737367544323206e-13,0,1.5,1.5
2025-11-12,mpc,error_scaled_frozen_contract_and_soc,61409.108092354945,52070.02784968399,9339.080242670958,82249.26798134524,75158.09974086905,7091.1682404761905,2035.7392990665073,1751.8862282523182,45,17,8585.00652436206,634.720194047619,19838.854975763308,16113.407741718282,10800.0,10751.183098500002,1200.0,10800.0,1.5079849000030663,2.2737367544323206e-13,0,1.5,1.5
2025-11-13,greedy,error_scaled_frozen_contract_and_soc,53011.027799761716,52318.09491027221,692.9328894895106,82418.05762104808,75329.81398771475,7088.243633333333,2042.6240492047618,99.33097613095049,1,1,5291.223803586133,86.69898095238091,21126.95863169202,17112.836491670547,10800.0,10800.0,1200.0,10800.0,0.00032920000376179814,2.2737367544323206e-13,0,1.5,1.5000000000000002
2025-11-13,mpc,error_scaled_frozen_contract_and_soc,68333.36617210801,52318.09491027221,16015.271261835822,82418.05762104808,75329.81398771475,7088.243633333333,2042.6240492047618,2932.2392912476175,44,14,8018.692259688475,636.2343595238092,18882.960698208728,15312.934077744358,10800.0,10780.293430894128,1200.0,10800.0,1.4335645000101067,2.2737367544323206e-13,0,1.5,1.5000000000000002
2025-11-14,greedy,error_scaled_frozen_contract_and_soc,23818.639911710365,23818.639911710365,0.0,41973.101137965554,34927.87313320364,7045.228004761906,2056.3166119264674,0.0,0,0,3893.9468398148224,5694.047185436606,19863.417247367615,16089.367970367777,10800.0,10800.0,1740.1776415343945,10800.0,0.0008805999968899414,1.7053025658242404e-13,0,1.5,1.4999999999999998
2025-11-14,mpc,error_scaled_frozen_contract_and_soc,33043.15718004697,23818.639911710365,9224.5172683366,41973.101137965554,34927.87313320364,7045.228004761906,2056.3166119264674,1763.1331068796808,39,16,4390.360824860371,7291.107929761905,18285.806676330103,14842.09902182143,10800.0,10766.00487333995,1200.0,10800.0,0.9056314000044949,1.1368683772161603e-13,0,1.5,1.4999999999999998
2025-11-15,greedy,error_scaled_frozen_contract_and_soc,23465.77867412245,23465.77867412245,0.0,41475.645900943506,34574.90144856255,6900.744452380952,2023.0739682424203,0.0,0,0,3417.479229367971,4758.881216666668,21152.262726337445,17133.332808333333,10800.0,10800.0,1335.255364193125,10800.0,0.00036729998828377575,2.2737367544323206e-13,0,1.5,1.5
2025-11-15,mpc,error_scaled_frozen_contract_and_soc,32149.509427644,23465.77867412245,8683.730753521544,41475.645900943506,34574.90144856255,6900.744452380952,2023.0739682424203,1881.9933876508194,45,11,3665.567174871997,6844.517024054513,19003.13661392176,15435.937061158704,10800.0,10751.781773464361,1200.0,10800.0,0.8713929999939865,1.1368683772161603e-13,0,1.5,1.5
2025-11-16,greedy,error_scaled_frozen_contract_and_soc,53194.708422928146,53194.708422928146,0.0,83756.42577872,76950.79882633906,6805.6269523809515,1897.4986004251987,0.0,0,0,3947.33866859201,0.0,23163.394169846615,18762.349277575762,10800.0,10800.0,1489.176629629633,10800.0,0.0003294999914942309,1.1368683772161603e-13,0,1.5,1.5
2025-11-16,mpc,error_scaled_frozen_contract_and_soc,65052.5216427792,53194.708422928146,11857.813219851041,83756.42577872,76950.79882633906,6805.6269523809515,1897.4986004251987,2465.0930505689207,49,19,7022.889063320824,22.51866354121762,20345.510149076585,16577.441264506844,10800.0,10691.579951383546,1218.0879345238122,10800.0,1.164034500005073,2.2737367544323206e-13,0,1.5,1.5
2025-11-17,greedy,error_scaled_frozen_contract_and_soc,53923.77126910141,53923.77126910141,0.0,84666.64070325336,77829.24399611051,6837.396707142857,1901.5422819735318,0.0,0,0,8009.800447089947,281.7985916666671,21223.585953491693,17191.104622328276,10800.0,10800.0,1632.4788928571422,10800.0,0.0005409000004874542,2.2737367544323206e-13,0,1.5,1.5000000000000002
2025-11-17,mpc,error_scaled_frozen_contract_and_soc,60128.29584364784,53923.77126910141,6204.524574546431,84666.64070325336,77829.24399611051,6837.396707142857,1901.5422819735318,1378.0722535714292,34,14,9679.303086928738,274.04294464285624,20170.696402938614,16421.88981101875,10800.0,10707.082528179484,1293.1720648148143,10800.0,1.1953727000072831,2.2737367544323206e-13,0,1.5,1.5000000000000002
2025-11-18,greedy,error_scaled_frozen_contract_and_soc,53473.26678517408,53473.26678517408,0.0,84106.99638178817,77369.96907702627,6737.027304761904,1927.7677858507536,0.0,0,0,4126.075600382126,0.0,21653.51688208695,17539.348674490433,10800.0,10800.0,1443.3571547619063,10800.0,0.0011360999924363568,2.2737367544323206e-13,0,1.5,1.5000000000000002
2025-11-18,mpc,error_scaled_frozen_contract_and_soc,65215.56386433425,53473.26678517408,11742.29707916018,84106.99638178817,77369.96907702627,6737.027304761904,1927.7677858507536,2277.6201762000055,34,16,6827.203935779786,140.20394999999968,19300.290833594056,15749.834735195189,10800.0,10670.445377795548,1259.8577870370368,10800.0,1.100768499993137,1.1368683772161603e-13,0,1.5,1.5000000000000002
2025-11-19,greedy,error_scaled_frozen_contract_and_soc,53447.68036467433,53406.078978424324,41.6013862500007,84018.61857214294,77319.0790792858,6699.539492857143,1886.736526297102,9.14416666666682,1,1,2968.282333700765,0.0,23452.2076459363,18996.288193208406,10800.0,10800.0,1311.4114338624308,10800.0,0.0005531999922823161,2.2737367544323206e-13,0,1.5,1.5
2025-11-19,mpc,error_scaled_frozen_contract_and_soc,67252.92611872971,53406.078978424324,13846.847140305392,84018.61857214294,77319.0790792858,6699.539492857143,1886.736526297102,2909.8262824514563,51,15,6544.768725879203,22.904875595238156,20148.46650137691,16391.256200637905,10800.0,10721.11296164155,1242.0247361111108,10800.0,1.1175737000012305,2.2737367544323206e-13,0,1.5,1.5
2025-11-20,greedy,error_scaled_frozen_contract_and_soc,54012.007535761484,54012.007535761484,0.0,84822.03550220793,78208.28658077934,6613.748921428571,1894.158618412539,0.0,0,0,5321.204040490889,35.710780952380674,21930.403557909194,17763.626881906453,10800.0,10800.0,1599.702604087307,10800.0,0.0003667999990284443,2.2737367544323206e-13,0,1.5,1.5000000000000002
2025-11-20,mpc,error_scaled_frozen_contract_and_soc,63972.189770667064,54012.007535761484,9960.182234905595,84822.03550220793,78208.28658077934,6613.748921428571,1894.158618412539,2047.2871759083346,40,16,7534.479589580233,441.74323333333206,19755.92922548652,16161.173375045737,10800.0,10623.476997331492,1279.1759907407413,10800.0,1.0915700000041397,2.2737367544323206e-13,0,1.5,1.5000000000000002
2025-11-21,greedy,error_scaled_frozen_contract_and_soc,23468.256585370724,23468.256585370724,0.0,41461.60402760829,34979.49093713211,6482.11309047619,1953.2579415734915,0.0,0,0,3269.3645887272182,4988.28295060402,20758.068290430663,16814.03531524884,10800.0,10800.0,1243.4714834007634,10800.0,0.0005105000018374994,1.1368683772161603e-13,0,1.5,1.5
2025-11-21,mpc,error_scaled_frozen_contract_and_soc,29538.82912442417,23468.256585370724,6070.572539053449,41461.60402760829,34979.49093713211,6482.11309047619,1953.2579415734915,1557.1997187119089,38,13,3614.1993415616544,6648.425567857143,19172.781704866917,15676.526381060743,10800.0,10637.14088875718,1327.3439947089955,10800.0,1.1514166999986628,1.1368683772161603e-13,0,1.5,1.5
2025-11-22,greedy,error_scaled_frozen_contract_and_soc,23504.761917027696,23504.761917027696,0.0,41820.895942648465,35443.76516169608,6377.13078095238,1889.5195229401984,0.0,0,0,2639.6787216343337,4378.621749845254,20767.400167806125,16821.594135922962,10800.0,10800.0,1632.9951114814844,10800.0,0.0005443999980343506,1.1368683772161603e-13,0,1.5,1.5
2025-11-22,mpc,error_scaled_frozen_contract_and_soc,28362.422864577704,23504.761917027696,4857.66094755001,41820.895942648465,35443.76516169608,6377.13078095238,1889.5195229401984,1143.666670164288,44,16,3575.184764075438,4822.508390399329,19701.148041358567,15991.068022306295,10800.0,10763.179879104593,1252.878897486772,10800.0,1.2185745000024326,1.1368683772161603e-13,0,1.5,1.5
2025-11-23,greedy,error_scaled_frozen_contract_and_soc,54674.362659846556,54674.362659846556,0.0,85854.437321581,79537.28439539052,6317.152926190475,1933.7073629309123,0.0,0,0,5684.668714039266,515.1204653145174,22966.346694679603,18602.740822690477,10800.0,10800.0,1407.7156219973522,10800.0,0.0005748000112362206,2.2737367544323206e-13,0,1.5,1.5
2025-11-23,mpc,error_scaled_frozen_contract_and_soc,65641.99096372693,54674.362659846556,10967.628303880367,85854.437321581,79537.28439539052,6317.152926190475,1933.7073629309123,2345.2055535714303,40,16,8428.790333185596,541.684937910712,20772.258254862623,16834.132921044587,10800.0,10790.440294882377,1402.4638147929613,10800.0,1.121882999999798,2.2737367544323206e-13,0,1.5,1.5
2025-11-24,greedy,error_scaled_frozen_contract_and_soc,54120.05951327492,53897.20059542732,222.85891784760693,84962.1516500487,78643.70240957252,6318.449240476191,1926.0664553174188,47.78008690475931,3,2,6339.231361111104,476.31673095238057,21510.331842904656,17448.81781825277,10800.0,10771.723305000001,1200.0,10800.0,0.000425199992605485,2.2737367544323206e-13,0,1.5,1.5
2025-11-24,mpc,error_scaled_frozen_contract_and_soc,62387.30178900281,53897.20059542732,8490.101193575494,84962.1516500487,78643.70240957252,6318.449240476191,1926.0664553174188,1718.5809397114826,39,15,8185.556430123406,733.8171318425515,20154.109233716466,16525.619826160335,10800.0,10576.898503500004,1280.1265529100533,10800.0,1.2238861999940127,2.2737367544323206e-13,0,1.5,1.5
2025-11-25,greedy,error_scaled_frozen_contract_and_soc,54390.67065916518,54390.67065916518,0.0,85613.50520096297,79317.41803905819,6296.087161904761,1939.2092011848808,0.0,0,0,4434.779025639632,97.04105595238093,22368.574450323336,18118.5453047619,10800.0,10800.0,1414.3288328042333,10800.0,0.00041280000004917383,2.2737367544323206e-13,0,1.5,1.4999999999999998
2025-11-25,mpc,error_scaled_frozen_contract_and_soc,62595.23411688189,54390.67065916518,8204.563457716695,85613.50520096297,79317.41803905819,6296.087161904761,1939.2092011848808,1753.3845726927111,48,19,6550.604371744385,126.12699285714312,20756.59336731382,16898.09093206919,10800.0,10705.277439394447,1212.7737129629654,10800.0,1.4834376999933738,2.2737367544323206e-13,0,1.5,1.4999999999999998
2025-11-26,greedy,error_scaled_frozen_contract_and_soc,55005.19142107012,54828.563714136784,176.62770693333357,86199.91481484554,79869.59393389316,6330.320880952381,1934.6051643617457,37.708733333333385,1,1,4527.781384758969,0.0,22585.330365117334,18294.11759574504,10800.0,10800.0,1609.7830780423296,10800.0,0.0006143000064184889,2.2737367544323206e-13,0,1.5,1.4999999999999998
2025-11-26,mpc,error_scaled_frozen_contract_and_soc,65154.57570911128,54828.563714136784,10326.011994974499,86199.91481484554,79869.59393389316,6330.320880952381,1934.6051643617457,2078.8052807834283,40,15,7015.200300446548,30.777087500000025,20278.619841096417,16464.506527461614,10800.0,10756.861715362767,1274.7511739418003,10800.0,1.1585695999965537,2.2737367544323206e-13,0,1.5,1.4999999999999998
2025-11-27,greedy,error_scaled_frozen_contract_and_soc,54911.70616906764,54911.70616906764,0.0,86148.90501916924,79835.1138405978,6313.791178571429,1916.3027877082538,0.0,0,0,5702.194604085838,406.6205678571424,21339.328788659554,17284.856318814243,10800.0,10800.0,1387.927298650793,10800.0,0.00036019999242853373,2.2737367544323206e-13,0,1.5,1.4999999999999998
2025-11-27,mpc,error_scaled_frozen_contract_and_soc,63120.838193016,54911.70616906764,8209.132023948354,86148.90501916924,79835.1138405978,6313.791178571429,1916.3027877082538,1627.971019443573,34,15,7755.22380871511,181.1452083333343,20380.631244744567,16525.741600561145,10800.0,10780.63300853551,1235.3091931216932,10800.0,1.5434991999936756,1.1368683772161603e-13,0,1.5,1.4999999999999998
2025-11-28,greedy,error_scaled_frozen_contract_and_soc,23680.383153123836,23680.383153123836,0.0,42196.29620267449,35867.109236007826,6329.186966666666,1882.2410944798412,0.0,0,0,3146.0775278462315,3528.991532142857,21149.03981739186,17130.72225208741,10800.0,10800.0,1377.5553478835982,10800.0,0.0008138999983202666,2.2737367544323206e-13,0,1.5,1.5000000000000002
2025-11-28,mpc,error_scaled_frozen_contract_and_soc,31859.328038244712,23680.383153123836,8178.944885120878,42196.29620267449,35867.109236007826,6329.186966666666,1882.2410944798412,1622.867665819373,39,14,4233.254848948775,4458.6923975486525,19379.656228502572,15755.349183887083,10800.0,10735.747068000004,1200.0,10800.0,1.1301318999903742,2.2737367544323206e-13,0,1.5,1.5000000000000002
2025-11-29,greedy,error_scaled_frozen_contract_and_soc,23954.974562013544,23954.974562013544,0.0,42622.50972703158,36408.54185322206,6213.967873809524,1815.2023399338495,0.0,0,0,1691.4125936603841,0.0,20110.648408720568,16289.625211063656,10800.0,10800.0,1679.3076435271528,10800.0,0.0002505000011296943,1.1368683772161603e-13,0,1.5,1.4999999999999998
2025-11-29,mpc,error_scaled_frozen_contract_and_soc,46026.53188686499,23954.974562013544,22071.557324851452,42622.50972703158,36408.54185322206,6213.967873809524,1815.2023399338495,3921.945436645561,40,14,3543.1617920919616,3116.905860103662,15480.921257328186,12706.607681560952,10800.0,10614.376152083201,1200.0,10800.0,1.5101777999952901,1.1368683772161603e-13,0,1.5,1.4999999999999998
2025-11-30,greedy,error_scaled_frozen_contract_and_soc,60366.48010307636,55698.0218602939,4668.458242782469,87375.76941048099,80982.65124857624,6393.118161904762,1874.0057551401983,669.2170646190466,1,1,1409.387063683128,0.0,23859.85851247002,19326.48539510072,10800.0,10800.0,1200.0,10800.0,0.0007700999994995072,1.1368683772161603e-13,0,1.5,1.5
2025-11-30,mpc,error_scaled_frozen_contract_and_soc,76029.03230444559,55698.0218602939,20331.01044415169,87375.76941048099,80982.65124857624,6393.118161904762,1874.0057551401983,4034.4514364261895,55,14,5589.936384736005,8.009408333333338,19738.234283083813,16028.185523293578,10800.0,10755.315828893681,1200.2292685185212,10800.0,1.187889399996493,2.2737367544323206e-13,0,1.5,1.5
2025-12-01,greedy,error_scaled_frozen_contract_and_soc,98502.09024844112,56233.99569057187,42268.09455786925,88220.65746476961,81876.96102905532,6343.696435714286,1882.467151936111,7836.996608345232,21,4,832.6865915343923,0.0,23578.888568468632,19098.899740459598,10800.0,10800.0,1200.0,10800.0,0.0003667999990284443,2.2737367544323206e-13,0,1.5,1.4999999999999998
2025-12-01,mpc,error_scaled_frozen_contract_and_soc,101690.58926819995,56233.99569057187,45456.59357762809,88220.65746476961,81876.96102905532,6343.696435714286,1882.467151936111,10732.461480938093,90,14,4492.632666467821,15.44530000000001,20011.371643535207,16311.309317866739,10800.0,10686.557459329759,1223.9164768518522,10800.0,1.3200423999951454,2.2737367544323206e-13,0,1.5,1.4999999999999998
2025-12-02,greedy,error_scaled_frozen_contract_and_soc,109554.29137082028,56667.03141579642,52887.25995502386,88920.85032096932,82297.12137335027,6623.728947619049,2184.01991595869,9690.862552297625,25,5,271.8099297619059,0.0,22549.106964562823,18264.77664129588,10800.0,10800.0,1200.0,10800.0,0.00030270000570453703,2.2737367544323206e-13,0,1.5,1.5
2025-12-02,mpc,error_scaled_frozen_contract_and_soc,110706.67124496077,56667.03141579642,54039.63982916436,88920.85032096932,82297.12137335027,6623.728947619049,2184.01991595869,12094.446284820679,98,9,3249.023093989657,26.36257083333339,19681.323043192217,15996.984722463305,10800.0,10738.763269469322,1250.1990958994718,10800.0,1.289531000002171,2.2737367544323206e-13,0,1.5,1.5
2025-12-03,greedy,error_scaled_frozen_contract_and_soc,90284.45526056676,57655.64496300536,32628.810297561402,90144.9749482067,83123.41321487338,7021.561733333334,2508.914765665674,5933.797656607144,21,5,294.13657261904746,0.0,23283.706054721988,19000.67701657481,10800.0,10643.4720975,1200.0,10800.0,0.0003186999965691939,1.1368683772161603e-13,0,1.5,1.4999999999999998
2025-12-03,mpc,error_scaled_frozen_contract_and_soc,94878.92021795547,57655.64496300536,37223.27525495012,90144.9749482067,83123.41321487338,7021.561733333334,2508.914765665674,8805.409594021428,95,12,3815.2980080858792,8.536249999999995,19820.097869255158,16195.154579160528,10800.0,10643.47188326239,1200.0,10800.0,1.0780363000085345,2.2737367544323206e-13,0,1.5,1.4999999999999998
2025-12-04,greedy,error_scaled_frozen_contract_and_soc,87935.53834385097,58027.93627935938,29907.602064491588,90537.53711553279,83139.46003219945,7398.077083333334,2548.5113268615073,5902.538035432984,22,3,799.392051352151,0.0,24716.98971275336,19986.99518933022,10754.182551111111,10791.70086,1200.0,10800.0,0.0005586999905062839,2.2737367544323206e-13,0,1.5,1.5
2025-12-04,mpc,error_scaled_frozen_contract_and_soc,95928.58692701864,58027.93627935938,37900.65064765925,90537.53711553279,83139.46003219945,7398.077083333334,2548.5113268615073,8996.5999581851,88,11,4796.143271596638,2.084675000000061,20776.158592508873,16950.938041578105,10754.182551111111,10618.349682615646,1200.0,10754.182551111111,0.939364799996838,2.2737367544323206e-13,0,1.5,1.5
2025-12-05,greedy,error_scaled_frozen_contract_and_soc,42632.792169246546,25951.930932245697,16680.861237000852,45567.71520339204,37767.93672243967,7799.778480952381,2633.092531379444,3247.1623106555726,15,2,271.7990958847728,0.0,20084.813201734272,16538.88289190476,10800.0,10499.795334999999,1200.0,10800.0,0.00029799999902024865,1.1368683772161603e-13,0,1.5,1.5
2025-12-05,mpc,error_scaled_frozen_contract_and_soc,56389.03828564736,25951.930932245697,30437.10735340167,45567.71520339204,37767.93672243967,7799.778480952381,2633.092531379444,7010.988889438095,70,10,2190.223818189465,2743.387275745623,15659.704577493483,13011.759686931762,10800.0,10436.223356486624,1200.0,10800.0,0.885639899992384,1.1368683772161603e-13,0,1.5,1.5
2025-12-06,greedy,error_scaled_frozen_contract_and_soc,58644.18470429831,26273.32777695887,32370.85692733945,46409.333617705444,38146.53800818163,8262.795609523808,2552.953859644524,5502.046903461216,25,4,240.7785249999996,0.0,18002.99627142857,14631.790688357145,10800.0,10745.151435,1200.0,10800.0,0.00029960001120343804,2.2737367544323206e-13,0,1.5,1.5
2025-12-06,mpc,error_scaled_frozen_contract_and_soc,53729.47964341569,26273.32777695887,27456.15186645682,46409.333617705444,38146.53800818163,8262.795609523808,2552.953859644524,6798.310077841519,84,11,1532.7011144837375,285.6863357142863,16540.395624801975,13450.535792548271,10800.0,10741.316292823698,1200.0,10800.0,1.3230720999999903,2.2737367544323206e-13,0,1.5,1.5
2025-12-07,greedy,error_scaled_frozen_contract_and_soc,74364.50356780835,60394.22383365179,13970.279734156562,93885.33562833967,85180.92427595872,8704.411352380952,2551.280656078968,2699.2898775119047,15,4,568.3085452380923,0.0,25014.20333242691,20251.572627765796,10788.964365,10800.0,1200.0,10800.0,0.0002854000049410388,2.2737367544323206e-13,0,1.5,1.5000000000000002
2025-12-07,mpc,error_scaled_frozen_contract_and_soc,87688.02985669604,60394.22383365179,27293.80602304426,93885.33562833967,85180.92427595872,8704.411352380952,2551.280656078968,6296.064238047767,89,16,5124.864816203737,19.54291666666669,20526.135841223168,16742.829963658503,10788.964365,10659.34221803585,1254.2055873015906,10788.964365,1.1353140999999596,2.2737367544323206e-13,0,1.5,1.5000000000000002
2025-12-08,greedy,error_scaled_frozen_contract_and_soc,65618.92103728512,65618.92103728512,0.0,101552.03995169433,92512.67531598004,9039.364635714286,2453.238970230277,0.0,0,0,9549.912645972956,0.0,21699.31298750604,17576.443519879896,10800.0,10800.0,1384.530871693124,10800.0,0.0005426999996416271,2.2737367544323206e-13,0,1.5,1.4999999999999998
2025-12-08,mpc,error_scaled_frozen_contract_and_soc,72171.6470326087,65618.92103728512,6552.725995323597,101552.03995169433,92512.67531598004,9039.364635714286,2453.238970230277,1218.4098243387289,25,9,10816.216584592345,73.401338690476,21342.432885791415,17340.858871136403,10800.0,10740.568629282936,1266.1069120370362,10800.0,1.2369092000008095,2.2737367544323206e-13,0,1.5,1.4999999999999998
2025-12-09,greedy,error_scaled_frozen_contract_and_soc,66102.26414537955,66093.5009167486,8.76322863095323,102052.54773784944,93007.84726165896,9044.700476190477,2451.423318924603,1.5086904761906226,1,1,10794.945061625513,0.0,22611.19853401068,18315.07081254865,10800.0,10800.0,1436.5701264550273,10800.0,0.0007818000012775883,2.2737367544323206e-13,0,1.5,1.5
2025-12-09,mpc,error_scaled_frozen_contract_and_soc,72869.75660042686,66093.5009167486,6776.255683678272,102052.54773784944,93007.84726165896,9044.700476190477,2451.423318924603,1304.1566877332705,29,15,12155.668167072425,115.80430297619023,21825.076757135193,17702.828446839187,10800.0,10772.759696044803,1259.910004629629,10800.0,1.2599544999975478,2.2737367544323206e-13,0,1.5,1.5
2025-12-10,greedy,error_scaled_frozen_contract_and_soc,65181.70475544554,65181.70475544554,0.0,101157.41560498325,92158.29658593563,8999.11901904762,2463.23763098984,0.0,0,0,8063.920092695474,0.0,22126.863723820465,17922.759616294577,10800.0,10800.0,1554.7040992063503,10800.0,0.000835299986647442,2.2737367544323206e-13,0,1.5,1.5
2025-12-10,mpc,error_scaled_frozen_contract_and_soc,73693.16235364258,65181.70475544554,8511.457598197028,101157.41560498325,92158.29658593563,8999.11901904762,2463.23763098984,1539.7100063963728,28,13,9800.15480149482,37.154539880952214,21291.068481687787,17320.643616445825,10800.0,10716.802059690317,1295.3416990740766,10800.0,1.2665477999980794,2.2737367544323206e-13,0,1.5,1.5
2025-12-11,greedy,error_scaled_frozen_contract_and_soc,66052.63903305982,66052.63903305982,0.0,101951.4263569448,93080.86779265906,8870.558564285715,2505.3478312481348,0.0,0,0,13195.382478365667,0.0,20883.10111532878,16915.311903416317,10800.0,10800.0,1713.9597050264567,10800.0,0.0008290000114357099,1.1368683772161603e-13,0,1.5,1.5
2025-12-11,mpc,error_scaled_frozen_contract_and_soc,68359.252248564,66052.63903305982,2306.6132155041714,101951.4263569448,93080.86779265906,8870.558564285715,2505.3478312481348,406.8486654761914,18,10,13296.501146907238,197.34916353536508,21919.24378503756,17843.073739725838,10800.0,10701.681917949536,1526.9568785821327,10800.0,1.4303713000117568,2.2737367544323206e-13,0,1.5,1.5
2025-12-12,greedy,error_scaled_frozen_contract_and_soc,30521.884334211398,30521.884334211398,0.0,54774.614544678145,45929.018720868626,8845.595823809525,2524.246709379365,0.0,0,0,5324.060051028811,1370.9548119047618,18317.193469081787,14836.926709956257,10800.0,10800.0,1661.4615119047635,10800.0,0.0008157000120263547,2.2737367544323206e-13,0,1.5,1.5
2025-12-12,mpc,error_scaled_frozen_contract_and_soc,36743.18641393597,30521.884334211398,6221.302079724568,54774.614544678145,45929.018720868626,8845.595823809525,2524.246709379365,1214.5283711586337,32,15,6543.908601744665,1705.3045005952379,17281.397914794507,14140.801023916672,10800.0,10641.25698562987,1346.7525046296291,10800.0,1.1313038000080269,1.1368683772161603e-13,0,1.5,1.5
2025-12-13,greedy,error_scaled_frozen_contract_and_soc,31011.08850279064,31011.08850279064,0.0,55826.257334602524,46868.25385126918,8958.003483333334,2490.7981961979367,0.0,0,0,7241.577441534389,816.8884547619047,18579.062024919986,15049.040240185188,10800.0,10800.0,1876.3231177248667,10800.0,0.00023089999740477651,1.1368683772161603e-13,0,1.5,1.5
2025-12-13,mpc,error_scaled_frozen_contract_and_soc,39379.73994519765,31011.08850279064,8368.651442407012,55826.257334602524,46868.25385126918,8958.003483333334,2490.7981961979367,1565.5885739676353,30,13,7846.919921811997,2053.3630011904775,17187.01656607095,13933.223234074696,10800.0,10786.95576049197,1200.0,10800.0,1.3319533999892883,2.2737367544323206e-13,0,1.5,1.5
2025-12-14,greedy,error_scaled_frozen_contract_and_soc,66192.6211090874,66192.6211090874,0.0,102323.11247935383,93405.10787697288,8918.004602380954,2479.623642392539,0.0,0,0,9125.27210361552,0.0,22856.425523936035,18513.704674388187,10800.0,10800.0,1612.3338544973572,10800.0,0.0002818000066326931,2.2737367544323206e-13,0,1.5,1.5
2025-12-14,mpc,error_scaled_frozen_contract_and_soc,72545.7301570987,66192.6211090874,6353.109048011309,102323.11247935383,93405.10787697288,8918.004602380954,2479.623642392539,1224.3792857142857,26,11,10480.91688521457,25.042358333333365,22082.44042805127,17896.027432721523,10800.0,10789.721460000012,1270.381712962964,10800.0,1.0315179000026546,2.2737367544323206e-13,0,1.5,1.5
2025-12-15,greedy,error_scaled_frozen_contract_and_soc,65765.4827074071,65765.4827074071,0.0,101865.19624467072,92955.86804705166,8909.328197619048,2471.195945233294,0.0,0,0,7356.339676322751,0.0,23201.471362232405,18793.19180340825,10800.0,10800.0,1505.8171071428583,10800.0,0.0006634000019403175,2.2737367544323206e-13,0,1.5,1.5
2025-12-15,mpc,error_scaled_frozen_contract_and_soc,72280.8776636708,65765.4827074071,6515.394956263698,101865.19624467072,92955.86804705166,8909.328197619048,2471.195945233294,1294.093108333335,30,14,8908.468829540685,47.50028392857135,21966.983262585898,17864.240032574915,10800.0,10721.12934457741,1223.0878250242029,10800.0,1.0488157000072533,2.2737367544323206e-13,0,1.5,1.5
2025-12-16,greedy,error_scaled_frozen_contract_and_soc,66369.11325246419,66369.11325246419,0.0,102402.32652113948,93514.33055209187,8887.995969047619,2502.1771682983335,0.0,0,0,8328.861510714287,0.0,22713.908519781784,18398.265901023246,10800.0,10800.0,1678.4045978835986,10800.0,0.000377499993192032,2.2737367544323206e-13,0,1.5,1.5
2025-12-16,mpc,error_scaled_frozen_contract_and_soc,71245.42349120587,66369.11325246419,4876.310238741673,102402.32652113948,93514.33055209187,8887.995969047619,2502.1771682983335,964.4829261904775,23,10,9385.884653187986,106.44790518991195,22169.588152475313,18052.93365518991,10800.0,10693.814164794549,1314.8222756124637,10800.0,1.0020327999955043,2.2737367544323206e-13,0,1.5,1.5
2025-12-17,greedy,error_scaled_frozen_contract_and_soc,65899.23071118831,65899.23071118831,0.0,102218.69310806823,93460.16420330631,8758.528904761904,2530.4662895447227,0.0,0,0,10117.906335802469,0.0,21961.8758377396,17789.11942856908,10800.0,10800.0,1519.4549272486784,10800.0,0.0008977999968919903,2.2737367544323206e-13,0,1.5,1.5
2025-12-17,mpc,error_scaled_frozen_contract_and_soc,70064.32958080497,65899.23071118831,4165.098869616662,102218.69310806823,93460.16420330631,8758.528904761904,2530.4662895447227,767.4797273809522,26,15,10845.681947372012,80.6997970238095,21964.201947598627,17832.441219640503,10800.0,10753.958175460424,1494.1645897345647,10800.0,1.2830728999979328,2.2737367544323206e-13,0,1.5,1.5
2025-12-18,greedy,error_scaled_frozen_contract_and_soc,65724.3990648264,65724.3990648264,0.0,101599.14062324312,92815.86323514787,8783.277388095237,2524.456642858096,0.0,0,0,10154.519570311575,0.0,23364.335103148464,18925.11143355025,10800.0,10800.0,1584.0423624338598,10800.0,0.0005655999993905425,2.2737367544323206e-13,0,1.5,1.5000000000000002
2025-12-18,mpc,error_scaled_frozen_contract_and_soc,71709.2563900151,65724.3990648264,5984.857325188702,101599.14062324312,92815.86323514787,8783.277388095237,2524.456642858096,1341.730773809526,34,16,11817.350022447574,20.458854166666693,21956.810937917227,17859.145800812155,10800.0,10717.634509889771,1362.8760766592777,10800.0,1.3049777999985963,2.2737367544323206e-13,0,1.5,1.5000000000000002
2025-12-19,greedy,error_scaled_frozen_contract_and_soc,30925.729912403775,30925.729912403775,0.0,55802.37997057437,47096.94656343151,8705.433407142857,2543.2597520183335,0.0,0,0,7140.836172462089,2230.8583776260966,19009.100189275727,15397.371153313343,10800.0,10800.0,1522.128263227513,10800.0,0.00044859999616164714,1.7053025658242404e-13,0,1.5,1.4999999999999998
2025-12-19,mpc,error_scaled_frozen_contract_and_soc,39286.50151242105,30925.729912403775,8360.771600017271,55802.37997057437,47096.94656343151,8705.433407142857,2543.2597520183335,1585.2428607142874,35,11,7824.85279987463,3551.3147372424987,17383.638868318212,14191.139958670485,10800.0,10677.34169407474,1281.30828198345,10800.0,1.2537039000017103,1.1368683772161603e-13,0,1.5,1.4999999999999998
2025-12-20,greedy,error_scaled_frozen_contract_and_soc,30919.079270504488,30919.079270504488,0.0,55861.45047389404,47208.04504532261,8653.40542857143,2564.025952879364,0.0,0,0,7023.261243562614,2541.1666817901205,18908.75168405201,15316.088864082129,10800.0,10800.0,1671.0200515873032,10800.0,0.00032049999572336674,2.2737367544323206e-13,0,1.5,1.4999999999999998
2025-12-20,mpc,error_scaled_frozen_contract_and_soc,36902.419636289014,30919.079270504488,5983.340365784522,55861.45047389404,47208.04504532261,8653.40542857143,2564.025952879364,1114.3582619047615,28,7,7916.962418410361,3052.039798029116,18014.6503762986,14712.203585510702,10800.0,10666.292465879076,1368.5519604656113,10800.0,1.223425900010625,2.2737367544323206e-13,0,1.5,1.4999999999999998
2025-12-21,greedy,error_scaled_frozen_contract_and_soc,66196.98089375178,66167.82516257618,29.15573117559623,102127.98745849544,93499.20001801924,8628.787440476191,2564.5494414402374,5.019494047619219,1,1,8723.702604291597,0.0,22205.134257714453,17986.15874874871,10800.0,10800.0,1448.0397791005305,10800.0,0.0005412000027718022,2.2737367544323206e-13,0,1.5,1.5
2025-12-21,mpc,error_scaled_frozen_contract_and_soc,70381.38314212143,66167.82516257618,4213.557979545243,102127.98745849544,93499.20001801924,8628.787440476191,2564.5494414402374,872.1500226190487,22,15,9501.973791737126,89.65292321428565,22273.029972649878,18054.848045772516,10800.0,10784.784702304312,1303.7879166518137,10800.0,1.184737799994764,2.2737367544323206e-13,0,1.5,1.5
2025-12-22,greedy,error_scaled_frozen_contract_and_soc,65960.72495576263,65883.62631539132,77.09864037132809,101987.691350217,93321.3616264075,8666.329723809526,2561.2685493907134,16.454730630952533,1,1,8507.02502370664,0.0,23039.933790718813,18662.34637048224,10800.0,10800.0,1200.0,10800.0,0.000795899992226623,2.2737367544323206e-13,0,1.5,1.5
2025-12-22,mpc,error_scaled_frozen_contract_and_soc,72128.48130788357,65883.62631539132,6244.854992492259,101987.691350217,93321.3616264075,8666.329723809526,2561.2685493907134,1260.6502654761898,37,15,9890.510260308634,54.778316666665845,22169.3661350692,17985.846733256047,10800.0,10768.155373500002,1236.525623718626,10800.0,1.3036738999944646,2.2737367544323206e-13,0,1.5,1.5
2025-12-23,greedy,error_scaled_frozen_contract_and_soc,66135.4643179783,66135.4643179783,0.0,102215.35254619594,93547.12285333879,8668.229692857143,2562.475922783015,0.0,0,0,11628.730304982368,0.0,21523.28274197623,17433.859021000746,10800.0,10800.0,1576.3434021164044,10800.0,0.0006370000046445057,2.2737367544323206e-13,0,1.5,1.5
2025-12-23,mpc,error_scaled_frozen_contract_and_soc,67744.3603766289,66135.4643179783,1608.8960586505907,102215.35254619594,93547.12285333879,8668.229692857143,2562.475922783015,287.70148333333253,15,9,11823.782562007975,9.119129166666728,22235.852886141092,18062.899068024555,10800.0,10742.379744166368,1285.9825292554065,10800.0,1.376293400011491,2.2737367544323206e-13,0,1.5,1.5
2025-12-24,greedy,error_scaled_frozen_contract_and_soc,65677.79716937782,65677.79716937782,0.0,101745.68083943127,93167.88980609793,8577.791033333333,2620.838103392937,0.0,0,0,9815.491448001176,0.0,22858.510763165912,18515.393718164392,10800.0,10800.0,1320.7908544973557,10800.0,0.00041619999683462083,2.2737367544323206e-13,0,1.5,1.5
2025-12-24,mpc,error_scaled_frozen_contract_and_soc,72392.41304222736,65677.79716937782,6714.615872849536,101745.68083943127,93167.88980609793,8577.791033333333,2620.838103392937,1181.0284185405249,30,12,11129.571301198623,67.24603273809505,22108.774665920846,17965.955088314342,10800.0,10735.724878979498,1220.1416712962969,10800.0,1.2561797000089427,2.2737367544323206e-13,0,1.5,1.5
2025-12-25,greedy,error_scaled_frozen_contract_and_soc,65646.2906173867,65646.2906173867,0.0,101602.81153989212,93042.12663513022,8560.684904761905,2608.2452063715077,0.0,0,0,9866.005052028213,0.0,21841.027204296297,17691.232035479996,10800.0,10800.0,1287.343274325398,10800.0,0.000865699999849312,2.2737367544323206e-13,0,1.5,1.5
2025-12-25,mpc,error_scaled_frozen_contract_and_soc,69409.39503139205,65646.2906173867,3763.1044140053573,101602.81153989212,93042.12663513022,8560.684904761905,2608.2452063715077,766.0114226190474,24,13,10581.410675899391,55.949653337137455,22269.958913992738,18125.50759976571,10800.0,10703.5101339649,1213.629195849775,10800.0,1.2788450000080047,2.2737367544323206e-13,0,1.5,1.5
2025-12-26,greedy,error_scaled_frozen_contract_and_soc,30683.0942880343,30683.0942880343,0.0,55200.068421762364,46692.97177890522,8507.096642857143,2646.4441722607144,0.0,0,0,7159.523673265731,1387.6238629335733,18323.882756096362,14842.345032438057,10800.0,10800.0,2224.5148611111163,10800.0,0.0006874000100651756,1.1368683772161603e-13,0,1.5,1.4999999999999998
2025-12-26,mpc,error_scaled_frozen_contract_and_soc,36150.679702740104,30683.0942880343,5467.585414705812,55200.068421762364,46692.97177890522,8507.096642857143,2646.4441722607144,1111.520324710975,30,15,6656.2480723928475,3148.519703571476,17636.874919902773,14301.437111298512,10800.0,10782.701748691923,1200.0,10800.0,1.3809373999974923,1.1368683772161603e-13,0,1.5,1.4999999999999998
2025-12-27,greedy,error_scaled_frozen_contract_and_soc,30584.19693266657,30584.19693266657,0.0,55277.98578964761,46821.49286345713,8456.492926190476,2688.2824582819444,0.0,0,0,6726.310526631396,1470.577531804824,18319.434725673993,14838.742127795935,10800.0,10800.0,1670.1765119047634,10800.0,0.0003491000097710639,1.1368683772161603e-13,0,1.5,1.4999999999999998
2025-12-27,mpc,error_scaled_frozen_contract_and_soc,36533.47932107578,30584.19693266657,5949.282388409205,55277.98578964761,46821.49286345713,8456.492926190476,2688.2824582819444,1166.4993909792738,28,13,7747.882215083162,1766.9987195097185,17645.032953684,14315.833840983327,10800.0,10774.047612778566,1291.2329794973584,10800.0,1.324633600001107,1.1368683772161603e-13,0,1.5,1.4999999999999998
2025-12-28,greedy,error_scaled_frozen_contract_and_soc,65893.72892845565,65893.72892845565,0.0,101821.2000958148,93393.70310295766,8427.496992857145,2689.9883571017854,0.0,0,0,11948.99573477366,0.0,20910.92811575537,16937.851773761853,10800.0,10800.0,1771.1479949735453,10800.0,0.000905099994270131,2.2737367544323206e-13,0,1.5,1.5000000000000002
2025-12-28,mpc,error_scaled_frozen_contract_and_soc,69650.52948189672,65893.72892845565,3756.8005534410754,101821.2000958148,93393.70310295766,8427.496992857145,2689.9883571017854,757.7725988095244,25,10,12000.420847011204,508.70358685708857,22106.551944041687,17935.83170233328,10800.0,10767.194858156105,1425.6874124869971,10800.0,1.3608346999972127,2.2737367544323206e-13,0,1.5,1.5000000000000002
2025-12-29,greedy,error_scaled_frozen_contract_and_soc,65928.22967850791,65928.22967850791,0.0,101959.75211036697,93557.43140798603,8402.320702380952,2707.757340646944,0.0,0,0,11104.559150485005,0.0,20831.16592920339,16873.24440265475,10800.0,10800.0,1674.1881031746059,10800.0,0.0008362999942619354,2.2737367544323206e-13,0,1.5,1.5000000000000002
2025-12-29,mpc,error_scaled_frozen_contract_and_soc,67583.60088156386,65928.22967850791,1655.3712030559536,101959.75211036697,93557.43140798603,8402.320702380952,2707.757340646944,349.4690404761907,13,9,11058.439941336905,197.74810773809477,22327.310013351496,18171.548344916653,10800.0,10703.96973988673,1213.2330231481478,10800.0,1.6150429999979679,1.1368683772161603e-13,0,1.5,1.5000000000000002
2025-12-30,greedy,error_scaled_frozen_contract_and_soc,65162.17887319735,65162.17887319735,0.0,100954.39327681965,92724.26802920061,8230.125247619048,2644.8561130139287,0.0,0,0,11455.307349529681,0.0,21807.117211300632,17663.76494115351,10800.0,10800.0,1582.804665026456,10800.0,0.0008497999951941893,2.2737367544323206e-13,0,1.5,1.5000000000000002
2025-12-30,mpc,error_scaled_frozen_contract_and_soc,69154.04553028129,65162.17887319735,3991.866657083925,100954.39327681965,92724.26802920061,8230.125247619048,2644.8561130139287,769.0247071428564,20,10,11736.694493039871,448.84658571428577,22264.362504695204,18082.2192566297,10800.0,10746.571524637127,1440.2626549519523,10800.0,1.563547199999448,2.2737367544323206e-13,0,1.5,1.5000000000000002
2025-12-31,greedy,error_scaled_frozen_contract_and_soc,64954.40580049608,64954.40580049608,0.0,100619.20416892017,92596.82033320588,8022.383835714285,2720.881589940992,0.0,0,0,7104.5766895649585,0.0,23587.428237207863,19105.81687213837,10800.0,10800.0,1465.8782454761902,10800.0,0.00034149999555666,2.2737367544323206e-13,0,1.5,1.4999999999999998
2025-12-31,mpc,error_scaled_frozen_contract_and_soc,72518.25866671158,64954.40580049608,7563.852866215491,100619.20416892017,92596.82033320588,8022.383835714285,2720.881589940992,1573.650804761908,36,13,9063.709374095508,22.640116666666614,22003.111674105883,17929.6223054717,10800.0,10680.99794506007,1245.537592592591,10800.0,1.4368296999891754,2.2737367544323206e-13,0,1.5,1.4999999999999998
