date,method,comparison,cash_cost_yuan,contract_cost_yuan,emergency_cost_yuan,contract_kwh,base_contract_kwh,risk_reserve_kwh,expected_emergency_cost_yuan,emergency_kwh,emergency_slots,emergency_events,unused_contract_kwh,pv_curtailed_kwh,charge_kwh,discharge_kwh,soc_start_kwh,soc_end_kwh,soc_min_kwh,soc_max_kwh,runtime_seconds,max_balance_residual_kwh,simultaneous_flow_slots
2025-02-01,mpc,continuous_closed_loop,27899.518592385757,26709.124623435753,1190.3939689500016,49023.02332314897,43233.88872759342,5789.134595555555,6312.826350179821,202.84544523809564,10,6,7288.811021362488,3985.5609216406347,18806.95155184538,15233.630659794766,10799.999352000017,10799.999460000012,1951.9991785833952,10800.0,1.8258649999916088,1.1368683772161603e-13,0
2025-02-02,mpc,continuous_closed_loop,61176.091323881396,60814.31677554093,361.7745483404753,95447.26053643301,89758.78101944887,5688.479516984126,6331.734526354028,81.23041904761888,4,3,12198.04188237407,663.7723928571439,22686.309618154784,18375.910887905367,10799.999460000012,10799.999352000017,1507.3586305714334,10799.999460000012,1.0958651999972062,1.1368683772161603e-13,0
2025-02-03,mpc,continuous_closed_loop,60415.31374548027,59761.37400832551,653.939737154762,94059.09329643169,88351.31044611422,5707.78285031746,6325.6355685206945,130.02006666666662,10,6,9140.442897277066,529.3509500000007,22644.226399059393,18341.82338323811,10799.999352000017,10799.999352000017,1444.5024770340697,10799.999939465326,0.916827099994407,2.2737367544323206e-13,0
2025-02-04,mpc,continuous_closed_loop,61938.42553781465,60256.86030550631,1681.5652323083355,94763.34786999408,89031.03245300995,5732.3154169841255,6307.104330743882,336.4601833333337,18,8,9697.791847838174,82.89184999999998,22230.908575267786,18106.64816977855,10799.999352000017,10689.319103320418,1310.8761691143031,10799.999352000017,1.0751315999950748,2.2737367544323206e-13,0
2025-02-05,mpc,continuous_closed_loop,60957.59324894722,58627.82913646984,2329.76411247738,92690.48733099326,87928.5446476599,4761.942683333333,4566.75086750565,447.96309285714267,25,11,7802.271570305635,173.362466666667,22736.300713306933,18321.91130976218,10689.319103320418,10794.310512227567,1541.3565484285743,10794.310512227567,0.9415133000002243,2.2737367544323206e-13,0
2025-02-06,mpc,continuous_closed_loop,59906.5032271188,58976.383306618794,930.1199205000019,92809.30440657708,88846.1450367358,3963.1593698412707,3251.412147611388,187.60236428571463,12,7,7679.70708766606,669.2052880952396,23009.564329682264,18632.627151247427,10794.310512227567,10799.999352000017,1611.5820484285725,10799.999352000017,1.0329035000031581,2.2737367544323206e-13,0
2025-02-07,mpc,continuous_closed_loop,26177.977194066443,24137.838748395017,2040.1384456714272,45454.33084959413,42149.74645197508,3304.5843976190476,1942.5968872038493,345.4293047619045,16,6,5852.113344247141,4439.425185746965,19487.06293523823,15784.520977542972,10799.999352000017,10799.999352000017,1684.8234831198245,10799.999949701363,0.9426780999929179,2.2737367544323206e-13,0
2025-02-08,mpc,continuous_closed_loop,24578.05099700827,22024.098207958268,2553.9527890500003,41292.840224941145,38070.79870827449,3222.041516666666,1927.9955428724606,465.3772428571429,24,10,2820.5852659688544,3637.5531456440126,19785.583259815703,16062.66692029694,10799.999352000017,10759.616596615322,1200.0,10799.99997597569,1.0273374999960652,1.1368683772161603e-13,0
2025-02-09,mpc,continuous_closed_loop,58301.09547292911,54676.866813643406,3624.228659285711,87034.246466014,83804.7722398235,3229.4742261904767,1884.7776228023413,775.5319428571424,31,13,3606.0297020310254,226.93328333333312,23168.277729879614,18746.878273039503,10759.616596615322,10781.201805685301,1258.2416574038975,10790.403074565504,0.9679599999944912,2.2737367544323206e-13,0
2025-02-10,mpc,continuous_closed_loop,56492.92111275237,55472.05048701547,1020.8706257369054,88102.57532349316,84883.6062615884,3218.969061904762,1904.2355526711904,207.10610476190487,15,9,7679.233612449103,1948.9886904761895,23125.319631863844,18770.4980898674,10781.201805685301,10737.880485621205,1504.8683763123686,10795.777654971016,0.9831295000039972,2.2737367544323206e-13,0
2025-02-11,mpc,continuous_closed_loop,55987.62340458241,54059.88368026931,1927.7397243130956,86275.03537500308,83132.53822738404,3142.4971476190467,1917.0786876211912,318.4455952380954,20,8,6320.522460642222,658.8641981422306,22845.412562219433,18451.915384096046,10737.880485621205,10796.623587067532,1513.2052940917893,10799.926511980899,1.0683925000048475,2.2737367544323206e-13,0
2025-02-12,mpc,continuous_closed_loop,55670.929060546216,53693.076684758125,1977.8523757880969,85688.64201060514,82624.82622012895,3063.8157904761892,1921.1290865783344,384.80667380952383,20,11,5709.589677217935,810.6629499999991,22653.62916320422,18367.169239340823,10796.623587067532,10776.924012461526,1360.6887888781007,10799.999942040025,1.147163100002217,2.2737367544323206e-13,0
2025-02-13,mpc,continuous_closed_loop,55318.63981079176,53414.80810107509,1903.8317097166669,85175.04166117977,82147.84547308453,3027.1961880952376,1902.33345955,376.51770238095213,22,15,7425.272893387276,2539.898740398712,22295.478460649643,18038.569747541573,10776.924012461526,10799.999352000017,1544.518748107235,10799.999352000017,1.0066413000022294,2.2737367544323206e-13,0
2025-02-14,mpc,continuous_closed_loop,23622.193711064116,21094.673473109455,2527.5202379546663,39440.31789477453,36480.13222572691,2960.185669047619,1904.574072742143,581.8333457161741,31,11,2368.3608835207115,4031.174414722641,20171.672073185215,16350.857947604529,10799.999352000017,10786.884276083907,1213.9359259259272,10799.99997595911,1.2640555999969365,1.1368683772161603e-13,0
2025-02-15,mpc,continuous_closed_loop,24111.209671044126,20802.22966965291,3308.98000139122,39021.00587356845,36128.13516166368,2892.8707119047613,1924.7724883647222,727.3120676422819,33,15,2074.0032949547767,4637.140708137062,20170.462454051016,16413.379615932125,10786.884276083907,10703.212022583028,1279.6396137566142,10797.550776083906,1.1683893000008538,1.1368683772161603e-13,0
2025-02-16,mpc,continuous_closed_loop,56922.42540933811,51488.6862132274,5433.739196110716,82696.07359685717,79740.81315400003,2955.2604428571426,1862.7539320865872,1137.2166261904772,43,16,3706.5292759172753,434.45564999999937,22328.70029295997,18013.774095829576,10703.212022583028,10783.737735325245,1400.4916804544432,10799.999948740935,1.1560515000019222,2.2737367544323206e-13,0
2025-02-17,mpc,continuous_closed_loop,52696.60176831617,50945.947595135214,1750.6541731809543,82062.39288247112,79025.8297729473,3036.5631095238095,1867.1100018572224,341.34435238095284,22,12,5564.789784493671,1462.2781397145109,22161.21084710524,17968.404703128028,10783.737735325245,10763.933383133271,1450.221013960099,10799.999943519279,0.8479233000107342,2.2737367544323206e-13,0
2025-02-18,mpc,continuous_closed_loop,52647.99108159394,50787.801941109414,1860.1891404845237,81658.92920287041,78660.96743144184,2997.961771428571,1865.5898369858733,407.8849499999998,21,13,4722.298504431916,972.9076499999993,22363.608894063673,18083.388678958516,10763.933383133271,10798.527300058899,1218.9762196112795,10798.527300058899,0.8452781999949366,2.2737367544323206e-13,0
2025-02-19,mpc,continuous_closed_loop,54157.61395700797,50290.606603467495,3867.0073535404745,81005.97812928451,78105.55535785595,2900.4227714285707,1846.0541753888897,886.4500928571424,37,19,4811.658778883866,97.66157619047601,22192.788190687093,18089.007706953103,10798.527300058899,10673.13921950717,1277.4234881179636,10800.0,0.9211203000013484,2.2737367544323206e-13,0
2025-02-20,mpc,continuous_closed_loop,52838.583334763265,49898.67793783112,2939.905396932142,80657.38311496969,77754.7500197316,2902.6330952380945,1863.1133610731354,600.6884404761903,28,14,5188.651653106551,793.6597247741341,22252.57899982586,17969.95255559399,10673.13921950717,10733.846368690456,1403.477889107475,10799.999952680539,0.9132554999960121,2.2737367544323206e-13,0
2025-02-21,mpc,continuous_closed_loop,22070.5431171433,20424.574588283776,1645.9685288595228,38482.90929693011,35568.02668978725,2914.8826071428552,1864.9237810269456,386.3336833333333,27,15,3044.059610879346,6384.156112802638,20211.59593346087,16330.830710212744,10733.846368690456,10778.915253013307,1646.0664666174548,10789.622978259038,0.7425232999958098,1.1368683772161603e-13,0
2025-02-22,mpc,continuous_closed_loop,23634.278443038493,20282.729185782446,3351.549257256048,38250.70546931468,35416.3172931242,2834.388176190474,1855.2141051533745,692.9603138812228,22,12,2103.0800576087463,5212.382699602645,20013.9218880267,16230.481745375531,10778.915253013307,10757.576346264528,1259.856116402115,10793.072238013308,0.6798889999918174,1.1368683772161603e-13,0
2025-02-23,mpc,continuous_closed_loop,53213.302079146844,49286.16868454924,3927.1333945976194,79625.44030314853,76851.81072695805,2773.629576190474,1800.7257041490884,853.2395523809525,31,16,4175.238616753957,553.4005783003889,22139.813627005497,17921.6266498637,10757.576346264528,10770.490110720923,1350.2150084430275,10799.999952285598,0.6756946999958018,2.2737367544323206e-13,0
2025-02-24,mpc,continuous_closed_loop,50434.46156312362,48589.97663771885,1844.4849254047645,78758.5641821381,75973.49916547144,2785.0650166666646,1817.4638609470644,395.5945833333338,24,11,5454.657689695993,1288.2607622823537,22029.653246399,17821.446549572574,10770.490110720923,10795.57075517716,1373.2082960966045,10799.99995227887,1.300519800002803,2.2737367544323206e-13,0
2025-02-25,mpc,continuous_closed_loop,50131.82750446442,48635.04601137632,1496.781493088092,78737.0970952672,75959.97904288626,2777.1180523809503,1818.4403196290884,346.2528785714279,20,11,6426.22212466122,2656.3431863468063,22165.800947879186,17986.3395183819,10795.57075517716,10759.96992117743,1406.798764492688,10795.57075517716,1.5976862000097753,2.2737367544323206e-13,0
2025-02-26,mpc,continuous_closed_loop,50943.482322357435,48337.26599838362,2606.216323973809,78295.55358131637,75617.82235988781,2677.7312214285694,1759.098042649406,588.083607142857,29,15,4431.545048690951,1421.1465948841867,22035.294244619712,17819.19673306895,10759.96992117743,10792.627260147454,1230.631515873019,10792.627260147454,1.1959228000050643,2.2737367544323206e-13,0
2025-02-27,mpc,continuous_closed_loop,51846.90080385149,47457.09158912054,4389.809214730951,77062.69848091548,74347.77110472502,2714.927376190474,1761.503335467898,866.4525761904757,33,12,6136.985904397706,655.8192178068566,21963.82553807425,17784.063803172838,10792.627260147454,10799.999352000017,1215.1789191428597,10799.999944555411,1.2563197999988915,2.2737367544323206e-13,0
2025-02-28,mpc,continuous_closed_loop,21994.566995775254,19499.720938246683,2494.846057528572,37079.88319234052,34545.33591615004,2534.5472761904757,1777.65642476254,533.2226142857143,30,12,2368.446459181648,8074.139825867798,20499.250388760076,16621.32441718329,10799.999352000017,10781.186460569323,1231.2186954978683,10800.0,1.5280270000075689,1.1368683772161603e-13,0
2025-03-01,mpc,continuous_closed_loop,22075.673721654573,19632.370046945052,2443.303674709522,37157.702819523605,34528.672507618845,2629.0303119047603,1796.7883238423417,485.3022476190473,24,13,3651.0961974277507,6542.579220025883,19949.521313498743,16158.957597143053,10781.186460569323,10781.358312559247,1669.792580256207,10800.0,1.519580300009693,1.1368683772161603e-13,0
2025-03-02,mpc,continuous_closed_loop,68225.84103113634,46927.8054255452,21298.035605591147,76254.86166039843,73516.2811913508,2738.580469047618,1927.7772093849999,3960.9957525070295,38,14,3713.9497908003295,377.3101523809523,19852.926185449498,16086.635782391986,10781.358312559247,10774.952121250479,1200.0,10799.999951105518,1.1131448000087403,2.2737367544323206e-13,0
2025-03-03,mpc,continuous_closed_loop,61671.3119272404,47124.103720363564,14547.208206876836,76503.01703314943,73650.1828950542,2852.834138095237,2264.7249412688893,3014.5934813225786,53,13,3308.6674119105496,102.64891641757389,21573.399721238886,17484.252168428327,10774.952121250479,10764.065016556224,1214.2997262857161,10800.0,0.9885691999952542,2.2737367544323206e-13,0
2025-03-04,mpc,continuous_closed_loop,50546.91588611058,48291.62338586296,2255.2925002476195,78213.12998112735,75055.68882874641,3157.4411523809517,2385.855395089564,477.876985714286,26,10,4920.288128285519,467.71152629182734,21850.172030281592,17746.622651350626,10764.065016556224,10710.750231197853,1336.2298665591256,10799.999950984884,0.9577999000030104,2.2737367544323206e-13,0
2025-03-05,mpc,continuous_closed_loop,50544.71089797553,48934.53454664934,1610.1763513261942,79316.8248941225,76034.14152745582,3282.6833666666666,2372.103371361429,275.7838357142864,16,6,7380.523817978141,1822.274537891376,22174.385137542016,17915.046780241413,10710.750231197853,10762.0893213841,1241.6700260351743,10799.999950665548,0.96875,1.1368683772161603e-13,0
2025-03-06,mpc,continuous_closed_loop,49739.572412026406,48870.4246947764,869.14771725,78829.43952277774,75552.98432277775,3276.4552000000012,2389.8138505039274,211.59592142857142,19,11,6818.894162105491,2153.892913892962,21877.66743853595,17750.07320366142,10762.0893213841,10729.686456442661,1323.7269274259959,10799.999949399556,1.3397151999961352,2.2737367544323206e-13,0
2025-03-07,mpc,continuous_closed_loop,20800.891674158487,19669.749362304916,1131.1423118535722,37157.45354797454,33957.47120035549,3199.9823476190477,2425.4361534640075,216.38718333333358,18,11,3395.864688434744,9281.148412322593,19828.26342543314,16053.72132821594,10729.686456442661,10737.655396870336,1288.9413607078334,10799.999980342376,1.2222935000027064,1.1368683772161603e-13,0
2025-03-08,mpc,continuous_closed_loop,20959.795662280623,19026.978478503243,1932.8171837773812,35560.39548481502,32320.544425291213,3239.851059523809,2403.8390908517067,531.6385095238097,30,13,3655.3447875720212,9480.253945451817,20376.979681261873,16483.683936613546,10737.655396870336,10761.732735990978,1608.2905061621645,10799.999500750771,1.0934162999910768,1.1368683772161603e-13,0
2025-03-09,mpc,continuous_closed_loop,48192.00883008187,46681.33019042591,1510.6786396559523,75781.25946315315,72500.51273934363,3280.7467238095232,2405.35204105127,320.4739452380949,22,12,6792.427860301805,1808.9655310749392,21781.806103471892,17614.991136457378,10761.732735990978,10793.145855274155,1398.8987369784531,10800.0,1.0034550999989733,2.2737367544323206e-13,0
2025-03-10,mpc,continuous_closed_loop,53437.458033479925,45816.125907581394,7621.332125898527,74523.98048659723,71244.41556040675,3279.564926190475,2421.796012434247,1460.6044620309553,32,13,3194.7431324322324,834.5146016393944,20684.393774434324,16771.13800987777,10793.145855274155,10774.502463511973,1243.475703703705,10793.145855274155,1.0868983999971533,2.2737367544323206e-13,0
2025-03-11,mpc,continuous_closed_loop,47434.855267542705,45379.00556561901,2055.8497019237016,74272.26344636612,70827.24058922326,3445.022857142856,2424.7568121123413,448.84012629674373,30,14,5033.02792427702,1770.7780376423536,21142.45790349437,17164.07909275088,10774.502463511973,10731.515584711487,1249.8949947089966,10799.999948843253,1.0765821000095457,2.2737367544323206e-13,0
2025-03-12,mpc,continuous_closed_loop,46849.31101519902,44971.99694224069,1877.314072958332,73513.7852881182,70125.17190716582,3388.6133809523817,2436.8582610315066,464.72679761904726,29,15,5343.681716287416,2174.095091486655,21118.044617295996,17092.84402266614,10731.515584711487,10745.706826204394,1309.9506187390782,10797.323510266013,0.9496598999976413,2.2737367544323206e-13,0
2025-03-13,mpc,continuous_closed_loop,55623.47823898418,44399.60705838277,11223.87118060141,72678.40159720583,69200.23911863439,3478.162478571429,2395.729100998531,2097.405588491759,32,13,2721.6756794317917,581.9336552632465,20537.94615536793,16611.36632103205,10745.706826204394,10772.784675999925,1207.274074074075,10796.883785781996,1.0375982000114163,2.2737367544323206e-13,0
2025-03-14,mpc,continuous_closed_loop,21375.67748118242,18534.2540849848,2841.423396197618,34782.82173843142,31061.901126526653,3720.9206119047612,2578.619448208452,643.3779119047615,33,11,3235.36272156342,12281.897107725028,20386.84548023536,16507.331642520963,10772.784675999925,10779.466005410679,1285.0752753203344,10789.68853277715,1.2529140000115149,1.1368683772161603e-13,0
2025-03-15,mpc,continuous_closed_loop,21578.555312657023,18745.87145073797,2832.68386191905,35261.090925521305,31467.52687790226,3793.5640476190465,2584.6864233828583,564.0555238095243,32,14,3016.5587450622593,8078.445947619047,20260.680835890118,16454.664229240596,10779.466005410679,10731.118503000009,1527.0601538764447,10799.999981551247,1.2913989999942714,1.1368683772161603e-13,0
2025-03-16,mpc,continuous_closed_loop,48429.99342654419,44372.8630095196,4057.1304170245976,72716.43903570222,68796.13855236888,3920.3004833333316,2611.990314041549,860.9323105809542,35,17,5231.019753445435,1044.9193952380954,20539.261790024946,16588.87652575863,10731.118503000009,10784.369085401755,1288.7153888888893,10794.31848,1.3994953999936115,2.2737367544323206e-13,0
2025-03-17,mpc,continuous_closed_loop,45875.69776914223,44365.32689401246,1510.3708751297645,72861.40968575851,68907.83395480612,3953.5757309523797,2613.511236251985,274.02489761904815,14,8,8241.752631909632,3091.270464877083,20708.609853845333,16764.329800587824,10784.369085401755,10795.084842098306,1471.5912313195763,10800.0,1.4457194999995409,2.2737367544323206e-13,0
2025-03-18,mpc,continuous_closed_loop,48428.03698218505,43096.77544351124,5331.261538673809,70871.89362095046,67035.06971618855,3836.8239047619036,2650.5504142322234,1050.1514404761904,31,10,5761.803405038638,1145.5855620691843,20864.781269638464,16976.083541986303,10795.084842098306,10711.072938121477,1468.9861607431371,10800.0,1.1169940999971004,2.2737367544323206e-13,0
2025-03-19,mpc,continuous_closed_loop,46952.1726800292,43317.784244414914,3634.388435614287,71179.60625952145,67355.93796428335,3823.6682952380934,2696.961684803613,716.281780952381,23,10,6752.56769357648,1631.5208766586566,20875.23814604214,16828.909125803446,10711.072938121477,10799.999352000017,1419.1027721515638,10799.999947686581,1.3137327000004007,2.2737367544323206e-13,0
2025-03-20,mpc,continuous_closed_loop,46752.53348269744,43416.798663899826,3335.7348187976227,70966.6525669561,67092.20962409896,3874.4429428571416,2651.217376471708,759.1962309523817,35,8,4697.30586090837,899.8268103086074,20652.827502311484,16733.073192286643,10799.999352000017,10795.240557095194,1302.0020450525142,10800.0,1.4916268999950262,2.2737367544323206e-13,0
2025-03-21,mpc,continuous_closed_loop,20830.10382392649,18343.559223865777,2486.5446000607126,34388.43237236604,30517.96976046128,3870.4626119047607,2697.264311197898,616.2956904761901,35,12,4065.5794174727066,15094.034584157105,20319.16209122733,16507.512546681573,10795.240557095194,10740.80583177582,1641.057460253234,10795.240557095194,1.1533619000110775,1.1368683772161603e-13,0
2025-03-22,mpc,continuous_closed_loop,20689.869047261054,18808.563729293932,1881.3053179671233,35158.822243085146,31300.601100228,3858.221142857141,2690.559770415002,436.1361727536734,15,9,3345.862839898605,12509.902154761905,20059.60511724425,16201.611429399274,10740.80583177582,10792.659960185338,1299.3544629629641,10799.999982275423,1.4180324000044493,1.1368683772161603e-13,0
2025-03-23,mpc,continuous_closed_loop,45639.1368299359,41810.592668337085,3828.544161598808,68767.23595282284,64895.08078853713,3872.155164285713,2724.636121769286,751.0878357142853,32,10,4934.693600190157,1866.702166605813,20740.012907585686,16792.80500251119,10792.659960185338,10799.999352000017,1367.533916780147,10800.0,1.3414524999971036,1.1368683772161603e-13,0
2025-03-24,mpc,continuous_closed_loop,43754.65693687212,41434.24853285565,2320.408404016465,67906.36212706874,63954.11587944969,3952.2462476190462,2692.5570164508736,555.9062657143047,29,14,4768.333585686927,1953.4444154131663,20377.290944822387,16635.29763647277,10799.999352000017,10655.89716181487,1269.3632513227515,10799.999352000017,1.2375852999975905,2.2737367544323206e-13,0
2025-03-25,mpc,continuous_closed_loop,45687.69020010266,41132.39032200146,4555.299878101196,67649.02556735027,63745.00999354075,3904.015573809522,2738.4124738464698,1005.508554761906,45,19,2934.7413832374077,782.1342716833642,20640.23643095816,16652.702680433416,10655.89716181487,10729.106971417861,1315.2027092655155,10785.72047533561,1.4426899999962188,2.2737367544323206e-13,0
2025-03-26,mpc,continuous_closed_loop,43523.98701101497,41136.00155353401,2387.98545748095,67652.11355536594,63549.15313631833,4102.960419047619,2718.9739521136107,477.22848333333275,29,11,5518.094836101472,3118.4791307525265,20515.127624996243,16614.914419817625,10729.106971417861,10731.705811894893,1386.4642825343192,10782.46313513557,1.164500599988969,2.2737367544323206e-13,0
2025-03-27,mpc,continuous_closed_loop,44397.3894800953,41119.41319239738,3277.9762876979207,67414.33791521005,63289.087160448136,4125.250754761905,2721.8257832330946,680.456889699998,29,15,4411.997212294187,1133.1680261904764,20081.074688138015,16248.434521712625,10731.705811894893,10750.856895982859,1260.912481481483,10798.143637248144,1.0324760999938007,2.2737367544323206e-13,0
2025-03-28,mpc,continuous_closed_loop,20089.6917330621,18303.04155177162,1786.6501812904767,34462.541046634346,30179.125446634345,4283.415600000001,2652.214482897062,462.89250238095264,24,11,4453.370659473678,15769.875431631392,20259.548346990166,16379.241655746606,10750.856895982859,10785.293013000008,1744.538255545398,10799.999726444867,1.399217000012868,1.1368683772161603e-13,0
2025-03-29,mpc,continuous_closed_loop,20168.045991974177,17979.469633014654,2188.5763589595235,34065.357352191204,29825.81706647692,4239.540285714287,2723.15305937996,451.4096238095238,30,12,3945.7551093737334,18998.348331760855,20326.312966008267,16460.85861447545,10785.293013000008,10789.131777434724,1594.2865730139408,10789.131777434724,1.5611771999974735,1.1368683772161603e-13,0
2025-03-30,mpc,continuous_closed_loop,42181.80926471789,40164.206688391314,2017.602576326573,65744.53413854018,61481.6403075878,4262.893830952382,2692.1380937817858,440.5848462428752,28,15,5137.372852148846,1871.4668371429395,20290.98419325462,16460.32459776335,10789.131777434724,10761.7679982935,1267.657222222224,10799.999945125795,1.349563499999931,2.2737367544323206e-13,0
2025-03-31,mpc,continuous_closed_loop,50126.092174835394,39476.92795611698,10649.164218718408,64876.89783784023,60676.11344260213,4200.784395238095,2749.108714775556,1816.8520225323282,28,11,3294.3209455313267,2814.113900000001,19041.2032400306,15407.2777085227,10761.7679982935,10779.653460406931,1224.046037037037,10786.447180860125,1.1872799999982817,2.2737367544323206e-13,0
2025-04-01,mpc,continuous_closed_loop,54546.19030006196,39829.6597359702,14716.530564091758,65421.489190445944,61184.76182139832,4236.727369047619,2777.1384108645243,2457.287039099618,37,16,2582.9588639089848,1578.2460809523814,18370.5703599145,14861.850591896973,10779.653460406931,10799.999460000012,1200.0,10799.999460000012,1.0472100999904796,2.2737367544323206e-13,0
2025-04-02,mpc,continuous_closed_loop,52698.91751414249,39468.08001357583,13230.837500566662,64999.92332381572,60686.70916191095,4313.214161904762,2554.2528387165084,2476.2523476190468,45,14,3076.867336405405,268.8177721511975,19623.022711651498,15927.867548773336,10799.999460000012,10763.089290738213,1219.1559608215657,10800.0,1.3562317000032635,1.1368683772161603e-13,0
2025-04-03,mpc,continuous_closed_loop,44464.880481902495,39906.82433878731,4558.05614311519,66045.7204155728,61645.641087001364,4400.07932857143,2660.522227575635,917.1653968415567,38,15,5099.282676739643,2172.1351308579606,20292.813428613146,16464.87569046307,10763.089290738213,10732.315053753304,1217.4850291005303,10800.0,1.0041157999949064,2.2737367544323206e-13,0
2025-04-04,mpc,continuous_closed_loop,20437.63798332407,17722.24798772169,2715.3899956023806,33615.65902669492,29151.474676694914,4464.184350000001,2628.8079829922217,653.5570023809523,29,10,4738.181565480996,19205.19931997716,20199.450921684704,16304.418028066986,10732.315053753304,10795.800852083989,1689.6200110102582,10799.515465945433,1.3679311000014422,1.1368683772161603e-13,0
2025-04-05,mpc,continuous_closed_loop,23532.981174072578,17830.86680603603,5702.114368036552,33798.530147022895,29326.189018451463,4472.341128571428,2652.847589672381,1131.8470114191082,28,13,3159.651751079254,16067.120903789575,19375.03313739216,15715.543617152322,10795.800852083989,10771.615545567685,1200.0,10796.415942083988,1.2527735000039684,1.1368683772161603e-13,0
2025-04-06,mpc,continuous_closed_loop,42702.019878494604,39782.975088726744,2919.04478976786,65951.54230324324,61232.39464133847,4719.147661904761,2615.240198946906,593.4636285714291,31,14,5844.9642595924,2396.2706806897704,20358.680521456492,16464.985796590663,10771.615545567685,10799.999352000017,1380.954045589204,10799.999352000017,1.392821500005084,2.2737367544323206e-13,0
2025-04-07,mpc,continuous_closed_loop,41687.86397117887,39263.23620572123,2424.6277654576384,64907.03540133908,60174.04528229147,4732.990119047618,2622.4770863442873,497.89326901202116,20,11,4617.010939857953,3910.1102166666656,19487.186857365417,15852.098626872259,10799.999352000017,10725.024604881934,1214.8423068783063,10800.0,1.417921700005536,2.2737367544323206e-13,0
2025-04-08,mpc,continuous_closed_loop,44780.577498770515,39633.45074523719,5147.126753533328,65440.45010548616,60642.29227691473,4798.157828571427,2600.161607861312,1052.1502904761894,33,9,6133.458752506764,2199.2975980161623,19885.494296714704,16078.84386794194,10725.024604881934,10756.587396434128,1333.5092309866873,10800.0,1.1562443999864627,2.2737367544323206e-13,0
2025-04-09,mpc,continuous_closed_loop,53606.82822889873,39352.4767825672,14254.351446331524,64786.62857555205,59867.640013647295,4918.988561904761,2576.9250820634134,2392.8988939951996,30,12,3664.0326666575756,976.8664361049173,18041.07703030336,14636.759680185269,10756.587396434128,10730.490412390187,1221.8240740740741,10800.0,1.0086057000007713,2.2737367544323206e-13,0
2025-04-10,mpc,continuous_closed_loop,42273.89041067574,39397.89395787492,2875.9964528008245,64681.82571550571,59606.19884169618,5075.626873809524,2578.2813853472626,596.6166032581563,27,15,4925.111529658004,2078.2753016167653,19846.35606616745,16031.938478678347,10730.490412390187,10778.945895631618,1274.9203703703674,10800.0,1.0941095000016503,2.2737367544323206e-13,0
2025-04-11,mpc,continuous_closed_loop,20838.302248677443,17795.36599364887,3042.9362550285728,33571.28128476172,28474.552858571238,5096.728426190475,2616.921980421787,683.3685809523813,28,8,5078.457632107153,20127.966655696713,19970.428507434226,16238.853096190665,10778.945895631618,10709.161445443908,1743.4825254120396,10799.999978131884,1.3793261000100756,1.1368683772161603e-13,0
2025-04-12,mpc,continuous_closed_loop,19075.831774540937,18094.36329653022,981.468478010715,34064.76279501505,28981.620021205526,5083.142773809523,2643.1162379287316,208.5518000000001,17,9,4219.548387474753,17141.88650512682,20039.325164541282,16152.606012127806,10709.161445443908,10797.214080055717,1348.6811739181567,10797.214080055717,1.2559796999994433,1.1368683772161603e-13,0
2025-04-13,mpc,continuous_closed_loop,42915.3282549166,38306.709705179695,4608.618549736904,62895.20479961326,58039.883535327535,4855.321264285714,2554.5366614846826,879.2217109413642,34,14,3756.2510539375635,2117.2158898230578,19087.467049580584,15462.865966119922,10797.214080055717,10794.972240100557,1297.1015714285725,10800.0,1.2643375000043306,2.2737367544323206e-13,0
2025-04-14,mpc,continuous_closed_loop,41311.55578771951,37988.02978359323,3323.526004126289,62678.91114405856,57781.61927024904,4897.291873809523,2531.341017247143,674.249599708464,27,11,4732.212488723797,2441.069540404441,19203.773793210217,15551.926878571427,10794.972240100557,10798.4499000215,1347.8846227376825,10798.4499000215,1.2358661000034772,1.1368683772161603e-13,0
2025-04-15,mpc,continuous_closed_loop,43501.711762963285,38456.644504587515,5045.067258375766,63068.04138212189,58262.43734402665,4805.604038095238,2534.0684422264294,822.07236941428,15,9,4958.442556978228,5273.110322322159,18514.408063798903,14995.276024896451,10798.4499000215,10799.999352000017,1208.3909947089955,10800.0,0.9033328000077745,2.2737367544323206e-13,0
2025-04-16,mpc,continuous_closed_loop,44123.96518923201,38027.90897319869,6096.056216033309,62461.52633905136,57695.96357952755,4765.562759523809,2527.5670459911917,1139.6282480881578,29,15,2973.581835936029,1355.4827642857142,18515.26628803501,15022.76825111723,10799.999352000017,10771.77428776794,1266.1078915343928,10800.0,1.0642691999964882,2.2737367544323206e-13,0
2025-04-17,mpc,continuous_closed_loop,42293.723273368756,37957.48462346655,4336.238649902202,62234.34169391142,57229.613817720936,5004.7278761904745,2463.303325116707,745.3495534232497,27,11,3998.385626457948,2525.19874072395,18857.342656490735,15269.57812633797,10771.77428776794,10777.184760456303,1205.6286666666656,10791.93375857143,0.8869897999975365,1.1368683772161603e-13,0
2025-04-18,mpc,continuous_closed_loop,19404.002760206284,17570.794404286044,1833.208355920239,33343.118153682604,28332.67586796832,5010.4422857142845,2411.131681844009,450.4746761904764,22,7,4657.313812448339,18924.929503551568,20193.15367447628,16335.92134393644,10777.184760456303,10799.999352000017,1274.823237757278,10799.999352000017,1.0886106999969343,1.1368683772161603e-13,0
2025-04-19,mpc,continuous_closed_loop,19354.17541270895,17273.280916223237,2080.8944964857133,32749.398473577934,27674.472668816026,5074.925804761904,2385.169605493533,506.13798333333307,25,10,4898.259571865968,17811.103540007593,20100.323204793105,16338.829109755396,10799.999352000017,10736.035669918923,1630.5562414440337,10799.999352000017,0.8948643000039738,1.1368683772161603e-13,0
2025-04-20,mpc,continuous_closed_loop,41876.77235564384,37536.41733516901,4340.355020474829,61753.9479109525,56601.469937142974,5152.477973809523,2383.589678036667,943.3204073771151,33,14,3892.535153678823,3221.4082501474572,19168.463192156218,15542.883160986217,10736.035669918923,10717.782363985947,1227.4094470899481,10800.0,1.13879719999386,2.2737367544323206e-13,0
2025-04-21,mpc,continuous_closed_loop,39330.14327987029,37762.35989972149,1567.7833801488082,62189.96334209523,56953.683684952375,5236.279657142855,2373.56950155512,353.2119190476187,20,12,6496.786321595264,3839.6756062261306,19390.94023266339,15701.137282675263,10717.782363985947,10723.920481521589,1468.0564582380248,10800.0,1.1942274999892106,1.1368683772161603e-13,0
2025-04-22,mpc,continuous_closed_loop,43596.59283357689,37029.46523253806,6567.12760103883,60481.08267547624,55348.91344928576,5132.1692261904755,2433.8269808015484,1244.846760652029,29,15,3239.0754368757666,2941.9277714285718,17972.21428587087,14580.21737471361,10723.920481521589,10698.671811345808,1230.8834259259265,10800.0,0.8506384000065736,2.2737367544323206e-13,0
2025-04-23,mpc,continuous_closed_loop,41544.72814629094,37363.37500465367,4181.353141637264,61635.978386176386,56421.124548081156,5214.853838095238,2435.674104277698,754.103832918973,19,12,3851.432016566624,3534.938171881242,18487.37119680023,14883.5758828194,10698.671811345808,10799.999352000017,1264.9688730158737,10799.999352000017,0.9605080999899656,1.1368683772161603e-13,0
2025-04-24,mpc,continuous_closed_loop,37837.043863205334,36842.86114530176,994.1827179035724,60468.35875597756,55280.35986550137,5187.998890476189,2462.771297855595,185.4286380952382,16,9,5518.856849173224,4427.081169995021,19116.53962063858,15498.796945734019,10799.999352000017,10783.99951531472,1483.4782623070337,10800.0,1.0104618000041228,1.2612133559741778e-13,0
2025-04-25,mpc,continuous_closed_loop,18117.965882545555,16516.162783288415,1601.803099257143,31847.272318059433,26847.64271329753,4999.629604761905,2459.8182904588884,303.8360238095238,21,11,4688.490461847447,21745.104226357675,20016.74513084249,16299.58912717866,10783.99951531472,10688.415547318897,1646.8136549830597,10799.999973329182,1.0448602000105893,1.1368683772161603e-13,0
2025-04-26,mpc,continuous_closed_loop,20973.319584722663,16581.631710896516,4391.6878738261485,32001.483852531735,26972.46168824602,5029.022164285714,2441.1909205162697,944.8971266048611,36,13,3389.559889228375,25696.832188256343,19634.28222727719,15844.486958958641,10688.415547318897,10754.284041914316,1200.0,10783.819120755776,0.9424102000048151,2.2737367544323206e-13,0
2025-04-27,mpc,continuous_closed_loop,43430.59943232701,34927.302444170506,8503.29698815651,57611.56940686134,52547.948806861335,5063.620599999999,2418.917842835833,1700.5841884224956,43,12,3180.5529211386147,3927.4831202852606,18904.78018238565,15274.133811859017,10754.284041914316,10797.326415106936,1200.0,10800.0,0.9858292999997502,2.2737367544323206e-13,0
2025-04-28,mpc,continuous_closed_loop,62769.34511103227,35697.84254552619,27071.502565506074,58482.21950861709,53384.88144671233,5097.338061904762,2488.683076800357,4537.476365430526,40,15,2512.2175712161097,926.9194523809521,15660.987021641035,12702.395487857144,10797.326415106936,10778.44197029815,1229.6355,10800.0,0.8861451999982819,2.2737367544323206e-13,0
2025-04-29,mpc,continuous_closed_loop,40807.160954831415,36202.67206985129,4604.488884980123,59392.345133635,53822.54585268261,5569.79928095238,2769.4947289727775,916.8992022270351,22,10,4352.550612368305,5045.66031965696,18239.642748927112,14761.823061757008,10778.44197029815,10792.094820158101,1204.8648148148175,10800.0,0.9205035000049975,2.2737367544323206e-13,0
2025-04-30,mpc,continuous_closed_loop,41204.543651554806,36133.79783133273,5070.74582022208,59097.552754524004,53511.26649976209,5586.286254761905,2786.6217159139273,900.8286039734692,25,10,4952.2093518472775,3441.2942837860464,18047.475192938102,14699.45190340729,10792.094820158101,10702.098156683183,1200.0,10800.0,0.9206147000077181,1.1368683772161603e-13,0
2025-05-01,mpc,continuous_closed_loop,51127.07336401494,35905.96183747135,15221.111526543602,58345.894634844524,52755.767456273104,5590.127178571428,2787.1287026568652,2780.0139350436093,55,10,2879.29666114853,4091.067746558142,18504.861554198087,15360.69619201662,10702.098156683183,10289.033342109666,1200.0,10724.959941683184,0.8317130000068573,2.2737367544323206e-13,0
2025-05-02,mpc,continuous_closed_loop,39996.4562072548,17252.571252599002,22743.8849546558,32645.135237663017,27135.116585282063,5510.018652380953,2942.4570009287295,4233.717359259808,54,9,2615.9900986724456,16408.24732142857,17762.00989656565,14197.714803077171,10289.033342109666,10499.603578933005,1200.0,10499.603578933005,0.9847417999990284,2.2737367544323206e-13,0
2025-05-03,mpc,continuous_closed_loop,30283.680070779465,17579.305973671522,12704.374097107939,33082.142868597715,27249.20116383581,5832.9417047619045,3172.1409154365074,2383.600986137783,46,11,2929.3236531994958,19827.048886130717,19348.6459297174,15506.44626431212,10499.603578933005,10684.00017755409,1200.0,10684.00017755409,0.857987299998058,1.1368683772161603e-13,0
2025-05-04,mpc,continuous_closed_loop,49527.72821554272,37152.44140324317,12375.28681229955,60554.01256453008,54491.51676691104,6062.495797619047,3254.2240343076983,2132.1555556945486,41,11,3279.918445155131,4525.004273754724,17357.254850740286,14210.676782758841,10684.00017755409,10515.888673488302,1200.0,10800.0,1.1089725000056205,2.2737367544323206e-13,0
2025-05-05,mpc,continuous_closed_loop,56206.893731840835,37422.48654808783,18784.407183753014,61295.95176125844,55030.57158744891,6265.3801738095235,3334.7771867550796,3623.8157397537407,55,8,3460.710705573098,3065.573376413927,17358.4570931649,14040.980474139738,10515.888673488302,10537.410641625895,1200.0,10800.0,0.90287229999376,2.2737367544323206e-13,0
2025-05-06,mpc,continuous_closed_loop,50337.10897554498,37353.97154453547,12983.13743100952,60705.69610850536,54115.54299898156,6590.153109523808,3351.258947767302,2473.1441547619042,60,10,3307.301091518694,3756.2425055584026,17623.520812031205,14378.306512507696,10537.410641625895,10422.68324744543,1283.2471231225277,10800.0,0.8949501000024611,2.2737367544323206e-13,0
2025-05-07,mpc,continuous_closed_loop,54424.03867038815,38088.13790761556,16335.900762772602,62006.06010797,54981.83828892239,7024.221819047619,3290.511281549404,2920.931199042145,59,13,3128.600126356493,3276.3470672734475,17396.958000878494,13942.759837496287,10422.68324744543,10587.990073240197,1200.0,10800.0,0.9196386999974493,2.2737367544323206e-13,0
2025-05-08,mpc,continuous_closed_loop,49000.542990105256,41409.27396772656,7591.26902237869,65315.70325483365,57988.149183405076,7327.554071428571,3296.268201040039,1296.9354631897154,22,12,4861.254237549347,2430.2159714285713,17445.956719225145,13951.300610179704,10587.990073240197,10787.905998120943,1200.0,10800.0,0.9501195000048028,2.2737367544323206e-13,0
2025-05-09,mpc,continuous_closed_loop,23426.29727220419,21085.577630364904,2340.719641839286,36983.645015003116,29478.52489833645,7505.120116666666,3302.3346909220236,528.6313904761903,25,12,6615.251829297949,18678.889961004872,19515.077102554318,15796.32833737784,10787.905998120943,10799.999460000012,1881.3631427758003,10799.999972957521,0.815659499989124,1.1368683772161603e-13,0
2025-05-10,mpc,continuous_closed_loop,25323.780122386946,20976.847641821467,4346.932480565477,36680.32612665219,29377.507124271244,7302.819002380952,3338.5334529040474,846.6654023809526,22,11,5111.233331807942,16737.09085703679,18950.581421022223,15392.959364167144,10799.999460000012,10752.234556512085,1200.0,10799.999972312471,0.8123758000001544,1.1368683772161603e-13,0
2025-05-11,mpc,continuous_closed_loop,45341.27267088299,41687.32620969967,3653.9464611833137,66169.56195720908,58541.02436673289,7628.5375904761895,3261.133009974206,681.4458488590942,24,9,5546.8443180177965,2430.9703961103096,17648.012899899284,14258.898891292545,10752.234556512085,10792.225176096392,1200.0,10800.0,0.7711457999976119,2.2737367544323206e-13,0
2025-05-12,mpc,continuous_closed_loop,44103.333269315626,41869.97218312154,2233.3610861940847,66708.73850643006,58939.12760881102,7769.610897619046,3195.985649071588,479.5456816202971,21,10,6324.384332320449,5597.851631643451,17515.03229073614,14180.179299983012,10792.225176096392,10799.999460000012,1200.0,10800.0,0.8038679000019329,2.2737367544323206e-13,0
2025-05-13,mpc,continuous_closed_loop,44164.631087759575,41888.04433810481,2276.5867496547617,66739.80681829984,58870.038675442695,7869.768142857141,3201.7492765605166,383.20558095238084,16,7,7811.083280376234,2850.9251690476194,17535.743580851038,14203.95239768934,10799.999460000012,10799.999352000017,1601.616673539976,10800.0,0.8761916000075871,2.2737367544323206e-13,0
2025-05-14,mpc,continuous_closed_loop,43544.74689235192,42142.231514178115,1402.5153781738095,67000.44518254118,59161.37296111261,7839.072221428569,3218.5113092927786,328.6949142857143,17,6,7751.640094474626,3257.6149514346407,17463.350530322623,14157.614262738321,10799.999352000017,10786.332315136686,1445.2075268677288,10800.0,0.7825668000004953,2.2737367544323206e-13,0
2025-05-15,mpc,continuous_closed_loop,45082.66595001344,41538.12639622654,3544.5395537869053,66003.14657099998,58181.774111476174,7821.372459523807,3237.8540732142073,870.2793309523809,20,8,6488.712594963477,4370.4202827702875,17231.07676594452,13981.84202505926,10786.332315136686,10758.921376643135,1202.8851851851853,10800.0,0.658395999998902,2.2737367544323206e-13,0
2025-05-16,mpc,continuous_closed_loop,22454.879115950534,20683.93308135411,1770.946034596429,36126.59040373936,28276.102572786986,7850.487830952379,3258.913887344921,382.2649880952381,22,11,7106.1258222414635,23146.109880471435,19160.821628239482,15619.708472451111,10758.921376643135,10648.42920600188,1969.0684221207348,10760.977666643135,0.6581533999997191,1.1368683772161603e-13,0
2025-05-17,mpc,continuous_closed_loop,27535.071003791112,20790.4803861082,6744.590617682909,36550.10769821015,28793.593541067297,7756.514157142858,3322.310875460754,1300.7067043260845,31,10,4948.6387192123075,18794.77128809524,18642.993328406737,14984.38801651138,10648.42920600188,10777.803183221968,1200.0,10777.803183221968,1.6744023000064772,2.2737367544323206e-13,0
2025-05-18,mpc,continuous_closed_loop,47324.07132894265,41032.91942180031,6291.15190714234,64641.75000861808,56756.07814433237,7885.671864285714,3373.748891221984,1255.0361534601216,26,10,5406.51382294407,3774.6924553027625,16124.74501031832,13085.333226486946,10777.803183221968,10750.814551967409,1200.0,10798.515137142856,1.809367800000473,1.2634338020234281e-13,0
2025-05-19,mpc,continuous_closed_loop,43479.12145213765,40477.53716572694,3001.5842864107135,64295.5549263276,56306.02245013713,7989.532476190476,3389.725063028769,476.47860476190476,17,9,8017.505727947662,6047.979189688916,16617.792015587424,13426.45995213449,10750.814551967409,10788.538530291102,1630.0303465393004,10800.0,1.896271000005072,1.1368683772161603e-13,0
2025-05-20,mpc,continuous_closed_loop,51662.8332755057,40129.07183746229,11533.761438043417,63489.82417056868,55548.69565390202,7941.128516666667,3405.099198673055,1862.5952733275728,22,12,4256.981381695676,3711.0503131878177,15234.504286932122,12377.511354586022,10788.538530291102,10746.801994545543,1200.0,10800.0,1.478799300006358,2.2737367544323206e-13,0
2025-05-21,mpc,continuous_closed_loop,42801.871119391995,40457.41904809438,2344.452071297619,64085.19728497497,56020.72079211782,8064.476492857144,3383.2391394845226,513.487230952381,15,8,5935.599496384089,4157.315721287999,16513.202314037182,13370.048299115257,10746.801994545543,10753.074855939829,1200.0,10800.0,1.008787399987341,2.2737367544323206e-13,0
2025-05-22,mpc,continuous_closed_loop,43427.79456100908,39782.523733148366,3645.2708278607092,62995.00428724844,54862.07678248653,8132.927504761905,3372.74332365492,680.5436095238088,26,11,5509.754788120567,4138.131302246778,16677.889175179316,13466.85818544108,10753.074855939829,10799.999352000017,1556.9766910431676,10800.0,1.07137469999725,2.2737367544323206e-13,0
2025-05-23,mpc,continuous_closed_loop,24176.813731211307,20604.500821099406,3572.312910111904,36151.99754590985,28030.507003052706,8121.490542857142,3371.825810806984,817.4576595238095,29,10,5940.88089030091,20962.705298871355,19397.366758446784,15752.446625518722,10799.999352000017,10754.91096180355,1327.5930790247603,10799.999978769076,0.9853089000098407,1.1368683772161603e-13,0
2025-05-24,mpc,continuous_closed_loop,22884.756598272026,21180.411208252983,1704.3453900190477,36897.15818775061,28685.15039013156,8212.007797619048,3327.570902364643,421.11032619047614,19,11,7727.674265450818,22118.90114556327,19350.589848509713,15633.398128916058,10754.91096180355,10799.999460000012,1953.8278761296278,10799.999460000012,1.0606116999988444,2.2737367544323206e-13,0
2025-05-25,mpc,continuous_closed_loop,42710.07651661354,40137.42889683854,2572.647619774997,63607.63759328134,55290.88570280514,8316.75189047619,3268.3231802429773,457.00914285714236,19,9,6886.816155875482,5402.790246600001,17000.159197524514,13770.129047194849,10799.999460000012,10799.999352000017,1447.8952274025378,10800.0,0.8651785999973072,2.2737367544323206e-13,0
2025-05-26,mpc,continuous_closed_loop,47315.464955676565,39802.41718695201,7513.047768724564,62412.14311619027,54103.5545495236,8308.588566666665,3274.6073700758343,1559.8098545869998,28,8,4678.354078880967,1511.0087112682613,17138.375895565056,13935.618664937016,10799.999352000017,10740.516919189658,1200.0,10799.999951201726,0.9038978000025963,1.1368683772161603e-13,0
2025-05-27,mpc,continuous_closed_loop,42876.639423299515,40718.820889007846,2157.818534291667,63964.14478673875,55442.0163438816,8522.128442857143,3359.6197785773006,437.42679761904776,22,11,6802.481557150575,5075.455706070223,16422.733061526735,13289.46604038974,10740.516919189658,10754.903296352895,1383.2361193665356,10786.824876332515,0.9011497000028612,2.2737367544323206e-13,0
2025-05-28,mpc,continuous_closed_loop,45206.0621567958,40139.96356738031,5066.098589415478,63136.798238667776,54719.41998152492,8417.378257142858,3409.006403592697,1082.1411523809531,32,12,6640.10475744263,2010.575547973017,17135.99844458435,13841.563458951267,10754.903296352895,10797.786942088516,1445.1466689064534,10800.0,0.9657555000012508,2.2737367544323206e-13,0
2025-05-29,mpc,continuous_closed_loop,47397.12713801858,39482.48271961587,7914.644418402707,62437.143583943005,54247.64733632396,8189.4962476190485,3260.3096393546025,1627.419158801399,44,13,4551.388619074618,2235.386335448341,16700.095912143708,13532.43162392226,10797.786942088516,10791.83812532646,1200.0,10797.786942088516,0.8974467999942135,2.2737367544323206e-13,0
2025-05-30,mpc,continuous_closed_loop,25749.18872446601,20631.950946838704,5117.237777627306,36242.26248319524,27800.29315700476,8441.969326190476,3143.046539862262,1023.9725349195272,27,12,5735.369330659483,21396.194921667382,18584.696304815992,15046.258805694757,10791.83812532646,10799.999460000012,1200.0,10799.999968374954,0.974698999998509,2.2737367544323206e-13,0
2025-05-31,mpc,continuous_closed_loop,25920.878454458605,20921.658518099463,4999.219936359146,36627.483061877705,28065.138166639612,8562.344895238097,3116.8688859338095,1069.880682233157,30,10,6275.846518095246,19526.61123352899,18873.29734361386,15367.572901127227,10799.999460000012,10710.886068000005,1200.0,10800.0,0.9036739000002854,2.2737367544323206e-13,0
2025-06-01,mpc,continuous_closed_loop,91695.585744771,40784.06973106726,50911.51601370373,64569.62505027914,56041.55468837438,8528.070361904762,3091.450233253849,9542.159385222647,98,7,1120.97973046393,125.73704898455838,11864.521393624735,10224.280037571429,10710.886068000005,10028.644169405123,1200.0,10800.0,0.5178281999978935,2.2737367544323206e-13,0
2025-06-02,mpc,continuous_closed_loop,97805.1145260026,41741.52530467512,56063.58922132749,66713.46165124406,58005.80467981548,8707.656971428572,3801.5270185602767,10895.424192253307,93,7,3097.485013930438,3374.471749999999,13047.906702797578,10551.785073230649,10028.644169405123,10047.554565,1200.0,10800.0,0.9874380999972345,2.2737367544323206e-13,0
2025-06-03,mpc,continuous_closed_loop,81337.1189122301,43154.38291054668,38182.73600168343,68856.45408255544,59418.77585160306,9437.67823095238,4335.3198329473,7411.2792670095205,89,8,3585.0744837463126,1456.2591833333336,14747.029112660824,11712.996263508836,10047.554565,10305.440473607146,1200.0,10800.0,1.4271172000007937,2.2737367544323206e-13,0
2025-06-04,mpc,continuous_closed_loop,82841.51925810304,44240.824793046624,38600.69446505642,70649.31835374277,60616.42797993326,10032.890373809521,4425.744800588174,7138.569590557144,84,14,4662.337398201065,1185.4561999999994,12855.049930940164,10560.216401507967,10305.440473607146,10141.411631999998,1200.0,10797.941177142857,1.0092126999952598,2.2737367544323206e-13,0
2025-06-05,mpc,continuous_closed_loop,81415.37201871866,45899.4563472575,35515.91567146116,73011.1530649373,62621.58303398492,10389.570030952382,4667.602515098095,6860.464720060966,82,13,5082.247046748979,1002.002316666667,14543.04353008399,11904.993125168034,10141.411631999998,10002.38067,1200.0,10793.38328142857,0.9831542000029003,2.2737367544323206e-13,0
2025-06-06,mpc,continuous_closed_loop,67471.08169504572,23193.097934749632,44277.98376029608,39961.239239067996,28906.505922401324,11054.733316666667,4623.069104473253,8348.529328570316,72,8,3856.5723779819136,10497.239233562881,14593.09885512187,11492.137299028354,10002.38067,10367.128196244847,1200.0,10367.128196244847,1.1559918999992078,1.1368683772161603e-13,0
2025-06-07,mpc,continuous_closed_loop,52483.70574638338,24084.539848067136,28399.165898316245,41270.587895823875,29350.97233868102,11919.615557142859,4950.25655933595,5204.989457690722,60,12,4265.442213259741,8018.18555181271,16230.696734927547,13165.260313152066,10367.128196244847,10346.688243066235,1200.0,10417.291511244846,1.0014805999962846,1.1368683772161603e-13,0
2025-06-08,mpc,continuous_closed_loop,58691.06798160589,57042.32319453565,1648.7447870702358,89298.21179641163,76333.58144164973,12964.630354761905,4699.108273285831,340.30922380952325,15,4,16582.805872724733,4015.8313119047625,18195.647740425,14340.687171499996,10346.688243066235,10788.67435222652,1576.0427075400203,10799.999926883796,1.045003799998085,2.2737367544323206e-13,0
2025-06-09,mpc,continuous_closed_loop,60914.68326933288,56138.616439340854,4776.0668299920235,87765.262292871,74798.12470001385,12967.137592857143,4708.115893179443,948.83719275169,30,11,13442.678625625986,960.2468690476217,17727.7297927348,14349.268535119045,10788.67435222652,10799.999460000012,1200.0,10799.999460000012,1.0383352000062587,2.2737367544323206e-13,0
2025-06-10,mpc,continuous_closed_loop,61695.648868398945,56233.60316038942,5462.045708009527,87904.21022182441,75081.02257658631,12823.187645238095,4751.613121029881,1046.8282452380959,21,8,13124.052982736204,838.9626613367316,17820.49863489433,14450.920045238094,10799.999460000012,10781.870403362587,1200.0,10799.999919231694,0.9723947000020416,2.2737367544323206e-13,0
2025-06-11,mpc,continuous_closed_loop,72388.15855549039,56629.17196124776,15758.986594242626,88974.24711224012,76180.33281224013,12793.9143,4777.29769160722,3100.799247744392,42,9,12023.383077372011,644.361283333333,17531.498471900068,14208.642789287558,10781.870403362587,10772.838151086467,1200.0,10799.999925239197,0.8823954000108643,2.2737367544323206e-13,0
2025-06-12,mpc,continuous_closed_loop,61639.2971138806,57712.11216039951,3927.1849534810895,90020.75086669173,77113.3824785965,12907.368388095238,4783.472884070317,787.6209283109683,17,8,14293.080781071725,615.70348809524,18014.47849726431,14567.282404761903,10772.838151086467,10799.999460000012,1200.0,10799.9999335988,1.0324786999990465,2.2737367544323206e-13,0
2025-06-13,mpc,continuous_closed_loop,32441.699021247237,30513.57958368057,1928.1194375666664,48962.902501906945,36028.9644590498,12933.938042857142,4766.147983198888,413.3382095238094,22,10,9653.37270734525,7822.648595337053,18730.247290174833,15175.341581426386,10799.999460000012,10795.73137512805,2045.5136413504981,10799.999970597719,0.9399888000043575,1.1368683772161603e-13,0
2025-06-14,mpc,continuous_closed_loop,31689.868923771806,30718.448441400375,971.420482371429,49277.75746713737,36170.582593327854,13107.174873809523,4697.58678314115,210.00754523809547,14,10,8912.82253645367,10844.9416917747,18703.87995510496,15167.221920957858,10795.73137512805,10776.754533658228,2136.899341285666,10799.999971296123,1.034543500005384,1.1368683772161603e-13,0
2025-06-15,mpc,continuous_closed_loop,61492.944165822875,57509.52214575025,3983.42202007262,89446.5871408714,76374.69693849045,13071.890202380953,4701.117371921585,738.5835952380955,14,4,15750.834638892582,410.20277619047624,17769.67711150263,14372.518123809521,10776.754533658228,10799.999352000017,1497.5873854872045,10799.999923273745,1.0012435999960871,2.2737367544323206e-13,0
2025-06-16,mpc,continuous_closed_loop,62701.32498857045,58046.413250277794,4654.911738292652,90210.67783410978,77183.9851483955,13026.692685714286,4713.491057911546,956.5188966666854,27,9,14279.550883986363,812.1257166666667,17797.195363456776,14415.728049999998,10799.999352000017,10799.999568000007,1390.9865098591545,10799.999568000007,0.973232399992412,4.547473508864641e-13,0
2025-06-17,mpc,continuous_closed_loop,65507.0757870382,57508.934027892436,7998.141759145763,89736.9219360478,76745.30652414303,12991.615411904762,4710.259314540751,1623.9983842090337,27,9,13176.247857697752,228.85552142857125,17507.817704508754,14189.011980044908,10799.999568000007,10791.466635341323,1200.0,10799.999916503832,0.8204398999951081,2.2737367544323206e-13,0
2025-06-18,mpc,continuous_closed_loop,60278.40331370191,58737.64032145785,1540.762992244049,91269.40983373045,78056.24250277807,13213.167330952383,4588.671856838133,277.41171666666696,9,3,16808.483686860658,430.86615476190394,17744.217192535445,14365.136383760891,10791.466635341323,10799.999460000012,1362.5648538563642,10800.0,0.9502234000101453,2.2737367544323206e-13,0
2025-06-19,mpc,continuous_closed_loop,61836.95561130633,58077.52479796226,3759.430813344073,90227.82140805782,77027.76025567687,13200.061152380953,4595.191839188927,746.5848809523943,20,8,17997.53435113406,1280.9258895154926,18090.451044003523,14654.009195642855,10799.999460000012,10799.172960000013,1457.759662105466,10800.0,1.066684699995676,2.2737367544323206e-13,0
2025-06-20,mpc,continuous_closed_loop,30682.22547035459,29980.754860433168,701.470609921428,47877.08670975835,34799.42069309168,13077.666016666668,4677.129226303054,168.57529047619042,14,8,10256.928328267502,11828.58746138125,18730.639529398868,15171.074168813084,10799.172960000013,10799.999460000012,2247.175085806971,10800.0,0.9188228999992134,1.1368683772161603e-13,0
2025-06-21,mpc,continuous_closed_loop,31788.15999718314,30156.48903039028,1631.6709667928571,48504.0400903339,35444.70347604819,13059.336614285716,4692.0582818054345,433.7237190476191,19,9,11983.600075000624,14062.609060496772,18755.797971645457,15198.98369776133,10799.999460000012,10792.457970301673,2279.7752981375675,10799.999969951252,0.9678612999996403,1.1368683772161603e-13,0
2025-06-22,mpc,continuous_closed_loop,59853.6356368413,56049.784903547246,3803.85073329405,87444.66183839084,74413.57625267656,13031.085585714289,4712.525094448132,745.6403547619052,18,7,15840.938533229262,1556.6521642857135,17518.858183733013,14183.487788095235,10792.457970301673,10799.999460000012,1359.9861736597343,10800.0,0.8226480000012089,2.2737367544323206e-13,0
2025-06-23,mpc,continuous_closed_loop,59137.49897631488,55965.49926385059,3171.9997124642855,87301.87702648339,74284.07122410243,13017.805802380954,4720.456729174759,661.2315928571428,20,9,15417.525983130652,2280.7371942362633,17227.200306259325,14023.640864285713,10799.999460000012,10722.656553093726,1238.13196004218,10800.0,0.9130882999888854,2.2737367544323206e-13,0
2025-06-24,mpc,continuous_closed_loop,73912.78783064774,55465.40313292652,18447.384697721212,86326.72493780594,73328.72981875831,12997.99511904762,4743.433991920752,3680.4485189575744,42,9,10480.939553757353,0.0,16829.42389157998,13571.982238573823,10722.656553093726,10789.15779043368,1200.0,10789.15779043368,0.894993699999759,1.1368683772161603e-13,0
2025-06-25,mpc,continuous_closed_loop,60018.75004235285,55546.99215726237,4471.757885090476,86561.91285548531,73156.86032215199,13405.052533333333,4681.207494807181,875.9105166666666,27,10,13474.3383536691,271.6501428571431,17077.137387101928,13822.72387814286,10789.15779043368,10799.999352000017,1410.8680184553166,10800.0,0.9501866000064183,2.2737367544323206e-13,0
2025-06-26,mpc,continuous_closed_loop,60310.82320044052,55833.16514507265,4477.658055367861,86797.79679669836,73662.08903717455,13135.70775952381,4794.534746971467,895.6326690476199,21,6,15520.166431210097,1340.4173666666666,17445.133294059684,14159.671459523808,10799.999352000017,10767.651028293949,1498.0691224405389,10800.0,0.9306686000054469,2.2737367544323206e-13,0
2025-06-27,mpc,continuous_closed_loop,31205.68662479797,28853.800003358687,2351.886621439286,46652.41372969098,33516.85235826241,13135.561371428572,4788.186215131586,496.2792309523813,26,11,10206.429837251715,13565.398018815049,18847.112027266565,15241.892789356636,10767.651028293949,10794.615420215376,2244.1815602047977,10799.999970124869,0.9334791000001132,1.1368683772161603e-13,0
2025-06-28,mpc,continuous_closed_loop,30819.773006447187,28721.575526013854,2098.1974804333345,46861.514223322825,33831.7029995133,13029.811223809524,4791.671331029602,447.3016214285717,15,9,8740.255391335262,13191.09234026671,18924.71819935041,15324.17620286765,10794.615420215376,10799.999352000017,1553.9831193716436,10799.999969847839,0.9835044000064954,1.1368683772161603e-13,0
2025-06-29,mpc,continuous_closed_loop,59684.5740549171,55066.14953085519,4618.424524061911,86184.2719934868,73188.07382205821,12996.198171428572,4759.210906809721,985.701773809525,30,11,13422.122200923597,1118.4851833333332,17692.620261610817,14331.02241190476,10799.999352000017,10799.999352000017,1387.862053558675,10800.0,1.0333365999977104,2.2737367544323206e-13,0
2025-06-30,mpc,continuous_closed_loop,60089.281576958005,55648.198364123484,4441.083212834523,86693.87705978137,73666.86211454327,13027.014945238096,4763.395536869324,1001.3511595238094,24,10,13517.956611210255,968.0857499999996,17781.589107166354,14450.08723240476,10799.999352000017,10747.777068000005,1239.2450480307923,10799.999916418466,0.9764297000074293,1.1368683772161603e-13,0
2025-07-01,mpc,continuous_closed_loop,75526.9586732809,56148.75299038168,19378.205682899214,87607.71776770856,74539.1308296133,13068.586938095239,4769.063415307936,4421.64661738408,68,13,10063.829874571913,290.08133333333353,16544.180609231884,13735.271465377828,10747.777068000005,10376.126876999999,1200.0,10747.777068000005,0.9792891000106465,2.2737367544323206e-13,0
2025-07-02,mpc,continuous_closed_loop,72876.39894010733,53824.034376230826,19052.364563876505,84589.2954018335,72445.91580897637,12143.379592857144,4852.315540049167,4484.429303050747,62,7,10696.498232221811,2140.9797672235527,17628.345416169595,14296.865077397371,10376.126876999999,10356.232109999999,1200.0,10758.602582142858,0.9263457000051858,2.2737367544323206e-13,0
2025-07-03,mpc,continuous_closed_loop,85328.83401530175,52565.11884861068,32763.71516669107,82545.5229955459,70972.92578126019,11572.597214285714,4811.755584762897,6944.570485142918,88,7,6117.586923115783,383.8945904761902,16551.36271233881,13323.169678575301,10356.232109999999,10448.936686021265,1200.0,10739.395487142858,0.942528300001868,2.2737367544323206e-13,0
2025-07-04,mpc,continuous_closed_loop,55722.91364808032,26846.981946540654,28875.931701539663,44482.83364870864,32948.21036299436,11534.623285714286,4994.552136729166,6598.984340062691,69,7,3628.76514857143,15498.583033333332,17036.34394904762,13962.741608847711,10448.936686021265,10267.488897000001,1200.0,10457.702686021265,0.8869250999996439,1.1368683772161603e-13,0
2025-07-05,mpc,continuous_closed_loop,54870.35201759126,26869.612051709053,28000.739965882214,45001.17288446885,33422.41571304028,11578.757171428571,4975.596823782063,6326.21708956029,74,6,3731.0975518605264,15407.82139448623,17380.23324412943,13981.84218311371,10267.488897000001,10374.318613256812,1200.0,10374.318613256812,1.0218779999995604,1.1368683772161603e-13,0
2025-07-06,mpc,continuous_closed_loop,97254.16845940522,50602.50000361149,46651.66845579374,79470.07427544566,67814.5007730647,11655.573502380952,4912.504035782937,9016.853739176187,96,12,4847.112147788627,1360.4825771496457,14133.845374287996,11648.493634604409,10374.318613256812,10152.008745,1200.0,10749.117394285715,0.9551540999964345,2.2737367544323206e-13,0
2025-07-07,mpc,continuous_closed_loop,72388.29311927978,50137.8443800526,22250.4487392272,78856.20903414642,66957.89357224165,11898.31546190476,4746.059161942659,4672.375772971869,67,9,4991.554265262517,1798.968366666666,16258.33327673616,12929.753868213726,10152.008745,10418.115507158403,1200.0,10741.52634124486,0.9888047999993432,2.2737367544323206e-13,0
2025-07-08,mpc,continuous_closed_loop,65814.47063513359,59520.35762169788,6294.113013435714,92812.02796889923,80891.09451651828,11920.93345238095,4438.170494052896,1295.7750976190478,32,8,13039.221016874835,1673.1252221521759,18317.759739300793,14493.689928476191,10418.115507158403,10799.999352000017,1410.5912253989527,10799.999352000017,0.884900099990773,2.2737367544323206e-13,0
2025-07-09,mpc,continuous_closed_loop,63445.962200054855,59021.26276586318,4424.699434191663,91613.31465760115,79644.03022902971,11969.284428571427,4434.904506940675,881.2356333333329,22,6,12924.230894779528,2141.278969047619,17738.50216021407,14368.186749773398,10799.999352000017,10799.999352000017,1730.9725395619325,10800.0,0.9060093000007328,2.2737367544323206e-13,0
2025-07-10,mpc,continuous_closed_loop,62595.66783058223,59729.37152530604,2866.296305276192,92294.13816148695,80363.64486862981,11930.493292857142,4458.875050226587,514.1819547619053,19,10,13928.866967189075,2560.319674486008,18239.526796002352,14774.016704761903,10799.999352000017,10799.999352000017,1663.7137880869623,10800.0,0.9353887000033865,2.2737367544323206e-13,0
2025-07-11,mpc,continuous_closed_loop,37116.81023225689,34311.766583264034,2805.043648992856,55126.643573879395,43248.65891911749,11877.984654761905,4479.774366942857,721.6497452380952,22,6,8930.943997310203,10967.248786726674,18059.59676358217,14628.273378501555,10799.999352000017,10799.999352000017,1658.238372992685,10799.999959699215,0.7426917999982834,1.1368683772161603e-13,0
2025-07-12,mpc,continuous_closed_loop,36193.02992747334,34180.40436349477,2012.6255639785709,55144.839186959376,43185.61086314986,11959.22832380952,4454.7564859225,414.25949047619054,15,7,8472.429771345502,12598.992286911242,17912.80625602897,14509.37297018347,10799.999352000017,10799.999460000012,1975.1168761124422,10799.999958814957,0.8593028000032064,1.1368683772161603e-13,0
2025-07-13,mpc,continuous_closed_loop,61294.35634401024,59493.198181422136,1801.1581625880947,92349.5279432889,80262.5817932889,12086.946149999998,4387.450220445437,306.47786428571413,8,5,16509.265174803742,3405.579564567191,18281.2671863351,14807.826518131422,10799.999460000012,10799.999352000017,1841.42437861079,10799.999922305982,0.9428076000040164,2.2737367544323206e-13,0
2025-07-14,mpc,continuous_closed_loop,60090.62616435657,58399.73670051252,1690.8894638440447,91050.01160425547,79148.10059711261,11901.911007142855,4344.417517699326,274.80025952380913,11,6,14103.575427930593,1966.075945238097,18144.63930707329,14697.158033129353,10799.999352000017,10799.99913600003,1552.6896320860224,10799.999924166368,0.9633189000014681,2.2737367544323206e-13,0
2025-07-15,mpc,continuous_closed_loop,59764.725037128264,58535.002322972316,1229.7227141559538,90700.8503101292,78794.4416744149,11906.408635714282,4292.775918274605,232.82017857142893,9,3,11766.926367799166,2966.181840149963,18165.84950430622,14714.337806888056,10799.99913600003,10799.999460000012,1200.0,10799.999925150938,0.9924138000060339,2.2737367544323206e-13,0
2025-07-16,mpc,continuous_closed_loop,61123.91414765845,57807.83427642512,3316.079871233331,89721.82693301962,77767.49073540056,11954.336197619046,4373.80398421881,677.7193785714283,14,8,11967.180678365647,2973.388130952379,17496.916415472013,14172.502296532326,10799.999460000012,10799.999460000012,1200.0,10799.999924437163,1.0488019000040367,2.2737367544323206e-13,0
2025-07-17,mpc,continuous_closed_loop,63942.303356994285,57657.92367830142,6284.379678692858,89222.06818210172,77355.34405114934,11866.72413095238,4445.885476039088,1234.1225809523817,29,13,11797.56859743999,2666.984750735948,17305.350331808124,14034.128983596624,10799.999460000012,10781.338110186627,1330.659357167052,10799.99992620887,0.9937312000110978,2.2737367544323206e-13,0
2025-07-18,mpc,continuous_closed_loop,35265.26884006535,33612.51113008916,1652.7577099761893,54506.16050490251,42609.78286204536,11896.377642857142,4309.550831768969,301.11286428571395,15,10,8206.897344462348,11941.217324766594,17859.099456961536,14474.188857002255,10781.338110186627,10772.09555811617,1359.3464356571778,10799.9999573476,0.9710144999990007,1.1368683772161603e-13,0
2025-07-19,mpc,continuous_closed_loop,35542.23281789417,33883.72194532273,1658.5108725714297,54763.76919378804,42586.081005692795,12177.688188095235,4292.476615862937,440.45695952380964,16,11,8908.491845561619,15700.42293959089,17828.309507704624,14415.817189545294,10772.09555811617,10799.999460000012,1945.8339161835138,10799.999958264143,0.9173932999983663,1.1368683772161603e-13,0
2025-07-20,mpc,continuous_closed_loop,60157.90776092961,57494.43925832366,2663.4685026059487,88535.96688321861,76358.03620940908,12177.930673809522,4299.661203891429,594.9686880952372,16,5,12411.074254409152,1433.301064285714,16824.115978696434,13627.533942744114,10799.999460000012,10799.999460000012,1516.697162581254,10800.0,0.9672083999903407,2.2737367544323206e-13,0
2025-07-21,mpc,continuous_closed_loop,62387.414332322136,58657.3808554626,3730.0334768595285,90477.39536484802,78134.57549580041,12342.819869047617,4246.4479516935335,747.286788095239,19,7,11879.561620974666,2151.8407865620484,16860.68680319237,13657.15640778581,10799.999460000012,10799.999352000017,1329.5928296934972,10800.0,0.9422163999988697,2.2737367544323206e-13,0
2025-07-22,mpc,continuous_closed_loop,62089.37160144082,58029.83082574558,4059.5407756952404,89808.30920165131,77343.88077784178,12464.42842380952,4202.715991152303,810.4221166666671,26,10,11938.043038978312,1697.2204613087897,17005.511214118364,13817.188012754163,10799.999352000017,10752.528319424144,1200.0,10800.0,0.9442884000018239,1.1368683772161603e-13,0
2025-07-23,mpc,continuous_closed_loop,65643.95432413626,58662.25442619577,6981.699897940478,90920.37214566927,78407.87784566928,12512.494299999997,4207.61200108766,1362.7016880952388,25,5,12918.358179362769,1819.3560149758353,17295.203123373514,13966.39060061426,10752.528319424144,10799.999352000017,1503.7047384334464,10799.999920595863,0.9503022999997484,2.2737367544323206e-13,0
2025-07-24,mpc,continuous_closed_loop,62309.97470706927,58525.945485076656,3784.029221992614,90616.45112767929,78073.24619434596,12543.204933333329,4211.436809933018,711.0835664158737,17,10,11942.36352696566,2491.1519595238105,17263.172991221152,13985.625783615458,10799.999352000017,10797.270840081874,1200.0,10800.0,1.0004562999965856,2.2737367544323206e-13,0
2025-07-25,mpc,continuous_closed_loop,34953.71261701587,33387.1378739004,1566.5747431154798,54086.489983075764,41832.12024974244,12254.369733333331,4071.596640023135,434.1047619047623,20,10,9986.753823069388,14654.725592870544,17743.89476025054,14370.09899787661,10797.270840081874,10799.999460000012,2394.8508757724803,10799.999958835673,1.0270310999912908,1.1368683772161603e-13,0
2025-07-26,mpc,continuous_closed_loop,36029.98788921229,33955.95747408371,2074.0304151285727,54784.32494261319,42658.52018785129,12125.804754761903,4056.1954293198405,505.932173809524,14,8,9668.313756130248,13771.934661262487,17794.30069664903,14413.383564285712,10799.999460000012,10799.999460000012,2221.9377254616484,10799.999957092388,1.0400126999884378,1.1368683772161603e-13,0
2025-07-27,mpc,continuous_closed_loop,67861.30504639077,57615.68788445624,10245.617161934548,89385.28254028971,77247.34724505163,12137.935295238094,4086.898890654445,2096.5062500000136,30,8,12406.026165447201,2123.632192857144,17305.77544389016,14038.834811904762,10799.999460000012,10776.492012940309,1638.1648088684497,10800.0,1.0049089999956777,2.2737367544323206e-13,0
2025-07-28,mpc,continuous_closed_loop,65956.65877505825,57701.40097387582,8255.257801182426,89578.96760692913,77353.61472121484,12225.352885714285,4134.478453481944,1612.6600463088557,28,9,9382.319088514578,546.6889333333334,17428.475927421117,14120.73352936438,10776.492012940309,10772.416426103335,1200.0,10799.999921126853,0.9361475000041537,2.2737367544323206e-13,0
2025-07-29,mpc,continuous_closed_loop,63340.04510584263,58881.13039228192,4458.9147135607145,91574.53526916614,79103.71821916614,12470.81705,4099.266264956825,837.1374000000001,23,8,12759.255879516095,180.82723571428505,17776.415634888144,14374.072030952379,10772.416426103335,10799.999352000017,1499.0896980861899,10799.999919444097,0.9397279999975581,2.2737367544323206e-13,0
2025-07-30,mpc,continuous_closed_loop,63515.09110384851,59225.441044788975,4289.650059059528,92032.76886036499,79546.76252703165,12486.006333333331,4123.639435024681,920.52585952381,21,6,13758.78202767166,1647.8519754264973,18123.19298310859,14679.786316317954,10799.999352000017,10799.999352000017,1566.8868270000012,10800.0,0.9166686999960802,2.2737367544323206e-13,0
2025-07-31,mpc,continuous_closed_loop,64099.63122163365,58712.75790756461,5386.873314069042,91561.48902662337,79078.66015281386,12482.828873809522,4067.496652938214,1000.5277023809513,27,8,13037.506123733083,1421.5944190476187,17936.4206292472,14528.500709690235,10799.999352000017,10799.999352000017,1363.904049341677,10799.99992057871,0.9567750999995042,2.2737367544323206e-13,0
2025-08-01,mpc,continuous_closed_loop,34615.70642715422,32892.117937200645,1723.5884899535702,53344.87044582881,41654.924702971664,11689.945742857144,4407.55177447242,482.8961190476189,15,9,10367.233854358903,18800.40336175623,18107.409576742008,14698.63989464738,10799.999352000017,10764.845865904073,2167.6331646524072,10799.99996111105,0.9362876000086544,1.1368683772161603e-13,0
2025-08-02,mpc,continuous_closed_loop,33265.74171146675,32147.328233476273,1118.4134779904753,52338.59337332993,41820.0091899966,10518.584183333332,4861.965758465753,233.64277142857125,13,8,9393.826976802096,18685.776154439667,18623.606421139186,15057.998340955779,10764.845865904073,10794.982377200695,1832.4693777673915,10799.999960920311,0.9827447999996366,1.1368683772161603e-13,0
2025-08-03,mpc,continuous_closed_loop,57924.68419754668,55184.894291594304,2739.7899059523797,86294.04136518118,77010.18250327642,9283.858861904762,4933.815809295157,461.79879523809495,14,4,13554.932591347315,6915.307983314868,18561.766817417512,15115.647214993753,10794.982377200695,10705.408940661177,1438.743269142853,10794.982377200695,0.9598314000031678,2.2737367544323206e-13,0
2025-08-04,mpc,continuous_closed_loop,55202.61314237843,53699.692833197485,1502.9203091809534,83878.45676414335,75507.47447604811,8370.982288095238,4811.136720297698,317.4453142857144,12,8,10684.087879328656,4596.907589166041,18215.349992534575,14716.098465933537,10705.408940661177,10748.003416238367,1344.1294702167781,10792.26899047578,0.9819885000033537,2.2737367544323206e-13,0
2025-08-05,mpc,continuous_closed_loop,54523.81201115888,52327.168442199356,2196.6435689595246,81373.74035352832,73652.60726067118,7721.133092857141,4404.89901265365,468.167528571429,21,10,9178.020655806304,4097.281549553726,17923.089665817974,14508.79372241157,10748.003416238367,10757.902201683903,1280.5073928396048,10782.730875000001,0.8875111000088509,2.2737367544323206e-13,0
2025-08-06,mpc,continuous_closed_loop,62459.4654397681,50982.579139740046,11476.886300028049,79262.60458020566,72411.71044687231,6850.894133333331,3594.2990238888888,2211.874941057139,27,15,6334.493558287042,3925.5706642857144,16624.488162049936,13524.472130026566,10757.902201683903,10692.750291943777,1200.0,10800.0,0.878946899989387,1.1368683772161603e-13,0
2025-08-07,mpc,continuous_closed_loop,54094.70575427302,50155.220160431345,3939.4855938416686,77388.59059310549,70832.89088358167,6555.699709523808,3082.870094203095,974.2423880952385,25,10,6668.484635150507,4925.537936670655,17806.879589570475,14426.054430190914,10692.750291943777,10689.992555678415,1332.8857092066962,10800.0,0.8471270000009099,2.2737367544323206e-13,0
2025-08-08,mpc,continuous_closed_loop,30944.112151418216,28621.386438469402,2322.725712948814,47536.218185840255,41043.79780250692,6492.420383333332,3096.125355646705,522.3321880952391,20,8,6674.56063568866,21808.385925738614,19529.01947679393,15728.586914285712,10689.992555678415,10789.902402253278,1586.465895355555,10799.999968089469,0.9653275000018766,1.1368683772161603e-13,0
2025-08-09,mpc,continuous_closed_loop,30932.240338710108,27985.406161463674,2946.8341772464314,46482.001614864115,40083.63249343555,6398.369121428572,3129.9384278748003,745.254302380953,24,10,5228.55630552562,19393.939800435262,19631.717113086735,15948.886301802544,10789.902402253278,10737.463024250737,1351.5759021164029,10799.99996867668,1.0030496999970637,1.1368683772161603e-13,0
2025-08-10,mpc,continuous_closed_loop,58778.6876146497,49472.02314100521,9306.6644736445,75909.20347144091,69325.79971905994,6583.403752380953,3076.1007221633713,1518.8441832720468,18,12,5160.544389549887,3781.424874174014,16633.377150586355,13451.917809597307,10737.463024250737,10760.927115781458,1200.0,10800.0,1.021298999999999,2.2737367544323206e-13,0
2025-08-11,mpc,continuous_closed_loop,54509.09729417572,49463.94349019119,5045.153803984527,76573.40316322228,70098.1682322699,6475.23493095238,3001.927387038372,1048.9928404761913,30,11,5727.702877296323,3917.007425572043,18051.2016405997,14634.769273102916,10760.927115781458,10746.153844429058,1228.1204349867867,10800.0,0.9359640999900876,2.2737367544323206e-13,0
2025-08-12,mpc,continuous_closed_loop,59943.733663012,48261.66940672051,11682.064256291476,74637.6695110738,68381.76386107382,6255.905649999999,3144.4367844371427,2138.175746414288,37,13,3790.76819763079,1962.218714285715,16915.01916609331,13652.704470521716,10746.153844429058,10799.999460000012,1200.0,10799.999920999926,0.8781900999892969,2.2737367544323206e-13,0
2025-08-13,mpc,continuous_closed_loop,54924.29815354725,48963.62413581933,5960.67401772792,75541.64736359424,68922.91396359424,6618.7334,3095.346068816665,1148.3142349100308,26,12,5411.228629967107,1868.6228553294877,17367.79527259301,14078.66460938533,10799.999460000012,10788.054528238907,1200.0,10800.0,0.8066643999918597,2.2737367544323206e-13,0
2025-08-14,mpc,continuous_closed_loop,58030.828604699986,48948.22947346349,9082.599131236486,75718.47997096955,68880.2699233505,6838.210047619046,3070.4524939883327,1779.2414898435763,41,13,4696.0887367291925,3424.8624683204725,18151.961093966846,14701.48182153672,10788.054528238907,10789.839711101602,1200.0,10790.877445714286,0.9660100000037346,2.2737367544323206e-13,0
2025-08-15,mpc,continuous_closed_loop,31579.84704395757,28161.867676868278,3417.979367089288,46578.443423874436,39861.97663101729,6716.4667928571425,3112.0911004648406,887.8174880952382,33,13,5125.085311729554,21503.740149999998,19804.174731127587,16126.466164220801,10789.839711101602,10695.301231093315,1274.9724682301253,10799.999970137174,0.923454200004926,2.2737367544323206e-13,0
2025-08-16,mpc,continuous_closed_loop,32173.49090394886,28290.771534066716,3882.719369882141,46910.18287192433,40202.47031240052,6707.7125595238085,3059.729410529285,883.7851666666662,33,12,5464.6852908715855,21569.973504707472,19796.8707163257,15966.84183998043,10695.301231093315,10771.549498030401,1688.8216553091659,10792.561147372657,0.8634670000028564,1.1368683772161603e-13,0
2025-08-17,mpc,continuous_closed_loop,54322.625545279814,49135.233311027434,5187.3922342523765,75674.32528265643,69016.3003231326,6658.02495952381,3029.821726945633,1137.716735714285,28,11,5359.826366879222,4886.476467541689,17761.79263952882,14361.447072245695,10771.549498030401,10799.999460000012,1250.7979426647073,10800.0,0.9307296999904793,2.2737367544323206e-13,0
2025-08-18,mpc,continuous_closed_loop,58537.606033200835,48748.47249528904,9789.133537911795,75220.12683825527,68827.58345254099,6392.543385714287,3031.3435946023396,1867.2171655517025,35,16,5122.8663974459905,4270.208986421475,17369.226333014984,14069.073329742141,10799.999460000012,10799.999460000012,1200.0,10800.0,0.9821658000000753,1.1368683772161603e-13,0
2025-08-19,mpc,continuous_closed_loop,54008.52755848991,49204.257784801965,4804.269773687949,75604.0812205793,69116.64894676978,6487.432273809525,3011.550582196387,1008.8797590126027,20,10,4983.838066252225,3904.456623540945,17931.61178841439,14524.60554861566,10799.999460000012,10799.999460000012,1200.0,10800.0,0.8001427999988664,2.2737367544323206e-13,0
2025-08-20,mpc,continuous_closed_loop,71716.69756041386,48876.5288914752,22840.168668938655,75159.05865018987,68689.91510733272,6469.143542857144,3001.8991596350775,4225.2333124285715,41,11,3826.3031302324925,1902.4785619047623,16364.672225278182,13359.853021463654,10799.999460000012,10683.923327790757,1200.0,10799.999460000012,0.9640207000047667,2.2737367544323206e-13,0
2025-08-21,mpc,continuous_closed_loop,58736.56508419723,49553.753049744206,9182.812034453022,75957.43057369615,69194.90653798186,6762.524035714287,3174.501260490474,1568.440737207235,21,12,4829.703713390808,3546.7139838154017,17134.62865288514,13829.5935225213,10683.923327790757,10738.874090363723,1200.0,10800.0,1.0171391000039876,2.2737367544323206e-13,0
2025-08-22,mpc,continuous_closed_loop,37766.03568976163,28427.068347569322,9338.96734219231,47172.0879456969,40443.468733792135,6728.619211904762,3229.108584894125,1821.2815218992796,33,10,4531.033754575678,19748.53196062637,18662.378565750332,15179.144213356201,10738.874090363723,10669.299006921025,1280.5875846560857,10799.999967552101,1.4275535000051605,1.1368683772161603e-13,0
2025-08-23,mpc,continuous_closed_loop,31704.300684700527,28768.150530234743,2936.1501544657876,47549.46459946314,40701.72520184409,6847.739397619047,3203.658337546626,619.629025256607,22,14,4559.571879792174,17293.23534482387,19521.79273014586,15735.51248004215,10669.299006921025,10755.009708449905,1206.57323015873,10799.999971283713,1.9203153000125894,1.1368683772161603e-13,0
2025-08-24,mpc,continuous_closed_loop,56542.44802751848,50040.105066052995,6502.342961465483,76964.2147139252,69968.33689725854,6995.877816666667,3125.440446739204,1285.6079642857162,37,19,5890.396842069809,5356.239111150939,17538.201931874006,14268.604690217162,10755.009708449905,10685.386235784112,1200.0,10800.0,1.7240098000038415,2.2737367544323206e-13,0
2025-08-25,mpc,continuous_closed_loop,67075.18751788544,50367.62863915611,16707.558878729327,77641.68800770564,70625.00744580089,7016.680561904762,3126.3867674767052,3148.8510784992245,39,14,4595.232626446201,2153.3804047619046,16744.641187999518,13475.802149669413,10685.386235784112,10782.449805351001,1200.0,10800.0,1.4481574999954319,2.2737367544323206e-13,0
2025-08-26,mpc,continuous_closed_loop,56591.1797235501,50830.98223782584,5760.197485724262,78415.22908522467,71201.58453284373,7213.644552380952,3153.9780252530145,1104.5358321355757,27,11,6431.83439533403,4158.702297268613,17828.5002746535,14428.09043322923,10782.449805351001,10796.888460062231,1200.0,10800.0,1.720134400005918,2.2737367544323206e-13,0
2025-08-27,mpc,continuous_closed_loop,58912.867762783295,50957.493231403525,7955.374531379767,78302.19872953928,71216.67148668214,7085.527242857143,3123.0229000367444,1494.7379738095244,32,17,5298.306401714628,3163.1577317686624,18011.80390845308,14590.480205254233,10796.888460062231,10795.8673051653,1200.0,10800.0,1.7882738999905996,2.2737367544323206e-13,0
2025-08-28,mpc,continuous_closed_loop,57506.672961987686,50616.8316800865,6889.841281901184,77708.05365906103,70940.01486620388,6768.038792857143,3137.241299169166,1417.078142857142,38,13,4752.141296127949,192.26568678029457,18234.582113684657,14821.652278008069,10795.8673051653,10738.488676361423,1200.0,10800.0,1.6798562000039965,2.2737367544323206e-13,0
2025-08-29,mpc,continuous_closed_loop,33863.5071950168,29802.182088297748,4061.3251067190486,48588.35455322496,41771.462838939246,6816.891714285714,3376.771525540396,900.264616666667,20,7,6202.246600750947,16987.567169802358,19491.202396113364,15747.617346775034,10738.488676361423,10783.218225335633,1662.9228366245693,10799.999974028262,1.7130343000026187,1.1368683772161603e-13,0
2025-08-30,mpc,continuous_closed_loop,31653.721671916097,29477.91355160635,2175.808120309745,48259.636221285866,41388.08272366681,6871.55349761905,3399.764352042339,487.66173474817833,27,13,4685.92893852437,21887.00864017094,19479.01392130469,15817.373377299293,10783.218225335633,10739.471446399524,1237.8199802116378,10788.477960335633,1.5882267000124557,1.1368683772161603e-13,0
2025-08-31,mpc,continuous_closed_loop,54738.0465978999,51244.42643448799,3493.620163411897,78754.08626076696,71956.30931552885,6797.776945238096,3419.098695312063,741.5492452380939,22,8,6454.300882526027,2824.23928932282,18660.021515759447,15089.549264936579,10739.471446399524,10767.3249606535,1200.0,10800.0,1.748613200004911,2.2737367544323206e-13,0
2025-09-01,mpc,continuous_closed_loop,51207.861504321656,51207.861504321656,0.0,78892.59295227478,71961.11007132242,6931.482880952382,3341.564184576348,0.0,0,0,17120.05309942559,4680.754901997089,18359.176133194283,14841.525715675503,10767.3249606535,10799.999352000017,1502.156023576868,10800.0,1.6746694000030402,2.2737367544323206e-13,0
2025-09-02,mpc,continuous_closed_loop,52556.66747531605,50770.06469503985,1786.6027802761964,78078.62775016311,71167.21078349644,6911.416966666668,3342.0300248313474,415.90377857142977,15,5,16384.643750088228,4621.784308918224,18054.461156463683,14624.113536735587,10799.999352000017,10799.999352000017,1530.7177517445625,10800.0,1.8809255000087433,2.2737367544323206e-13,0
2025-09-03,mpc,continuous_closed_loop,50752.29913982589,50461.11774504256,291.18139478333313,77658.07691948065,70802.09730757588,6855.979611904763,3345.6497491985697,68.97594285714277,4,3,14574.684949100081,4192.56830599691,17958.328196004215,14546.245838763418,10799.999352000017,10799.999352000017,1586.7437826934265,10800.0,1.9301780999958282,2.2737367544323206e-13,0
2025-09-04,mpc,continuous_closed_loop,51904.56819389113,50948.66417492209,955.9040189690442,78269.76934431639,71484.82076098304,6784.948583333335,3351.21148894849,192.10941428571363,9,5,14980.362048931698,6170.953985207025,17815.774602438847,14430.777427975474,10799.999352000017,10799.999352000017,1429.3936649190068,10800.0,1.7246976000024006,2.2737367544323206e-13,0
2025-09-05,mpc,continuous_closed_loop,29044.650079581308,28941.902071355118,102.7480082261906,47451.703036773426,40711.0972629639,6740.605773809525,3352.7707562123396,23.241083333333364,2,1,14457.125413551072,22777.33686409986,17980.10516520621,14563.884989417042,10799.999352000017,10799.999568000007,2711.834661950748,10799.999969821536,2.0231533000041964,1.1368683772161603e-13,0
2025-09-06,mpc,continuous_closed_loop,30297.881239576134,29292.902111052324,1004.97912852381,47971.16810153653,41481.00601344129,6490.16208809524,3384.1869131443636,240.2985857142858,10,3,15009.590357428895,22143.961512251717,17562.269039843195,14225.437922272988,10799.999568000007,10799.999568000007,2730.972595572889,10799.999969462788,1.6278104000084568,1.1368683772161603e-13,0
2025-09-07,mpc,continuous_closed_loop,51978.4832045333,49935.50689929283,2042.976305240475,76439.09509727161,69987.1178187002,6451.9772785714285,3449.9669688435306,389.50795476190467,9,3,14299.140730647972,3971.6798479939916,18930.521321709948,15333.722464985054,10799.999568000007,10799.999352000017,1312.5561523536157,10800.0,1.6737942000036128,2.2737367544323206e-13,0
2025-09-08,mpc,continuous_closed_loop,61547.57720127244,41051.317131276795,20496.26006999564,64290.616197504554,57900.11845226647,6390.497745238097,3474.726002524166,3707.9318852714305,44,18,3018.599022458169,2643.985115401696,15921.34668833061,12980.952276747812,10799.999352000017,10705.931064,1209.190481481482,10799.999940697717,1.7893794999981765,1.1368683772161603e-13,0
2025-09-09,mpc,continuous_closed_loop,49152.75576442863,42231.850350337685,6920.9054140909475,65817.71333435841,59093.56514626317,6724.148188095237,3403.5858323585317,1315.401418294533,38,15,4648.958491652682,5927.094985389347,17955.27950181183,14501.05249286758,10705.931064,10753.402068000005,1216.3781111111116,10800.0,1.8417506999976467,2.2737367544323206e-13,0
2025-09-10,mpc,continuous_closed_loop,68346.47064507504,42259.34438141439,26087.126263660655,65517.434968772606,58901.643583058314,6615.791385714286,3417.52139695992,4581.682589463526,42,11,3233.692245739802,2516.020133333333,15935.448311384229,12902.041782221226,10753.402068000005,10759.703568000004,1209.4566851851853,10800.0,1.858416599992779,2.2737367544323206e-13,0
2025-09-11,mpc,continuous_closed_loop,47382.97459088219,42778.67177878576,4604.30281209643,66461.46516730227,59395.75772206417,7065.707445238096,3433.1896107539274,936.8548000000004,31,16,5159.479328735931,5254.56662102378,18538.165005785973,15049.976771576748,10759.703568000004,10721.855660344327,1200.0,10800.0,2.060243400002946,2.2737367544323206e-13,0
2025-09-12,mpc,continuous_closed_loop,26530.583099123793,22803.92239288413,3726.660706239661,38754.61202282968,31861.130770448726,6893.481252380954,3421.547601404919,948.9726026419287,35,14,4519.158160316201,19860.439472382655,19577.478507777334,15805.147715004583,10721.855660344327,10780.311078449951,1430.81064814815,10784.015793701115,2.052605599994422,1.1368683772161603e-13,0
2025-09-13,mpc,continuous_closed_loop,26574.970697696408,22809.5300638226,3765.44063387381,38970.95329530035,32195.029290538452,6775.924004761906,3465.8901389777766,875.935880952381,34,10,4965.849820048131,23213.037064455053,19382.523439306333,15721.622630890119,10780.311078449951,10756.112583947746,1523.0342085941652,10799.99997006166,2.3729814999969676,2.2737367544323206e-13,0
2025-09-14,mpc,continuous_closed_loop,55360.13561372603,42566.58432257213,12793.551291153897,66519.89334335113,59954.83973858922,6565.053604761904,3534.8170305174604,2230.5792442597303,41,16,2843.9435345400207,2606.7389500000004,17593.52308638381,14393.057733312973,10756.112583947746,10597.99699134543,1200.0,10800.0,2.003811600006884,2.2737367544323206e-13,0
2025-09-15,mpc,continuous_closed_loop,50059.28806503634,43734.478677707564,6324.809387328771,68393.79752940993,61466.194896076595,6927.602633333333,3374.097648620634,1338.9838414684023,38,13,5103.01346529837,5753.639938988832,19396.270903616885,15587.173570359082,10597.99699134543,10735.559059757206,1200.0,10800.0,1.899944200005848,3.126388037344441e-13,0
2025-09-16,mpc,continuous_closed_loop,51800.54833342138,43472.39102452292,8328.15730889846,67401.69742531718,60463.687403888616,6938.01002142857,3353.5466992850793,1552.035818913157,39,17,2948.125873051671,3083.4024333333336,18279.90520879599,14849.470254283982,10735.559059757206,10688.062354024725,1200.0,10800.0,1.4069523000071058,1.1368683772161603e-13,0
2025-09-17,mpc,continuous_closed_loop,50087.75904936791,43850.051526094816,6237.707523273092,68626.40450171787,61522.36303505121,7104.041466666666,3345.7416682956346,1166.1610857575333,35,13,4137.980976872912,2133.871631316872,18932.696167409886,15372.10158812426,10688.062354024725,10647.376029000003,1217.9388888888889,10800.0,1.0199626999965403,2.2737367544323206e-13,0
2025-09-18,mpc,continuous_closed_loop,51490.049782742004,43607.98020645058,7882.069576291418,68006.58067910062,60887.9102005292,7118.670478571428,3344.711830088412,1347.0449807694117,30,13,3415.1394756620634,3360.0362540682045,18682.54415678935,15060.14534331624,10647.376029000003,10728.170944203488,1200.0,10800.0,0.9276300999918021,2.2737367544323206e-13,0
2025-09-19,mpc,continuous_closed_loop,28677.66957393229,23498.01847484413,5179.6510990881625,40080.432753705776,32880.75946799149,7199.673285714286,3278.031452539205,1138.0799073043147,38,12,4933.55279650569,16521.26368852408,19085.15166020832,15422.807800894669,10728.170944203488,10768.35432628579,1366.7026111111115,10775.34803946979,0.9350964000041131,1.1368683772161603e-13,0
2025-09-20,mpc,continuous_closed_loop,32097.041740783116,23145.617018460594,8951.424722322525,39601.521028715964,32594.21725014454,7007.303778571428,3208.361373838531,1753.1402061242377,36,13,4740.773205734067,17413.00507349521,18890.57068029453,15335.121458016936,10768.35432628579,10730.844096309827,1281.562822751324,10799.999972566626,0.9174429999984568,1.1368683772161603e-13,0
2025-09-21,mpc,continuous_closed_loop,48789.36984885695,45202.13445538065,3587.2353934763037,70904.24511574252,63832.83676098061,7071.408354761906,3151.405941684483,728.4291867493062,26,10,6565.1203138472265,3064.342713508785,19281.613282004568,15565.889490202086,10730.844096309827,10788.863283222732,1200.0,10788.863283222732,0.709040499990806,1.1368683772161603e-13,0
2025-09-22,mpc,continuous_closed_loop,52173.158925537326,44607.72851058378,7565.430414953545,69949.61289421876,63082.48587755209,6867.127016666667,3192.382817850039,1434.7643214285665,37,16,4502.089753511309,2810.2616904761903,18488.257906173803,15030.25201784731,10788.863283222732,10728.015378948816,1205.031481481482,10800.0,0.8761792000004789,2.2737367544323206e-13,0
2025-09-23,mpc,continuous_closed_loop,54980.76075870513,45584.17672804715,9396.584030657988,71707.94987638062,64963.17774780918,6744.772128571429,3240.7280806650783,1729.7665553554539,35,15,5949.097589149558,1786.3508999999988,18560.371242836787,14974.718883583608,10728.015378948816,10793.772960186803,1232.871685185185,10793.772960186803,0.8341490000020713,2.2737367544323206e-13,0
2025-09-24,mpc,continuous_closed_loop,50999.82990648951,45223.08976469308,5776.740141796425,71240.97975197341,64440.298140068655,6800.681611904763,3212.403541502499,1270.6897761904754,42,13,5044.607438858309,2740.003103641936,19277.326893616533,15613.493007952888,10793.772960186803,10795.04160004959,1200.0,10800.0,1.0552893999993103,2.2737367544323206e-13,0
2025-09-25,mpc,continuous_closed_loop,51116.327807324764,45404.65033520717,5711.677472117595,71047.96597367419,64456.83177129323,6591.134202380954,3150.7444695545228,1240.5939774530814,38,16,5462.720307260757,2997.7791613898776,18836.936442024857,15344.324859548222,10795.04160004959,10699.034553929494,1221.8218148148146,10800.0,0.9169454000075348,2.2737367544323206e-13,0
2025-09-26,mpc,continuous_closed_loop,25198.686204169655,23393.446314539895,1805.2398896297618,40127.3018532419,33445.91465562285,6681.387197619048,3113.442867245754,430.9843642857144,22,10,4933.035770131026,14181.511654467104,19574.00292386923,15824.507630939741,10699.034553929494,10732.85092881209,1247.1898306878322,10755.57534615752,0.8773436000046786,1.1368683772161603e-13,0
2025-09-27,mpc,continuous_closed_loop,37097.599837623566,23382.702712240138,13714.89712538343,40039.098734514846,33370.427265467224,6668.671469047619,3211.4105327946427,2682.2570999457344,45,15,4362.703101833058,17189.912606547983,18023.81809399991,14656.38021792037,10732.85092881209,10669.420304611596,1229.8740899470897,10791.749601783546,0.8567421000043396,1.1368683772161603e-13,0
2025-09-28,mpc,continuous_closed_loop,55431.42610121951,45989.88530193436,9441.540799285161,72231.7453462645,65528.58322245498,6703.162123809524,3050.425883550595,1779.9916995805704,37,11,5479.499577616159,1514.5172,18748.47550902892,15218.384407466667,10669.420304611596,10633.732254441333,1206.0768888888888,10799.999936308895,0.8750587999966228,2.2737367544323206e-13,0
2025-09-29,mpc,continuous_closed_loop,51671.333172677754,46766.511008037225,4904.822164640533,73553.68830217294,66731.99537836343,6821.692923809524,2954.3690488812304,959.5314501666754,34,12,6179.937252731273,1834.5636999999997,19419.514243151352,15680.687043543,10633.732254441333,10688.309469340882,1200.0,10781.103641180262,0.7815880999987712,2.2737367544323206e-13,0
2025-09-30,mpc,continuous_closed_loop,58677.85786529421,47242.66248775378,11435.195377540422,73754.56970298053,66959.64470774244,6794.924995238094,2977.2340101192067,2212.3986012995083,47,16,5603.751868415565,1379.6745976190477,18643.058297908738,15081.691226329978,10688.309469340882,10709.627241536551,1233.0796296296298,10799.999935307782,0.8336428000038723,2.2737367544323206e-13,0
2025-10-01,mpc,continuous_closed_loop,47420.85832622451,47139.78077954355,281.07754668095276,74224.57315176356,67262.91647795403,6961.656673809524,2911.490906224167,95.9088142857145,7,6,13853.060369244355,7112.443052754452,19011.1690068422,15317.711996125061,10709.627241536551,10799.999352000017,1931.7170716431774,10799.999352000017,0.8952279999939492,2.2737367544323206e-13,0
2025-10-02,mpc,continuous_closed_loop,46895.14391806558,46333.405988264596,561.7379298009869,72563.6247261157,65617.5005499252,6946.124176190477,2919.3326498944043,195.64648238097095,10,5,12477.754483731462,4977.157961283139,18877.852179403922,15304.27653258853,10799.999352000017,10785.314610587402,1980.8231957756343,10799.999352000017,0.9655855000019073,1.1368683772161603e-13,0
2025-10-03,mpc,continuous_closed_loop,24108.063285969536,23182.99012332906,925.0731626404764,39902.45181173277,32915.81371411373,6986.6380976190485,2906.878992043849,318.94309285714303,17,6,8646.446533716262,20149.85745008679,18919.583454292184,15311.64623350532,10785.314610587402,10799.999460000012,2229.834089630205,10799.999973921831,0.7568429999955697,1.1368683772161603e-13,0
2025-10-04,mpc,continuous_closed_loop,25961.945381614525,24226.507031437148,1735.4383501773805,41263.43178973801,34248.7157802142,7014.7160095238105,2902.5377871803566,475.64259285714274,15,6,7988.321398900635,17090.878013827067,18757.329139653248,15193.436603119131,10799.999460000012,10799.999460000012,2136.756858256036,10799.99997399687,0.9281696999969427,1.1368683772161603e-13,0
2025-10-05,mpc,continuous_closed_loop,46204.924903029845,45078.3720703358,1126.5528326940484,70565.36614649187,63495.26465363473,7070.101492857144,2884.046573928651,287.44329285714286,14,6,8777.078500474416,3769.4227594902995,18791.300593250715,15220.95348053308,10799.999460000012,10799.999460000012,2031.9026890267787,10799.99993083093,1.0486721000052057,1.1368683772161603e-13,0
2025-10-06,mpc,continuous_closed_loop,46365.060225204805,45321.26863971552,1043.7915854892879,70438.655652504,63363.10422393258,7075.551428571429,2889.589141006706,264.3006904761909,13,7,6109.6149416552835,3249.2722499999995,19027.21470608683,15416.254804761902,10799.999460000012,10795.320690187162,1639.5645774476022,10800.0,1.099661999993259,2.2737367544323206e-13,0
2025-10-07,mpc,continuous_closed_loop,48904.57285838394,44881.402122428815,4023.1707359551197,69905.3202303735,62897.52341846874,7007.796811904762,2889.099475697103,823.3165311603382,23,7,6848.628846266886,2514.6355052573854,18892.62428620005,15298.814876190474,10795.320690187162,10799.999352000017,1849.5077275132292,10799.999352000017,1.0824575999868102,2.2737367544323206e-13,0
2025-10-08,mpc,continuous_closed_loop,48615.340511065,41116.03770607512,7499.302804989881,65671.43928720287,58606.04515625049,7065.394130952381,2840.33903894996,1467.6678939908725,31,8,3801.5977751486953,3215.345400714289,19177.2012708637,15533.532932199603,10799.999352000017,10799.999460000012,1200.0,10799.999927618548,1.0005283999926178,2.2737367544323206e-13,0
2025-10-09,mpc,continuous_closed_loop,46416.34753684327,41553.56058264058,4862.786954202691,66470.70366236044,59569.20581712233,6901.497845238095,2730.1529022600403,931.9322810146127,32,11,4591.301606343349,3375.8476464217647,19345.05451197629,15669.54950469969,10799.999460000012,10799.93796000124,1200.0,10799.99993163613,0.8895245000021532,2.2737367544323206e-13,0
2025-10-10,mpc,continuous_closed_loop,24185.68089457046,20631.83046540022,3553.8504291702375,37140.4080090514,30371.088373337123,6769.319635714285,2754.0349878194843,887.5864309523809,42,15,4649.065677038789,20407.86309966845,19546.21125662609,15918.756509996212,10799.93796000124,10704.0208576356,1250.765097684796,10799.93796000124,1.0125026000023354,2.2737367544323206e-13,0
2025-10-11,mpc,continuous_closed_loop,24577.922446078715,21042.690620991263,3535.231825087453,38116.95954952092,31586.968189997115,6529.991359523807,2503.5987604614297,657.0160678778582,29,13,4400.829759769795,16484.02245194321,19492.057526382232,15709.247704029785,10704.0208576356,10792.152960235404,1225.5156455026467,10792.152960235404,1.0141283999982988,1.1368683772161603e-13,0
2025-10-12,mpc,continuous_closed_loop,51052.31004811444,42228.75611486894,8823.553933245496,67474.75313347361,60821.798912045044,6652.954221428568,2417.824016963017,1454.3836961772327,30,11,3926.831018577303,2999.5986499999995,18481.385536910217,14993.634359170002,10792.152960235404,10765.806211043482,1211.8018518518518,10800.0,0.9292436999967322,4.547473508864641e-13,0
2025-10-13,mpc,continuous_closed_loop,46747.220432244925,42833.83091118745,3913.3895210574856,68367.96415877166,61675.91435400977,6692.049804761904,2380.2311676159134,704.2887949860283,26,11,4591.560413092666,3749.210266666667,19333.226578618363,15629.139604619992,10765.806211043482,10799.999460000012,1200.0,10799.999460000012,0.9930260999972234,1.1368683772161603e-13,0
2025-10-14,mpc,continuous_closed_loop,55352.688335788844,42342.42092212457,13010.267413664274,67662.83264901646,61023.8631275879,6638.96952142857,2347.4402849338894,2339.5449664889065,47,11,3331.0487856296845,2510.3632333333335,18297.310474732745,14910.174161523715,10799.999460000012,10700.718707788685,1200.0,10800.0,1.068157899993821,2.2737367544323206e-13,0
2025-10-15,mpc,continuous_closed_loop,57351.34856120901,42613.78757750697,14737.560983702035,67968.11991712367,61504.218819504626,6463.901097619047,2383.1624377083726,2504.991304056181,33,14,2907.57977385674,2170.6298166666666,17827.178455793197,14352.300475136748,10700.718707788685,10798.178790072838,1200.0,10798.178790072838,1.1260604999988573,2.2737367544323206e-13,0
2025-10-16,mpc,continuous_closed_loop,62991.770957358545,43335.801077221855,19655.969880136683,68817.12236863901,62240.75724006758,6576.365128571428,2455.2637875942855,3625.440822456243,45,12,3311.587618301751,2814.6518666666666,17647.958219712553,14298.107463585711,10798.178790072838,10794.555117163345,1219.9487777777774,10800.0,1.0717262999969535,2.2737367544323206e-13,0
2025-10-17,mpc,continuous_closed_loop,25373.5784725847,21607.984917158876,3765.5935554258244,38669.71696254544,32032.765443497818,6636.9515190476195,2506.456637620555,721.321891022729,23,15,4052.087638961677,15675.300568430606,19360.745523560097,15701.294194050879,10794.555117163345,10773.343650533125,1200.0,10799.999974845136,0.9322748999984469,1.1368683772161603e-13,0
2025-10-18,mpc,continuous_closed_loop,26145.42103580029,21599.602379296586,4545.818656503709,38533.938610093915,31995.560169617725,6538.378440476192,2482.781738271189,984.52347855704,23,12,3809.7628085086612,16069.480504004086,18890.390173201537,15327.764663729995,10773.343650533125,10743.845180047845,1200.0,10799.9999754725,1.0819136000063736,1.1368683772161603e-13,0
2025-10-19,mpc,continuous_closed_loop,57617.168650841006,44753.99689695155,12863.171753889459,71456.95329041342,64923.21357374676,6533.739716666667,2443.676969922738,2498.246234183017,50,18,4319.078332030754,2127.2028666666665,18803.457582151306,15180.261789585604,10743.845180047845,10799.999460000012,1200.0,10799.999460000012,1.1098302000027616,2.2737367544323206e-13,0
2025-10-20,mpc,continuous_closed_loop,54186.72350869521,45358.758524294724,8827.964984400489,72151.45923970747,65566.4259539932,6585.033285714284,2358.7170343346834,1709.924531008273,41,13,4452.401518622796,1307.1494666666663,19444.23143347173,15783.181014712118,10799.999460000012,10762.939956000006,1225.1914259259274,10799.999930648226,1.0285727000009501,2.2737367544323206e-13,0
2025-10-21,mpc,continuous_closed_loop,54837.16616260014,46101.49122256104,8735.674940039102,73543.42150119612,66983.2560869104,6560.165414285714,2308.9285754739685,1640.1432677476191,34,12,4376.685949869383,704.5422013579583,19141.74923687262,15501.99396915621,10762.939956000006,10766.076525678469,1253.9435158730175,10777.744256740676,1.0388194000115618,2.2737367544323206e-13,0
2025-10-22,mpc,continuous_closed_loop,55849.040370491544,46258.72492071774,9590.31544977381,73868.00213865947,67178.82770056424,6689.174438095238,2257.328809043651,1856.086351319219,34,11,5189.610260558085,1191.8971628785944,19815.163122095193,16027.478755553168,10766.076525678469,10791.413607171735,1218.2562222222227,10791.413607171735,1.0850625000020955,2.2737367544323206e-13,0
2025-10-23,mpc,continuous_closed_loop,51795.65818188886,47097.244983602584,4698.413198286267,74742.81758725819,67995.18192059152,6747.635666666667,2270.035947595992,911.3219003893632,29,12,6144.071976757679,2554.521066666667,19414.62848614158,15838.579075251695,10791.413607171735,10666.158049975049,1242.5198148148152,10799.999926646937,0.9054973000020254,2.2737367544323206e-13,0
2025-10-24,mpc,continuous_closed_loop,27547.954530295356,21954.71837610533,5593.236154190028,39143.83423582462,32535.579021538913,6608.255214285713,2314.399745760556,1200.5524644724808,41,17,3955.723675842828,14211.207867019697,19402.337933327944,15644.933492560034,10666.158049975049,10745.002753792389,1249.4131613756626,10789.185334975049,0.9586236999894027,2.2737367544323206e-13,0
2025-10-25,mpc,continuous_closed_loop,26409.80639037286,21939.724853286494,4470.081537086371,39254.99419042781,32672.77211661829,6582.222073809522,2326.929367033573,932.6435566422448,36,13,3767.4320627172647,13294.3363525436,19526.263334739135,15798.826736263272,10745.002753792389,10764.387825876198,1200.0,10797.45534617563,1.0546242999989772,1.1368683772161603e-13,0
2025-10-26,mpc,continuous_closed_loop,49573.17089420515,47826.07865735769,1747.0922368474514,75792.90422472252,69186.58476996061,6606.319454761904,2271.1908744996035,359.4469225109816,24,16,6452.980634306923,1397.884752746252,19617.89022766695,15860.716484153283,10764.387825876198,10797.470715050584,1302.9741322751324,10799.999933730887,0.9073120999964885,2.2737367544323206e-13,0
2025-10-27,mpc,continuous_closed_loop,54486.03940765568,47661.39247498654,6824.646932669139,75703.72011466156,69211.19716466157,6492.522949999999,2231.9811451516675,1307.5403108293642,38,13,7336.967229164576,2504.06862996266,19161.3049383286,15543.66203863158,10797.470715050584,10771.909561066792,1206.345777777778,10799.999926267981,0.9909105999977328,2.2737367544323206e-13,0
2025-10-28,mpc,continuous_closed_loop,55412.68539127245,47333.06153144493,8079.623859827512,75389.91376461551,69047.5453003298,6342.368464285714,2155.8738135367853,1452.8402390696929,33,17,5681.201067199022,1567.6009094430565,19099.57167275349,15478.041345710351,10771.909561066792,10763.700349088984,1207.660097883598,10799.999934440546,0.8537209999922197,2.2737367544323206e-13,0
2025-10-29,mpc,continuous_closed_loop,60343.86522311077,47365.632776101294,12978.232447009472,75066.09739175292,68870.93107508625,6195.166316666667,2230.307626822618,2425.713643133213,42,13,4153.128195651263,442.8298166666664,18856.816784071314,15273.220561503113,10763.700349088984,10764.590386416374,1200.0,10799.999935934318,1.0594569999957457,1.1368683772161603e-13,0
2025-10-30,mpc,continuous_closed_loop,52164.15184061241,47454.71872230324,4709.433118309177,75370.19405574533,68988.3899866977,6381.804069047619,2192.001944521269,928.5203488642758,32,14,6025.611006425845,1738.5872276635566,19714.505588823245,15967.807068303036,10764.590386416374,10765.637562687252,1245.9106375661386,10799.999924838396,1.0165033000084804,2.2737367544323206e-13,0
2025-10-31,mpc,continuous_closed_loop,29695.447220823236,22407.443700069638,7288.003520753602,39808.44641294706,33647.66689389944,6160.779519047621,2313.4649255526174,1413.1131934295202,29,13,3500.437684583817,10232.056427569589,18782.653325941832,15197.879898385327,10765.637562687252,10783.492335606763,1200.0,10799.999972924186,1.0541980999987572,1.1368683772161603e-13,0
2025-11-01,mpc,continuous_closed_loop,27732.819223985087,22540.74958028064,5192.069643704449,40034.33167516569,33545.522929927596,6488.808745238095,2210.9040837983325,1196.1203520480822,31,14,3771.8846809523684,11287.502917340222,19011.418861231217,15384.392865643362,10783.492335606763,10799.999460000012,1200.0,10799.999460000012,0.9126185000059195,1.1368683772161603e-13,0
2025-11-02,mpc,continuous_closed_loop,56030.48040660962,48662.99903692621,7367.481369683408,77331.38409640006,70741.49982259053,6589.884273809523,2158.5864599603165,1403.3355397542086,38,12,5361.87475838126,821.2470666666663,19846.673850867228,16091.45997309422,10799.999460000012,10782.605955675828,1200.0,10799.999925470971,1.178087799999048,2.2737367544323206e-13,0
2025-11-03,mpc,continuous_closed_loop,52404.845048591655,49484.85993106959,2919.985117522057,78442.35430703688,71759.04454513211,6683.30976190476,2126.940651025079,598.3400510058239,23,14,5372.065752539565,386.1077333333333,20043.38036200869,16265.789773172222,10782.605955675828,10748.548533514515,1238.326629629631,10800.0,1.074668200002634,2.2737367544323206e-13,0
2025-11-04,mpc,continuous_closed_loop,52954.922591774535,49788.47759824683,3166.444993527709,79172.20848747958,72352.89760890816,6819.310878571429,2088.4733752352768,630.3668702698467,33,12,7693.146761891802,633.0683655204787,20459.115604165632,16562.8274071618,10748.548533514515,10758.611013750471,1202.2783148148155,10778.044275,1.096566399995936,2.2737367544323206e-13,0
2025-11-05,mpc,continuous_closed_loop,54931.586925412994,50267.83780542243,4663.749119990558,79651.0440608697,72809.94230848874,6841.101752380952,2078.6035962876977,992.3275817255885,42,14,6373.183118814327,751.8651166666665,20169.022332851764,16328.718992404134,10758.611013750471,10767.710010645798,1268.38138888889,10799.99986416614,1.0034899000020232,2.2737367544323206e-13,0
2025-11-06,mpc,continuous_closed_loop,60420.59139386816,49728.46698028006,10692.124413588095,78830.55308440891,71981.79899631368,6848.754088095237,2089.700535847698,2129.025782843686,41,15,5600.704133612569,178.49596666666673,20139.246415959573,16328.452198986208,10767.710010645798,10750.307119469182,1221.7370000000008,10776.74718642857,1.206347300001653,2.2737367544323206e-13,0
2025-11-07,mpc,continuous_closed_loop,27850.361665337598,23221.53977165903,4628.8218936785715,40939.643546636464,33893.85703473171,7045.786511904762,2095.518512562381,949.5880952380953,35,12,5495.05108013574,9383.919604700533,19573.20403897325,15881.404865268294,10750.307119469182,10720.185348691452,1608.4168362821395,10776.967984469182,1.0775568000099156,1.1368683772161603e-13,0
2025-11-08,mpc,continuous_closed_loop,25904.12939069753,23118.786026918955,2785.343363778573,40998.93900931294,33939.81974978913,7059.119259523808,2091.0191038889293,565.6635166666671,33,12,4619.868239607815,9364.03596688255,19674.717572081063,15885.22635259182,10720.185348691452,10777.179660684607,1511.7471159756399,10789.011008546282,0.8624001999996835,1.1368683772161603e-13,0
2025-11-09,mpc,continuous_closed_loop,59258.6943556999,51166.41911529078,8092.275240409124,80828.94103346969,73824.07902632683,7004.862007142856,2113.0129793736905,1514.5619825323504,31,16,6695.746426932169,563.6693666666665,19768.882702717605,16031.612663647727,10777.179660684607,10756.271133521865,1223.6814074074082,10794.877425270857,1.1498159000038868,2.2737367544323206e-13,0
2025-11-10,mpc,continuous_closed_loop,64356.90781073312,51293.099851224506,13063.80795950862,81257.81946979245,74191.21802931627,7066.601440476191,2064.075010091587,2404.592780009532,47,14,5971.040680962617,98.39883333333341,19467.401950542404,15732.872315036366,10756.271133521865,10795.96365008073,1216.3692777777783,10795.96365008073,1.1818059000070207,2.2737367544323206e-13,0
2025-11-11,mpc,continuous_closed_loop,58903.12621810338,51649.140601167324,7253.9856169360655,81400.83553626237,74291.94149102428,7108.894045238096,2045.2043706457139,1375.068413371815,32,12,7011.708248117445,471.74301666666656,19790.205042906837,16056.772024723425,10795.96365008073,10766.290383448635,1237.6650555555539,10799.999935761265,1.0481472999963444,2.2737367544323206e-13,0
2025-11-12,mpc,continuous_closed_loop,57532.248901631494,52083.934939406965,5448.313962224527,82286.7231069503,75195.5548664741,7091.1682404761905,2035.7392990665073,984.7984964876896,38,13,7954.837586939533,528.3493261904758,20112.33559479871,16279.988654490728,10766.290383448635,10778.516136,1200.0,10800.0,1.1432995000068331,2.2737367544323206e-13,0
2025-11-13,mpc,continuous_closed_loop,61188.200828751054,52326.95819780884,8861.242630942223,82441.9285785647,75353.68494523136,7088.243633333333,2042.6240492047618,1607.3654980095212,35,12,7504.365037403486,410.8301976190477,19595.254957899408,15857.027433014398,10778.516136,10795.326228093472,1200.0,10799.999927960476,1.005133400001796,2.2737367544323206e-13,0
2025-11-14,mpc,continuous_closed_loop,28014.794975740355,23820.48147133539,4194.313504404964,41977.3075327235,34932.079527961585,7045.228004761906,2056.3166119264674,808.843664228882,27,13,3984.5413856882924,7587.1344,19064.903038121232,15448.882926857143,10795.326228093472,10788.313488116866,1200.0,10800.0,1.028609900007723,1.1368683772161603e-13,0
2025-11-15,mpc,continuous_closed_loop,28208.11296615721,23470.38014162923,4737.732824527979,41486.16376137493,34585.41930899398,6900.744452380952,2023.0739682424203,1024.0234591032024,38,10,3471.963256814556,7125.687978627258,19491.723857415327,15791.074789045673,10788.313488116866,10785.22630529547,1200.0,10788.313488116866,1.0840214000054402,1.1368683772161603e-13,0
2025-11-16,mpc,continuous_closed_loop,59794.922630472305,53200.803392815535,6594.119237656763,83772.84099335052,76967.21404096957,6805.6269523809515,1897.4986004251987,1342.0359820835563,44,18,6786.72222815555,12.079899999999952,20562.16013787084,16680.629673925647,10785.22630529547,10757.137458350731,1207.0617777777793,10800.0,1.1236830999987433,2.2737367544323206e-13,0
2025-11-17,mpc,continuous_closed_loop,57752.18372261088,53941.454448960874,3810.72927365,84714.26574780716,77876.86904066431,6837.396707142857,1901.5422819735318,809.2948619047618,29,12,8802.317543184085,159.9438166666664,20338.925466033816,16473.38054950597,10757.137458350731,10758.414211663421,1284.866622215286,10799.999932940269,1.1829493999975966,2.2737367544323206e-13,0
2025-11-18,mpc,continuous_closed_loop,59162.105502013226,53490.42323335606,5671.682268657169,84153.2028116014,77416.1755068395,6737.027304761904,1927.7677858507536,1087.8133430954085,30,15,6405.4727431537785,125.24628333333317,20170.818702477365,16351.073407601,10758.414211663421,10744.291702114164,1239.9602962962958,10799.999933900826,1.0585519000014756,2.2737367544323206e-13,0
2025-11-19,mpc,continuous_closed_loop,61545.67571303448,53429.061746437495,8116.613966596977,84080.51667866542,77380.97718580828,6699.539492857143,1886.736526297102,1680.378425926052,47,14,6446.250120806155,41.38911666666672,20408.104976043905,16503.160708925247,10744.291702114164,10774.740948414516,1220.6351851851844,10779.920423271962,1.1089539999957196,2.2737367544323206e-13,0
2025-11-20,mpc,continuous_closed_loop,59856.26026971132,54022.42829792535,5833.831971785971,84850.10111406521,78236.35219263664,6613.748921428571,1894.158618412539,1133.8545226616504,34,15,7209.49209317793,235.5562666666665,20052.347918702777,16306.51667515383,10774.740948414516,10703.50221396498,1241.8987962962974,10795.005692142857,0.8990535000048112,2.2737367544323206e-13,0
2025-11-21,mpc,continuous_closed_loop,26461.85664850147,23506.27864340446,2955.5780050970097,41548.452035908296,35066.3389454321,6482.11309047619,1953.2579415734915,788.0461506047664,33,12,3282.1320980920505,6465.879357272924,19578.96285892074,15854.860194439316,10703.50221396498,10708.05745983885,1275.661335978838,10759.110633964981,1.135697199992137,1.1368683772161603e-13,0
2025-11-22,mpc,continuous_closed_loop,26104.728670607303,23541.080140179925,2563.6485304273792,41903.64422962096,35526.51344866857,6377.13078095238,1889.5195229401984,591.717007142857,37,15,3295.778756731304,5143.910493828252,19828.11725420235,15992.274751331424,10708.05745983885,10784.168820474928,1291.1872367354479,10784.168820474928,1.062638200004585,1.1368683772161603e-13,0
2025-11-23,mpc,continuous_closed_loop,61268.292576653315,54680.893900975934,6587.398675677386,85872.02751973415,79554.87459354367,6317.152926190475,1933.7073629309123,1360.4053500000005,34,14,7804.67446908029,228.69333050125113,20833.982856406787,16867.01406958751,10784.168820474928,10793.626647254925,1389.17825454164,10793.626647254925,1.1107469999988098,2.2737367544323206e-13,0
2025-11-24,mpc,continuous_closed_loop,58820.286897060156,53899.829957536116,4920.456939524043,84969.2331528425,78650.78391236631,6318.449240476191,1926.0664553174188,963.5448127328912,32,13,7616.494266853251,356.80390923673053,20419.087415341255,16621.551325855846,10793.626647254925,10702.414959000002,1256.7773121693122,10799.99992800425,1.11858690000372,1.1368683772161603e-13,0
2025-11-25,mpc,continuous_closed_loop,58951.575220336876,54430.929910371444,4520.645309965437,85721.93301616405,79425.84585425929,6296.087161904761,1939.2092011848808,947.4053264978629,39,15,6443.276325035408,13.67875238095246,21041.729714938174,16998.006916359278,10702.414959000002,10753.29735093405,1203.6717777777799,10799.99993519421,1.068508500000462,2.2737367544323206e-13,0
2025-11-26,mpc,continuous_closed_loop,61152.11867639843,54847.83115166078,6304.287524737645,86251.806643249,79921.48576229662,6330.320880952381,1934.6051643617457,1223.5422376829445,34,13,6777.730442813296,0.0,20572.854515302697,16632.902960517375,10753.29735093405,10787.863125242735,1241.2803359788381,10800.0,1.0080813999957172,2.2737367544323206e-13,0
2025-11-27,mpc,continuous_closed_loop,59814.44308569283,54916.713304225916,4897.729781466918,86162.39043455455,79848.59925598312,6313.791178571429,1916.3027877082538,929.7055376004548,31,14,7383.984816057702,15.036254761904956,20579.736128236338,16667.553960234276,10787.863125242735,10790.121240395141,1213.9675820105813,10790.255588814163,1.1545840000035241,1.1368683772161603e-13,0
2025-11-28,mpc,continuous_closed_loop,28291.068838834668,23684.285361994374,4606.783476840297,42205.18708640778,35876.00011974111,6329.186966666666,1882.2410944798412,894.5821408041952,33,12,3686.783142343803,4772.25869905653,19703.330741933,15983.841906121357,10790.121240395141,10763.294568000005,1200.0,10800.0,1.0583602999977302,1.1368683772161603e-13,0
2025-11-29,mpc,continuous_closed_loop,37854.357749289324,23969.486788808503,13884.870960480823,42655.544616161926,36441.5767423524,6213.967873809524,1815.2023399338495,2447.3949888717552,32,11,3194.842681774798,3794.4516044775946,17019.99605660475,13835.800837823464,10763.294568000005,10708.178976918209,1200.0,10799.999969627335,1.103869799990207,1.1368683772161603e-13,0
2025-11-30,mpc,continuous_closed_loop,67148.68831352281,55735.903133861895,11412.785179660917,87477.79276180887,81084.67459990412,6393.118161904762,1874.0057551401983,2214.1740412238155,47,13,5474.005097134472,0.0,20498.126379868223,16524.99279063666,10708.178976918209,10795.389618092206,1200.0,10799.999935036278,1.1806560999975773,2.2737367544323206e-13,0
2025-12-01,mpc,continuous_closed_loop,84797.27149450817,56235.89772926019,28561.373765247972,88225.78011094936,81882.08367523506,6343.696435714286,1882.467151936111,6600.002742278641,83,12,4723.815872386114,0.0,20279.75419154569,16476.714944037143,10795.389618092206,10739.707341553174,1222.9106666666685,10795.389618092206,1.1017298000078881,2.2737367544323206e-13,0
2025-12-02,mpc,continuous_closed_loop,89857.15597516036,56691.90548724659,33165.25048791377,88987.84215866379,82364.11321104475,6623.728947619049,2184.01991595869,7201.274621911669,95,11,3650.1330303355608,0.0,20330.82900883607,16429.655208596163,10739.707341553174,10782.280995509907,1226.0371851851853,10782.280995509907,1.0943856000085361,2.2737367544323206e-13,0
2025-12-03,mpc,continuous_closed_loop,78477.05305310785,57662.95503681978,20814.09801628808,90164.66268557741,83143.10095224407,7021.561733333334,2508.914765665674,4950.2547780284685,90,16,4050.6964264575117,0.0,20753.136215528364,16851.66374504665,10782.280995509907,10736.032761655819,1204.3862037037038,10782.280995509907,1.097510899999179,4.547473508864641e-13,0
2025-12-04,mpc,continuous_closed_loop,81474.05271968557,58035.42407590621,23438.628643779346,90557.70350176591,83159.62641843257,7398.077083333334,2548.5113268615073,5399.660590770026,81,16,5213.811234525463,0.0,20973.546417950503,17001.202309940032,10736.032761655819,10721.999748989014,1200.0,10764.897169285714,1.0331666999991285,2.2737367544323206e-13,0
2025-12-05,mpc,continuous_closed_loop,43941.35038975683,25982.826051977587,17958.52433777925,45637.91543000393,37838.13694905155,7799.778480952381,2633.092531379444,4073.306117652379,61,10,2150.157468700774,3183.8254575646642,16651.396116591706,13585.785178534168,10721.999748989014,10612.939388883588,1200.0,10722.359748989014,1.0063695999997435,1.1368683772161603e-13,0
2025-12-06,mpc,continuous_closed_loop,41732.71066066523,26347.774159715438,15384.936500949789,46577.68816939375,38314.892559869935,8262.795609523808,2552.953859644524,3701.201046840629,74,13,1840.6659137902623,1399.511252864311,16974.549178583522,13600.467945670382,10612.939388883588,10778.402598863884,1200.0,10778.402598863884,1.2531410999945365,1.1368683772161603e-13,0
2025-12-07,mpc,continuous_closed_loop,75871.57901583883,60398.58114899129,15472.997866847556,93897.07089699696,85192.659544616,8704.411352380952,2551.280656078968,3395.604244775056,77,19,5697.507518352919,0.0,20927.622087653035,16985.13571423393,10778.402598863884,10740.889461936138,1232.4912354497374,10778.402598863884,1.2123709000006784,2.2737367544323206e-13,0
2025-12-08,mpc,continuous_closed_loop,69474.85120562409,65643.30741839911,3831.5437872249854,101617.71831966942,92578.35368395512,9039.364635714286,2453.238970230277,673.7682807683964,20,6,10318.303677955875,0.0,21585.2426789742,17459.270873158915,10740.889461936138,10768.418013947452,1242.4950925925923,10768.418013947452,0.7414618999900995,2.2737367544323206e-13,0
2025-12-09,mpc,continuous_closed_loop,70270.3296048232,66106.53024068034,4163.799364142859,102087.63882937568,93042.9383531852,9044.700476190477,2451.423318924603,777.6908952380957,24,11,11257.121000414947,11.30588809523806,22021.957430035243,17813.508860598315,10768.418013947452,10795.392078092156,1229.0667777777771,10795.392078092156,1.063856199994916,2.2737367544323206e-13,0
2025-12-10,mpc,continuous_closed_loop,69865.29272839765,65183.605779247206,4681.686949150441,101162.5355176178,92163.41649857018,8999.11901904762,2463.23763098984,813.3232313637237,21,10,9508.338427558228,0.0,21630.46688119258,17550.565026435943,10795.392078092156,10762.184464014432,1256.976370370373,10795.392078092156,1.1183100000052946,2.2737367544323206e-13,0
2025-12-11,mpc,continuous_closed_loop,67504.09717261943,66068.24004267299,1435.8571299464343,101993.44361425641,93122.8850499707,8870.558564285715,2505.3478312481348,245.63942857142956,16,9,12081.596232371157,15.378597619047696,22083.232852530513,17902.379339692867,10762.184464014432,10745.561431633152,1475.8712755492802,10762.184464014432,1.210437900008401,1.1368683772161603e-13,0
2025-12-12,mpc,continuous_closed_loop,33512.92195102484,30544.34326825222,2968.5786827726206,54835.10184233225,45989.506018522734,8845.595823809525,2524.246709379365,554.8972642857146,25,11,6311.305157924502,2001.6648500000001,17828.370076385407,14465.75446102527,10745.561431633152,10718.033988129722,1290.2857037037033,10799.999922833209,0.9488049000065075,1.1368683772161603e-13,0
2025-12-13,mpc,continuous_closed_loop,36059.531465007574,31044.904036692613,5014.627428314959,55917.33068032511,46959.32719699178,8958.003483333334,2490.7981961979367,931.3376579081145,26,11,7515.773560843424,2121.9374833333336,17608.355805066123,14195.931894342992,10718.033988129722,10792.29655230813,1292.4820873015865,10792.29655230813,0.9697995000024093,1.1368683772161603e-13,0
2025-12-14,mpc,continuous_closed_loop,70189.35619331138,66195.79920926139,3993.5569840500034,102331.67186468144,93413.6672623005,8918.004602380954,2479.623642392539,760.1054809523814,24,10,10100.789031540258,0.0,22133.33630089943,17921.069786805845,10792.29655230813,10799.999460000012,1242.5568703703714,10799.999460000012,0.8451172999921255,2.2737367544323206e-13,0
2025-12-15,mpc,continuous_closed_loop,69935.85211592165,65765.4829301871,4170.369185734531,101865.19684467056,92955.86864705151,8909.328197619048,2471.195945233294,816.5978642857159,25,12,9041.872626937497,0.0,22046.94211042642,17876.5779950743,10799.999460000012,10779.382920412343,1258.2599984597796,10799.999460000012,1.2411307000002125,2.2737367544323206e-13,0
2025-12-16,mpc,continuous_closed_loop,69451.46913909509,66377.61894327246,3073.8501958226257,102425.23438467982,93537.2384156322,8887.995969047619,2502.1771682983335,595.9388380952395,20,8,9370.47846176597,20.48989679124884,22287.690970532898,18075.57743964839,10779.382920412343,10754.329860949296,1337.2758077665976,10779.382920412343,1.0908441000065068,2.8421709430404007e-13,0
2025-12-17,mpc,continuous_closed_loop,68325.39219821151,65918.07218096509,2407.320017246427,102269.43770110229,93510.90879634037,8758.528904761904,2530.4662895447227,412.96360238095224,20,12,10262.705655924507,0.0,22103.472637832296,17875.624056940236,10754.329860949296,10785.650727286991,1479.4425985799085,10785.650727286991,1.2394895000034012,2.2737367544323206e-13,0
2025-12-18,mpc,continuous_closed_loop,69260.2313869663,65730.31893706153,3529.9124499047657,101615.0842577337,92831.80686963847,8783.277388095237,2524.456642858096,737.1055214285723,28,11,10800.560368584695,0.0,22064.96709097227,17879.604647061344,10785.650727286991,10777.893723538322,1351.8567343223035,10785.650727286991,1.1642804000002798,2.2737367544323206e-13,0
2025-12-19,mpc,continuous_closed_loop,35568.55687563641,30934.84997966188,4633.706895974519,55826.942499748606,47121.509092605746,8705.433407142857,2543.2597520183335,849.3655036196585,32,10,7426.179308057948,2983.9935985596057,17823.443260950167,14465.699464199448,10777.893723538322,10745.993253727416,1251.0796507936511,10800.0,0.9492251999909058,1.1368683772161603e-13,0
2025-12-20,mpc,continuous_closed_loop,34796.49454898001,30941.360053939537,3855.134495040475,55921.45796902405,47268.05254045261,8653.40542857143,2564.025952879364,714.5119904761902,27,6,7692.062474715973,2618.4161282591467,18255.84290440664,14786.70379788152,10745.993253727416,10746.580981158373,1465.669699513229,10800.0,0.9050914999970701,1.1368683772161603e-13,0
2025-12-21,mpc,continuous_closed_loop,68576.15213580153,66189.86347579202,2386.2886600095276,102187.34191696049,93558.5544764843,8628.787440476191,2564.5494414402374,451.46060952381026,18,11,9295.30611320986,6.098654761904868,22376.522937307338,18076.90704546147,10746.580981158373,10799.999352000017,1344.0874093430466,10799.999352000017,0.9578845999931218,2.2737367544323206e-13,0
2025-12-22,mpc,continuous_closed_loop,69534.8161762904,65883.6265827273,3651.1895935630973,101987.69207021681,93321.36234640727,8666.329723809526,2561.2685493907134,683.9359904761908,33,12,9518.318433468536,0.0,22210.218860479676,17994.336316588542,10799.999352000017,10795.489308000007,1276.6984882673153,10799.999352000017,1.0031623000104446,2.2737367544323206e-13,0
2025-12-23,mpc,continuous_closed_loop,67073.08845453973,66137.32522904093,935.7632254988108,102220.36442561189,93552.13473275474,8668.229692857143,2562.475922783015,158.21528095238122,9,5,10901.838062454224,0.0,22287.76203881142,18069.112928034698,10795.489308000007,10777.683000669504,1320.0569612329086,10795.489308000007,1.0180808000004617,2.2737367544323206e-13,0
2025-12-24,mpc,continuous_closed_loop,69330.79504167748,65687.00417152702,3643.790870150463,101770.47750246544,93192.6864691321,8577.791033333333,2620.838103392937,631.266360440932,24,8,10294.844698237168,0.0,22349.503354125714,18097.163506123175,10777.683000669504,10784.276568134674,1210.2601666666674,10784.276568134674,1.1689971000014339,2.2737367544323206e-13,0
2025-12-25,mpc,continuous_closed_loop,67776.38988684738,65652.77740662,2123.6124802273803,101620.28201770736,93059.59711294544,8560.684904761905,2608.2452063715077,395.61567380952374,17,9,9971.15435102951,0.0,22363.35829824368,18131.063491089633,10784.276568134674,10765.67293534328,1292.2377634126194,10784.276568134674,0.7034227999974973,2.2737367544323206e-13,0
2025-12-26,mpc,continuous_closed_loop,33693.391892435,30697.256109405957,2996.135783029049,55238.2096043608,46731.11296150366,8507.096642857143,2646.4441722607144,579.8179967759843,21,9,6554.286703733371,2819.967276330519,17984.492213561367,14548.341025821806,10765.67293534328,10786.892565524287,1264.6616402116435,10799.999923451624,1.1643368999939412,1.1368683772161603e-13,0
2025-12-27,mpc,continuous_closed_loop,33379.68657201379,30589.60447763268,2790.0820943810995,55292.54960559676,46836.056679406276,8456.492926190476,2688.2824582819444,517.7648106487051,24,11,7109.779889097026,1933.8489815845057,18032.25092404051,14604.37444514324,10786.892565524287,10788.835680334922,1250.975357142861,10799.999923977954,0.948267500003567,1.1368683772161603e-13,0
2025-12-28,mpc,continuous_closed_loop,68017.3759904952,65898.33483060353,2119.0411598916685,101833.60489399779,93406.10790114065,8427.496992857145,2689.9883571017854,391.079678571429,17,9,11054.622823023752,139.411858078352,22220.569037640715,17999.17389617359,10788.835680334922,10788.265707352024,1410.2600367192065,10788.835680334922,1.0697136999951908,1.1368683772161603e-13,0
2025-12-29,mpc,continuous_closed_loop,66759.50978510374,65933.07072617875,826.4390589250005,101972.79021179068,93570.46950940971,8402.320702380952,2707.757340646944,160.26856904761922,9,5,10343.865298434272,22.180628571428542,22424.325446442323,18181.07885927639,10788.265707352024,10768.959876620798,1213.3346582540323,10788.265707352024,1.4926814999926137,2.2737367544323206e-13,0
2025-12-30,mpc,continuous_closed_loop,67671.10557823491,65174.98464867062,2496.1209295642843,100988.88229877905,92758.75705116,8230.125247619048,2644.8561130139287,459.0457547619046,17,8,10801.815776848081,172.38822857142873,22351.36637929062,18102.044931169163,10768.959876620798,10771.806361127732,1437.0570774426565,10771.806361127732,1.8394943000021158,1.1368683772161603e-13,0
2025-12-31,mpc,continuous_closed_loop,69547.88955165693,64966.037242960476,4581.852308696446,100650.53043068462,92628.14659497033,8022.383835714285,2720.881589940992,918.948359523813,29,11,8774.161504637465,0.0,22101.15675881901,17952.262406581365,10771.806361127732,10715.889214529985,1281.7758104690506,10771.806361127732,1.2203837999986717,2.2737367544323206e-13,0
