date,method,comparison,cash_cost_yuan,contract_cost_yuan,emergency_cost_yuan,contract_kwh,base_contract_kwh,risk_reserve_kwh,expected_emergency_cost_yuan,emergency_kwh,emergency_slots,emergency_events,unused_contract_kwh,pv_curtailed_kwh,charge_kwh,discharge_kwh,soc_start_kwh,soc_end_kwh,soc_min_kwh,soc_max_kwh,runtime_seconds,max_balance_residual_kwh,simultaneous_flow_slots
2025-02-01,greedy,formal_continuous_closed_loop,26709.12435609976,26709.12435609976,0.0,49023.022603149024,43233.888007593465,5789.134595555555,6312.826350179821,0.0,0,0,7094.942984184794,4222.3180999999995,17513.608345425804,14186.022759794905,10800.0,10800.0,2360.6261485890623,10800.0,0.000268599993432872,1.1368683772161603e-13,0
2025-02-02,greedy,formal_continuous_closed_loop,60814.31655276092,60814.31655276092,0.0,95447.25993643588,89758.78041945177,5688.479516984126,6331.734526354028,0.0,0,0,13075.51518330296,143.10248333333334,20380.86484105052,16508.50052125092,10800.0,10800.0,1890.3158152557307,10800.0,0.0010187000007135794,1.1368683772161603e-13,0
2025-02-03,greedy,formal_continuous_closed_loop,59761.37374098951,59761.37374098951,0.0,94059.09257643559,88351.30972611814,5707.78285031746,6325.6355685206945,0.0,0,0,9863.660882803251,0.0,20939.5536506966,16961.03845706425,10800.0,10800.0,1813.4774210758408,10800.0,0.0002606999914860353,1.1368683772161603e-13,0
2025-02-04,greedy,formal_continuous_closed_loop,60256.86003817031,60256.86003817031,0.0,94763.34714999805,89031.03173301392,5732.3154169841255,6307.104330743882,0.0,0,0,9431.44246381442,0.3517833333332874,21772.047120264757,17635.358167414455,10800.0,10800.0,2044.759881393298,10800.0,0.00023920000239741057,1.1368683772161603e-13,0
2025-02-05,greedy,formal_continuous_closed_loop,58582.167117194185,58582.167117194185,0.0,92567.5088404276,87805.56615709428,4761.942683333333,4566.75086750565,0.0,0,0,7568.893662757196,2.052500000000009,22358.608917563593,18110.47322322651,10800.0,10800.0,1657.9330782804213,10800.0,0.0009227999980794266,2.2737367544323206e-13,0
2025-02-06,greedy,formal_continuous_closed_loop,58974.03607680656,58974.03607680656,0.0,92802.98276806748,88839.82339822622,3963.1593698412707,3251.412147611388,0.0,0,0,8424.991930893599,1.400816666666742,21608.06738863454,17502.534584793975,10800.0,10800.0,1876.9137222222241,10800.0,0.00041649999911896884,1.1368683772161603e-13,0
2025-02-07,greedy,formal_continuous_closed_loop,24137.83848105902,24137.83848105902,0.0,45454.33012959417,42149.74573197513,3304.5843976190476,1942.5968872038493,0.0,0,0,4980.629476214275,5080.818692656978,18880.012073980295,15292.809779924039,10800.0,10800.0,1606.5266402116401,10800.0,0.0002597999991849065,1.1368683772161603e-13,0
2025-02-08,greedy,formal_continuous_closed_loop,22024.09795129196,22024.09795129196,0.0,41292.83964174117,38070.79812507451,3222.041516666666,1927.9955428724606,0.0,0,0,2612.1119787516,3366.9516999999996,19666.38550696268,15929.772260639775,10800.0,10800.0,1624.5250158730155,10800.0,0.0008711999980732799,1.1368683772161603e-13,0
2025-02-09,greedy,formal_continuous_closed_loop,54660.206416058216,54660.206416058216,0.0,86989.37612125189,83759.9018950614,3229.4742261904767,1884.7776228023413,0.0,0,0,2963.2270878306954,0.0,23530.174035550153,19059.44096879563,10800.0,10800.0,1591.592796957672,10800.0,0.00024219999613706023,2.2737367544323206e-13,0
2025-02-10,greedy,formal_continuous_closed_loop,55464.29518743896,55464.29518743896,0.0,88081.68848907827,84862.71942717349,3218.969061904762,1904.2355526711904,0.0,0,0,9312.287896325684,608.481708759546,20180.42789820892,16346.146597549217,10800.0,10800.0,1542.4412116402086,10800.0,0.0003694000042742118,2.2737367544323206e-13,0
2025-02-11,greedy,formal_continuous_closed_loop,54034.25592924765,54034.25592924765,0.0,86206.0136975367,83063.51654991765,3142.4971476190467,1917.0786876211912,0.0,0,0,6602.153381746027,243.45769999999993,21788.44990767025,17648.644425212908,10800.0,10800.0,1356.5238276984128,10800.0,0.0002482999989297241,2.2737367544323206e-13,0
2025-02-12,greedy,formal_continuous_closed_loop,53691.68372683104,53691.68372683104,0.0,85684.89044096171,82621.07465048552,3063.8157904761892,1921.1290865783344,0.0,0,0,6046.754229071124,286.6938,21498.45409766974,17413.747819112486,10800.0,10800.0,1521.0174924338596,10800.0,0.000730699990526773,2.2737367544323206e-13,0
2025-02-13,greedy,formal_continuous_closed_loop,53405.28797412094,53405.28797412094,0.0,85149.40167694942,82122.20548885418,3027.1961880952376,1902.33345955,0.0,0,0,9422.541032593159,732.2808000000005,19290.004356261023,15624.903528571427,10800.0,10800.0,1450.538060317462,10800.0,0.0007233999931486323,2.2737367544323206e-13,0
2025-02-14,greedy,formal_continuous_closed_loop,21094.6732169097,21094.6732169097,0.0,39440.317311574545,36480.13164252693,2960.185669047619,1904.574072742143,0.0,0,0,1903.6360482069338,3866.8521549127327,20358.038377832716,16490.0110860445,10800.0,10800.0,1578.9089735449734,10800.0,0.0002373000024817884,1.1368683772161603e-13,0
2025-02-15,greedy,formal_continuous_closed_loop,20797.044105836343,20797.044105836343,0.0,39009.201721925914,36116.33101002115,2892.8707119047613,1924.7724883647222,0.0,0,0,1383.864445884778,4467.996438591662,20406.57756552356,16529.327828074085,10800.0,10800.0,1519.475883597886,10800.0,0.0002531000063754618,1.1368683772161603e-13,0
2025-02-16,greedy,formal_continuous_closed_loop,51484.18881753374,51448.755795033736,35.43302249999984,82588.53140361824,79633.27096076109,2955.2604428571426,1862.7539320865872,7.7883333333332985,1,1,2893.612353909471,0.0,22764.885700221646,18439.557417179538,10800.0,10800.0,1426.4742595238117,10800.0,0.0008230999956140295,2.2737367544323206e-13,0
2025-02-17,greedy,formal_continuous_closed_loop,50939.238507430644,50939.238507430644,0.0,82044.32370015288,79007.76059062907,3036.5631095238095,1867.1100018572224,0.0,0,0,6177.786804791303,794.4812,20464.17120365746,16575.97867496255,10800.0,10800.0,1380.3209885978856,10800.0,0.0002398000069661066,1.1368683772161603e-13,0
2025-02-18,greedy,formal_continuous_closed_loop,50784.03840280216,50772.92245780215,11.115945000000234,81618.85518557957,78620.893414151,2997.961771428571,1865.5898369858733,2.443333333333385,1,1,5229.32416828336,275.2412499999997,21186.027985769528,17160.682668473317,10800.0,10800.0,1534.4548518518523,10800.0,0.00047509999421890825,1.1368683772161603e-13,0
2025-02-19,greedy,formal_continuous_closed_loop,50452.03140896071,50289.99903291905,162.0323760416668,81004.34179618696,78103.91902475839,2900.4227714285707,1846.0541753888897,36.9979166666667,1,1,3636.1203671369817,135.93235000000004,23105.050591491145,18715.090979107823,10800.0,10800.0,1400.6443068783087,10800.0,0.0007005000079516321,1.5276668818842154e-13,0
2025-02-20,greedy,formal_continuous_closed_loop,49987.551149914274,49846.34081753332,141.2103323809516,80516.42670686444,77613.79361162634,2902.6330952380945,1863.1133610731354,30.147380952380786,1,1,5059.803174191655,391.814483333333,21588.540510307957,17486.71781334945,10800.0,10800.0,1589.5523964021181,10800.0,0.00024390000908169895,2.2737367544323206e-13,0
2025-02-21,greedy,formal_continuous_closed_loop,20398.434460128665,20398.434460128665,0.0,38423.37102845556,35508.4884213127,2914.8826071428552,1864.9237810269456,0.0,0,0,2219.973242151675,6831.01588974525,20063.78875381736,16251.66889059206,10800.0,10800.0,1755.1744285714283,10800.0,0.0006541000038851053,1.1368683772161603e-13,0
2025-02-22,greedy,formal_continuous_closed_loop,20274.400499791944,20274.400499791944,0.0,38231.72919683688,35397.3410206464,2834.388176190474,1855.2141051533745,0.0,0,0,1758.3554341269814,4764.851907323611,20335.573537120832,16471.814565067878,10800.0,10800.0,1604.7993227513225,10800.0,0.0009243999957107008,1.1368683772161603e-13,0
2025-02-23,greedy,formal_continuous_closed_loop,49268.666570338675,49268.666570338675,0.0,79578.30291501309,76804.67333882261,2773.629576190474,1800.7257041490884,0.0,0,0,3414.457705771485,406.4334159804193,22239.779525936094,18014.22141600824,10800.0,10800.0,1442.554703703706,10800.0,0.0009368000028189272,1.2789769243681803e-13,0
2025-02-24,greedy,formal_continuous_closed_loop,48723.478907828816,48577.8021688312,145.676738997619,78725.77541968366,75940.710403017,2785.0650166666646,1817.4638609470644,32.06959761904761,2,1,5338.150754967672,1224.353383333333,21012.143485973927,17019.836223638886,10800.0,10800.0,1554.5179334127,10800.0,0.0002528999903006479,2.2737367544323206e-13,0
2025-02-25,greedy,formal_continuous_closed_loop,48720.36840563875,48633.218701799466,87.14970383928585,78732.17571264275,75955.0576602618,2777.1180523809503,1818.4403196290884,19.899464285714316,1,1,7332.879164012855,1755.597709973033,20222.500366364417,16380.225296755178,10800.0,10800.0,1470.0504115079393,10800.0,0.00029229999927338213,1.1368683772161603e-13,0
2025-02-26,greedy,formal_continuous_closed_loop,48320.751366810895,48320.751366810895,0.0,78251.07572058529,75573.34449915672,2677.7312214285694,1759.098042649406,0.0,0,0,4645.530394179891,790.2927499999998,21054.7607530109,17054.356209938833,10800.0,10800.0,1582.616404761905,10800.0,0.00023489999875891954,2.2737367544323206e-13,0
2025-02-27,greedy,formal_continuous_closed_loop,47454.049924304294,47454.049924304294,0.0,77054.50654860833,74339.57917241787,2714.927376190474,1761.503335467898,0.0,0,0,4994.66592615121,767.4831560063371,22819.859297109473,18484.086030658673,10800.0,10800.0,1293.9066011199905,10800.0,0.00043200000072829425,1.1368683772161603e-13,0
2025-02-28,greedy,formal_continuous_closed_loop,19499.720682921725,19499.720682921725,0.0,37079.88260914052,34545.335332950046,2534.5472761904757,1777.65642476254,0.0,0,0,2043.9580308348068,7823.850986446275,20628.842325576057,16709.362283716615,10800.0,10800.0,1559.554499259261,10800.0,0.0008354000019608065,1.1368683772161603e-13,0
2025-03-01,greedy,formal_continuous_closed_loop,19624.957136064448,19624.957136064448,0.0,37140.770633866676,34511.740321961915,2629.0303119047603,1796.7883238423417,0.0,0,0,2211.077842533802,7542.095863503836,19625.4262868195,15896.595292323795,10800.0,10800.0,1610.0663650793658,10800.0,0.000898300000699237,1.1368683772161603e-13,0
2025-03-02,greedy,formal_continuous_closed_loop,61544.66453928953,46920.11469374968,14624.54984553985,76234.14867653407,73495.56820748645,2738.580469047618,1927.7772093849999,2156.1879796966523,5,2,2012.9157973621273,0.0,21153.23048527337,17134.11669307143,10800.0,10800.0,1200.0,10800.0,0.00025269998877774924,1.1368683772161603e-13,0
2025-03-03,greedy,formal_continuous_closed_loop,56234.50342776683,47113.77007872723,9120.73334903959,76475.18605969145,73622.35192159622,2852.834138095237,2264.7249412688893,1457.1444682435422,10,3,1517.198185015529,0.0,23147.29320834802,18749.307498761897,10800.0,10800.0,1200.0,10800.0,0.00047560001257807016,1.1368683772161603e-13,0
2025-03-04,greedy,formal_continuous_closed_loop,48276.798208656175,48276.798208656175,0.0,78173.20222594962,75015.76107356866,3157.4411523809517,2385.855395089564,0.0,0,0,4217.10520834803,600.6831000000002,21873.45254878033,17717.49656451207,10800.0,10800.0,1451.88535978836,10800.0,0.0004245000018272549,1.1368683772161603e-13,0
2025-03-05,greedy,formal_continuous_closed_loop,48897.71405832976,48897.71405832976,0.0,79217.65849465926,75934.97512799258,3282.6833666666666,2372.103371361429,0.0,0,0,8675.545359229869,625.9976666666664,19924.439221558223,16138.795769462165,10800.0,10800.0,1341.6612566137574,10800.0,0.0009193000005325302,1.5143442055887135e-13,0
2025-03-06,greedy,formal_continuous_closed_loop,48854.78443354212,48854.78443354212,0.0,78787.31655092031,75510.86135092031,3276.4552000000012,2389.8138505039274,0.0,0,0,7871.955355422399,1269.7744410208666,19499.645374440624,15794.712753296906,10800.0,10800.0,1530.1526349206363,10800.0,0.00028049999673385173,1.2789769243681803e-13,0
2025-03-07,greedy,formal_continuous_closed_loop,19642.044419595404,19642.044419595404,0.0,37094.17135814011,33894.18901052106,3199.9823476190477,2425.4361534640075,0.0,0,0,2987.9085101083115,9619.912783333333,18758.23437560597,15194.169844240841,10800.0,10800.0,1803.520670211642,10800.0,0.00036550000368151814,1.1368683772161603e-13,0
2025-03-08,greedy,formal_continuous_closed_loop,19002.47517889016,19002.47517889016,0.0,35504.28534143722,32264.434281913418,3239.851059523809,2403.8390908517067,0.0,0,0,2517.525381246327,10003.710842250544,20631.103164598364,16711.193563324676,10800.0,10800.0,1477.3342065969211,10800.0,0.0008710000111022964,1.1368683772161603e-13,0
2025-03-09,greedy,formal_continuous_closed_loop,46665.54281790521,46665.54281790521,0.0,75738.740285398,72457.99356158849,3280.7467238095232,2405.35204105127,0.0,0,0,7036.520268195177,1469.0632718988752,20524.37734370504,16624.74564840108,10800.0,10800.0,1399.1101243386238,10800.0,0.0002717000024858862,1.1368683772161603e-13,0
2025-03-10,greedy,formal_continuous_closed_loop,45813.298192067894,45813.298192067894,0.0,74516.36477060814,71236.79984441766,3279.564926190475,2421.796012434247,0.0,0,0,2389.601241801561,0.0,21498.37936213992,17413.687283333336,10800.0,10800.0,1363.4247063492046,10800.0,0.000870000003487803,1.1368683772161603e-13,0
2025-03-11,greedy,formal_continuous_closed_loop,45368.4864151827,45368.4864151827,0.0,74243.9328505922,70798.90999344934,3445.022857142856,2424.7568121123413,0.0,0,0,5366.084801709203,1129.5081000000002,20049.5849941211,16240.163845238098,10800.0,10800.0,1445.0908775396815,10800.0,0.0002390000008745119,2.2737367544323206e-13,0
2025-03-12,greedy,formal_continuous_closed_loop,44943.743315961896,44943.743315961896,0.0,73437.69149560858,70049.07811465621,3388.6133809523817,2436.8582610315066,0.0,0,0,5384.7500884130295,1761.1703878362432,20295.980715926242,16439.74437990026,10800.0,10800.0,1444.6792474867748,10800.0,0.000251300007221289,1.1368683772161603e-13,0
2025-03-13,greedy,formal_continuous_closed_loop,46512.396585439805,44377.20810768066,2135.188477759144,72618.07584923373,69139.9133706623,3478.162478571429,2395.729100998531,306.07632995400576,1,1,1271.9317302763059,0.0,21613.69701181457,17507.0945795698,10800.0,10800.0,1200.0,10800.0,0.001167800000985153,1.1368683772161603e-13,0
2025-03-14,greedy,formal_continuous_closed_loop,18523.564994223634,18523.564994223634,0.0,34758.327946586396,31037.407334681633,3720.9206119047612,2578.619448208452,0.0,0,0,2724.6006168136373,12069.143160100779,20711.358875466532,16776.200689127887,10800.0,10800.0,1674.9387229100541,10800.0,0.0005365999968489632,1.1368683772161603e-13,0
2025-03-15,greedy,formal_continuous_closed_loop,18737.806518942416,18737.806518942416,0.0,35242.610330206095,31449.046282587056,3793.5640476190465,2584.6864233828583,0.0,0,0,1886.149731951793,8488.168785057509,20758.771911562122,16814.605248365326,10800.0,10800.0,1422.5861996825392,10800.0,0.0002612999960547313,1.1368683772161603e-13,0
2025-03-16,greedy,formal_continuous_closed_loop,44344.445564973095,44344.445564973095,0.0,72639.90403957845,68719.60355624513,3920.3004833333316,2611.990314041549,0.0,0,0,4993.5419683127575,329.98726666666664,20870.146690872112,16904.818819606407,10800.0,10800.0,1675.1421058201092,10800.0,0.00023349998809862882,1.1368683772161603e-13,0
2025-03-17,greedy,formal_continuous_closed_loop,44358.87827329205,44358.87827329205,0.0,72844.04200301201,68890.46627205962,3953.5757309523797,2613.511236251985,0.0,0,0,8766.42216442787,2603.5355527816764,19031.330802469136,15415.377950000004,10800.0,10800.0,1505.3911931216915,10800.0,0.00023920000239741057,1.1368683772161603e-13,0
2025-03-18,greedy,formal_continuous_closed_loop,44198.47680503202,43094.74766779219,1103.7291372398317,70866.43233443717,67029.60842967525,3836.8239047619036,2650.5504142322234,224.64195669830838,3,1,4633.292711591087,1253.98175,21462.3234888301,17384.48202595238,10800.0,10800.0,1200.0,10800.0,0.00023879999935161322,1.5187850976872141e-13,0
2025-03-19,greedy,formal_continuous_closed_loop,43281.09689063081,43281.09689063081,0.0,71080.79841378867,67257.13011855059,3823.6682952380934,2696.961684803613,0.0,0,0,5770.786607842279,1846.9192606174502,21040.116291205,17042.494195876054,10800.0,10800.0,1497.2110038414196,10800.0,0.00023669999791309237,1.1368683772161603e-13,0
2025-03-20,greedy,formal_continuous_closed_loop,43416.79839656383,43416.79839656383,0.0,70966.65184695611,67092.20890409898,3874.4429428571416,2651.217376471708,0.0,0,0,3781.6169689006438,1014.3316833333329,20851.270410818313,16889.529032762835,10800.0,10800.0,1516.7374682539694,10800.0,0.0002598999999463558,1.1368683772161603e-13,0
2025-03-21,greedy,formal_continuous_closed_loop,18341.689905051797,18341.689905051797,0.0,34384.14887370889,30513.686261804127,3870.4626119047607,2697.264311197898,0.0,0,0,2734.8647951138573,15696.520733333331,20627.88857155281,16708.589742957774,10800.0,10800.0,1550.2131190476196,10800.0,0.00023069999588187784,1.1368683772161603e-13,0
2025-03-22,greedy,formal_continuous_closed_loop,18785.33593745049,18785.33593745049,0.0,35105.547491150646,31247.3263482935,3858.221142857141,2690.559770415002,0.0,0,0,3422.5487174897116,12025.33092696435,19876.14796506974,16099.679851706493,10800.0,10800.0,1918.9026028393464,10800.0,0.0009787000017240644,1.1368683772161603e-13,0
2025-03-23,greedy,formal_continuous_closed_loop,41807.564494103266,41807.564494103266,0.0,68759.08035308663,64886.9251888009,3872.155164285713,2724.636121769286,0.0,0,0,4027.362096531662,2004.9384208994682,20826.630099941212,16869.570380952384,10800.0,10800.0,1309.0050717989425,10800.0,0.0006904000038048252,1.1368683772161603e-13,0
2025-03-24,greedy,formal_continuous_closed_loop,41434.24826551966,41434.24826551966,0.0,67906.36140706876,63954.115159449706,3952.2462476190462,2692.5570164508736,0.0,0,0,3809.3747821281568,2159.034833333333,20733.97214881018,16794.51744053624,10800.0,10800.0,1696.4340793650763,10800.0,0.0008258000016212463,1.1368683772161603e-13,0
2025-03-25,greedy,formal_continuous_closed_loop,41072.93989494236,41072.93989494236,0.0,67488.91130383586,63584.89573002634,3904.015573809522,2738.4124738464698,0.0,0,0,1748.6466657848287,748.8334072016405,21270.03428517224,17228.727770989513,10800.0,10800.0,1352.987971640212,10800.0,0.0002516999957151711,2.2737367544323206e-13,0
2025-03-26,greedy,formal_continuous_closed_loop,41106.754240449816,41106.754240449816,0.0,67573.34352416676,63470.383105119145,4102.960419047619,2718.9739521136107,0.0,0,0,5430.663983896333,2680.3422582892463,20367.275870076424,16497.493454761905,10800.0,10800.0,1425.5419708994712,10800.0,0.0006314000056590885,1.1368683772161603e-13,0
2025-03-27,greedy,formal_continuous_closed_loop,41091.23804540071,41091.23804540071,0.0,67338.45548452041,63213.204729758494,4125.250754761905,2721.8257832330946,0.0,0,0,3665.245384744268,1089.0153693121777,20353.712265599803,16486.506935135843,10800.0,10800.0,1580.75743915344,10800.0,0.0006908000068506226,1.1368683772161603e-13,0
2025-03-28,greedy,formal_continuous_closed_loop,18283.757797562463,18283.757797562463,0.0,34418.31225257664,30134.89665257664,4283.415600000001,2652.214482897062,0.0,0,0,3258.1498498530286,16491.941915614905,20243.893265484447,16397.553545042403,10800.0,10800.0,1842.9887380952384,10800.0,0.00034050000249408185,1.1368683772161603e-13,0
2025-03-29,greedy,formal_continuous_closed_loop,17973.70195855247,17973.70195855247,0.0,34052.12106396185,29812.580778247568,4239.540285714287,2723.15305937996,0.0,0,0,2629.1655360376308,19870.389503820767,20238.720214579647,16393.363373809523,10800.0,10800.0,1581.3992863492106,10800.0,0.0008386000117752701,1.1368683772161603e-13,0
2025-03-30,greedy,formal_continuous_closed_loop,40159.722942748165,40159.722942748165,0.0,65732.45833577553,61469.564504823145,4262.893830952382,2692.1380937817858,0.0,0,0,4177.686007789538,2406.7189666666673,20012.80874378594,16210.375082466613,10800.0,10800.0,1643.9810296825399,10800.0,0.00038490000588353723,2.2737367544323206e-13,0
2025-03-31,greedy,formal_continuous_closed_loop,39461.15513125522,39461.15513125522,0.0,64834.41783624546,60633.63344100736,4200.784395238095,2749.108714775556,0.0,0,0,2904.866560817166,1287.8790666666673,19422.540660148945,15732.257934720648,10800.0,10800.0,1421.841241904765,10800.0,0.0004870999982813373,1.1368683772161603e-13,0
2025-04-01,greedy,formal_continuous_closed_loop,39821.2656579408,39821.2656579408,0.0,65398.8819243918,61162.15455534417,4236.727369047619,2777.1384108645243,0.0,0,0,1446.6145689300488,0.0,19702.18862523727,15958.772786442192,10800.0,10800.0,1451.6452671957672,10800.0,0.000247900010435842,1.1368683772161603e-13,0
2025-04-02,greedy,formal_continuous_closed_loop,44594.06997902149,39468.07979079585,5125.990188225645,64999.922723815704,60686.708561910935,4313.214161904762,2554.2528387165084,1024.3054798446656,9,1,1543.6067986030562,0.0,21290.97897398589,17245.692968928568,10800.0,10800.0,1200.0,10800.0,0.00023570000485051423,1.5631940186722204e-13,0
2025-04-03,greedy,formal_continuous_closed_loop,39936.78689579961,39891.59662046959,45.19027533002801,66004.70851689085,61604.629188319406,4400.07932857143,2660.522227575635,9.109106093535175,1,1,4068.613432569079,2041.8980778344653,21261.978136390353,17222.20229047619,10800.0,10800.0,1200.0,10800.0,0.00044940000225324184,1.1368683772161603e-13,0
2025-04-04,greedy,formal_continuous_closed_loop,17695.706689484563,17695.706689484563,0.0,33554.74257446373,29090.55822446373,4464.184350000001,2628.8079829922217,0.0,0,0,3487.7710816578533,19775.00426926739,20321.92091336047,16460.755939821982,10800.0,10800.0,1821.613500197794,10800.0,0.0005145000031916425,1.1368683772161603e-13,0
2025-04-05,greedy,formal_continuous_closed_loop,17829.22057207057,17829.22057207057,0.0,33794.75091386069,29322.40978528926,4472.341128571428,2652.847589672381,0.0,0,0,2851.827219753084,15074.711313478563,20126.828406819517,16302.731009523812,10800.0,10800.0,1676.1531532275092,10800.0,0.0003833999944617972,1.1368683772161603e-13,0
2025-04-06,greedy,formal_continuous_closed_loop,39771.26492424217,39771.26492424217,0.0,65920.00402092352,61200.856359018755,4719.147661904761,2615.240198946906,0.0,0,0,4451.610585302764,3185.053499999999,20385.598257653095,16512.33458869901,10800.0,10800.0,1387.1389259259274,10800.0,0.0003130000113742426,1.1368683772161603e-13,0
2025-04-07,greedy,formal_continuous_closed_loop,39263.235938385245,39263.235938385245,0.0,64907.03468133908,60174.04456229147,4732.990119047618,2622.4770863442873,0.0,0,0,5462.306478012926,2562.9335666666666,19153.02817540084,15513.952822074676,10800.0,10800.0,1590.161308862433,10800.0,0.0005991999933030456,1.1368683772161603e-13,0
2025-04-08,greedy,formal_continuous_closed_loop,39602.519229141944,39602.519229141944,0.0,65357.14411164224,60558.986283070815,4798.157828571427,2600.161607861312,0.0,0,0,4446.9395079659025,2609.5540166666665,20776.089317594808,16828.632347251798,10800.0,10800.0,1386.2576140740764,10800.0,0.00041369999235030264,2.2737367544323206e-13,0
2025-04-09,greedy,formal_continuous_closed_loop,39334.56667160588,39334.56667160588,0.0,64738.39234973515,59819.403787830386,4918.988561904761,2576.9250820634134,0.0,0,0,1720.3960481931495,0.0,20440.448867764928,16556.7635828896,10800.0,10800.0,1353.1876596436746,10800.0,0.0007175999926403165,2.2737367544323206e-13,0
2025-04-10,greedy,formal_continuous_closed_loop,39369.217391055354,39369.217391055354,0.0,64604.59284097195,59528.96596716243,5075.626873809524,2578.2813853472626,0.0,0,0,4299.223616225757,2052.691278982956,19958.105504017116,16166.06545825387,10800.0,10800.0,1461.5899411640241,10800.0,0.00036099999852012843,2.2737367544323206e-13,0
2025-04-11,greedy,formal_continuous_closed_loop,17787.111942489748,17787.111942489748,0.0,33552.33259064068,28455.604164450207,5096.728426190475,2616.921980421787,0.0,0,0,3372.959410934741,21029.73808876863,20173.60486458234,16340.619940311695,10800.0,10800.0,1755.8707772222212,10800.0,0.0002364000101806596,1.1368683772161603e-13,0
2025-04-12,greedy,formal_continuous_closed_loop,18058.750949245932,18058.750949245932,0.0,33983.00809509703,28899.86532128751,5083.142773809523,2643.1162379287316,0.0,0,0,3992.9713497670587,17310.302033333333,19234.60085261389,15580.026690617251,10800.0,10800.0,1867.1942490740742,10800.0,0.0002477999951224774,1.1368683772161603e-13,0
2025-04-13,greedy,formal_continuous_closed_loop,38305.56035841786,38305.56035841786,0.0,62892.10933303208,58036.78806874636,4855.321264285714,2554.5366614846826,0.0,0,0,3339.8694504997075,1557.5147330981772,19570.35087421506,15851.984208114198,10800.0,10800.0,1446.110051931218,10800.0,0.0003144999936921522,2.2737367544323206e-13,0
2025-04-14,greedy,formal_continuous_closed_loop,37985.95555329397,37985.95555329397,0.0,62673.324744714075,57776.03287090454,4897.291873809523,2531.341017247143,0.0,0,0,3976.0678179306315,2473.908300940626,19449.035925488555,15753.719099645736,10800.0,10800.0,1369.7124617460354,10800.0,0.0008038000087253749,1.1368683772161603e-13,0
2025-04-15,greedy,formal_continuous_closed_loop,38456.005002223326,38456.005002223326,0.0,63066.319048825564,58260.71501073032,4805.604038095238,2534.0684422264294,0.0,0,0,5834.984927042912,3651.723995767199,18106.217329905903,14666.036037223781,10800.0,10800.0,1482.920534391536,10800.0,0.00025090000417549163,1.1368683772161603e-13,0
2025-04-16,greedy,formal_continuous_closed_loop,38027.9087058627,38027.9087058627,0.0,62461.52561905137,57695.96285952756,4765.562759523809,2527.5670459911917,0.0,0,0,2480.351679702205,515.125866666667,19402.400645697362,15715.944523014861,10800.0,10800.0,1549.0327883597888,10800.0,0.000742000003810972,1.1368683772161603e-13,0
2025-04-17,greedy,formal_continuous_closed_loop,37945.83994895927,37945.83994895927,0.0,62202.97979448375,57198.25191829326,5004.7278761904745,2463.303325116707,0.0,0,0,3730.5224345535053,1933.1642576275606,19320.793433171966,15649.842680869291,10800.0,10800.0,1407.1860079365106,10800.0,0.00031519999902229756,2.2737367544323206e-13,0
2025-04-18,greedy,formal_continuous_closed_loop,17561.849917685882,17561.849917685882,0.0,33322.58443788793,28312.14215217364,5010.4422857142845,2411.131681844009,0.0,0,0,4303.889974603176,18904.77719171937,19788.421517010785,16028.621428778737,10800.0,10800.0,1908.981607142859,10800.0,0.0005724000075133517,1.1368683772161603e-13,0
2025-04-19,greedy,formal_continuous_closed_loop,17273.280662356286,17273.280662356286,0.0,32749.397890377953,27674.472085616046,5074.925804761904,2385.169605493533,0.0,0,0,4002.9728259259305,18148.979172130337,20067.192854324683,16254.426212003,10800.0,10800.0,1867.8774863458748,10800.0,0.0006528000085381791,1.1368683772161603e-13,0
2025-04-20,greedy,formal_continuous_closed_loop,37510.02849517279,37510.02849517279,0.0,61682.876440002256,56530.39846619273,5152.477973809523,2383.589678036667,0.0,0,0,3706.1527499376207,2251.0215610853047,19831.35392445262,16063.396678806617,10800.0,10800.0,1707.575373015874,10800.0,0.00031549998675473034,1.1368683772161603e-13,0
2025-04-21,greedy,formal_continuous_closed_loop,37728.44055688006,37728.44055688006,0.0,62098.610422082216,56862.33076493937,5236.279657142855,2373.56950155512,0.0,0,0,5283.823612110521,4780.552166666666,18512.232947219454,14994.908687247756,10800.0,10800.0,1565.4280396825418,10800.0,0.0006047000060789287,1.1368683772161603e-13,0
2025-04-22,greedy,formal_continuous_closed_loop,36998.07820421194,36998.07820421194,0.0,60396.5498802813,55264.38065409083,5132.1692261904755,2433.8269808015484,0.0,0,0,2862.018920899466,1793.16103183421,18886.529530952423,15298.088920071456,10800.0,10800.0,1699.918026507936,10800.0,0.000854600002639927,1.1368683772161603e-13,0
2025-04-23,greedy,formal_continuous_closed_loop,37321.571497071986,37321.571497071986,0.0,61523.39151484308,56308.537676747845,5214.853838095238,2435.674104277698,0.0,0,0,4569.755359318058,2032.3340166666667,18533.607485219472,15012.222063027777,10800.0,10800.0,1632.191084550267,10800.0,0.00023430000874213874,1.1368683772161603e-13,0
2025-04-24,greedy,formal_continuous_closed_loop,36842.86087796576,36842.86087796576,0.0,60468.35803597771,55280.35914550151,5187.998890476189,2462.771297855595,0.0,0,0,4635.364738095239,5290.7775868606695,18168.994794851587,14716.885783829784,10800.0,10800.0,1610.1855079365096,10800.0,0.0006226999976206571,1.1368683772161603e-13,0
2025-04-25,greedy,formal_continuous_closed_loop,16509.89427334058,16509.89427334058,0.0,31832.87188169868,26833.242276936773,4999.629604761905,2459.8182904588884,0.0,0,0,3572.226868058333,22486.131599999997,19863.977703370234,16089.821939729893,10800.0,10800.0,1639.6807884920681,10800.0,0.0007194000063464046,1.1368683772161603e-13,0
2025-04-26,greedy,formal_continuous_closed_loop,16537.966482436692,16537.966482436692,0.0,31901.057844114486,26872.035679828772,5029.022164285714,2441.1909205162697,0.0,0,0,3277.6642188418587,24741.162489735696,20063.35527475578,16251.317772552182,10800.0,10800.0,1522.8744523280461,10800.0,0.0005929000035393983,1.1368683772161603e-13,0
2025-04-27,greedy,formal_continuous_closed_loop,38655.82865268008,34909.03846157304,3746.7901911070308,57570.42504417277,52506.80444417277,5063.620599999999,2418.917842835833,537.0972177619024,1,1,2344.86604244562,3377.435338426125,20061.840514366348,16250.090816636748,10800.0,10800.0,1200.0,10800.0,0.0009373000066261739,1.1368683772161603e-13,0
2025-04-28,greedy,formal_continuous_closed_loop,53696.26747114878,35696.7785121998,17999.488958948983,58479.81328218926,53382.4752202845,5097.338061904762,2488.683076800357,2658.6642317142832,6,1,1235.152081274217,0.0,17270.305873487687,13988.947757525031,10800.0,10800.0,1200.0,10800.0,0.0003504000051179901,1.1368683772161603e-13,0
2025-04-29,greedy,formal_continuous_closed_loop,37929.04938166179,36194.059421318976,1734.9899603428103,59372.942906709315,53803.14362575693,5569.79928095238,2769.4947289727775,248.70842321427898,1,1,3402.289609141684,5424.47688911791,17693.005868407072,14331.334753409736,10800.0,10800.0,1200.0,10800.0,0.0007037000032141805,1.1368683772161603e-13,0
2025-04-30,greedy,formal_continuous_closed_loop,36130.639632902516,36130.639632902516,0.0,59090.43809259515,53504.15183783324,5586.286254761905,2786.6217159139273,0.0,0,0,4293.741297178129,3044.2861058493963,18397.664506496287,14902.10825026199,10800.0,10800.0,1483.2542645502647,10800.0,0.00023970000620465726,1.1368683772161603e-13,0
2025-05-01,greedy,formal_continuous_closed_loop,45268.12138638858,35866.998861478496,9401.122524910083,58257.78297497828,52667.65579640686,5590.127178571428,2787.1287026568652,1434.442648166667,7,1,1802.853920282187,3511.020390596361,20042.621972454785,16675.649460188375,10800.0,10309.860375,1200.0,10800.0,0.0002426999999443069,1.1368683772161603e-13,0
2025-05-02,greedy,formal_continuous_closed_loop,25792.86519430264,17244.411845841958,8548.453348460684,32626.39090787427,27116.372255493316,5510.018652380953,2942.4570009287295,1500.5350714285664,8,1,2240.7901928571423,13430.101851872994,21026.025643365097,16860.311792125736,10309.860375,10499.603685,1200.0,10800.0,0.0006166000093799084,1.1368683772161603e-13,0
2025-05-03,greedy,formal_continuous_closed_loop,22906.92388657596,17579.30593216539,5327.617954410571,33082.14277313742,27249.201068375514,5832.9417047619045,3172.1409154365074,1049.8134509047613,7,1,2751.9694833854137,18402.70808333333,20696.324133281247,16586.217125957817,10499.603685,10697.165265,1200.0,10800.0,0.00023929998860694468,1.1368683772161603e-13,0
2025-05-04,greedy,formal_continuous_closed_loop,43565.208523216534,37147.01007322366,6418.19844999287,60539.38468979237,54476.888892173316,6062.495797619047,3254.2240343076983,1028.2474690476208,8,1,3420.884506268193,3309.9203845019415,17185.835140718515,14083.675205981996,10697.165265,10515.888885,1200.0,10800.0,0.0002499000111129135,2.2737367544323206e-13,0
2025-05-05,greedy,formal_continuous_closed_loop,44791.836465974324,37422.486460827495,7369.350005146831,61295.95152624548,55030.57135243596,6265.3801738095235,3334.7771867550796,1099.7483866190473,5,2,2460.779390756423,924.2070442230074,20463.531909921614,16528.825232036506,10515.888885,10567.706235,1200.0,10800.0,0.00039089999336283654,1.1368683772161603e-13,0
2025-05-06,greedy,formal_continuous_closed_loop,42782.64981062996,37341.47292905512,5441.176881574844,60672.03433855496,54081.88122903115,6590.153109523808,3351.258947767302,874.1485260476171,8,1,2163.87931601999,2998.073283333333,19452.437034645194,15938.289136062613,10567.706235,10365.689415,1200.0,10800.0,0.0005188999930396676,2.2737367544323206e-13,0
2025-05-07,greedy,formal_continuous_closed_loop,45733.50096221795,38111.65103005844,7621.8499321595045,62069.38658636241,55045.164767314796,7024.221819047619,3290.511281549404,1133.0659845714295,6,2,1874.9689611156105,2352.2292558156023,19512.303268434844,15604.894864432219,10365.689415,10587.990285,1200.0,10800.0,0.00024220001068897545,2.2737367544323206e-13,0
2025-05-08,greedy,formal_continuous_closed_loop,41409.27388036388,41409.27388036388,0.0,65315.703019545,57988.148948116424,7327.554071428571,3296.268201040039,0.0,0,0,4658.94544763175,1176.1358634332805,18227.897710420886,14573.788401940921,10587.990285,10800.0,1622.0465000000008,10800.0,0.0005428000004030764,1.1368683772161603e-13,0
2025-05-09,greedy,formal_continuous_closed_loop,21080.839563201363,21080.839563201363,0.0,36972.76041320311,29467.640296536447,7505.120116666666,3302.3346909220236,0.0,0,0,5917.941217078191,18851.870199368925,19492.43761450526,15788.874467749269,10800.0,10800.0,2133.478349432033,10800.0,0.000567600000067614,1.1368683772161603e-13,0
2025-05-10,greedy,formal_continuous_closed_loop,20976.847430508667,20976.847430508667,0.0,36680.3256406522,29377.506638271243,7302.819002380952,3338.5334529040474,0.0,0,0,5479.228046825396,15412.067128142044,19305.18517027065,15637.19998791923,10800.0,10800.0,2048.5534688992702,10800.0,0.0005504000000655651,1.1368683772161603e-13,0
2025-05-11,greedy,formal_continuous_closed_loop,41667.62031042811,41667.62031042811,0.0,66116.489247388,58487.95165691183,7628.5375904761895,3261.133009974206,0.0,0,0,5246.949917842442,2073.7981333333328,17429.800594099503,14118.138481220598,10800.0,10800.0,1658.997566137566,10800.0,0.00033070000063162297,1.1368683772161603e-13,0
2025-05-12,greedy,formal_continuous_closed_loop,41866.76463629457,41866.76463629457,0.0,66700.09981404469,58930.488916425624,7769.610897619046,3195.985649071588,0.0,0,0,8220.884169779383,3630.5736559113884,15354.982921160916,12437.536166140346,10800.0,10800.0,1931.484285714289,10800.0,0.000893999997060746,1.5276668818842154e-13,0
2025-05-13,greedy,formal_continuous_closed_loop,41888.044115324796,41888.044115324796,0.0,66739.80621830004,58870.03807544291,7869.768142857141,3201.7492765605166,0.0,0,0,7509.483455114313,2800.13727084101,17373.540661463514,14072.567935785448,10800.0,10800.0,1700.3009259259272,10800.0,0.000665700004901737,1.1368683772161603e-13,0
2025-05-14,greedy,formal_continuous_closed_loop,42142.23124684211,42142.23124684211,0.0,67000.44446254158,59161.372241113,7839.072221428569,3218.5113092927786,0.0,0,0,7805.919829337907,2950.8315011735544,16997.60183524619,13768.05748654942,10800.0,10800.0,2052.3804788359826,10800.0,0.0002506000018911436,1.1368683772161603e-13,0
2025-05-15,greedy,formal_continuous_closed_loop,41532.48771684821,41532.48771684821,0.0,65987.96025596315,58166.587796439344,7821.372459523807,3237.8540732142073,0.0,0,0,6974.293365451698,2965.46412467176,17279.7078026651,13996.563320158732,10800.0,10800.0,2325.2425158730157,10800.0,0.0007112000021152198,1.2789769243681803e-13,0
2025-05-16,greedy,formal_continuous_closed_loop,20667.906256291157,20667.906256291157,0.0,36089.61964234847,28239.1318113961,7850.487830952379,3258.913887344921,0.0,0,0,5944.216199323929,23868.930449166255,18741.928739605057,15180.962279080091,10800.0,10800.0,2436.676124249632,10800.0,0.0008741000056033954,1.1368683772161603e-13,0
2025-05-17,greedy,formal_continuous_closed_loop,20731.30632743245,20731.30632743245,0.0,36413.69398336865,28657.179826225794,7756.514157142858,3322.310875460754,0.0,0,0,5261.840738667936,16960.702116666667,19696.589708951105,15954.237664250397,10800.0,10800.0,1933.6426772486768,10800.0,0.0009218000050168484,1.1368683772161603e-13,0
2025-05-18,greedy,formal_continuous_closed_loop,41023.7620016313,41023.7620016313,0.0,64617.086879205584,56731.41501491987,7885.671864285714,3373.748891221984,0.0,0,0,6261.752577395648,1396.4929166666666,17277.22781654353,13994.55453140026,10800.0,10800.0,2152.7717883597898,10800.0,0.00024590000975877047,1.1368683772161603e-13,0
2025-05-19,greedy,formal_continuous_closed_loop,40515.20317235237,40457.2454356857,57.95773666666763,64240.90443032802,56251.37195413754,7989.532476190476,3389.725063028769,8.593333333333476,1,1,7150.094400117578,6419.461500000001,16656.44901865146,13491.723705107683,10800.0,10800.0,1619.1120396825404,10800.0,0.000755899993237108,1.1368683772161603e-13,0
2025-05-20,greedy,formal_continuous_closed_loop,40124.34334441177,40124.34334441177,0.0,63477.08920440144,55535.960687734776,7941.128516666667,3405.099198673055,0.0,0,0,4888.308684097585,846.1923499999998,16922.070282301014,13706.876928663823,10800.0,10800.0,1771.9732804232763,10800.0,0.0003966999938711524,1.4210854715202004e-13,0
2025-05-21,greedy,formal_continuous_closed_loop,40435.4719151802,40435.4719151802,0.0,64026.08839084242,55961.611897985276,8064.476492857144,3383.2391394845226,0.0,0,0,4939.905176722524,4701.68298162551,15904.657627163439,12882.772678002384,10800.0,10800.0,1910.7782883597872,10800.0,0.0007926999969640747,1.7763568394002505e-13,0
2025-05-22,greedy,formal_continuous_closed_loop,39763.77666865742,39763.77666865742,0.0,62952.77165795244,54819.84415319053,8132.927504761905,3372.74332365492,0.0,0,0,5387.11322789776,3513.931826043513,17026.819933392115,13791.724146047614,10800.0,10800.0,1719.1240963227522,10800.0,0.0006456999981310219,2.2737367544323206e-13,0
2025-05-23,greedy,formal_continuous_closed_loop,20604.50056839885,20604.50056839885,0.0,36151.99696270986,28030.506419852725,8121.490542857142,3371.825810806984,0.0,0,0,6617.732629864783,19312.55108226968,20004.022985484582,16203.258618242511,10800.0,10800.0,1666.6263161855693,10800.0,0.0008609999931650236,1.1368683772161603e-13,0
2025-05-24,greedy,formal_continuous_closed_loop,21162.81971982473,21162.81971982473,0.0,36856.57805296801,28644.570255348965,8212.007797619048,3327.570902364643,0.0,0,0,7120.598016754853,22378.543881765327,18962.814584813146,15359.879813698653,10800.0,10800.0,2105.4419150173685,10800.0,0.0007470999989891425,1.1368683772161603e-13,0
2025-05-25,greedy,formal_continuous_closed_loop,40137.428681103134,40137.428681103134,0.0,63607.637107281334,55290.88521680514,8316.75189047619,3268.3231802429773,0.0,0,0,6573.081517254556,5381.884716161555,16356.108897536265,13248.448207004378,10800.0,10800.0,1765.0352830687843,10800.0,0.000258700005360879,1.1368683772161603e-13,0
2025-05-26,greedy,formal_continuous_closed_loop,39802.41693028569,39802.41693028569,0.0,62412.14253299028,54103.553966323605,8308.588566666665,3274.6073700758343,0.0,0,0,4275.134600987408,0.0,18721.97358948878,15164.798607485913,10800.0,10800.0,2086.222510291006,10800.0,0.0007217000093078241,1.5187850976872141e-13,0
2025-05-27,greedy,formal_continuous_closed_loop,40695.056803155676,40695.056803155676,0.0,63910.61001446342,55388.48157160627,8522.128442857143,3359.6197785773006,0.0,0,0,6745.305187605981,4664.488857436798,16370.782470634917,13260.333801214285,10800.0,10800.0,1869.2518968253994,10800.0,0.00041969999438151717,1.1368683772161603e-13,0
2025-05-28,greedy,formal_continuous_closed_loop,40122.01598108336,40122.01598108336,0.0,63096.211204979496,54678.83294783664,8417.378257142858,3409.006403592697,0.0,0,0,5167.907460552615,2174.596618992925,18315.173818073505,14835.290792639542,10800.0,10800.0,1861.5985899470897,10800.0,0.0002542000001994893,1.1368683772161603e-13,0
2025-05-29,greedy,formal_continuous_closed_loop,39481.598580840815,39481.598580840815,0.0,62435.15183180275,54245.6555841837,8189.4962476190485,3260.3096393546025,0.0,0,0,3663.8583627865964,1159.3382319728335,18430.693352859616,14928.861615816293,10800.0,10800.0,1732.4204470899458,10800.0,0.0003220999933546409,2.2737367544323206e-13,0
2025-05-30,greedy,formal_continuous_closed_loop,20628.76659140298,20628.76659140298,0.0,36234.91679591559,27792.947469725117,8441.969326190476,3143.046539862262,0.0,0,0,6053.325382010586,19920.325109272628,19289.647568240594,15624.614530274881,10800.0,10800.0,2081.860345488226,10800.0,0.00027709999994840473,1.1368683772161603e-13,0
2025-05-31,greedy,formal_continuous_closed_loop,20921.658307418464,20921.658307418464,0.0,36627.482575877715,28065.137680639615,8562.344895238097,3116.8688859338095,0.0,0,0,6714.0018304820715,17734.754036915452,19944.974518316758,16155.429359836577,10800.0,10800.0,1517.1631232239104,10800.0,0.0007018000032985583,1.1368683772161603e-13,0
2025-06-01,greedy,formal_continuous_closed_loop,98091.74819364582,40747.305282975605,57344.4429106702,64470.60957356676,55942.53921166199,8528.070361904762,3091.450233253849,8532.128763428573,16,2,26.356100000000197,0.0,12872.505734185965,11120.949797190631,10800.0,10028.644274999999,1200.0,10800.0,0.000345499996910803,1.1368683772161603e-13,0
2025-06-02,greedy,formal_continuous_closed_loop,80532.41310383998,41741.525254869535,38790.88784897044,66713.46153391639,58005.8045624878,8707.656971428572,3801.5270185602767,5789.315348047614,13,1,130.50100714285713,0.0,19389.362459584932,15657.894034763802,10028.644274999999,10081.410450000001,1200.0,10081.410450000001,0.00025999998615588993,1.1368683772161603e-13,0
2025-06-03,greedy,formal_continuous_closed_loop,66705.9960757367,43140.270924580545,23565.72515115614,68818.83643625505,59381.15820530266,9437.67823095238,4335.3198329473,3555.6692127665206,13,2,284.5143230215722,0.0,19452.617766666666,15554.993274000002,10081.410450000001,10305.44058,1200.0,10305.44058,0.0005001999961677939,2.2737367544323206e-13,0
2025-06-04,greedy,formal_continuous_closed_loop,60650.91935928102,44240.824749153646,16410.094610127366,70649.31823552851,60616.42786171899,10032.890373809521,4425.744800588174,2483.260432047617,11,3,35.472916666666606,0.0,18605.2121775937,15153.367243350898,10305.44058,10213.056824999998,1200.0,10305.44058,0.0006945000059204176,1.1368683772161603e-13,0
2025-06-05,greedy,formal_continuous_closed_loop,59316.739284257186,45869.898724560924,13446.840559696266,72931.54729567509,62541.97726472271,10389.570030952382,4667.602515098095,1996.7764417657204,11,3,83.32102619047612,0.0,20448.91175833513,16753.227063751456,10213.056824999998,10002.38067,1200.0,10466.17883777778,0.0005544000014197081,2.2737367544323206e-13,0
2025-06-06,greedy,formal_continuous_closed_loop,41984.68009269515,23193.097934749632,18791.58215794551,39961.239239067996,28906.505922401324,11054.733316666667,4623.069104473253,3075.8854614081924,16,3,3150.5489357142856,4706.928380952381,20983.654259523806,16659.002275714287,10002.38067,10377.666974999998,1200.0,10800.0,0.0005745999951614067,1.1368683772161603e-13,0
2025-06-07,greedy,formal_continuous_closed_loop,33218.788175156704,24080.411070672944,9138.37710448376,41261.102994849396,29341.487437706535,11919.615557142859,4950.25655933595,1388.744205857142,5,2,3433.372432971037,4168.696266666667,20784.978983695626,16863.71364929346,10377.666974999998,10346.688450000001,1200.0,10800.0,0.0006351000047288835,1.1368683772161603e-13,0
2025-06-08,greedy,formal_continuous_closed_loop,57042.323109163975,57042.323109163975,0.0,89298.21156648526,76333.58121172336,12964.630354761905,4699.108273285831,0.0,0,0,19262.595157121068,1395.5091166666662,16037.913847530852,12582.729821499997,10346.688450000001,10800.0,2162.782539682542,10800.0,0.0007172000041464344,1.1368683772161603e-13,0
2025-06-09,greedy,formal_continuous_closed_loop,56133.943980384916,56133.943980384916,0.0,87752.67824051145,74785.5406476543,12967.137592857143,4708.115893179443,0.0,0,0,12482.705607442671,832.810715902409,18444.46938859494,14940.020204761902,10800.0,10800.0,1864.4825291005313,10800.0,0.0010233999928459525,1.5276668818842154e-13,0
2025-06-10,greedy,formal_continuous_closed_loop,56233.60293760942,56233.60293760942,0.0,87904.20962182472,75081.02197658662,12823.187645238095,4751.613121029881,0.0,0,0,12478.356880407904,337.92801666666617,18260.423639035864,14790.943147619048,10800.0,10800.0,2061.9931851851848,10800.0,0.0006584999937331304,1.1368683772161603e-13,0
2025-06-11,greedy,formal_continuous_closed_loop,56621.692495360236,56621.692495360236,0.0,88954.10311748687,76160.18881748687,12793.9143,4777.29769160722,0.0,0,0,8846.467711258085,0.0,21174.679418747965,17151.490329185854,10800.0,10800.0,1283.2107499735446,10800.0,0.0003378999972483143,2.2737367544323206e-13,0
2025-06-12,greedy,formal_continuous_closed_loop,57700.90638861903,57700.90638861903,0.0,89990.571036829,77083.20264873377,12907.368388095238,4783.472884070317,0.0,0,0,13741.326774397414,358.2286666666665,18098.021907534705,14659.397745103113,10800.0,10800.0,2377.3658941798953,10800.0,0.0008178999996744096,1.1368683772161603e-13,0
2025-06-13,greedy,formal_continuous_closed_loop,30513.57937212477,30513.57937212477,0.0,48962.90201590694,36028.963973049795,12933.938042857142,4766.147983198888,0.0,0,0,9848.298013521462,7205.279086775173,18757.95376637003,15193.942550759726,10800.0,10800.0,2314.487274526226,10800.0,0.0010611000034259632,1.1368683772161603e-13,0
2025-06-14,greedy,formal_continuous_closed_loop,30716.77612221756,30716.77612221756,0.0,49273.915704714185,36166.74083090466,13107.174873809523,4697.58678314115,0.0,0,0,10265.269316784244,9386.376559964607,18046.984620870193,14618.057542904859,10800.0,10800.0,2699.2782879629654,10800.0,0.0002432000037515536,1.1368683772161603e-13,0
2025-06-15,greedy,formal_continuous_closed_loop,57499.932099373575,57499.932099373575,0.0,89420.75884556302,76348.86864318207,13071.890202380953,4701.117371921585,0.0,0,0,15368.95228959595,146.44399999999996,17254.674855967074,13976.286633333333,10800.0,10800.0,2398.679063492066,10800.0,0.0002514999941922724,1.1368683772161603e-13,0
2025-06-16,greedy,formal_continuous_closed_loop,58046.412982941794,58046.412982941794,0.0,90210.67711410989,77183.9844283956,13026.692685714286,4713.491057911546,0.0,0,0,13907.745545359456,107.1111457051745,18430.35582304526,14928.588216666665,10800.0,10800.0,2307.632656084657,10800.0,0.0007626000005984679,1.1368683772161603e-13,0
2025-06-17,greedy,formal_continuous_closed_loop,57543.9447063351,57508.93384966843,35.010856666667785,89736.92145604783,76745.30604414307,12991.615411904762,4710.259314540751,5.193333333333499,1,1,11466.368951851862,82.02935000000014,18719.501425592938,15162.796154730286,10800.0,10800.0,2010.8108597883609,10800.0,0.00045989999489393085,2.2737367544323206e-13,0
2025-06-18,greedy,formal_continuous_closed_loop,58734.119834425124,58734.119834425124,0.0,91259.9283181543,78046.76098720194,13213.167330952383,4588.671856838133,0.0,0,0,17178.424642786886,88.67290000000003,16128.630922986478,13064.19104761905,10800.0,10800.0,2196.5034312169346,10800.0,0.000538699998287484,1.1368683772161603e-13,0
2025-06-19,greedy,formal_continuous_closed_loop,58077.92906518227,58077.524575182266,0.40448999999963214,90227.82080805782,77027.75965567687,13200.061152380953,4595.191839188927,0.05999999999994543,1,1,17026.164884947015,1556.9697499999997,17817.06301637272,14431.821043261905,10800.0,10800.0,1978.0173888888894,10800.0,0.0005858000076841563,1.1368683772161603e-13,0
2025-06-20,greedy,formal_continuous_closed_loop,29980.431223137133,29980.431223137133,0.0,47876.34237375091,34798.67635708424,13077.666016666668,4677.129226303054,0.0,0,0,10656.329377219285,11415.11687494233,17917.448797838384,14513.133526249094,10800.0,10800.0,2823.3015803052385,10800.0,0.00026980000257026404,1.1368683772161603e-13,0
2025-06-21,greedy,formal_continuous_closed_loop,30156.488819077487,30156.488819077487,0.0,48504.03960433393,35444.70299004821,13059.336614285716,4692.0582818054345,0.0,0,0,11775.007060552616,13864.532277954877,18577.683504349647,15047.923638523216,10800.0,10800.0,2258.250520159387,10800.0,0.0006952999974600971,1.1368683772161603e-13,0
2025-06-22,greedy,formal_continuous_closed_loop,56046.67339726391,56046.67339726391,0.0,87436.28180587375,74405.19622015946,13031.085585714289,4712.525094448132,0.0,0,0,16056.952292028956,773.7668499999999,16569.587178130507,13421.365614285714,10800.0,10800.0,1959.771949735452,10800.0,0.0002494999935152009,1.1368683772161603e-13,0
2025-06-23,greedy,formal_continuous_closed_loop,55965.499041070594,55965.499041070594,0.0,87301.87642648337,74284.07062410243,13017.805802380954,4720.456729174759,0.0,0,0,15592.842368282325,1364.8030000000006,17278.658201058195,13995.713142857143,10800.0,10800.0,2177.396037037038,10800.0,0.00023409999266732484,1.1368683772161603e-13,0
2025-06-24,greedy,formal_continuous_closed_loop,56056.37201679924,55433.494663900434,622.877352898808,86240.78777669225,73242.79265764463,12997.99511904762,4743.433991920752,129.3906738095235,3,1,6153.387284420938,0.0,20778.941663583384,16830.942747502544,10800.0,10800.0,1200.0,10800.0,0.0010067000112030655,1.1368683772161603e-13,0
2025-06-25,greedy,formal_continuous_closed_loop,55542.51914342656,55542.51914342656,0.0,86549.86595626369,73144.81342293035,13405.052533333333,4681.207494807181,0.0,0,0,12508.733672413608,218.43108333333316,17817.26228342151,14431.982449571431,10800.0,10800.0,2126.3241084656106,10800.0,0.0007419000030495226,1.7053025658242404e-13,0
2025-06-26,greedy,formal_continuous_closed_loop,55833.164877736664,55833.164877736664,0.0,86797.79607669837,73662.08831717455,13135.70775952381,4794.534746971467,0.0,0,0,15347.52219421748,461.8820166666667,18110.568592004704,14669.560559523808,10800.0,10800.0,2037.8865423280415,10800.0,0.001119799999287352,1.1368683772161603e-13,0
2025-06-27,greedy,formal_continuous_closed_loop,28841.141203624087,28841.141203624087,0.0,46623.29965486439,33487.73828343582,13135.561371428572,4788.186215131586,0.0,0,0,10412.77237123176,12825.898566666667,19015.699212101572,15402.716361802275,10800.0,10800.0,2187.431785378423,10800.0,0.000665100000333041,1.1368683772161603e-13,0
2025-06-28,greedy,formal_continuous_closed_loop,28719.466009170534,28719.466009170534,0.0,46856.668101468196,33826.85687765867,13029.811223809524,4791.671331029602,0.0,0,0,9678.307330188125,11880.515265833747,18531.15467778765,15010.235289007993,10800.0,10800.0,2554.869472821802,10800.0,0.00024280000070575625,1.1368683772161603e-13,0
2025-06-29,greedy,formal_continuous_closed_loop,55066.14926351918,55066.14926351918,0.0,86184.2712734869,73188.07310205832,12996.198171428572,4759.210906809721,0.0,0,0,13393.43549885433,57.480400000000145,18239.930743680183,14774.343902380951,10800.0,10800.0,2179.803613756615,10800.0,0.00024280000070575625,2.2737367544323206e-13,0
2025-06-30,greedy,formal_continuous_closed_loop,55648.198096787484,55648.198096787484,0.0,86693.87633978148,73666.86139454338,13027.014945238096,4763.395536869324,0.0,0,0,13180.86304961129,154.73506666666628,18318.917053527337,14838.32281335714,10800.0,10800.0,2133.416486772489,10800.0,0.000996499991742894,1.5276668818842154e-13,0
2025-07-01,greedy,formal_continuous_closed_loop,60825.989568942176,56127.208129442224,4698.781439499951,87549.69229103794,74481.1053529427,13068.586938095239,4769.063415307936,756.914322547619,12,5,5630.267112941522,185.42713333333313,20829.63290514403,17205.264571166663,10800.0,10429.70898,1200.0,10800.0,0.00024029999622143805,2.2737367544323206e-13,0
2025-07-02,greedy,formal_continuous_closed_loop,58796.341312645796,53801.92878173876,4994.412530907035,84529.75973265764,72386.3801398005,12143.379592857144,4852.315540049167,779.1091677619029,15,2,7292.6225770723095,1254.4625166666672,20538.135939546908,16681.118499532997,10429.70898,10379.455215,1200.0,10800.0,0.0006756000075256452,2.2737367544323206e-13,0
2025-07-03,greedy,formal_continuous_closed_loop,65276.64881556967,52555.538027529874,12721.110788039798,82519.71954590306,70947.12233161734,11572.597214285714,4811.755584762897,2153.059905407525,21,5,684.2341535307532,0.0,21924.17290761317,17696.04654316667,10379.455215,10448.936895,1200.0,10800.0,0.0007015000010142103,2.2737367544323206e-13,0
2025-07-04,greedy,formal_continuous_closed_loop,42949.184787642705,26846.981864763096,16102.202922879604,44482.83346062778,32948.210174913496,11534.623285714286,4994.552136729166,3443.937807753166,20,3,3447.1809933568493,11784.946376190477,20931.564761405054,17117.788329238094,10448.936895,10267.580370000001,1200.0,10800.0,0.0006016999977873638,1.1368683772161603e-13,0
2025-07-05,greedy,formal_continuous_closed_loop,44806.11298389644,26869.576215331483,17936.53676856496,45001.090558768024,33422.33338733945,11578.757171428571,4975.596823782063,3405.8938103748237,20,3,3226.5453547619045,12216.950742857145,21066.366807142855,16892.95850228572,10267.580370000001,10457.356604999999,1200.0,10800.0,0.0006938000005902722,1.1368683772161603e-13,0
2025-07-06,greedy,formal_continuous_closed_loop,80996.59038175276,50568.24221845308,30428.34816329967,79377.80984098585,67722.2363386049,11655.573502380952,4912.504035782937,4513.9193371401925,16,1,610.7421615487316,0.0,19500.197866196355,16013.192399619042,10457.356604999999,10215.098684999999,1200.0,10473.06606648148,0.0004972000024281442,2.2737367544323206e-13,0
2025-07-07,greedy,formal_continuous_closed_loop,56291.04922634298,50111.81627454565,6179.232951797334,78786.10910134703,66887.79363944227,11898.31546190476,4746.059161942659,982.9177824523808,13,3,2171.8296606407957,146.61675000000014,20239.71398416815,16198.616277676198,10215.098684999999,10432.378740000002,1200.0,10800.0,0.00024680000205989927,2.2737367544323206e-13,0
2025-07-08,greedy,formal_continuous_closed_loop,59523.02335414243,59514.47324569005,8.55010845238176,92796.17993279327,80875.24648041232,11920.93345238095,4438.170494052896,1.2698809523810723,1,1,11391.653161357655,1768.6296333333335,19657.47825467371,15591.698252285716,10432.378740000002,10800.0,2241.3753571428606,10800.0,0.000425199992605485,1.1368683772161603e-13,0
2025-07-09,greedy,formal_continuous_closed_loop,59021.26249852718,59021.26249852718,0.0,91613.3139376012,79644.02950902976,11969.284428571427,4434.904506940675,0.0,0,0,13108.212516607877,1026.1783810405682,18001.042227821483,14580.844204535402,10800.0,10800.0,2567.460156084657,10800.0,0.0006170999986352399,2.2737367544323206e-13,0
2025-07-10,greedy,formal_continuous_closed_loop,59729.37125797008,59729.37125797008,0.0,92294.13744148675,80363.64414862961,11930.493292857142,4458.875050226587,0.0,0,0,14389.833695249252,1672.0216648148166,17782.41420047031,14403.755502380951,10800.0,10800.0,2223.3572195767197,10800.0,0.00041199999395757914,1.1368683772161603e-13,0
2025-07-11,greedy,formal_continuous_closed_loop,34311.766328988844,34311.766328988844,0.0,55126.64299067941,43248.658335917506,11877.984654761905,4479.774366942857,0.0,0,0,9279.885132304527,9846.133992725907,18325.509029731467,14843.662314082494,10800.0,10800.0,2790.900716931218,10800.0,0.0006802999996580184,1.1368683772161603e-13,0
2025-07-12,greedy,formal_continuous_closed_loop,34180.40410921958,34180.40410921958,0.0,55144.83860375941,43185.61027994989,11959.22832380952,4454.7564859225,0.0,0,0,8528.298570135215,12155.28370858011,17773.752587951338,14396.739596240586,10800.0,10800.0,2660.6730476190496,10800.0,0.00032140000257641077,1.1368683772161603e-13,0
2025-07-13,greedy,formal_continuous_closed_loop,59504.5537176838,59493.19795864214,11.355759041668101,92349.52734328894,80262.58119328895,12086.946149999998,4387.450220445437,1.68921666666688,1,1,15497.092216917328,4391.521499161444,16815.170757246553,13620.288313369703,10800.0,10800.0,2497.4125264550266,10800.0,0.0006049999938113615,1.4210854715202004e-13,0
2025-07-14,greedy,formal_continuous_closed_loop,58399.73643317652,58399.73643317652,0.0,91050.01088425552,79148.09987711266,11901.911007142855,4344.417517699326,0.0,0,0,14140.607723104058,1949.3658969429753,16591.358144956983,13439.000097415159,10800.0,10800.0,2304.8601269841283,10800.0,0.0002621999883558601,2.2737367544323206e-13,0
2025-07-15,greedy,formal_continuous_closed_loop,58535.00196652431,58535.00196652431,0.0,90700.84935012928,78794.440714415,11906.408635714282,4292.775918274605,0.0,0,0,14388.150087242793,472.0048500000005,16271.809629227164,13180.165799674007,10800.0,10800.0,2654.981023809525,10800.0,0.0007848999957786873,1.1368683772161603e-13,0
2025-07-16,greedy,formal_continuous_closed_loop,57807.83405364512,57807.83405364512,0.0,89721.82633301965,77767.49013540059,11954.336197619046,4373.80398421881,0.0,0,0,12950.8187579659,1405.8918666666664,17002.906973967067,13772.354648913328,10800.0,10800.0,2373.6953835978834,10800.0,0.0002854999911505729,2.2737367544323206e-13,0
2025-07-17,greedy,formal_continuous_closed_loop,57657.923455521435,57657.923455521435,0.0,89222.0675821017,77355.34345114933,11866.72413095238,4445.885476039088,0.0,0,0,11576.444716960612,1523.1019333333331,17905.815079689997,14503.710214548899,10800.0,10800.0,2634.9992433862444,10800.0,0.00042570001096464694,1.1368683772161603e-13,0
2025-07-18,greedy,formal_continuous_closed_loop,33605.18820445317,33605.18820445317,0.0,54489.36480390252,42592.98716104538,11896.377642857142,4309.550831768969,0.0,0,0,8970.89432701352,10986.909568956667,17143.751620696476,13886.43881276414,10800.0,10800.0,2882.5285476190484,10800.0,0.0007279999990714714,1.5187850976872141e-13,0
2025-07-19,greedy,formal_continuous_closed_loop,33872.7797764174,33872.7797764174,0.0,54738.65519584145,42560.967007746214,12177.688188095235,4292.476615862937,0.0,0,0,8985.334979306288,15243.184042955347,17512.195387262167,14184.878263682356,10800.0,10800.0,2677.9278994709002,10800.0,0.0010221000120509416,1.1368683772161603e-13,0
2025-07-20,greedy,formal_continuous_closed_loop,57494.43903554366,57494.43903554366,0.0,88535.96628321864,76358.03560940911,12177.930673809522,4299.661203891429,0.0,0,0,11883.01713289241,1344.713816666667,16938.195352594204,13719.938235601303,10800.0,10800.0,2617.439002645502,10800.0,0.00025019999884534627,1.1368683772161603e-13,0
2025-07-21,greedy,formal_continuous_closed_loop,58657.380632682616,58657.380632682616,0.0,90477.39476484801,78134.57489580038,12342.819869047617,4246.4479516935335,0.0,0,0,12296.936022957081,937.9015264550281,17120.0413970311,13867.233531595193,10800.0,10800.0,2714.783264550265,10800.0,0.00024410001060459763,1.1368683772161603e-13,0
2025-07-22,greedy,formal_continuous_closed_loop,58029.83055840958,58029.83055840958,0.0,89808.30848165134,77343.88005784183,12464.42842380952,4202.715991152303,0.0,0,0,12041.005010523219,723.8507,17096.358707691885,13848.05055323043,10800.0,10800.0,2348.7782354497385,10800.0,0.0005432000034488738,1.7053025658242404e-13,0
2025-07-23,greedy,formal_continuous_closed_loop,58642.66972044678,58642.66972044678,0.0,90867.62583455862,78355.13153455863,12512.494299999997,4207.61200108766,0.0,0,0,11593.317851587297,1559.2720889182829,18413.09882834937,14914.61005096299,10800.0,10800.0,2462.586949735448,10800.0,0.0006220999930519611,1.1368683772161603e-13,0
2025-07-24,greedy,formal_continuous_closed_loop,58525.94521774065,58525.94521774065,0.0,90616.45040767934,78073.24547434601,12543.204933333329,4211.436809933018,0.0,0,0,12908.307259141684,982.7718333333332,16362.627974759655,13253.728659555323,10800.0,10800.0,2571.264232804234,10800.0,0.0007169000018620864,1.1368683772161603e-13,0
2025-07-25,greedy,formal_continuous_closed_loop,33386.067688411,33386.067688411,0.0,54084.03373912489,41829.664005791565,12254.369733333331,4071.596640023135,0.0,0,0,9845.375786743089,14393.38061026589,17578.7251339434,14238.767358494151,10800.0,10800.0,2805.8945237830667,10800.0,0.0007640000112587586,1.1368683772161603e-13,0
2025-07-26,greedy,formal_continuous_closed_loop,33955.95726233352,33955.95726233352,0.0,54784.324456613205,42658.5197018513,12125.804754761903,4056.1954293198405,0.0,0,0,9988.101862169315,12970.724756613203,17665.296164021165,14308.88989285714,10800.0,10800.0,2740.700584656084,10800.0,0.0004422999918460846,1.1368683772161603e-13,0
2025-07-27,greedy,formal_continuous_closed_loop,57615.687661676224,57615.687661676224,0.0,89385.28194028982,77247.34664505172,12137.935295238094,4086.898890654445,0.0,0,0,11317.455774064072,654.0590333333334,19624.09122574956,15895.513892857143,10800.0,10800.0,2026.7269497354498,10800.0,0.0003012000088347122,1.1368683772161603e-13,0
2025-07-28,greedy,formal_continuous_closed_loop,57691.70262311742,57691.70262311742,0.0,89552.84762162433,77327.49473591003,12225.352885714285,4134.478453481944,0.0,0,0,7991.081202469146,0.0,18983.627293799254,15376.738107977399,10800.0,10800.0,2508.7473324060634,10800.0,0.0006597000028705224,2.2737367544323206e-13,0
2025-07-29,greedy,formal_continuous_closed_loop,58869.750635514974,58869.750635514974,0.0,91543.8868544694,79073.0698044694,12470.81705,4099.266264956825,0.0,0,0,11657.439098061415,397.3654666666664,17999.138630217516,14579.302290476191,10800.0,10800.0,2393.4395740740765,10800.0,0.0007148000004235655,1.1368683772161603e-13,0
2025-07-30,greedy,formal_continuous_closed_loop,59225.44077745298,59225.44077745298,0.0,92032.76814036499,79546.76180703167,12486.006333333331,4123.639435024681,0.0,0,0,12574.410931011176,1880.9367999999997,18285.086101862238,14810.919742508418,10800.0,10800.0,2682.4345740740764,10800.0,0.0009314000053564087,2.2737367544323206e-13,0
2025-07-31,greedy,formal_continuous_closed_loop,58712.75764022862,58712.75764022862,0.0,91561.4883066234,79078.65943281387,12482.828873809522,4067.496652938214,0.0,0,0,12543.839459758967,843.0444833333333,18313.726825602345,14834.118728737896,10800.0,10800.0,2263.199947089947,10800.0,0.0008582000009482726,2.2737367544323206e-13,0
2025-08-01,greedy,formal_continuous_closed_loop,32892.11768292544,32892.11768292544,0.0,53344.86986262881,41654.92411977166,11689.945742857144,4407.55177447242,0.0,0,0,9337.893910141098,19384.530671234854,17742.555866243092,14371.470251656907,10800.0,10800.0,2537.7849700264587,10800.0,0.0002629000082379207,1.1368683772161603e-13,0
2025-08-02,greedy,formal_continuous_closed_loop,32133.543242735395,32133.543242735395,0.0,52306.95465232722,41788.37046899389,10518.584183333332,4861.965758465753,0.0,0,0,8659.19908700764,19297.018609470084,18019.536960611404,14595.82493809524,10800.0,10800.0,2247.4118458994717,10800.0,0.0002460999967297539,1.1368683772161603e-13,0
2025-08-03,greedy,formal_continuous_closed_loop,55445.87204955134,55182.824243412055,263.0478061392851,86288.46622880522,77004.60736690045,9283.858861904762,4933.815809295157,39.03939523809515,2,1,13881.734399882422,6405.834016666666,16844.51170611004,13644.054481949132,10800.0,10800.0,1495.199436507937,10800.0,0.0007222999993246049,1.1368683772161603e-13,0
2025-08-04,greedy,formal_continuous_closed_loop,53779.82042243779,53660.66876577112,119.15165666666624,83773.35558807431,75402.37329997907,8370.982288095238,4811.136720297698,17.6966666666666,1,1,10913.290117695471,4289.982083333333,16695.394580941254,13523.26961056242,10800.0,10800.0,1769.3792962962968,10800.0,0.0009734999912325293,1.1368683772161603e-13,0
2025-08-05,greedy,formal_continuous_closed_loop,52366.5499794162,52305.71696248406,60.83301693214246,81315.96637201101,73594.83327915389,7721.133092857141,4404.89901265365,9.030359523809466,1,1,8876.622035038205,4090.981488771313,16868.86039153674,13663.77691714476,10800.0,10800.0,1949.3576825396826,10800.0,0.0002347000117879361,1.1368683772161603e-13,0
2025-08-06,greedy,formal_continuous_closed_loop,50965.21145899441,50965.21145899441,0.0,79215.82925329599,72364.93511996265,6850.894133333331,3594.2990238888888,0.0,0,0,5387.267368753673,2277.0461333333333,18090.08676074903,14652.970276206712,10800.0,10800.0,1476.3256347089946,10800.0,0.0006851000071037561,2.2737367544323206e-13,0
2025-08-07,greedy,formal_continuous_closed_loop,50168.053381269994,50110.97369709857,57.07968417142922,77269.42425605941,70713.72454653561,6555.699709523808,3082.870094203095,8.448114285714382,1,1,6108.793202469378,4278.980189770476,18432.177516343574,14930.063788238294,10800.0,10800.0,1712.336333333334,10800.0,0.0005001000099582598,1.1368683772161603e-13,0
2025-08-08,greedy,formal_continuous_closed_loop,28578.249218896206,28578.249218896206,0.0,47437.21148496075,40944.791101627416,6492.420383333332,3096.125355646705,0.0,0,0,5258.698381510877,22671.000808035034,19643.90023902552,15911.559193610676,10800.0,10800.0,1930.5630422486784,10800.0,0.0002786999975796789,1.1368683772161603e-13,0
2025-08-09,greedy,formal_continuous_closed_loop,27981.446590419655,27981.446590419655,0.0,46472.913776801186,40074.54465537262,6398.369121428572,3129.9384278748003,0.0,0,0,4259.618819400344,19482.099760307174,20048.769458387716,16239.503261294047,10800.0,10800.0,1928.9930598412675,10800.0,0.000712499997462146,1.1368683772161603e-13,0
2025-08-10,greedy,formal_continuous_closed_loop,49508.89080980753,49446.2231639742,62.66764583333308,75839.71794379086,69256.31419140991,6583.403752380953,3076.1007221633713,9.291666666666629,1,1,5326.780991753393,1934.1180210625978,17281.534461271316,13998.042913629772,10800.0,10800.0,1839.5531296296308,10800.0,0.000489799989736639,1.1368683772161603e-13,0
2025-08-11,greedy,formal_continuous_closed_loop,50197.03321342287,49447.823754574056,749.2094588488078,76529.98884902339,70054.75391807102,6475.23493095238,3001.927387038372,111.16886666666642,5,2,5314.70015102881,3194.891552763085,18791.119360867553,15220.806682302724,10800.0,10800.0,1348.0919444444442,10800.0,0.00026200000138487667,1.1368683772161603e-13,0
2025-08-12,greedy,formal_continuous_closed_loop,50786.13895839791,48239.45487587227,2546.684082525638,74577.84045015514,68321.93480015514,6255.905649999999,3144.4367844371427,378.007698238098,6,2,2515.000669370956,1254.2849661669627,18031.6782255543,14605.659362698978,10800.0,10800.0,1200.0,10800.0,0.00024310000299010426,2.2737367544323206e-13,0
2025-08-13,greedy,formal_continuous_closed_loop,49673.3659529191,48963.62391303934,709.7420398797609,75541.64676359427,68922.91336359427,6618.7334,3095.346068816665,105.18362619047605,4,3,4946.126641957909,1155.9895727099295,18019.656447983776,14595.921722866862,10800.0,10800.0,1526.2516375661378,10800.0,0.0006050000083632767,1.1368683772161603e-13,0
2025-08-14,greedy,formal_continuous_closed_loop,49538.50412110641,48943.301302675456,595.202818430953,75705.20722500893,68866.99717738989,6838.210047619046,3070.4524939883327,86.5920380952382,3,2,4092.839091387425,1964.2788098471437,20044.159887032954,16235.769508496694,10800.0,10800.0,1437.3516084656112,10800.0,0.00023940000392030925,2.2737367544323206e-13,0
2025-08-15,greedy,formal_continuous_closed_loop,28157.88352274271,28157.88352274271,0.0,46569.299163774434,39852.83237091729,6716.4667928571425,3112.0911004648406,0.0,0,0,4623.836905173428,20874.01657982147,20587.99366024319,16676.274864796993,10800.0,10800.0,1679.2415561250377,10800.0,0.0007583999977214262,1.1368683772161603e-13,0
2025-08-16,greedy,formal_continuous_closed_loop,28249.718795001238,28249.718795001238,0.0,46815.9539790897,40108.24141956589,6707.7125595238085,3059.729410529285,0.0,0,0,4829.608257231041,21142.66255575049,20602.119997060552,16687.717197619044,10800.0,10800.0,1368.2134362433862,10800.0,0.0008387999987462536,1.1368683772161603e-13,0
2025-08-17,greedy,formal_continuous_closed_loop,49679.395996411775,49123.49589826416,555.9000981476171,75642.71361485083,68984.688655327,6658.02495952381,3029.821726945633,82.51047857142828,5,1,5065.504519635511,3973.211325279248,18532.182272846432,15011.067641005617,10800.0,10800.0,1519.7111366402132,10800.0,0.000251600009505637,1.1368683772161603e-13,0
2025-08-18,greedy,formal_continuous_closed_loop,49554.51641284952,48748.472272509054,806.0441403404758,75220.12623825522,68827.58285254093,6392.543385714287,3031.3435946023396,118.83406904761898,4,3,4792.147178336277,2547.669395091123,18973.832195835657,15368.804078626885,10800.0,10800.0,1692.0994523809525,10800.0,0.0007795999990776181,1.1368683772161603e-13,0
2025-08-19,greedy,formal_continuous_closed_loop,49748.78354658385,49204.25756202195,544.5259845619042,75604.08062057942,69116.6483467699,6487.432273809525,3011.550582196387,80.68586666666658,3,2,4598.822511235588,3384.5071572604375,17809.351414474055,14425.574645723987,10800.0,10800.0,1692.4108941798945,10800.0,0.0007968999998411164,1.1368683772161603e-13,0
2025-08-20,greedy,formal_continuous_closed_loop,56827.609682014096,48876.52866869521,7951.081013318887,75159.05805018978,68689.91450733264,6469.143542857144,3001.8991596350775,1153.8482621428511,6,2,1832.3511757201643,0.0,20157.179315504283,16327.31524555847,10800.0,10800.0,1200.0,10800.0,0.0008572000078856945,1.1368683772161603e-13,0
2025-08-21,greedy,formal_continuous_closed_loop,49505.864973275005,49505.864973275005,0.0,75828.45649821547,69065.9324625012,6762.524035714287,3174.501260490474,0.0,0,0,4819.818724838329,1811.4259389182798,17646.28079539755,14293.487444272012,10800.0,10800.0,1650.6955339153433,10800.0,0.0007565000123577192,2.2737367544323206e-13,0
2025-08-22,greedy,formal_continuous_closed_loop,28403.09661765405,28403.09661765405,0.0,47117.074626850066,40388.45541494531,6728.619211904762,3229.108584894125,0.0,0,0,3855.345974661971,18117.835168686157,20596.442544747108,16683.118461245165,10800.0,10800.0,1310.969937460322,10800.0,0.0006508000078611076,1.1368683772161603e-13,0
2025-08-23,greedy,formal_continuous_closed_loop,28716.863460037686,28716.863460037686,0.0,47431.83370451577,40584.09430689672,6847.739397619047,3203.658337546626,0.0,0,0,4340.673470576134,16817.547535968908,19703.19235774067,15959.585809769946,10800.0,10800.0,1893.7103876190506,10800.0,0.0002435000060359016,1.1368683772161603e-13,0
2025-08-24,greedy,formal_continuous_closed_loop,50027.11663114233,50021.54407114233,5.572559999998764,76914.22550328927,69918.34768662261,6995.877816666667,3125.440446739204,0.8266666666664833,1,1,5258.1130869782555,4382.703466666668,18634.979647251006,15094.33351427332,10800.0,10800.0,1915.6617577777781,10800.0,0.00030050000350456685,2.2737367544323206e-13,0
2025-08-25,greedy,formal_continuous_closed_loop,50546.89255056181,50320.344093512875,226.54845704893285,77514.33939319411,70497.65883128936,7016.680561904762,3126.3867674767052,33.29787573809244,2,2,2594.218795855375,391.9621811875388,19938.785659066518,16150.416383843878,10800.0,10800.0,1200.0,10800.0,0.0007308000058401376,2.2737367544323206e-13,0
2025-08-26,greedy,formal_continuous_closed_loop,50921.4515002499,50823.7418074499,97.70969280000043,78395.72887084603,71182.08431846507,7213.644552380952,3153.9780252530145,14.006550000000061,1,1,6847.638804320983,2495.178783333334,18621.576051886223,15083.47660202784,10800.0,10800.0,1826.3180861640215,10800.0,0.0006289000011747703,2.2737367544323206e-13,0
2025-08-27,greedy,formal_continuous_closed_loop,50957.57859163635,50956.20954830301,1.3690433333336192,78298.74146327871,71213.21422042156,7085.527242857143,3123.0229000367444,0.20333333333337578,1,1,5076.595371382459,1575.0247218274123,19648.29387755531,15915.118040819796,10800.0,10800.0,1675.8769550264556,10800.0,0.0005955999949947,2.2737367544323206e-13,0
2025-08-28,greedy,formal_continuous_closed_loop,51222.19544420118,50615.12671385595,607.0687303452391,77703.46177635944,70935.42298350229,6768.038792857143,3137.241299169166,90.07578571428587,3,2,3301.762278218702,0.0,19599.896318535226,15875.916018013539,10800.0,10800.0,1762.4538015873022,10800.0,0.0007696999964537099,2.2737367544323206e-13,0
2025-08-29,greedy,formal_continuous_closed_loop,29778.04504466061,29778.04504466061,0.0,48532.99436139666,41716.10264711095,6816.891714285714,3376.771525540396,0.0,0,0,5301.603666402118,16862.10412044856,20074.032760768372,16259.966536222386,10800.0,10800.0,1987.2155764550275,10800.0,0.0006815000087954104,1.1368683772161603e-13,0
2025-08-30,greedy,formal_continuous_closed_loop,29471.328383162203,29471.328383162203,0.0,48244.5326239369,41372.97912631785,6871.55349761905,3399.764352042339,0.0,0,0,4622.780149882428,21455.63479548353,19228.409711776898,15575.011866539291,10800.0,10800.0,1706.9370760317486,10800.0,0.00023750000400468707,1.1368683772161603e-13,0
2025-08-31,greedy,formal_continuous_closed_loop,51526.472321837784,51219.45504318064,307.0172786571432,78686.83231886855,71889.05537363046,6797.776945238096,3419.098695312063,45.53496666666672,3,2,6150.107947046361,2372.7212531593996,18752.184221032247,15189.269219036121,10800.0,10800.0,1462.9864470899488,10800.0,0.0007333000103244558,1.4921397450962104e-13,0
2025-09-01,greedy,formal_continuous_closed_loop,51194.381235176465,51194.381235176465,0.0,78856.28735327742,71924.80447232505,6931.482880952382,3341.564184576348,0.0,0,0,17710.133911787183,4782.667757025277,14680.795532271788,11891.444381140143,10800.0,10800.0,3253.4017460317455,10800.0,0.00039939999987836927,1.1368683772161603e-13,0
2025-09-02,greedy,formal_continuous_closed_loop,50770.06442770387,50770.06442770387,0.0,78078.62703016293,71167.21006349626,6911.416966666668,3342.0300248313474,0.0,0,0,16936.60188435791,3883.093078575655,16848.295880154503,13647.119662925146,10800.0,10800.0,3043.0541428571414,10800.0,0.00023629999486729503,1.1368683772161603e-13,0
2025-09-03,greedy,formal_continuous_closed_loop,50461.11747770656,50461.11747770656,0.0,77658.07619948083,70802.09658757606,6855.979611904763,3345.6497491985697,0.0,0,0,15116.056279838143,4137.283288151276,15036.944113112688,12179.924731621275,10800.0,10800.0,3236.2333439153435,10800.0,0.0002460000105202198,1.1368683772161603e-13,0
2025-09-04,greedy,formal_continuous_closed_loop,50948.66390758609,50948.66390758609,0.0,78269.7686243164,71484.82004098306,6784.948583333335,3351.21148894849,0.0,0,0,16346.400272839504,4927.185430335098,16161.14405864112,13090.52668749931,10800.0,10800.0,3034.0601084656078,10800.0,0.0002376000047661364,1.1368683772161603e-13,0
2025-09-05,greedy,formal_continuous_closed_loop,28941.90181707992,28941.90181707992,0.0,47451.70245357344,40711.09667976391,6740.605773809525,3352.7707562123396,0.0,0,0,12753.629029012345,24694.39610379437,16733.766600526615,13554.350946426559,10800.0,10800.0,3670.3613875396795,10800.0,0.0002525000018067658,1.1368683772161603e-13,0
2025-09-06,greedy,formal_continuous_closed_loop,29292.90194165217,29292.90194165217,0.0,47971.16771273655,41481.0056246413,6490.16208809524,3384.1869131443636,0.0,0,0,13367.824749500294,23662.728479010428,16944.898864346418,13725.368080120596,10800.0,10800.0,3264.895159680818,10800.0,0.00044439999328460544,1.1368683772161603e-13,0
2025-09-07,greedy,formal_continuous_closed_loop,49935.50672106884,49935.50672106884,0.0,76439.09461727123,69987.11733869978,6451.9772785714285,3449.9669688435306,0.0,0,0,15428.031268900648,2849.286766666666,16846.278763353934,13645.485798316684,10800.0,10800.0,3177.5405211640204,10800.0,0.00037900000461377203,2.2737367544323206e-13,0
2025-09-08,greedy,formal_continuous_closed_loop,46040.48166312804,41051.31687239432,4989.164790733718,64290.615614304574,57900.11786906648,6390.497745238097,3474.726002524166,715.189906928572,1,1,1548.2345458553787,456.0043604289452,19217.06878657282,15611.071704957321,10800.0,10749.726680185184,1200.0,10800.0,0.0004155999922659248,2.2737367544323206e-13,0
2025-09-09,greedy,formal_continuous_closed_loop,42213.78222539084,42213.78222539084,0.0,65769.05153926957,59044.90335117432,6724.148188095237,3403.5858323585317,0.0,0,0,3329.8454020051354,5688.723103814967,18960.014626049815,15312.36585926702,10749.726680185184,10800.0,1585.3705063227499,10800.0,0.00025069998810067773,2.2737367544323206e-13,0
2025-09-10,greedy,formal_continuous_closed_loop,48565.755710738886,42240.7280414149,6325.0276693239875,65475.49683032826,58859.70544461397,6615.791385714286,3417.52139695992,912.5669264047596,3,2,1199.6067849500282,0.0,20381.359588331547,16508.901266548553,10800.0,10800.0,1200.0,10800.0,0.0002558999985922128,1.1368683772161603e-13,0
2025-09-11,greedy,formal_continuous_closed_loop,42762.04726172885,42762.04726172885,0.0,66416.69135561865,59350.98391038054,7065.707445238096,3433.1896107539274,0.0,0,0,4520.596077395649,4716.56618348031,19386.543744259743,15703.100432850393,10800.0,10800.0,1640.72731746032,10800.0,0.00033889999031089246,1.1368683772161603e-13,0
2025-09-12,greedy,formal_continuous_closed_loop,22773.286685659168,22773.286685659168,0.0,38684.28211643628,31790.80086405533,6893.481252380954,3421.547601404919,0.0,0,0,4266.863798971192,18984.418346746737,20428.125109043976,16546.78133832562,10800.0,10800.0,1474.761033500635,10800.0,0.0002339000056963414,1.1368683772161603e-13,0
2025-09-13,greedy,formal_continuous_closed_loop,22801.81121894093,22801.81121894093,0.0,38953.23326572811,32177.309260966205,6775.924004761906,3465.8901389777766,0.0,0,0,4242.845935067604,22866.327051574972,20194.519977643136,16357.561181890938,10800.0,10800.0,1789.5011580423259,10800.0,0.0008705999935045838,1.1368683772161603e-13,0
2025-09-14,greedy,formal_continuous_closed_loop,42548.47832507974,42548.47832507974,0.0,66471.1295498812,59906.075945119286,6565.053604761904,3534.8170305174604,0.0,0,0,2263.4449442386813,257.80413321575736,20266.082749614507,16415.527027187753,10800.0,10800.0,1469.3056016402115,10800.0,0.0006271000020205975,2.2737367544323206e-13,0
2025-09-15,greedy,formal_continuous_closed_loop,43651.141213414805,43651.141213414805,0.0,68169.34976386225,61241.74713052891,6927.602633333333,3374.097648620634,0.0,0,0,5414.595274897122,3752.408383333333,20712.18669630772,16776.871224009254,10800.0,10800.0,1275.2396269841292,10800.0,0.0002449000021442771,1.1368683772161603e-13,0
2025-09-16,greedy,formal_continuous_closed_loop,43445.80555635468,43445.80555635468,0.0,67330.09638324095,60392.08636181238,6938.01002142857,3353.5466992850793,0.0,0,0,2656.028815314518,1393.1129333333329,19943.07711189347,16153.89246063371,10800.0,10800.0,1358.815216931216,10800.0,0.0012202000070828944,1.1368683772161603e-13,0
2025-09-17,greedy,formal_continuous_closed_loop,43803.8710279101,43803.8710279101,0.0,68502.02935162894,61397.987884962284,7104.041466666666,3345.7416682956346,0.0,0,0,4057.2476014991253,634.136939594351,20265.92847650252,16415.402065967042,10800.0,10800.0,1476.7058888888907,10800.0,0.0005849000008311123,1.1368683772161603e-13,0
2025-09-18,greedy,formal_continuous_closed_loop,43545.01433867389,43545.01433867389,0.0,67836.99849655578,60718.32801798436,7118.670478571428,3344.711830088412,0.0,0,0,3367.098743458631,1712.4431882874042,20027.27695877315,16225.871510630057,10800.0,10795.803139973545,1236.293563492065,10800.0,0.0005456999933812767,1.1368683772161603e-13,0
2025-09-19,greedy,formal_continuous_closed_loop,23471.49786165161,23471.49786165161,0.0,40019.56377690402,32819.89049118974,7199.673285714286,3278.031452539205,0.0,0,0,4341.917165873013,15728.09635919957,20233.79347968932,16385.59554452454,10795.803139973545,10800.0,1778.3715712698395,10800.0,0.0005544000014197081,1.1368683772161603e-13,0
2025-09-20,greedy,formal_continuous_closed_loop,23133.207800302953,23133.207800302953,0.0,39573.03992208837,32565.73614351695,7007.303778571428,3208.361373838531,0.0,0,0,4184.489751557902,15792.413067275485,20793.17563116661,16842.472261244955,10800.0,10800.0,1462.8499074074052,10800.0,0.0002406999992672354,1.1368683772161603e-13,0
2025-09-21,greedy,formal_continuous_closed_loop,45173.60380282851,45173.60380282851,0.0,70827.40522342833,63755.99686866641,7071.408354761906,3151.405941684483,0.0,0,0,5940.254312757201,2977.3170499999997,19064.980933356805,15442.634556019011,10800.0,10800.0,1340.7241005291005,10800.0,0.0004209999897284433,1.1368683772161603e-13,0
2025-09-22,greedy,formal_continuous_closed_loop,44603.13399616072,44603.13399616072,0.0,69937.23876455401,63070.11174788735,6867.127016666667,3192.382817850039,0.0,0,0,3038.0016117871937,2524.7006999999994,19792.192470702612,16031.67590126912,10800.0,10800.0,1425.947386190481,10800.0,0.0016243999998550862,2.2737367544323206e-13,0
2025-09-23,greedy,formal_continuous_closed_loop,45554.479072420945,45554.479072420945,0.0,71627.96696480404,64883.19483623261,6744.772128571429,3240.7280806650783,0.0,0,0,3934.4919960905377,1705.2494573486201,20376.894358060763,16505.28443002922,10800.0,10800.0,1351.1059876190495,10800.0,0.0008595999970566481,2.2737367544323206e-13,0
2025-09-24,greedy,formal_continuous_closed_loop,45220.5207647978,45220.5207647978,0.0,71234.0608188967,64433.379206991944,6800.681611904763,3212.403541502499,0.0,0,0,3937.769539414046,2306.1720858318618,20667.863650793654,16740.96955714286,10800.0,10800.0,1500.316489417988,10800.0,0.0005603000026894733,1.1368683772161603e-13,0
2025-09-25,greedy,formal_continuous_closed_loop,45402.604719740506,45402.604719740506,0.0,71042.45664043503,64451.32243805407,6591.134202380954,3150.7444695545228,0.0,0,0,4238.089615432103,2653.2608166666664,20082.406885980326,16266.749577644066,10800.0,10800.0,1510.2115900264562,10800.0,0.0005352000007405877,1.4921397450962104e-13,0
2025-09-26,greedy,formal_continuous_closed_loop,23353.827473105644,23353.827473105644,0.0,40036.43295086977,33355.04575325072,6681.387197619048,3113.442867245754,0.0,0,0,4535.22271124428,14070.353833333333,19666.383717327146,15929.770811034989,10800.0,10800.0,1883.0600820105813,10800.0,0.00032869999995455146,1.1368683772161603e-13,0
2025-09-27,greedy,formal_continuous_closed_loop,23356.35341644251,23356.35341644251,0.0,39978.66456984139,33309.99310079377,6668.671469047619,3211.4105327946427,0.0,0,0,3238.8605842445613,14903.830499010539,21235.111771506803,17200.44053492051,10800.0,10800.0,1496.8794973280428,10800.0,0.0006496999994851649,1.1368683772161603e-13,0
2025-09-28,greedy,formal_continuous_closed_loop,45936.013922620405,45936.013922620405,0.0,72086.65679717762,65383.4946733681,6703.162123809524,3050.425883550595,0.0,0,0,4317.62744126984,317.4622499999996,20862.831259163795,16898.893319922674,10800.0,10800.0,1529.9322433862421,10800.0,0.0002381000085733831,2.2737367544323206e-13,0
2025-09-29,greedy,formal_continuous_closed_loop,46697.916325211365,46697.916325211365,0.0,73368.94636397372,66547.2534401642,6821.692923809524,2954.3690488812304,0.0,0,0,5157.836931657852,1581.3867999999993,20367.531749030954,16497.700716715073,10800.0,10800.0,1312.8274100529145,10800.0,0.0006738000083714724,1.1368683772161603e-13,0
2025-09-30,greedy,formal_continuous_closed_loop,47271.180492264255,47196.58393836664,74.59655389761954,73630.46911423956,66835.54411900145,6794.924995238094,2977.2340101192067,11.040709523809596,1,1,3506.3001325396654,696.4544600529105,21139.89718160064,17123.316717096513,10800.0,10800.0,1545.7717248677222,10800.0,0.0006387000030372292,1.5276668818842154e-13,0
2025-10-01,greedy,formal_continuous_closed_loop,47102.49699559575,47102.49699559575,0.0,74124.15897640529,67162.50230259578,6961.656673809524,2911.490906224167,0.0,0,0,13498.695306711006,7703.107394914757,17162.288112874776,13901.453371428572,10800.0,10800.0,2378.193732804233,10800.0,0.00045089999912306666,1.1368683772161603e-13,0
2025-10-02,greedy,formal_continuous_closed_loop,46333.4057209286,46333.4057209286,0.0,72563.62400611572,65617.49982992523,6946.124176190477,2919.3326498944043,0.0,0,0,11696.646597003437,5693.239083333334,18120.816890064667,14677.861680952381,10800.0,10800.0,2436.416394179896,10800.0,0.0002401999954599887,1.1368683772161603e-13,0
2025-10-03,greedy,formal_continuous_closed_loop,23177.227576465935,23177.227576465935,0.0,39889.234961129274,32902.59686351022,6986.6380976190485,2906.878992043849,0.0,0,0,7623.700027454439,20924.415853392984,18547.186212009718,15023.220831727871,10800.0,10800.0,2360.852525196544,10800.0,0.00023260001034941524,1.1368683772161603e-13,0
2025-10-04,greedy,formal_continuous_closed_loop,24226.506819346745,24226.506819346745,0.0,41263.431303738005,34248.715294214206,7014.7160095238105,2902.5377871803566,0.0,0,0,7746.13477266314,16885.227267519007,18610.98331696071,15074.896486738176,10800.0,10800.0,1918.5292186242489,10800.0,0.00025939999613910913,1.1368683772161603e-13,0
2025-10-05,greedy,formal_continuous_closed_loop,45078.37184755579,45078.37184755579,0.0,70565.3655464919,63495.26405363475,7070.101492857144,2884.046573928651,0.0,0,0,8299.365525563046,4050.1549999999997,18315.17870664315,14835.294752380953,10800.0,10800.0,2455.6067751322767,10800.0,0.0003166999958921224,1.1368683772161603e-13,0
2025-10-06,greedy,formal_continuous_closed_loop,45321.26841693552,45321.26841693552,0.0,70438.65505250404,63363.103623932606,7075.551428571429,2889.589141006706,0.0,0,0,7081.399223521094,2090.0903,18600.29620517342,15066.239926190476,10800.0,10800.0,2326.006915343919,10800.0,0.0002449000021442771,2.2737367544323206e-13,0
2025-10-07,greedy,formal_continuous_closed_loop,44879.471647150065,44879.471647150065,0.0,69900.120997285,62892.32418538023,7007.796811904762,2889.099475697103,0.0,0,0,7073.681516215049,1379.422794650204,19344.49308641975,15669.0394,10800.0,10800.0,1737.4568801851838,10800.0,0.0004975000047124922,1.1368683772161603e-13,0
2025-10-08,greedy,formal_continuous_closed_loop,41116.03743873912,41116.03743873912,0.0,65671.4385672029,58606.04443625052,7065.394130952381,2840.33903894996,0.0,0,0,3551.7787590018424,1678.8867868606721,20854.09134038801,16891.813985714285,10800.0,10800.0,1441.493999391534,10800.0,0.0007323000027099624,1.1368683772161603e-13,0
2025-10-09,greedy,formal_continuous_closed_loop,41553.560359860574,41553.560359860574,0.0,66470.70306236047,59569.20521712238,6901.497845238095,2730.1529022600403,0.0,0,0,3575.74617620527,3271.424733333333,20334.47615520282,16470.92568571429,10800.0,10800.0,1363.4209372222242,10800.0,0.000556200000573881,1.1368683772161603e-13,0
2025-10-10,greedy,formal_continuous_closed_loop,20631.806120904464,20631.806120904464,0.0,37140.35217305197,30371.032537337684,6769.319635714285,2754.0349878194843,0.0,0,0,3214.247466343335,20701.179396595613,20427.970491822955,16546.656098376603,10800.0,10800.0,1670.3580805026477,10800.0,0.00025630000163801014,1.1368683772161603e-13,0
2025-10-11,greedy,formal_continuous_closed_loop,21004.969795865567,21004.969795865567,0.0,38030.57832077572,31500.58696125191,6529.991359523807,2503.5987604614297,0.0,0,0,3661.003221222809,16466.709841410637,19981.850920047033,16185.299245238095,10800.0,10800.0,1491.475894179895,10800.0,0.00025099999038502574,1.1368683772161603e-13,0
2025-10-12,greedy,formal_continuous_closed_loop,42225.51877498702,42225.51877498702,0.0,67466.03420046369,60813.07997903512,6652.954221428568,2417.824016963017,0.0,0,0,3565.9969713697847,1548.031666666667,20194.997784704825,16357.948205610915,10800.0,10800.0,1351.7426298412702,10800.0,0.0007200999971246347,1.1368683772161603e-13,0
2025-10-13,greedy,formal_continuous_closed_loop,42819.72407344687,42819.72407344687,0.0,68329.9710602006,61637.92125543869,6692.049804761904,2380.2311676159134,0.0,0,0,4689.084908788945,2809.9866005878894,20018.443425388225,16214.939174564463,10800.0,10800.0,1472.9097486772482,10800.0,0.0006754000060027465,1.1368683772161603e-13,0
2025-10-14,greedy,formal_continuous_closed_loop,42342.42069934457,42342.42069934457,0.0,67662.83204901649,61023.86252758793,6638.96952142857,2347.4402849338894,0.0,0,0,2318.081935332159,544.8307945914248,21189.947556629384,17163.857520869802,10800.0,10800.0,1424.8849412169316,10800.0,0.0007270000060088933,1.1368683772161603e-13,0
2025-10-15,greedy,formal_continuous_closed_loop,42572.828528432874,42572.828528432874,0.0,67857.80737100467,61393.90627338563,6463.901097619047,2383.1624377083726,0.0,0,0,2010.8387391534366,0.0,20668.13148342758,16741.18650157634,10800.0,10800.0,1520.081354391535,10800.0,0.0006387000030372292,1.1368683772161603e-13,0
2025-10-16,greedy,formal_continuous_closed_loop,47589.00479295604,43335.049726941055,4253.955066014978,68815.09880206763,62238.7336734962,6576.365128571428,2455.2637875942855,609.7986046466425,1,1,1759.348049559081,655.5970333333331,21281.470388536152,17237.991014714287,10800.0,10800.0,1200.0,10800.0,0.000633100004051812,1.1368683772161603e-13,0
2025-10-17,greedy,formal_continuous_closed_loop,21605.846384954562,21605.846384954562,0.0,38664.81656794344,32027.86504889582,6636.9515190476195,2506.456637620555,0.0,0,0,4224.734741093468,14654.478714127705,19902.125242397873,16120.721446342275,10800.0,10800.0,1631.4696284126935,10800.0,0.0005639999872073531,1.1368683772161603e-13,0
2025-10-18,greedy,formal_continuous_closed_loop,21589.131362585194,21589.131362585194,0.0,38509.94789558935,31971.56945511316,6538.378440476192,2482.781738271189,0.0,0,0,4061.90957136831,14659.108566666666,19538.61310993533,15826.276619047618,10800.0,10800.0,2073.702812169314,10800.0,0.0008452000038232654,1.1368683772161603e-13,0
2025-10-19,greedy,formal_continuous_closed_loop,46542.26968751608,44730.82991377739,1811.4397737386882,71394.55904646474,64860.819329798076,6533.739716666667,2443.676969922738,262.46832200000307,2,1,2710.577387330985,1017.94074553204,21277.824748781004,17235.03804651261,10800.0,10800.0,1200.0,10800.0,0.0002466000005370006,1.1368683772161603e-13,0
2025-10-20,greedy,formal_continuous_closed_loop,45553.33195926645,45358.75830151472,194.57365775173028,72151.45863970749,65566.4253539932,6585.033285714284,2358.7170343346834,40.6244215476199,2,1,3602.892849588476,86.39923333333309,21378.992692982287,17316.98408131565,10800.0,10800.0,1200.0,10800.0,0.0006797999958507717,1.1368683772161603e-13,0
2025-10-21,greedy,formal_continuous_closed_loop,46086.2018953668,46086.2018953668,0.0,73502.24367482154,66942.07826053585,6560.165414285714,2308.9285754739685,0.0,0,0,3055.7220961199337,0.0,20968.106466850717,16984.166238149082,10800.0,10800.0,1582.030481481482,10800.0,0.00024929999199230224,1.1368683772161603e-13,0
2025-10-22,greedy,formal_continuous_closed_loop,48138.298231432695,46244.72960278269,1893.5686286500015,73830.3093896807,67141.13495158547,6689.174438095238,2257.328809043651,395.16566200000034,5,1,4047.9103651069227,583.4358333333329,21259.116596002354,17219.884442761904,10800.0,10800.0,1200.0,10800.0,0.0006215000030351803,2.2737367544323206e-13,0
2025-10-23,greedy,formal_continuous_closed_loop,47093.702619503674,47093.702619503674,0.0,74733.27715085003,67985.64148418335,6747.635666666667,2270.035947595992,0.0,0,0,6120.446867048794,1332.4472666666666,20530.978862111777,16630.09287831054,10800.0,10800.0,1525.0432380952361,10800.0,0.0004057000041939318,1.1368683772161603e-13,0
2025-10-24,greedy,formal_continuous_closed_loop,21902.11447396098,21902.11447396098,0.0,39023.37647959759,32415.121265311875,6608.255214285713,2314.399745760556,0.0,0,0,3473.833326484424,13209.678950502606,20630.59729444154,16710.783808497647,10800.0,10800.0,1437.9743320105838,10800.0,0.0005793000018456951,1.1368683772161603e-13,0
2025-10-25,greedy,formal_continuous_closed_loop,21918.109285393362,21918.109285393362,0.0,39205.496668345986,32623.274594536466,6582.222073809522,2326.929367033573,0.0,0,0,3355.2150656084655,12584.188673501812,20356.10629422305,16488.446098320674,10800.0,10800.0,1294.547334338624,10800.0,0.00023289999808184803,1.1368683772161603e-13,0
2025-10-26,greedy,formal_continuous_closed_loop,47811.386656930576,47811.386656930576,0.0,75753.33514264342,69147.01568788153,6606.319454761904,2271.1908744996035,0.0,0,0,6165.608802704284,1380.8473833333323,19276.668104942903,15614.101165003749,10800.0,10800.0,1716.2297513227518,10800.0,0.0002364999963901937,1.1368683772161603e-13,0
2025-10-27,greedy,formal_continuous_closed_loop,47660.34900441864,47660.34900441864,0.0,75700.90979807102,69208.38684807104,6492.522949999999,2231.9811451516675,0.0,0,0,6268.545837330987,2057.350689212224,20118.061078216604,16295.629473355453,10800.0,10800.0,1476.0528320899525,10800.0,0.00024160000612027943,1.1368683772161603e-13,0
2025-10-28,greedy,formal_continuous_closed_loop,47321.47266468915,47321.47266468915,0.0,75358.70216602224,69016.33370173653,6342.368464285714,2155.8738135367853,0.0,0,0,4858.724100999414,587.1668818930044,20738.892016472782,16798.502533342955,10800.0,10800.0,1453.8112742592598,10800.0,0.00024120000307448208,1.652011860642233e-13,0
2025-10-29,greedy,formal_continuous_closed_loop,47350.657153303466,47350.657153303466,0.0,75025.76444658234,68830.59812991566,6195.166316666667,2230.307626822618,0.0,0,0,1587.7682406231602,0.0,21714.417926100923,17588.67852014175,10800.0,10800.0,1399.5658492063515,10800.0,0.0002393000031588599,1.1368683772161603e-13,0
2025-10-30,greedy,formal_continuous_closed_loop,47440.11028935315,47440.11028935315,0.0,75330.8500409315,68949.04597188387,6381.804069047619,2192.001944521269,0.0,0,0,5008.270194444454,1659.5278999999996,20395.96998151081,16520.735685023763,10800.0,10800.0,1420.078424100531,10800.0,0.0003632000007200986,1.1368683772161603e-13,0
2025-10-31,greedy,formal_continuous_closed_loop,22393.925860719988,22393.925860719988,0.0,39777.52021905631,33616.74070000868,6160.779519047621,2313.4649255526174,0.0,0,0,3436.375119763816,8608.59605,20148.720961188563,16320.463978562739,10800.0,10800.0,1646.4560026455008,10800.0,0.0002393000031588599,1.1368683772161603e-13,0
2025-11-01,greedy,formal_continuous_closed_loop,22534.255630120046,22534.255630120046,0.0,40019.47477706321,33530.666031825116,6488.808745238095,2210.9040837983325,0.0,0,0,4067.5237780027983,9598.8857,20047.509819616247,16238.482953889164,10800.0,10800.0,1819.0303512342634,10800.0,0.00023400000645779073,1.1368683772161603e-13,0
2025-11-02,greedy,formal_continuous_closed_loop,49101.42028954887,48662.99881414622,438.42147540265063,77331.38349639978,70741.49922259025,6589.884273809523,2158.5864599603165,62.847115166664366,1,1,4085.5465850676087,441.76131037624896,21423.88833046981,17353.349547680547,10800.0,10800.0,1200.0,10800.0,0.0002806999982567504,1.1368683772161603e-13,0
2025-11-03,greedy,formal_continuous_closed_loop,49477.68392137831,49477.68392137831,0.0,78423.02759315632,71739.71783125155,6683.30976190476,2126.940651025079,0.0,0,0,4467.208447031165,627.54755,20122.84901469384,16299.507701902014,10800.0,10800.0,1656.1899112698443,10800.0,0.0002555999963078648,1.4210854715202004e-13,0
2025-11-04,greedy,formal_continuous_closed_loop,49767.25100969449,49767.25100969449,0.0,79115.04019740419,72295.72931883277,6819.310878571429,2088.4733752352768,0.0,0,0,6275.793827572017,1329.9419709876531,20680.170344795766,16750.937979284572,10800.0,10800.0,1221.309194576721,10800.0,0.0007517999911215156,1.1368683772161603e-13,0
2025-11-05,greedy,formal_continuous_closed_loop,50250.762549035615,50250.762549035615,0.0,79605.05630321268,72763.95455083172,6841.101752380952,2078.6035962876977,0.0,0,0,5055.283668959434,842.1777999999996,21208.288250455647,17178.713482869076,10800.0,10800.0,1671.4378915343905,10800.0,0.000636500000837259,1.7053025658242404e-13,0
2025-11-06,greedy,formal_continuous_closed_loop,52140.81162404639,49715.14556564995,2425.6660583964394,78794.67532223725,71945.921234142,6848.754088095237,2089.700535847698,505.25654902381166,7,1,3772.0582082304477,0.0,21885.73217384529,17727.44306081468,10800.0,10800.0,1200.0,10800.0,0.0007833999989088625,2.2737367544323206e-13,0
2025-11-07,greedy,formal_continuous_closed_loop,23201.977672113644,23201.977672113644,0.0,40894.91995371149,33849.13344180673,7045.786511904762,2095.518512562381,0.0,0,0,3683.3586176072877,9999.725831331063,20491.440639156885,16598.06691771708,10800.0,10800.0,1557.5436071428558,10800.0,0.0002317000034963712,1.1368683772161603e-13,0
2025-11-08,greedy,formal_continuous_closed_loop,23087.36619097064,23087.36619097064,0.0,40927.10582241693,33867.98656289312,7059.119259523808,2091.0191038889293,0.0,0,0,3827.3041998530275,9479.528275882163,20152.980245693376,16323.913999011638,10800.0,10800.0,1621.9881256349208,10800.0,0.0008463999984087422,1.1368683772161603e-13,0
2025-11-09,greedy,formal_continuous_closed_loop,51157.004457432406,51157.004457432406,0.0,80803.58510356687,73798.72309642403,7004.862007142856,2113.0129793736905,0.0,0,0,4624.235236860668,785.2937166666668,21301.257719506386,17254.01875280017,10800.0,10800.0,1610.788840026455,10800.0,0.00024229999689850956,2.2737367544323206e-13,0
2025-11-10,greedy,formal_continuous_closed_loop,51275.0592642404,51275.0592642404,0.0,81209.23184548825,74142.63040501205,7066.601440476191,2064.075010091587,0.0,0,0,2911.2239866842915,203.77824999999984,22293.613204231286,18057.82669542734,10800.0,10800.0,1274.9595523015873,10800.0,0.0002376000047661364,1.1368683772161603e-13,0
2025-11-11,greedy,formal_continuous_closed_loop,51647.47538256731,51647.47538256731,0.0,81396.35070349099,74287.4566582529,7108.894045238096,2045.2043706457139,0.0,0,0,5390.26700419645,426.71609999999976,21159.7259611993,17139.37802857143,10800.0,10800.0,1682.4154100529083,10800.0,0.0004011999990325421,1.1368683772161603e-13,0
2025-11-12,greedy,formal_continuous_closed_loop,52070.02784968399,52070.02784968399,0.0,82249.26798134524,75158.09974086905,7091.1682404761905,2035.7392990665073,0.0,0,0,6779.040883326433,501.9881188487569,21117.11173247399,17104.86050330393,10800.0,10800.0,1406.632270873017,10800.0,0.00023839999630581588,2.2737367544323206e-13,0
2025-11-13,greedy,formal_continuous_closed_loop,52318.09491027221,52318.09491027221,0.0,82418.05762104808,75329.81398771475,7088.243633333333,2042.6240492047618,0.0,0,0,5834.202738301,266.887333333333,20637.348593405724,16716.25236065864,10800.0,10800.0,1312.5178597883591,10800.0,0.000611600000411272,2.2737367544323206e-13,0
2025-11-14,greedy,formal_continuous_closed_loop,23818.639911710365,23818.639911710365,0.0,41973.101137965554,34927.87313320364,7045.228004761906,2056.3166119264674,0.0,0,0,4027.0380698706645,6618.577539287284,19626.4748884611,15897.44465965349,10800.0,10800.0,1709.749417989417,10800.0,0.0002393000031588599,1.1368683772161603e-13,0
2025-11-15,greedy,formal_continuous_closed_loop,23465.77867412245,23465.77867412245,0.0,41475.645900943506,34574.90144856255,6900.744452380952,2023.0739682424203,0.0,0,0,3674.921866199246,5678.5219,20580.60641093474,16670.29119285714,10800.0,10800.0,1637.2926592592607,10800.0,0.0008319000044139102,1.1368683772161603e-13,0
2025-11-16,greedy,formal_continuous_closed_loop,53194.708422928146,53194.708422928146,0.0,83756.42577872,76950.79882633906,6805.6269523809515,1897.4986004251987,0.0,0,0,4869.011703115819,270.2006666666666,22014.04750317995,17831.378477575763,10800.0,10800.0,1497.2003544973586,10800.0,0.0009448000055272132,2.2737367544323206e-13,0
2025-11-17,greedy,formal_continuous_closed_loop,53923.77126910141,53923.77126910141,0.0,84666.64070325336,77829.24399611051,6837.396707142857,1901.5422819735318,0.0,0,0,7651.038822304158,361.75786673170785,20832.05095202196,16873.961271137796,10800.0,10800.0,1584.882947089946,10800.0,0.0002474999928381294,2.2737367544323206e-13,0
2025-11-18,greedy,formal_continuous_closed_loop,53473.26678517408,53473.26678517408,0.0,84106.99638178817,77369.96907702627,6737.027304761904,1927.7677858507536,0.0,0,0,5133.407926396234,71.139183333333,21115.249677501415,17103.352238776148,10800.0,10800.0,1480.4016851851861,10800.0,0.0003682999958982691,2.2737367544323206e-13,0
2025-11-19,greedy,formal_continuous_closed_loop,53406.078978424324,53406.078978424324,0.0,84018.61857214294,77319.0790792858,6699.539492857143,1886.736526297102,0.0,0,0,4327.744452910054,105.0795333333333,22197.27887315558,17979.795887256027,10800.0,10800.0,1393.3717275132271,10800.0,0.0007144999981392175,1.1368683772161603e-13,0
2025-11-20,greedy,formal_continuous_closed_loop,54012.007535761484,54012.007535761484,0.0,84822.03550220793,78208.28658077934,6613.748921428571,1894.158618412539,0.0,0,0,5913.427307378007,94.43773333333331,21163.6548850697,17142.560456906453,10800.0,10800.0,1645.4660132275146,10800.0,0.0007296999974641949,1.4210854715202004e-13,0
2025-11-21,greedy,formal_continuous_closed_loop,23468.256585370724,23468.256585370724,0.0,41461.60402760829,34979.49093713211,6482.11309047619,1953.2579415734915,0.0,0,0,3413.0093855085283,5327.896328881503,20296.39077132425,16440.076524772652,10800.0,10800.0,1605.6617274219248,10800.0,0.0007026999955996871,1.1368683772161603e-13,0
2025-11-22,greedy,formal_continuous_closed_loop,23504.761917027696,23504.761917027696,0.0,41820.895942648465,35443.76516169608,6377.13078095238,1889.5195229401984,0.0,0,0,2985.4323444219735,4758.834066666666,20298.94762224469,16442.147574018203,10800.0,10800.0,1692.1840132275138,10800.0,0.0002601999876787886,1.1368683772161603e-13,0
2025-11-23,greedy,formal_continuous_closed_loop,54674.362659846556,54674.362659846556,0.0,85854.437321581,79537.28439539052,6317.152926190475,1933.7073629309123,0.0,0,0,5884.951500944027,557.4431999999999,21999.717564756025,17819.77122745238,10800.0,10800.0,1526.1071660846574,10800.0,0.000702000004821457,2.2737367544323206e-13,0
2025-11-24,greedy,formal_continuous_closed_loop,53897.20059542732,53897.20059542732,0.0,84962.1516500487,78643.70240957252,6318.449240476191,1926.0664553174188,0.0,0,0,6334.049864873607,463.0363,21069.062027237393,17065.940242062294,10800.0,10800.0,1309.153997354499,10800.0,0.00023320000036619604,2.2737367544323206e-13,0
2025-11-25,greedy,formal_continuous_closed_loop,54390.67065916518,54390.67065916518,0.0,85613.50520096297,79317.41803905819,6296.087161904761,1939.2092011848808,0.0,0,0,5137.085132885367,183.10095000000024,21708.72974426808,17584.071092857143,10800.0,10800.0,1474.3667434656113,10800.0,0.0002889000024879351,1.1368683772161603e-13,0
2025-11-26,greedy,formal_continuous_closed_loop,54855.373212670114,54828.563714136784,26.809498533333095,86199.91481484554,79869.59393389316,6330.320880952381,1934.6051643617457,5.723633333333282,1,1,5234.9912859494325,60.651583333333065,21854.361555593532,17702.032860030755,10800.0,10800.0,1563.3168835978831,10800.0,0.00023729998792987317,1.1368683772161603e-13,0
2025-11-27,greedy,formal_continuous_closed_loop,54911.70616906764,54911.70616906764,0.0,86148.90501916924,79835.1138405978,6313.791178571429,1916.3027877082538,0.0,0,0,6116.805720282189,261.3455995884824,20999.26824192234,17009.4072759571,10800.0,10800.0,1459.1247037301605,10800.0,0.0002344999957131222,2.2737367544323206e-13,0
2025-11-28,greedy,formal_continuous_closed_loop,23680.383153123836,23680.383153123836,0.0,42196.29620267449,35867.109236007826,6329.186966666666,1882.2410944798412,0.0,0,0,3300.1685860472926,4060.0173833333333,20604.587806809846,16689.71612351598,10800.0,10800.0,1547.2478518518521,10800.0,0.0007378000009339303,1.1368683772161603e-13,0
2025-11-29,greedy,formal_continuous_closed_loop,23954.974562013544,23954.974562013544,0.0,42622.50972703158,36408.54185322206,6213.967873809524,1815.2023399338495,0.0,0,0,2890.5910405937725,1041.5128449537433,19794.50390254772,16033.548161063656,10800.0,10800.0,1802.8733359788364,10800.0,0.00028959999326616526,1.1368683772161603e-13,0
2025-11-30,greedy,formal_continuous_closed_loop,55698.0218602939,55698.0218602939,0.0,87375.76941048099,80982.65124857624,6393.118161904762,1874.0057551401983,0.0,0,0,2745.955943503816,0.0,23078.870264792193,18693.884914481674,10800.0,10800.0,1385.0524338624336,10800.0,0.0005900999967707321,1.1368683772161603e-13,0
2025-12-01,greedy,formal_continuous_closed_loop,75707.6273674973,56233.99569057187,19473.631676925437,88220.65746476961,81876.96102905532,6343.696435714286,1882.467151936111,3713.615001547618,16,4,1109.8531038506771,0.0,23818.376995438062,19292.88536630483,10800.0,10800.0,1200.0,10800.0,0.000606699992204085,2.2737367544323206e-13,0
2025-12-02,greedy,formal_continuous_closed_loop,81082.49652944334,56667.03141579642,24415.465113646915,88920.85032096932,82297.12137335027,6623.728947619049,2184.01991595869,4599.4183875952385,17,5,430.67724285714485,0.0,23430.429030039013,18978.647514331606,10800.0,10800.0,1200.0,10800.0,0.0006743999983882532,2.2737367544323206e-13,0
2025-12-03,greedy,formal_continuous_closed_loop,67706.69692125471,57655.64496300536,10051.05195824934,90144.9749482067,83123.41321487338,7021.561733333334,2508.914765665674,1990.3691566904765,13,4,383.2237380952374,0.0,24371.618442817227,19782.246642681956,10800.0,10754.182551111111,1200.0,10800.0,0.0002435000060359016,2.2737367544323206e-13,0
2025-12-04,greedy,formal_continuous_closed_loop,70692.21966248089,58027.93627935938,12664.283383121503,90537.53711553279,83139.46003219945,7398.077083333334,2548.5113268615073,2606.804804119048,13,3,1688.2448875367413,0.0,24440.276726921504,19755.388444806413,10754.182551111111,10800.0,1200.0,10800.0,0.0003277000068919733,2.2737367544323206e-13,0
2025-12-05,greedy,formal_continuous_closed_loop,29092.635659467953,25951.930932245697,3140.70472722226,45567.71520339204,37767.93672243967,7799.778480952381,2633.092531379444,585.4527620127125,7,1,860.8518561728358,0.0,20950.991715255732,16970.303289357144,10800.0,10800.0,1200.0,10800.0,0.0007361000025412068,1.1368683772161603e-13,0
2025-12-06,greedy,formal_continuous_closed_loop,34543.813575642605,26273.32777695887,8270.485798683732,46409.333617705444,38146.53800818163,8262.795609523808,2552.953859644524,1272.3577092707392,7,4,254.1254666666661,0.0,19857.195342857143,16094.260299214291,10800.0,10788.964365,1200.0,10800.0,0.00022729999909643084,1.1368683772161603e-13,0
2025-12-07,greedy,formal_continuous_closed_loop,60855.69728875878,60394.22383365179,461.4734551069971,93885.33562833967,85180.92427595872,8704.411352380952,2551.280656078968,100.34384169047323,3,2,1578.1423700764328,0.0,24973.283044493328,20218.427194539607,10788.964365,10800.0,1200.0,10800.0,0.00023439999495167285,2.2737367544323206e-13,0
2025-12-08,greedy,formal_continuous_closed_loop,65618.92103728512,65618.92103728512,0.0,101552.03995169433,92512.67531598004,9039.364635714286,2453.238970230277,0.0,0,0,9605.425465402706,0.0,21575.807208552484,17476.403838927516,10800.0,10800.0,1433.320116402118,10800.0,0.00024839999969117343,2.2737367544323206e-13,0
2025-12-09,greedy,formal_continuous_closed_loop,66093.5009167486,66093.5009167486,0.0,102052.54773784944,93007.84726165896,9044.700476190477,2451.423318924603,0.0,0,0,10421.239453468548,0.0,22330.810619548596,18087.95660183436,10800.0,10800.0,1470.4138095238106,10800.0,0.00023700000019744039,2.2737367544323206e-13,0
2025-12-10,greedy,formal_continuous_closed_loop,65181.70475544554,65181.70475544554,0.0,101157.41560498325,92158.29658593563,8999.11901904762,2463.23763098984,0.0,0,0,8610.228165961202,0.0,21892.468275554736,17732.89930319934,10800.0,10800.0,1585.6980079365112,10800.0,0.0006128999957581982,2.2737367544323206e-13,0
2025-12-11,greedy,formal_continuous_closed_loop,66052.63903305982,66052.63903305982,0.0,101951.4263569448,93080.86779265906,8870.558564285715,2505.3478312481348,0.0,0,0,11944.588109494416,0.0,21292.544986580982,17246.961439130602,10800.0,10800.0,1654.201923280426,10800.0,0.0002455000067129731,1.1368683772161603e-13,0
2025-12-12,greedy,formal_continuous_closed_loop,30521.884334211398,30521.884334211398,0.0,54774.614544678145,45929.018720868626,8845.595823809525,2524.246709379365,0.0,0,0,5977.104108171667,1643.5620999999999,18102.81501670084,14663.280163527686,10800.0,10800.0,1713.9976851851832,10800.0,0.0006542000046465546,1.1368683772161603e-13,0
2025-12-13,greedy,formal_continuous_closed_loop,31011.08850279064,31011.08850279064,0.0,55826.257334602524,46868.25385126918,8958.003483333334,2490.7981961979367,0.0,0,0,7147.40437930629,1405.5896333333335,18288.052308576654,14813.322369947093,10800.0,10800.0,1830.35578042328,10800.0,0.0006238000059965998,1.1368683772161603e-13,0
2025-12-14,greedy,formal_continuous_closed_loop,66192.6211090874,66192.6211090874,0.0,102323.11247935383,93405.10787697288,8918.004602380954,2479.623642392539,0.0,0,0,9258.183166196355,0.0,22558.9869113552,18272.779398197716,10800.0,10800.0,1578.6865846560854,10800.0,0.0004993000038666651,1.1368683772161603e-13,0
2025-12-15,greedy,formal_continuous_closed_loop,65765.4827074071,65765.4827074071,0.0,101865.19624467072,92955.86804705166,8909.328197619048,2471.195945233294,0.0,0,0,8069.412391446211,0.0,22769.6099292518,18443.384042693964,10800.0,10800.0,1508.748116402116,10800.0,0.00024029999622143805,2.2737367544323206e-13,0
2025-12-16,greedy,formal_continuous_closed_loop,66369.11325246419,66369.11325246419,0.0,102402.32652113948,93514.33055209187,8887.995969047619,2502.1771682983335,0.0,0,0,8702.650532039974,0.0,22534.656082979902,18253.07142721372,10800.0,10800.0,1616.0370423280438,10800.0,0.0003037999995285645,2.2737367544323206e-13,0
2025-12-17,greedy,formal_continuous_closed_loop,65899.23071118831,65899.23071118831,0.0,102218.69310806823,93460.16420330631,8758.528904761904,2530.4662895447227,0.0,0,0,9867.182293474432,0.0,21892.96709435335,17733.30334642622,10800.0,10800.0,1545.5525370370392,10800.0,0.00038010001298971474,1.1368683772161603e-13,0
2025-12-18,greedy,formal_continuous_closed_loop,65724.3990648264,65724.3990648264,0.0,101599.14062324312,92815.86323514787,8783.277388095237,2524.456642858096,0.0,0,0,9910.063098677247,0.0,22751.634515258982,18428.823957359775,10800.0,10800.0,1556.1027989417964,10800.0,0.0002514999941922724,2.2737367544323206e-13,0
2025-12-19,greedy,formal_continuous_closed_loop,30925.729912403775,30925.729912403775,0.0,55802.37997057437,47096.94656343151,8705.433407142857,2543.2597520183335,0.0,0,0,7307.111333686073,2058.1105166666666,18572.456948534986,15043.690128313343,10800.0,10800.0,1601.2333121693136,10800.0,0.0002342000079806894,1.1368683772161603e-13,0
2025-12-20,greedy,formal_continuous_closed_loop,30919.079270504488,30919.079270504488,0.0,55861.45047389404,47208.04504532261,8653.40542857143,2564.025952879364,0.0,0,0,7041.658407348624,2412.131548500878,18691.09614760286,15139.78787955832,10800.0,10800.0,1717.3422751322787,10800.0,0.0003240999940317124,1.1368683772161603e-13,0
2025-12-21,greedy,formal_continuous_closed_loop,66167.82516257618,66167.82516257618,0.0,102127.98745849544,93499.20001801924,8628.787440476191,2564.5494414402374,0.0,0,0,8891.246175161672,0.0,22099.786403511043,17900.82698684395,10800.0,10800.0,1498.2455000000025,10800.0,0.000774600004660897,1.5631940186722204e-13,0
2025-12-22,greedy,formal_continuous_closed_loop,65883.62631539132,65883.62631539132,0.0,101987.691350217,93321.3616264075,8666.329723809526,2561.2685493907134,0.0,0,0,8758.562305731915,0.0,22587.905058693537,18296.203097541762,10800.0,10800.0,1369.8595157407403,10800.0,0.0004847999953199178,2.2737367544323206e-13,0
2025-12-23,greedy,formal_continuous_closed_loop,66135.4643179783,66135.4643179783,0.0,102215.35254619594,93547.12285333879,8668.229692857143,2562.475922783015,0.0,0,0,10826.044362139917,0.0,21743.240266961537,17612.024616238843,10800.0,10800.0,1567.6657989418006,10800.0,0.0007471999997505918,2.2737367544323206e-13,0
2025-12-24,greedy,formal_continuous_closed_loop,65677.79716937782,65677.79716937782,0.0,101745.68083943127,93167.88980609793,8577.791033333333,2620.838103392937,0.0,0,0,9597.468878659613,0.0,22598.1718110789,18304.519166973914,10800.0,10800.0,1442.2940740740753,10800.0,0.0006389000045601279,2.2737367544323206e-13,0
2025-12-25,greedy,formal_continuous_closed_loop,65646.2906173867,65646.2906173867,0.0,101602.81153989212,93042.12663513022,8560.684904761905,2608.2452063715077,0.0,0,0,9633.145369900056,0.0,21880.09282451969,17722.875187860947,10800.0,10800.0,1426.7785664550242,10800.0,0.0008241000032285228,2.2737367544323206e-13,0
2025-12-26,greedy,formal_continuous_closed_loop,30683.0942880343,30683.0942880343,0.0,55200.068421762364,46692.97177890522,8507.096642857143,2646.4441722607144,0.0,0,0,7082.145242592595,1661.0905126984117,18153.73806914752,14704.527836009487,10800.0,10800.0,2069.528568783071,10800.0,0.0005704000068362802,1.1368683772161603e-13,0
2025-12-27,greedy,formal_continuous_closed_loop,30584.19693266657,30584.19693266657,0.0,55277.98578964761,46821.49286345713,8456.492926190476,2688.2824582819444,0.0,0,0,6755.170547971788,1739.5603166666667,18128.6624123289,14684.21655398641,10800.0,10800.0,1703.7429550264558,10800.0,0.00048400000378023833,1.1368683772161603e-13,0
2025-12-28,greedy,formal_continuous_closed_loop,65893.72892845565,65893.72892845565,0.0,101821.2000958148,93393.70310295766,8427.496992857145,2689.9883571017854,0.0,0,0,10974.986144356259,0.0,21247.15369188706,17210.19449042852,10800.0,10800.0,1766.8696322751325,10800.0,0.00024340000527445227,2.2737367544323206e-13,0
2025-12-29,greedy,formal_continuous_closed_loop,65928.22967850791,65928.22967850791,0.0,101959.75211036697,93557.43140798603,8402.320702380952,2707.757340646944,0.0,0,0,10392.675245149909,0.0,21280.582097633727,17237.27149908332,10800.0,10800.0,1628.8972380952366,10800.0,0.0003863000019919127,2.2737367544323206e-13,0
2025-12-30,greedy,formal_continuous_closed_loop,65162.17887319735,65162.17887319735,0.0,100954.39327681965,92724.26802920061,8230.125247619048,2644.8561130139287,0.0,0,0,10562.409398912405,0.0,21934.638304775053,17767.057026867795,10800.0,10800.0,1578.871830687833,10800.0,0.0007820999890100211,2.2737367544323206e-13,0
2025-12-31,greedy,formal_continuous_closed_loop,64954.40580049608,64954.40580049608,0.0,100619.20416892017,92596.82033320588,8022.383835714285,2720.881589940992,0.0,0,0,7610.4607265726045,0.0,22959.581626390693,18597.261117376467,10800.0,10800.0,1549.411806878308,10800.0,0.0002469000028213486,2.2737367544323206e-13,0
