date,method,comparison,cash_cost_yuan,contract_cost_yuan,emergency_cost_yuan,contract_kwh,base_contract_kwh,risk_reserve_kwh,expected_emergency_cost_yuan,emergency_kwh,emergency_slots,emergency_events,unused_contract_kwh,pv_curtailed_kwh,charge_kwh,discharge_kwh,soc_start_kwh,soc_end_kwh,soc_min_kwh,soc_max_kwh,runtime_seconds,max_balance_residual_kwh,simultaneous_flow_slots
2025-02-01,greedy,frozen_paired_same_contract_soc_information,26709.12435609976,26709.12435609976,0.0,49023.022603149024,43233.888007593465,5789.134595555555,6312.826350179821,0.0,0,0,7094.942984184794,4222.3180999999995,17513.608345425804,14186.022759794905,10800.0,10800.0,2360.6261485890623,10800.0,0.00029499999072868377,1.1368683772161603e-13,0
2025-02-01,mpc,frozen_paired_same_contract_soc_information,27899.51832504976,26709.12435609976,1190.3939689500016,49023.022603149024,43233.888007593465,5789.134595555555,6312.826350179821,202.84544523809564,10,6,7288.811021362491,3985.5609216406315,18806.950831845574,15233.630659794904,10800.0,10799.999460000012,1951.9991785833988,10800.0,1.129555999999866,1.1368683772161603e-13,0
2025-02-02,greedy,frozen_paired_same_contract_soc_information,60814.31655276092,60814.31655276092,0.0,95447.25993643588,89758.78041945177,5688.479516984126,6331.734526354028,0.0,0,0,13075.51518330296,143.10248333333334,20380.86484105052,16508.50052125092,10800.0,10800.0,1890.3158152557307,10800.0,0.000614399992628023,1.1368683772161603e-13,0
2025-02-02,mpc,frozen_paired_same_contract_soc_information,61176.0911011014,60814.31655276092,361.7745483404753,95447.25993643588,89758.78041945177,5688.479516984126,6331.734526354028,81.23041904761888,4,3,12198.041882374071,663.7723928571439,22686.30901816988,18375.910887917587,10800.0,10799.999352000017,1507.3586305714334,10800.0,0.9891981999971904,1.1368683772161603e-13,0
2025-02-03,greedy,frozen_paired_same_contract_soc_information,59761.37374098951,59761.37374098951,0.0,94059.09257643559,88351.30972611814,5707.78285031746,6325.6355685206945,0.0,0,0,9863.660882803251,0.0,20939.5536506966,16961.03845706425,10800.0,10800.0,1813.4774210758408,10800.0,0.00024739999207668006,1.1368683772161603e-13,0
2025-02-03,mpc,frozen_paired_same_contract_soc_information,60415.31347814428,59761.37374098951,653.939737154762,94059.09257643559,88351.30972611814,5707.78285031746,6325.6355685206945,130.02006666666662,10,6,9140.442897277066,529.3509500000007,22644.225679079926,18341.823383254727,10800.0,10799.999352000017,1444.5024770340697,10800.0,1.1965264000027673,2.2737367544323206e-13,0
2025-02-04,greedy,frozen_paired_same_contract_soc_information,60256.86003817031,60256.86003817031,0.0,94763.34714999805,89031.03173301392,5732.3154169841255,6307.104330743882,0.0,0,0,9431.44246381442,0.3517833333332874,21772.047120264757,17635.358167414455,10800.0,10800.0,2044.759881393298,10800.0,0.0007801999890943989,1.1368683772161603e-13,0
2025-02-04,mpc,frozen_paired_same_contract_soc_information,61938.42527047864,60256.86003817031,1681.565232308336,94763.34714999805,89031.03173301392,5732.3154169841255,6307.104330743882,336.4601833333338,18,8,9697.791847838173,82.89184999999998,22230.907855288624,18106.648169795408,10800.0,10689.319103320418,1310.8761691143031,10800.0,1.2282210999983363,2.2737367544323206e-13,0
2025-02-05,greedy,frozen_paired_same_contract_soc_information,58582.167117194185,58582.167117194185,0.0,92567.5088404276,87805.56615709428,4761.942683333333,4566.75086750565,0.0,0,0,7568.893662757196,2.052500000000009,22358.608917563593,18110.47322322651,10800.0,10800.0,1657.9330782804213,10800.0,0.0008821999945212156,2.2737367544323206e-13,0
2025-02-05,mpc,frozen_paired_same_contract_soc_information,60911.931229671565,58582.167117194185,2329.76411247738,92567.5088404276,87805.56615709428,4761.942683333333,4566.75086750565,447.96309285714267,25,11,7802.271570305633,173.362466666667,22613.32343144373,18321.912518464604,10800.0,10794.310512227567,1541.3565484285743,10800.0,1.1764487999898847,2.2737367544323206e-13,0
2025-02-06,greedy,frozen_paired_same_contract_soc_information,58974.03607680656,58974.03607680656,0.0,92802.98276806748,88839.82339822622,3963.1593698412707,3251.412147611388,0.0,0,0,8424.991930893599,1.400816666666742,21608.06738863454,17502.534584793975,10800.0,10800.0,1876.9137222222241,10800.0,0.00025969999842345715,1.1368683772161603e-13,0
2025-02-06,mpc,frozen_paired_same_contract_soc_information,59904.15599730656,58974.03607680656,930.1199205000024,92802.98276806748,88839.82339822622,3963.1593698412707,3251.412147611388,187.60236428571474,12,7,7679.707087666061,669.2052880952396,23003.242753290644,18632.627213365406,10800.0,10799.999352000017,1611.5820484285725,10800.0,1.2277146999986144,2.2737367544323206e-13,0
2025-02-07,greedy,frozen_paired_same_contract_soc_information,24137.83848105902,24137.83848105902,0.0,45454.33012959417,42149.74573197513,3304.5843976190476,1942.5968872038493,0.0,0,0,4980.629476214275,5080.818692656978,18880.012073980295,15292.809779924039,10800.0,10800.0,1606.5266402116401,10800.0,0.0008465999999316409,1.1368683772161603e-13,0
2025-02-07,mpc,frozen_paired_same_contract_soc_information,26177.976926730447,24137.83848105902,2040.1384456714272,45454.33012959417,42149.74573197513,3304.5843976190476,1942.5968872038493,345.4293047619045,16,6,5852.113288359767,4439.42524163434,19487.062215238395,15784.520977543089,10800.0,10799.999352000017,1684.8234831198245,10800.0,1.013586299988674,1.1368683772161603e-13,0
2025-02-08,greedy,frozen_paired_same_contract_soc_information,22024.09795129196,22024.09795129196,0.0,41292.83964174117,38070.79812507451,3222.041516666666,1927.9955428724606,0.0,0,0,2612.1119787516,3366.9516999999996,19666.38550696268,15929.772260639775,10800.0,10800.0,1624.5250158730155,10800.0,0.0002666999935172498,1.1368683772161603e-13,0
2025-02-08,mpc,frozen_paired_same_contract_soc_information,24578.05074034196,22024.09795129196,2553.9527890500003,41292.83964174117,38070.79812507451,3222.041516666666,1927.9955428724606,465.3772428571429,24,10,2820.585959275158,3637.552452337721,19785.583259815692,16062.667503496918,10800.0,10759.616596615322,1200.0,10800.0,1.1069485999905737,1.1368683772161603e-13,0
2025-02-09,greedy,frozen_paired_same_contract_soc_information,54660.206416058216,54660.206416058216,0.0,86989.37612125189,83759.9018950614,3229.4742261904767,1884.7776228023413,0.0,0,0,2963.2270878306954,0.0,23530.174035550153,19059.44096879563,10800.0,10800.0,1591.592796957672,10800.0,0.00024290000146720558,2.2737367544323206e-13,0
2025-02-09,mpc,frozen_paired_same_contract_soc_information,58284.43507534393,54660.206416058216,3624.228659285711,86989.37612125189,83759.9018950614,3229.4742261904767,1884.7776228023413,775.5319428571424,31,13,3606.0297020310263,226.93328333333312,23123.40782611173,18746.878714033723,10800.0,10781.201805685301,1258.2416574038975,10800.0,1.3039636000030441,2.2737367544323206e-13,0
2025-02-10,greedy,frozen_paired_same_contract_soc_information,55464.29518743896,55464.29518743896,0.0,88081.68848907827,84862.71942717349,3218.969061904762,1904.2355526711904,0.0,0,0,9312.287896325684,608.481708759546,20180.42789820892,16346.146597549217,10800.0,10800.0,1542.4412116402086,10800.0,0.00028979999478906393,2.2737367544323206e-13,0
2025-02-10,mpc,frozen_paired_same_contract_soc_information,56485.16581317586,55464.29518743896,1020.8706257369054,88081.68848907827,84862.71942717349,3218.969061904762,1904.2355526711904,207.10610476190487,15,9,7679.233612449105,1948.9886904761895,23104.433002749804,18770.49829516826,10800.0,10737.880485621205,1504.8683763123686,10800.0,1.0243440000049304,2.2737367544323206e-13,0
2025-02-11,greedy,frozen_paired_same_contract_soc_information,54034.25592924765,54034.25592924765,0.0,86206.0136975367,83063.51654991765,3142.4971476190467,1917.0786876211912,0.0,0,0,6602.153381746027,243.45769999999993,21788.44990767025,17648.644425212908,10800.0,10800.0,1356.5238276984128,10800.0,0.00025379999715369195,2.2737367544323206e-13,0
2025-02-11,mpc,frozen_paired_same_contract_soc_information,55961.99565356075,54034.25592924765,1927.7397243130956,86206.0136975367,83063.51654991765,3142.4971476190467,1917.0786876211912,318.4455952380954,20,8,6320.522438572983,658.86422021147,22776.3909068223,18451.915406165288,10800.0,10796.623587067532,1513.2052940917893,10800.0,0.9076734999980545,2.2737367544323206e-13,0
2025-02-12,greedy,frozen_paired_same_contract_soc_information,53691.68372683104,53691.68372683104,0.0,85684.89044096171,82621.07465048552,3063.8157904761892,1921.1290865783344,0.0,0,0,6046.754229071124,286.6938,21498.45409766974,17413.747819112486,10800.0,10800.0,1521.0174924338596,10800.0,0.0002442999975755811,2.2737367544323206e-13,0
2025-02-12,mpc,frozen_paired_same_contract_soc_information,55669.53610261914,53691.68372683104,1977.8523757880969,85684.89044096171,82621.07465048552,3063.8157904761892,1921.1290865783344,384.80667380952383,20,11,5709.589677217934,810.6629499999991,22649.877594761027,18367.169240541058,10800.0,10776.924012461526,1360.6887888781007,10800.0,0.8941253999946639,2.2737367544323206e-13,0
2025-02-13,greedy,frozen_paired_same_contract_soc_information,53405.28797412094,53405.28797412094,0.0,85149.40167694942,82122.20548885418,3027.1961880952376,1902.33345955,0.0,0,0,9422.541032593159,732.2808000000005,19290.004356261023,15624.903528571427,10800.0,10800.0,1450.538060317462,10800.0,0.0006627999973716214,2.2737367544323206e-13,0
2025-02-13,mpc,frozen_paired_same_contract_soc_information,55344.34510490784,53405.28797412094,1939.057130786905,85149.40167694942,82122.20548885418,3027.1961880952376,1902.33345955,395.4918047619045,23,15,7444.246987568019,2539.8987485989214,22269.838484619497,18038.56975574178,10800.0,10799.999352000017,1544.518748107235,10800.0,0.9992543000116711,2.2737367544323206e-13,0
2025-02-14,greedy,frozen_paired_same_contract_soc_information,21094.6732169097,21094.6732169097,0.0,39440.317311574545,36480.13164252693,2960.185669047619,1904.574072742143,0.0,0,0,1903.6360482069338,3866.8521549127327,20358.038377832716,16490.0110860445,10800.0,10800.0,1578.9089735449734,10800.0,0.0005365999968489632,1.1368683772161603e-13,0
2025-02-14,mpc,frozen_paired_same_contract_soc_information,23622.193454864362,21094.6732169097,2527.5202379546663,39440.317311574545,36480.13164252693,2960.185669047619,1904.574072742143,581.8333457161741,31,11,2368.361576808593,4031.1737214347604,20171.672073185215,16350.858530804515,10800.0,10786.884276083907,1213.9359259259272,10800.0,1.088471600000048,1.1368683772161603e-13,0
2025-02-15,greedy,frozen_paired_same_contract_soc_information,20797.044105836343,20797.044105836343,0.0,39009.201721925914,36116.33101002115,2892.8707119047613,1924.7724883647222,0.0,0,0,1383.864445884778,4467.996438591662,20406.57756552356,16529.327828074085,10800.0,10800.0,1519.475883597886,10800.0,0.0004337999998824671,1.1368683772161603e-13,0
2025-02-15,mpc,frozen_paired_same_contract_soc_information,24106.02410722756,20797.044105836343,3308.98000139122,39009.201721925914,36116.33101002115,2892.8707119047613,1924.7724883647222,727.3120676422819,33,15,2085.8549616214436,4625.289041324655,20170.462454196757,16425.183767574657,10800.0,10703.212022583028,1279.6396137566142,10800.0,1.0434976999968057,1.1368683772161603e-13,0
2025-02-16,greedy,frozen_paired_same_contract_soc_information,51484.18881753374,51448.755795033736,35.43302249999984,82588.53140361824,79633.27096076109,2955.2604428571426,1862.7539320865872,7.7883333333332985,1,1,2893.612353909471,0.0,22764.885700221646,18439.557417179538,10800.0,10800.0,1426.4742595238117,10800.0,0.0008177000127034262,2.2737367544323206e-13,0
2025-02-16,mpc,frozen_paired_same_contract_soc_information,56882.49499114445,51448.755795033736,5433.739196110716,82588.53140361824,79633.27096076109,2955.2604428571426,1862.7539320865872,1137.2166261904772,43,16,3706.529275917277,434.45564999999937,22221.15811630908,18013.774112417632,10800.0,10783.737735325245,1400.4916804544432,10800.0,0.9908877999987453,2.2737367544323206e-13,0
2025-02-17,greedy,frozen_paired_same_contract_soc_information,50939.238507430644,50939.238507430644,0.0,82044.32370015288,79007.76059062907,3036.5631095238095,1867.1100018572224,0.0,0,0,6177.786804791303,794.4812,20464.17120365746,16575.97867496255,10800.0,10800.0,1380.3209885978856,10800.0,0.00030309999419841915,1.1368683772161603e-13,0
2025-02-17,mpc,frozen_paired_same_contract_soc_information,52689.8926806116,50939.238507430644,1750.6541731809543,82044.32370015288,79007.76059062907,3036.5631095238095,1867.1100018572224,341.34435238095284,22,12,5564.78978449367,1462.2781397145109,22143.141667573916,17968.40470591493,10800.0,10763.933383133271,1450.221013960099,10800.0,0.9937317000003532,2.2737367544323206e-13,0
2025-02-18,greedy,frozen_paired_same_contract_soc_information,50784.03840280216,50772.92245780215,11.115945000000234,81618.85518557957,78620.893414151,2997.961771428571,1865.5898369858733,2.443333333333385,1,1,5229.32416828336,275.2412499999997,21186.027985769528,17160.682668473317,10800.0,10800.0,1534.4548518518523,10800.0,0.0006508999940706417,1.1368683772161603e-13,0
2025-02-18,mpc,frozen_paired_same_contract_soc_information,52633.111598286676,50772.92245780215,1860.1891404845237,81618.85518557957,78620.893414151,2997.961771428571,1865.5898369858733,407.8849499999998,21,13,4722.298504431917,972.9076499999993,22323.534882954307,18083.388685139984,10800.0,10798.527300058899,1218.9762196112795,10800.0,0.9651605999970343,2.2737367544323206e-13,0
2025-02-19,greedy,frozen_paired_same_contract_soc_information,50452.03140896071,50289.99903291905,162.0323760416668,81004.34179618696,78103.91902475839,2900.4227714285707,1846.0541753888897,36.9979166666667,1,1,3636.1203671369817,135.93235000000004,23105.050591491145,18715.090979107823,10800.0,10800.0,1400.6443068783087,10800.0,0.0007662999996682629,1.5276668818842154e-13,0
2025-02-19,mpc,frozen_paired_same_contract_soc_information,54157.006386459514,50289.99903291905,3867.0073535404745,81004.34179618696,78103.91902475839,2900.4227714285707,1846.0541753888897,886.4500928571424,37,19,4811.658778883865,97.66157619047601,22191.151858315687,18089.007707679255,10800.0,10673.13921950717,1277.4234881179636,10800.0,1.0255074000015156,2.2737367544323206e-13,0
2025-02-20,greedy,frozen_paired_same_contract_soc_information,49987.551149914274,49846.34081753332,141.2103323809516,80516.42670686444,77613.79361162634,2902.6330952380945,1863.1133610731354,30.147380952380786,1,1,5059.803174191655,391.814483333333,21588.540510307957,17486.71781334945,10800.0,10800.0,1589.5523964021181,10800.0,0.0002480000111972913,2.2737367544323206e-13,0
2025-02-20,mpc,frozen_paired_same_contract_soc_information,52786.246214465464,49846.34081753332,2939.905396932142,80516.42670686444,77613.79361162634,2902.6330952380945,1863.1133610731354,600.6884404761903,28,14,5188.65165310655,793.6597247741341,22111.622654237974,17969.952618111354,10800.0,10733.846368690456,1403.477889107475,10800.0,0.9786215000058291,2.2737367544323206e-13,0
2025-02-21,greedy,frozen_paired_same_contract_soc_information,20398.434460128665,20398.434460128665,0.0,38423.37102845556,35508.4884213127,2914.8826071428552,1864.9237810269456,0.0,0,0,2219.973242151675,6831.01588974525,20063.78875381736,16251.66889059206,10800.0,10800.0,1755.1744285714283,10800.0,0.00024259999918285757,1.1368683772161603e-13,0
2025-02-21,mpc,frozen_paired_same_contract_soc_information,22054.66714096319,20398.434460128665,1656.2326808345226,38423.37102845556,35508.4884213127,2914.8826071428552,1864.9237810269456,391.0108999999999,28,14,3099.8719786539605,6336.930631876037,20191.01872042238,16373.701435830155,10800.0,10778.915253013307,1646.0664666174548,10800.0,1.021661699996912,1.1368683772161603e-13,0
2025-02-22,greedy,frozen_paired_same_contract_soc_information,20274.400499791944,20274.400499791944,0.0,38231.72919683688,35397.3410206464,2834.388176190474,1855.2141051533745,0.0,0,0,1758.3554341269814,4764.851907323611,20335.573537120832,16471.814565067878,10800.0,10800.0,1604.7993227513225,10800.0,0.0002547999902162701,1.1368683772161603e-13,0
2025-02-22,mpc,frozen_paired_same_contract_soc_information,23625.94975704799,20274.400499791944,3351.5492572560474,38231.72919683688,35397.3410206464,2834.388176190474,1855.2141051533745,692.9603138812226,22,12,2118.8100409420795,5196.652716035028,20013.921888260982,16249.458017853322,10800.0,10757.576346264528,1259.856116402115,10800.0,1.1331357000017306,1.1368683772161603e-13,0
2025-02-23,greedy,frozen_paired_same_contract_soc_information,49268.666570338675,49268.666570338675,0.0,79578.30291501309,76804.67333882261,2773.629576190474,1800.7257041490884,0.0,0,0,3414.457705771485,406.4334159804193,22239.779525936094,18014.22141600824,10800.0,10800.0,1442.554703703706,10800.0,0.000251300007221289,1.2789769243681803e-13,0
2025-02-23,mpc,frozen_paired_same_contract_soc_information,53195.79996493629,49268.666570338675,3927.1333945976194,79578.30291501309,76804.67333882261,2773.629576190474,1800.7257041490884,853.2395523809525,31,16,4175.238616753955,553.4005783003889,22092.676259776512,17921.626670770143,10800.0,10770.490110720923,1350.2150084430275,10800.0,1.071382199996151,2.2737367544323206e-13,0
2025-02-24,greedy,frozen_paired_same_contract_soc_information,48723.478907828816,48577.8021688312,145.676738997619,78725.77541968366,75940.710403017,2785.0650166666646,1817.4638609470644,32.06959761904761,2,1,5338.150754967672,1224.353383333333,21012.143485973927,17019.836223638886,10800.0,10800.0,1554.5179334127,10800.0,0.0002626000059535727,2.2737367544323206e-13,0
2025-02-24,mpc,frozen_paired_same_contract_soc_information,50422.287094235966,48577.8021688312,1844.4849254047645,78725.77541968366,75940.710403017,2785.0650166666646,1817.4638609470644,395.5945833333338,24,11,5454.657689695992,1288.2607622823537,21996.864498487063,17821.446564115075,10800.0,10795.57075517716,1373.2082960966045,10800.0,1.0232399999949848,2.2737367544323206e-13,0
2025-02-25,greedy,frozen_paired_same_contract_soc_information,48720.36840563875,48633.218701799466,87.14970383928585,78732.17571264275,75955.0576602618,2777.1180523809503,1818.4403196290884,19.899464285714316,1,1,7332.879164012855,1755.597709973033,20222.500366364417,16380.225296755178,10800.0,10800.0,1470.0504115079393,10800.0,0.00028709998878184706,1.1368683772161603e-13,0
2025-02-25,mpc,frozen_paired_same_contract_soc_information,50130.000194887565,48633.218701799466,1496.781493088092,78732.17571264275,75955.0576602618,2777.1180523809503,1818.4403196290884,346.2528785714279,20,11,6426.22212466122,2656.3431863468063,22160.879567437514,17986.339520564703,10800.0,10759.96992117743,1406.798764492688,10800.0,1.0576434999966295,2.2737367544323206e-13,0
2025-02-26,greedy,frozen_paired_same_contract_soc_information,48320.751366810895,48320.751366810895,0.0,78251.07572058529,75573.34449915672,2677.7312214285694,1759.098042649406,0.0,0,0,4645.530394179891,790.2927499999998,21054.7607530109,17054.356209938833,10800.0,10800.0,1582.616404761905,10800.0,0.000548899988643825,2.2737367544323206e-13,0
2025-02-26,mpc,frozen_paired_same_contract_soc_information,50963.23491777162,48320.751366810895,2642.4835509607137,78251.07572058529,75573.34449915672,2677.7312214285694,1759.098042649406,607.6188761904762,30,15,4451.0803177385715,1421.1465948841867,21990.816403615652,17819.196752795975,10800.0,10792.627260147454,1230.631515873019,10800.0,1.0545754000049783,2.2737367544323206e-13,0
2025-02-27,greedy,frozen_paired_same_contract_soc_information,47454.049924304294,47454.049924304294,0.0,77054.50654860833,74339.57917241787,2714.927376190474,1761.503335467898,0.0,0,0,4994.66592615121,767.4831560063371,22819.859297109473,18484.086030658673,10800.0,10800.0,1293.9066011199905,10800.0,0.00024410001060459763,1.1368683772161603e-13,0
2025-02-27,mpc,frozen_paired_same_contract_soc_information,51843.85913903524,47454.049924304294,4389.809214730951,77054.50654860833,74339.57917241787,2714.927376190474,1761.503335467898,866.4525761904757,33,12,6136.985904397707,655.8192178068566,21955.63360944341,17784.06380684915,10800.0,10799.999352000017,1215.1789191428597,10800.0,1.083426800003508,2.2737367544323206e-13,0
2025-02-28,greedy,frozen_paired_same_contract_soc_information,19499.720682921725,19499.720682921725,0.0,37079.88260914052,34545.335332950046,2534.5472761904757,1777.65642476254,0.0,0,0,2043.9580308348068,7823.850986446275,20628.842325576057,16709.362283716615,10800.0,10800.0,1559.554499259261,10800.0,0.0007488999981433153,1.1368683772161603e-13,0
2025-02-28,mpc,frozen_paired_same_contract_soc_information,21994.566740450296,19499.720682921725,2494.846057528572,37079.88260914052,34545.335332950046,2534.5472761904757,1777.65642476254,533.2226142857143,30,12,2368.4464591816336,8074.139825867798,20499.250388760087,16621.325000383284,10800.0,10781.186460569323,1231.2186954978683,10800.0,1.112735699993209,1.1368683772161603e-13,0
2025-03-01,greedy,frozen_paired_same_contract_soc_information,19624.957136064448,19624.957136064448,0.0,37140.770633866676,34511.740321961915,2629.0303119047603,1796.7883238423417,0.0,0,0,2211.077842533802,7542.095863503836,19625.4262868195,15896.595292323795,10800.0,10800.0,1610.0663650793658,10800.0,0.0005485000001499429,1.1368683772161603e-13,0
2025-03-01,mpc,frozen_paired_same_contract_soc_information,22068.260810773972,19624.957136064448,2443.303674709522,37140.770633866676,34511.740321961915,2629.0303119047603,1796.7883238423417,485.3022476190473,24,13,3672.0001301285033,6521.675287116091,19949.521313707784,16175.889782799984,10800.0,10781.358312559247,1669.792580256207,10800.0,1.012495000002673,1.1368683772161603e-13,0
2025-03-02,greedy,frozen_paired_same_contract_soc_information,61544.66453928953,46920.11469374968,14624.54984553985,76234.14867653407,73495.56820748645,2738.580469047618,1927.7772093849999,2156.1879796966523,5,2,2012.9157973621273,0.0,21153.23048527337,17134.11669307143,10800.0,10800.0,1200.0,10800.0,0.00028339998971205205,1.1368683772161603e-13,0
2025-03-02,mpc,frozen_paired_same_contract_soc_information,68218.15029934082,46920.11469374968,21298.035605591147,76234.14867653407,73495.56820748645,2738.580469047618,1927.7772093849999,3960.9957525070295,38,14,3713.9497908003295,377.3101523809523,19832.213210882786,16086.635791689629,10800.0,10774.952121250479,1200.0,10800.0,0.9767032000090694,2.2737367544323206e-13,0
2025-03-03,greedy,frozen_paired_same_contract_soc_information,56234.50342776683,47113.77007872723,9120.73334903959,76475.18605969145,73622.35192159622,2852.834138095237,2264.7249412688893,1457.1444682435422,10,3,1517.198185015529,0.0,23147.29320834802,18749.307498761897,10800.0,10800.0,1200.0,10800.0,0.000454399996669963,1.1368683772161603e-13,0
2025-03-03,mpc,frozen_paired_same_contract_soc_information,61660.97828560407,47113.77007872723,14547.208206876836,76475.18605969145,73622.35192159622,2852.834138095237,2264.7249412688893,3014.5934813225786,53,13,3308.6673994179228,102.64892891019984,21545.568760273523,17484.252180920954,10800.0,10764.065016556224,1214.2997262857161,10800.0,1.1181823999941116,2.2737367544323206e-13,0
2025-03-04,greedy,frozen_paired_same_contract_soc_information,48276.798208656175,48276.798208656175,0.0,78173.20222594962,75015.76107356866,3157.4411523809517,2385.855395089564,0.0,0,0,4217.10520834803,600.6831000000002,21873.45254878033,17717.49656451207,10800.0,10800.0,1451.88535978836,10800.0,0.00024339999072253704,1.1368683772161603e-13,0
2025-03-04,mpc,frozen_paired_same_contract_soc_information,50532.090708903794,48276.798208656175,2255.2925002476195,78173.20222594962,75015.76107356866,3157.4411523809517,2385.855395089564,477.876985714286,26,10,4920.288128285518,467.71152629182734,21810.2442930272,17746.622669273973,10800.0,10710.750231197853,1336.2298665591256,10800.0,1.1296695000055479,2.2737367544323206e-13,0
2025-03-05,greedy,frozen_paired_same_contract_soc_information,48897.71405832976,48897.71405832976,0.0,79217.65849465926,75934.97512799258,3282.6833666666666,2372.103371361429,0.0,0,0,8675.545359229869,625.9976666666664,19924.439221558223,16138.795769462165,10800.0,10800.0,1341.6612566137574,10800.0,0.0003262999962316826,1.5143442055887135e-13,0
2025-03-05,mpc,frozen_paired_same_contract_soc_information,50507.890409655956,48897.71405832976,1610.1763513261942,79217.65849465926,75934.97512799258,3282.6833666666666,2372.103371361429,275.7838357142864,16,6,7380.523817978141,1822.274537891376,22075.21878206143,17915.046824224068,10800.0,10762.0893213841,1241.6700260351743,10800.0,0.9629700999939814,1.1368683772161603e-13,0
2025-03-06,greedy,frozen_paired_same_contract_soc_information,48854.78443354212,48854.78443354212,0.0,78787.31655092031,75510.86135092031,3276.4552000000012,2389.8138505039274,0.0,0,0,7871.955355422399,1269.7744410208666,19499.645374440624,15794.712753296906,10800.0,10800.0,1530.1526349206363,10800.0,0.0008324000082211569,1.2789769243681803e-13,0
2025-03-06,mpc,frozen_paired_same_contract_soc_information,49723.93215079213,48854.78443354212,869.14771725,78787.31655092031,75510.86135092031,3276.4552000000012,2389.8138505039274,211.59592142857142,19,11,6818.894162105489,2153.892913892962,21835.544485361628,17750.073222344523,10800.0,10729.686456442661,1323.7269274259959,10800.0,0.8358526999945752,2.2737367544323206e-13,0
2025-03-07,greedy,frozen_paired_same_contract_soc_information,19642.044419595404,19642.044419595404,0.0,37094.17135814011,33894.18901052106,3199.9823476190477,2425.4361534640075,0.0,0,0,2987.9085101083115,9619.912783333333,18758.23437560597,15194.169844240841,10800.0,10800.0,1803.520670211642,10800.0,0.0002842999965650961,1.1368683772161603e-13,0
2025-03-07,mpc,frozen_paired_same_contract_soc_information,20773.18673144898,19642.044419595404,1131.1423118535722,37094.17135814011,33894.18901052106,3199.9823476190477,2425.4361534640075,216.38718333333358,18,11,3473.990826101093,9203.022273874984,19828.2634262144,16117.003518050364,10800.0,10737.655396870336,1288.9413607078334,10800.0,0.9336006000085035,1.1368683772161603e-13,0
2025-03-08,greedy,frozen_paired_same_contract_soc_information,19002.47517889016,19002.47517889016,0.0,35504.28534143722,32264.434281913418,3239.851059523809,2403.8390908517067,0.0,0,0,2517.525381246327,10003.710842250544,20631.103164598364,16711.193563324676,10800.0,10800.0,1477.3342065969211,10800.0,0.00024510000366717577,1.1368683772161603e-13,0
2025-03-08,mpc,frozen_paired_same_contract_soc_information,20935.29236266754,19002.47517889016,1932.8171837773812,35504.28534143722,32264.434281913418,3239.851059523809,2403.8390908517067,531.6385095238097,30,13,3701.4720042386875,9434.126728092435,20376.979681954588,16539.79407999134,10800.0,10761.732735990978,1566.776010538721,10800.0,1.1014470999944024,1.1368683772161603e-13,0
2025-03-09,greedy,frozen_paired_same_contract_soc_information,46665.54281790521,46665.54281790521,0.0,75738.740285398,72457.99356158849,3280.7467238095232,2405.35204105127,0.0,0,0,7036.520268195177,1469.0632718988752,20524.37734370504,16624.74564840108,10800.0,10800.0,1399.1101243386238,10800.0,0.0002480999974068254,1.1368683772161603e-13,0
2025-03-09,mpc,frozen_paired_same_contract_soc_information,48176.22145756116,46665.54281790521,1510.6786396559523,75738.740285398,72457.99356158849,3280.7467238095232,2405.35204105127,320.47394523809487,22,12,6792.427883865455,1808.9655075112867,21739.2869448033,17614.99115554394,10800.0,10793.145855274155,1398.8987369784531,10800.0,1.2899916999886045,2.2737367544323206e-13,0
2025-03-10,greedy,frozen_paired_same_contract_soc_information,45813.298192067894,45813.298192067894,0.0,74516.36477060814,71236.79984441766,3279.564926190475,2421.796012434247,0.0,0,0,2389.601241801561,0.0,21498.37936213992,17413.687283333336,10800.0,10800.0,1363.4247063492046,10800.0,0.0007466999959433451,1.1368683772161603e-13,0
2025-03-10,mpc,frozen_paired_same_contract_soc_information,53448.76889539257,45813.298192067894,7635.470703324672,74516.36477060814,71236.79984441766,3279.564926190475,2421.796012434247,1468.2201783930052,32,13,3202.358848794281,834.5146016393944,20676.778060035278,16771.138011467803,10800.0,10774.502463511973,1243.475703703705,10800.0,1.0764973999903305,2.2737367544323206e-13,0
2025-03-11,greedy,frozen_paired_same_contract_soc_information,45368.4864151827,45368.4864151827,0.0,74243.9328505922,70798.90999344934,3445.022857142856,2424.7568121123413,0.0,0,0,5366.084801709203,1129.5081000000002,20049.5849941211,16240.163845238098,10800.0,10800.0,1445.0908775396815,10800.0,0.001021699994453229,2.2737367544323206e-13,0
2025-03-11,mpc,frozen_paired_same_contract_soc_information,47424.3361171064,45368.4864151827,2055.849701923701,74243.9328505922,70798.90999344934,3445.022857142856,2424.7568121123413,448.8401262967436,30,14,5033.027866055381,1770.7780961878857,21114.127307396564,17164.07909275088,10800.0,10731.515584711487,1249.8949947089966,10800.0,1.2591453000059118,2.2737367544323206e-13,0
2025-03-12,greedy,frozen_paired_same_contract_soc_information,44943.743315961896,44943.743315961896,0.0,73437.69149560858,70049.07811465621,3388.6133809523817,2436.8582610315066,0.0,0,0,5384.7500884130295,1761.1703878362432,20295.980715926242,16439.74437990026,10800.0,10800.0,1444.6792474867748,10800.0,0.0002460000105202198,1.1368683772161603e-13,0
2025-03-12,mpc,frozen_paired_same_contract_soc_information,46839.98664748094,44943.743315961896,1896.2433315190467,73437.69149560858,70049.07811465621,3388.6133809523817,2436.8582610315066,474.92300476190456,30,16,5353.877923430275,2174.095091486655,21041.950834401443,17092.844032281217,10800.0,10745.706826204394,1309.9506187390782,10800.0,1.1618675999925472,2.2737367544323206e-13,0
2025-03-13,greedy,frozen_paired_same_contract_soc_information,46512.396585439805,44377.20810768066,2135.188477759144,72618.07584923373,69139.9133706623,3478.162478571429,2395.729100998531,306.07632995400576,1,1,1271.9317302763059,0.0,21613.69701181457,17507.0945795698,10800.0,10800.0,1200.0,10800.0,0.00036360000376589596,1.1368683772161603e-13,0
2025-03-13,mpc,frozen_paired_same_contract_soc_information,55601.07928828207,44377.20810768066,11223.87118060141,72618.07584923373,69139.9133706623,3478.162478571429,2395.729100998531,2097.405588491759,32,13,2721.6756801214815,581.9336552632465,20477.620406706148,16611.36632103205,10800.0,10772.784675999925,1207.274074074075,10800.0,1.2470458000025246,2.2737367544323206e-13,0
2025-03-14,greedy,frozen_paired_same_contract_soc_information,18523.564994223634,18523.564994223634,0.0,34758.327946586396,31037.407334681633,3720.9206119047612,2578.619448208452,0.0,0,0,2724.6006168136373,12069.143160100779,20711.358875466532,16776.200689127887,10800.0,10800.0,1674.9387229100541,10800.0,0.0003276999923400581,1.1368683772161603e-13,0
2025-03-14,mpc,frozen_paired_same_contract_soc_information,21364.988390421255,18523.564994223634,2841.423396197618,34758.327946586396,31037.407334681633,3720.9206119047612,2578.619448208452,643.3779119047615,33,11,3254.144784461406,12263.115044524631,20386.84548053777,16531.825434365983,10800.0,10779.466005410679,1285.0752753203344,10800.0,1.2486790999973891,1.1368683772161603e-13,0
2025-03-15,greedy,frozen_paired_same_contract_soc_information,18737.806518942416,18737.806518942416,0.0,35242.610330206095,31449.046282587056,3793.5640476190465,2584.6864233828583,0.0,0,0,1886.149731951793,8488.168785057509,20758.771911562122,16814.605248365326,10800.0,10800.0,1422.5861996825392,10800.0,0.0005139999993843958,1.1368683772161603e-13,0
2025-03-15,mpc,frozen_paired_same_contract_soc_information,21570.490380861465,18737.806518942416,2832.68386191905,35242.610330206095,31449.046282587056,3793.5640476190465,2584.6864233828583,564.0555238095243,32,14,3016.558744834094,8078.445947619047,20260.680836118285,16473.1448245558,10800.0,10731.118503000009,1506.5261777358671,10800.0,1.1493305000039982,1.1368683772161603e-13,0
2025-03-16,greedy,frozen_paired_same_contract_soc_information,44344.445564973095,44344.445564973095,0.0,72639.90403957845,68719.60355624513,3920.3004833333316,2611.990314041549,0.0,0,0,4993.5419683127575,329.98726666666664,20870.146690872112,16904.818819606407,10800.0,10800.0,1675.1421058201092,10800.0,0.0005365000106394291,1.1368683772161603e-13,0
2025-03-16,mpc,frozen_paired_same_contract_soc_information,48411.441246552335,44344.445564973095,4066.9956815792502,72639.90403957845,68719.60355624513,3920.3004833333316,2611.990314041549,866.2462177238112,36,17,5236.3336605882905,1044.9193952380954,20462.726796215626,16588.876528073077,10800.0,10784.369085401755,1288.7153888888893,10800.0,1.25930089999747,2.2737367544323206e-13,0
2025-03-17,greedy,frozen_paired_same_contract_soc_information,44358.87827329205,44358.87827329205,0.0,72844.04200301201,68890.46627205962,3953.5757309523797,2613.511236251985,0.0,0,0,8766.42216442787,2603.5355527816764,19031.330802469136,15415.377950000004,10800.0,10800.0,1505.3911931216915,10800.0,0.0003763999993680045,1.1368683772161603e-13,0
2025-03-17,mpc,frozen_paired_same_contract_soc_information,45869.24914842181,44358.87827329205,1510.3708751297645,72844.04200301201,68890.46627205962,3953.5757309523797,2613.511236251985,274.02489761904815,14,8,8241.752631909632,3091.270464877083,20691.242171697595,16764.329801186577,10800.0,10795.084842098306,1471.5912313195763,10800.0,1.196347599994624,2.2737367544323206e-13,0
2025-03-18,greedy,frozen_paired_same_contract_soc_information,44198.47680503202,43094.74766779219,1103.7291372398317,70866.43233443717,67029.60842967525,3836.8239047619036,2650.5504142322234,224.64195669830838,3,1,4633.292711591087,1253.98175,21462.3234888301,17384.48202595238,10800.0,10800.0,1200.0,10800.0,0.0004236999957356602,1.5187850976872141e-13,0
2025-03-18,mpc,frozen_paired_same_contract_soc_information,48426.009206466,43094.74766779219,5331.261538673809,70866.43233443717,67029.60842967525,3836.8239047619036,2650.5504142322234,1050.1514404761904,31,10,5761.803405038638,1145.5855620691843,20859.319983313366,16976.0835421745,10800.0,10711.072938121477,1468.9861607431371,10800.0,1.130616700000246,2.2737367544323206e-13,0
2025-03-19,greedy,frozen_paired_same_contract_soc_information,43281.09689063081,43281.09689063081,0.0,71080.79841378867,67257.13011855059,3823.6682952380934,2696.961684803613,0.0,0,0,5770.786607842279,1846.9192606174502,21040.116291205,17042.494195876054,10800.0,10800.0,1497.2110038414196,10800.0,0.00027910000062547624,1.1368683772161603e-13,0
2025-03-19,mpc,frozen_paired_same_contract_soc_information,46915.48532624511,43281.09689063081,3634.388435614287,71080.79841378867,67257.13011855059,3823.6682952380934,2696.961684803613,716.281780952381,23,10,6752.5676935764795,1631.5208766586566,20776.43030371531,16828.909129209387,10800.0,10799.999352000017,1419.1027721515638,10800.0,0.9613979999994626,2.2737367544323206e-13,0
2025-03-20,greedy,frozen_paired_same_contract_soc_information,43416.79839656383,43416.79839656383,0.0,70966.65184695611,67092.20890409898,3874.4429428571416,2651.217376471708,0.0,0,0,3781.6169689006438,1014.3316833333329,20851.270410818313,16889.529032762835,10800.0,10800.0,1516.7374682539694,10800.0,0.00027049999334849417,1.1368683772161603e-13,0
2025-03-20,mpc,frozen_paired_same_contract_soc_information,46752.53321536145,43416.79839656383,3335.7348187976227,70966.65184695611,67092.20890409898,3874.4429428571416,2651.217376471708,759.1962309523817,35,8,4697.305860908371,899.8268103086074,20652.826782311502,16733.073192286643,10800.0,10795.240557095194,1302.0020450525142,10800.0,1.1049614999938058,2.2737367544323206e-13,0
2025-03-21,greedy,frozen_paired_same_contract_soc_information,18341.689905051797,18341.689905051797,0.0,34384.14887370889,30513.686261804127,3870.4626119047607,2697.264311197898,0.0,0,0,2734.8647951138573,15696.520733333331,20627.88857155281,16708.589742957774,10800.0,10800.0,1550.2131190476196,10800.0,0.00025189999723806977,1.1368683772161603e-13,0
2025-03-21,mpc,frozen_paired_same_contract_soc_information,20828.23450511251,18341.689905051797,2486.5446000607126,34384.14887370889,30513.686261804127,3870.4626119047607,2697.264311197898,616.2956904761902,35,12,4065.5794174727066,15094.034584104229,20319.162091280203,16511.796045338728,10800.0,10740.80583177582,1641.0574602056456,10800.0,1.0261551000003237,1.1368683772161603e-13,0
2025-03-22,greedy,frozen_paired_same_contract_soc_information,18785.33593745049,18785.33593745049,0.0,35105.547491150646,31247.3263482935,3858.221142857141,2690.559770415002,0.0,0,0,3422.5487174897116,12025.33092696435,19876.14796506974,16099.679851706493,10800.0,10800.0,1918.9026028393464,10800.0,0.00028229999588802457,1.1368683772161603e-13,0
2025-03-22,mpc,frozen_paired_same_contract_soc_information,20835.39889413763,18785.33593745049,2050.062956687145,35105.547491150646,31247.3263482935,3858.221142857141,2690.559770415002,467.5563251871163,15,9,3384.653150887135,12509.902154761905,20020.81480625572,16223.466028900331,10800.0,10792.659960185338,1299.3544629629641,10800.0,1.0642460000090068,1.1368683772161603e-13,0
2025-03-23,greedy,frozen_paired_same_contract_soc_information,41807.564494103266,41807.564494103266,0.0,68759.08035308663,64886.9251888009,3872.155164285713,2724.636121769286,0.0,0,0,4027.362096531662,2004.9384208994682,20826.630099941212,16869.570380952384,10800.0,10800.0,1309.0050717989425,10800.0,0.0002640999882714823,1.1368683772161603e-13,0
2025-03-23,mpc,frozen_paired_same_contract_soc_information,45636.10865570208,41807.564494103266,3828.544161598808,68759.08035308663,64886.9251888009,3872.155164285713,2724.636121769286,751.0878357142853,32,10,4934.693599943538,1866.7021668524326,20731.857308096085,16792.805002757814,10800.0,10799.999352000017,1367.5339167801415,10800.0,0.8173421000101371,2.2737367544323206e-13,0
2025-03-24,greedy,frozen_paired_same_contract_soc_information,41434.24826551966,41434.24826551966,0.0,67906.36140706876,63954.115159449706,3952.2462476190462,2692.5570164508736,0.0,0,0,3809.3747821281568,2159.034833333333,20733.97214881018,16794.51744053624,10800.0,10800.0,1696.4340793650763,10800.0,0.000774600004660897,1.1368683772161603e-13,0
2025-03-24,mpc,frozen_paired_same_contract_soc_information,43754.658006216094,41434.24826551966,2320.4097406964293,67906.36140706876,63954.115159449706,3952.2462476190462,2692.5570164508736,555.9069857142858,29,14,4768.333585686927,1953.4451354131475,20377.2902248224,16635.297636472766,10800.0,10655.89716181487,1269.3632513227515,10800.0,0.914809800000512,2.2737367544323206e-13,0
2025-03-25,greedy,frozen_paired_same_contract_soc_information,41072.93989494236,41072.93989494236,0.0,67488.91130383586,63584.89573002634,3904.015573809522,2738.4124738464698,0.0,0,0,1748.6466657848287,748.8334072016405,21270.03428517224,17228.727770989513,10800.0,10800.0,1352.987971640212,10800.0,0.00025660000392235816,2.2737367544323206e-13,0
2025-03-25,mpc,frozen_paired_same_contract_soc_information,45682.33220246142,41072.93989494236,4609.392307519052,67488.91130383586,63584.89573002634,3904.015573809522,2738.4124738464698,1034.6453333333343,46,18,2952.5479447919706,793.4644887002296,20480.12217228556,16652.702685275224,10800.0,10729.106971417861,1315.2027092655155,10800.0,0.9257947000005515,2.2737367544323206e-13,0
2025-03-26,greedy,frozen_paired_same_contract_soc_information,41106.754240449816,41106.754240449816,0.0,67573.34352416676,63470.383105119145,4102.960419047619,2718.9739521136107,0.0,0,0,5430.663983896333,2680.3422582892463,20367.275870076424,16497.493454761905,10800.0,10800.0,1425.5419708994712,10800.0,0.00023600000713486224,1.1368683772161603e-13,0
2025-03-26,mpc,frozen_paired_same_contract_soc_information,43538.208314939104,41106.754240449816,2431.454074489284,67573.34352416676,63470.383105119145,4102.960419047619,2718.9739521136107,500.64276666666615,30,11,5522.0237116478465,3137.9645385394874,20436.357596179096,16614.91442219966,10800.0,10731.705811894893,1386.4642825343192,10800.0,0.9937506999995094,2.2737367544323206e-13,0
2025-03-27,greedy,frozen_paired_same_contract_soc_information,41091.23804540071,41091.23804540071,0.0,67338.45548452041,63213.204729758494,4125.250754761905,2721.8257832330946,0.0,0,0,3665.245384744268,1089.0153693121777,20353.712265599803,16486.506935135843,10800.0,10800.0,1580.75743915344,10800.0,0.0002578999992692843,1.1368683772161603e-13,0
2025-03-27,mpc,frozen_paired_same_contract_soc_information,44369.21432907726,41091.23804540071,3277.9762836765526,67338.45548452041,63213.204729758494,4125.250754761905,2721.8257832330946,680.4568896999982,29,15,4411.997212294187,1133.1680261904764,20005.192259743017,16248.434524007273,10800.0,10750.856895982859,1260.912481481483,10800.0,1.047919600008754,2.2737367544323206e-13,0
2025-03-28,greedy,frozen_paired_same_contract_soc_information,18283.757797562463,18283.757797562463,0.0,34418.31225257664,30134.89665257664,4283.415600000001,2652.214482897062,0.0,0,0,3258.1498498530286,16491.941915614905,20243.893265484447,16397.553545042403,10800.0,10800.0,1842.9887380952384,10800.0,0.00032040000951383263,1.1368683772161603e-13,0
2025-03-28,mpc,frozen_paired_same_contract_soc_information,20070.40797885294,18283.757797562463,1786.6501812904767,34418.31225257664,30134.89665257664,4283.415600000001,2652.214482897062,462.89250238095264,24,11,4491.490009092483,15731.75608146657,20259.548347536187,16423.47044980431,10800.0,10785.293013000008,1718.3664746071192,10800.0,0.9752004999900237,1.1368683772161603e-13,0
2025-03-29,greedy,frozen_paired_same_contract_soc_information,17973.70195855247,17973.70195855247,0.0,34052.12106396185,29812.580778247568,4239.540285714287,2723.15305937996,0.0,0,0,2629.1655360376308,19870.389503820767,20238.720214579647,16393.363373809523,10800.0,10800.0,1581.3992863492106,10800.0,0.0005884999991394579,1.1368683772161603e-13,0
2025-03-29,mpc,frozen_paired_same_contract_soc_information,20162.27831751199,17973.70195855247,2188.5763589595235,34052.12106396185,29812.580778247568,4239.540285714287,2723.15305937996,451.40962380952374,30,12,3945.7551093737334,19000.96548865536,20312.53845640895,16462.93755,10800.0,10789.131777434724,1594.2865730139408,10800.0,0.8762198999902466,1.1368683772161603e-13,0
2025-03-30,greedy,frozen_paired_same_contract_soc_information,40159.722942748165,40159.722942748165,0.0,65732.45833577553,61469.564504823145,4262.893830952382,2692.1380937817858,0.0,0,0,4177.686007789538,2406.7189666666673,20012.80874378594,16210.375082466613,10800.0,10800.0,1643.9810296825399,10800.0,0.0009024000028148293,2.2737367544323206e-13,0
2025-03-30,mpc,frozen_paired_same_contract_soc_information,42188.05322412052,40159.722942748165,2028.3302813723562,65732.45833577553,61469.564504823145,4262.893830952382,2692.1380937817858,446.36330338573225,29,15,5143.151248320364,1871.466898114278,20278.908390855122,16460.3245981285,10800.0,10761.7679982935,1267.657222222224,10800.0,0.9144956999953138,2.2737367544323206e-13,0
2025-03-31,greedy,frozen_paired_same_contract_soc_information,39461.15513125522,39461.15513125522,0.0,64834.41783624546,60633.63344100736,4200.784395238095,2749.108714775556,0.0,0,0,2904.866560817166,1287.8790666666673,19422.540660148945,15732.257934720648,10800.0,10800.0,1421.841241904765,10800.0,0.00024670000129844993,1.1368683772161603e-13,0
2025-03-31,mpc,frozen_paired_same_contract_soc_information,50110.31934738887,39461.15513125522,10649.164216133648,64834.41783624546,60633.63344100736,4200.784395238095,2749.108714775556,1816.852022532327,28,11,3294.3209455313277,2814.113900000001,18998.7232397205,15407.27770980737,10800.0,10779.653460406931,1224.046037037037,10800.0,0.8514452000090387,2.2737367544323206e-13,0
2025-04-01,greedy,frozen_paired_same_contract_soc_information,39821.2656579408,39821.2656579408,0.0,65398.8819243918,61162.15455534417,4236.727369047619,2777.1384108645243,0.0,0,0,1446.6145689300488,0.0,19702.18862523727,15958.772786442192,10800.0,10800.0,1451.6452671957672,10800.0,0.00041530000453349203,1.1368683772161603e-13,0
2025-04-01,mpc,frozen_paired_same_contract_soc_information,54551.76499518681,39821.2656579408,14730.499337246012,65398.8819243918,61162.15455534417,4236.727369047619,2777.1384108645243,2464.81129148057,38,17,2590.4831162899386,1578.2460809523814,18347.96309454405,14861.85059258067,10800.0,10799.999460000012,1200.0,10800.0,0.8977770000055898,2.2737367544323206e-13,0
2025-04-02,greedy,frozen_paired_same_contract_soc_information,44594.06997902149,39468.07979079585,5125.990188225645,64999.922723815704,60686.708561910935,4313.214161904762,2554.2528387165084,1024.3054798446656,9,1,1543.6067986030562,0.0,21290.97897398589,17245.692968928568,10800.0,10800.0,1200.0,10800.0,0.00023759999021422118,1.5631940186722204e-13,0
2025-04-02,mpc,frozen_paired_same_contract_soc_information,52698.91729136251,39468.07979079585,13230.837500566662,64999.922723815704,60686.708561910935,4313.214161904762,2554.2528387165084,2476.2523476190468,45,14,3076.8673364054057,268.8177721511975,19623.022111651386,15927.867548773236,10800.0,10763.089290738213,1219.1559608215657,10800.0,0.8789840999961598,2.2737367544323206e-13,0
2025-04-03,greedy,frozen_paired_same_contract_soc_information,39936.78689579961,39891.59662046959,45.19027533002801,66004.70851689085,61604.629188319406,4400.07932857143,2660.522227575635,9.109106093535175,1,1,4068.613432569079,2041.8980778344653,21261.978136390353,17222.20229047619,10800.0,10800.0,1200.0,10800.0,0.00023950000468175858,1.1368683772161603e-13,0
2025-04-03,mpc,frozen_paired_same_contract_soc_information,44449.652763584774,39891.59662046959,4558.05614311519,66004.70851689085,61604.629188319406,4400.07932857143,2660.522227575635,917.1653968415567,38,15,5099.282676739643,2172.1351308579606,20251.80153205344,16464.875692585312,10800.0,10732.315053753304,1217.4850291005303,10800.0,0.8872252000001026,2.2737367544323206e-13,0
2025-04-04,greedy,frozen_paired_same_contract_soc_information,17695.706689484563,17695.706689484563,0.0,33554.74257446373,29090.55822446373,4464.184350000001,2628.8079829922217,0.0,0,0,3487.7710816578533,19775.00426926739,20321.92091336047,16460.755939821982,10800.0,10800.0,1821.613500197794,10800.0,0.0008018999942578375,1.1368683772161603e-13,0
2025-04-04,mpc,frozen_paired_same_contract_soc_information,20411.096685086944,17695.706689484563,2715.3899956023806,33554.74257446373,29090.55822446373,4464.184350000001,2628.8079829922217,653.5570023809523,29,10,4812.848690138917,19130.53219456719,20199.450922436747,16365.33448029817,10800.0,10795.800852083989,1689.6200110102582,10800.0,0.6406285999983083,1.1368683772161603e-13,0
2025-04-05,greedy,frozen_paired_same_contract_soc_information,17829.22057207057,17829.22057207057,0.0,33794.75091386069,29322.40978528926,4472.341128571428,2652.847589672381,0.0,0,0,2851.827219753084,15074.711313478563,20126.828406819517,16302.731009523812,10800.0,10800.0,1676.1531532275092,10800.0,0.0005764999950770289,1.1368683772161603e-13,0
2025-04-05,mpc,frozen_paired_same_contract_soc_information,23531.334940107125,17829.22057207057,5702.114368036552,33794.75091386069,29322.40978528926,4472.341128571428,2652.847589672381,1131.8470114191082,28,13,3160.3351844146187,16067.323957198683,19370.36741748548,15715.543617152322,10800.0,10771.615545567685,1200.0,10800.0,0.6051541000051657,1.1368683772161603e-13,0
2025-04-06,greedy,frozen_paired_same_contract_soc_information,39771.26492424217,39771.26492424217,0.0,65920.00402092352,61200.856359018755,4719.147661904761,2615.240198946906,0.0,0,0,4451.610585302764,3185.053499999999,20385.598257653095,16512.33458869901,10800.0,10800.0,1387.1389259259274,10800.0,0.0002542000001994893,1.1368683772161603e-13,0
2025-04-06,mpc,frozen_paired_same_contract_soc_information,42690.30971401003,39771.26492424217,2919.04478976786,65920.00402092352,61200.856359018755,4719.147661904761,2615.240198946906,593.4636285714291,31,14,5844.9642595924,2396.2706806897704,20327.142240768928,16464.98579822282,10800.0,10799.999352000017,1380.954045589204,10800.0,0.6147551000030944,2.2737367544323206e-13,0
2025-04-07,greedy,frozen_paired_same_contract_soc_information,39263.235938385245,39263.235938385245,0.0,64907.03468133908,60174.04456229147,4732.990119047618,2622.4770863442873,0.0,0,0,5462.306478012926,2562.9335666666666,19153.02817540084,15513.952822074676,10800.0,10800.0,1590.161308862433,10800.0,0.0002677000011317432,1.1368683772161603e-13,0
2025-04-07,mpc,frozen_paired_same_contract_soc_information,41687.863703842886,39263.235938385245,2424.6277654576384,64907.03468133908,60174.04456229147,4732.990119047618,2622.4770863442873,497.89326901202116,20,11,4617.010939857953,3910.1102166666656,19487.186137365334,15852.098626872179,10800.0,10725.024604881934,1214.8423068783063,10800.0,1.4726822999946307,2.2737367544323206e-13,0
2025-04-08,greedy,frozen_paired_same_contract_soc_information,39602.519229141944,39602.519229141944,0.0,65357.14411164224,60558.986283070815,4798.157828571427,2600.161607861312,0.0,0,0,4446.9395079659025,2609.5540166666665,20776.089317594808,16828.632347251798,10800.0,10800.0,1386.2576140740764,10800.0,0.0003079000016441569,2.2737367544323206e-13,0
2025-04-08,mpc,frozen_paired_same_contract_soc_information,44749.64598267527,39602.519229141944,5147.126753533328,65357.14411164224,60558.986283070815,4798.157828571427,2600.161607861312,1052.1502904761894,33,9,6133.458752506765,2199.2975980161623,19802.18830599016,16078.84387106132,10800.0,10756.587396434128,1333.5092309866873,10800.0,1.5795070000021951,2.2737367544323206e-13,0
2025-04-09,greedy,frozen_paired_same_contract_soc_information,39334.56667160588,39334.56667160588,0.0,64738.39234973515,59819.403787830386,4918.988561904761,2576.9250820634134,0.0,0,0,1720.3960481931495,0.0,20440.448867764928,16556.7635828896,10800.0,10800.0,1353.1876596436746,10800.0,0.0004425999941304326,2.2737367544323206e-13,0
2025-04-09,mpc,frozen_paired_same_contract_soc_information,53588.9181179374,39334.56667160588,14254.351446331524,64738.39234973515,59819.403787830386,4918.988561904761,2576.9250820634134,2392.8988939951996,30,12,3664.032668591246,976.8664341712486,17992.84080605273,14636.75968175154,10800.0,10730.490412390187,1221.8240740740741,10800.0,1.8594340999989072,2.2737367544323206e-13,0
2025-04-10,greedy,frozen_paired_same_contract_soc_information,39369.217391055354,39369.217391055354,0.0,64604.59284097195,59528.96596716243,5075.626873809524,2578.2813853472626,0.0,0,0,4299.223616225757,2052.691278982956,19958.105504017116,16166.06545825387,10800.0,10800.0,1461.5899411640241,10800.0,0.0009891000081552193,2.2737367544323206e-13,0
2025-04-10,mpc,frozen_paired_same_contract_soc_information,42245.21384385618,39369.217391055354,2875.9964528008245,64604.59284097195,59528.96596716243,5075.626873809524,2578.2813853472626,596.6166032581563,27,15,4925.111530246263,2078.275301028506,19769.123194141535,16031.93848118619,10800.0,10778.945895631618,1274.9203703703674,10800.0,1.858087799992063,2.2737367544323206e-13,0
2025-04-11,greedy,frozen_paired_same_contract_soc_information,17787.111942489748,17787.111942489748,0.0,33552.33259064068,28455.604164450207,5096.728426190475,2616.921980421787,0.0,0,0,3372.959410934741,21029.73808876863,20173.60486458234,16340.619940311695,10800.0,10800.0,1755.8707772222212,10800.0,0.0004743000026792288,1.1368683772161603e-13,0
2025-04-11,mpc,frozen_paired_same_contract_soc_information,20830.04819751832,17787.111942489748,3042.9362550285728,33552.33259064068,28455.604164450207,5096.728426190475,2616.921980421787,683.3685809523813,28,8,5101.8510571074485,20104.573230462483,19970.428507668163,16257.801790311696,10800.0,10709.161445443908,1743.4825254120396,10800.0,1.806316300004255,1.1368683772161603e-13,0
2025-04-12,greedy,frozen_paired_same_contract_soc_information,18058.750949245932,18058.750949245932,0.0,33983.00809509703,28899.86532128751,5083.142773809523,2643.1162379287316,0.0,0,0,3992.9713497670587,17310.302033333333,19234.60085261389,15580.026690617251,10800.0,10800.0,1867.1942490740742,10800.0,0.0008396999910473824,1.1368683772161603e-13,0
2025-04-12,mpc,frozen_paired_same_contract_soc_information,19040.21942725665,18058.750949245932,981.468478010715,33983.00809509703,28899.86532128751,5083.142773809523,2643.1162379287316,208.5518000000001,17,9,4314.968817244067,17046.466074348205,20039.32516555058,16234.360712045824,10800.0,10797.214080055717,1348.6811739181567,10800.0,1.7288179000024684,1.1368683772161603e-13,0
2025-04-13,greedy,frozen_paired_same_contract_soc_information,38305.56035841786,38305.56035841786,0.0,62892.10933303208,58036.78806874636,4855.321264285714,2554.5366614846826,0.0,0,0,3339.8694504997075,1557.5147330981772,19570.35087421506,15851.984208114198,10800.0,10800.0,1446.110051931218,10800.0,0.00058970000827685,2.2737367544323206e-13,0
2025-04-13,mpc,frozen_paired_same_contract_soc_information,42914.17890815476,38305.56035841786,4608.618549736904,62892.10933303208,58036.78806874636,4855.321264285714,2554.5366614846826,879.2217109413642,34,14,3756.2510538370325,2117.2158899235883,19084.37158309994,15462.865966220452,10800.0,10794.972240100557,1297.1015714285725,10800.0,1.0248114999994868,2.2737367544323206e-13,0
2025-04-14,greedy,frozen_paired_same_contract_soc_information,37985.95555329397,37985.95555329397,0.0,62673.324744714075,57776.03287090454,4897.291873809523,2531.341017247143,0.0,0,0,3976.0678179306315,2473.908300940626,19449.035925488555,15753.719099645736,10800.0,10800.0,1369.7124617460354,10800.0,0.00027039999258704484,1.1368683772161603e-13,0
2025-04-14,mpc,frozen_paired_same_contract_soc_information,41309.48156403648,37985.95555329397,3323.52601074251,62673.324744714075,57776.03287090454,4897.291873809523,2531.341017247143,674.2496020266914,27,11,4726.626091697535,2446.6559402927114,19198.187393321947,15551.926878571427,10800.0,10798.4499000215,1347.8846253134934,10800.0,1.0392143000062788,1.1368683772161603e-13,0
2025-04-15,greedy,frozen_paired_same_contract_soc_information,38456.005002223326,38456.005002223326,0.0,63066.319048825564,58260.71501073032,4805.604038095238,2534.0684422264294,0.0,0,0,5834.984927042912,3651.723995767199,18106.217329905903,14666.036037223781,10800.0,10800.0,1482.920534391536,10800.0,0.0006773000059183687,1.1368683772161603e-13,0
2025-04-15,mpc,frozen_paired_same_contract_soc_information,43501.072260599096,38456.005002223326,5045.067258375766,63066.319048825564,58260.71501073032,4805.604038095238,2534.0684422264294,822.07236941428,15,9,4958.442556978229,5273.11032232216,18512.68573055848,14995.27602495236,10800.0,10799.999352000017,1208.3909947089955,10800.0,0.9981391999899643,2.2737367544323206e-13,0
2025-04-16,greedy,frozen_paired_same_contract_soc_information,38027.9087058627,38027.9087058627,0.0,62461.52561905137,57695.96285952756,4765.562759523809,2527.5670459911917,0.0,0,0,2480.351679702205,515.125866666667,19402.400645697362,15715.944523014861,10800.0,10800.0,1549.0327883597888,10800.0,0.0007790999952703714,1.1368683772161603e-13,0
2025-04-16,mpc,frozen_paired_same_contract_soc_information,44123.96492189601,38027.9087058627,6096.056216033309,62461.52561905137,57695.96285952756,4765.562759523809,2527.5670459911917,1139.6282480881578,29,15,2973.5818359360283,1355.4827642857142,18515.265568034967,15022.768251117177,10800.0,10771.77428776794,1266.1078915343928,10800.0,1.0425210999965202,2.2737367544323206e-13,0
2025-04-17,greedy,frozen_paired_same_contract_soc_information,37945.83994895927,37945.83994895927,0.0,62202.97979448375,57198.25191829326,5004.7278761904745,2463.303325116707,0.0,0,0,3730.5224345535053,1933.1642576275606,19320.793433171966,15649.842680869291,10800.0,10800.0,1407.1860079365106,10800.0,0.0005851000023540109,2.2737367544323206e-13,0
2025-04-17,mpc,frozen_paired_same_contract_soc_information,42298.71746243052,37945.83994895927,4352.87751347125,62202.97979448375,57198.25191829326,5004.7278761904745,2463.303325116707,754.3120438994401,28,11,3998.385642523175,2534.161215134912,18825.980770075897,15269.578139350804,10800.0,10777.184760456303,1205.6286666666656,10800.0,0.9211515000060899,2.2737367544323206e-13,0
2025-04-18,greedy,frozen_paired_same_contract_soc_information,17561.849917685882,17561.849917685882,0.0,33322.58443788793,28312.14215217364,5010.4422857142845,2411.131681844009,0.0,0,0,4303.889974603176,18904.77719171937,19788.421517010785,16028.621428778737,10800.0,10800.0,1908.981607142859,10800.0,0.0005415000050561503,1.1368683772161603e-13,0
2025-04-18,mpc,frozen_paired_same_contract_soc_information,19395.058273606122,17561.849917685882,1833.208355920239,33322.58443788793,28312.14215217364,5010.4422857142845,2411.131681844009,450.4746761904764,22,7,4657.346279115007,18924.897036631388,20193.153674729794,16356.455059731117,10800.0,10799.999352000017,1274.823237757278,10800.0,1.1064203999994788,1.1368683772161603e-13,0
2025-04-19,greedy,frozen_paired_same_contract_soc_information,17273.280662356286,17273.280662356286,0.0,32749.397890377953,27674.472085616046,5074.925804761904,2385.169605493533,0.0,0,0,4002.9728259259305,18148.979172130337,20067.192854324683,16254.426212003,10800.0,10800.0,1867.8774863458748,10800.0,0.00109119999979157,1.1368683772161603e-13,0
2025-04-19,mpc,frozen_paired_same_contract_soc_information,19354.175158841997,17273.280662356286,2080.8944964857133,32749.397890377953,27674.472085616046,5074.925804761904,2385.169605493533,506.13798333333307,25,10,4898.259571865968,17811.1035400076,20100.3232047931,16338.82969295538,10800.0,10736.035669918923,1630.5562414440337,10800.0,1.1372636000014609,1.1368683772161603e-13,0
2025-04-20,greedy,frozen_paired_same_contract_soc_information,37510.02849517279,37510.02849517279,0.0,61682.876440002256,56530.39846619273,5152.477973809523,2383.589678036667,0.0,0,0,3706.1527499376207,2251.0215610853047,19831.35392445262,16063.396678806617,10800.0,10800.0,1707.575373015874,10800.0,0.00028389999351929873,1.1368683772161603e-13,0
2025-04-20,mpc,frozen_paired_same_contract_soc_information,41862.26467804404,37510.02849517279,4352.236182871258,61682.876440002256,56530.39846619273,5152.477973809523,2383.589678036667,949.7201716628294,34,14,3898.9349543730605,3221.4082137389332,19097.39175069688,15542.883190477121,10800.0,10717.782363985947,1227.4094470899481,10800.0,0.9574236000044039,2.2737367544323206e-13,0
2025-04-21,greedy,frozen_paired_same_contract_soc_information,37728.44055688006,37728.44055688006,0.0,62098.610422082216,56862.33076493937,5236.279657142855,2373.56950155512,0.0,0,0,5283.823612110521,4780.552166666666,18512.232947219454,14994.908687247756,10800.0,10800.0,1565.4280396825418,10800.0,0.00024739999207668006,1.1368683772161603e-13,0
2025-04-21,mpc,frozen_paired_same_contract_soc_information,39296.22393702886,37728.44055688006,1567.7833801488082,62098.610422082216,56862.33076493937,5236.279657142855,2373.56950155512,353.2119190476187,20,12,6496.78628368944,3839.675644131955,19299.5873505562,15701.137320581089,10800.0,10723.920481521589,1468.0564582380248,10800.0,0.9728696000092896,1.1368683772161603e-13,0
2025-04-22,greedy,frozen_paired_same_contract_soc_information,36998.07820421194,36998.07820421194,0.0,60396.5498802813,55264.38065409083,5132.1692261904755,2433.8269808015484,0.0,0,0,2862.018920899466,1793.16103183421,18886.529530952423,15298.088920071456,10800.0,10800.0,1699.918026507936,10800.0,0.0002367999986745417,1.1368683772161603e-13,0
2025-04-22,mpc,frozen_paired_same_contract_soc_information,43565.205805250764,36998.07820421194,6567.12760103883,60396.5498802813,55264.38065409083,5132.1692261904755,2433.8269808015484,1244.846760652029,29,15,3239.0754368757657,2941.9277714285718,17887.681503953187,14580.217387990855,10800.0,10698.671811345808,1230.8834259259265,10800.0,1.064979200004018,2.2737367544323206e-13,0
2025-04-23,greedy,frozen_paired_same_contract_soc_information,37321.571497071986,37321.571497071986,0.0,61523.39151484308,56308.537676747845,5214.853838095238,2435.674104277698,0.0,0,0,4569.755359318058,2032.3340166666667,18533.607485219472,15012.222063027777,10800.0,10800.0,1632.191084550267,10800.0,0.00023990000772755593,1.1368683772161603e-13,0
2025-04-23,mpc,frozen_paired_same_contract_soc_information,41559.54674828782,37321.571497071986,4237.975251215836,61523.39151484308,56308.537676747845,5214.853838095238,2435.674104277698,784.6032186332588,20,12,3881.640349899957,3535.229224262196,18374.784346565855,14883.575903918327,10800.0,10799.999352000017,1264.9688730158737,10800.0,1.3417843000061112,1.1368683772161603e-13,0
2025-04-24,greedy,frozen_paired_same_contract_soc_information,36842.86087796576,36842.86087796576,0.0,60468.35803597771,55280.35914550151,5187.998890476189,2462.771297855595,0.0,0,0,4635.364738095239,5290.7775868606695,18168.994794851587,14716.885783829784,10800.0,10800.0,1610.1855079365096,10800.0,0.0005734000005759299,1.1368683772161603e-13,0
2025-04-24,mpc,frozen_paired_same_contract_soc_information,37837.04359586933,36842.86087796576,994.1827179035724,60468.35803597771,55280.35914550151,5187.998890476189,2462.771297855595,185.4286380952382,16,9,5518.856849173223,4427.08116999502,19116.53890063925,15498.796945734546,10800.0,10783.99951531472,1483.4782623070337,10800.0,1.1409798999957275,1.2612133559741778e-13,0
2025-04-25,greedy,frozen_paired_same_contract_soc_information,16509.89427334058,16509.89427334058,0.0,31832.87188169868,26833.242276936773,4999.629604761905,2459.8182904588884,0.0,0,0,3572.226868058333,22486.131599999997,19863.977703370234,16089.821939729893,10800.0,10800.0,1639.6807884920681,10800.0,0.0004219999973429367,1.1368683772161603e-13,0
2025-04-25,mpc,frozen_paired_same_contract_soc_information,18111.697372597722,16509.89427334058,1601.803099257143,31832.87188169868,26833.242276936773,4999.629604761905,2459.8182904588884,303.8360238095238,21,11,4706.2687483524,21727.32593967494,20016.745131020274,16313.989563539417,10800.0,10688.415547318897,1646.8136549830597,10800.0,1.0934054000099422,1.1368683772161603e-13,0
2025-04-26,greedy,frozen_paired_same_contract_soc_information,16537.966482436692,16537.966482436692,0.0,31901.057844114486,26872.035679828772,5029.022164285714,2441.1909205162697,0.0,0,0,3277.6642188418587,24741.162489735696,20063.35527475578,16251.317772552182,10800.0,10800.0,1522.8744523280461,10800.0,0.00038070000300649554,1.1368683772161603e-13,0
2025-04-26,mpc,frozen_paired_same_contract_soc_information,20929.654356262843,16537.966482436692,4391.6878738261485,31901.057844114486,26872.035679828772,5029.022164285714,2441.1909205162697,944.8971266048611,36,13,3495.563859713797,25590.828216531103,19634.282228517008,15944.91296737589,10800.0,10754.284041914316,1200.0,10800.0,1.1129374000011012,2.2737367544323206e-13,0
2025-04-27,greedy,frozen_paired_same_contract_soc_information,38655.82865268008,34909.03846157304,3746.7901911070308,57570.42504417277,52506.80444417277,5063.620599999999,2418.917842835833,537.0972177619024,1,1,2344.86604244562,3377.435338426125,20061.840514366348,16250.090816636748,10800.0,10800.0,1200.0,10800.0,0.0002545999886933714,1.1368683772161603e-13,0
2025-04-27,mpc,frozen_paired_same_contract_soc_information,43412.335449729566,34909.03846157304,8503.29698815651,57570.42504417277,52506.80444417277,5063.620599999999,2418.917842835833,1700.5841884224956,43,12,3231.348430122708,3876.6876107932026,18904.780182893614,15315.278174547584,10800.0,10797.326415106936,1200.0,10800.0,1.1462004000059096,2.2737367544323206e-13,0
2025-04-28,greedy,frozen_paired_same_contract_soc_information,53696.26747114878,35696.7785121998,17999.488958948983,58479.81328218926,53382.4752202845,5097.338061904762,2488.683076800357,2658.6642317142832,6,1,1235.152081274217,0.0,17270.305873487687,13988.947757525031,10800.0,10800.0,1200.0,10800.0,0.0002488999889465049,1.1368683772161603e-13,0
2025-04-28,mpc,frozen_paired_same_contract_soc_information,62784.49062203697,35696.7785121998,27087.712109837168,58479.81328218926,53382.4752202845,5097.338061904762,2488.683076800357,4539.882591858359,40,15,2515.1882210972917,926.9194523809521,15658.016371759852,12702.395487857144,10800.0,10778.44197029815,1229.6355,10800.0,1.077686000004178,2.2737367544323206e-13,0
2025-04-29,greedy,frozen_paired_same_contract_soc_information,37929.04938166179,36194.059421318976,1734.9899603428103,59372.942906709315,53803.14362575693,5569.79928095238,2769.4947289727775,248.70842321427898,1,1,3402.289609141684,5424.47688911791,17693.005868407072,14331.334753409736,10800.0,10800.0,1200.0,10800.0,0.0003992000129073858,1.1368683772161603e-13,0
2025-04-29,mpc,frozen_paired_same_contract_soc_information,40798.5483062991,36194.059421318976,4604.488884980123,59372.942906709315,53803.14362575693,5569.79928095238,2769.4947289727775,916.8992022270351,22,10,4376.503978703694,5021.706953082043,18239.64274916664,14781.225288682694,10800.0,10792.094820158101,1204.8648148148175,10800.0,1.1111187000060454,2.2737367544323206e-13,0
2025-04-30,greedy,frozen_paired_same_contract_soc_information,36130.639632902516,36130.639632902516,0.0,59090.43809259515,53504.15183783324,5586.286254761905,2786.6217159139273,0.0,0,0,4293.741297178129,3044.2861058493963,18397.664506496287,14902.10825026199,10800.0,10800.0,1483.2542645502647,10800.0,0.00025969999842345715,1.1368683772161603e-13,0
2025-04-30,mpc,frozen_paired_same_contract_soc_information,41201.38545312459,36130.639632902516,5070.74582022208,59090.43809259515,53504.15183783324,5586.286254761905,2786.6217159139273,900.8286039734692,25,10,4960.992885004943,3432.5107505405485,18047.475193025934,14706.566565336141,10800.0,10702.098156683183,1200.0,10800.0,1.0277290000085486,1.1368683772161603e-13,0
2025-05-01,greedy,frozen_paired_same_contract_soc_information,45268.12138638858,35866.998861478496,9401.122524910083,58257.78297497828,52667.65579640686,5590.127178571428,2787.1287026568652,1434.442648166667,7,1,1802.853920282187,3511.020390596361,20042.621972454785,16675.649460188375,10800.0,10309.860375,1200.0,10800.0,0.0006492999964393675,1.1368683772161603e-13,0
2025-05-01,mpc,frozen_paired_same_contract_soc_information,51088.11038802209,35866.998861478496,15221.111526543602,58257.78297497828,52667.65579640686,5590.127178571428,2787.1287026568652,2780.0139350436093,55,10,2904.6986444818635,4065.6657621370223,18504.861555285876,15448.807851882862,10800.0,10289.033342109666,1200.0,10800.0,1.1572448999941116,2.2737367544323206e-13,0
2025-05-02,greedy,frozen_paired_same_contract_soc_information,25792.86519430264,17244.411845841958,8548.453348460684,32626.39090787427,27116.372255493316,5510.018652380953,2942.4570009287295,1500.5350714285664,8,1,2240.7901928571423,13430.101851872994,21026.025643365097,16860.311792125736,10309.860375,10499.603685,1200.0,10800.0,0.001174299992271699,1.1368683772161603e-13,0
2025-05-02,mpc,frozen_paired_same_contract_soc_information,39988.296801664335,17244.411845841958,22743.884955822374,32626.39090787427,27116.372255493316,5510.018652380953,2942.4570009287295,4233.717359447255,54,9,2615.9900986724456,16408.24732142857,17762.00989656565,14216.459132678474,10309.860375,10499.603578933005,1200.0,10499.603578933005,1.1201742999983253,2.2737367544323206e-13,0
2025-05-03,greedy,frozen_paired_same_contract_soc_information,22906.92388657596,17579.30593216539,5327.617954410571,33082.14277313742,27249.201068375514,5832.9417047619045,3172.1409154365074,1049.8134509047613,7,1,2751.9694833854137,18402.70808333333,20696.324133281247,16586.217125957817,10499.603685,10697.165265,1200.0,10800.0,0.0004124999977648258,1.1368683772161603e-13,0
2025-05-03,mpc,frozen_paired_same_contract_soc_information,30283.68002927333,17579.30593216539,12704.374097107939,33082.14277313742,27249.201068375514,5832.9417047619045,3172.1409154365074,2383.600986137783,46,11,2929.3236531994958,19827.048886130724,19348.645929717397,15506.446359772413,10499.603685,10684.00017755409,1200.0,10684.00017755409,1.1096132999955444,1.1368683772161603e-13,0
2025-05-04,greedy,frozen_paired_same_contract_soc_information,43565.208523216534,37147.01007322366,6418.19844999287,60539.38468979237,54476.888892173316,6062.495797619047,3254.2240343076983,1028.2474690476208,8,1,3420.884506268193,3309.9203845019415,17185.835140718515,14083.675205981996,10697.165265,10515.888885,1200.0,10800.0,0.00027350000164005905,2.2737367544323206e-13,0
2025-05-04,mpc,frozen_paired_same_contract_soc_information,49522.29687997188,37147.01007322366,12375.286806748216,60539.38468979237,54476.888892173316,6062.495797619047,3254.2240343076983,2132.1555548326073,41,11,3279.918444091007,4525.004273754722,17342.626977928634,14210.676784482723,10697.165265,10515.888673488302,1200.0,10800.0,1.2336510000022827,2.2737367544323206e-13,0
2025-05-05,greedy,frozen_paired_same_contract_soc_information,44791.836465974324,37422.486460827495,7369.350005146831,61295.95152624548,55030.57135243596,6265.3801738095235,3334.7771867550796,1099.7483866190473,5,2,2460.779390756423,924.2070442230074,20463.531909921614,16528.825232036506,10515.888885,10567.706235,1200.0,10800.0,0.0008410000009462237,1.1368683772161603e-13,0
2025-05-05,mpc,frozen_paired_same_contract_soc_information,56206.89364458051,37422.486460827495,18784.407183753014,61295.95152624548,55030.57135243596,6265.3801738095235,3334.7771867550796,3623.8157397537407,55,8,3460.7107055730976,3065.573376413927,17358.456858152116,14040.98047413991,10515.888885,10537.410641625895,1200.0,10800.0,0.9532951000001049,2.2737367544323206e-13,0
2025-05-06,greedy,frozen_paired_same_contract_soc_information,42782.64981062996,37341.47292905512,5441.176881574844,60672.03433855496,54081.88122903115,6590.153109523808,3351.258947767302,874.1485260476171,8,1,2163.87931601999,2998.073283333333,19452.437034645194,15938.289136062613,10567.706235,10365.689415,1200.0,10800.0,0.0004704000020865351,2.2737367544323206e-13,0
2025-05-06,mpc,frozen_paired_same_contract_soc_information,50324.61036006463,37341.47292905512,12983.13743100952,60672.03433855496,54081.88122903115,6590.153109523808,3351.258947767302,2473.1441547619042,60,10,3307.301089535209,3756.2425075418882,17589.859044064277,14378.306514491182,10567.706235,10422.68324744543,1283.2471231225277,10800.0,1.1568068000051426,2.2737367544323206e-13,0
2025-05-07,greedy,frozen_paired_same_contract_soc_information,45733.50096221795,38111.65103005844,7621.8499321595045,62069.38658636241,55045.164767314796,7024.221819047619,3290.511281549404,1133.0659845714295,6,2,1874.9689611156105,2352.2292558156023,19512.303268434844,15604.894864432219,10365.689415,10587.990285,1200.0,10800.0,0.00023489999875891954,2.2737367544323206e-13,0
2025-05-07,mpc,frozen_paired_same_contract_soc_information,54447.551792831044,38111.65103005844,16335.900762772602,62069.38658636241,55045.164767314796,7024.221819047619,3290.511281549404,2920.931199042145,59,13,3128.6001152906247,3276.3470783393177,17460.284470307543,13942.759828532933,10365.689415,10587.990073240197,1200.0,10800.0,1.1845655999932205,2.2737367544323206e-13,0
2025-05-08,greedy,frozen_paired_same_contract_soc_information,41409.27388036388,41409.27388036388,0.0,65315.703019545,57988.148948116424,7327.554071428571,3296.268201040039,0.0,0,0,4658.94544763175,1176.1358634332805,18227.897710420886,14573.788401940921,10587.990285,10800.0,1622.0465000000008,10800.0,0.00025409999943803996,1.1368683772161603e-13,0
2025-05-08,mpc,frozen_paired_same_contract_soc_information,49000.54290274257,41409.27388036388,7591.26902237869,65315.703019545,57988.148948116424,7327.554071428571,3296.268201040039,1296.9354631897154,22,12,4861.254237549345,2430.2159714285713,17445.95648393657,13951.30061017978,10587.990285,10787.905998120943,1200.0,10800.0,1.1053825999988476,2.2737367544323206e-13,0
2025-05-09,greedy,frozen_paired_same_contract_soc_information,21080.839563201363,21080.839563201363,0.0,36972.76041320311,29467.640296536447,7505.120116666666,3302.3346909220236,0.0,0,0,5917.941217078191,18851.870199368925,19492.43761450526,15788.874467749269,10800.0,10800.0,2133.478349432033,10800.0,0.0005705999938072637,1.1368683772161603e-13,0
2025-05-09,mpc,frozen_paired_same_contract_soc_information,23421.55920504065,21080.839563201363,2340.719641839286,36972.76041320311,29467.640296536447,7505.120116666666,3302.3346909220236,528.6313904761903,25,12,6622.846780414722,18672.6655427825,19507.86377095827,15801.370140476192,10800.0,10799.999460000012,1875.7611663756645,10800.0,1.065758700002334,1.1368683772161603e-13,0
2025-05-10,greedy,frozen_paired_same_contract_soc_information,20976.847430508667,20976.847430508667,0.0,36680.3256406522,29377.506638271243,7302.819002380952,3338.5334529040474,0.0,0,0,5479.228046825396,15412.067128142044,19305.18517027065,15637.19998791923,10800.0,10800.0,2048.5534688992702,10800.0,0.0006980000034673139,1.1368683772161603e-13,0
2025-05-10,mpc,frozen_paired_same_contract_soc_information,25323.779911074147,20976.847430508667,4346.932480565477,36680.3256406522,29377.506638271243,7302.819002380952,3338.5334529040474,846.6654023809526,22,11,5111.233901044007,16737.09028780071,18950.581421022238,15392.95985016714,10800.0,10752.234556512085,1200.0,10800.0,1.1851438000012422,1.1368683772161603e-13,0
2025-05-11,greedy,frozen_paired_same_contract_soc_information,41667.62031042811,41667.62031042811,0.0,66116.489247388,58487.95165691183,7628.5375904761895,3261.133009974206,0.0,0,0,5246.949917842442,2073.7981333333328,17429.800594099503,14118.138481220598,10800.0,10800.0,1658.997566137566,10800.0,0.0008704999927431345,1.1368683772161603e-13,0
2025-05-11,mpc,frozen_paired_same_contract_soc_information,45321.566771611426,41667.62031042811,3653.9464611833137,66116.489247388,58487.95165691183,7628.5375904761895,3261.133009974206,681.4458488590942,24,9,5546.844295996457,2430.9704181316492,17594.94021209955,14258.898913313886,10800.0,10792.225176096392,1200.0,10800.0,1.0610037000005832,2.2737367544323206e-13,0
2025-05-12,greedy,frozen_paired_same_contract_soc_information,41866.76463629457,41866.76463629457,0.0,66700.09981404469,58930.488916425624,7769.610897619046,3195.985649071588,0.0,0,0,8220.884169779383,3630.5736559113884,15354.982921160916,12437.536166140346,10800.0,10800.0,1931.484285714289,10800.0,0.0002700000040931627,1.5276668818842154e-13,0
2025-05-12,mpc,frozen_paired_same_contract_soc_information,44100.12569847146,41866.76463629457,2233.3610621768853,66700.09981404469,58930.488916425624,7769.610897619046,3195.985649071588,479.5456780356406,21,10,6324.3843323204455,5597.851627217949,17506.39360636091,14180.179307152324,10800.0,10799.999460000012,1200.0,10800.0,1.022282300007646,2.2737367544323206e-13,0
2025-05-13,greedy,frozen_paired_same_contract_soc_information,41888.044115324796,41888.044115324796,0.0,66739.80621830004,58870.03807544291,7869.768142857141,3201.7492765605166,0.0,0,0,7509.483455114313,2800.13727084101,17373.540661463514,14072.567935785448,10800.0,10800.0,1700.3009259259272,10800.0,0.0002477999951224774,1.1368683772161603e-13,0
2025-05-13,mpc,frozen_paired_same_contract_soc_information,44164.63086497957,41888.044115324796,2276.5867496547617,66739.80621830004,58870.03807544291,7869.768142857141,3201.7492765605166,383.20558095238084,16,7,7811.083280376236,2850.9251690476194,17535.742980852126,14203.95239769021,10800.0,10799.999352000017,1601.616673539976,10800.0,1.1558114000072237,2.2737367544323206e-13,0
2025-05-14,greedy,frozen_paired_same_contract_soc_information,42142.23124684211,42142.23124684211,0.0,67000.44446254158,59161.372241113,7839.072221428569,3218.5113092927786,0.0,0,0,7805.919829337907,2950.8315011735544,16997.60183524619,13768.05748654942,10800.0,10800.0,2052.3804788359826,10800.0,0.0006738000083714724,1.1368683772161603e-13,0
2025-05-14,mpc,frozen_paired_same_contract_soc_information,43544.74662501591,42142.23124684211,1402.5153781738095,67000.44446254158,59161.372241113,7839.072221428569,3218.5113092927786,328.69491428571416,17,6,7751.640094474626,3257.61495143464,17463.349810324584,14157.614262739895,10800.0,10786.332315136686,1445.2075268677288,10800.0,1.0893941999966046,2.2737367544323206e-13,0
2025-05-15,greedy,frozen_paired_same_contract_soc_information,41532.48771684821,41532.48771684821,0.0,65987.96025596315,58166.587796439344,7821.372459523807,3237.8540732142073,0.0,0,0,6974.293365451698,2965.46412467176,17279.7078026651,13996.563320158732,10800.0,10800.0,2325.2425158730157,10800.0,0.0007660999981453642,1.2789769243681803e-13,0
2025-05-15,mpc,frozen_paired_same_contract_soc_information,45077.02727063512,41532.48771684821,3544.5395537869053,65987.96025596315,58166.587796439344,7821.372459523807,3237.8540732142073,870.2793309523809,20,8,6488.712588662627,4370.4202890711385,17215.890457208552,13981.842031360113,10800.0,10758.921376643135,1202.8851851851853,10800.0,1.1322968000022229,2.2737367544323206e-13,0
2025-05-16,greedy,frozen_paired_same_contract_soc_information,20667.906256291157,20667.906256291157,0.0,36089.61964234847,28239.1318113961,7850.487830952379,3258.913887344921,0.0,0,0,5944.216199323929,23868.930449166255,18741.928739605057,15180.962279080091,10800.0,10800.0,2436.676124249632,10800.0,0.00023599999258294702,1.1368683772161603e-13,0
2025-05-16,mpc,frozen_paired_same_contract_soc_information,22438.85229088759,20667.906256291157,1770.946034596429,36089.61964234847,28239.1318113961,7850.487830952379,3258.913887344921,382.2649880952381,22,11,7108.410588908129,23143.82511334834,19160.82162869591,15656.679233841996,10800.0,10648.42920600188,1967.0121317099502,10800.0,1.0806121000059647,1.1368683772161603e-13,0
2025-05-17,greedy,frozen_paired_same_contract_soc_information,20731.30632743245,20731.30632743245,0.0,36413.69398336865,28657.179826225794,7756.514157142858,3322.310875460754,0.0,0,0,5261.840738667936,16960.702116666667,19696.589708951105,15954.237664250397,10800.0,10800.0,1933.6426772486768,10800.0,0.00031120001222006977,1.1368683772161603e-13,0
2025-05-17,mpc,frozen_paired_same_contract_soc_information,27733.23888319241,20731.30632743245,7001.9325557599595,36413.69398336865,28657.179826225794,7756.514157142858,3322.310875460754,1353.7605269141864,32,11,5045.188436896224,18765.24139100174,18569.488074482986,15061.26247543145,10800.0,10777.803183221968,1200.0,10800.0,1.0909048000030452,2.2737367544323206e-13,0
2025-05-18,greedy,frozen_paired_same_contract_soc_information,41023.7620016313,41023.7620016313,0.0,64617.086879205584,56731.41501491987,7885.671864285714,3373.748891221984,0.0,0,0,6261.752577395648,1396.4929166666666,17277.22781654353,13994.55453140026,10800.0,10800.0,2152.7717883597898,10800.0,0.000901999999769032,1.1368683772161603e-13,0
2025-05-18,mpc,frozen_paired_same_contract_soc_information,47314.16560813132,41023.7620016313,6290.403606500021,64617.086879205584,56731.41501491987,7885.671864285714,3373.748891221984,1256.1171588781126,27,10,5406.513822972158,3775.640028571429,16100.784156681308,13085.902070141194,10800.0,10750.814551967409,1200.0,10800.0,1.1071424999972805,1.1368683772161603e-13,0
2025-05-19,greedy,frozen_paired_same_contract_soc_information,40515.20317235237,40457.2454356857,57.95773666666763,64240.90443032802,56251.37195413754,7989.532476190476,3389.725063028769,8.593333333333476,1,1,7150.094400117578,6419.461500000001,16656.44901865146,13491.723705107683,10800.0,10800.0,1619.1120396825404,10800.0,0.00024009999469853938,1.1368683772161603e-13,0
2025-05-19,mpc,frozen_paired_same_contract_soc_information,43480.29368662855,40457.2454356857,3023.048250942856,64240.90443032802,56251.37195413754,7989.532476190476,3389.725063028769,488.04012619047614,18,9,8029.067249376233,6047.979189688916,16563.141527322932,13426.459959869588,10800.0,10788.538530291102,1630.0303465393004,10800.0,1.1213250000000698,1.1368683772161603e-13,0
2025-05-20,greedy,frozen_paired_same_contract_soc_information,40124.34334441177,40124.34334441177,0.0,63477.08920440144,55535.960687734776,7941.128516666667,3405.099198673055,0.0,0,0,4888.308684097585,846.1923499999998,16922.070282301014,13706.876928663823,10800.0,10800.0,1771.9732804232763,10800.0,0.0011143000010633841,1.4210854715202004e-13,0
2025-05-20,mpc,frozen_paired_same_contract_soc_information,51658.10477741179,40124.34334441177,11533.761433000023,63477.08920440144,55535.960687734776,7941.128516666667,3405.099198673055,1862.5952725773468,22,12,4256.98138094545,3711.0503130118395,15221.769322441312,12377.511356086474,10800.0,10746.801994545543,1200.0,10800.0,1.1275507999962429,2.2737367544323206e-13,0
2025-05-21,greedy,frozen_paired_same_contract_soc_information,40435.4719151802,40435.4719151802,0.0,64026.08839084242,55961.611897985276,8064.476492857144,3383.2391394845226,0.0,0,0,4939.905176722524,4701.68298162551,15904.657627163439,12882.772678002384,10800.0,10800.0,1910.7782883597872,10800.0,0.0002606999914860353,1.7763568394002505e-13,0
2025-05-21,mpc,frozen_paired_same_contract_soc_information,42779.92398647782,40435.4719151802,2344.452071297619,64026.08839084242,55961.611897985276,8064.476492857144,3383.2391394845226,513.487230952381,15,8,5935.5994929017215,4157.315724770366,16454.093423387007,13370.048302597625,10800.0,10753.074855939829,1200.0,10800.0,1.2303303999942727,2.2737367544323206e-13,0
2025-05-22,greedy,frozen_paired_same_contract_soc_information,39763.77666865742,39763.77666865742,0.0,62952.77165795244,54819.84415319053,8132.927504761905,3372.74332365492,0.0,0,0,5387.11322789776,3513.931826043513,17026.819933392115,13791.724146047614,10800.0,10800.0,1719.1240963227522,10800.0,0.0007424999930663034,2.2737367544323206e-13,0
2025-05-22,mpc,frozen_paired_same_contract_soc_information,43409.04749651813,39763.77666865742,3645.2708278607092,62952.77165795244,54819.84415319053,8132.927504761905,3372.74332365492,680.5436095238085,26,11,5561.8938370763135,4085.992253649184,16677.889175179316,13509.090815095235,10800.0,10799.999352000017,1556.9766910431676,10800.0,1.1278753000078723,2.2737367544323206e-13,0
2025-05-23,greedy,frozen_paired_same_contract_soc_information,20604.50056839885,20604.50056839885,0.0,36151.99696270986,28030.506419852725,8121.490542857142,3371.825810806984,0.0,0,0,6617.732629864783,19312.55108226968,20004.022985484582,16203.258618242511,10800.0,10800.0,1666.6263161855693,10800.0,0.00030169999809004366,1.1368683772161603e-13,0
2025-05-23,mpc,frozen_paired_same_contract_soc_information,24176.813478510754,20604.50056839885,3572.312910111904,36151.99696270986,28030.506419852725,8121.490542857142,3371.825810806984,817.4576595238095,29,10,5940.881586710975,20962.70460246129,19397.366758446784,15752.447208718702,10800.0,10754.91096180355,1327.5930790247603,10800.0,1.217394899998908,1.1368683772161603e-13,0
2025-05-24,greedy,frozen_paired_same_contract_soc_information,21162.81971982473,21162.81971982473,0.0,36856.57805296801,28644.570255348965,8212.007797619048,3327.570902364643,0.0,0,0,7120.598016754853,22378.543881765327,18962.814584813146,15359.879813698653,10800.0,10800.0,2105.4419150173685,10800.0,0.0002373000024817884,1.1368683772161603e-13,0
2025-05-24,mpc,frozen_paired_same_contract_soc_information,22867.165109843772,21162.81971982473,1704.3453900190477,36856.57805296801,28644.570255348965,8212.007797619048,3327.570902364643,421.11032619047614,19,11,7766.146398784152,22080.429011728964,19350.589849010692,15673.978263698653,10800.0,10799.999460000012,1919.2029556787475,10800.0,1.0638861000043107,2.2737367544323206e-13,0
2025-05-25,greedy,frozen_paired_same_contract_soc_information,40137.428681103134,40137.428681103134,0.0,63607.637107281334,55290.88521680514,8316.75189047619,3268.3231802429773,0.0,0,0,6573.081517254556,5381.884716161555,16356.108897536265,13248.448207004378,10800.0,10800.0,1765.0352830687843,10800.0,0.0007956999907037243,1.1368683772161603e-13,0
2025-05-25,mpc,frozen_paired_same_contract_soc_information,42710.076300878136,40137.428681103134,2572.647619774997,63607.637107281334,55290.88521680514,8316.75189047619,3268.3231802429773,457.00914285714236,19,9,6886.8167558754685,5402.789646599991,17000.159197524536,13770.129533194853,10800.0,10799.999352000017,1447.8952274025378,10800.0,1.2113991000078386,2.2737367544323206e-13,0
2025-05-26,greedy,frozen_paired_same_contract_soc_information,39802.41693028569,39802.41693028569,0.0,62412.14253299028,54103.553966323605,8308.588566666665,3274.6073700758343,0.0,0,0,4275.134600987408,0.0,18721.97358948878,15164.798607485913,10800.0,10800.0,2086.222510291006,10800.0,0.0006556000007549301,1.5187850976872141e-13,0
2025-05-26,mpc,frozen_paired_same_contract_soc_information,47315.46469901025,39802.41693028569,7513.047768724564,62412.14253299028,54103.553966323605,8308.588566666665,3274.6073700758343,1559.8098545869998,28,8,4678.354744660637,1511.008045488581,17138.375895565066,13935.619248137009,10800.0,10740.516919189658,1200.0,10800.0,1.0513514000049327,1.1368683772161603e-13,0
2025-05-27,greedy,frozen_paired_same_contract_soc_information,40695.056803155676,40695.056803155676,0.0,63910.61001446342,55388.48157160627,8522.128442857143,3359.6197785773006,0.0,0,0,6745.305187605981,4664.488857436798,16370.782470634917,13260.333801214285,10800.0,10800.0,1869.2518968253994,10800.0,0.0004237000102875754,1.1368683772161603e-13,0
2025-05-27,mpc,frozen_paired_same_contract_soc_information,42852.87533744734,40695.056803155676,2157.818534291667,63910.61001446342,55388.48157160627,8522.128442857143,3359.6197785773006,437.42679761904776,22,11,6853.934840929481,5024.002422745295,16422.73306152673,13343.000813119048,10800.0,10754.903296352895,1383.2361193665356,10800.0,1.1023645999957807,2.2737367544323206e-13,0
2025-05-28,greedy,frozen_paired_same_contract_soc_information,40122.01598108336,40122.01598108336,0.0,63096.211204979496,54678.83294783664,8417.378257142858,3409.006403592697,0.0,0,0,5167.907460552615,2174.596618992925,18315.173818073505,14835.290792639542,10800.0,10800.0,1861.5985899470897,10800.0,0.0005223000043770298,1.1368683772161603e-13,0
2025-05-28,mpc,frozen_paired_same_contract_soc_information,45188.114570498845,40122.01598108336,5066.098589415478,63096.211204979496,54678.83294783664,8417.378257142858,3409.006403592697,1082.1411523809531,32,12,6640.104756941543,2010.575547973017,17135.99844508544,13882.150492639541,10800.0,10797.786942088516,1445.1466689064534,10800.0,1.069342400005553,2.2737367544323206e-13,0
2025-05-29,greedy,frozen_paired_same_contract_soc_information,39481.598580840815,39481.598580840815,0.0,62435.15183180275,54245.6555841837,8189.4962476190485,3260.3096393546025,0.0,0,0,3663.8583627865964,1159.3382319728335,18430.693352859616,14928.861615816293,10800.0,10800.0,1732.4204470899458,10800.0,0.0002398000069661066,2.2737367544323206e-13,0
2025-05-29,mpc,frozen_paired_same_contract_soc_information,47396.24299924352,39481.598580840815,7914.644418402707,62435.15183180275,54245.6555841837,8189.4962476190485,3260.3096393546025,1627.419158801399,44,13,4551.388619074618,2235.386335423752,16700.095912168294,13534.423376062514,10800.0,10791.83812532646,1200.0,10800.0,1.1247423000022536,2.2737367544323206e-13,0
2025-05-30,greedy,frozen_paired_same_contract_soc_information,20628.76659140298,20628.76659140298,0.0,36234.91679591559,27792.947469725117,8441.969326190476,3143.046539862262,0.0,0,0,6053.325382010586,19920.325109272628,19289.647568240594,15624.614530274881,10800.0,10800.0,2081.860345488226,10800.0,0.00025069998810067773,1.1368683772161603e-13,0
2025-05-30,mpc,frozen_paired_same_contract_soc_information,25746.004369030285,20628.76659140298,5117.237777627306,36234.91679591559,27792.947469725117,8441.969326190476,3143.046539862262,1023.9725349195272,27,12,5744.43804515781,21387.126207078363,18584.696304906684,15053.604492974402,10800.0,10799.999460000012,1200.0,10800.0,1.0171291000006022,2.2737367544323206e-13,0
2025-05-31,greedy,frozen_paired_same_contract_soc_information,20921.658307418464,20921.658307418464,0.0,36627.482575877715,28065.137680639615,8562.344895238097,3116.8688859338095,0.0,0,0,6714.0018304820715,17734.754036915452,19944.974518316758,16155.429359836577,10800.0,10800.0,1517.1631232239104,10800.0,0.0004087999986950308,1.1368683772161603e-13,0
2025-05-31,mpc,frozen_paired_same_contract_soc_information,25920.878243777606,20921.658307418464,4999.219936359146,36627.482575877715,28065.137680639615,8562.344895238097,3116.8688859338095,1069.880682233157,30,10,6275.847118095233,19526.610633528995,18873.29734361387,15367.573387127224,10800.0,10710.886068000005,1200.0,10800.0,0.8108824999944773,2.2737367544323206e-13,0
2025-06-01,greedy,frozen_paired_same_contract_soc_information,98091.74819364582,40747.305282975605,57344.4429106702,64470.60957356676,55942.53921166199,8528.070361904762,3091.450233253849,8532.128763428573,16,2,26.356100000000197,0.0,12872.505734185965,11120.949797190631,10800.0,10028.644274999999,1200.0,10800.0,0.0006454999966081232,1.1368683772161603e-13,0
2025-06-01,mpc,frozen_paired_same_contract_soc_information,91658.82139115852,40747.305282975605,50911.51610818291,64470.60957356676,55942.53921166199,8528.070361904762,3091.450233253849,9542.159399238251,98,7,1120.9797337515417,125.7370630001613,11765.50591362474,10224.280037571429,10800.0,10028.644169405123,1200.0,10800.0,0.8692358999978751,2.2737367544323206e-13,0
2025-06-02,greedy,frozen_paired_same_contract_soc_information,80532.41310383998,41741.525254869535,38790.88784897044,66713.46153391639,58005.8045624878,8707.656971428572,3801.5270185602767,5789.315348047614,13,1,130.50100714285713,0.0,19389.362459584932,15657.894034763802,10028.644274999999,10081.410450000001,1200.0,10081.410450000001,0.0006583999929716811,1.1368683772161603e-13,0
2025-06-02,mpc,frozen_paired_same_contract_soc_information,97805.11472522494,41741.525254869535,56063.58947035541,66713.46153391639,58005.8045624878,8707.656971428572,3801.5270185602767,10895.424309580947,93,7,3097.4851312580804,3374.471749999999,13047.906585469713,10551.785073230469,10028.644274999999,10047.554565,1200.0,10800.0,0.9379234999942128,2.2737367544323206e-13,0
2025-06-03,greedy,frozen_paired_same_contract_soc_information,66705.9960757367,43140.270924580545,23565.72515115614,68818.83643625505,59381.15820530266,9437.67823095238,4335.3198329473,3555.6692127665206,13,2,284.5143230215722,0.0,19452.617766666666,15554.993274000002,10081.410450000001,10305.44058,1200.0,10305.44058,0.0007731000077910721,2.2737367544323206e-13,0
2025-06-03,mpc,frozen_paired_same_contract_soc_information,81328.77407713898,43140.270924580545,38188.503152558435,68818.83643625505,59381.15820530266,9437.67823095238,4335.3198329473,7413.99641700952,89,8,3587.7916337463116,1456.2591833333336,14709.4114821324,11712.996279280813,10081.410450000001,10305.440473607146,1200.0,10800.0,1.1661555000027874,2.2737367544323206e-13,0
2025-06-04,greedy,frozen_paired_same_contract_soc_information,60650.91935928102,44240.824749153646,16410.094610127366,70649.31823552851,60616.42786171899,10032.890373809521,4425.744800588174,2483.260432047617,11,3,35.472916666666606,0.0,18605.2121775937,15153.367243350898,10305.44058,10213.056824999998,1200.0,10305.44058,0.00023130000045057386,1.1368683772161603e-13,0
2025-06-04,mpc,frozen_paired_same_contract_soc_information,82841.51921421007,44240.824749153646,38600.69446505642,70649.31823552851,60616.42786171899,10032.890373809521,4425.744800588174,7138.569590557144,84,14,4662.337398201066,1185.4561999999994,12855.049812725969,10560.216401508038,10305.44058,10141.411631999998,1200.0,10797.941177142857,1.1773928999900818,2.2737367544323206e-13,0
2025-06-05,greedy,frozen_paired_same_contract_soc_information,59316.739284257186,45869.898724560924,13446.840559696266,72931.54729567509,62541.97726472271,10389.570030952382,4667.602515098095,1996.7764417657204,11,3,83.32102619047612,0.0,20448.91175833513,16753.227063751456,10213.056824999998,10002.38067,1200.0,10466.17883777778,0.0008450000023003668,2.2737367544323206e-13,0
2025-06-05,mpc,frozen_paired_same_contract_soc_information,81385.81439602208,45869.898724560924,35515.91567146116,72931.54729567509,62541.97726472271,10389.570030952382,4667.602515098095,6860.464720060966,82,13,5082.24704674898,1002.002316666667,14463.437763967102,11904.993128313354,10213.056824999998,10002.38067,1200.0,10793.38328142857,1.1293058000010205,2.2737367544323206e-13,0
2025-06-06,greedy,frozen_paired_same_contract_soc_information,41984.68009269515,23193.097934749632,18791.58215794551,39961.239239067996,28906.505922401324,11054.733316666667,4623.069104473253,3075.8854614081924,16,3,3150.5489357142856,4706.928380952381,20983.654259523806,16659.002275714287,10002.38067,10377.666974999998,1200.0,10800.0,0.00028049999673385173,1.1368683772161603e-13,0
2025-06-06,mpc,frozen_paired_same_contract_soc_information,67471.08169504572,23193.097934749632,44277.98376029608,39961.239239067996,28906.505922401324,11054.733316666667,4623.069104473253,8348.529328570316,72,8,3856.5723779819136,10497.239233562881,14593.09885512187,11492.137299028354,10002.38067,10367.128196244847,1200.0,10367.128196244847,1.1276167999894824,1.1368683772161603e-13,0
2025-06-07,greedy,frozen_paired_same_contract_soc_information,33218.788175156704,24080.411070672944,9138.37710448376,41261.102994849396,29341.487437706535,11919.615557142859,4950.25655933595,1388.744205857142,5,2,3433.372432971037,4168.696266666667,20784.978983695626,16863.71364929346,10377.666974999998,10346.688450000001,1200.0,10800.0,0.00022679999528918415,1.1368683772161603e-13,0
2025-06-07,mpc,frozen_paired_same_contract_soc_information,52479.57696898919,24080.411070672944,28399.165898316245,41261.102994849396,29341.487437706535,11919.615557142859,4950.25655933595,5204.989457690722,60,12,4265.442213259741,8018.185551695618,16230.69673504464,13174.745214126546,10377.666974999998,10346.688243066235,1200.0,10427.830289999998,0.9596183999965433,1.1368683772161603e-13,0
2025-06-08,greedy,frozen_paired_same_contract_soc_information,57042.323109163975,57042.323109163975,0.0,89298.21156648526,76333.58121172336,12964.630354761905,4699.108273285831,0.0,0,0,19262.595157121068,1395.5091166666662,16037.913847530852,12582.729821499997,10346.688450000001,10800.0,2162.782539682542,10800.0,0.0008661000028951094,1.1368683772161603e-13,0
2025-06-08,mpc,frozen_paired_same_contract_soc_information,58691.067896234206,57042.323109163975,1648.7447870702358,89298.21156648526,76333.58121172336,12964.630354761905,4699.108273285831,340.30922380952325,15,4,16582.805872724755,4015.8313119047625,18195.64751049859,14340.687171499996,10346.688450000001,10788.67435222652,1576.0427075400203,10799.999926883796,0.9314620999939507,2.2737367544323206e-13,0
2025-06-09,greedy,frozen_paired_same_contract_soc_information,56133.943980384916,56133.943980384916,0.0,87752.67824051145,74785.5406476543,12967.137592857143,4708.115893179443,0.0,0,0,12482.705607442671,832.810715902409,18444.46938859494,14940.020204761902,10800.0,10800.0,1864.4825291005313,10800.0,0.0008994999952847138,1.5276668818842154e-13,0
2025-06-09,mpc,frozen_paired_same_contract_soc_information,60933.37310492301,56133.943980384916,4799.4291245380955,87752.67824051145,74785.5406476543,12967.137592857143,4708.115893179443,961.4212458333338,30,11,13455.262679429723,960.2468690476217,17715.145739653155,14349.268535119045,10800.0,10799.999460000012,1200.0,10800.0,1.0391818000061903,2.2737367544323206e-13,0
2025-06-10,greedy,frozen_paired_same_contract_soc_information,56233.60293760942,56233.60293760942,0.0,87904.20962182472,75081.02197658662,12823.187645238095,4751.613121029881,0.0,0,0,12478.356880407904,337.92801666666617,18260.423639035864,14790.943147619048,10800.0,10800.0,2061.9931851851848,10800.0,0.0005606000049738213,1.1368683772161603e-13,0
2025-06-10,mpc,frozen_paired_same_contract_soc_information,61695.64864561895,56233.60293760942,5462.045708009527,87904.20962182472,75081.02197658662,12823.187645238095,4751.613121029881,1046.8282452380959,21,8,13124.052982735242,838.9626613379887,17820.498034894346,14450.920045238094,10800.0,10781.870403362587,1200.0,10800.0,1.1317163000057917,2.2737367544323206e-13,0
2025-06-11,greedy,frozen_paired_same_contract_soc_information,56621.692495360236,56621.692495360236,0.0,88954.10311748687,76160.18881748687,12793.9143,4777.29769160722,0.0,0,0,8846.467711258085,0.0,21174.679418747965,17151.490329185854,10800.0,10800.0,1283.2107499735446,10800.0,0.0007170000026235357,2.2737367544323206e-13,0
2025-06-11,mpc,frozen_paired_same_contract_soc_information,72380.67908960287,56621.692495360236,15758.986594242626,88954.10311748687,76160.18881748687,12793.9143,4777.29769160722,3100.799247744392,42,9,12023.383077372011,644.361283333333,17511.354483586423,14208.642795727177,10800.0,10772.838151086467,1200.0,10800.0,1.1584064000053331,2.2737367544323206e-13,0
2025-06-12,greedy,frozen_paired_same_contract_soc_information,57700.90638861903,57700.90638861903,0.0,89990.571036829,77083.20264873377,12907.368388095238,4783.472884070317,0.0,0,0,13741.326774397414,358.2286666666665,18098.021907534705,14659.397745103113,10800.0,10800.0,2377.3658941798953,10800.0,0.0007735999970464036,1.1368683772161603e-13,0
2025-06-12,mpc,frozen_paired_same_contract_soc_information,61628.091385647356,57700.90638861903,3927.1849970283347,89990.571036829,77083.20264873377,12907.368388095238,4783.472884070317,787.6209379602583,17,8,14293.080792984429,615.70348809524,17984.29866513816,14567.282404761903,10800.0,10799.999460000012,1200.0,10800.0,1.2296649000054458,2.2737367544323206e-13,0
2025-06-13,greedy,frozen_paired_same_contract_soc_information,30513.57937212477,30513.57937212477,0.0,48962.90201590694,36028.963973049795,12933.938042857142,4766.147983198888,0.0,0,0,9848.298013521462,7205.279086775173,18757.95376637003,15193.942550759726,10800.0,10800.0,2314.487274526226,10800.0,0.000931500006117858,1.1368683772161603e-13,0
2025-06-13,mpc,frozen_paired_same_contract_soc_information,32441.698809691436,30513.57937212477,1928.1194375666664,48962.90201590694,36028.963973049795,12933.938042857142,4766.147983198888,413.3382095238094,22,10,9653.373274676036,7822.648028006248,18730.24729017486,15175.34206742639,10800.0,10795.73137512805,2045.5136413504981,10800.0,1.2204439000051934,1.1368683772161603e-13,0
2025-06-14,greedy,frozen_paired_same_contract_soc_information,30716.77612221756,30716.77612221756,0.0,49273.915704714185,36166.74083090466,13107.174873809523,4697.58678314115,0.0,0,0,10265.269316784244,9386.376559964607,18046.984620870193,14618.057542904859,10800.0,10800.0,2699.2782879629654,10800.0,0.0006897999992361292,1.1368683772161603e-13,0
2025-06-14,mpc,frozen_paired_same_contract_soc_information,31688.196604588993,30716.77612221756,971.420482371429,49273.915704714185,36166.74083090466,13107.174873809523,4697.58678314115,210.00754523809547,14,10,8912.822536406224,10844.9416917747,18703.879955152406,15171.063683381046,10800.0,10776.754533658228,2136.899341285666,10800.0,1.1229228000011062,1.1368683772161603e-13,0
2025-06-15,greedy,frozen_paired_same_contract_soc_information,57499.932099373575,57499.932099373575,0.0,89420.75884556302,76348.86864318207,13071.890202380953,4701.117371921585,0.0,0,0,15368.95228959595,146.44399999999996,17254.674855967074,13976.286633333333,10800.0,10800.0,2398.679063492066,10800.0,0.0006492999964393675,1.1368683772161603e-13,0
2025-06-15,mpc,frozen_paired_same_contract_soc_information,61483.354119446194,57499.932099373575,3983.4220200726195,89420.75884556302,76348.86864318207,13071.890202380953,4701.117371921585,738.5835952380953,14,4,15750.834639519508,410.20277619047624,17743.84881556733,14372.518123809521,10800.0,10799.999352000017,1497.5873854872045,10800.0,1.0355762999970466,2.2737367544323206e-13,0
2025-06-16,greedy,frozen_paired_same_contract_soc_information,58046.412982941794,58046.412982941794,0.0,90210.67711410989,77183.9844283956,13026.692685714286,4713.491057911546,0.0,0,0,13907.745545359456,107.1111457051745,18430.35582304526,14928.588216666665,10800.0,10800.0,2307.632656084657,10800.0,0.0007692000071983784,1.1368683772161603e-13,0
2025-06-16,mpc,frozen_paired_same_contract_soc_information,62701.32605791441,58046.412982941794,4654.913074972617,90210.67711410989,77183.9844283956,13026.692685714286,4713.491057911546,956.5196166666665,27,9,14279.551603986432,812.1257166666667,17797.194643456794,14415.728049999998,10800.0,10799.999568000007,1390.9865098591545,10800.0,1.053160299998126,4.547473508864641e-13,0
2025-06-17,greedy,frozen_paired_same_contract_soc_information,57543.9447063351,57508.93384966843,35.010856666667785,89736.92145604783,76745.30604414307,12991.615411904762,4710.259314540751,5.193333333333499,1,1,11466.368951851862,82.02935000000014,18719.501425592938,15162.796154730286,10800.0,10800.0,2010.8108597883609,10800.0,0.000675899995258078,2.2737367544323206e-13,0
2025-06-17,mpc,frozen_paired_same_contract_soc_information,65507.075608814186,57508.93384966843,7998.141759145751,89736.92145604783,76745.30604414307,12991.615411904762,4710.259314540751,1623.998384209032,27,9,13176.247857697752,228.85552142857125,17507.81722450895,14189.011980045063,10800.0,10791.466635341323,1200.0,10800.0,1.2483015999896452,2.2737367544323206e-13,0
2025-06-18,greedy,frozen_paired_same_contract_soc_information,58734.119834425124,58734.119834425124,0.0,91259.9283181543,78046.76098720194,13213.167330952383,4588.671856838133,0.0,0,0,17178.424642786886,88.67290000000003,16128.630922986478,13064.19104761905,10800.0,10800.0,2196.5034312169346,10800.0,0.0003063000040128827,1.1368683772161603e-13,0
2025-06-18,mpc,frozen_paired_same_contract_soc_information,60274.88282666918,58734.119834425124,1540.762992244049,91259.9283181543,78046.76098720194,13213.167330952383,4588.671856838133,277.41171666666696,9,3,16808.483686860658,430.86615476190394,17734.73567999164,14365.13638679322,10800.0,10799.999460000012,1362.5648538563642,10800.0,1.2784644000057597,2.2737367544323206e-13,0
2025-06-19,greedy,frozen_paired_same_contract_soc_information,58077.92906518227,58077.524575182266,0.40448999999963214,90227.82080805782,77027.75965567687,13200.061152380953,4595.191839188927,0.05999999999994543,1,1,17026.164884947015,1556.9697499999997,17817.06301637272,14431.821043261905,10800.0,10800.0,1978.0173888888894,10800.0,0.0002499999973224476,1.1368683772161603e-13,0
2025-06-19,mpc,frozen_paired_same_contract_soc_information,61836.956502426314,58077.524575182266,3759.431927244049,90227.82080805782,77027.75965567687,13200.061152380953,4595.191839188927,746.5854809523812,20,8,17997.53495113404,1280.9258895154926,18090.450444003538,14654.009195642855,10800.0,10799.172960000013,1457.759662105466,10800.0,1.0979859999933979,2.2737367544323206e-13,0
2025-06-20,greedy,frozen_paired_same_contract_soc_information,29980.431223137133,29980.431223137133,0.0,47876.34237375091,34798.67635708424,13077.666016666668,4677.129226303054,0.0,0,0,10656.329377219285,11415.11687494233,17917.448797838384,14513.133526249094,10800.0,10800.0,2823.3015803052385,10800.0,0.0008447000000160187,1.1368683772161603e-13,0
2025-06-20,mpc,frozen_paired_same_contract_soc_information,30681.90183305856,29980.431223137133,701.470609921428,47876.34237375091,34798.67635708424,13077.666016666668,4677.129226303054,168.57529047619042,14,8,10257.84726159163,11827.668528047923,18730.639529408065,15171.818504820523,10800.0,10799.999460000012,2247.175085806971,10800.0,1.0164604999881703,1.1368683772161603e-13,0
2025-06-21,greedy,frozen_paired_same_contract_soc_information,30156.488819077487,30156.488819077487,0.0,48504.03960433393,35444.70299004821,13059.336614285716,4692.0582818054345,0.0,0,0,11775.007060552616,13864.532277954877,18577.683504349647,15047.923638523216,10800.0,10800.0,2258.250520159387,10800.0,0.000331000002915971,1.1368683772161603e-13,0
2025-06-21,mpc,frozen_paired_same_contract_soc_information,31788.159785870346,30156.488819077487,1631.6709667928571,48504.03960433393,35444.70299004821,13059.336614285716,4692.0582818054345,433.7237190476191,19,9,11983.600641613113,14062.608493884294,18755.797971645447,15198.984183761313,10800.0,10792.457970301673,2279.7752981375675,10800.0,1.0816535000049043,1.1368683772161603e-13,0
2025-06-22,greedy,frozen_paired_same_contract_soc_information,56046.67339726391,56046.67339726391,0.0,87436.28180587375,74405.19622015946,13031.085585714289,4712.525094448132,0.0,0,0,16056.952292028956,773.7668499999999,16569.587178130507,13421.365614285714,10800.0,10800.0,1959.771949735452,10800.0,0.0007643000135431066,1.1368683772161603e-13,0
2025-06-22,mpc,frozen_paired_same_contract_soc_information,59850.524130557955,56046.67339726391,3803.85073329405,87436.28180587375,74405.19622015946,13031.085585714289,4712.525094448132,745.6403547619052,18,7,15840.938533710303,1556.6521642857135,17510.478150734874,14183.487788095235,10800.0,10799.999460000012,1359.9861736597343,10800.0,1.1265771000034874,2.2737367544323206e-13,0
2025-06-23,greedy,frozen_paired_same_contract_soc_information,55965.499041070594,55965.499041070594,0.0,87301.87642648337,74284.07062410243,13017.805802380954,4720.456729174759,0.0,0,0,15592.842368282325,1364.8030000000006,17278.658201058195,13995.713142857143,10800.0,10800.0,2177.396037037038,10800.0,0.0006508999940706417,1.1368683772161603e-13,0
2025-06-23,mpc,frozen_paired_same_contract_soc_information,59137.49875353488,55965.499041070594,3171.9997124642855,87301.87642648337,74284.07062410243,13017.805802380954,4720.456729174759,661.2315928571428,20,9,15417.525983130556,2280.737194236342,17227.199706259336,14023.640864285713,10800.0,10722.656553093726,1238.13196004218,10800.0,0.9940777000010712,2.2737367544323206e-13,0
2025-06-24,greedy,frozen_paired_same_contract_soc_information,56056.37201679924,55433.494663900434,622.877352898808,86240.78777669225,73242.79265764463,12997.99511904762,4743.433991920752,129.3906738095235,3,1,6153.387284420938,0.0,20778.941663583384,16830.942747502544,10800.0,10800.0,1200.0,10800.0,0.0003060000017285347,1.1368683772161603e-13,0
2025-06-24,mpc,frozen_paired_same_contract_soc_information,73880.87935137429,55433.494663900434,18447.38468747386,86240.78777669225,73242.79265764463,12997.99511904762,4743.433991920752,3680.448520671139,42,9,10480.939555872868,0.0,16743.48673736955,13571.982245879024,10800.0,10789.15779043368,1200.0,10800.0,1.2022009999927832,2.2737367544323206e-13,0
2025-06-25,greedy,frozen_paired_same_contract_soc_information,55542.51914342656,55542.51914342656,0.0,86549.86595626369,73144.81342293035,13405.052533333333,4681.207494807181,0.0,0,0,12508.733672413608,218.43108333333316,17817.26228342151,14431.982449571431,10800.0,10800.0,2126.3241084656106,10800.0,0.0005559999990509823,1.7053025658242404e-13,0
2025-06-25,mpc,frozen_paired_same_contract_soc_information,60014.27702851703,55542.51914342656,4471.757885090476,86549.86595626369,73144.81342293035,13405.052533333333,4681.207494807181,875.9105166666666,27,10,13474.338353965606,271.6501428571431,17065.0904875838,13822.72387814286,10800.0,10799.999352000017,1410.8680184553166,10800.0,0.9440848999947775,2.2737367544323206e-13,0
2025-06-26,greedy,frozen_paired_same_contract_soc_information,55833.164877736664,55833.164877736664,0.0,86797.79607669837,73662.08831717455,13135.70775952381,4794.534746971467,0.0,0,0,15347.52219421748,461.8820166666667,18110.568592004704,14669.560559523808,10800.0,10800.0,2037.8865423280415,10800.0,0.00023180000425782055,1.1368683772161603e-13,0
2025-06-26,mpc,frozen_paired_same_contract_soc_information,60310.82293310453,55833.164877736664,4477.658055367861,86797.79607669837,73662.08831717455,13135.70775952381,4794.534746971467,895.6326690476199,21,6,15520.166431210095,1340.4173666666666,17445.132574059706,14159.671459523808,10800.0,10767.651028293949,1498.0691224405389,10800.0,0.7471202000015182,2.2737367544323206e-13,0
2025-06-27,greedy,frozen_paired_same_contract_soc_information,28841.141203624087,28841.141203624087,0.0,46623.29965486439,33487.73828343582,13135.561371428572,4788.186215131586,0.0,0,0,10412.77237123176,12825.898566666667,19015.699212101572,15402.716361802275,10800.0,10800.0,2187.431785378423,10800.0,0.000302400003420189,1.1368683772161603e-13,0
2025-06-27,mpc,frozen_paired_same_contract_soc_information,31193.02782506337,28841.141203624087,2351.886621439286,46623.29965486439,33487.73828343582,13135.561371428572,4788.186215131586,496.2792309523813,26,11,10242.373105952738,13529.454749754586,18847.112027626008,15271.00686418323,10800.0,10794.615420215376,2211.8326180503814,10800.0,1.030413899992709,1.1368683772161603e-13,0
2025-06-28,greedy,frozen_paired_same_contract_soc_information,28719.466009170534,28719.466009170534,0.0,46856.668101468196,33826.85687765867,13029.811223809524,4791.671331029602,0.0,0,0,9678.307330188125,11880.515265833747,18531.15467778765,15010.235289007993,10800.0,10800.0,2554.869472821802,10800.0,0.00044519999937620014,1.1368683772161603e-13,0
2025-06-28,mpc,frozen_paired_same_contract_soc_information,30817.663489603867,28719.466009170534,2098.1974804333345,46856.668101468196,33826.85687765867,13029.811223809524,4791.671331029602,447.30162142857176,15,9,8746.238224200395,13185.109507341742,18924.71819941024,15329.02232472228,10800.0,10799.999352000017,1553.9831193716436,10800.0,1.0554891000065254,1.1368683772161603e-13,0
2025-06-29,greedy,frozen_paired_same_contract_soc_information,55066.14926351918,55066.14926351918,0.0,86184.2712734869,73188.07310205832,12996.198171428572,4759.210906809721,0.0,0,0,13393.43549885433,57.480400000000145,18239.930743680183,14774.343902380951,10800.0,10800.0,2179.803613756615,10800.0,0.0008015000057639554,2.2737367544323206e-13,0
2025-06-29,mpc,frozen_paired_same_contract_soc_information,59684.573787581096,55066.14926351918,4618.424524061911,86184.2712734869,73188.07310205832,12996.198171428572,4759.210906809721,985.701773809525,30,11,13422.122200923677,1118.4851833333332,17692.619541610835,14331.02241190476,10800.0,10799.999352000017,1387.862053558675,10800.0,1.227461200003745,2.2737367544323206e-13,0
2025-06-30,greedy,frozen_paired_same_contract_soc_information,55648.198096787484,55648.198096787484,0.0,86693.87633978148,73666.86139454338,13027.014945238096,4763.395536869324,0.0,0,0,13180.86304961129,154.73506666666628,18318.917053527337,14838.32281335714,10800.0,10800.0,2133.416486772489,10800.0,0.000268599993432872,1.5276668818842154e-13,0
2025-06-30,mpc,frozen_paired_same_contract_soc_information,60089.281309622005,55648.198096787484,4441.083212834523,86693.87633978148,73666.86139454338,13027.014945238096,4763.395536869324,1001.3511595238094,24,10,13517.956611210346,968.0857499999996,17781.588387166375,14450.08723240476,10800.0,10747.777068000005,1239.2450480307923,10800.0,1.255268499997328,1.1368683772161603e-13,0
2025-07-01,greedy,frozen_paired_same_contract_soc_information,60825.989568942176,56127.208129442224,4698.781439499951,87549.69229103794,74481.1053529427,13068.586938095239,4769.063415307936,756.914322547619,12,5,5630.267112941522,185.42713333333313,20829.63290514403,17205.264571166663,10800.0,10429.70898,1200.0,10800.0,0.0007867000094847754,2.2737367544323206e-13,0
2025-07-01,mpc,frozen_paired_same_contract_soc_information,75613.13811596141,56127.208129442224,19485.929986519193,87549.69229103794,74481.1053529427,13068.586938095239,4769.063415307936,4479.672097384072,68,13,10088.844640627016,323.0920506075968,16486.155129231887,13735.271465377828,10800.0,10376.126876999999,1200.0,10800.0,1.1200964000017848,2.2737367544323206e-13,0
2025-07-02,greedy,frozen_paired_same_contract_soc_information,58796.341312645796,53801.92878173876,4994.412530907035,84529.75973265764,72386.3801398005,12143.379592857144,4852.315540049167,779.1091677619029,15,2,7292.6225770723095,1254.4625166666672,20538.135939546908,16681.118499532997,10429.70898,10379.455215,1200.0,10800.0,0.0008305999945150688,2.2737367544323206e-13,0
2025-07-02,mpc,frozen_paired_same_contract_soc_information,72854.29334561527,53801.92878173876,19052.364563876505,84529.75973265764,72386.3801398005,12143.379592857144,4852.315540049167,4484.429303050747,62,7,10696.498232221811,2140.9797672235527,17568.809750507186,14296.865080910819,10429.70898,10356.232109999999,1200.0,10758.602582142858,1.016293400010909,2.2737367544323206e-13,0
2025-07-03,greedy,frozen_paired_same_contract_soc_information,65276.64881556967,52555.538027529874,12721.110788039798,82519.71954590306,70947.12233161734,11572.597214285714,4811.755584762897,2153.059905407525,21,5,684.2341535307532,0.0,21924.17290761317,17696.04654316667,10379.455215,10448.936895,1200.0,10800.0,0.00022510001144837588,2.2737367544323206e-13,0
2025-07-03,mpc,frozen_paired_same_contract_soc_information,85319.25319422095,52555.538027529874,32763.71516669107,82519.71954590306,70947.12233161734,11572.597214285714,4811.755584762897,6944.570485142918,88,7,6117.586923115784,383.8945904761902,16525.559264218617,13323.169680097944,10379.455215,10448.936686021265,1200.0,10739.395487142858,0.9274072999978671,2.2737367544323206e-13,0
2025-07-04,greedy,frozen_paired_same_contract_soc_information,42949.184787642705,26846.981864763096,16102.202922879604,44482.83346062778,32948.210174913496,11534.623285714286,4994.552136729166,3443.937807753166,20,3,3447.1809933568493,11784.946376190477,20931.564761405054,17117.788329238094,10448.936895,10267.580370000001,1200.0,10800.0,0.0006119999889051542,1.1368683772161603e-13,0
2025-07-04,mpc,frozen_paired_same_contract_soc_information,55722.91356630275,26846.981864763096,28875.931701539652,44482.83346062778,32948.210174913496,11534.623285714286,4994.552136729166,6598.9843400626905,69,7,3628.76514857143,15498.583033333332,17036.34394904762,13962.741796928574,10448.936895,10267.488897000001,1200.0,10457.702895,1.028868199995486,1.1368683772161603e-13,0
2025-07-05,greedy,frozen_paired_same_contract_soc_information,44806.11298389644,26869.576215331483,17936.53676856496,45001.090558768024,33422.33338733945,11578.757171428571,4975.596823782063,3405.8938103748237,20,3,3226.5453547619045,12216.950742857145,21066.366807142855,16892.95850228572,10267.580370000001,10457.356604999999,1200.0,10800.0,0.000589100003708154,1.1368683772161603e-13,0
2025-07-05,mpc,frozen_paired_same_contract_soc_information,54870.3161812137,26869.576215331483,28000.739965882214,45001.090558768024,33422.33338733945,11578.757171428571,4975.596823782063,6326.21708956029,74,6,3731.0975518605264,15407.821394485207,17380.233244130453,13981.924508814538,10267.580370000001,10374.318613256812,1200.0,10374.318613256812,0.9211881999945035,1.1368683772161603e-13,0
2025-07-06,greedy,frozen_paired_same_contract_soc_information,80996.59038175276,50568.24221845308,30428.34816329967,79377.80984098585,67722.2363386049,11655.573502380952,4912.504035782937,4513.9193371401925,16,1,610.7421615487316,0.0,19500.197866196355,16013.192399619042,10457.356604999999,10215.098684999999,1200.0,10473.06606648148,0.000218700006371364,2.2737367544323206e-13,0
2025-07-06,mpc,frozen_paired_same_contract_soc_information,97219.91067424681,50568.24221845308,46651.66845579374,79377.80984098585,67722.2363386049,11655.573502380952,4912.504035782937,9016.853739176187,96,12,4847.112148599019,1360.4825763392528,14041.580943283006,11648.493638059235,10457.356604999999,10152.008745,1200.0,10749.117394285715,1.1559738999931142,2.2737367544323206e-13,0
2025-07-07,greedy,frozen_paired_same_contract_soc_information,56291.04922634298,50111.81627454565,6179.232951797334,78786.10910134703,66887.79363944227,11898.31546190476,4746.059161942659,982.9177824523808,13,3,2171.8296606407957,146.61675000000014,20239.71398416815,16198.616277676198,10215.098684999999,10432.378740000002,1200.0,10800.0,0.0002511000056983903,2.2737367544323206e-13,0
2025-07-07,mpc,frozen_paired_same_contract_soc_information,72362.26501377285,50111.81627454565,22250.4487392272,78786.10910134703,66887.79363944227,11898.31546190476,4746.059161942659,4672.375772971869,67,9,4991.554265262517,1798.968366666666,16188.233346213096,12929.753870490043,10215.098684999999,10418.115507158403,1200.0,10741.52634124486,1.1608799999958137,2.2737367544323206e-13,0
2025-07-08,greedy,frozen_paired_same_contract_soc_information,59523.02335414243,59514.47324569005,8.55010845238176,92796.17993279327,80875.24648041232,11920.93345238095,4438.170494052896,1.2698809523810723,1,1,11391.653161357655,1768.6296333333335,19657.47825467371,15591.698252285716,10432.378740000002,10800.0,2241.3753571428606,10800.0,0.00027359998784959316,1.1368683772161603e-13,0
2025-07-08,mpc,frozen_paired_same_contract_soc_information,65808.58625912576,59514.47324569005,6294.113013435714,92796.17993279327,80875.24648041232,11920.93345238095,4438.170494052896,1295.7750976190478,32,8,13039.221015619494,1673.1252237922192,18301.91170281013,14493.689928476191,10432.378740000002,10799.999352000017,1410.5912253989527,10799.999352000017,1.158681599990814,2.2737367544323206e-13,0
2025-07-09,greedy,frozen_paired_same_contract_soc_information,59021.26249852718,59021.26249852718,0.0,91613.3139376012,79644.02950902976,11969.284428571427,4434.904506940675,0.0,0,0,13108.212516607877,1026.1783810405682,18001.042227821483,14580.844204535402,10800.0,10800.0,2567.460156084657,10800.0,0.0006806000019423664,2.2737367544323206e-13,0
2025-07-09,mpc,frozen_paired_same_contract_soc_information,63445.961932718856,59021.26249852718,4424.699434191663,91613.3139376012,79644.02950902976,11969.284428571427,4434.904506940675,881.2356333333329,22,6,12924.230894779528,2141.278969047619,17738.50144021421,14368.186749773497,10800.0,10799.999352000017,1730.9725395619325,10800.0,1.206844500004081,2.2737367544323206e-13,0
2025-07-10,greedy,frozen_paired_same_contract_soc_information,59729.37125797008,59729.37125797008,0.0,92294.13744148675,80363.64414862961,11930.493292857142,4458.875050226587,0.0,0,0,14389.833695249252,1672.0216648148166,17782.41420047031,14403.755502380951,10800.0,10800.0,2223.3572195767197,10800.0,0.0006773000059183687,1.1368683772161603e-13,0
2025-07-10,mpc,frozen_paired_same_contract_soc_information,62595.66756324627,59729.37125797008,2866.296305276192,92294.13744148675,80363.64414862961,11930.493292857142,4458.875050226587,514.1819547619053,19,10,13928.86696719002,2560.3196744848437,18239.52607600237,14774.016704761903,10800.0,10799.999352000017,1663.713788086966,10800.0,1.2605553999892436,2.2737367544323206e-13,0
2025-07-11,greedy,frozen_paired_same_contract_soc_information,34311.766328988844,34311.766328988844,0.0,55126.64299067941,43248.658335917506,11877.984654761905,4479.774366942857,0.0,0,0,9279.885132304527,9846.133992725907,18325.509029731467,14843.662314082494,10800.0,10800.0,2790.900716931218,10800.0,0.00026309999520890415,1.1368683772161603e-13,0
2025-07-11,mpc,frozen_paired_same_contract_soc_information,37116.8099779817,34311.766328988844,2805.043648992856,55126.64299067941,43248.658335917506,11877.984654761905,4479.774366942857,721.6497452380952,22,6,8930.944672531536,10967.248111505342,18059.59676358217,14628.273961701541,10800.0,10799.999352000017,1658.238372992685,10800.0,1.1518603000004077,1.1368683772161603e-13,0
2025-07-12,greedy,frozen_paired_same_contract_soc_information,34180.40410921958,34180.40410921958,0.0,55144.83860375941,43185.61027994989,11959.22832380952,4454.7564859225,0.0,0,0,8528.298570135215,12155.28370858011,17773.752587951338,14396.739596240586,10800.0,10800.0,2660.6730476190496,10800.0,0.00026590000197757035,1.1368683772161603e-13,0
2025-07-12,mpc,frozen_paired_same_contract_soc_information,36193.02967319815,34180.40410921958,2012.6255639785709,55144.83860375941,43185.61027994989,11959.22832380952,4454.7564859225,414.25949047619054,15,7,8472.430445584323,12598.991612672435,17912.80625602895,14509.373553383442,10800.0,10799.999460000012,1975.1168761124422,10800.0,1.1632269999972777,1.1368683772161603e-13,0
2025-07-13,greedy,frozen_paired_same_contract_soc_information,59504.5537176838,59493.19795864214,11.355759041668101,92349.52734328894,80262.58119328895,12086.946149999998,4387.450220445437,1.68921666666688,1,1,15497.092216917328,4391.521499161444,16815.170757246553,13620.288313369703,10800.0,10800.0,2497.4125264550266,10800.0,0.0009367000020574778,1.4210854715202004e-13,0
2025-07-13,mpc,frozen_paired_same_contract_soc_information,61294.35612123023,59493.19795864214,1801.1581625880947,92349.52734328894,80262.58119328895,12086.946149999998,4387.450220445437,306.47786428571413,8,5,16509.26517480379,3405.579564567147,18281.266586335343,14807.82651813161,10800.0,10799.999352000017,1841.42437861079,10800.0,1.1289443999994546,2.2737367544323206e-13,0
2025-07-14,greedy,frozen_paired_same_contract_soc_information,58399.73643317652,58399.73643317652,0.0,91050.01088425552,79148.09987711266,11901.911007142855,4344.417517699326,0.0,0,0,14140.607723104058,1949.3658969429753,16591.358144956983,13439.000097415159,10800.0,10800.0,2304.8601269841283,10800.0,0.000756199995521456,2.2737367544323206e-13,0
2025-07-14,mpc,frozen_paired_same_contract_soc_information,60090.62589702057,58399.73643317652,1690.8894638440447,91050.01088425552,79148.09987711266,11901.911007142855,4344.417517699326,274.80025952380913,11,6,14103.575427930593,1966.075945238097,18144.638587073423,14697.158033129446,10800.0,10799.99913600003,1552.6896320860224,10800.0,1.1017904999898747,2.2737367544323206e-13,0
2025-07-15,greedy,frozen_paired_same_contract_soc_information,58535.00196652431,58535.00196652431,0.0,90700.84935012928,78794.440714415,11906.408635714282,4292.775918274605,0.0,0,0,14388.150087242793,472.0048500000005,16271.809629227164,13180.165799674007,10800.0,10800.0,2654.981023809525,10800.0,0.0007390000100713223,1.1368683772161603e-13,0
2025-07-15,mpc,frozen_paired_same_contract_soc_information,59764.72468068026,58535.00196652431,1229.7227141559538,90700.84935012928,78794.440714415,11906.408635714282,4292.775918274605,232.82017857142893,9,3,11766.92636779893,2966.1818401501987,18165.848544306547,14714.337806888292,10800.0,10799.999460000012,1200.0,10800.0,1.0965430000069318,2.2737367544323206e-13,0
2025-07-16,greedy,frozen_paired_same_contract_soc_information,57807.83405364512,57807.83405364512,0.0,89721.82633301965,77767.49013540059,11954.336197619046,4373.80398421881,0.0,0,0,12950.8187579659,1405.8918666666664,17002.906973967067,13772.354648913328,10800.0,10800.0,2373.6953835978834,10800.0,0.0002426999999443069,2.2737367544323206e-13,0
2025-07-16,mpc,frozen_paired_same_contract_soc_information,61123.91392487845,57807.83405364512,3316.079871233331,89721.82633301965,77767.49013540059,11954.336197619046,4373.80398421881,677.7193785714283,14,8,11967.180678365647,2973.388130952379,17496.915815472086,14172.502296532377,10800.0,10799.999460000012,1200.0,10800.0,1.0838153999939095,2.2737367544323206e-13,0
2025-07-17,greedy,frozen_paired_same_contract_soc_information,57657.923455521435,57657.923455521435,0.0,89222.0675821017,77355.34345114933,11866.72413095238,4445.885476039088,0.0,0,0,11576.444716960612,1523.1019333333331,17905.815079689997,14503.710214548899,10800.0,10800.0,2634.9992433862444,10800.0,0.0006319999956758693,1.1368683772161603e-13,0
2025-07-17,mpc,frozen_paired_same_contract_soc_information,63942.3031342143,57657.923455521435,6284.379678692858,89222.0675821017,77355.34345114933,11866.72413095238,4445.885476039088,1234.1225809523817,29,13,11797.568515449713,2666.9848327262243,17305.349731808008,14034.128983596518,10800.0,10781.338110186627,1330.659357167052,10800.0,1.0953969000111101,2.2737367544323206e-13,0
2025-07-18,greedy,frozen_paired_same_contract_soc_information,33605.18820445317,33605.18820445317,0.0,54489.36480390252,42592.98716104538,11896.377642857142,4309.550831768969,0.0,0,0,8970.89432701352,10986.909568956667,17143.751620696476,13886.43881276414,10800.0,10800.0,2882.5285476190484,10800.0,0.00024670000129844993,1.5187850976872141e-13,0
2025-07-18,mpc,frozen_paired_same_contract_soc_information,35257.94591442936,33605.18820445317,1652.7577099761893,54489.36480390252,42592.98716104538,11896.377642857142,4309.550831768969,301.11286428571395,15,10,8227.632730196761,11920.481938824838,17859.099457168875,14490.984558002237,10800.0,10772.09555811617,1359.3464356571778,10800.0,1.0834071999997832,1.1368683772161603e-13,0
2025-07-19,greedy,frozen_paired_same_contract_soc_information,33872.7797764174,33872.7797764174,0.0,54738.65519584145,42560.967007746214,12177.688188095235,4292.476615862937,0.0,0,0,8985.334979306288,15243.184042955347,17512.195387262167,14184.878263682356,10800.0,10800.0,2677.9278994709002,10800.0,0.0011793000012403354,1.1368683772161603e-13,0
2025-07-19,mpc,frozen_paired_same_contract_soc_information,35531.29064898884,33872.7797764174,1658.5108725714294,54738.65519584145,42560.967007746214,12177.688188095235,4292.476615862937,440.4569595238096,16,11,8939.496734614922,15669.418050227541,17828.309508014674,14440.931187491879,10800.0,10799.999460000012,1945.8339161835138,10800.0,1.2100719000009121,1.1368683772161603e-13,0
2025-07-20,greedy,frozen_paired_same_contract_soc_information,57494.43903554366,57494.43903554366,0.0,88535.96628321864,76358.03560940911,12177.930673809522,4299.661203891429,0.0,0,0,11883.01713289241,1344.713816666667,16938.195352594204,13719.938235601303,10800.0,10800.0,2617.439002645502,10800.0,0.0008076000085566193,1.1368683772161603e-13,0
2025-07-20,mpc,frozen_paired_same_contract_soc_information,60157.90753814961,57494.43903554366,2663.4685026059487,88535.96628321864,76358.03560940911,12177.930673809522,4299.661203891429,594.9686880952372,16,5,12411.074254409152,1433.3010642857141,16824.115378696508,13627.533942744161,10800.0,10799.999460000012,1516.697162581254,10800.0,1.1800028999859933,2.2737367544323206e-13,0
2025-07-21,greedy,frozen_paired_same_contract_soc_information,58657.380632682616,58657.380632682616,0.0,90477.39476484801,78134.57489580038,12342.819869047617,4246.4479516935335,0.0,0,0,12296.936022957081,937.9015264550281,17120.0413970311,13867.233531595193,10800.0,10800.0,2714.783264550265,10800.0,0.0006606999959331006,1.1368683772161603e-13,0
2025-07-21,mpc,frozen_paired_same_contract_soc_information,62387.41410954215,58657.380632682616,3730.0334768595285,90477.39476484801,78134.57489580038,12342.819869047617,4246.4479516935335,747.286788095239,19,7,11879.561620974666,2151.8407865620484,16860.68620319221,13657.15640778567,10800.0,10799.999352000017,1329.5928296934972,10800.0,1.1701450999971712,2.2737367544323206e-13,0
2025-07-22,greedy,frozen_paired_same_contract_soc_information,58029.83055840958,58029.83055840958,0.0,89808.30848165134,77343.88005784183,12464.42842380952,4202.715991152303,0.0,0,0,12041.005010523219,723.8507,17096.358707691885,13848.05055323043,10800.0,10800.0,2348.7782354497385,10800.0,0.00025409999943803996,1.7053025658242404e-13,0
2025-07-22,mpc,frozen_paired_same_contract_soc_information,62089.37133410482,58029.83055840958,4059.5407756952404,89808.30848165134,77343.88005784183,12464.42842380952,4202.715991152303,810.4221166666671,26,10,11938.043038978409,1697.2204613086938,17005.51049411848,13817.188012754239,10800.0,10752.528319424144,1200.0,10800.0,1.1250394999951823,1.1368683772161603e-13,0
2025-07-23,greedy,frozen_paired_same_contract_soc_information,58642.66972044678,58642.66972044678,0.0,90867.62583455862,78355.13153455863,12512.494299999997,4207.61200108766,0.0,0,0,11593.317851587297,1559.2720889182829,18413.09882834937,14914.61005096299,10800.0,10800.0,2462.586949735448,10800.0,0.0002783000090857968,1.1368683772161603e-13,0
2025-07-23,mpc,frozen_paired_same_contract_soc_information,65624.36961838727,58642.66972044678,6981.699897940478,90867.62583455862,78355.13153455863,12512.494299999997,4207.61200108766,1362.7016880952388,25,5,12918.358094505928,1819.3560998326782,17242.45681499254,13966.390603343942,10800.0,10799.999352000017,1503.7047384334464,10800.0,1.0797221999964677,2.2737367544323206e-13,0
2025-07-24,greedy,frozen_paired_same_contract_soc_information,58525.94521774065,58525.94521774065,0.0,90616.45040767934,78073.24547434601,12543.204933333329,4211.436809933018,0.0,0,0,12908.307259141684,982.7718333333332,16362.627974759655,13253.728659555323,10800.0,10800.0,2571.264232804234,10800.0,0.0002521999995224178,1.1368683772161603e-13,0
2025-07-24,mpc,frozen_paired_same_contract_soc_information,62309.97443973327,58525.94521774065,3784.029221992614,90616.45040767934,78073.24547434601,12543.204933333329,4211.436809933018,711.0835664158737,17,10,11942.363526965659,2491.1519595238105,17263.172271221392,13985.62578361564,10800.0,10797.270840081874,1200.0,10800.0,1.08393760000763,2.2737367544323206e-13,0
2025-07-25,greedy,frozen_paired_same_contract_soc_information,33386.067688411,33386.067688411,0.0,54084.03373912489,41829.664005791565,12254.369733333331,4071.596640023135,0.0,0,0,9845.375786743089,14393.38061026589,17578.7251339434,14238.767358494151,10800.0,10800.0,2805.8945237830667,10800.0,0.00023780000628903508,1.1368683772161603e-13,0
2025-07-25,mpc,frozen_paired_same_contract_soc_information,34952.64243152648,33386.067688411,1566.5747431154798,54084.03373912489,41829.664005791565,12254.369733333331,4071.596640023135,434.1047619047623,20,10,9986.753823039066,14654.725592870544,17743.894760280866,14372.555241827486,10800.0,10799.999460000012,2394.8508757724803,10800.0,1.1148091000068234,1.1368683772161603e-13,0
2025-07-26,greedy,frozen_paired_same_contract_soc_information,33955.95726233352,33955.95726233352,0.0,54784.324456613205,42658.5197018513,12125.804754761903,4056.1954293198405,0.0,0,0,9988.101862169315,12970.724756613203,17665.296164021165,14308.88989285714,10800.0,10800.0,2740.700584656084,10800.0,0.0004507999983616173,1.1368683772161603e-13,0
2025-07-26,mpc,frozen_paired_same_contract_soc_information,36029.98767746209,33955.95726233352,2074.0304151285727,54784.324456613205,42658.5197018513,12125.804754761903,4056.1954293198405,505.932173809524,14,8,9668.313870130252,13771.934661262487,17794.30009664904,14413.383564285712,10800.0,10799.999460000012,2221.9377254616484,10800.0,1.1326797000074293,1.1368683772161603e-13,0
2025-07-27,greedy,frozen_paired_same_contract_soc_information,57615.687661676224,57615.687661676224,0.0,89385.28194028982,77247.34664505172,12137.935295238094,4086.898890654445,0.0,0,0,11317.455774064072,654.0590333333334,19624.09122574956,15895.513892857143,10800.0,10800.0,2026.7269497354498,10800.0,0.00026879999495577067,1.1368683772161603e-13,0
2025-07-27,mpc,frozen_paired_same_contract_soc_information,67861.30593751076,57615.687661676224,10245.618275834522,89385.28194028982,77247.34664505172,12137.935295238094,4086.898890654445,2096.50685,30,8,12406.026765447266,2123.632192857144,17305.774843890173,14038.834811904762,10800.0,10776.492012940309,1638.1648088684497,10800.0,1.1619045000115875,2.2737367544323206e-13,0
2025-07-28,greedy,frozen_paired_same_contract_soc_information,57691.70262311742,57691.70262311742,0.0,89552.84762162433,77327.49473591003,12225.352885714285,4134.478453481944,0.0,0,0,7991.081202469146,0.0,18983.627293799254,15376.738107977399,10800.0,10800.0,2508.7473324060634,10800.0,0.00044019999040756375,2.2737367544323206e-13,0
2025-07-28,mpc,frozen_paired_same_contract_soc_information,65946.96042429985,57691.70262311742,8255.257801182426,89552.84762162433,77327.49473591003,12225.352885714285,4134.478453481944,1612.6600463088557,28,9,9382.319088514578,546.6889333333334,17402.35594346811,14120.733530716165,10800.0,10772.416426103335,1200.0,10800.0,1.1845906999951694,2.2737367544323206e-13,0
2025-07-29,greedy,frozen_paired_same_contract_soc_information,58869.750635514974,58869.750635514974,0.0,91543.8868544694,79073.0698044694,12470.81705,4099.266264956825,0.0,0,0,11657.439098061415,397.3654666666664,17999.138630217516,14579.302290476191,10800.0,10800.0,2393.4395740740765,10800.0,0.0002762000076472759,1.1368683772161603e-13,0
2025-07-29,mpc,frozen_paired_same_contract_soc_information,63328.66534907569,58869.750635514974,4458.9147135607145,91543.8868544694,79073.0698044694,12470.81705,4099.266264956825,837.1374000000001,23,8,12759.25588026009,180.82723571428505,17745.767219447403,14374.072030952379,10800.0,10799.999352000017,1499.0896980861899,10800.0,1.0845662000065204,2.2737367544323206e-13,0
2025-07-30,greedy,frozen_paired_same_contract_soc_information,59225.44077745298,59225.44077745298,0.0,92032.76814036499,79546.76180703167,12486.006333333331,4123.639435024681,0.0,0,0,12574.410931011176,1880.9367999999997,18285.086101862238,14810.919742508418,10800.0,10800.0,2682.4345740740764,10800.0,0.00023530000180471689,2.2737367544323206e-13,0
2025-07-30,mpc,frozen_paired_same_contract_soc_information,63515.09083651251,59225.44077745298,4289.650059059528,92032.76814036499,79546.76180703167,12486.006333333331,4123.639435024681,920.52585952381,21,6,13758.78202767166,1647.8519754264973,18123.192263108594,14679.786316317939,10800.0,10799.999352000017,1566.8868270000012,10800.0,1.1251745000045048,2.2737367544323206e-13,0
2025-07-31,greedy,frozen_paired_same_contract_soc_information,58712.75764022862,58712.75764022862,0.0,91561.4883066234,79078.65943281387,12482.828873809522,4067.496652938214,0.0,0,0,12543.839459758967,843.0444833333333,18313.726825602345,14834.118728737896,10800.0,10800.0,2263.199947089947,10800.0,0.00033850000181701034,2.2737367544323206e-13,0
2025-07-31,mpc,frozen_paired_same_contract_soc_information,64099.63095429766,58712.75764022862,5386.873314069042,91561.4883066234,79078.65943281387,12482.828873809522,4067.496652938214,1000.5277023809513,27,8,13037.506123733083,1421.5944190476187,17936.419909247274,14528.50070969028,10800.0,10799.999352000017,1363.904049341677,10800.0,1.0740501999971457,2.2737367544323206e-13,0
2025-08-01,greedy,frozen_paired_same_contract_soc_information,32892.11768292544,32892.11768292544,0.0,53344.86986262881,41654.92411977166,11689.945742857144,4407.55177447242,0.0,0,0,9337.893910141098,19384.530671234854,17742.555866243092,14371.470251656907,10800.0,10800.0,2537.7849700264587,10800.0,0.00025329999334644526,1.1368683772161603e-13,0
2025-08-01,mpc,frozen_paired_same_contract_soc_information,34615.706172879014,32892.11768292544,1723.5884899535702,53344.86986262881,41654.92411977166,11689.945742857144,4407.55177447242,482.8961190476189,15,9,10367.23453114894,18800.402684966168,18107.409576742033,14698.640477847384,10800.0,10764.845865904073,2167.6331646524072,10800.0,1.1580959999992047,1.1368683772161603e-13,0
2025-08-02,greedy,frozen_paired_same_contract_soc_information,32133.543242735395,32133.543242735395,0.0,52306.95465232722,41788.37046899389,10518.584183333332,4861.965758465753,0.0,0,0,8659.19908700764,19297.018609470084,18019.536960611404,14595.82493809524,10800.0,10800.0,2247.4118458994717,10800.0,0.00030280000646598637,1.1368683772161603e-13,0
2025-08-02,mpc,frozen_paired_same_contract_soc_information,33251.956720725866,32133.543242735395,1118.4134779904753,52306.95465232722,41788.37046899389,10518.584183333332,4861.965758465753,233.64277142857125,13,8,9432.887082375695,18646.716048475486,18623.606421529767,15089.637061958489,10800.0,10794.982377200695,1832.4693777673915,10800.0,1.1029939000000013,1.1368683772161603e-13,0
2025-08-03,greedy,frozen_paired_same_contract_soc_information,55445.87204955134,55182.824243412055,263.0478061392851,86288.46622880522,77004.60736690045,9283.858861904762,4933.815809295157,39.03939523809515,2,1,13881.734399882422,6405.834016666666,16844.51170611004,13644.054481949132,10800.0,10800.0,1495.199436507937,10800.0,0.0004923999949824065,1.1368683772161603e-13,0
2025-08-03,mpc,frozen_paired_same_contract_soc_information,57922.614149364425,55182.824243412055,2739.7899059523797,86288.46622880522,77004.60736690045,9283.858861904762,4933.815809295157,461.79879523809495,14,4,13554.932591058603,6915.3079836035795,18556.191681330274,15115.647215282464,10800.0,10705.408940661177,1438.743269142853,10800.0,1.1388192999875173,2.2737367544323206e-13,0
2025-08-04,greedy,frozen_paired_same_contract_soc_information,53779.82042243779,53660.66876577112,119.15165666666624,83773.35558807431,75402.37329997907,8370.982288095238,4811.136720297698,17.6966666666666,1,1,10913.290117695471,4289.982083333333,16695.394580941254,13523.26961056242,10800.0,10800.0,1769.3792962962968,10800.0,0.0002496999950380996,1.1368683772161603e-13,0
2025-08-04,mpc,frozen_paired_same_contract_soc_information,55163.58907495207,53660.66876577112,1502.9203091809534,83773.35558807431,75402.37329997907,8370.982288095238,4811.136720297698,317.4453142857144,12,8,10675.497869720277,4605.497598774419,18110.248820618217,14716.098470086228,10800.0,10748.003416238367,1344.1294702167781,10800.0,1.0627267999952892,2.2737367544323206e-13,0
2025-08-05,greedy,frozen_paired_same_contract_soc_information,52366.5499794162,52305.71696248406,60.83301693214246,81315.96637201101,73594.83327915389,7721.133092857141,4404.89901265365,9.030359523809466,1,1,8876.622035038205,4090.981488771313,16868.86039153674,13663.77691714476,10800.0,10800.0,1949.3576825396826,10800.0,0.0007502000080421567,1.1368683772161603e-13,0
2025-08-05,mpc,frozen_paired_same_contract_soc_information,54502.36053144359,52305.71696248406,2196.6435689595246,81315.96637201101,73594.83327915389,7721.133092857141,4404.89901265365,468.1675285714289,21,10,9178.02065393026,4097.281551429771,17865.315686176706,14508.793724287616,10800.0,10757.902201683903,1280.5073928396048,10800.0,1.0151907999970717,2.2737367544323206e-13,0
2025-08-06,greedy,frozen_paired_same_contract_soc_information,50965.21145899441,50965.21145899441,0.0,79215.82925329599,72364.93511996265,6850.894133333331,3594.2990238888888,0.0,0,0,5387.267368753673,2277.0461333333333,18090.08676074903,14652.970276206712,10800.0,10800.0,1476.3256347089946,10800.0,0.00023910000163596123,2.2737367544323206e-13,0
2025-08-06,mpc,frozen_paired_same_contract_soc_information,62442.097759022465,50965.21145899441,11476.886300028049,79215.82925329599,72364.93511996265,6850.894133333331,3594.2990238888888,2211.874941057139,27,15,6334.493558287041,3925.5706642857144,16577.71285454899,13524.472149435289,10800.0,10692.750291943777,1200.0,10800.0,0.9746650000015507,1.1368683772161603e-13,0
2025-08-07,greedy,frozen_paired_same_contract_soc_information,50168.053381269994,50110.97369709857,57.07968417142922,77269.42425605941,70713.72454653561,6555.699709523808,3082.870094203095,8.448114285714382,1,1,6108.793202469378,4278.980189770476,18432.177516343574,14930.063788238294,10800.0,10800.0,1712.336333333334,10800.0,0.0007294000097317621,1.1368683772161603e-13,0
2025-08-07,mpc,frozen_paired_same_contract_soc_information,54050.45929094024,50110.97369709857,3939.4855938416686,77269.42425605941,70713.72454653561,6555.699709523808,3082.870094203095,974.2423880952385,25,10,6668.484635150506,4925.537936670657,17687.713274857506,14426.054452524008,10800.0,10689.992555678415,1332.8857092066962,10800.0,1.2185931999993045,2.2737367544323206e-13,0
2025-08-08,greedy,frozen_paired_same_contract_soc_information,28578.249218896206,28578.249218896206,0.0,47437.21148496075,40944.791101627416,6492.420383333332,3096.125355646705,0.0,0,0,5258.698381510877,22671.000808035034,19643.90023902552,15911.559193610676,10800.0,10800.0,1930.5630422486784,10800.0,0.00024189999385271221,1.1368683772161603e-13,0
2025-08-08,mpc,frozen_paired_same_contract_soc_information,30900.97493184502,28578.249218896206,2322.725712948814,47437.21148496075,40944.791101627416,6492.420383333332,3096.125355646705,522.3321880952391,20,8,6796.791093923165,21687.31935090864,19522.89376945391,15822.63179122972,10800.0,10789.902402253278,1586.465895355555,10800.0,1.179887600010261,1.1368683772161603e-13,0
2025-08-09,greedy,frozen_paired_same_contract_soc_information,27981.446590419655,27981.446590419655,0.0,46472.913776801186,40074.54465537262,6398.369121428572,3129.9384278748003,0.0,0,0,4259.618819400344,19482.099760307174,20048.769458387716,16239.503261294047,10800.0,10800.0,1928.9930598412675,10800.0,0.0007613000052515417,1.1368683772161603e-13,0
2025-08-09,mpc,frozen_paired_same_contract_soc_information,30928.28076766609,27981.446590419655,2946.8341772464314,46472.913776801186,40074.54465537262,6398.369121428572,3129.9384278748003,745.254302380953,24,10,5239.775823773845,19382.72028207484,19631.71711319893,15957.974139865475,10800.0,10737.463024250737,1351.5759021164029,10800.0,1.0858073999988846,1.1368683772161603e-13,0
2025-08-10,greedy,frozen_paired_same_contract_soc_information,49508.89080980753,49446.2231639742,62.66764583333308,75839.71794379086,69256.31419140991,6583.403752380953,3076.1007221633713,9.291666666666629,1,1,5326.780991753393,1934.1180210625978,17281.534461271316,13998.042913629772,10800.0,10800.0,1839.5531296296308,10800.0,0.0006958000012673438,1.1368683772161603e-13,0
2025-08-10,mpc,frozen_paired_same_contract_soc_information,58752.8876376187,49446.2231639742,9306.6644736445,75839.71794379086,69256.31419140991,6583.403752380953,3076.1007221633713,1518.8441832720468,18,12,5160.544389549887,3781.424874174014,16563.891627030076,13451.917813691058,10800.0,10760.927115781458,1200.0,10800.0,1.173421800005599,2.2737367544323206e-13,0
2025-08-11,greedy,frozen_paired_same_contract_soc_information,50197.03321342287,49447.823754574056,749.2094588488078,76529.98884902339,70054.75391807102,6475.23493095238,3001.927387038372,111.16886666666642,5,2,5314.70015102881,3194.891552763085,18791.119360867553,15220.806682302724,10800.0,10800.0,1348.0919444444442,10800.0,0.0004990000015823171,1.1368683772161603e-13,0
2025-08-11,mpc,frozen_paired_same_contract_soc_information,54492.97755855859,49447.823754574056,5045.153803984527,76529.98884902339,70054.75391807102,6475.23493095238,3001.927387038372,1048.9928404761913,30,11,5727.702870477471,3917.007432390895,18007.787333219654,14634.76927992177,10800.0,10746.153844429058,1228.1204349867867,10800.0,0.9546812999906251,2.2737367544323206e-13,0
2025-08-12,greedy,frozen_paired_same_contract_soc_information,50786.13895839791,48239.45487587227,2546.684082525638,74577.84045015514,68321.93480015514,6255.905649999999,3144.4367844371427,378.007698238098,6,2,2515.000669370956,1254.2849661669627,18031.6782255543,14605.659362698978,10800.0,10800.0,1200.0,10800.0,0.00040699999954085797,2.2737367544323206e-13,0
2025-08-12,mpc,frozen_paired_same_contract_soc_information,59921.51913216375,48239.45487587227,11682.064256291476,74577.84045015514,68321.93480015514,6255.905649999999,3144.4367844371427,2138.175746414288,37,13,3790.76819763079,1962.218714285715,16855.190108699524,13652.704474046597,10800.0,10799.999460000012,1200.0,10800.0,1.2468445999984397,2.2737367544323206e-13,0
2025-08-13,greedy,frozen_paired_same_contract_soc_information,49673.3659529191,48963.62391303934,709.7420398797609,75541.64676359427,68922.91336359427,6618.7334,3095.346068816665,105.18362619047605,4,3,4946.126641957909,1155.9895727099295,18019.656447983776,14595.921722866862,10800.0,10800.0,1526.2516375661378,10800.0,0.0006487000064225867,1.1368683772161603e-13,0
2025-08-13,mpc,frozen_paired_same_contract_soc_information,54924.29793076725,48963.62391303934,5960.67401772792,75541.64676359427,68922.91336359427,6618.7334,3095.346068816665,1148.3142349100308,26,12,5411.228629967107,1868.6228553294877,17367.794672593114,14078.664609385401,10800.0,10788.054528238907,1200.0,10800.0,1.1214796999993268,2.2737367544323206e-13,0
2025-08-14,greedy,frozen_paired_same_contract_soc_information,49538.50412110641,48943.301302675456,595.202818430953,75705.20722500893,68866.99717738989,6838.210047619046,3070.4524939883327,86.5920380952382,3,2,4092.839091387425,1964.2788098471437,20044.159887032954,16235.769508496694,10800.0,10800.0,1437.3516084656112,10800.0,0.00023800000781193376,2.2737367544323206e-13,0
2025-08-14,mpc,frozen_paired_same_contract_soc_information,58044.71822358447,48943.301302675456,9101.416920909012,75705.20722500893,68866.99717738989,6838.210047619046,3070.4524939883327,1789.3776593938467,42,12,4696.088736729197,3434.9986374301475,18138.68835220342,14701.481825293326,10800.0,10789.839711101602,1200.0,10800.0,1.1460986000020057,2.2737367544323206e-13,0
2025-08-15,greedy,frozen_paired_same_contract_soc_information,28157.88352274271,28157.88352274271,0.0,46569.299163774434,39852.83237091729,6716.4667928571425,3112.0911004648406,0.0,0,0,4623.836905173428,20874.01657982147,20587.99366024319,16676.274864796993,10800.0,10800.0,1679.2415561250377,10800.0,0.00024950000806711614,1.1368683772161603e-13,0
2025-08-15,mpc,frozen_paired_same_contract_soc_information,31575.862889832,28157.88352274271,3417.979367089288,46569.299163774434,39852.83237091729,6716.4667928571425,3112.0911004648406,887.8174880952382,33,13,5125.085311616663,21503.740149999998,19804.174731240477,16135.610424320803,10800.0,10695.301231093315,1274.9724682301253,10800.0,1.1591225999873132,2.2737367544323206e-13,0
2025-08-16,greedy,frozen_paired_same_contract_soc_information,28249.718795001238,28249.718795001238,0.0,46815.9539790897,40108.24141956589,6707.7125595238085,3059.729410529285,0.0,0,0,4829.608257231041,21142.66255575049,20602.119997060552,16687.717197619044,10800.0,10800.0,1368.2134362433862,10800.0,0.0009457999985897914,1.1368683772161603e-13,0
2025-08-16,mpc,frozen_paired_same_contract_soc_information,32132.43816488338,28249.718795001238,3882.719369882141,46815.9539790897,40108.24141956589,6707.7125595238085,3059.729410529285,883.7851666666663,33,12,5544.121473825945,21495.854193170468,19768.88717824168,16038.404066148389,10800.0,10771.549498030401,1688.8216553091659,10800.0,1.188314500002889,1.1368683772161603e-13,0
2025-08-17,greedy,frozen_paired_same_contract_soc_information,49679.395996411775,49123.49589826416,555.9000981476171,75642.71361485083,68984.688655327,6658.02495952381,3029.821726945633,82.51047857142828,5,1,5065.504519635511,3973.211325279248,18532.182272846432,15011.067641005617,10800.0,10800.0,1519.7111366402132,10800.0,0.0003775000077439472,1.1368683772161603e-13,0
2025-08-17,mpc,frozen_paired_same_contract_soc_information,54310.88813251654,49123.49589826416,5187.3922342523765,75642.71361485083,68984.688655327,6658.02495952381,3029.821726945633,1137.716735714285,28,11,5359.826366879222,4886.476467541689,17730.180976197425,14361.447076719904,10800.0,10799.999460000012,1250.7979426647073,10800.0,1.0750841999979457,2.2737367544323206e-13,0
2025-08-18,greedy,frozen_paired_same_contract_soc_information,49554.51641284952,48748.472272509054,806.0441403404758,75220.12623825522,68827.58285254093,6392.543385714287,3031.3435946023396,118.83406904761898,4,3,4792.147178336277,2547.669395091123,18973.832195835657,15368.804078626885,10800.0,10800.0,1692.0994523809525,10800.0,0.0007658000104129314,1.1368683772161603e-13,0
2025-08-18,mpc,frozen_paired_same_contract_soc_information,58537.60581042084,48748.472272509054,9789.133537911795,75220.12623825522,68827.58285254093,6392.543385714287,3031.3435946023396,1867.2171655517025,35,16,5122.866397445632,4270.208986421832,17369.225733014642,14069.073329741852,10800.0,10799.999460000012,1200.0,10800.0,1.1507494999968912,1.1368683772161603e-13,0
2025-08-19,greedy,frozen_paired_same_contract_soc_information,49748.78354658385,49204.25756202195,544.5259845619042,75604.08062057942,69116.6483467699,6487.432273809525,3011.550582196387,80.68586666666658,3,2,4598.822511235588,3384.5071572604375,17809.351414474055,14425.574645723987,10800.0,10800.0,1692.4108941798945,10800.0,0.00024080000002868474,1.1368683772161603e-13,0
2025-08-19,mpc,frozen_paired_same_contract_soc_information,54008.52733570989,49204.25756202195,4804.269773687949,75604.08062057942,69116.6483467699,6487.432273809525,3011.550582196387,1008.8797590126027,20,10,4983.838066252824,3904.456623540345,17931.611188415005,14524.605548616146,10800.0,10799.999460000012,1200.0,10800.0,1.12381039999309,2.2737367544323206e-13,0
2025-08-20,greedy,frozen_paired_same_contract_soc_information,56827.609682014096,48876.52866869521,7951.081013318887,75159.05805018978,68689.91450733264,6469.143542857144,3001.8991596350775,1153.8482621428511,6,2,1832.3511757201643,0.0,20157.179315504283,16327.31524555847,10800.0,10800.0,1200.0,10800.0,0.0007433999999193475,1.1368683772161603e-13,0
2025-08-20,mpc,frozen_paired_same_contract_soc_information,71716.6951792959,48876.52866869521,22840.16651060069,75159.05805018978,68689.91450733264,6469.143542857144,3001.8991596350775,4225.233426428567,41,11,3826.3031302324925,1902.4785619047623,16364.672225277667,13359.85350746323,10800.0,10683.923327790757,1200.0,10800.0,1.1573942999966675,2.2737367544323206e-13,0
2025-08-21,greedy,frozen_paired_same_contract_soc_information,49505.864973275005,49505.864973275005,0.0,75828.45649821547,69065.9324625012,6762.524035714287,3174.501260490474,0.0,0,0,4819.818724838329,1811.4259389182798,17646.28079539755,14293.487444272012,10800.0,10800.0,1650.6955339153433,10800.0,0.0002443999983370304,2.2737367544323206e-13,0
2025-08-21,mpc,frozen_paired_same_contract_soc_information,58688.67700772802,49505.864973275005,9182.812034453022,75828.45649821547,69065.9324625012,6762.524035714287,3174.501260490474,1568.440737207235,21,12,4829.703713390808,3546.7139838154017,17005.654597662233,13829.593542779063,10800.0,10738.874090363723,1200.0,10800.0,1.1480886999925133,2.2737367544323206e-13,0
2025-08-22,greedy,frozen_paired_same_contract_soc_information,28403.09661765405,28403.09661765405,0.0,47117.074626850066,40388.45541494531,6728.619211904762,3229.108584894125,0.0,0,0,3855.345974661971,18117.835168686157,20596.442544747108,16683.118461245165,10800.0,10800.0,1310.969937460322,10800.0,0.0002423999976599589,1.1368683772161603e-13,0
2025-08-22,mpc,frozen_paired_same_contract_soc_information,37796.84597317969,28403.09661765405,9393.749355525644,47117.074626850066,40388.45541494531,6728.619211904762,3229.108584894125,1846.4281885659464,33,10,4598.9513958961,19711.65958658063,18631.333298475653,15209.01086553636,10800.0,10669.299006921025,1280.5875846560857,10800.0,1.1908024000003934,1.1368683772161603e-13,0
2025-08-23,greedy,frozen_paired_same_contract_soc_information,28716.863460037686,28716.863460037686,0.0,47431.83370451577,40584.09430689672,6847.739397619047,3203.658337546626,0.0,0,0,4340.673470576134,16817.547535968908,19703.19235774067,15959.585809769946,10800.0,10800.0,1893.7103876190506,10800.0,0.0002638000005390495,1.1368683772161603e-13,0
2025-08-23,mpc,frozen_paired_same_contract_soc_information,31653.01361450347,28716.863460037686,2936.1501544657876,47431.83370451577,40584.09430689672,6847.739397619047,3203.658337546626,619.629025256607,22,14,4704.795173528494,17148.012049635327,19521.792731598078,15853.14337498953,10800.0,10755.009708449905,1206.57323015873,10800.0,1.04535770000075,1.1368683772161603e-13,0
2025-08-24,greedy,frozen_paired_same_contract_soc_information,50027.11663114233,50021.54407114233,5.572559999998764,76914.22550328927,69918.34768662261,6995.877816666667,3125.440446739204,0.8266666666664833,1,1,5258.1130869782555,4382.703466666668,18634.979647251006,15094.33351427332,10800.0,10800.0,1915.6617577777781,10800.0,0.0006775000074412674,2.2737367544323206e-13,0
2025-08-24,mpc,frozen_paired_same_contract_soc_information,56523.88703260782,50021.54407114233,6502.342961465483,76914.22550328927,69918.34768662261,6995.877816666667,3125.440446739204,1285.6079642857162,37,19,5890.396842069809,5356.239111150939,17488.21273060639,14268.604699585478,10800.0,10685.386235784112,1200.0,10800.0,1.1282199999986915,2.2737367544323206e-13,0
2025-08-25,greedy,frozen_paired_same_contract_soc_information,50546.89255056181,50320.344093512875,226.54845704893285,77514.33939319411,70497.65883128936,7016.680561904762,3126.3867674767052,33.29787573809244,2,2,2594.218795855375,391.9621811875388,19938.785659066518,16150.416383843878,10800.0,10800.0,1200.0,10800.0,0.00024819999816827476,2.2737367544323206e-13,0
2025-08-25,mpc,frozen_paired_same_contract_soc_information,67027.9029722422,50320.344093512875,16707.558878729327,77514.33939319411,70497.65883128936,7016.680561904762,3126.3867674767052,3148.851078499225,39,14,4595.232626446203,2153.3804047619024,16617.292626329894,13475.802202511317,10800.0,10782.449805351001,1200.0,10800.0,1.2647990999976173,2.2737367544323206e-13,0
2025-08-26,greedy,frozen_paired_same_contract_soc_information,50921.4515002499,50823.7418074499,97.70969280000043,78395.72887084603,71182.08431846507,7213.644552380952,3153.9780252530145,14.006550000000061,1,1,6847.638804320983,2495.178783333334,18621.576051886223,15083.47660202784,10800.0,10800.0,1826.3180861640215,10800.0,0.0009291000023949891,2.2737367544323206e-13,0
2025-08-26,mpc,frozen_paired_same_contract_soc_information,56583.939293174175,50823.7418074499,5760.197485724262,78395.72887084603,71182.08431846507,7213.644552380952,3153.9780252530145,1104.5358321355757,27,11,6431.834405323667,4158.702287278976,17809.00006836647,14428.090441320835,10800.0,10796.888460062231,1200.0,10800.0,1.107159999999567,2.2737367544323206e-13,0
2025-08-27,greedy,frozen_paired_same_contract_soc_information,50957.57859163635,50956.20954830301,1.3690433333336192,78298.74146327871,71213.21422042156,7085.527242857143,3123.0229000367444,0.20333333333337578,1,1,5076.595371382459,1575.0247218274123,19648.29387755531,15915.118040819796,10800.0,10800.0,1675.8769550264556,10800.0,0.0007236000092234462,2.2737367544323206e-13,0
2025-08-27,mpc,frozen_paired_same_contract_soc_information,58911.584079682776,50956.20954830301,7955.374531379767,78298.74146327871,71213.21422042156,7085.527242857143,3123.0229000367444,1494.7379738095244,32,17,5298.306401714628,3163.1577317686624,18008.346643629,14590.48020669072,10800.0,10795.8673051653,1200.0,10800.0,1.170051200009766,2.2737367544323206e-13,0
2025-08-28,greedy,frozen_paired_same_contract_soc_information,51222.19544420118,50615.12671385595,607.0687303452391,77703.46177635944,70935.42298350229,6768.038792857143,3137.241299169166,90.07578571428587,3,2,3301.762278218702,0.0,19599.896318535226,15875.916018013539,10800.0,10800.0,1762.4538015873022,10800.0,0.0007297999982256442,2.2737367544323206e-13,0
2025-08-28,mpc,frozen_paired_same_contract_soc_information,57504.96799575713,50615.12671385595,6889.841281901184,77703.46177635944,70935.42298350229,6768.038792857143,3137.241299169166,1417.078142857142,38,13,4752.141296127949,192.26568678029457,18229.990232893306,14821.652279918302,10800.0,10738.488676361423,1200.0,10800.0,1.1989747999905376,2.2737367544323206e-13,0
2025-08-29,greedy,frozen_paired_same_contract_soc_information,29778.04504466061,29778.04504466061,0.0,48532.99436139666,41716.10264711095,6816.891714285714,3376.771525540396,0.0,0,0,5301.603666402118,16862.10412044856,20074.032760768372,16259.966536222386,10800.0,10800.0,1987.2155764550275,10800.0,0.0002410000015515834,1.1368683772161603e-13,0
2025-08-29,mpc,frozen_paired_same_contract_soc_information,33839.370151379655,29778.04504466061,4061.3251067190486,48532.99436139666,41716.10264711095,6816.891714285714,3376.771525540396,900.264616666667,20,7,6270.592487047437,16919.221282822436,19491.202396796794,15802.977538603336,10800.0,10783.218225335633,1662.9228366245693,10800.0,1.1896116999996593,1.1368683772161603e-13,0
2025-08-30,greedy,frozen_paired_same_contract_soc_information,29471.328383162203,29471.328383162203,0.0,48244.5326239369,41372.97912631785,6871.55349761905,3399.764352042339,0.0,0,0,4622.780149882428,21455.63479548353,19228.409711776898,15575.011866539291,10800.0,10800.0,1706.9370760317486,10800.0,0.0006835000094724819,1.1368683772161603e-13,0
2025-08-30,mpc,frozen_paired_same_contract_soc_information,31647.13650347195,29471.328383162203,2175.808120309745,48244.5326239369,41372.97912631785,6871.55349761905,3399.764352042339,487.66173474817833,27,13,4691.773088465925,21881.164490042924,19479.013921491147,15832.476974648256,10800.0,10739.471446399524,1237.8199802116378,10800.0,1.0902004000090528,1.1368683772161603e-13,0
2025-08-31,greedy,frozen_paired_same_contract_soc_information,51526.472321837784,51219.45504318064,307.0172786571432,78686.83231886855,71889.05537363046,6797.776945238096,3419.098695312063,45.53496666666672,3,2,6150.107947046361,2372.7212531593996,18752.184221032247,15189.269219036121,10800.0,10800.0,1462.9864470899488,10800.0,0.0011707999947248027,1.4921397450962104e-13,0
2025-08-31,mpc,frozen_paired_same_contract_soc_information,54713.07520659255,51219.45504318064,3493.620163411897,78686.83231886855,71889.05537363046,6797.776945238096,3419.098695312063,741.5492452380939,22,8,6454.3009169816705,2824.2392548671787,18592.767601770116,15089.549292845648,10800.0,10767.3249606535,1200.0,10800.0,1.0847773999994388,2.2737367544323206e-13,0
2025-09-01,greedy,frozen_paired_same_contract_soc_information,51194.381235176465,51194.381235176465,0.0,78856.28735327742,71924.80447232505,6931.482880952382,3341.564184576348,0.0,0,0,17710.133911787183,4782.667757025277,14680.795532271788,11891.444381140143,10800.0,10800.0,3253.4017460317455,10800.0,0.00025040000036824495,1.1368683772161603e-13,0
2025-09-01,mpc,frozen_paired_same_contract_soc_information,51194.381235176465,51194.381235176465,0.0,78856.28735327742,71924.80447232505,6931.482880952382,3341.564184576348,0.0,0,0,17120.053098246666,4680.7549031760145,18322.870535375856,14841.525716854429,10800.0,10799.999352000017,1502.156023576868,10800.0,1.1325391999998828,2.2737367544323206e-13,0
2025-09-02,greedy,frozen_paired_same_contract_soc_information,50770.06442770387,50770.06442770387,0.0,78078.62703016293,71167.21006349626,6911.416966666668,3342.0300248313474,0.0,0,0,16936.60188435791,3883.093078575655,16848.295880154503,13647.119662925146,10800.0,10800.0,3043.0541428571414,10800.0,0.00023879999935161322,1.1368683772161603e-13,0
2025-09-02,mpc,frozen_paired_same_contract_soc_information,52556.66720798006,50770.06442770387,1786.6027802761962,78078.62703016293,71167.21006349626,6911.416966666668,3342.0300248313474,415.90377857142965,15,5,16384.643750087092,4621.7843089193575,18054.46043646257,14624.113536734669,10800.0,10799.999352000017,1530.7177517445625,10800.0,1.0308269999950426,2.2737367544323206e-13,0
2025-09-03,greedy,frozen_paired_same_contract_soc_information,50461.11747770656,50461.11747770656,0.0,77658.07619948083,70802.09658757606,6855.979611904763,3345.6497491985697,0.0,0,0,15116.056279838143,4137.283288151276,15036.944113112688,12179.924731621275,10800.0,10800.0,3236.2333439153435,10800.0,0.0007264000014401972,1.1368683772161603e-13,0
2025-09-03,mpc,frozen_paired_same_contract_soc_information,50752.2988724899,50461.11747770656,291.1813947833333,77658.07619948083,70802.09658757606,6855.979611904763,3345.6497491985697,68.97594285714283,4,3,14574.684949100962,4192.568305996028,17958.327476005117,14546.24583876413,10800.0,10799.999352000017,1586.7437826934265,10800.0,1.1976017000124557,2.2737367544323206e-13,0
2025-09-04,greedy,frozen_paired_same_contract_soc_information,50948.66390758609,50948.66390758609,0.0,78269.7686243164,71484.82004098306,6784.948583333335,3351.21148894849,0.0,0,0,16346.400272839504,4927.185430335098,16161.14405864112,13090.52668749931,10800.0,10800.0,3034.0601084656078,10800.0,0.0002327999973203987,1.1368683772161603e-13,0
2025-09-04,mpc,frozen_paired_same_contract_soc_information,51904.56792655513,50948.66390758609,955.9040189690442,78269.7686243164,71484.82004098306,6784.948583333335,3351.21148894849,192.10941428571363,9,5,14980.362048931733,6170.95398520699,17815.7738824389,14430.777427975501,10800.0,10799.999352000017,1429.3936649190068,10800.0,1.059852200007299,2.2737367544323206e-13,0
2025-09-05,greedy,frozen_paired_same_contract_soc_information,28941.90181707992,28941.90181707992,0.0,47451.70245357344,40711.09667976391,6740.605773809525,3352.7707562123396,0.0,0,0,12753.629029012345,24694.39610379437,16733.766600526615,13554.350946426559,10800.0,10800.0,3670.3613875396795,10800.0,0.00024989999656099826,1.1368683772161603e-13,0
2025-09-05,mpc,frozen_paired_same_contract_soc_information,29044.64982530611,28941.90181707992,102.7480082261906,47451.70245357344,40711.09667976391,6740.605773809525,3352.7707562123396,23.241083333333364,2,1,14457.126100019426,22777.336177631492,17980.10516520622,14563.885572617037,10800.0,10799.999568000007,2711.83404412922,10800.0,1.1567829999985406,1.1368683772161603e-13,0
2025-09-06,greedy,frozen_paired_same_contract_soc_information,29292.90194165217,29292.90194165217,0.0,47971.16771273655,41481.0056246413,6490.16208809524,3384.1869131443636,0.0,0,0,13367.824749500294,23662.728479010428,16944.898864346418,13725.368080120596,10800.0,10800.0,3264.895159680818,10800.0,0.000589400005992502,1.1368683772161603e-13,0
2025-09-06,mpc,frozen_paired_same_contract_soc_information,30297.88107017598,29292.90194165217,1004.97912852381,47971.16771273655,41481.0056246413,6490.16208809524,3384.1869131443636,240.2985857142858,10,3,15009.590803498648,22143.961066181975,17562.269039843188,14225.438311072976,10800.0,10799.999568000007,2730.972194110119,10800.0,1.105845899990527,1.1368683772161603e-13,0
2025-09-07,greedy,frozen_paired_same_contract_soc_information,49935.50672106884,49935.50672106884,0.0,76439.09461727123,69987.11733869978,6451.9772785714285,3449.9669688435306,0.0,0,0,15428.031268900648,2849.286766666666,16846.278763353934,13645.485798316684,10800.0,10800.0,3177.5405211640204,10800.0,0.00024310000299010426,2.2737367544323206e-13,0
2025-09-07,mpc,frozen_paired_same_contract_soc_information,51978.48302630932,49935.50672106884,2042.976305240475,76439.09461727123,69987.11733869978,6451.9772785714285,3449.9669688435306,389.50795476190467,9,3,14299.14073064587,3971.6798479960935,18930.520841707854,15333.722464983352,10800.0,10799.999352000017,1312.5561523536157,10800.0,1.137893899998744,2.2737367544323206e-13,0
2025-09-08,greedy,frozen_paired_same_contract_soc_information,46040.48166312804,41051.31687239432,4989.164790733718,64290.615614304574,57900.11786906648,6390.497745238097,3474.726002524166,715.189906928572,1,1,1548.2345458553787,456.0043604289452,19217.06878657282,15611.071704957321,10800.0,10749.726680185184,1200.0,10800.0,0.0007545000116806477,2.2737367544323206e-13,0
2025-09-08,mpc,frozen_paired_same_contract_soc_information,61547.57694238997,41051.31687239432,20496.26006999564,64290.615614304574,57900.11786906648,6390.497745238097,3474.726002524166,3707.9318852714305,44,18,3018.599676566724,2643.9844612931447,15921.346688330606,12980.952859947793,10800.0,10705.931064,1209.190481481482,10800.0,1.1073498000041582,1.1368683772161603e-13,0
2025-09-09,greedy,frozen_paired_same_contract_soc_information,42213.78222539084,42213.78222539084,0.0,65769.05153926957,59044.90335117432,6724.148188095237,3403.5858323585317,0.0,0,0,3329.8454020051354,5688.723103814967,18960.014626049815,15312.36585926702,10749.726680185184,10800.0,1585.3705063227499,10800.0,0.0006616999889956787,2.2737367544323206e-13,0
2025-09-09,mpc,frozen_paired_same_contract_soc_information,49134.68763948178,42213.78222539084,6920.9054140909475,65769.05153926957,59044.90335117432,6724.148188095237,3403.5858323585317,1315.401418294533,38,15,4648.958488785869,5927.094988256161,17906.61770958979,14501.052495734393,10749.726680185184,10753.402068000005,1216.3781111111116,10800.0,1.1709367000003112,2.2737367544323206e-13,0
2025-09-10,greedy,frozen_paired_same_contract_soc_information,48565.755710738886,42240.7280414149,6325.0276693239875,65475.49683032826,58859.70544461397,6615.791385714286,3417.52139695992,912.5669264047596,3,2,1199.6067849500282,0.0,20381.359588331547,16508.901266548553,10800.0,10800.0,1200.0,10800.0,0.0006682999955955893,1.1368683772161603e-13,0
2025-09-10,mpc,frozen_paired_same_contract_soc_information,68327.85430391027,42240.7280414149,26087.12626249536,65475.49683032826,58859.70544461397,6615.791385714286,3417.52139695992,4581.682589751599,42,11,3256.3849460787696,2493.3274333500126,15935.448312900411,12943.979922249333,10800.0,10759.703568000004,1209.4566851851853,10800.0,1.1900972000003094,2.2737367544323206e-13,0
2025-09-11,greedy,frozen_paired_same_contract_soc_information,42762.04726172885,42762.04726172885,0.0,66416.69135561865,59350.98391038054,7065.707445238096,3433.1896107539274,0.0,0,0,4520.596077395649,4716.56618348031,19386.543744259743,15703.100432850393,10800.0,10800.0,1640.72731746032,10800.0,0.00023700000019744039,1.1368683772161603e-13,0
2025-09-11,mpc,frozen_paired_same_contract_soc_information,47366.35007382528,42762.04726172885,4604.30281209643,66416.69135561865,59350.98391038054,7065.707445238096,3433.1896107539274,936.8548000000005,31,16,5159.479328735931,5254.56662102378,18493.39120113528,15049.976778609685,10800.0,10721.855660344327,1200.0,10800.0,1.0379237000015564,2.2737367544323206e-13,0
2025-09-12,greedy,frozen_paired_same_contract_soc_information,22773.286685659168,22773.286685659168,0.0,38684.28211643628,31790.80086405533,6893.481252380954,3421.547601404919,0.0,0,0,4266.863798971192,18984.418346746737,20428.125109043976,16546.78133832562,10800.0,10800.0,1474.761033500635,10800.0,0.0002994999958900735,1.1368683772161603e-13,0
2025-09-12,mpc,frozen_paired_same_contract_soc_information,26499.94739189883,22773.286685659168,3726.660706239661,38684.28211643628,31790.80086405533,6893.481252380954,3421.547601404919,948.9726026419287,35,14,4556.282455640124,19823.315176190474,19577.478508645592,15875.477621397977,10800.0,10780.311078449951,1430.81064814815,10800.0,1.1204007999913301,1.1368683772161603e-13,0
2025-09-13,greedy,frozen_paired_same_contract_soc_information,22801.81121894093,22801.81121894093,0.0,38953.23326572811,32177.309260966205,6775.924004761906,3465.8901389777766,0.0,0,0,4242.845935067604,22866.327051574972,20194.519977643136,16357.561181890938,10800.0,10800.0,1789.5011580423259,10800.0,0.0004633999924408272,1.1368683772161603e-13,0
2025-09-13,mpc,frozen_paired_same_contract_soc_information,26567.251852814734,22801.81121894093,3765.44063387381,38953.23326572811,32177.309260966205,6775.924004761906,3465.8901389777766,875.935880952381,34,10,4987.726365845832,23191.16051843858,19382.523439525106,15739.342660462367,10800.0,10756.112583947746,1523.0342085941652,10800.0,1.058480400010012,2.2737367544323206e-13,0
2025-09-14,greedy,frozen_paired_same_contract_soc_information,42548.47832507974,42548.47832507974,0.0,66471.1295498812,59906.075945119286,6565.053604761904,3534.8170305174604,0.0,0,0,2263.4449442386813,257.80413321575736,20266.082749614507,16415.527027187753,10800.0,10800.0,1469.3056016402115,10800.0,0.00024500000290572643,2.2737367544323206e-13,0
2025-09-14,mpc,frozen_paired_same_contract_soc_information,55342.02961623363,42548.47832507974,12793.551291153897,66471.1295498812,59906.075945119286,6565.053604761904,3534.8170305174604,2230.5792442597303,41,16,2843.9435345400225,2606.7389500000004,17544.759302052735,14393.05774245183,10800.0,10597.99699134543,1200.0,10800.0,1.1646094999887282,2.2737367544323206e-13,0
2025-09-15,greedy,frozen_paired_same_contract_soc_information,43651.141213414805,43651.141213414805,0.0,68169.34976386225,61241.74713052891,6927.602633333333,3374.097648620634,0.0,0,0,5414.595274897122,3752.408383333333,20712.18669630772,16776.871224009254,10800.0,10800.0,1275.2396269841292,10800.0,0.00024750000739004463,1.1368683772161603e-13,0
2025-09-15,mpc,frozen_paired_same_contract_soc_information,49975.95060074357,43651.141213414805,6324.809387328771,68169.34976386225,61241.74713052891,6927.602633333333,3374.097648620634,1338.9838414684023,38,13,5103.01346529837,5753.639938988832,19171.82323120335,15587.173663493235,10800.0,10735.559059757206,1200.0,10800.0,1.088463199994294,3.126388037344441e-13,0
2025-09-16,greedy,frozen_paired_same_contract_soc_information,43445.80555635468,43445.80555635468,0.0,67330.09638324095,60392.08636181238,6938.01002142857,3353.5466992850793,0.0,0,0,2656.028815314518,1393.1129333333329,19943.07711189347,16153.89246063371,10800.0,10800.0,1358.815216931216,10800.0,0.0004852999991271645,1.1368683772161603e-13,0
2025-09-16,mpc,frozen_paired_same_contract_soc_information,51773.96286525316,43445.80555635468,8328.157308898482,67330.09638324095,60392.08636181238,6938.01002142857,3353.5466992850793,1552.0358189131603,39,17,2948.125873051674,3083.4024333333336,18208.304177965838,14849.470265530075,10800.0,10688.062354024725,1200.0,10800.0,0.9968886999995448,1.1368683772161603e-13,0
2025-09-17,greedy,frozen_paired_same_contract_soc_information,43803.8710279101,43803.8710279101,0.0,68502.02935162894,61397.987884962284,7104.041466666666,3345.7416682956346,0.0,0,0,4057.2476014991253,634.136939594351,20265.92847650252,16415.402065967042,10800.0,10800.0,1476.7058888888907,10800.0,0.0002496999950380996,1.1368683772161603e-13,0
2025-09-17,mpc,frozen_paired_same_contract_soc_information,50064.622074537954,43803.8710279101,6260.7510466278545,68502.02935162894,61397.987884962284,7104.041466666666,3345.7416682956346,1178.5734333765809,36,12,4150.393324491957,2133.871631316872,18808.32106893002,15372.101639733315,10800.0,10647.376029000003,1217.9388888888889,10800.0,0.9372973999998067,2.2737367544323206e-13,0
2025-09-18,greedy,frozen_paired_same_contract_soc_information,43545.01433867389,43545.01433867389,0.0,67836.99849655578,60718.32801798436,7118.670478571428,3344.711830088412,0.0,0,0,3367.098743458631,1712.4431882874042,20027.27695877315,16225.871510630057,10800.0,10795.803139973545,1236.293563492065,10800.0,0.00023809999402146786,1.1368683772161603e-13,0
2025-09-18,mpc,frozen_paired_same_contract_soc_information,51427.08391496531,43545.01433867389,7882.069576291418,67836.99849655578,60718.32801798436,7118.670478571428,3344.711830088412,1347.0449807694117,30,13,3415.139475662062,3360.0362540682045,18512.962006027014,15060.145375098742,10800.0,10728.170944203488,1200.0,10800.0,0.9685471999982838,2.2737367544323206e-13,0
2025-09-19,greedy,frozen_paired_same_contract_soc_information,23471.49786165161,23471.49786165161,0.0,40019.56377690402,32819.89049118974,7199.673285714286,3278.031452539205,0.0,0,0,4341.917165873013,15728.09635919957,20233.79347968932,16385.59554452454,10795.803139973545,10800.0,1778.3715712698395,10800.0,0.0002567000046838075,1.1368683772161603e-13,0
2025-09-19,mpc,frozen_paired_same_contract_soc_information,28651.148960739767,23471.49786165161,5179.6510990881625,40019.56377690402,32819.89049118974,7199.673285714286,3278.031452539205,1138.0799073043147,38,12,4981.308643899729,16473.50784037856,19085.151660959804,15483.676777696419,10795.803139973545,10768.35432628579,1366.7026111111115,10799.99997215541,1.083389299994451,1.1368683772161603e-13,0
2025-09-20,greedy,frozen_paired_same_contract_soc_information,23133.207800302953,23133.207800302953,0.0,39573.03992208837,32565.73614351695,7007.303778571428,3208.361373838531,0.0,0,0,4184.489751557902,15792.413067275485,20793.17563116661,16842.472261244955,10800.0,10800.0,1462.8499074074052,10800.0,0.0002486999874236062,1.1368683772161603e-13,0
2025-09-20,mpc,frozen_paired_same_contract_soc_information,32084.632522625474,23133.207800302953,8951.424722322525,39573.03992208837,32565.73614351695,7007.303778571428,3208.361373838531,1753.1402061242377,36,13,4775.935034934995,17377.843243942672,18890.57068064614,15363.602564644529,10800.0,10730.844096309827,1281.562822751324,10800.0,1.0952982000017073,1.1368683772161603e-13,0
2025-09-21,greedy,frozen_paired_same_contract_soc_information,45173.60380282851,45173.60380282851,0.0,70827.40522342833,63755.99686866641,7071.408354761906,3151.405941684483,0.0,0,0,5940.254312757201,2977.3170499999997,19064.980933356805,15442.634556019011,10800.0,10800.0,1340.7241005291005,10800.0,0.0002631000097608194,1.1368683772161603e-13,0
2025-09-21,mpc,frozen_paired_same_contract_soc_information,48783.50900178934,45173.60380282851,3609.9051989608274,70827.40522342833,63755.99686866641,7071.408354761906,3151.405941684483,740.6402319874014,27,10,6577.331359085323,3064.342713508785,19204.773392567513,15565.889493079228,10800.0,10788.863283222732,1200.0,10800.0,1.0673177999997279,1.1368683772161603e-13,0
2025-09-22,greedy,frozen_paired_same_contract_soc_information,44603.13399616072,44603.13399616072,0.0,69937.23876455401,63070.11174788735,6867.127016666667,3192.382817850039,0.0,0,0,3038.0016117871937,2524.7006999999994,19792.192470702612,16031.67590126912,10800.0,10800.0,1425.947386190481,10800.0,0.0005581000004895031,2.2737367544323206e-13,0
2025-09-22,mpc,frozen_paired_same_contract_soc_information,52168.56441111426,44603.13399616072,7565.430414953545,69937.23876455401,63070.11174788735,6867.127016666667,3192.382817850039,1434.7643214285665,37,16,4502.089753511311,2810.2616904761903,18475.88377688326,15030.252018221512,10800.0,10728.015378948816,1205.031481481482,10800.0,1.1163364999956684,2.2737367544323206e-13,0
2025-09-23,greedy,frozen_paired_same_contract_soc_information,45554.479072420945,45554.479072420945,0.0,71627.96696480404,64883.19483623261,6744.772128571429,3240.7280806650783,0.0,0,0,3934.4919960905377,1705.2494573486201,20376.894358060763,16505.28443002922,10800.0,10800.0,1351.1059876190495,10800.0,0.00023659999715164304,2.2737367544323206e-13,0
2025-09-23,mpc,frozen_paired_same_contract_soc_information,54951.06310307892,45554.479072420945,9396.584030657988,71627.96696480404,64883.19483623261,6744.772128571429,3240.7280806650783,1729.7665553554539,35,15,5949.097589149556,1786.3508999999988,18480.388334255127,14974.718886578528,10800.0,10793.772960186803,1232.871685185185,10800.0,1.1079697999957716,2.2737367544323206e-13,0
2025-09-24,greedy,frozen_paired_same_contract_soc_information,45220.5207647978,45220.5207647978,0.0,71234.0608188967,64433.379206991944,6800.681611904763,3212.403541502499,0.0,0,0,3937.769539414046,2306.1720858318618,20667.863650793654,16740.96955714286,10800.0,10800.0,1500.316489417988,10800.0,0.00023830001009628177,1.1368683772161603e-13,0
2025-09-24,mpc,frozen_paired_same_contract_soc_information,50997.26090659422,45220.5207647978,5776.740141796425,71234.0608188967,64433.379206991944,6800.681611904763,3212.403541502499,1270.6897761904754,42,13,5044.60743864916,2740.0031038510856,19270.40796074897,15613.493008162037,10800.0,10795.04160004959,1200.0,10800.0,1.1976156000018818,2.2737367544323206e-13,0
2025-09-25,greedy,frozen_paired_same_contract_soc_information,45402.604719740506,45402.604719740506,0.0,71042.45664043503,64451.32243805407,6591.134202380954,3150.7444695545228,0.0,0,0,4238.089615432103,2653.2608166666664,20082.406885980326,16266.749577644066,10800.0,10800.0,1510.2115900264562,10800.0,0.0005326999962562695,1.4921397450962104e-13,0
2025-09-25,mpc,frozen_paired_same_contract_soc_information,51114.28219173501,45402.604719740506,5711.677471994499,71042.45664043503,64451.32243805407,6591.134202380954,3150.7444695545228,1240.5939774847307,38,16,5462.720307260757,2997.7791614289513,18831.427108913198,15344.324859683144,10800.0,10699.034553929494,1221.8218148148146,10800.0,0.9372224999970058,2.2737367544323206e-13,0
2025-09-26,greedy,frozen_paired_same_contract_soc_information,23353.827473105644,23353.827473105644,0.0,40036.43295086977,33355.04575325072,6681.387197619048,3113.442867245754,0.0,0,0,4535.22271124428,14070.353833333333,19666.383717327146,15929.770811034989,10800.0,10800.0,1883.0600820105813,10800.0,0.00031689999741502106,1.1368683772161603e-13,0
2025-09-26,mpc,frozen_paired_same_contract_soc_information,25159.067362735408,23353.827473105644,1805.2398896297618,40036.43295086977,33355.04575325072,6681.387197619048,3113.442867245754,430.9843642857144,22,10,4995.858871978378,14118.68855149793,19574.00292499105,15915.376533311872,10800.0,10732.85092881209,1247.1898306878322,10800.0,0.89527179999277,1.1368683772161603e-13,0
2025-09-27,greedy,frozen_paired_same_contract_soc_information,23356.35341644251,23356.35341644251,0.0,39978.66456984139,33309.99310079377,6668.671469047619,3211.4105327946427,0.0,0,0,3238.8605842445613,14903.830499010539,21235.111771506803,17200.44053492051,10800.0,10800.0,1496.8794973280428,10800.0,0.0005632000102195889,1.1368683772161603e-13,0
2025-09-27,mpc,frozen_paired_same_contract_soc_information,37071.25054182594,23356.35341644251,13714.89712538343,39978.66456984139,33309.99310079377,6668.671469047619,3211.4105327946427,2682.257099945735,45,15,4428.146071801342,17124.469635833604,18023.818094746002,14716.814382593828,10800.0,10669.420304611596,1229.8740899470897,10800.0,1.0651451000012457,1.1368683772161603e-13,0
2025-09-28,greedy,frozen_paired_same_contract_soc_information,45936.013922620405,45936.013922620405,0.0,72086.65679717762,65383.4946733681,6703.162123809524,3050.425883550595,0.0,0,0,4317.62744126984,317.4622499999996,20862.831259163795,16898.893319922674,10800.0,10800.0,1529.9322433862421,10800.0,0.0007247999892570078,2.2737367544323206e-13,0
2025-09-28,mpc,frozen_paired_same_contract_soc_information,55377.55474168009,45936.013922620405,9441.54081905969,72086.65679717762,65383.4946733681,6703.162123809524,3050.425883550595,1779.9917053131485,37,11,5479.499584693415,1514.5172,18603.386958597363,15218.384407466667,10800.0,10633.732254441333,1206.0768888888888,10800.0,1.2272583999874769,2.2737367544323206e-13,0
2025-09-29,greedy,frozen_paired_same_contract_soc_information,46697.916325211365,46697.916325211365,0.0,73368.94636397372,66547.2534401642,6821.692923809524,2954.3690488812304,0.0,0,0,5157.836931657852,1581.3867999999993,20367.531749030954,16497.700716715073,10800.0,10800.0,1312.8274100529145,10800.0,0.00023740000324323773,1.1368683772161603e-13,0
2025-09-29,mpc,frozen_paired_same_contract_soc_information,51602.738489851894,46697.916325211365,4904.822164640533,73368.94636397372,66547.2534401642,6821.692923809524,2954.3690488812304,959.5314501666754,34,12,6179.937252731274,1834.5636999999997,19234.772310538603,15680.687049129472,10800.0,10688.309469340882,1200.0,10800.0,1.1655394999979762,2.2737367544323206e-13,0
2025-09-30,greedy,frozen_paired_same_contract_soc_information,47271.180492264255,47196.58393836664,74.59655389761954,73630.46911423956,66835.54411900145,6794.924995238094,2977.2340101192067,11.040709523809596,1,1,3506.3001325396654,696.4544600529105,21139.89718160064,17123.316717096513,10800.0,10800.0,1545.7717248677222,10800.0,0.0002734000008786097,1.5276668818842154e-13,0
2025-09-30,mpc,frozen_paired_same_contract_soc_information,58631.77930827212,47196.58393836664,11435.195369905483,73630.46911423956,66835.54411900145,6794.924995238094,2977.2340101192067,2212.3986012995106,47,16,5603.7518684155675,1379.6745976190457,18518.957712920506,15081.691230082717,10800.0,10709.627241536551,1233.0796296296298,10800.0,1.0655237999890232,2.2737367544323206e-13,0
2025-10-01,greedy,frozen_paired_same_contract_soc_information,47102.49699559575,47102.49699559575,0.0,74124.15897640529,67162.50230259578,6961.656673809524,2911.490906224167,0.0,0,0,13498.695306711006,7703.107394914757,17162.288112874776,13901.453371428572,10800.0,10800.0,2378.193732804233,10800.0,0.00027749998844228685,1.1368683772161603e-13,0
2025-10-01,mpc,frozen_paired_same_contract_soc_information,47383.57454227671,47102.49699559575,281.07754668095265,74124.15897640529,67162.50230259578,6961.656673809524,2911.490906224167,95.90881428571444,7,6,13832.06441440259,7133.439007596218,18910.754834520325,15317.711999161453,10800.0,10799.999352000017,1931.7170716431774,10800.0,1.192331899990677,2.2737367544323206e-13,0
2025-10-02,greedy,frozen_paired_same_contract_soc_information,46333.4057209286,46333.4057209286,0.0,72563.62400611572,65617.49982992523,6946.124176190477,2919.3326498944043,0.0,0,0,11696.646597003437,5693.239083333334,18120.816890064667,14677.861680952381,10800.0,10800.0,2436.416394179896,10800.0,0.00024739999207668006,1.1368683772161603e-13,0
2025-10-02,mpc,frozen_paired_same_contract_soc_information,46895.14498740954,46333.4057209286,561.7392664809516,72563.62400611572,65617.49982992523,6946.124176190477,2919.3326498944043,195.64720238095197,10,5,12477.755203731387,4977.157961283195,18877.85145940401,15304.276532588585,10800.0,10785.314610587402,1980.8231957756343,10800.0,1.136801300002844,1.1368683772161603e-13,0
2025-10-03,greedy,frozen_paired_same_contract_soc_information,23177.227576465935,23177.227576465935,0.0,39889.234961129274,32902.59686351022,6986.6380976190485,2906.878992043849,0.0,0,0,7623.700027454439,20924.415853392984,18547.186212009718,15023.220831727871,10800.0,10800.0,2360.852525196544,10800.0,0.0005316999886417761,1.1368683772161603e-13,0
2025-10-03,mpc,frozen_paired_same_contract_soc_information,24102.30073910641,23177.227576465935,925.0731626404764,39889.234961129274,32902.59686351022,6986.6380976190485,2906.878992043849,318.94309285714303,17,6,8662.76360408785,20133.54037955204,18919.583454455347,15324.863084108823,10800.0,10799.999460000012,2215.1487261489274,10800.0,1.1175794000009773,1.1368683772161603e-13,0
2025-10-04,greedy,frozen_paired_same_contract_soc_information,24226.506819346745,24226.506819346745,0.0,41263.431303738005,34248.715294214206,7014.7160095238105,2902.5377871803566,0.0,0,0,7746.13477266314,16885.227267519007,18610.98331696071,15074.896486738176,10800.0,10800.0,1918.5292186242489,10800.0,0.0002978999982587993,1.1368683772161603e-13,0
2025-10-04,mpc,frozen_paired_same_contract_soc_information,25961.945169524126,24226.506819346745,1735.4383501773805,41263.431303738005,34248.715294214206,7014.7160095238105,2902.5377871803566,475.64259285714274,15,6,7988.321970008255,17090.877442719433,18757.32913965326,15193.437089119128,10800.0,10799.999460000012,2136.756344259168,10800.0,1.0129856999992626,1.1368683772161603e-13,0
2025-10-05,greedy,frozen_paired_same_contract_soc_information,45078.37184755579,45078.37184755579,0.0,70565.3655464919,63495.26405363475,7070.101492857144,2884.046573928651,0.0,0,0,8299.365525563046,4050.1549999999997,18315.17870664315,14835.294752380953,10800.0,10800.0,2455.6067751322767,10800.0,0.00042719999328255653,1.1368683772161603e-13,0
2025-10-05,mpc,frozen_paired_same_contract_soc_information,46204.92468024984,45078.37184755579,1126.5528326940484,70565.3655464919,63495.26405363475,7070.101492857144,2884.046573928651,287.44329285714286,14,6,8777.07850047432,3769.422759490396,18791.299993250846,15220.953480533177,10800.0,10799.999460000012,2031.9026890267787,10800.0,1.2621913999901153,1.1368683772161603e-13,0
2025-10-06,greedy,frozen_paired_same_contract_soc_information,45321.26841693552,45321.26841693552,0.0,70438.65505250404,63363.103623932606,7075.551428571429,2889.589141006706,0.0,0,0,7081.399223521094,2090.0903,18600.29620517342,15066.239926190476,10800.0,10800.0,2326.006915343919,10800.0,0.00023669999791309237,2.2737367544323206e-13,0
2025-10-06,mpc,frozen_paired_same_contract_soc_information,46365.060002424805,45321.26841693552,1043.7915854892879,70438.65505250404,63363.103623932606,7075.551428571429,2889.589141006706,264.3006904761909,13,7,6109.614941655291,3249.2722499999995,19027.214106086845,15416.254804761902,10800.0,10795.320690187162,1639.564577447635,10800.0,1.067269999999553,2.2737367544323206e-13,0
2025-10-07,greedy,frozen_paired_same_contract_soc_information,44879.471647150065,44879.471647150065,0.0,69900.120997285,62892.32418538023,7007.796811904762,2889.099475697103,0.0,0,0,7073.681516215049,1379.422794650204,19344.49308641975,15669.0394,10800.0,10800.0,1737.4568801851838,10800.0,0.00024140000459738076,1.1368683772161603e-13,0
2025-10-07,mpc,frozen_paired_same_contract_soc_information,48912.294759402444,44879.471647150065,4032.8231122523803,69900.120997285,62892.32418538023,7007.796811904762,2889.099475697103,828.5157642857141,23,7,6848.628846266887,2519.8347384196277,18887.425053074676,15298.814876190474,10800.0,10799.999352000017,1849.5077275132292,10800.0,1.1893971000099555,2.2737367544323206e-13,0
2025-10-08,greedy,frozen_paired_same_contract_soc_information,41116.03743873912,41116.03743873912,0.0,65671.4385672029,58606.04443625052,7065.394130952381,2840.33903894996,0.0,0,0,3551.7787590018424,1678.8867868606721,20854.09134038801,16891.813985714285,10800.0,10800.0,1441.493999391534,10800.0,0.0004704000020865351,1.1368683772161603e-13,0
2025-10-08,mpc,frozen_paired_same_contract_soc_information,48615.34024372899,41116.03743873912,7499.302804989881,65671.4385672029,58606.04443625052,7065.394130952381,2840.33903894996,1467.6678939908725,31,8,3801.5976947248073,3215.3454811381894,19177.200550863716,15533.532932199603,10800.0,10799.999460000012,1200.0,10800.0,0.9726729999965755,2.2737367544323206e-13,0
2025-10-09,greedy,frozen_paired_same_contract_soc_information,41553.560359860574,41553.560359860574,0.0,66470.70306236047,59569.20521712238,6901.497845238095,2730.1529022600403,0.0,0,0,3575.74617620527,3271.424733333333,20334.47615520282,16470.92568571429,10800.0,10800.0,1363.4209372222242,10800.0,0.000258400003076531,1.1368683772161603e-13,0
2025-10-09,mpc,frozen_paired_same_contract_soc_information,46416.34842796324,41553.560359860574,4862.788068102668,66470.70306236047,59569.20521712238,6901.497845238095,2730.1529022600403,931.9328810145998,32,11,4591.30213038348,3375.8477223816444,19345.0539119763,15669.54950469969,10800.0,10799.93796000124,1200.0,10800.0,1.0056631000043126,2.2737367544323206e-13,0
2025-10-10,greedy,frozen_paired_same_contract_soc_information,20631.806120904464,20631.806120904464,0.0,37140.35217305197,30371.032537337684,6769.319635714285,2754.0349878194843,0.0,0,0,3214.247466343335,20701.179396595613,20427.970491822955,16546.656098376603,10800.0,10800.0,1670.3580805026477,10800.0,0.0005764999950770289,1.1368683772161603e-13,0
2025-10-10,mpc,frozen_paired_same_contract_soc_information,24185.656550074706,20631.806120904464,3553.8504291702375,37140.35217305197,30371.032537337684,6769.319635714285,2754.0349878194843,887.5864309523809,42,15,4649.065677038789,20407.863099667768,19546.211256626775,15918.81234599565,10800.0,10704.0208576356,1250.765097684796,10800.0,1.12272510000912,2.2737367544323206e-13,0
2025-10-11,greedy,frozen_paired_same_contract_soc_information,21004.969795865567,21004.969795865567,0.0,38030.57832077572,31500.58696125191,6529.991359523807,2503.5987604614297,0.0,0,0,3661.003221222809,16466.709841410637,19981.850920047033,16185.299245238095,10800.0,10800.0,1491.475894179895,10800.0,0.0004042999935336411,1.1368683772161603e-13,0
2025-10-11,mpc,frozen_paired_same_contract_soc_information,24540.201620953023,21004.969795865567,3535.231825087453,38030.57832077572,31500.58696125191,6529.991359523807,2503.5987604614297,657.0160678778582,29,13,4472.902374106459,16413.40217756202,19484.413628631046,15789.437374979285,10800.0,10792.152960235404,1225.5156455026467,10800.0,1.2737425999948755,1.1368683772161603e-13,0
2025-10-12,greedy,frozen_paired_same_contract_soc_information,42225.51877498702,42225.51877498702,0.0,67466.03420046369,60813.07997903512,6652.954221428568,2417.824016963017,0.0,0,0,3565.9969713697847,1548.031666666667,20194.997784704825,16357.948205610915,10800.0,10800.0,1351.7426298412702,10800.0,0.0008515999943483621,1.1368683772161603e-13,0
2025-10-12,mpc,frozen_paired_same_contract_soc_information,51049.072707702,42225.51877498702,8823.553932714982,67466.03420046369,60813.07997903512,6652.954221428568,2417.824016963017,1454.3836961772347,30,11,3926.831018577307,2999.5986499999995,18472.666604163973,14993.63435943368,10800.0,10765.806211043482,1211.8018518518518,10800.0,1.2125572000077227,4.547473508864641e-13,0
2025-10-13,greedy,frozen_paired_same_contract_soc_information,42819.72407344687,42819.72407344687,0.0,68329.9710602006,61637.92125543869,6692.049804761904,2380.2311676159134,0.0,0,0,4689.084908788945,2809.9866005878894,20018.443425388225,16214.939174564463,10800.0,10800.0,1472.9097486772482,10800.0,0.0002877999941119924,1.1368683772161603e-13,0
2025-10-13,mpc,frozen_paired_same_contract_soc_information,46733.113592490874,42819.72407344687,3913.389519044007,68329.9710602006,61637.92125543869,6692.049804761904,2380.2311676159134,704.288794986028,26,11,4591.560413092666,3749.210266666667,19295.233481196203,15629.139605768909,10800.0,10799.999460000012,1200.0,10800.0,1.044635099999141,1.1368683772161603e-13,0
2025-10-14,greedy,frozen_paired_same_contract_soc_information,42342.42069934457,42342.42069934457,0.0,67662.83204901649,61023.86252758793,6638.96952142857,2347.4402849338894,0.0,0,0,2318.081935332159,544.8307945914248,21189.947556629384,17163.857520869802,10800.0,10800.0,1424.8849412169316,10800.0,0.0002628999936860055,1.1368683772161603e-13,0
2025-10-14,mpc,frozen_paired_same_contract_soc_information,55352.68811300883,42342.42069934457,13010.26741366426,67662.83204901649,61023.86252758793,6638.96952142857,2347.4402849338894,2339.5449664889165,47,11,3331.0487856296945,2510.3632333333335,18297.309874732793,14910.174161523744,10800.0,10700.718707788685,1200.0,10800.0,1.0675886999961222,2.2737367544323206e-13,0
2025-10-15,greedy,frozen_paired_same_contract_soc_information,42572.828528432874,42572.828528432874,0.0,67857.80737100467,61393.90627338563,6463.901097619047,2383.1624377083726,0.0,0,0,2010.8387391534366,0.0,20668.13148342758,16741.18650157634,10800.0,10800.0,1520.081354391535,10800.0,0.0002474999928381294,1.1368683772161603e-13,0
2025-10-15,mpc,frozen_paired_same_contract_soc_information,57310.38950960897,42572.828528432874,14737.560981176099,67857.80737100467,61393.90627338563,6463.901097619047,2383.1624377083726,2504.9913046899815,33,14,2907.579774639212,2170.6298166666666,17716.86591222752,14352.300477838737,10800.0,10798.178790072838,1200.0,10800.0,1.0080828000063775,2.2737367544323206e-13,0
2025-10-16,greedy,frozen_paired_same_contract_soc_information,47589.00479295604,43335.049726941055,4253.955066014978,68815.09880206763,62238.7336734962,6576.365128571428,2455.2637875942855,609.7986046466425,1,1,1759.348049559081,655.5970333333331,21281.470388536152,17237.991014714287,10800.0,10800.0,1200.0,10800.0,0.00023669999791309237,1.1368683772161603e-13,0
2025-10-16,mpc,frozen_paired_same_contract_soc_information,62991.01960711532,43335.049726941055,19655.969880174263,68815.09880206763,62238.7336734962,6576.365128571428,2455.2637875942855,3625.440822441884,45,12,3311.587618301751,2814.6518666666666,17645.934653126817,14298.107463585711,10800.0,10794.555117163345,1219.9487777777774,10800.0,1.1609055000008084,2.2737367544323206e-13,0
2025-10-17,greedy,frozen_paired_same_contract_soc_information,21605.846384954562,21605.846384954562,0.0,38664.81656794344,32027.86504889582,6636.9515190476195,2506.456637620555,0.0,0,0,4224.734741093468,14654.478714127705,19902.125242397873,16120.721446342275,10800.0,10800.0,1631.4696284126935,10800.0,0.00046669998846482486,1.1368683772161603e-13,0
2025-10-17,mpc,frozen_paired_same_contract_soc_information,25378.6799060974,21605.846384954562,3772.8335211428357,38664.81656794344,32027.86504889582,6636.9515190476195,2506.456637620555,724.6399321395995,23,15,4058.1374808303326,15673.347073559305,19356.649176562743,15702.876547536009,10800.0,10773.343650533125,1200.0,10800.0,1.050456299999496,1.1368683772161603e-13,0
2025-10-18,greedy,frozen_paired_same_contract_soc_information,21589.131362585194,21589.131362585194,0.0,38509.94789558935,31971.56945511316,6538.378440476192,2482.781738271189,0.0,0,0,4061.90957136831,14659.108566666666,19538.61310993533,15826.276619047618,10800.0,10800.0,2073.702812169314,10800.0,0.0007832999981474131,1.1368683772161603e-13,0
2025-10-18,mpc,frozen_paired_same_contract_soc_information,26134.9500190889,21589.131362585194,4545.818656503709,38509.94789558935,31971.56945511316,6538.378440476192,2482.781738271189,984.52347855704,23,12,3839.3809473301876,16044.341292867837,18866.816869677044,15332.661002395342,10800.0,10743.845180047845,1200.0,10800.0,1.1929141000000527,1.1368683772161603e-13,0
2025-10-19,greedy,frozen_paired_same_contract_soc_information,46542.26968751608,44730.82991377739,1811.4397737386882,71394.55904646474,64860.819329798076,6533.739716666667,2443.676969922738,262.46832200000307,2,1,2710.577387330985,1017.94074553204,21277.824748781004,17235.03804651261,10800.0,10800.0,1200.0,10800.0,0.0006412000075215474,1.1368683772161603e-13,0
2025-10-19,mpc,frozen_paired_same_contract_soc_information,57594.001663870506,44730.82991377739,12863.171750093123,71394.55904646474,64860.819329798076,6533.739716666667,2443.676969922738,2498.2462341830187,50,18,4319.078332030756,2127.2028666666665,18741.06334008946,15180.261791472452,10800.0,10799.999460000012,1200.0,10800.0,1.1693968999898061,2.2737367544323206e-13,0
2025-10-20,greedy,frozen_paired_same_contract_soc_information,45553.33195926645,45358.75830151472,194.57365775173028,72151.45863970749,65566.4253539932,6585.033285714284,2358.7170343346834,40.6244215476199,2,1,3602.892849588476,86.39923333333309,21378.992692982287,17316.98408131565,10800.0,10800.0,1200.0,10800.0,0.0007042000070214272,1.1368683772161603e-13,0
2025-10-20,mpc,frozen_paired_same_contract_soc_information,54186.7243998152,45358.75830151472,8827.966098300478,72151.45863970749,65566.4253539932,6585.033285714284,2358.7170343346834,1709.9251310082627,41,13,4452.402118622785,1307.1494666666663,19444.23083347179,15783.181014712154,10800.0,10762.939956000006,1225.1914259259274,10800.0,1.2056420000008075,2.2737367544323206e-13,0
2025-10-21,greedy,frozen_paired_same_contract_soc_information,46086.2018953668,46086.2018953668,0.0,73502.24367482154,66942.07826053585,6560.165414285714,2308.9285754739685,0.0,0,0,3055.7220961199337,0.0,20968.106466850717,16984.166238149082,10800.0,10800.0,1582.030481481482,10800.0,0.0007627000013599172,1.1368683772161603e-13,0
2025-10-21,mpc,frozen_paired_same_contract_soc_information,54823.055551595025,46086.2018953668,8736.85365622822,73502.24367482154,66942.07826053585,6560.165414285714,2308.9285754739685,1640.7781820333335,35,11,4352.592260533626,729.2708049794293,19100.57141174331,15501.993970401465,10800.0,10766.076525678469,1253.9435158730175,10800.0,1.16143869998632,2.2737367544323206e-13,0
2025-10-22,greedy,frozen_paired_same_contract_soc_information,48138.298231432695,46244.72960278269,1893.5686286500015,73830.3093896807,67141.13495158547,6689.174438095238,2257.328809043651,395.16566200000034,5,1,4047.9103651069227,583.4358333333329,21259.116596002354,17219.884442761904,10800.0,10800.0,1200.0,10800.0,0.0007562999962829053,2.2737367544323206e-13,0
2025-10-22,mpc,frozen_paired_same_contract_soc_information,55835.045052556496,46244.72960278269,9590.31544977381,73830.3093896807,67141.13495158547,6689.174438095238,2257.328809043651,1856.086351319219,34,11,5172.35152555379,1209.1558978828864,19777.47037425625,16027.478756693,10800.0,10791.413607171735,1218.2562222222227,10800.0,1.1963285999954678,2.2737367544323206e-13,0
2025-10-23,greedy,frozen_paired_same_contract_soc_information,47093.702619503674,47093.702619503674,0.0,74733.27715085003,67985.64148418335,6747.635666666667,2270.035947595992,0.0,0,0,6120.446867048794,1332.4472666666666,20530.978862111777,16630.09287831054,10800.0,10800.0,1525.0432380952361,10800.0,0.0005751999997301027,1.1368683772161603e-13,0
2025-10-23,mpc,frozen_paired_same_contract_soc_information,51792.11581778994,47093.702619503674,4698.413198286267,74733.27715085003,67985.64148418335,6747.635666666667,2270.035947595992,911.3219003893632,29,12,6144.071976757681,2554.521066666667,19405.088050021935,15838.579075540223,10800.0,10666.158049975049,1242.5198148148152,10800.0,1.1687237000005553,2.2737367544323206e-13,0
2025-10-24,greedy,frozen_paired_same_contract_soc_information,21902.11447396098,21902.11447396098,0.0,39023.37647959759,32415.121265311875,6608.255214285713,2314.399745760556,0.0,0,0,3473.833326484424,13209.678950502606,20630.59729444154,16710.783808497647,10800.0,10800.0,1437.9743320105838,10800.0,0.00024080000002868474,1.1368683772161603e-13,0
2025-10-24,mpc,frozen_paired_same_contract_soc_information,27495.35062815101,21902.11447396098,5593.236154190028,39023.37647959759,32415.121265311875,6608.255214285713,2314.399745760556,1200.5524644724808,41,17,4078.9373258428286,14087.994215532563,19402.337934815085,15765.391248787071,10800.0,10745.002753792389,1249.4131613756626,10800.0,1.1273259000008693,2.2737367544323206e-13,0
2025-10-25,greedy,frozen_paired_same_contract_soc_information,21918.109285393362,21918.109285393362,0.0,39205.496668345986,32623.274594536466,6582.222073809522,2326.929367033573,0.0,0,0,3355.2150656084655,12584.188673501812,20356.10629422305,16488.446098320674,10800.0,10800.0,1294.547334338624,10800.0,0.0002373000024817884,1.1368683772161603e-13,0
2025-10-25,mpc,frozen_paired_same_contract_soc_information,26388.19082247973,21918.109285393362,4470.081537086371,39205.496668345986,32623.274594536466,6582.222073809522,2326.929367033573,932.6435566422448,36,13,3820.842152520247,13240.926262129538,19526.263335350213,15848.324258345097,10800.0,10764.387825876198,1200.0,10800.0,1.3065513000037754,1.1368683772161603e-13,0
2025-10-26,greedy,frozen_paired_same_contract_soc_information,47811.386656930576,47811.386656930576,0.0,75753.33514264342,69147.01568788153,6606.319454761904,2271.1908744996035,0.0,0,0,6165.608802704284,1380.8473833333323,19276.668104942903,15614.101165003749,10800.0,10800.0,1716.2297513227518,10800.0,0.0002538999979151413,1.1368683772161603e-13,0
2025-10-26,mpc,frozen_paired_same_contract_soc_information,49558.47889377805,47811.386656930576,1747.0922368474617,75753.33514264342,69147.01568788153,6606.319454761904,2271.1908744996035,359.4469225109832,24,16,6452.980560674578,1397.8848263785974,19578.32114678448,15860.716485349909,10800.0,10797.470715050584,1302.9741322751324,10800.0,1.0891838000097778,2.2737367544323206e-13,0
2025-10-27,greedy,frozen_paired_same_contract_soc_information,47660.34900441864,47660.34900441864,0.0,75700.90979807102,69208.38684807104,6492.522949999999,2231.9811451516675,0.0,0,0,6268.545837330987,2057.350689212224,20118.061078216604,16295.629473355453,10800.0,10800.0,1476.0528320899525,10800.0,0.00029370000993367285,1.1368683772161603e-13,0
2025-10-27,mpc,frozen_paired_same_contract_soc_information,54484.99593708778,47660.34900441864,6824.646932669139,75700.90979807102,69208.38684807104,6492.522949999999,2231.9811451516675,1307.540310829364,38,13,7336.967147240106,2504.068711887127,19158.494621823058,15543.662038716564,10800.0,10771.909561066792,1206.345777777778,10800.0,1.1372253999870736,2.2737367544323206e-13,0
2025-10-28,greedy,frozen_paired_same_contract_soc_information,47321.47266468915,47321.47266468915,0.0,75358.70216602224,69016.33370173653,6342.368464285714,2155.8738135367853,0.0,0,0,4858.724100999414,587.1668818930044,20738.892016472782,16798.502533342955,10800.0,10800.0,1453.8112742592598,10800.0,0.0002511999919079244,1.652011860642233e-13,0
2025-10-28,mpc,frozen_paired_same_contract_soc_information,55401.09652286255,47321.47266468915,8079.623858173392,75358.70216602224,69016.33370173653,6342.368464285714,2155.8738135367853,1452.8402390696929,33,17,5681.200994355184,1567.6009822868944,19068.360075104076,15478.041346654214,10800.0,10763.700349088984,1207.660097883598,10800.0,1.1638099999981932,2.2737367544323206e-13,0
2025-10-29,greedy,frozen_paired_same_contract_soc_information,47350.657153303466,47350.657153303466,0.0,75025.76444658234,68830.59812991566,6195.166316666667,2230.307626822618,0.0,0,0,1587.7682406231602,0.0,21714.417926100923,17588.67852014175,10800.0,10800.0,1399.5658492063515,10800.0,0.000251300007221289,1.1368683772161603e-13,0
2025-10-29,mpc,frozen_paired_same_contract_soc_information,60328.889597858884,47350.657153303466,12978.23244455542,75025.76444658234,68830.59812991566,6195.166316666667,2230.307626822618,2425.713643133213,42,13,4153.128195651263,442.8298166666664,18816.483840120443,15273.220562722821,10800.0,10764.590386416374,1200.0,10800.0,1.0503602999961004,1.1368683772161603e-13,0
2025-10-30,greedy,frozen_paired_same_contract_soc_information,47440.11028935315,47440.11028935315,0.0,75330.8500409315,68949.04597188387,6381.804069047619,2192.001944521269,0.0,0,0,5008.270194444454,1659.5278999999996,20395.96998151081,16520.735685023763,10800.0,10800.0,1420.078424100531,10800.0,0.00032279999868478626,1.1368683772161603e-13,0
2025-10-30,mpc,frozen_paired_same_contract_soc_information,52149.54340766232,47440.11028935315,4709.433118309177,75330.8500409315,68949.04597188387,6381.804069047619,2192.001944521269,928.5203488642758,32,14,6025.6110064258455,1738.5872276635566,19675.161575199192,15967.80706949282,10800.0,10765.637562687252,1245.9106375661386,10800.0,1.04645320000418,2.2737367544323206e-13,0
2025-10-31,greedy,frozen_paired_same_contract_soc_information,22393.925860719988,22393.925860719988,0.0,39777.52021905631,33616.74070000868,6160.779519047621,2313.4649255526174,0.0,0,0,3436.375119763816,8608.59605,20148.720961188563,16320.463978562739,10800.0,10800.0,1646.4560026455008,10800.0,0.0007578000077046454,1.1368683772161603e-13,0
2025-10-31,mpc,frozen_paired_same_contract_soc_information,29681.92938147359,22393.925860719988,7288.003520753602,39777.52021905631,33616.74070000868,6160.779519047621,2313.4649255526174,1413.1131934295202,29,13,3505.6543278972476,10226.839783874333,18782.653326323656,15228.806092276078,10800.0,10783.492335606763,1200.0,10800.0,1.1905408999882638,1.5187850976872141e-13,0
2025-11-01,greedy,frozen_paired_same_contract_soc_information,22534.255630120046,22534.255630120046,0.0,40019.47477706321,33530.666031825116,6488.808745238095,2210.9040837983325,0.0,0,0,4067.5237780027983,9598.8857,20047.509819616247,16238.482953889164,10800.0,10800.0,1819.0303512342634,10800.0,0.0006054999976186082,1.1368683772161603e-13,0
2025-11-01,mpc,frozen_paired_same_contract_soc_information,27726.325273824492,22534.255630120046,5192.069643704449,40019.47477706321,33530.666031825116,6488.808745238095,2210.9040837983325,1196.1203520480822,31,14,3771.8846809523684,11287.502917156804,19011.418861414633,15399.249763745844,10800.0,10799.999460000012,1200.0,10800.0,1.0500975999893853,1.1368683772161603e-13,0
2025-11-02,greedy,frozen_paired_same_contract_soc_information,49101.42028954887,48662.99881414622,438.42147540265063,77331.38349639978,70741.49922259025,6589.884273809523,2158.5864599603165,62.847115166664366,1,1,4085.5465850676087,441.76131037624896,21423.88833046981,17353.349547680547,10800.0,10800.0,1200.0,10800.0,0.0004057999904034659,1.1368683772161603e-13,0
2025-11-02,mpc,frozen_paired_same_contract_soc_information,56030.48018382964,48662.99881414622,7367.481369683409,77331.38349639978,70741.49922259025,6589.884273809523,2158.5864599603165,1403.3355397542086,38,12,5361.874758381262,821.2470666666663,19846.673250865744,16091.459973093006,10800.0,10782.605955675828,1200.0,10800.0,1.156294300002628,2.2737367544323206e-13,0
2025-11-03,greedy,frozen_paired_same_contract_soc_information,49477.68392137831,49477.68392137831,0.0,78423.02759315632,71739.71783125155,6683.30976190476,2126.940651025079,0.0,0,0,4467.208447031165,627.54755,20122.84901469384,16299.507701902014,10800.0,10800.0,1656.1899112698443,10800.0,0.00023630000941921026,1.4210854715202004e-13,0
2025-11-03,mpc,frozen_paired_same_contract_soc_information,52397.66903890036,49477.68392137831,2919.985117522057,78423.02759315632,71739.71783125155,6683.30976190476,2126.940651025079,598.3400510058239,23,14,5372.065752539567,386.1077333333333,20024.053656804484,16265.78978184857,10800.0,10748.548533514515,1238.326629629631,10800.0,1.0017037999932654,1.1368683772161603e-13,0
2025-11-04,greedy,frozen_paired_same_contract_soc_information,49767.25100969449,49767.25100969449,0.0,79115.04019740419,72295.72931883277,6819.310878571429,2088.4733752352768,0.0,0,0,6275.793827572017,1329.9419709876531,20680.170344795766,16750.937979284572,10800.0,10800.0,1221.309194576721,10800.0,0.0004005999944638461,1.1368683772161603e-13,0
2025-11-04,mpc,frozen_paired_same_contract_soc_information,52933.6960032222,49767.25100969449,3166.444993527709,79115.04019740419,72295.72931883277,6819.310878571429,2088.4733752352768,630.3668702698467,33,12,7743.339361891802,582.8757655204786,20401.94733975268,16562.827432824248,10800.0,10758.611013750471,1202.2783148148155,10800.0,1.2189325999934226,2.2737367544323206e-13,0
2025-11-05,greedy,frozen_paired_same_contract_soc_information,50250.762549035615,50250.762549035615,0.0,79605.05630321268,72763.95455083172,6841.101752380952,2078.6035962876977,0.0,0,0,5055.283668959434,842.1777999999996,21208.288250455647,17178.713482869076,10800.0,10800.0,1671.4378915343905,10800.0,0.0002447000006213784,1.7053025658242404e-13,0
2025-11-05,mpc,frozen_paired_same_contract_soc_information,54914.51166902618,50250.762549035615,4663.749119990558,79605.05630321268,72763.95455083172,6841.101752380952,2078.6035962876977,992.3275817255885,42,14,6373.183118814327,751.8651166666665,20123.03459583885,16328.719013048249,10800.0,10767.710010645798,1268.38138888889,10800.0,1.1047235000005458,2.2737367544323206e-13,0
2025-11-06,greedy,frozen_paired_same_contract_soc_information,52140.81162404639,49715.14556564995,2425.6660583964394,78794.67532223725,71945.921234142,6848.754088095237,2089.700535847698,505.25654902381166,7,1,3772.0582082304477,0.0,21885.73217384529,17727.44306081468,10800.0,10800.0,1200.0,10800.0,0.00023759999021422118,2.2737367544323206e-13,0
2025-11-06,mpc,frozen_paired_same_contract_soc_information,60455.235366344,49715.14556564995,10740.089800694048,78794.67532223725,71945.921234142,6848.754088095237,2089.700535847698,2154.8622423674956,42,14,5626.540593136378,178.49596666666673,20103.368669891737,16328.452215090041,10800.0,10750.307119469182,1221.7370000000008,10800.0,1.0401591999980155,2.2737367544323206e-13,0
2025-11-07,greedy,frozen_paired_same_contract_soc_information,23201.977672113644,23201.977672113644,0.0,40894.91995371149,33849.13344180673,7045.786511904762,2095.518512562381,0.0,0,0,3683.3586176072877,9999.725831331063,20491.440639156885,16598.06691771708,10800.0,10800.0,1557.5436071428558,10800.0,0.0004341000021668151,1.1368683772161603e-13,0
2025-11-07,mpc,frozen_paired_same_contract_soc_information,27830.799565792215,23201.977672113644,4628.8218936785715,40894.91995371149,33849.13344180673,7045.786511904762,2095.518512562381,949.5880952380953,35,12,5524.674263469074,9354.296420815053,19573.204039525397,15926.128458193267,10800.0,10720.185348691452,1608.4168362821395,10800.0,1.127862900000764,1.1368683772161603e-13,0
2025-11-08,greedy,frozen_paired_same_contract_soc_information,23087.36619097064,23087.36619097064,0.0,40927.10582241693,33867.98656289312,7059.119259523808,2091.0191038889293,0.0,0,0,3827.3041998530275,9479.528275882163,20152.980245693376,16323.913999011638,10800.0,10800.0,1621.9881256349208,10800.0,0.0008631000091554597,1.1368683772161603e-13,0
2025-11-08,mpc,frozen_paired_same_contract_soc_information,25872.709554749214,23087.36619097064,2785.343363778573,40927.10582241693,33867.98656289312,7059.119259523808,2091.0191038889293,565.663516666667,33,12,4696.34119500207,9287.563010601483,19674.717572967875,15957.05953948783,10800.0,10777.179660684607,1511.7471159756399,10800.0,1.0986103000032017,1.1368683772161603e-13,0
2025-11-09,greedy,frozen_paired_same_contract_soc_information,51157.004457432406,51157.004457432406,0.0,80803.58510356687,73798.72309642403,7004.862007142856,2113.0129793736905,0.0,0,0,4624.235236860668,785.2937166666668,21301.257719506386,17254.01875280017,10800.0,10800.0,1610.788840026455,10800.0,0.00024839999969117343,2.2737367544323206e-13,0
2025-11-09,mpc,frozen_paired_same_contract_soc_information,59249.27969784153,51157.004457432406,8092.275240409124,80803.58510356687,73798.72309642403,7004.862007142856,2113.0129793736905,1514.5619825323504,31,16,6695.746426932168,563.6693666666665,19743.52678419679,16031.612675029723,10800.0,10756.271133521865,1223.6814074074082,10800.0,1.1714494000043487,2.2737367544323206e-13,0
2025-11-10,greedy,frozen_paired_same_contract_soc_information,51275.0592642404,51275.0592642404,0.0,81209.23184548825,74142.63040501205,7066.601440476191,2064.075010091587,0.0,0,0,2911.2239866842915,203.77824999999984,22293.613204231286,18057.82669542734,10800.0,10800.0,1274.9595523015873,10800.0,0.0007229000038933009,1.1368683772161603e-13,0
2025-11-10,mpc,frozen_paired_same_contract_soc_information,64342.26873841092,51275.0592642404,13067.209474170522,81209.23184548825,74142.63040501205,7066.601440476191,2064.075010091587,2406.4249990571507,48,15,5972.8729000102385,98.39883333333341,19418.814348048196,15732.872336846376,10800.0,10795.96365008073,1216.3692777777783,10800.0,1.1141459999926155,2.2737367544323206e-13,0
2025-11-11,greedy,frozen_paired_same_contract_soc_information,51647.47538256731,51647.47538256731,0.0,81396.35070349099,74287.4566582529,7108.894045238096,2045.2043706457139,0.0,0,0,5390.26700419645,426.71609999999976,21159.7259611993,17139.37802857143,10800.0,10800.0,1682.4154100529083,10800.0,0.0008396000048378482,1.1368683772161603e-13,0
2025-11-11,mpc,frozen_paired_same_contract_soc_information,58901.46099950337,51647.47538256731,7253.9856169360655,81396.35070349099,74287.4566582529,7108.894045238096,2045.2043706457139,1375.068413371815,32,12,7011.708248589688,471.74301666666656,19785.720209663203,16056.772024723425,10800.0,10766.290383448635,1237.6650555555539,10800.0,1.205754499998875,2.2737367544323206e-13,0
2025-11-12,greedy,frozen_paired_same_contract_soc_information,52070.02784968399,52070.02784968399,0.0,82249.26798134524,75158.09974086905,7091.1682404761905,2035.7392990665073,0.0,0,0,6779.040883326433,501.9881188487569,21117.11173247399,17104.86050330393,10800.0,10800.0,1406.632270873017,10800.0,0.00039909999759402126,2.2737367544323206e-13,0
2025-11-12,mpc,frozen_paired_same_contract_soc_information,57518.34181190851,52070.02784968399,5448.313962224527,82249.26798134524,75158.09974086905,7091.1682404761905,2035.7392990665073,984.7984964876896,38,13,7954.837586939533,528.3493261904758,20074.880485804886,16279.988671101957,10800.0,10778.516136,1200.0,10800.0,1.2107308999984525,2.2737367544323206e-13,0
2025-11-13,greedy,frozen_paired_same_contract_soc_information,52318.09491027221,52318.09491027221,0.0,82418.05762104808,75329.81398771475,7088.243633333333,2042.6240492047618,0.0,0,0,5834.202738301,266.887333333333,20637.348593405724,16716.25236065864,10800.0,10800.0,1312.5178597883591,10800.0,0.000796199994510971,2.2737367544323206e-13,0
2025-11-13,mpc,frozen_paired_same_contract_soc_information,61179.33754121442,52318.09491027221,8861.242630942223,82418.05762104808,75329.81398771475,7088.243633333333,2042.6240492047618,1607.3654980095212,35,12,7504.365037403488,410.8301976190477,19571.3840109699,15857.0274436015,10800.0,10795.326228093472,1200.0,10800.0,1.1779440000100294,2.2737367544323206e-13,0
2025-11-14,greedy,frozen_paired_same_contract_soc_information,23818.639911710365,23818.639911710365,0.0,41973.101137965554,34927.87313320364,7045.228004761906,2056.3166119264674,0.0,0,0,4027.0380698706645,6618.577539287284,19626.4748884611,15897.44465965349,10800.0,10800.0,1709.749417989417,10800.0,0.0002351000002818182,1.1368683772161603e-13,0
2025-11-14,mpc,frozen_paired_same_contract_soc_information,28038.667107270638,23818.639911710365,4220.027195560271,41973.101137965554,34927.87313320364,7045.228004761906,2056.3166119264674,813.0500589868253,27,13,3989.7344655844345,7587.1344,19059.70995822509,15448.882926857143,10800.0,10788.313488116866,1200.0,10800.0,1.1194492999929935,1.1368683772161603e-13,0
2025-11-15,greedy,frozen_paired_same_contract_soc_information,23465.77867412245,23465.77867412245,0.0,41475.645900943506,34574.90144856255,6900.744452380952,2023.0739682424203,0.0,0,0,3674.921866199246,5678.5219,20580.60641093474,16670.29119285714,10800.0,10800.0,1637.2926592592607,10800.0,0.0005364999960875139,1.1368683772161603e-13,0
2025-11-15,mpc,frozen_paired_same_contract_soc_information,28203.51149865043,23465.77867412245,4737.732824527979,41475.645900943506,34574.90144856255,6900.744452380952,2023.0739682424203,1024.0234591032024,38,10,3463.8337815675904,7135.724368146224,19481.68746789636,15793.463174230132,10800.0,10785.22630529547,1200.0,10800.0,1.0821461000014096,1.1368683772161603e-13,0
2025-11-16,greedy,frozen_paired_same_contract_soc_information,53194.708422928146,53194.708422928146,0.0,83756.42577872,76950.79882633906,6805.6269523809515,1897.4986004251987,0.0,0,0,4869.011703115819,270.2006666666666,22014.04750317995,17831.378477575763,10800.0,10800.0,1497.2003544973586,10800.0,0.000607599999057129,2.2737367544323206e-13,0
2025-11-16,mpc,frozen_paired_same_contract_soc_information,59788.827660584924,53194.708422928146,6594.119237656763,83756.42577872,76950.79882633906,6805.6269523809515,1897.4986004251987,1342.0359820835563,44,18,6786.72222815555,12.079899999999952,20545.74493052117,16680.629681206494,10800.0,10757.137458350731,1207.0617777777793,10800.0,1.102418199996464,2.2737367544323206e-13,0
2025-11-17,greedy,frozen_paired_same_contract_soc_information,53923.77126910141,53923.77126910141,0.0,84666.64070325336,77829.24399611051,6837.396707142857,1901.5422819735318,0.0,0,0,7651.038822304158,361.75786673170785,20832.05095202196,16873.961271137796,10800.0,10800.0,1584.882947089946,10800.0,0.0007879999902797863,2.2737367544323206e-13,0
2025-11-17,mpc,frozen_paired_same_contract_soc_information,57734.500542751404,53923.77126910141,3810.72927365,84666.64070325336,77829.24399611051,6837.396707142857,1901.5422819735318,809.2948619047618,29,12,8802.317543184085,159.9438166666664,20291.30042882612,16473.38055685208,10800.0,10758.414211663421,1284.866622215286,10800.0,1.1745422999956645,2.2737367544323206e-13,0
2025-11-18,greedy,frozen_paired_same_contract_soc_information,53473.26678517408,53473.26678517408,0.0,84106.99638178817,77369.96907702627,6737.027304761904,1927.7677858507536,0.0,0,0,5133.407926396234,71.139183333333,21115.249677501415,17103.352238776148,10800.0,10800.0,1480.4016851851861,10800.0,0.000411300003179349,2.2737367544323206e-13,0
2025-11-18,mpc,frozen_paired_same_contract_soc_information,59144.949053831246,53473.26678517408,5671.682268657169,84106.99638178817,77369.96907702627,6737.027304761904,1927.7677858507536,1087.8133430954085,30,15,6405.4727431537785,125.24628333333317,20124.61227979149,16351.07341472836,10800.0,10744.291702114164,1239.9602962962958,10800.0,1.0906850000028498,2.2737367544323206e-13,0
2025-11-19,greedy,frozen_paired_same_contract_soc_information,53406.078978424324,53406.078978424324,0.0,84018.61857214294,77319.0790792858,6699.539492857143,1886.736526297102,0.0,0,0,4327.744452910054,105.0795333333333,22197.27887315558,17979.795887256027,10800.0,10800.0,1393.3717275132271,10800.0,0.0002403999969828874,1.1368683772161603e-13,0
2025-11-19,mpc,frozen_paired_same_contract_soc_information,61522.69294502131,53406.078978424324,8116.613966596977,84018.61857214294,77319.0790792858,6699.539492857143,1886.736526297102,1680.378425926052,47,14,6446.250120806157,41.38911666666672,20346.206879069003,16503.16071847283,10800.0,10774.740948414516,1220.6351851851844,10800.0,0.9537146999937249,2.2737367544323206e-13,0
2025-11-20,greedy,frozen_paired_same_contract_soc_information,54012.007535761484,54012.007535761484,0.0,84822.03550220793,78208.28658077934,6613.748921428571,1894.158618412539,0.0,0,0,5913.427307378007,94.43773333333331,21163.6548850697,17142.560456906453,10800.0,10800.0,1645.4660132275146,10800.0,0.00027570000384002924,1.4210854715202004e-13,0
2025-11-20,mpc,frozen_paired_same_contract_soc_information,59888.8728460296,54012.007535761484,5876.865310268115,84822.03550220793,78208.28658077934,6613.748921428571,1894.158618412539,1157.0343440902218,35,15,7232.671914606501,235.5562666666665,20024.282311174542,16306.516679482898,10800.0,10703.50221396498,1241.8987962962974,10800.0,1.2240948999969987,2.2737367544323206e-13,0
2025-11-21,greedy,frozen_paired_same_contract_soc_information,23468.256585370724,23468.256585370724,0.0,41461.60402760829,34979.49093713211,6482.11309047619,1953.2579415734915,0.0,0,0,3413.0093855085283,5327.896328881503,20296.39077132425,16440.076524772652,10800.0,10800.0,1605.6617274219248,10800.0,0.0006859999994048849,1.1368683772161603e-13,0
2025-11-21,mpc,frozen_paired_same_contract_soc_information,26423.834590467734,23468.256585370724,2955.5780050970097,41461.60402760829,34979.49093713211,6482.11309047619,1953.2579415734915,788.0461506047664,33,12,3319.1384709594467,6428.872983333332,19578.962859992935,15941.708202739313,10800.0,10708.05745983885,1275.661335978838,10800.0,1.0741695999895455,1.1368683772161603e-13,0
2025-11-22,greedy,frozen_paired_same_contract_soc_information,23504.761917027696,23504.761917027696,0.0,41820.895942648465,35443.76516169608,6377.13078095238,1889.5195229401984,0.0,0,0,2985.4323444219735,4758.834066666666,20298.94762224469,16442.147574018203,10800.0,10800.0,1692.1840132275138,10800.0,0.0006437999982153997,1.1368683772161603e-13,0
2025-11-22,mpc,frozen_paired_same_contract_soc_information,26068.410447455077,23504.761917027696,2563.6485304273792,41820.895942648465,35443.76516169608,6377.13078095238,1889.5195229401984,591.717007142857,37,15,3359.4696037815297,5080.219645756473,19828.1172552239,16075.023038303916,10800.0,10784.168820474928,1291.1872367354479,10800.0,1.1414661000017077,1.1368683772161603e-13,0
2025-11-23,greedy,frozen_paired_same_contract_soc_information,54674.362659846556,54674.362659846556,0.0,85854.437321581,79537.28439539052,6317.152926190475,1933.7073629309123,0.0,0,0,5884.951500944027,557.4431999999999,21999.717564756025,17819.77122745238,10800.0,10800.0,1526.1071660846574,10800.0,0.0002643999905558303,2.2737367544323206e-13,0
2025-11-23,mpc,frozen_paired_same_contract_soc_information,61280.59475448228,54674.362659846556,6606.232094635719,85854.437321581,79537.28439539052,6317.152926190475,1933.7073629309123,1370.5499333333337,35,15,7814.819046789876,228.6933361249978,20816.392663877385,16867.014075211257,10800.0,10793.626647254925,1389.17825454164,10800.0,1.1855379000044195,2.2737367544323206e-13,0
2025-11-24,greedy,frozen_paired_same_contract_soc_information,53897.20059542732,53897.20059542732,0.0,84962.1516500487,78643.70240957252,6318.449240476191,1926.0664553174188,0.0,0,0,6334.049864873607,463.0363,21069.062027237393,17065.940242062294,10800.0,10800.0,1309.153997354499,10800.0,0.00028639999800361693,2.2737367544323206e-13,0
2025-11-24,mpc,frozen_paired_same_contract_soc_information,58817.65753495136,53897.20059542732,4920.456939524043,84962.1516500487,78643.70240957252,6318.449240476191,1926.0664553174188,963.5448127328912,32,13,7616.494188206866,356.8039878831162,20412.005913640063,16621.55132694845,10800.0,10702.414959000002,1256.7773121693122,10800.0,1.246828799994546,1.1368683772161603e-13,0
2025-11-25,greedy,frozen_paired_same_contract_soc_information,54390.67065916518,54390.67065916518,0.0,85613.50520096297,79317.41803905819,6296.087161904761,1939.2092011848808,0.0,0,0,5137.085132885367,183.10095000000024,21708.72974426808,17584.071092857143,10800.0,10800.0,1474.3667434656113,10800.0,0.0006359999970300123,1.1368683772161603e-13,0
2025-11-25,mpc,frozen_paired_same_contract_soc_information,58911.31596913063,54390.67065916518,4520.645309965437,85613.50520096297,79317.41803905819,6296.087161904761,1939.2092011848808,947.4053264978629,39,15,6443.276333167647,13.67875238095246,20933.301891604846,16998.006916359278,10800.0,10753.29735093405,1203.6717777777799,10800.0,1.172059000004083,2.2737367544323206e-13,0
2025-11-26,greedy,frozen_paired_same_contract_soc_information,54855.373212670114,54828.563714136784,26.809498533333095,86199.91481484554,79869.59393389316,6330.320880952381,1934.6051643617457,5.723633333333282,1,1,5234.9912859494325,60.651583333333065,21854.361555593532,17702.032860030755,10800.0,10800.0,1563.3168835978831,10800.0,0.0003839999990304932,1.1368683772161603e-13,0
2025-11-26,mpc,frozen_paired_same_contract_soc_information,61132.851250749896,54828.563714136784,6304.287536613111,86199.91481484554,79869.59393389316,6330.320880952381,1934.6051643617457,1223.5422408354884,34,13,6777.7304467053245,0.0,20520.962699599546,16632.90297395717,10800.0,10787.863125242735,1241.2803359788381,10800.0,1.103048500008299,2.2737367544323206e-13,0
2025-11-27,greedy,frozen_paired_same_contract_soc_information,54911.70616906764,54911.70616906764,0.0,86148.90501916924,79835.1138405978,6313.791178571429,1916.3027877082538,0.0,0,0,6116.805720282189,261.3455995884824,20999.26824192234,17009.4072759571,10800.0,10800.0,1459.1247037301605,10800.0,0.0007118000066839159,2.2737367544323206e-13,0
2025-11-27,mpc,frozen_paired_same_contract_soc_information,59809.435950534564,54911.70616906764,4897.729781466918,86148.90501916924,79835.1138405978,6313.791178571429,1916.3027877082538,929.7055376004548,31,14,7383.984816057702,15.036254761904956,20566.25071716388,16667.55396454712,10800.0,10790.121240395141,1213.9675820105813,10800.0,1.1003388999961317,1.1368683772161603e-13,0
2025-11-28,greedy,frozen_paired_same_contract_soc_information,23680.383153123836,23680.383153123836,0.0,42196.29620267449,35867.109236007826,6329.186966666666,1882.2410944798412,0.0,0,0,3300.1685860472926,4060.0173833333333,20604.587806809846,16689.71612351598,10800.0,10800.0,1547.2478518518521,10800.0,0.00025519999326206744,1.1368683772161603e-13,0
2025-11-28,mpc,frozen_paired_same_contract_soc_information,28287.16662996413,23680.383153123836,4606.783476840297,42196.29620267449,35867.109236007826,6329.186966666666,1882.2410944798412,894.5821408041952,33,12,3697.759541904757,4761.282299385807,19703.33074204277,15992.732789854643,10800.0,10763.294568000005,1200.0,10800.0,1.1293920999887632,1.1368683772161603e-13,0
2025-11-29,greedy,frozen_paired_same_contract_soc_information,23954.974562013544,23954.974562013544,0.0,42622.50972703158,36408.54185322206,6213.967873809524,1815.2023399338495,0.0,0,0,2890.5910405937725,1041.5128449537433,19794.50390254772,16033.548161063656,10800.0,10800.0,1802.8733359788364,10800.0,0.00023650001094210893,1.1368683772161603e-13,0
2025-11-29,mpc,frozen_paired_same_contract_soc_information,37839.84552249437,23954.974562013544,13884.870960480823,42622.50972703158,36408.54185322206,6213.967873809524,1815.2023399338495,2447.3949888717552,32,11,3235.6264613607214,3753.6678244838363,17019.996057012584,13868.835726953806,10800.0,10708.178976918209,1200.0,10800.0,1.0312303000100655,1.1368683772161603e-13,0
2025-11-30,greedy,frozen_paired_same_contract_soc_information,55698.0218602939,55698.0218602939,0.0,87375.76941048099,80982.65124857624,6393.118161904762,1874.0057551401983,0.0,0,0,2745.955943503816,0.0,23078.870264792193,18693.884914481674,10800.0,10800.0,1385.0524338624336,10800.0,0.0007833000126993284,1.1368683772161603e-13,0
2025-11-30,mpc,frozen_paired_same_contract_soc_information,67110.80703995482,55698.0218602939,11412.78517966091,87375.76941048099,80982.65124857624,6393.118161904762,1874.0057551401983,2214.174041223814,47,13,5474.005097134472,0.0,20396.103061161542,16524.99282325786,10800.0,10795.389618092206,1200.0,10800.0,1.045620400007465,2.2737367544323206e-13,0
2025-12-01,greedy,frozen_paired_same_contract_soc_information,75707.6273674973,56233.99569057187,19473.631676925437,88220.65746476961,81876.96102905532,6343.696435714286,1882.467151936111,3713.615001547618,16,4,1109.8531038506771,0.0,23818.376995438062,19292.88536630483,10800.0,10800.0,1200.0,10800.0,0.0006063000037102029,2.2737367544323206e-13,0
2025-12-01,mpc,frozen_paired_same_contract_soc_information,84804.87964916631,56233.99569057187,28570.883958594444,88220.65746476961,81876.96102905532,6343.696435714286,1882.467151936111,6605.125388842857,83,12,4728.93851895033,0.0,20274.63154700508,16476.714945676256,10800.0,10739.707341553174,1222.9106666666685,10800.0,1.0751459999883082,2.2737367544323206e-13,0
2025-12-02,greedy,frozen_paired_same_contract_soc_information,81082.49652944334,56667.03141579642,24415.465113646915,88920.85032096932,82297.12137335027,6623.728947619049,2184.01991595869,4599.4183875952385,17,5,430.67724285714485,0.0,23430.429030039013,18978.647514331606,10800.0,10800.0,1200.0,10800.0,0.0007328999927267432,2.2737367544323206e-13,0
2025-12-02,mpc,frozen_paired_same_contract_soc_information,89914.61752400183,56667.03141579642,33247.58610820542,88920.85032096932,82297.12137335027,6623.728947619049,2184.01991595869,7245.624538578331,96,10,3694.4829470022205,0.0,20263.837192560604,16429.655230015178,10800.0,10782.280995509907,1226.0371851851853,10800.0,1.1537516999960644,2.2737367544323206e-13,0
2025-12-03,greedy,frozen_paired_same_contract_soc_information,67706.69692125471,57655.64496300536,10051.05195824934,90144.9749482067,83123.41321487338,7021.561733333334,2508.914765665674,1990.3691566904765,13,4,383.2237380952374,0.0,24371.618442817227,19782.246642681956,10800.0,10754.182551111111,1200.0,10800.0,0.00042440000106580555,2.2737367544323206e-13,0
2025-12-03,mpc,frozen_paired_same_contract_soc_information,78506.29334799996,57655.64496300536,20850.6483849946,90144.9749482067,83123.41321487338,7021.561733333334,2508.914765665674,4969.94256079524,90,16,4070.384209224281,0.0,20733.448671688184,16851.66393857719,10800.0,10736.032761655819,1204.3862037037038,10800.0,1.1422826000052737,4.547473508864641e-13,0
2025-12-04,greedy,frozen_paired_same_contract_soc_information,70692.21966248089,58027.93627935938,12664.283383121503,90537.53711553279,83139.46003219945,7398.077083333334,2548.5113268615073,2606.804804119048,13,3,1688.2448875367413,0.0,24440.276726921504,19755.388444806413,10754.182551111111,10800.0,1200.0,10800.0,0.00023439999495167285,2.2737367544323206e-13,0
2025-12-04,mpc,frozen_paired_same_contract_soc_information,81466.5649231387,58027.93627935938,23438.628643779324,90537.53711553279,83139.46003219945,7398.077083333334,2548.5113268615073,5399.660590770022,81,16,5213.811234525461,0.0,20953.380229932784,17001.20250815544,10754.182551111111,10721.999748989014,1200.0,10764.897169285714,1.0051622000028146,2.2737367544323206e-13,0
2025-12-05,greedy,frozen_paired_same_contract_soc_information,29092.635659467953,25951.930932245697,3140.70472722226,45567.71520339204,37767.93672243967,7799.778480952381,2633.092531379444,585.4527620127125,7,1,860.8518561728358,0.0,20950.991715255732,16970.303289357144,10800.0,10800.0,1200.0,10800.0,0.0007415000000037253,1.1368683772161603e-13,0
2025-12-05,mpc,frozen_paired_same_contract_soc_information,43910.45527002495,25951.930932245697,17958.52433777925,45567.71520339204,37767.93672243967,7799.778480952381,2633.092531379444,4073.306117652379,61,10,2150.557468700774,3183.4254566980044,16651.396117458364,13655.98540514605,10800.0,10612.939388883588,1200.0,10800.0,1.0881297000014456,1.1368683772161603e-13,0
2025-12-06,greedy,frozen_paired_same_contract_soc_information,34543.813575642605,26273.32777695887,8270.485798683732,46409.333617705444,38146.53800818163,8262.795609523808,2552.953859644524,1272.3577092707392,7,4,254.1254666666661,0.0,19857.195342857143,16094.260299214291,10800.0,10788.964365,1200.0,10800.0,0.0003802000137511641,1.1368683772161603e-13,0
2025-12-06,mpc,frozen_paired_same_contract_soc_information,41701.103767123954,26273.32777695887,15427.77599016508,46409.333617705444,38146.53800818163,8262.795609523808,2552.953859644524,3720.576663853425,74,13,1864.5864265424398,1399.511252864311,16950.628665831344,13749.446880345891,10800.0,10778.402598863884,1200.0,10800.0,0.9976088000112213,1.1368683772161603e-13,0
2025-12-07,greedy,frozen_paired_same_contract_soc_information,60855.69728875878,60394.22383365179,461.4734551069971,93885.33562833967,85180.92427595872,8704.411352380952,2551.280656078968,100.34384169047323,3,2,1578.1423700764328,0.0,24973.283044493328,20218.427194539607,10788.964365,10800.0,1200.0,10800.0,0.00022909999825060368,2.2737367544323206e-13,0
2025-12-07,mpc,frozen_paired_same_contract_soc_information,75867.22170049934,60394.22383365179,15472.997866847556,93885.33562833967,85180.92427595872,8704.411352380952,2551.280656078968,3395.604244775056,77,19,5697.507518352918,0.0,20915.886934312082,16985.13582955026,10788.964365,10740.889461936138,1232.4912354497374,10788.964365,1.1148323999950662,2.2737367544323206e-13,0
2025-12-08,greedy,frozen_paired_same_contract_soc_information,65618.92103728512,65618.92103728512,0.0,101552.03995169433,92512.67531598004,9039.364635714286,2453.238970230277,0.0,0,0,9605.425465402706,0.0,21575.807208552484,17476.403838927516,10800.0,10800.0,1433.320116402118,10800.0,0.00023940000392030925,2.2737367544323206e-13,0
2025-12-08,mpc,frozen_paired_same_contract_soc_information,69450.4648245101,65618.92103728512,3831.5437872249827,101552.03995169433,92512.67531598004,9039.364635714286,2453.238970230277,673.7682807683959,20,6,10318.303677955875,0.0,21519.56434361836,17459.270905778165,10800.0,10768.418013947452,1242.4950925925923,10800.0,1.1731818999978714,2.2737367544323206e-13,0
2025-12-09,greedy,frozen_paired_same_contract_soc_information,66093.5009167486,66093.5009167486,0.0,102052.54773784944,93007.84726165896,9044.700476190477,2451.423318924603,0.0,0,0,10421.239453468548,0.0,22330.810619548596,18087.95660183436,10800.0,10800.0,1470.4138095238106,10800.0,0.00029290000384207815,2.2737367544323206e-13,0
2025-12-09,mpc,frozen_paired_same_contract_soc_information,70257.30028089145,66093.5009167486,4163.799364142859,102052.54773784944,93007.84726165896,9044.700476190477,2451.423318924603,777.6908952380957,24,11,11257.121000414947,11.30588809523806,21986.86635593553,17813.50887802484,10800.0,10795.392078092156,1229.0667777777771,10800.0,1.031491100002313,2.2737367544323206e-13,0
2025-12-10,greedy,frozen_paired_same_contract_soc_information,65181.70475544554,65181.70475544554,0.0,101157.41560498325,92158.29658593563,8999.11901904762,2463.23763098984,0.0,0,0,8610.228165961202,0.0,21892.468275554736,17732.89930319934,10800.0,10800.0,1585.6980079365112,10800.0,0.0002447000006213784,2.2737367544323206e-13,0
2025-12-10,mpc,frozen_paired_same_contract_soc_information,69863.39170459592,65181.70475544554,4681.686949150378,101157.41560498325,92158.29658593563,8999.11901904762,2463.23763098984,813.3232313637138,21,10,9508.338427558218,0.0,21625.346971100582,17550.565028978483,10800.0,10762.184464014432,1256.976370370373,10800.0,1.087245399990934,2.2737367544323206e-13,0
2025-12-11,greedy,frozen_paired_same_contract_soc_information,66052.63903305982,66052.63903305982,0.0,101951.4263569448,93080.86779265906,8870.558564285715,2505.3478312481348,0.0,0,0,11944.588109494416,0.0,21292.544986580982,17246.961439130602,10800.0,10800.0,1654.201923280426,10800.0,0.00029519999225158244,1.1368683772161603e-13,0
2025-12-11,mpc,frozen_paired_same_contract_soc_information,67488.49616300626,66052.63903305982,1435.8571299464343,101951.4263569448,93080.86779265906,8870.558564285715,2505.3478312481348,245.63942857142956,16,9,12081.596232371157,15.378597619047696,22041.215616085196,17902.379360559175,10800.0,10745.561431633152,1475.8712755492948,10800.0,1.1972555999964243,1.1368683772161603e-13,0
2025-12-12,greedy,frozen_paired_same_contract_soc_information,30521.884334211398,30521.884334211398,0.0,54774.614544678145,45929.018720868626,8845.595823809525,2524.246709379365,0.0,0,0,5977.104108171667,1643.5620999999999,18102.81501670084,14663.280163527686,10800.0,10800.0,1713.9976851851832,10800.0,0.0006461000011768192,1.1368683772161603e-13,0
2025-12-12,mpc,frozen_paired_same_contract_soc_information,33490.46301698402,30521.884334211398,2968.5786827726206,54774.614544678145,45929.018720868626,8845.595823809525,2524.246709379365,554.8972642857146,25,11,6311.305157924502,2001.6648500000001,17767.882780996246,14465.754463290214,10800.0,10718.033988129722,1290.2857037037033,10800.0,1.1680802000046242,1.1368683772161603e-13,0
2025-12-13,greedy,frozen_paired_same_contract_soc_information,31011.08850279064,31011.08850279064,0.0,55826.257334602524,46868.25385126918,8958.003483333334,2490.7981961979367,0.0,0,0,7147.40437930629,1405.5896333333335,18288.052308576654,14813.322369947093,10800.0,10800.0,1830.35578042328,10800.0,0.0006489000079454854,1.1368683772161603e-13,0
2025-12-13,mpc,frozen_paired_same_contract_soc_information,36025.715931105595,31011.08850279064,5014.627428314959,55826.257334602524,46868.25385126918,8958.003483333334,2490.7981961979367,931.3376579081145,26,11,7515.773560843424,2121.9374833333336,17517.282462753807,14195.931897753264,10800.0,10792.29655230813,1292.4820873015865,10800.0,1.2146719000011217,1.1368683772161603e-13,0
2025-12-14,greedy,frozen_paired_same_contract_soc_information,66192.6211090874,66192.6211090874,0.0,102323.11247935383,93405.10787697288,8918.004602380954,2479.623642392539,0.0,0,0,9258.183166196355,0.0,22558.9869113552,18272.779398197716,10800.0,10800.0,1578.6865846560854,10800.0,0.00024169999232981354,1.1368683772161603e-13,0
2025-12-14,mpc,frozen_paired_same_contract_soc_information,70186.1780931374,66192.6211090874,3993.556984050003,102323.11247935383,93405.10787697288,8918.004602380954,2479.623642392539,760.1054809523814,24,10,10100.789031540258,0.0,22124.776919820823,17921.069791054855,10800.0,10799.999460000012,1242.5568703703714,10800.0,1.1114725999941584,2.2737367544323206e-13,0
2025-12-15,greedy,frozen_paired_same_contract_soc_information,65765.4827074071,65765.4827074071,0.0,101865.19624467072,92955.86804705166,8909.328197619048,2471.195945233294,0.0,0,0,8069.412391446211,0.0,22769.6099292518,18443.384042693964,10800.0,10800.0,1508.748116402116,10800.0,0.0006353999924613163,2.2737367544323206e-13,0
2025-12-15,mpc,frozen_paired_same_contract_soc_information,69935.85189314165,65765.4827074071,4170.369185734531,101865.19624467072,92955.86804705166,8909.328197619048,2471.195945233294,816.5978642857159,25,12,9041.872626937495,0.0,22046.941510427183,17876.577995074913,10800.0,10779.382920412343,1258.2599984597796,10800.0,1.0209232000051998,2.2737367544323206e-13,0
2025-12-16,greedy,frozen_paired_same_contract_soc_information,66369.11325246419,66369.11325246419,0.0,102402.32652113948,93514.33055209187,8887.995969047619,2502.1771682983335,0.0,0,0,8702.650532039974,0.0,22534.656082979902,18253.07142721372,10800.0,10800.0,1616.0370423280438,10800.0,0.0002474000066285953,2.2737367544323206e-13,0
2025-12-16,mpc,frozen_paired_same_contract_soc_information,69442.96344828683,66369.11325246419,3073.8501958226257,102402.32652113948,93514.33055209187,8887.995969047619,2502.1771682983335,595.9388380952395,20,8,9370.478450391116,20.489908166102282,22264.78311836742,18075.577451023244,10800.0,10754.329860949296,1337.2758077665976,10800.0,0.9811969000002136,2.2737367544323206e-13,0
2025-12-17,greedy,frozen_paired_same_contract_soc_information,65899.23071118831,65899.23071118831,0.0,102218.69310806823,93460.16420330631,8758.528904761904,2530.4662895447227,0.0,0,0,9867.182293474432,0.0,21892.96709435335,17733.30334642622,10800.0,10800.0,1545.5525370370392,10800.0,0.0006661999941570684,1.1368683772161603e-13,0
2025-12-17,mpc,frozen_paired_same_contract_soc_information,68306.55072843476,65899.23071118831,2407.320017246427,102218.69310806823,93460.16420330631,8758.528904761904,2530.4662895447227,412.96360238095224,20,12,10262.705655924507,0.0,22052.728069998513,17875.624082140508,10800.0,10785.650727286991,1479.4425985799085,10800.0,0.9861976000102004,2.2737367544323206e-13,0
2025-12-18,greedy,frozen_paired_same_contract_soc_information,65724.3990648264,65724.3990648264,0.0,101599.14062324312,92815.86323514787,8783.277388095237,2524.456642858096,0.0,0,0,9910.063098677247,0.0,22751.634515258982,18428.823957359775,10800.0,10800.0,1556.1027989417964,10800.0,0.00023260001034941524,2.2737367544323206e-13,0
2025-12-18,mpc,frozen_paired_same_contract_soc_information,69254.31151473118,65724.3990648264,3529.9124499047657,101599.14062324312,92815.86323514787,8783.277388095237,2524.456642858096,737.1055214285723,28,11,10800.560368584695,0.0,22049.023464399153,17879.604654978823,10800.0,10777.893723538322,1351.8567343223035,10800.0,1.177388999989489,2.2737367544323206e-13,0
2025-12-19,greedy,frozen_paired_same_contract_soc_information,30925.729912403775,30925.729912403775,0.0,55802.37997057437,47096.94656343151,8705.433407142857,2543.2597520183335,0.0,0,0,7307.111333686073,2058.1105166666666,18572.456948534986,15043.690128313343,10800.0,10800.0,1601.2333121693136,10800.0,0.00025240000104531646,1.1368683772161603e-13,0
2025-12-19,mpc,frozen_paired_same_contract_soc_information,35559.4368083783,30925.729912403775,4633.706895974519,55802.37997057437,47096.94656343151,8705.433407142857,2543.2597520183335,849.3655036196584,32,10,7426.179309256007,2983.9935973615466,17798.880732746362,14465.699465169875,10800.0,10745.993253727416,1251.0796507936511,10800.0,1.0191137999936473,1.1368683772161603e-13,0
2025-12-20,greedy,frozen_paired_same_contract_soc_information,30919.079270504488,30919.079270504488,0.0,55861.45047389404,47208.04504532261,8653.40542857143,2564.025952879364,0.0,0,0,7041.658407348624,2412.131548500878,18691.09614760286,15139.78787955832,10800.0,10800.0,1717.3422751322787,10800.0,0.0008357000042451546,1.1368683772161603e-13,0
2025-12-20,mpc,frozen_paired_same_contract_soc_information,34774.21376554496,30919.079270504488,3855.134495040475,55861.45047389404,47208.04504532261,8653.40542857143,2564.025952879364,714.5119904761902,27,6,7692.062478549766,2618.4161244253537,18195.835412382006,14786.703800986894,10800.0,10746.580981158373,1465.669699513229,10800.0,1.3159387999912724,1.1368683772161603e-13,0
2025-12-21,greedy,frozen_paired_same_contract_soc_information,66167.82516257618,66167.82516257618,0.0,102127.98745849544,93499.20001801924,8628.787440476191,2564.5494414402374,0.0,0,0,8891.246175161672,0.0,22099.786403511043,17900.82698684395,10800.0,10800.0,1498.2455000000025,10800.0,0.0002558999985922128,1.5631940186722204e-13,0
2025-12-21,mpc,frozen_paired_same_contract_soc_information,68554.1138225857,66167.82516257618,2386.2886600095276,102127.98745849544,93499.20001801924,8628.787440476191,2564.5494414402374,451.46060952381026,18,11,9295.30611320986,6.098654761904868,22317.16850832,18076.907074939183,10800.0,10799.999352000017,1344.087409343043,10800.0,1.0683042000018759,2.2737367544323206e-13,0
2025-12-22,greedy,frozen_paired_same_contract_soc_information,65883.62631539132,65883.62631539132,0.0,101987.691350217,93321.3616264075,8666.329723809526,2561.2685493907134,0.0,0,0,8758.562305731915,0.0,22587.905058693537,18296.203097541762,10800.0,10800.0,1369.8595157407403,10800.0,0.00028369999199640006,2.2737367544323206e-13,0
2025-12-22,mpc,frozen_paired_same_contract_soc_information,69534.8159089544,65883.62631539132,3651.1895935630973,101987.691350217,93321.3616264075,8666.329723809526,2561.2685493907134,683.9359904761908,33,12,9518.318433468534,0.0,22210.218140480727,17994.336316589382,10800.0,10795.489308000007,1276.6984882673153,10800.0,1.4545837999903597,2.2737367544323206e-13,0
2025-12-23,greedy,frozen_paired_same_contract_soc_information,66135.4643179783,66135.4643179783,0.0,102215.35254619594,93547.12285333879,8668.229692857143,2562.475922783015,0.0,0,0,10826.044362139917,0.0,21743.240266961537,17612.024616238843,10800.0,10800.0,1567.6657989418006,10800.0,0.0002418000076431781,2.2737367544323206e-13,0
2025-12-23,mpc,frozen_paired_same_contract_soc_information,67071.22754347711,66135.4643179783,935.7632254988108,102215.35254619594,93547.12285333879,8668.229692857143,2562.475922783015,158.21528095238122,9,5,10901.838062454226,0.0,22282.750161885324,18069.112930524556,10800.0,10777.683000669504,1320.0569612329014,10800.0,2.1297466999967583,2.2737367544323206e-13,0
2025-12-24,greedy,frozen_paired_same_contract_soc_information,65677.79716937782,65677.79716937782,0.0,101745.68083943127,93167.88980609793,8577.791033333333,2620.838103392937,0.0,0,0,9597.468878659613,0.0,22598.1718110789,18304.519166973914,10800.0,10800.0,1442.2940740740753,10800.0,0.0007235000084619969,2.2737367544323206e-13,0
2025-12-24,mpc,frozen_paired_same_contract_soc_information,69321.58803952829,65677.79716937782,3643.790870150473,101745.68083943127,93167.88980609793,8577.791033333333,2620.838103392937,631.2663604409337,24,8,10294.84469823717,0.0,22324.70670340611,18097.163518437745,10800.0,10784.276568134674,1210.2601666666674,10800.0,1.844138100001146,2.2737367544323206e-13,0
2025-12-25,greedy,frozen_paired_same_contract_soc_information,65646.2906173867,65646.2906173867,0.0,101602.81153989212,93042.12663513022,8560.684904761905,2608.2452063715077,0.0,0,0,9633.145369900056,0.0,21880.09282451969,17722.875187860947,10800.0,10800.0,1426.7785664550242,10800.0,0.0002539999986765906,2.2737367544323206e-13,0
2025-12-25,mpc,frozen_paired_same_contract_soc_information,67769.90309761408,65646.2906173867,2123.6124802273803,101602.81153989212,93042.12663513022,8560.684904761905,2608.2452063715077,395.61567380952374,17,9,9971.15435102951,0.0,22345.887829104522,18131.06349976571,10800.0,10765.67293534328,1292.2377634126194,10800.0,1.565383799999836,2.2737367544323206e-13,0
2025-12-26,greedy,frozen_paired_same_contract_soc_information,30683.0942880343,30683.0942880343,0.0,55200.068421762364,46692.97177890522,8507.096642857143,2646.4441722607144,0.0,0,0,7082.145242592595,1661.0905126984117,18153.73806914752,14704.527836009487,10800.0,10800.0,2069.528568783071,10800.0,0.00047590000031050295,1.1368683772161603e-13,0
2025-12-26,mpc,frozen_paired_same_contract_soc_information,33679.23007106334,30683.0942880343,2996.135783029049,55200.068421762364,46692.97177890522,8507.096642857143,2646.4441722607144,579.8179967759843,21,9,6554.286620540033,2819.9673595238564,17946.351032469873,14548.341027328743,10800.0,10786.892565524287,1264.6616402116435,10800.0,1.482503799998085,1.1368683772161603e-13,0
2025-12-27,greedy,frozen_paired_same_contract_soc_information,30584.19693266657,30584.19693266657,0.0,55277.98578964761,46821.49286345713,8456.492926190476,2688.2824582819444,0.0,0,0,6755.170547971788,1739.5603166666667,18128.6624123289,14684.21655398641,10800.0,10800.0,1703.7429550264558,10800.0,0.00031370000215247273,1.1368683772161603e-13,0
2025-12-27,mpc,frozen_paired_same_contract_soc_information,33374.27902704767,30584.19693266657,2790.0820943810995,55277.98578964761,46821.49286345713,8456.492926190476,2688.2824582819444,517.764810648705,24,11,7109.7798053384795,1933.849065343052,18017.687108666774,14604.374445718659,10800.0,10788.835680334922,1250.975357142861,10800.0,1.5747257000039099,1.1368683772161603e-13,0
2025-12-28,greedy,frozen_paired_same_contract_soc_information,65893.72892845565,65893.72892845565,0.0,101821.2000958148,93393.70310295766,8427.496992857145,2689.9883571017854,0.0,0,0,10974.986144356259,0.0,21247.15369188706,17210.19449042852,10800.0,10800.0,1766.8696322751325,10800.0,0.0002562000008765608,2.2737367544323206e-13,0
2025-12-28,mpc,frozen_paired_same_contract_soc_information,68012.77008834732,65893.72892845565,2119.0411598916685,101821.2000958148,93393.70310295766,8427.496992857145,2689.9883571017854,391.079678571429,17,9,11054.622816864063,139.41186423804152,22208.16424561741,17999.173902333278,10800.0,10788.265707352024,1410.2600367192101,10800.0,2.0689361999975517,1.1368683772161603e-13,0
2025-12-29,greedy,frozen_paired_same_contract_soc_information,65928.22967850791,65928.22967850791,0.0,101959.75211036697,93557.43140798603,8402.320702380952,2707.757340646944,0.0,0,0,10392.675245149909,0.0,21280.582097633727,17237.27149908332,10800.0,10800.0,1628.8972380952366,10800.0,0.00024229999689850956,2.2737367544323206e-13,0
2025-12-29,mpc,frozen_paired_same_contract_soc_information,66754.6687374329,65928.22967850791,826.4390589250005,101959.75211036697,93557.43140798603,8402.320702380952,2707.757340646944,160.26856904761922,9,5,10343.865298434268,22.180628571428542,22411.287351492225,18181.078865749987,10800.0,10768.959876620798,1213.334658254036,10800.0,1.7947560000029625,2.2737367544323206e-13,0
2025-12-30,greedy,frozen_paired_same_contract_soc_information,65162.17887319735,65162.17887319735,0.0,100954.39327681965,92724.26802920061,8230.125247619048,2644.8561130139287,0.0,0,0,10562.409398912405,0.0,21934.638304775053,17767.057026867795,10800.0,10800.0,1578.871830687833,10800.0,0.0006615000020246953,2.2737367544323206e-13,0
2025-12-30,mpc,frozen_paired_same_contract_soc_information,67658.29980276164,65162.17887319735,2496.1209295642843,100954.39327681965,92724.26802920061,8230.125247619048,2644.8561130139287,459.0457547619046,17,8,10801.815776848081,172.38822857142873,22316.877374458425,18102.044948296367,10800.0,10771.806361127732,1437.0570774426565,10800.0,1.7032110000000102,1.1368683772161603e-13,0
2025-12-31,greedy,frozen_paired_same_contract_soc_information,64954.40580049608,64954.40580049608,0.0,100619.20416892017,92596.82033320588,8022.383835714285,2720.881589940992,0.0,0,0,7610.4607265726045,0.0,22959.581626390693,18597.261117376467,10800.0,10800.0,1549.411806878308,10800.0,0.00046179999480955303,2.2737367544323206e-13,0
2025-12-31,mpc,frozen_paired_same_contract_soc_information,69536.25810919254,64954.40580049608,4581.852308696446,100619.20416892017,92596.82033320588,8022.383835714285,2720.881589940992,918.948359523813,29,11,8774.161504637465,0.0,22069.83051261155,17952.262422138367,10800.0,10715.889214529985,1281.7758104690506,10800.0,1.9211422000080347,2.2737367544323206e-13,0
