date,method,comparison,cash_cost_yuan,contract_cost_yuan,emergency_cost_yuan,contract_kwh,base_contract_kwh,risk_reserve_kwh,expected_emergency_cost_yuan,emergency_kwh,emergency_slots,emergency_events,unused_contract_kwh,pv_curtailed_kwh,charge_kwh,discharge_kwh,soc_start_kwh,soc_end_kwh,soc_min_kwh,soc_max_kwh,runtime_seconds,max_balance_residual_kwh,simultaneous_flow_slots,sigma_factor,achieved_daily_sigma_ratio
2025-02-01,greedy,error_scaled_frozen_contract_and_soc,26709.12435609976,26709.12435609976,0.0,49023.022603149024,43233.888007593465,5789.134595555555,6312.826350179821,0.0,0,0,5429.122413608657,3294.6341552175218,18238.77568816537,14773.408307413953,10800.0,10800.0,2136.3403430335075,10800.0,0.0005884999991394,2.273736754432321e-13,0,0.5,0.5
2025-02-01,mpc,error_scaled_frozen_contract_and_soc,27227.044215992617,26709.12435609976,517.919859892857,49023.022603149024,43233.888007593465,5789.134595555555,6312.826350179821,81.20556666666666,7,4,5630.629973543972,3027.2039128424485,19013.137963462268,15400.642333604428,10800.0,10799.999352000015,1833.9330135569408,10800.0,0.995517999996082,1.1368683772161605e-13,0,0.5,0.5
2025-02-02,greedy,error_scaled_frozen_contract_and_soc,60814.31655276092,60814.31655276092,0.0,95447.25993643588,89758.78041945177,5688.479516984126,6331.734526354028,0.0,0,0,9641.768366136586,0.0,21510.99161059784,17423.903204584254,10800.0,10800.0,1791.7670388007075,10800.0,0.0003232000017305,1.1368683772161605e-13,0,0.5,0.5000000000000001
2025-02-02,mpc,error_scaled_frozen_contract_and_soc,60937.79430734782,60814.31655276092,123.47775458690376,95447.25993643588,89758.78041945177,5688.479516984126,6331.734526354028,21.756042857142692,3,2,9378.642201539267,61.31133095238158,22687.683503766588,18377.02422125092,10800.0,10799.999352000015,1507.3586305714334,10800.0,0.9488034000096376,1.1368683772161605e-13,0,0.5,0.5000000000000001
2025-02-03,greedy,error_scaled_frozen_contract_and_soc,59761.37374098951,59761.37374098951,0.0,94059.0925764356,88351.30972611814,5707.78285031746,6325.635568520695,0.0,0,0,7977.645497926698,0.0,21773.10900343029,17636.218292778536,10800.0,10800.0,1753.3478417107567,10800.0,0.0007578999939141,1.4921397450962106e-13,0,0.5,0.4999999999999999
2025-02-03,mpc,error_scaled_frozen_contract_and_soc,60034.544736682365,59761.37374098951,273.1709956928579,94059.0925764356,88351.30972611814,5707.78285031746,6325.635568520695,49.79740595238105,6,3,7778.6373056104,83.29401309523786,22644.22567907993,18341.823383254727,10800.0,10799.999352000015,1507.3586305714325,10800.0,1.0456376999936765,2.273736754432321e-13,0,0.5,0.4999999999999999
2025-02-04,greedy,error_scaled_frozen_contract_and_soc,60256.86003817031,60256.86003817031,0.0,94763.34714999804,89031.03173301392,5732.3154169841255,6307.104330743882,0.0,0,0,7772.670238314709,0.0,22091.44722314542,17894.07225074779,10800.0,10800.0,1868.9890718694885,10800.0,0.0002436999930068,1.2789769243681806e-13,0,0.5,0.5
2025-02-04,mpc,error_scaled_frozen_contract_and_soc,61065.309545413766,60256.86003817031,808.4495072434561,94763.34714999804,89031.03173301392,5732.3154169841255,6307.104330743882,160.59045714285793,15,6,7910.169226379769,0.0,22388.53204460417,18168.06560312874,10800.0,10762.939281111818,1430.6275893919817,10800.0,1.025771700005862,2.273736754432321e-13,0,0.5,0.5
2025-02-05,greedy,error_scaled_frozen_contract_and_soc,58582.167117194185,58582.167117194185,0.0,92567.5088404276,87805.56615709428,4761.942683333333,4566.75086750565,0.0,0,0,6328.921787066427,0.0,22452.72036230198,18186.7034934646,10800.0,10800.0,1688.6315133333324,10800.0,0.0002646000066306,2.273736754432321e-13,0,0.5,0.5000000000000001
2025-02-05,mpc,error_scaled_frozen_contract_and_soc,59661.08090567216,58582.167117194185,1078.9137884779757,92567.5088404276,87805.56615709428,4761.942683333333,4566.75086750565,200.58649880952373,21,9,6481.47637519395,19.47740000000033,22616.483897983984,18321.912518464604,10800.0,10797.154932113795,1541.3565484285743,10800.0,1.040839799999958,2.273736754432321e-13,0,0.5,0.5000000000000001
2025-02-06,greedy,error_scaled_frozen_contract_and_soc,58974.03607680656,58974.03607680656,0.0,92802.98276806748,88839.82339822622,3963.159369841271,3251.412147611388,0.0,0,0,6324.162438815409,0.0,22380.55204618892,18128.247157413025,10800.0,10800.0,1720.6977341269862,10800.0,0.0002632999967318,2.273736754432321e-13,0,0.5,0.4999999999999999
2025-02-06,mpc,error_scaled_frozen_contract_and_soc,59358.78738442739,58974.03607680656,384.7513076208365,92802.98276806748,88839.82339822622,3963.159369841271,3251.412147611388,71.69672380952437,10,7,6054.298497366241,191.86469404761945,23168.42864835237,18766.427788365407,10800.0,10799.999352000015,1497.4701566356655,10800.0,1.0881171000073664,1.1368683772161605e-13,0,0.5,0.4999999999999999
2025-02-07,greedy,error_scaled_frozen_contract_and_soc,24137.83848105902,24137.83848105902,0.0,45454.33012959417,42149.74573197513,3304.584397619048,1942.5968872038493,0.0,0,0,3635.073509856251,3140.7650187445724,19287.916233298343,15623.21214897166,10800.0,10800.0,1628.8009470899456,10800.0,0.0003331000043544,2.273736754432321e-13,0,0.5,0.4999999999999999
2025-02-07,mpc,error_scaled_frozen_contract_and_soc,25121.2116915989,24137.83848105902,983.373210539879,45454.33012959417,42149.74573197513,3304.584397619048,1942.5968872038493,163.89076071428542,15,5,4420.26075956788,2446.4515206319866,19672.21935074692,15934.498257304997,10800.0,10799.999352000015,1638.8583518373746,10800.0,1.0447206999961054,2.273736754432321e-13,0,0.5,0.4999999999999999
2025-02-08,greedy,error_scaled_frozen_contract_and_soc,22024.09795129196,22024.09795129196,0.0,41292.83964174117,38070.79812507451,3222.041516666666,1927.9955428724609,0.0,0,0,2215.7709476484424,2502.597293198991,19736.6576174859,15986.692670163584,10800.0,10800.0,1698.2620460714306,10800.0,0.0003121000045211,1.1368683772161605e-13,0,0.5,0.5
2025-02-08,mpc,error_scaled_frozen_contract_and_soc,23260.464966233623,22024.09795129196,1236.3670149416666,41292.83964174117,38070.79812507451,3222.041516666666,1927.9955428724609,216.05112142857143,22,8,2381.512810963251,2531.920488309212,19942.75727394182,16171.806263615965,10800.0,10779.807920307674,1390.7116383888858,10800.0,0.9395416000043042,2.273736754432321e-13,0,0.5,0.5
2025-02-09,greedy,error_scaled_frozen_contract_and_soc,54660.206416058216,54660.206416058216,0.0,86989.37612125189,83759.9018950614,3229.4742261904767,1884.7776228023413,0.0,0,0,3224.6592207965978,0.0,23215.189244250912,18804.30328784325,10800.0,10800.0,1594.6221693121724,10800.0,0.0003854999959003,2.273736754432321e-13,0,0.5,0.5
2025-02-09,mpc,error_scaled_frozen_contract_and_soc,56075.25308450464,54660.206416058216,1415.046668446424,86989.37612125189,83759.9018950614,3229.4742261904767,1884.7776228023413,288.8530511904753,23,9,3475.4605038273503,60.0886226190475,23135.8405493154,18746.991447367054,10800.0,10792.265997309352,1405.5282317571618,10800.0,1.011598099998082,2.273736754432321e-13,0,0.5,0.5
2025-02-10,greedy,error_scaled_frozen_contract_and_soc,55464.29518743896,55464.29518743896,0.0,88081.68848907827,84862.71942717349,3218.969061904762,1904.2355526711904,0.0,0,0,6557.796291843031,123.97905371840206,21655.946588685096,17541.31673683493,10800.0,10800.0,1536.3942063492063,10800.0,0.0004107999993721,2.273736754432321e-13,0,0.5,0.5000000000000001
2025-02-10,mpc,error_scaled_frozen_contract_and_soc,55873.696674986575,55464.29518743896,409.40148754761833,88081.68848907827,84862.71942717349,3218.969061904762,1904.2355526711904,68.64697857142849,7,5,5715.364986562253,746.2281047619042,23204.621838160467,18801.162753501598,10800.0,10793.978817120427,1470.796755941998,10800.0,0.987729100001161,2.273736754432321e-13,0,0.5,0.5000000000000001
2025-02-11,greedy,error_scaled_frozen_contract_and_soc,54034.25592924765,54034.25592924765,0.0,86206.0136975367,83063.51654991765,3142.4971476190467,1917.0786876211912,0.0,0,0,5071.536279453263,24.766772251615343,22266.177290092357,18035.603604974807,10800.0,10800.0,1463.977278399473,10800.0,0.000408799998695,2.273736754432321e-13,0,0.5,0.5
2025-02-11,mpc,error_scaled_frozen_contract_and_soc,54923.48594672087,54034.25592924765,889.2300174732138,86206.0136975367,83063.51654991765,3142.4971476190467,1917.0786876211912,138.6170392857143,17,7,4960.310126856441,173.32384187957007,22799.26521353741,18467.40540616529,10800.0,10799.999352000015,1502.9501254111128,10800.0,1.110898300001281,2.273736754432321e-13,0,0.5,0.5
2025-02-12,greedy,error_scaled_frozen_contract_and_soc,53691.68372683104,53691.68372683104,0.0,85684.89044096171,82621.07465048552,3063.815790476189,1921.1290865783344,0.0,0,0,4648.500713580246,160.87843333333353,22019.85645363681,17836.083727445817,10800.0,10800.0,1554.432493055553,10800.0,0.000320199993439,2.273736754432321e-13,0,0.5,0.5
2025-02-12,mpc,error_scaled_frozen_contract_and_soc,54443.362380335806,53691.68372683104,751.6786535047643,85684.89044096171,82621.07465048552,3063.815790476189,1921.1290865783344,138.02853452380987,14,7,4607.456449122712,217.20547142857183,22673.687727618155,18367.169240541058,10800.0,10798.35313203294,1419.6626431264654,10800.0,1.0603229999978794,2.273736754432321e-13,0,0.5,0.5
2025-02-13,greedy,error_scaled_frozen_contract_and_soc,53405.28797412094,53405.28797412094,0.0,85149.40167694942,82122.20548885418,3027.1961880952376,1902.33345955,0.0,0,0,6474.720487889474,256.13442619047623,20587.60375194458,16675.95903907511,10800.0,10800.0,1516.3934472751328,10800.0,0.000469200007501,2.273736754432321e-13,0,0.5,0.5000000000000001
2025-02-13,mpc,error_scaled_frozen_contract_and_soc,54159.88060640071,53405.28797412094,754.5926322797636,85149.40167694942,82122.20548885418,3027.1961880952376,1902.33345955,117.6084833333336,11,6,5615.363399560965,907.72071764654,22300.129348817023,18063.10535574178,10800.0,10799.999352000015,1517.2569703294598,10800.0,0.9595135000126902,2.273736754432321e-13,0,0.5,0.5000000000000001
2025-02-14,greedy,error_scaled_frozen_contract_and_soc,21094.6732169097,21094.6732169097,0.0,39440.31731157455,36480.13164252693,2960.185669047619,1904.574072742143,0.0,0,0,1831.762130437977,3626.2198404065616,20276.115057726885,16423.653196758783,10800.0,10800.0,1646.8952751322731,10800.0,0.0009205999958794,2.273736754432321e-13,0,0.5,0.5
2025-02-14,mpc,error_scaled_frozen_contract_and_soc,22009.79981410672,21094.6732169097,915.1265971970248,39440.31731157455,36480.13164252693,2960.185669047619,1904.574072742143,195.00564285714304,23,10,2114.7698197279333,3524.90321260689,20346.194871236603,16480.41842890164,10800.0,10799.999352000015,1404.6573447551573,10800.0,1.0836361999972723,1.1368683772161605e-13,0,0.5,0.5
2025-02-15,greedy,error_scaled_frozen_contract_and_soc,20797.044105836343,20797.044105836343,0.0,39009.20172192592,36116.33101002115,2892.8707119047613,1924.7724883647224,0.0,0,0,1529.4605118018835,4082.354985872674,20322.457978515915,16461.190962597895,10800.0,10800.0,1606.8357936507973,10800.0,0.0004984000115655,1.1368683772161605e-13,0,0.5,0.5000000000000001
2025-02-15,mpc,error_scaled_frozen_contract_and_soc,22030.41693701789,20797.044105836343,1233.372831181549,39009.20172192592,36116.33101002115,2892.8707119047613,1924.7724883647224,255.74877738095276,24,11,1950.8098988283205,3918.526620842675,20412.86666723376,16553.37189593123,10800.0,10778.944560586811,1410.177716318016,10800.0,1.1279630999924848,1.1368683772161605e-13,0,0.5,0.5000000000000001
2025-02-16,greedy,error_scaled_frozen_contract_and_soc,51448.755795033736,51448.755795033736,0.0,82588.53140361824,79633.27096076109,2955.2604428571426,1862.7539320865872,0.0,0,0,2995.162821869497,34.922182142856855,22416.76266083305,18157.57775527478,10800.0,10800.0,1497.4877235449746,10800.0,0.0003474999975878,2.273736754432321e-13,0,0.5,0.5000000000000001
2025-02-16,mpc,error_scaled_frozen_contract_and_soc,53950.11624370338,51448.755795033736,2501.3604486696445,82588.53140361824,79633.27096076109,2955.2604428571426,1862.7539320865872,495.62613690476246,35,12,3418.5190915167395,140.92448809523785,22239.226579281047,18013.774112417632,10800.0,10799.999352000015,1452.6709553705846,10800.0,1.074372899995069,2.273736754432321e-13,0,0.5,0.5000000000000001
2025-02-17,greedy,error_scaled_frozen_contract_and_soc,50939.23850743064,50939.23850743064,0.0,82044.32370015288,79007.76059062907,3036.563109523809,1867.1100018572224,0.0,0,0,4782.221363888889,351.8268023809526,21168.530836226542,17146.509977343507,10800.0,10800.0,1465.7829470899485,10800.0,0.0003219000063836,2.273736754432321e-13,0,0.5,0.5000000000000001
2025-02-17,mpc,error_scaled_frozen_contract_and_soc,51663.99545869732,50939.23850743064,724.7569512666707,82044.32370015288,79007.76059062907,3036.563109523809,1867.1100018572224,116.65482023809604,12,6,4582.647991383816,485.4284274088992,22178.50808251319,17973.86065591493,10800.0,10789.700989911951,1457.9117005253072,10800.0,1.0112700999889055,2.273736754432321e-13,0,0.5,0.5000000000000001
2025-02-18,greedy,error_scaled_frozen_contract_and_soc,50772.92245780215,50772.92245780215,0.0,81618.85518557957,78620.893414151,2997.961771428571,1865.5898369858733,0.0,0,0,4184.603140270435,187.4102035714284,21634.25226854436,17523.744337520937,10800.0,10800.0,1519.8333201058194,10800.0,0.0003895999980159,2.273736754432321e-13,0,0.5,0.5000000000000001
2025-02-18,mpc,error_scaled_frozen_contract_and_soc,51587.272798146805,50772.92245780215,814.350340344646,81618.85518557957,78620.893414151,2997.961771428571,1865.5898369858733,163.52114404761954,16,10,4033.4265696145394,368.8403857142857,22339.150098724065,18095.374635139982,10800.0,10799.26327202946,1310.484513943449,10800.0,1.0447522000031313,2.273736754432321e-13,0,0.5,0.5000000000000001
2025-02-19,greedy,error_scaled_frozen_contract_and_soc,50352.45708968988,50289.99903291905,62.458056770832606,81004.34179618696,78103.91902475839,2900.4227714285707,1846.0541753888897,14.261458333333168,1,1,3311.9969222516283,135.71482857142837,22605.04857209078,18310.089343393534,10800.0,10800.0,1468.0079669312204,10800.0,0.0006409000052371,2.273736754432321e-13,0,0.5,0.5
2025-02-19,mpc,error_scaled_frozen_contract_and_soc,52013.82644849761,50289.99903291905,1723.8274155785637,81004.34179618696,78103.91902475839,2900.4227714285707,1846.0541753888897,358.1908142857131,34,16,3854.760970402256,20.40330476190485,22300.443767987774,18089.00770767925,10800.0,10771.501938212048,1374.790028061425,10800.0,1.0867654000030598,2.273736754432321e-13,0,0.5,0.5
2025-02-20,greedy,error_scaled_frozen_contract_and_soc,49891.11587055713,49846.34081753332,44.77505302380884,80516.42670686444,77613.79361162634,2902.6330952380945,1863.1133610731356,9.559148809523665,1,1,4004.215967019404,280.136992857143,21800.187365099257,17658.1517657304,10800.0,10800.0,1537.6961507936549,10800.0,0.0003133999998681,2.273736754432321e-13,0,0.5,0.5
2025-02-20,mpc,error_scaled_frozen_contract_and_soc,51088.98124869523,49846.34081753332,1242.6404311619062,80516.42670686444,77613.79361162634,2902.6330952380945,1863.1133610731356,233.9649511904763,17,7,4161.401640799386,281.34187023809613,22241.37978298594,18033.328932397068,10800.0,10780.2096575795,1357.2473135383082,10800.0,1.1073247999884188,2.273736754432321e-13,0,0.5,0.5
2025-02-21,greedy,error_scaled_frozen_contract_and_soc,20398.434460128665,20398.434460128665,0.0,38423.37102845556,35508.4884213127,2914.8826071428552,1864.9237810269456,0.0,0,0,1946.8705337448596,5987.985223137377,20176.613728832053,16343.057120353966,10800.0,10800.0,1713.389203703705,10800.0,0.0004159999953117,1.4210854715202006e-13,0,0.5,0.5
2025-02-21,mpc,error_scaled_frozen_contract_and_soc,21064.017588595925,20398.434460128665,665.5831284672614,38423.37102845556,35508.4884213127,2914.8826071428552,1864.9237810269456,137.53040119047608,18,12,2567.970249570386,5457.744686982614,20422.254806304143,16542.026976306344,10800.0,10799.999352000015,1597.363379473391,10800.0,0.9737983000086388,1.1368683772161605e-13,0,0.5,0.5
2025-02-22,greedy,error_scaled_frozen_contract_and_soc,20274.400499791944,20274.400499791944,0.0,38231.72919683688,35397.3410206464,2834.388176190474,1855.2141051533745,0.0,0,0,1699.511989197535,5070.436128208379,20376.508137355988,16504.971591258356,10800.0,10800.0,1612.8638637566155,10800.0,0.000349100009771,1.1368683772161605e-13,0,0.5,0.4999999999999999
2025-02-22,mpc,error_scaled_frozen_contract_and_soc,21104.268702871108,20274.400499791944,829.8682030791657,38231.72919683688,35397.3410206464,2834.388176190474,1855.2141051533745,169.97844761904733,17,11,1782.091297172386,5140.581335430457,20487.187181682868,16598.39670316312,10800.0,10795.805460000012,1273.8881726767315,10800.0,0.9275937000056728,1.1368683772161605e-13,0,0.5,0.4999999999999999
2025-02-23,greedy,error_scaled_frozen_contract_and_soc,49268.66657033868,49268.66657033868,0.0,79578.30291501309,76804.67333882261,2773.629576190474,1800.7257041490884,0.0,0,0,3109.5777526014062,295.1199773809524,22129.11899389612,17924.58638505586,10800.0,10800.0,1458.110279100531,10800.0,0.0009253000025637,2.273736754432321e-13,0,0.5,0.5000000000000001
2025-02-23,mpc,error_scaled_frozen_contract_and_soc,51059.854916376775,49268.66657033868,1791.1883460380975,79578.30291501309,76804.67333882261,2773.629576190474,1800.7257041490884,363.9433738095246,25,13,3579.609059079543,190.86778214285755,22154.895974322742,17952.199102913,10800.0,10792.518484764909,1408.787466414468,10800.0,1.0806381000002148,2.273736754432321e-13,0,0.5,0.5000000000000001
2025-02-24,greedy,error_scaled_frozen_contract_and_soc,48593.86348215501,48577.8021688312,16.06131332380933,78725.77541968366,75940.710403017,2785.0650166666646,1817.4638609470644,3.428973809523768,1,1,4107.0986572114425,666.9281275622188,21441.40272759651,17367.536209353173,10800.0,10800.0,1542.1445639021192,10800.0,0.000337399993441,2.273736754432321e-13,0,0.5,0.5000000000000001
2025-02-24,mpc,error_scaled_frozen_contract_and_soc,49217.57803398893,48577.8021688312,639.7758651577365,78725.77541968366,75940.710403017,2785.0650166666646,1817.4638609470644,130.62317380952342,15,10,4383.428527493139,399.5815007662196,22068.317599587,17876.24012482936,10800.0,10798.99681204012,1348.29921806318,10800.0,1.0717423999885796,2.273736754432321e-13,0,0.5,0.5000000000000001
2025-02-25,greedy,error_scaled_frozen_contract_and_soc,48660.136855385776,48633.218701799466,26.918153586309558,78732.17571264275,75955.0576602618,2777.1180523809503,1818.4403196290884,6.1463988095238165,1,1,5403.816950264552,666.0143285714289,20957.009563895277,16975.177746755176,10800.0,10800.0,1467.7317989418018,10800.0,0.0003175999881932,2.273736754432321e-13,0,0.5,0.5000000000000001
2025-02-25,mpc,error_scaled_frozen_contract_and_soc,49219.65872182209,48633.218701799466,586.440020022618,78732.17571264275,75955.0576602618,2777.1180523809503,1818.4403196290884,115.28380476190466,14,9,4895.93895777326,1052.1556281005282,22216.00693661937,18003.3010205647,10800.0,10790.73844232999,1393.5741540958616,10800.0,0.985572699995828,1.1368683772161605e-13,0,0.5,0.5000000000000001
2025-02-26,greedy,error_scaled_frozen_contract_and_soc,48320.751366810895,48320.751366810895,0.0,78251.07572058529,75573.34449915672,2677.7312214285694,1759.098042649406,0.0,0,0,3625.023784905934,536.2542571428571,21418.320939665813,17348.839961129306,10800.0,10800.0,1526.645974867725,10800.0,0.000744000004488,1.1368683772161605e-13,0,0.5,0.5000000000000001
2025-02-26,mpc,error_scaled_frozen_contract_and_soc,49410.39370079899,48320.751366810895,1089.6423339880944,78251.07572058529,75573.34449915672,2677.7312214285694,1759.098042649406,239.9849178571425,23,13,3725.0409803500106,559.4254407522589,22033.042634421858,17846.76511708169,10800.0,10799.999352000015,1273.5611973428736,10800.0,0.9819646999967516,2.273736754432321e-13,0,0.5,0.5000000000000001
2025-02-27,greedy,error_scaled_frozen_contract_and_soc,47454.04992430429,47454.04992430429,0.0,77054.50654860833,74339.57917241787,2714.927376190474,1761.503335467898,0.0,0,0,3749.1918004310455,576.1891805801206,22376.071395874904,18124.617830658677,10800.0,10800.0,1459.362077288357,10800.0,0.0003865999897243,1.1368683772161605e-13,0,0.5,0.5
2025-02-27,mpc,error_scaled_frozen_contract_and_soc,49588.63199464239,47454.04992430429,2134.5820703380978,77054.50654860833,74339.57917241787,2714.927376190474,1761.503335467898,418.231766666667,31,11,4549.201044043212,271.6976580261346,21969.30628434053,17795.138673515816,10800.0,10799.999352000015,1215.1789191428595,10800.0,1.0772112999984529,2.273736754432321e-13,0,0.5,0.5
2025-02-28,greedy,error_scaled_frozen_contract_and_soc,19499.720682921725,19499.720682921725,0.0,37079.88260914052,34545.335332950046,2534.547276190476,1777.65642476254,0.0,0,0,1844.9386657407415,7582.204953068844,20583.62361452375,16672.735127764234,10800.0,10800.0,1631.0360920476735,10800.0,0.0004609999887179,1.1368683772161605e-13,0,0.5,0.5
2025-02-28,mpc,error_scaled_frozen_contract_and_soc,20677.32368866934,19499.720682921725,1177.6030057476191,37079.88260914052,34545.335332950046,2534.547276190476,1777.65642476254,239.92830595238095,25,12,2106.106696989209,7565.155928348945,20584.43154847137,16677.733762288044,10800.0,10795.173102193068,1404.3139183962635,10800.0,1.018310700004804,1.1368683772161605e-13,0,0.5,0.5
2025-03-01,greedy,error_scaled_frozen_contract_and_soc,19624.957136064448,19624.957136064448,0.0,37140.77063386668,34511.740321961915,2629.0303119047603,1796.7883238423417,0.0,0,0,1936.1389455026451,7661.935874247517,20051.77459810697,16241.93742446665,10800.0,10800.0,1634.0682288359822,10800.0,0.0002435000060359,2.273736754432321e-13,0,0.5,0.5
2025-03-01,mpc,error_scaled_frozen_contract_and_soc,20683.554768010283,19624.957136064448,1058.597631945831,37140.77063386668,34511.740321961915,2629.0303119047603,1796.7883238423417,196.26178095238052,20,11,2837.974075970721,6895.8175971869705,20395.395294699443,16525.01319351427,10800.0,10794.729994658095,1585.365893671555,10800.0,1.0783417000056943,1.1368683772161605e-13,0,0.5,0.5
2025-03-02,greedy,error_scaled_frozen_contract_and_soc,49017.89510065557,46920.11469374968,2097.780406905892,76234.14867653407,73495.56820748645,2738.580469047618,1927.777209385,300.7139344761887,1,1,1569.809328203998,0.0,22136.301212764836,17930.403982339514,10800.0,10800.0,1200.0,10800.0,0.0004229000041959,2.273736754432321e-13,0,0.5,0.5
2025-03-02,mpc,error_scaled_frozen_contract_and_soc,55404.6832800377,46920.11469374968,8484.568586288016,76234.14867653407,73495.56820748645,2738.580469047618,1927.777209385,1580.5097933190518,24,9,2833.07166363529,218.81359047619063,21078.73491780973,17075.117754449035,10800.0,10798.508365529831,1200.0,10800.0,1.1611715000035474,2.273736754432321e-13,0,0.5,0.5
2025-03-03,greedy,error_scaled_frozen_contract_and_soc,47113.77007872723,47113.77007872723,0.0,76475.18605969145,73622.35192159622,2852.834138095237,2264.7249412688893,0.0,0,0,1399.4311971928153,0.0,23422.70519736121,18972.39120986258,10800.0,10800.0,1200.4043108140631,10800.0,0.0003495999990263,2.273736754432321e-13,0,0.5,0.5
2025-03-03,mpc,error_scaled_frozen_contract_and_soc,52754.36394340243,47113.77007872723,5640.593864675196,76475.18605969145,73622.35192159622,2852.834138095237,2264.7249412688893,1188.3724584232896,43,10,2754.6162445229406,75.32228129115187,22166.01428302565,17957.835165725002,10800.0,10796.262670584194,1200.0,10800.0,1.0506978000048548,2.273736754432321e-13,0,0.5,0.5
2025-03-04,greedy,error_scaled_frozen_contract_and_soc,48276.798208656175,48276.798208656175,0.0,78173.20222594962,75015.76107356866,3157.441152380952,2385.855395089564,0.0,0,0,3795.593921531453,311.2038535714287,21865.61829393024,17711.150818083494,10800.0,10800.0,1447.7520555555536,10800.0,0.0007359000010183,1.5631940186722204e-13,0,0.5,0.4999999999999999
2025-03-04,mpc,error_scaled_frozen_contract_and_soc,49298.86236265201,48276.798208656175,1022.064153995834,78173.20222594962,75015.76107356866,3157.441152380952,2385.855395089564,199.7989535714288,21,9,4113.825051421787,178.31413848404625,21977.814157698715,17808.889143083496,10800.0,10792.37813850274,1336.1476437718334,10800.0,1.4015994000073988,2.273736754432321e-13,0,0.5,0.4999999999999999
2025-03-05,greedy,error_scaled_frozen_contract_and_soc,48897.71405832976,48897.71405832976,0.0,79217.65849465926,75934.97512799258,3282.683366666666,2372.103371361429,0.0,0,0,5995.603827792477,426.96468095238106,20955.936968471808,16974.308944462166,10800.0,10800.0,1412.8834801587304,10800.0,0.0003207999980077,1.1368683772161605e-13,0,0.5,0.5
2025-03-05,mpc,error_scaled_frozen_contract_and_soc,49588.14458624701,48897.71405832976,690.4305279172626,79217.65849465926,75934.97512799258,3282.683366666666,2372.103371361429,113.6832928571431,13,4,5595.372198129699,717.2673619047621,22166.315260039344,17961.074994462164,10800.0,10792.933740188562,1280.3615884285732,10800.0,1.0342687999946063,2.273736754432321e-13,0,0.5,0.5
2025-03-06,greedy,error_scaled_frozen_contract_and_soc,48854.78443354212,48854.78443354212,0.0,78787.31655092031,75510.86135092031,3276.455200000001,2389.813850503928,0.0,0,0,5793.262366872415,564.7262928571431,20630.319627821,16710.558898535004,10800.0,10800.0,1496.231687830688,10800.0,0.0002244999923277,1.1368683772161605e-13,0,0.5,0.5000000000000002
2025-03-06,mpc,error_scaled_frozen_contract_and_soc,49112.19702171653,48854.78443354212,257.41258817440496,78787.31655092031,75510.86135092031,3276.455200000001,2389.813850503928,49.55378809523825,14,8,5309.839121762536,832.6227165567602,22065.34600280269,17880.50466401119,10800.0,10791.583998065544,1335.6378289391102,10800.0,0.9347922000015388,2.273736754432321e-13,0,0.5,0.5000000000000002
2025-03-07,greedy,error_scaled_frozen_contract_and_soc,19642.044419595404,19642.044419595404,0.0,37094.17135814011,33894.18901052106,3199.982347619048,2425.4361534640075,0.0,0,0,2374.515315843619,7462.719680331711,19617.464499062764,15890.14624424084,10800.0,10800.0,1760.1934725793633,10800.0,0.0002343999949516,1.1368683772161605e-13,0,0.5,0.5
2025-03-07,mpc,error_scaled_frozen_contract_and_soc,20107.10933414362,19642.044419595404,465.0649145482132,37094.17135814011,33894.18901052106,3199.982347619048,2425.4361534640075,79.22944999999984,13,8,2937.056867821146,6852.780986152193,20359.993491264755,16506.048644240836,10800.0,10783.940092981791,1409.4731663859905,10800.0,1.013093999994453,1.1368683772161605e-13,0,0.5,0.5
2025-03-08,greedy,error_scaled_frozen_contract_and_soc,19002.47517889016,19002.47517889016,0.0,35504.28534143722,32264.434281913414,3239.851059523809,2403.8390908517067,0.0,0,0,2256.4011602439705,8217.283427788469,20556.38168458661,16650.669164515148,10800.0,10800.0,1530.834773938192,10800.0,0.0003429999924264,1.1368683772161605e-13,0,0.5,0.4999999999999999
2025-03-08,mpc,error_scaled_frozen_contract_and_soc,19864.75751598302,19002.47517889016,862.2823370928579,35504.28534143722,32264.434281913414,3239.851059523809,2403.8390908517067,217.7752130952385,26,14,3162.530445625259,7538.748702573013,20558.14347918268,16662.250306181817,10800.0,10788.717679951284,1511.772289784754,10800.0,1.008580299996538,2.273736754432321e-13,0,0.5,0.4999999999999999
2025-03-09,greedy,error_scaled_frozen_contract_and_soc,46665.54281790521,46665.54281790521,0.0,75738.740285398,72457.99356158849,3280.7467238095232,2405.35204105127,0.0,0,0,5287.925484920635,722.2697239711895,21030.404657050123,17034.627772210602,10800.0,10800.0,1435.520493386245,10800.0,0.0009966999932657,2.273736754432321e-13,0,0.5,0.5
2025-03-09,mpc,error_scaled_frozen_contract_and_soc,47238.69736664449,46665.54281790521,573.1545487392862,75738.740285398,72457.99356158849,3280.7467238095232,2405.35204105127,100.28099047619057,15,8,5221.405893013105,749.2958134179675,21774.25269165373,17638.70131387727,10800.0,10798.270407069174,1385.21853327475,10800.0,1.107194399999571,2.273736754432321e-13,0,0.5,0.5
2025-03-10,greedy,error_scaled_frozen_contract_and_soc,45813.29819206789,45813.29819206789,0.0,74516.36477060814,71236.79984441766,3279.564926190475,2421.796012434247,0.0,0,0,2769.273219301994,176.91149901075795,21403.380851680013,17336.738489860807,10800.0,10800.0,1406.1695039682545,10800.0,0.0003702999965753,2.273736754432321e-13,0,0.5,0.5
2025-03-10,mpc,error_scaled_frozen_contract_and_soc,47878.08434422077,45813.29819206789,2064.786152152875,74516.36477060814,71236.79984441766,3279.564926190475,2421.796012434247,404.4163187860768,27,12,2937.990680262047,397.90535833333365,21480.77813854024,17399.43077821759,10800.0,10799.999460000012,1203.11851851852,10800.0,1.0504362999927253,2.273736754432321e-13,0,0.5,0.5
2025-03-11,greedy,error_scaled_frozen_contract_and_soc,45368.4864151827,45368.4864151827,0.0,74243.9328505922,70798.90999344934,3445.022857142856,2424.7568121123413,0.0,0,0,4399.396570168934,689.6366309523816,20503.22339947089,16607.610953571428,10800.0,10800.0,1501.5085013227522,10800.0,0.0011360999924363,1.1368683772161605e-13,0,0.5,0.5
2025-03-11,mpc,error_scaled_frozen_contract_and_soc,46070.70404094936,45368.4864151827,702.2176257666639,74243.9328505922,70798.90999344934,3445.022857142856,2424.7568121123413,144.18076785714217,18,8,4304.583606423041,783.5450092569862,21312.14039265028,17271.442593452382,10800.0,10790.434582882606,1232.9580074286305,10800.0,1.1137493999995058,2.273736754432321e-13,0,0.5,0.5
2025-03-12,greedy,error_scaled_frozen_contract_and_soc,44943.743315961896,44943.743315961896,0.0,73437.69149560858,70049.07811465621,3388.6133809523817,2436.8582610315066,0.0,0,0,4529.321950881835,859.7576607142857,20546.75544843654,16642.871913233597,10800.0,10800.0,1465.570722222223,10800.0,0.001051200000802,2.273736754432321e-13,0,0.5,0.4999999999999999
2025-03-12,mpc,error_scaled_frozen_contract_and_soc,45531.71403595475,44943.743315961896,587.9707199928564,73437.69149560858,70049.07811465621,3388.6133809523817,2436.8582610315066,131.85966666666644,19,12,4478.1861971716335,936.3200612872108,21164.25770990715,17153.94115490026,10800.0,10787.897322360588,1309.5907563736987,10800.0,1.083306000000448,2.273736754432321e-13,0,0.5,0.4999999999999999
2025-03-13,greedy,error_scaled_frozen_contract_and_soc,44377.20810768066,44377.20810768066,0.0,72618.07584923373,69139.9133706623,3478.162478571429,2395.729100998531,0.0,0,0,2329.0745949421425,0.0,21346.573180482068,17290.724276190474,10800.0,10800.0,1372.1278594179869,10800.0,0.0003833999944617,2.273736754432321e-13,0,0.5,0.4999999999999999
2025-03-13,mpc,error_scaled_frozen_contract_and_soc,46951.055394088056,44377.20810768066,2573.8472864073974,72618.07584923373,69139.9133706623,3478.162478571429,2395.729100998531,472.5241600020789,24,11,2579.5891155289914,238.9188464285712,21311.534897990456,17272.595200712207,10800.0,10788.608962955632,1200.0,10800.0,1.0484411000070395,2.273736754432321e-13,0,0.5,0.4999999999999999
2025-03-14,greedy,error_scaled_frozen_contract_and_soc,18523.564994223638,18523.564994223638,0.0,34758.3279465864,31037.407334681637,3720.920611904761,2578.619448208452,0.0,0,0,2537.199151205177,10765.17004449232,20542.86021144536,16639.716771270745,10800.0,10800.0,1682.64261254309,10800.0,0.0005787999980384,2.273736754432321e-13,0,0.5,0.4999999999999999
2025-03-14,mpc,error_scaled_frozen_contract_and_soc,19839.31606911709,18523.564994223638,1315.7510748934535,34758.3279465864,31037.407334681637,3720.920611904761,2578.619448208452,287.7748714285717,28,11,2991.5199819916343,10616.36045175404,20449.513982920987,16564.106909365983,10800.0,10799.999352000015,1458.612634169539,10800.0,1.0097126999899046,2.273736754432321e-13,0,0.5,0.4999999999999999
2025-03-15,greedy,error_scaled_frozen_contract_and_soc,18737.806518942416,18737.806518942416,0.0,35242.610330206095,31449.046282587056,3793.5640476190474,2584.6864233828583,0.0,0,0,2099.3432589212234,9286.218224887016,20551.613326906045,16646.806794793898,10800.0,10800.0,1582.127652910055,10800.0,0.000226800009841,2.273736754432321e-13,0,0.5,0.5000000000000001
2025-03-15,mpc,error_scaled_frozen_contract_and_soc,20078.10942687694,18737.806518942416,1340.302907934525,35242.610330206095,31449.046282587056,3793.5640476190474,2584.6864233828583,250.9814285714287,27,12,2802.8651656825614,8869.516483917734,20401.54621944732,16532.578424555802,10800.0,10791.8600146628,1599.5532881145266,10800.0,0.9823692999925696,1.1368683772161605e-13,0,0.5,0.5000000000000001
2025-03-16,greedy,error_scaled_frozen_contract_and_soc,44344.445564973095,44344.445564973095,0.0,72639.90403957845,68719.60355624513,3920.300483333332,2611.990314041549,0.0,0,0,4369.793920002939,371.4885134332736,20805.345019796277,16852.329466034982,10800.0,10800.0,1565.9096534391554,10800.0,0.000625000000582,1.1368683772161605e-13,0,0.5,0.5000000000000001
2025-03-16,mpc,error_scaled_frozen_contract_and_soc,45641.43000039927,44344.445564973095,1296.9844354261738,72639.90403957845,68719.60355624513,3920.300483333332,2611.990314041549,278.55540221551627,23,11,4488.705123959962,510.100331511176,20947.13140371373,16973.083469771846,10800.0,10793.43663026253,1211.563834656084,10800.0,1.0643750000017462,2.273736754432321e-13,0,0.5,0.5000000000000001
2025-03-17,greedy,error_scaled_frozen_contract_and_soc,44358.87827329205,44358.87827329205,0.0,72844.04200301201,68890.46627205962,3953.57573095238,2613.511236251985,0.0,0,0,6455.521186213073,1319.374269047619,19812.833822751327,16048.395396428574,10800.0,10800.0,1481.0341970899435,10800.0,0.0009508999937679,2.273736754432321e-13,0,0.5,0.4999999999999999
2025-03-17,mpc,error_scaled_frozen_contract_and_soc,45049.56484142359,44358.87827329205,690.6865681315498,72844.04200301201,68890.46627205962,3953.57573095238,2613.511236251985,115.4765750000004,10,5,6334.357545724351,1367.0478573297128,20807.398088049296,16853.99303451991,10800.0,10799.999352000015,1378.2282217376735,10800.0,1.05973449999874,2.273736754432321e-13,0,0.5,0.4999999999999999
2025-03-18,greedy,error_scaled_frozen_contract_and_soc,43094.74766779219,43094.74766779219,0.0,70866.43233443717,67029.60842967525,3836.823904761904,2650.5504142322234,0.0,0,0,3875.65563174603,937.2483351998828,21296.15499180861,17249.885543364973,10800.0,10800.0,1241.3976633246314,10800.0,0.0007833999989088,2.273736754432321e-13,0,0.5,0.4999999999999999
2025-03-18,mpc,error_scaled_frozen_contract_and_soc,45624.60022720051,43094.74766779219,2529.8525594083285,70866.43233443717,67029.60842967525,3836.823904761904,2650.5504142322234,477.9726571428564,25,8,4752.879789422161,610.7383361630763,20958.381177216907,16984.853230269735,10800.0,10790.483914751065,1466.351348279059,10800.0,1.0222614999947837,2.273736754432321e-13,0,0.5,0.4999999999999999
2025-03-19,greedy,error_scaled_frozen_contract_and_soc,43281.09689063081,43281.09689063081,0.0,71080.79841378867,67257.13011855059,3823.668295238093,2696.961684803613,0.0,0,0,4625.06131069354,1184.4679468314423,20901.354368806416,16930.097038733198,10800.0,10800.0,1538.5400357142876,10800.0,0.0006093999982113,1.1368683772161605e-13,0,0.5,0.5
2025-03-19,mpc,error_scaled_frozen_contract_and_soc,45016.24741331296,43281.09689063081,1735.1505226821416,71080.79841378867,67257.13011855059,3823.668295238093,2696.961684803613,336.44519166666623,19,6,5281.73657220665,874.52991961873,20847.18879283935,16886.223505399867,10800.0,10799.999352000015,1365.6700585445035,10800.0,1.0590749999973923,2.273736754432321e-13,0,0.5,0.5
2025-03-20,greedy,error_scaled_frozen_contract_and_soc,43416.79839656383,43416.79839656383,0.0,70966.65184695611,67092.20890409898,3874.4429428571416,2651.217376471708,0.0,0,0,3485.399742430921,976.2676333333328,20650.10576943089,16726.585673239024,10800.0,10800.0,1486.6175582010574,10800.0,0.0003714000049512,1.1368683772161605e-13,0,0.5,0.4999999999999999
2025-03-20,mpc,error_scaled_frozen_contract_and_soc,44673.9812215549,43416.79839656383,1257.182824991071,70966.65184695611,67092.20890409898,3874.4429428571416,2651.217376471708,253.8902071428571,22,7,4080.4777558935752,616.6056583333328,20747.340794063475,16805.346529191407,10800.0,10799.999460000012,1255.383240917359,10800.0,1.0015991999971448,2.273736754432321e-13,0,0.5,0.4999999999999999
2025-03-21,greedy,error_scaled_frozen_contract_and_soc,18341.6899050518,18341.6899050518,0.0,34384.14887370889,30513.686261804127,3870.4626119047607,2697.264311197898,0.0,0,0,2699.28065848031,13705.491857297868,20468.37084374563,16579.380383433967,10800.0,10800.0,1646.348386732808,10800.0,0.0003391000063857,1.7053025658242404e-13,0,0.5,0.5
2025-03-21,mpc,error_scaled_frozen_contract_and_soc,19458.91443301727,18341.6899050518,1117.224527965474,34384.14887370889,30513.686261804127,3870.4626119047607,2697.264311197898,249.5107464285711,31,13,3634.377139428121,13042.665147828831,20449.439611552563,16583.208176291108,10800.0,10778.708787851636,1576.6829205363338,10800.0,1.0237896000035107,1.1368683772161605e-13,0,0.5,0.5
2025-03-22,greedy,error_scaled_frozen_contract_and_soc,18785.33593745049,18785.33593745049,0.0,35105.547491150646,31247.3263482935,3858.221142857141,2690.559770415002,0.0,0,0,2954.8262325837723,12319.46197387793,20152.599925681152,16323.605939801731,10800.0,10800.0,1789.6501812169329,10800.0,0.0003789000038523,1.1368683772161605e-13,0,0.5,0.4999999999999999
2025-03-22,mpc,error_scaled_frozen_contract_and_soc,19139.06231556299,18785.33593745049,353.7263781125009,35105.547491150646,31247.3263482935,3858.221142857141,2690.559770415002,95.72719642857156,12,7,2868.6479464646336,12441.171615476189,20469.423210678226,16580.23338384935,10800.0,10799.999352000015,1305.7365898301218,10800.0,0.984356500004651,1.1368683772161605e-13,0,0.5,0.4999999999999999
2025-03-23,greedy,error_scaled_frozen_contract_and_soc,41807.56449410327,41807.56449410327,0.0,68759.08035308663,64886.9251888009,3872.155164285713,2724.636121769286,0.0,0,0,3608.630147721921,1458.287878424454,20633.89078088854,16713.451532519717,10800.0,10800.0,1427.572478492063,10800.0,0.0005040999967604,1.1368683772161605e-13,0,0.5,0.4999999999999999
2025-03-23,mpc,error_scaled_frozen_contract_and_soc,43502.80716490267,41807.56449410327,1695.242670799404,68759.08035308663,64886.9251888009,3872.155164285713,2724.636121769286,304.11201785714275,26,8,4240.315702035256,1112.1012849988117,20731.857308096085,16792.805002757814,10800.0,10799.999352000015,1424.380479704649,10800.0,0.9828932999953396,2.273736754432321e-13,0,0.5,0.4999999999999999
2025-03-24,greedy,error_scaled_frozen_contract_and_soc,41434.24826551966,41434.24826551966,0.0,67906.36140706876,63954.115159449706,3952.2462476190462,2692.5570164508736,0.0,0,0,3260.2037923280395,1807.083235155795,20566.438658216404,16658.81531315529,10800.0,10800.0,1589.4120648148123,10800.0,0.0004091000009793,2.273736754432321e-13,0,0.5,0.5000000000000001
2025-03-24,mpc,error_scaled_frozen_contract_and_soc,42297.036724277394,41434.24826551966,862.7884587577382,67906.36140706876,63954.115159449706,3952.2462476190462,2692.5570164508736,188.88086785714296,17,8,4043.7479457622567,1241.0526359122698,20578.23556474,16699.244906012435,10800.0,10765.695446029966,1255.7278605198271,10800.0,1.2264616000029491,2.273736754432321e-13,0,0.5,0.5000000000000001
2025-03-25,greedy,error_scaled_frozen_contract_and_soc,41072.93989494236,41072.93989494236,0.0,67488.91130383586,63584.89573002634,3904.015573809522,2738.4124738464698,0.0,0,0,2346.314762801296,998.0137989711914,20674.81998329099,16746.6041864657,10800.0,10800.0,1480.300406084656,10800.0,0.0005283000064082,2.273736754432321e-13,0,0.5,0.5
2025-03-25,mpc,error_scaled_frozen_contract_and_soc,42662.09628535368,41072.93989494236,1589.1563904113125,67488.91130383586,63584.89573002634,3904.015573809522,2738.4124738464698,326.2514321428575,28,12,3083.545582109908,611.2121098194245,20556.74078408652,16652.702685275224,10800.0,10798.063722038734,1398.7705888874443,10800.0,1.1786175000015646,2.273736754432321e-13,0,0.5,0.5
2025-03-26,greedy,error_scaled_frozen_contract_and_soc,41106.754240449816,41106.754240449816,0.0,67573.34352416676,63470.383105119145,4102.960419047619,2718.9739521136107,0.0,0,0,4354.647420576138,1885.612927380952,20269.04253769505,16417.924455532997,10800.0,10800.0,1504.604401362432,10800.0,0.0010769000073196,2.273736754432321e-13,0,0.5,0.5000000000000001
2025-03-26,mpc,error_scaled_frozen_contract_and_soc,42234.18087497243,41106.754240449816,1127.4266345226165,67573.34352416676,63470.383105119145,4102.960419047619,2718.9739521136107,208.31817976190416,23,6,4606.743893908424,1823.3614145354327,20487.32369982733,16617.732398390137,10800.0,10774.444220522222,1446.126632464576,10800.0,1.250782100003562,2.273736754432321e-13,0,0.5,0.5000000000000001
2025-03-27,greedy,error_scaled_frozen_contract_and_soc,41091.23804540071,41091.23804540071,0.0,67338.45548452041,63213.204729758494,4125.250754761905,2721.8257832330946,0.0,0,0,3416.9778315990607,1140.8043785714287,20315.44813567624,16455.51298989775,10800.0,10800.0,1532.5679920634927,10800.0,0.0003199000057065,2.273736754432321e-13,0,0.5,0.4999999999999999
2025-03-27,mpc,error_scaled_frozen_contract_and_soc,41978.20775675492,41091.23804540071,886.969711354214,67338.45548452041,63213.204729758494,4125.250754761905,2721.8257832330946,173.21369513727117,20,10,3735.519107150657,971.9094666666664,20439.489280362737,16555.98680309381,10800.0,10799.999460000012,1211.2386666666682,10800.0,1.148996600008104,2.273736754432321e-13,0,0.5,0.4999999999999999
2025-03-28,greedy,error_scaled_frozen_contract_and_soc,18283.757797562463,18283.757797562463,0.0,34418.31225257664,30134.89665257664,4283.415600000001,2652.214482897062,0.0,0,0,3013.862812654322,15380.421014174575,20260.13543626634,16410.709703375738,10800.0,10800.0,1750.4351481481483,10800.0,0.0005810000002384,1.1368683772161605e-13,0,0.5,0.5
2025-03-28,mpc,error_scaled_frozen_contract_and_soc,18979.97329223806,18283.757797562463,696.2154946755963,34418.31225257664,30134.89665257664,4283.415600000001,2652.214482897062,179.72319761904794,20,8,3835.013627516529,14714.560738815586,20388.731443191697,16514.87305218526,10800.0,10799.999352000015,1655.849321682964,10800.0,1.236065999997663,1.1368683772161605e-13,0,0.5,0.5
2025-03-29,greedy,error_scaled_frozen_contract_and_soc,17973.70195855247,17973.70195855247,0.0,34052.12106396185,29812.580778247568,4239.540285714287,2723.15305937996,0.0,0,0,2680.81159135751,17274.759314285715,20231.58014403292,16387.579916666662,10800.0,10800.0,1681.7399176719582,10800.0,0.0005249999958323,1.1368683772161605e-13,0,0.5,0.5000000000000001
2025-03-29,mpc,error_scaled_frozen_contract_and_soc,18857.597581757826,17973.70195855247,883.8956232053575,34052.12106396185,29812.580778247568,4239.540285714287,2723.15305937996,162.1347202380955,23,11,3752.888520205152,16344.370637118953,20364.935198304414,16500.48850238095,10800.0,10794.565564717368,1605.237149945158,10800.0,1.0685759999905713,1.1368683772161605e-13,0,0.5,0.5000000000000001
2025-03-30,greedy,error_scaled_frozen_contract_and_soc,40159.722942748165,40159.722942748165,0.0,65732.45833577553,61469.564504823145,4262.893830952382,2692.1380937817858,0.0,0,0,3581.037341211052,1953.981864741331,20110.36823967071,16289.39827413328,10800.0,10800.0,1582.111116402118,10800.0,0.0004687999899033,1.1368683772161605e-13,0,0.5,0.5
2025-03-30,mpc,error_scaled_frozen_contract_and_soc,40649.05825400233,40159.722942748165,489.3353112541665,65732.45833577553,61469.564504823145,4262.893830952382,2692.1380937817858,92.99879642857135,13,8,4153.781826014368,1418.9767178571435,20463.837864846824,16587.608440799948,10800.0,10786.778033028868,1232.8736878785153,10800.0,1.0512919999891892,2.273736754432321e-13,0,0.5,0.5
2025-03-31,greedy,error_scaled_frozen_contract_and_soc,39461.15513125522,39461.15513125522,0.0,64834.41783624546,60633.63344100736,4200.784395238095,2749.108714775556,0.0,0,0,2759.078244429743,1567.1179285714284,19731.81280153637,15982.76836924446,10800.0,10800.0,1554.0815562433845,10800.0,0.0003164999943692,2.273736754432321e-13,0,0.5,0.4999999999999999
2025-03-31,mpc,error_scaled_frozen_contract_and_soc,43155.390897368,39461.15513125522,3694.23576611278,64834.41783624546,60633.63344100736,4200.784395238095,2749.108714775556,612.4503570158707,19,8,2984.200716686248,1905.3999249999988,19989.951613803674,16191.86129318097,10800.0,10799.999460000012,1203.6245555555556,10800.0,1.1451076000084868,2.273736754432321e-13,0,0.5,0.4999999999999999
2025-04-01,greedy,error_scaled_frozen_contract_and_soc,39821.2656579408,39821.2656579408,0.0,65398.8819243918,61162.15455534417,4236.727369047619,2777.1384108645243,0.0,0,0,2189.0175973985924,762.7698179453338,19973.77062406149,16178.754205489811,10800.0,10800.0,1473.8154060846582,10800.0,0.0007703999872319,1.1368683772161605e-13,0,0.5,0.5
2025-04-01,mpc,error_scaled_frozen_contract_and_soc,44375.39022171975,39821.2656579408,4554.124563778945,65398.8819243918,61162.15455534417,4236.727369047619,2777.1384108645243,737.4359715592637,20,14,2496.858475954984,1203.4888071428572,19915.226359879,16131.333837501976,10800.0,10799.999460000012,1200.0,10800.0,1.1068223000038415,1.1368683772161605e-13,0,0.5,0.5
2025-04-02,greedy,error_scaled_frozen_contract_and_soc,40133.37255998378,39468.07979079585,665.2927691879256,64999.9227238157,60686.708561910935,4313.214161904762,2554.2528387165084,134.65063686847566,4,1,2589.8979182091675,0.0,21054.89005437977,17054.46094404762,10800.0,10800.0,1200.0,10800.0,0.0002913999924203,2.273736754432321e-13,0,0.5,0.5
2025-04-02,mpc,error_scaled_frozen_contract_and_soc,43413.54448878381,39468.07979079585,3945.464697987964,64999.9227238157,60686.708561910935,4313.214161904762,2554.2528387165084,736.9968603981847,29,9,2646.6834595447945,674.3745245699218,20409.136162283758,16537.520894327434,10800.0,10793.19933013601,1205.8536071428591,10800.0,1.1593857999978354,2.273736754432321e-13,0,0.5,0.5
2025-04-03,greedy,error_scaled_frozen_contract_and_soc,39891.59662046959,39891.59662046959,0.0,66004.70851689085,61604.629188319406,4400.07932857143,2660.522227575635,0.0,0,0,3726.305898089361,1614.8668873309823,20818.08822327832,16862.65146085544,10800.0,10800.0,1442.52973926115,10800.0,0.0009580999903846,1.1368683772161605e-13,0,0.5,0.5
2025-04-03,mpc,error_scaled_frozen_contract_and_soc,41665.20529761066,39891.59662046959,1773.608677141077,66004.70851689085,61604.629188319406,4400.07932857143,2660.522227575635,352.4960523809535,28,8,4363.821951424898,1410.173454376839,20468.49871242074,16593.388517998297,10800.0,10784.550487847222,1227.352478491345,10800.0,1.075200599996606,2.273736754432321e-13,0,0.5,0.5
2025-04-04,greedy,error_scaled_frozen_contract_and_soc,17695.706689484563,17695.706689484563,0.0,33554.74257446373,29090.55822446373,4464.184350000001,2628.8079829922217,0.0,0,0,3202.875082069375,17741.704992959338,20251.548913066523,16403.754619583888,10800.0,10800.0,1774.00998293651,10800.0,0.0006665000109933,2.273736754432321e-13,0,0.5,0.5
2025-04-04,mpc,error_scaled_frozen_contract_and_soc,18948.696436585757,17695.706689484563,1252.9897471011918,33554.74257446373,29090.55822446373,4464.184350000001,2628.8079829922217,288.7610678571432,25,8,4348.166422181717,16873.931697832275,20310.725787128864,16451.688470774363,10800.0,10799.999352000015,1662.7869438806292,10800.0,1.0661033999931533,2.273736754432321e-13,0,0.5,0.5
2025-04-05,greedy,error_scaled_frozen_contract_and_soc,17829.22057207057,17829.22057207057,0.0,33794.75091386069,29322.40978528926,4472.341128571428,2652.847589672381,0.0,0,0,2881.7782643151054,15703.781195518544,20154.822558788943,16325.40627261905,10800.0,10800.0,1708.841721455023,10800.0,0.0003666999982669,2.273736754432321e-13,0,0.5,0.5
2025-04-05,mpc,error_scaled_frozen_contract_and_soc,19283.781327974957,17829.22057207057,1454.5607559043829,33794.75091386069,29322.40978528926,4472.341128571428,2652.847589672381,318.60812078815746,24,10,2897.5079790865043,16011.500885770114,20130.72739305169,16306.152391116608,10800.0,10799.707552505846,1200.0,10800.0,1.157366199986427,2.273736754432321e-13,0,0.5,0.5
2025-04-06,greedy,error_scaled_frozen_contract_and_soc,39771.26492424217,39771.26492424217,0.0,65920.00402092352,61200.85635901876,4719.147661904761,2615.240198946906,0.0,0,0,3978.795738741919,2316.555984523809,20255.30505659489,16406.797095841866,10800.0,10800.0,1502.5336031746056,10800.0,0.0004188000020803,2.273736754432321e-13,0,0.5,0.4999999999999999
2025-04-06,mpc,error_scaled_frozen_contract_and_soc,40968.58964002967,39771.26492424217,1197.324715787502,65920.00402092352,61200.85635901876,4719.147661904761,2615.240198946906,214.555310714286,18,7,5063.033511635064,1428.8185593790276,20350.33424694177,16483.77132322282,10800.0,10799.999352000015,1421.0652842948205,10800.0,1.1704042999917874,2.273736754432321e-13,0,0.5,0.4999999999999999
2025-04-07,greedy,error_scaled_frozen_contract_and_soc,39263.235938385245,39263.235938385245,0.0,64907.03468133908,60174.04456229147,4732.990119047618,2622.4770863442877,0.0,0,0,4306.574540711346,2193.9706642857136,19389.428810321464,15705.437336360388,10800.0,10800.0,1582.0238652910084,10800.0,0.0004388999950606,1.1368683772161605e-13,0,0.5,0.5
2025-04-07,mpc,error_scaled_frozen_contract_and_soc,39565.23191460489,39263.235938385245,301.9959762196424,64907.03468133908,60174.04456229147,4732.990119047618,2622.4770863442877,58.97037499999996,8,6,4153.865244369259,2334.539713095238,19846.00322809212,16090.901131598486,10800.0,10782.623870173484,1239.325402169326,10800.0,1.0376186999928905,2.273736754432321e-13,0,0.5,0.5
2025-04-08,greedy,error_scaled_frozen_contract_and_soc,39602.51922914194,39602.51922914194,0.0,65357.14411164224,60558.986283070815,4798.157828571427,2600.161607861312,0.0,0,0,3881.5648869488487,2166.4361285714285,20243.418350516626,16397.16886391846,10800.0,10800.0,1536.0046097883624,10800.0,0.0003619999915827,2.273736754432321e-13,0,0.5,0.5
2025-04-08,mpc,error_scaled_frozen_contract_and_soc,41808.07600917884,39602.51922914194,2205.5567800369035,65357.14411164224,60558.986283070815,4798.157828571427,2600.161607861312,454.9337297619046,28,10,5056.909808799337,1519.8361199817375,19912.16924797011,16139.730944870846,10800.0,10787.917939983274,1326.7618254717422,10800.0,1.0076716999901691,2.273736754432321e-13,0,0.5,0.5
2025-04-09,greedy,error_scaled_frozen_contract_and_soc,39334.56667160588,39334.56667160588,0.0,64738.39234973515,59819.40378783039,4918.988561904761,2576.9250820634134,0.0,0,0,2685.2164452968827,764.4950845238092,20134.819158697646,16309.203518545091,10800.0,10800.0,1550.2419814814823,10800.0,0.0004501999937929,2.273736754432321e-13,0,0.5,0.5
2025-04-09,mpc,error_scaled_frozen_contract_and_soc,44868.073743088375,39334.56667160588,5533.507071482494,64738.39234973515,59819.40378783039,4918.988561904761,2576.9250820634134,917.5572836958596,21,9,3391.598336968217,1145.9186472664874,19302.10868880745,15646.741219373042,10800.0,10786.629798401096,1200.0,10800.0,1.0876487999921665,2.273736754432321e-13,0,0.5,0.5
2025-04-10,greedy,error_scaled_frozen_contract_and_soc,39369.21739105536,39369.21739105536,0.0,64604.59284097195,59528.96596716243,5075.626873809524,2578.2813853472626,0.0,0,0,3906.5553512051742,1937.8551597295768,19767.850690672032,16011.959059444349,10800.0,10800.0,1536.167007936508,10800.0,0.0004208000027574,2.273736754432321e-13,0,0.5,0.5000000000000001
2025-04-10,mpc,error_scaled_frozen_contract_and_soc,40186.07530169048,39369.21739105536,816.8579106351141,64604.59284097195,59528.96596716243,5075.626873809524,2578.2813853472626,163.17600357142783,18,10,4201.1899547671765,1791.1319683900088,19876.6776832115,16105.521460634824,10800.0,10793.98606974055,1257.9302788810596,10800.0,1.0493483999889577,2.273736754432321e-13,0,0.5,0.5000000000000001
2025-04-11,greedy,error_scaled_frozen_contract_and_soc,17787.111942489748,17787.111942489748,0.0,33552.33259064068,28455.604164450207,5096.728426190475,2616.921980421787,0.0,0,0,3315.7665638127232,19139.679559523807,20124.933017139658,16301.195743883123,10800.0,10800.0,1741.5029457275148,10800.0,0.0002705000079004,2.273736754432321e-13,0,0.5,0.5
2025-04-11,mpc,error_scaled_frozen_contract_and_soc,19235.20493408737,17787.111942489748,1448.0929915976212,33552.33259064068,28455.604164450207,5096.728426190475,2616.921980421787,309.26861547619086,24,8,4731.6819891052055,18041.67205563885,20156.58199573213,16341.484028406932,10800.0,10783.719320151216,1669.651410703045,10800.0,1.1427906000026269,1.1368683772161605e-13,0,0.5,0.5
2025-04-12,greedy,error_scaled_frozen_contract_and_soc,18058.75094924593,18058.75094924593,0.0,33983.00809509703,28899.86532128751,5083.142773809523,2643.116237928732,0.0,0,0,3606.37205792181,17183.400613082762,19670.336956376377,15932.97293466487,10800.0,10800.0,1795.843488915344,10800.0,0.0004716999974334,2.273736754432321e-13,0,0.5,0.4999999999999999
2025-04-12,mpc,error_scaled_frozen_contract_and_soc,18457.305940163787,18058.75094924593,398.554990917857,33983.00809509703,28899.86532128751,5083.142773809523,2643.116237928732,78.12369642857158,12,7,4008.916256338882,16764.52354665861,20167.479838669173,16335.659252522011,10800.0,10799.999352000015,1482.6489456906447,10800.0,1.1090112000092631,1.1368683772161605e-13,0,0.5,0.4999999999999999
2025-04-13,greedy,error_scaled_frozen_contract_and_soc,38305.56035841786,38305.56035841786,0.0,62892.10933303208,58036.78806874636,4855.321264285714,2554.5366614846826,0.0,0,0,3304.3761920487987,1688.4486491475575,19399.98843447373,15713.99063192372,10800.0,10800.0,1566.327636243388,10800.0,0.0004164999991189,2.273736754432321e-13,0,0.5,0.5
2025-04-13,mpc,error_scaled_frozen_contract_and_soc,39632.015899048216,38305.56035841786,1326.4555406303598,62892.10933303208,58036.78806874636,4855.321264285714,2554.5366614846826,261.44252142857204,24,10,3359.660663565061,1890.690955259142,19420.60068184588,15730.687135495147,10800.0,10799.999352000015,1225.7724182232953,10800.0,1.1208950000000186,1.1368683772161605e-13,0,0.5,0.5
2025-04-14,greedy,error_scaled_frozen_contract_and_soc,37985.95555329397,37985.95555329397,0.0,62673.32474471408,57776.03287090454,4897.291873809523,2531.341017247143,0.0,0,0,3564.4912816725478,2223.441975,19244.783163877742,15588.274362740976,10800.0,10800.0,1478.5920845502642,10800.0,0.0002517999964766,1.1368683772161605e-13,0,0.5,0.5000000000000001
2025-04-14,mpc,error_scaled_frozen_contract_and_soc,39425.61812257399,37985.95555329397,1439.6625692800108,62673.32474471408,57776.03287090454,4897.291873809523,2531.341017247143,270.57342702669155,25,11,3933.106571146206,2133.153691678417,19204.68759582091,15555.932373809525,10800.0,10799.849532006012,1471.1455604810876,10800.0,0.939008899993496,2.273736754432321e-13,0,0.5,0.5000000000000001
2025-04-15,greedy,error_scaled_frozen_contract_and_soc,38456.005002223326,38456.005002223326,0.0,63066.31904882557,58260.71501073032,4805.604038095238,2534.0684422264294,0.0,0,0,4647.3671654174,2624.2072617137,18554.95050891825,15029.50991222378,10800.0,10800.0,1495.3838148148163,10800.0,0.0008324999944306,1.1368683772161605e-13,0,0.5,0.5
2025-04-15,mpc,error_scaled_frozen_contract_and_soc,40026.6503226832,38456.005002223326,1570.645320459879,63066.31904882557,58260.71501073032,4805.604038095238,2534.0684422264294,249.924520711901,12,7,4007.79741666665,3419.7250104174,19049.566333965297,15430.14921651188,10800.0,10799.999460000012,1200.0,10800.0,1.1503966000018409,1.1368683772161605e-13,0,0.5,0.5
2025-04-16,greedy,error_scaled_frozen_contract_and_soc,38027.9087058627,38027.9087058627,0.0,62461.52561905137,57695.96285952756,4765.562759523809,2527.567045991192,0.0,0,0,2806.59643243954,1192.1241731454097,19186.32550320673,15540.923657597456,10800.0,10800.0,1537.1771468253962,10800.0,0.0007866000087233,2.273736754432321e-13,0,0.5,0.5
2025-04-16,mpc,error_scaled_frozen_contract_and_soc,39291.38696711855,38027.9087058627,1263.4782612558563,62461.52561905137,57695.96285952756,4765.562759523809,2527.567045991192,245.78390723230603,18,9,2618.233473367626,1631.309827380951,19183.89799970977,15543.534942031818,10800.0,10794.91381970344,1206.654447089948,10800.0,1.055978700009291,2.273736754432321e-13,0,0.5,0.5
2025-04-17,greedy,error_scaled_frozen_contract_and_soc,37945.83994895927,37945.83994895927,0.0,62202.97979448375,57198.25191829326,5004.7278761904745,2463.303325116707,0.0,0,0,3558.2082113318697,1888.1849587739464,19244.793286199598,15588.282561821674,10800.0,10800.0,1452.8602910052923,10800.0,0.0002532999933464,2.273736754432321e-13,0,0.5,0.5000000000000001
2025-04-17,mpc,error_scaled_frozen_contract_and_soc,39197.34842989483,37945.83994895927,1251.5084809355683,62202.97979448375,57198.25191829326,5004.7278761904745,2463.303325116707,211.4627376996529,21,8,3397.3728215607,2260.251436563484,19246.015052943127,15589.272678883925,10800.0,10799.999460000012,1200.0,10800.0,0.9395380999922054,2.273736754432321e-13,0,0.5,0.5000000000000001
2025-04-18,greedy,error_scaled_frozen_contract_and_soc,17561.849917685882,17561.849917685882,0.0,33322.58443788793,28312.14215217364,5010.4422857142845,2411.131681844009,0.0,0,0,3876.882258333336,18703.941177507146,19936.36564987381,16148.456176397784,10800.0,10800.0,1838.570587500002,10800.0,0.0002319999912288,1.1368683772161605e-13,0,0.5,0.4999999999999999
2025-04-18,mpc,error_scaled_frozen_contract_and_soc,18341.755069121005,17561.849917685882,779.9051514351199,33322.58443788793,28312.14215217364,5010.4422857142845,2411.131681844009,170.50838809523827,18,6,4195.198044708777,18500.31841759846,20230.133780549902,16386.408945445404,10800.0,10799.999352000015,1460.5432703631,10800.0,1.0739160000084669,1.1368683772161605e-13,0,0.5,0.4999999999999999
2025-04-19,greedy,error_scaled_frozen_contract_and_soc,17273.280662356286,17273.280662356286,0.0,32749.397890377957,27674.47208561605,5074.925804761904,2385.169605493533,0.0,0,0,3708.8542001175774,18009.539404214403,20064.156618287067,16251.966860812525,10800.0,10800.0,1832.6373483201064,10800.0,0.0004966999986208,1.1368683772161605e-13,0,0.5,0.5000000000000001
2025-04-19,mpc,error_scaled_frozen_contract_and_soc,18175.74117788188,17273.280662356286,902.460515525596,32749.397890377957,27674.47208561605,5074.925804761904,2385.169605493533,199.91480238095264,20,8,4276.93725371243,17644.784378491604,20164.59242017692,16355.815888193476,10800.0,10775.004413499808,1646.319475055145,10800.0,1.000537700005225,1.1368683772161605e-13,0,0.5,0.5000000000000001
2025-04-20,greedy,error_scaled_frozen_contract_and_soc,37510.02849517279,37510.02849517279,0.0,61682.876440002256,56530.39846619273,5152.477973809523,2383.589678036667,0.0,0,0,3613.2264260729057,2062.287815476191,19449.52022368835,15754.111381187568,10800.0,10800.0,1629.6630039682548,10800.0,0.000324399996316,2.273736754432321e-13,0,0.5,0.5
2025-04-20,mpc,error_scaled_frozen_contract_and_soc,39434.15313038886,37510.02849517279,1924.124635216071,61682.876440002256,56530.39846619273,5152.477973809523,2383.589678036667,392.6687809523808,23,7,3497.518058229445,2631.195567696118,19228.521498835693,15593.643259758996,10800.0,10779.39906033101,1302.916303860091,10800.0,1.1060464999900432,2.273736754432321e-13,0,0.5,0.5
2025-04-21,greedy,error_scaled_frozen_contract_and_soc,37728.44055688006,37728.44055688006,0.0,62098.610422082216,56862.33076493937,5236.279657142855,2373.56950155512,0.0,0,0,4491.508202483834,3282.0166916666667,18862.73920089376,15278.818752723946,10800.0,10800.0,1535.320814814819,10800.0,0.0003100000030826,1.1368683772161605e-13,0,0.5,0.5000000000000001
2025-04-21,mpc,error_scaled_frozen_contract_and_soc,38343.38766946815,37728.44055688006,614.9471125880982,62098.610422082216,56862.33076493937,5236.279657142855,2373.56950155512,120.452322619048,14,7,5167.641810814248,2639.685692461304,19410.05437272109,15739.48421105728,10800.0,10780.733145385337,1430.8275103626538,10800.0,0.9108528999931876,1.1368683772161605e-13,0,0.5,0.5000000000000001
2025-04-22,greedy,error_scaled_frozen_contract_and_soc,36998.07820421194,36998.07820421194,0.0,60396.5498802813,55264.38065409083,5132.169226190476,2433.8269808015484,0.0,0,0,3037.644393959434,1987.276611111108,18750.75933694889,15188.115062928598,10800.0,10800.0,1607.955584656086,10800.0,0.0009012000082293,2.273736754432321e-13,0,0.5,0.5
2025-04-22,mpc,error_scaled_frozen_contract_and_soc,38698.18175297739,36998.07820421194,1700.1035487654522,60396.5498802813,55264.38065409083,5132.169226190476,2433.8269808015484,296.7024566376797,16,10,2729.31642209374,2625.681247619048,18712.00714016379,15182.737074148064,10800.0,10771.098565982897,1200.0,10800.0,0.970810500002699,1.1368683772161605e-13,0,0.5,0.5
2025-04-23,greedy,error_scaled_frozen_contract_and_soc,37321.57149707199,37321.57149707199,0.0,61523.39151484308,56308.537676747845,5214.853838095238,2435.674104277698,0.0,0,0,3841.6070039535616,2180.140672648442,18659.04270126886,15113.824588027775,10800.0,10800.0,1571.8699351851867,10800.0,0.0003358000103617,1.1368683772161605e-13,0,0.5,0.5
2025-04-23,mpc,error_scaled_frozen_contract_and_soc,38222.45537383088,37321.57149707199,900.8838767588962,61523.39151484308,56308.537676747845,5214.853838095238,2435.674104277698,174.26571862266167,12,7,3293.5098347516623,2859.526062357435,18885.24261766653,15297.047006309876,10800.0,10799.999460000012,1207.0064814814823,10800.0,1.0471561000013023,2.273736754432321e-13,0,0.5,0.5
2025-04-24,greedy,error_scaled_frozen_contract_and_soc,36842.86087796576,36842.86087796576,0.0,60468.35803597771,55280.35914550151,5187.998890476189,2462.771297855595,0.0,0,0,3995.925044253381,3667.028180952381,18648.33807674459,15105.15384216312,10800.0,10800.0,1559.610370370373,10800.0,0.0005004999984521,2.273736754432321e-13,0,0.5,0.5
2025-04-24,mpc,error_scaled_frozen_contract_and_soc,37203.56458599909,36842.86087796576,360.7037080333333,60468.35803597771,55280.35914550151,5187.998890476189,2462.771297855595,66.05952142857143,10,5,4775.964838886423,2850.377498502421,19213.55751099008,15567.702867163118,10800.0,10794.754129709829,1409.8077727146251,10800.0,1.094342600001255,2.273736754432321e-13,0,0.5,0.5
2025-04-25,greedy,error_scaled_frozen_contract_and_soc,16509.89427334058,16509.89427334058,0.0,31832.87188169868,26833.242276936773,4999.629604761905,2459.8182904588884,0.0,0,0,3580.3049081569675,21147.48183328467,19998.28305022503,16198.609270682273,10800.0,10800.0,1681.77745698413,10800.0,0.000362299993867,1.1368683772161605e-13,0,0.5,0.5000000000000001
2025-04-25,mpc,error_scaled_frozen_contract_and_soc,17239.241892832244,16509.89427334058,729.347619491667,31832.87188169868,26833.242276936773,4999.629604761905,2459.8182904588884,130.68855833333333,15,8,4377.814134895536,20464.82344667472,20195.5601553345,16380.048657587036,10800.0,10775.950075815455,1629.6757520245865,10800.0,1.0154158999939682,1.1368683772161605e-13,0,0.5,0.5000000000000001
2025-04-26,greedy,error_scaled_frozen_contract_and_soc,16537.966482436692,16537.966482436692,0.0,31901.057844114486,26872.03567982877,5029.022164285714,2441.1909205162697,0.0,0,0,3464.793670590833,22410.0343907645,20046.163687454187,16237.392586837894,10800.0,10800.0,1653.5894671031788,10800.0,0.0003333999920869,2.273736754432321e-13,0,0.5,0.4999999999999999
2025-04-26,mpc,error_scaled_frozen_contract_and_soc,17788.898416709315,16537.966482436692,1250.9319342726203,31901.057844114486,26872.03567982877,5029.022164285714,2441.1909205162697,262.53025357142883,27,13,3363.425260091704,22750.763319235397,20168.11273376814,16336.171897552178,10800.0,10799.999352000015,1224.017825117419,10800.0,1.1398733999958497,2.273736754432321e-13,0,0.5,0.4999999999999999
2025-04-27,greedy,error_scaled_frozen_contract_and_soc,34909.03846157304,34909.03846157304,0.0,57570.42504417277,52506.80444417277,5063.620599999999,2418.917842835833,0.0,0,0,2377.1763312169314,2820.596777373801,19741.71065093308,15990.785627255796,10800.0,10800.0,1247.4374916534396,10800.0,0.0002417000068817,2.273736754432321e-13,0,0.5,0.5
2025-04-27,mpc,error_scaled_frozen_contract_and_soc,38160.006060472384,34909.03846157304,3250.967598899334,57570.42504417277,52506.80444417277,5063.620599999999,2418.917842835833,621.5283219104183,31,11,2797.7024620606426,3142.0553587498475,19114.063102999036,15483.59446963109,10800.0,10798.662937553474,1200.0,10800.0,0.94148480000149,2.273736754432321e-13,0,0.5,0.5
2025-04-28,greedy,error_scaled_frozen_contract_and_soc,35696.7785121998,35696.7785121998,0.0,58479.81328218926,53382.4752202845,5097.338061904762,2488.683076800357,0.0,0,0,1692.8654292607025,0.0,19626.25916954882,15897.269927334552,10800.0,10800.0,1558.1093386243424,10800.0,0.0003377999964868,2.273736754432321e-13,0,0.5,0.5
2025-04-28,mpc,error_scaled_frozen_contract_and_soc,47159.78550803076,35696.7785121998,11463.006995830954,58479.81328218926,53382.4752202845,5097.338061904762,2488.683076800357,1863.8607416666664,24,13,2222.4872649543317,1701.690449848581,17711.382656282804,14349.844957944077,10800.0,10795.972215161102,1200.0,10800.0,1.1385786999890115,2.273736754432321e-13,0,0.5,0.5
2025-04-29,greedy,error_scaled_frozen_contract_and_soc,36194.059421318976,36194.059421318976,0.0,59372.94290670932,53803.14362575693,5569.79928095238,2769.494728972777,0.0,0,0,3250.638973303692,3926.866058333333,18004.153740982023,14583.364530195444,10800.0,10800.0,1415.4022156349251,10800.0,0.0003525000065565,2.273736754432321e-13,0,0.5,0.5
2025-04-29,mpc,error_scaled_frozen_contract_and_soc,37664.47479318028,36194.059421318976,1470.4153718612995,59372.94290670932,53803.14362575693,5569.79928095238,2769.494728972777,281.6680380952369,17,7,3544.7653115549574,3840.775051960357,18391.69685791325,14897.27494090973,10800.0,10799.999460000012,1200.0,10800.0,0.9011886999942362,2.273736754432321e-13,0,0.5,0.5
2025-04-30,greedy,error_scaled_frozen_contract_and_soc,36130.63963290252,36130.63963290252,0.0,59090.43809259515,53504.15183783324,5586.286254761905,2786.621715913928,0.0,0,0,3777.0508439447394,2800.683568356747,18493.29408174613,14979.568206214371,10800.0,10800.0,1567.5387560714285,10800.0,0.0002891999902203,2.273736754432321e-13,0,0.5,0.5
2025-04-30,mpc,error_scaled_frozen_contract_and_soc,37344.90704354011,36130.63963290252,1214.2674106376016,59090.43809259515,53504.15183783324,5586.286254761905,2786.621715913928,223.00216322519168,18,8,3736.998383225916,3051.5222625484,18683.85352803521,15157.911722751083,10800.0,10773.344038841597,1200.0,10800.0,0.8975853000010829,1.1368683772161605e-13,0,0.5,0.5
2025-05-01,greedy,error_scaled_frozen_contract_and_soc,38545.35853008325,35866.998861478496,2678.359668604753,58257.78297497828,52667.65579640686,5590.127178571428,2787.128702656865,408.02950535714166,4,1,1967.6394566725455,3094.4094444764323,19936.34131313673,16242.776726807424,10800.0,10695.177485370368,1200.0,10800.0,0.0003417000116314,2.273736754432321e-13,0,0.5,0.5
2025-05-01,mpc,error_scaled_frozen_contract_and_soc,42168.05968002313,35866.998861478496,6301.0608185446345,58257.78297497828,52667.65579640686,5590.127178571428,2787.128702656865,1125.4212513590512,44,9,2469.5064013234587,3512.361778967909,19075.88687328006,15584.749820091229,10800.0,10651.909496961807,1200.0,10800.0,1.2135890000063227,1.1368683772161605e-13,0,0.5,0.5
2025-05-02,greedy,error_scaled_frozen_contract_and_soc,18930.76801023395,17244.411845841958,1686.356164391996,32626.39090787427,27116.37225549332,5510.018652380953,2942.457000928729,343.3079698452361,2,1,2459.0265976190467,17372.29948920398,20989.367497700783,16608.754240137638,10309.860375,10746.119745,1200.0,10800.0,0.0006769000028725,2.273736754432321e-13,0,0.5,0.5
2025-05-02,mpc,error_scaled_frozen_contract_and_soc,26255.44826414055,17244.411845841958,9011.03641829859,32626.39090787427,27116.37225549332,5510.018652380953,2942.457000928729,1729.822014897627,46,11,2666.3860645697587,18896.620135714285,19311.24562352548,15275.79843437096,10309.860375,10716.872064649644,1200.0,10716.872064649644,1.025145399995381,2.273736754432321e-13,0,0.5,0.5
2025-05-03,greedy,error_scaled_frozen_contract_and_soc,18352.2565842244,17579.30593216539,772.9506520590106,33082.14277313742,27249.201068375514,5832.9417047619045,3172.1409154365074,159.15426222618655,2,1,2964.313539285713,19192.005481077955,20715.272609398235,16509.01413011258,10499.603685,10800.0,1200.0,10800.0,0.0003387000033399,2.273736754432321e-13,0,0.5,0.5
2025-05-03,mpc,error_scaled_frozen_contract_and_soc,22413.941779240988,17579.30593216539,4834.635847075593,33082.14277313742,27249.201068375514,5832.9417047619045,3172.1409154365074,859.3097059523805,38,8,2896.6057833181785,20118.742282498344,19987.901611564423,15940.516734005432,10499.603685,10777.029875401951,1235.2706336432066,10777.029875401951,1.0002730999985945,2.273736754432321e-13,0,0.5,0.5
2025-05-04,greedy,error_scaled_frozen_contract_and_soc,37956.71266692897,37147.01007322366,809.7025937053075,60539.38468979237,54476.88889217332,6062.495797619047,3254.2240343076983,135.23561870238052,6,1,3199.513392937801,2810.0955201868346,17961.294942173543,14503.339514660567,10697.165265,10747.50903,1200.0,10800.0,0.000696599992807,1.1368683772161605e-13,0,0.5,0.5
2025-05-04,mpc,error_scaled_frozen_contract_and_soc,41008.85043786146,37147.01007322366,3861.8403646378006,60539.38468979237,54476.88889217332,6062.495797619047,3254.2240343076983,624.7556749284206,29,10,2933.411467694868,3534.620324258691,18146.68115501128,14657.628550101195,10697.165265,10742.924359953273,1200.0,10800.0,1.0809729999891715,2.273736754432321e-13,0,0.5,0.5
2025-05-05,greedy,error_scaled_frozen_contract_and_soc,38184.76031736082,37422.486460827495,762.2738565333267,61295.95152624548,55030.57135243596,6265.380173809524,3334.77718675508,109.2709083333324,1,1,2748.9955952968844,1589.514310714285,19552.23053293749,15581.606728179368,10515.888885,10800.0,1200.0,10800.0,0.000593699995079,1.1368683772161605e-13,0,0.5,0.4999999999999999
2025-05-05,mpc,error_scaled_frozen_contract_and_soc,44774.937808710216,37422.486460827495,7352.451347882721,61295.95152624548,55030.57135243596,6265.380173809524,3334.77718675508,1403.7241478743122,48,10,3012.612019047584,2972.740308727225,17923.4994087929,14305.264786257436,10515.888885,10752.299701516462,1200.0,10800.0,1.0970842000097036,2.273736754432321e-13,0,0.5,0.4999999999999999
2025-05-06,greedy,error_scaled_frozen_contract_and_soc,37341.47292905512,37341.47292905512,0.0,60672.03433855496,54081.88122903115,6590.153109523808,3351.258947767302,0.0,0,0,2509.1729858906483,2802.4215756025906,19108.309212981472,15268.66607401499,10567.706235,10800.0,1280.408037791007,10800.0,0.0004274999955669,2.273736754432321e-13,0,0.5,0.5
2025-05-06,mpc,error_scaled_frozen_contract_and_soc,42423.64093068786,37341.47292905512,5082.168001632744,60672.03433855496,54081.88122903115,6590.153109523808,3351.258947767302,909.8660630952392,40,10,3283.114282741285,3237.9285708668413,17918.367424438013,14378.306514491182,10567.706235,10718.34078978179,1372.9096141170662,10800.0,1.0683034999965455,2.273736754432321e-13,0,0.5,0.5
2025-05-07,greedy,error_scaled_frozen_contract_and_soc,38111.65103005844,38111.65103005844,0.0,62069.38658636241,55045.1647673148,7024.221819047619,3290.511281549404,0.0,0,0,2565.955924666472,2498.3091588138323,19263.38285188575,15212.460583527458,10365.689415,10800.0,1230.5398009523851,10800.0,0.0004373999981908,2.273736754432321e-13,0,0.5,0.5
2025-05-07,mpc,error_scaled_frozen_contract_and_soc,43944.50703157151,38111.65103005844,5832.856001513073,62069.38658636241,55045.1647673148,7024.221819047619,3290.511281549404,954.762326173098,40,11,3055.047300578543,3207.6083292106678,18127.85739486256,14320.563346640076,10365.689415,10769.024018554,1200.0,10800.0,1.013002800013055,2.273736754432321e-13,0,0.5,0.5
2025-05-08,greedy,error_scaled_frozen_contract_and_soc,41409.27388036388,41409.27388036388,0.0,65315.703019545,57988.14894811642,7327.554071428571,3296.268201040039,0.0,0,0,4943.115100176372,1836.7813743239292,18065.76510211495,14442.460989213114,10587.990285,10800.0,1728.6694404761934,10800.0,0.0005946000019321,2.273736754432321e-13,0,0.5,0.4999999999999999
2025-05-08,mpc,error_scaled_frozen_contract_and_soc,42806.795684278186,41409.27388036388,1397.5218039143026,65315.703019545,57988.14894811642,7327.554071428571,3296.268201040039,238.6887104285742,12,7,4111.872571678418,2883.600035714285,18187.41280493684,14540.996114498828,10587.990285,10799.999460000012,1200.0,10800.0,1.0829951000050642,2.273736754432321e-13,0,0.5,0.4999999999999999
2025-05-09,greedy,error_scaled_frozen_contract_and_soc,21080.839563201363,21080.839563201363,0.0,36972.76041320311,29467.640296536447,7505.120116666666,3302.334690922024,0.0,0,0,5813.846637596436,18676.42251309524,19458.793092165462,15761.622404654028,10800.0,10800.0,2028.8110463235676,10800.0,0.0007207000016933,1.1368683772161605e-13,0,0.5,0.5
2025-05-09,mpc,error_scaled_frozen_contract_and_soc,22072.154065859693,21080.839563201363,991.3145026583338,36972.76041320311,29467.640296536447,7505.120116666666,3302.334690922024,197.5923988095237,22,10,5994.507238369359,18670.29282701954,19580.171882230145,15859.93971060641,10800.0,10799.999460000012,1829.499897619867,10800.0,1.1864345999929355,1.1368683772161605e-13,0,0.5,0.5
2025-05-10,greedy,error_scaled_frozen_contract_and_soc,20976.847430508667,20976.847430508667,0.0,36680.3256406522,29377.506638271243,7302.819002380952,3338.5334529040474,0.0,0,0,5532.67934854497,17175.403220543565,19403.11053329241,15716.51953196685,10800.0,10800.0,1999.813312774928,10800.0,0.0003263999969931,1.1368683772161605e-13,0,0.5,0.5000000000000001
2025-05-10,mpc,error_scaled_frozen_contract_and_soc,22048.764251950928,20976.847430508667,1071.9168214422598,36680.3256406522,29377.506638271243,7302.819002380952,3338.5334529040474,239.7373571428569,19,10,4968.855993658597,17966.59731203645,19534.13511216209,15835.177490300182,10800.0,10786.079945056792,1461.247008992211,10800.0,1.1427051999926334,1.1368683772161605e-13,0,0.5,0.5000000000000001
2025-05-11,greedy,error_scaled_frozen_contract_and_soc,41667.62031042811,41667.62031042811,0.0,66116.489247388,58487.95165691183,7628.537590476189,3261.133009974206,0.0,0,0,5614.203967798353,2069.3325839947047,17516.38783395841,14188.274145506311,10800.0,10800.0,1755.0838161375666,10800.0,0.0003199999919161,2.273736754432321e-13,0,0.5,0.5
2025-05-11,mpc,error_scaled_frozen_contract_and_soc,42613.845682226325,41667.62031042811,946.225371798216,66116.489247388,58487.95165691183,7628.537590476189,3261.133009974206,157.51763452380982,15,8,5143.931591618888,2634.1928300301224,17847.59967957865,14456.556226458695,10800.0,10799.999460000012,1280.6198278259076,10800.0,0.9882623000012244,1.1368683772161605e-13,0,0.5,0.5
2025-05-12,greedy,error_scaled_frozen_contract_and_soc,41866.76463629457,41866.76463629457,0.0,66700.09981404469,58930.48891642562,7769.610897619046,3195.985649071588,0.0,0,0,7078.875291019988,2965.649785714286,16281.776004641224,13188.238563759394,10800.0,10800.0,1909.063468253969,10800.0,0.000829500000691,2.273736754432321e-13,0,0.5,0.5
2025-05-12,mpc,error_scaled_frozen_contract_and_soc,42548.078383943975,41866.76463629457,681.313747649406,66700.09981404469,58930.48891642562,7769.610897619046,3195.985649071588,124.82068095238124,12,5,6073.575286607705,3833.502464359356,17662.137004217962,14306.331556616537,10800.0,10799.999352000015,1445.7863669857866,10800.0,1.0680538000015076,2.273736754432321e-13,0,0.5,0.5
2025-05-13,greedy,error_scaled_frozen_contract_and_soc,41888.0441153248,41888.0441153248,0.0,66739.80621830004,58870.03807544291,7869.768142857141,3201.7492765605166,0.0,0,0,6727.718440270102,2546.5913743095552,17446.756560934416,14131.872814356875,10800.0,10800.0,1802.657923280424,10800.0,0.0003358999965712,2.273736754432321e-13,0,0.5,0.4999999999999999
2025-05-13,mpc,error_scaled_frozen_contract_and_soc,43026.33749015219,41888.0441153248,1138.2933748273815,66739.80621830004,58870.03807544291,7869.768142857141,3201.7492765605166,191.6027904761906,16,7,6573.545503629874,2875.4602648415967,17535.742980852134,14203.95239769021,10800.0,10799.999352000015,1646.4616152344238,10800.0,1.141453399992315,2.273736754432321e-13,0,0.5,0.4999999999999999
2025-05-14,greedy,error_scaled_frozen_contract_and_soc,42142.23124684211,42142.23124684211,0.0,67000.44446254158,59161.372241113,7839.072221428569,3218.5113092927786,0.0,0,0,6943.733416064073,2559.8433726190474,17159.83263183644,13899.464431787514,10800.0,10800.0,1947.5916838624355,10800.0,0.0008374000026378,1.1368683772161605e-13,0,0.5,0.5
2025-05-14,mpc,error_scaled_frozen_contract_and_soc,42772.78185551592,42142.23124684211,630.550608673811,67000.44446254158,59161.372241113,7839.072221428569,3218.5113092927786,132.0282488095241,14,6,6555.778871384468,3009.5206706172758,17529.86462494639,14199.190929406564,10800.0,10799.999352000015,1489.9595462233972,10800.0,0.9275120999955108,2.273736754432321e-13,0,0.5,0.5
2025-05-15,greedy,error_scaled_frozen_contract_and_soc,41532.48771684821,41532.48771684821,0.0,65987.96025596315,58166.587796439344,7821.372459523807,3237.854073214208,0.0,0,0,6632.798202939446,2459.3050632569166,17091.462245639814,13844.084418968254,10800.0,10800.0,2076.1512764550257,10800.0,0.000396899995394,2.273736754432321e-13,0,0.5,0.5
2025-05-15,mpc,error_scaled_frozen_contract_and_soc,42809.28172073035,41532.48771684821,1276.7940038821434,65987.96025596315,58166.587796439344,7821.372459523807,3237.854073214208,307.77286547619053,16,6,5859.985813175915,3526.555350975901,17258.939040541503,13998.226246349208,10800.0,10779.46041832157,1222.2983719304427,10800.0,1.095887000003131,2.273736754432321e-13,0,0.5,0.5
2025-05-16,greedy,error_scaled_frozen_contract_and_soc,20667.90625629116,20667.90625629116,0.0,36089.61964234847,28239.1318113961,7850.487830952379,3258.913887344921,0.0,0,0,5893.789120047033,21206.714790994592,19049.482815148847,15430.081080270573,10800.0,10800.0,2211.47089760942,10800.0,0.0003302999975858,2.273736754432321e-13,0,0.5,0.4999999999999999
2025-05-16,mpc,error_scaled_frozen_contract_and_soc,21459.454542426876,20667.90625629116,791.5482861357141,36089.61964234847,28239.1318113961,7850.487830952379,3258.913887344921,160.78578809523808,17,8,6489.177312285176,20745.29625745616,19386.111157639607,15739.893293365809,10800.0,10758.729715913643,1924.374287794607,10800.0,1.0247480999969412,1.1368683772161605e-13,0,0.5,0.4999999999999999
2025-05-17,greedy,error_scaled_frozen_contract_and_soc,20731.30632743245,20731.30632743245,0.0,36413.69398336865,28657.179826225794,7756.514157142858,3322.310875460754,0.0,0,0,5540.265887330979,18187.93326134578,19451.18470013276,15755.45960710754,10800.0,10800.0,2057.6515198412694,10800.0,0.0013786999916192,2.273736754432321e-13,0,0.5,0.4999999999999999
2025-05-17,mpc,error_scaled_frozen_contract_and_soc,22225.537965068168,20731.30632743245,1494.2316376357155,36413.69398336865,28657.179826225794,7756.514157142858,3322.310875460754,319.65183095238126,25,11,4916.106028130618,19134.96644795353,19434.232525106327,15741.728928536111,10800.0,10799.999352000015,1299.541625174717,10800.0,1.1607044999982463,2.273736754432321e-13,0,0.5,0.4999999999999999
2025-05-18,greedy,error_scaled_frozen_contract_and_soc,41023.7620016313,41023.7620016313,0.0,64617.086879205584,56731.41501491987,7885.671864285714,3373.748891221984,0.0,0,0,5942.303069253382,2004.4434785714288,16755.44028420961,13571.906630209782,10800.0,10800.0,1992.362960317461,10800.0,0.0006788999889977,1.1368683772161605e-13,0,0.5,0.5000000000000001
2025-05-18,mpc,error_scaled_frozen_contract_and_soc,43577.57104675868,41023.7620016313,2553.809045127378,64617.086879205584,56731.41501491987,7885.671864285714,3373.748891221984,507.3223297619044,19,7,4824.100612293221,3727.275466666668,16359.790760217387,13273.564307590736,10800.0,10775.406897983716,1328.9089221235342,10800.0,1.1123134999943431,1.1368683772161605e-13,0,0.5,0.5000000000000001
2025-05-19,greedy,error_scaled_frozen_contract_and_soc,40457.2454356857,40457.2454356857,0.0,64240.90443032802,56251.37195413754,7989.532476190476,3389.725063028769,0.0,0,0,6578.730856981188,4378.543340476192,16577.239020121182,13427.56360629816,10800.0,10800.0,1744.2774100529118,10800.0,0.0003126999945379,2.273736754432321e-13,0,0.5,0.5
2025-05-19,mpc,error_scaled_frozen_contract_and_soc,41864.28040046189,40457.2454356857,1407.0349647761925,64240.90443032802,56251.37195413754,7989.532476190476,3389.725063028769,216.8518773809528,14,7,6790.286529119454,4389.489662196358,16570.485257215132,13426.459959869588,10800.0,10795.147887194078,1649.7747534872535,10800.0,0.9706538000027648,2.273736754432321e-13,0,0.5,0.5
2025-05-20,greedy,error_scaled_frozen_contract_and_soc,40124.34334441177,40124.34334441177,0.0,63477.08920440144,55535.960687734776,7941.128516666667,3405.099198673055,0.0,0,0,5299.7756061399305,1726.7088025902287,16782.11239576368,13593.511040568585,10800.0,10800.0,1827.8250714285707,10800.0,0.0008837000059429,2.273736754432321e-13,0,0.5,0.4999999999999999
2025-05-20,mpc,error_scaled_frozen_contract_and_soc,43153.87203325149,40124.34334441177,3029.5286888397286,63477.08920440144,55535.960687734776,7941.128516666667,3405.099198673055,490.05495552876175,14,8,3919.687140100888,3674.5596963451735,16493.15483471445,13382.260951706488,10800.0,10774.660516013571,1200.0,10800.0,0.9212711000000128,2.273736754432321e-13,0,0.5,0.4999999999999999
2025-05-21,greedy,error_scaled_frozen_contract_and_soc,40435.4719151802,40435.4719151802,0.0,64026.08839084242,55961.61189798528,8064.476492857144,3383.239139484522,0.0,0,0,5395.347298206943,3658.414648809524,16019.220744447386,12975.568803002385,10800.0,10800.0,1913.0671719576703,10800.0,0.0004533000028459,2.273736754432321e-13,0,0.5,0.4999999999999999
2025-05-21,mpc,error_scaled_frozen_contract_and_soc,41134.68483018557,40435.4719151802,699.2129150053602,64026.08839084242,55961.61189798528,8064.476492857144,3383.239139484522,120.43296547619109,9,4,5524.567940781939,3558.2279925944185,16506.6052580875,13371.554337526197,10800.0,10798.66213502742,1346.2113960406425,10800.0,1.011380800002371,2.273736754432321e-13,0,0.5,0.4999999999999999
2025-05-22,greedy,error_scaled_frozen_contract_and_soc,39763.77666865742,39763.77666865742,0.0,62952.77165795244,54819.84415319053,8132.927504761905,3372.74332365492,0.0,0,0,5443.225061627919,3264.6361975749583,16747.233640035265,13565.259248428569,10800.0,10800.0,1845.502242063492,10800.0,0.0002931999915745,2.273736754432321e-13,0,0.5,0.5000000000000001
2025-05-22,mpc,error_scaled_frozen_contract_and_soc,41193.90037168837,39763.77666865742,1430.12370303095,62952.77165795244,54819.84415319053,8132.927504761905,3372.74332365492,254.2827392857139,19,8,5039.705726528493,3935.219838462142,16679.965306866558,13510.772481761902,10800.0,10799.999352000015,1651.9772767915051,10800.0,1.0748746000026586,2.273736754432321e-13,0,0.5,0.5000000000000001
2025-05-23,greedy,error_scaled_frozen_contract_and_soc,20604.50056839885,20604.50056839885,0.0,36151.99696270986,28030.506419852725,8121.490542857142,3371.825810806984,0.0,0,0,6434.075478938856,19715.04377314269,19709.590419347023,15964.768239671084,10800.0,10800.0,1807.6820490427071,10800.0,0.0003141999914078,1.1368683772161605e-13,0,0.5,0.5
2025-05-23,mpc,error_scaled_frozen_contract_and_soc,22359.059676017303,20604.50056839885,1754.559107618452,36151.99696270986,28030.506419852725,8121.490542857142,3371.825810806984,393.8283226190478,26,9,5891.698321998643,20725.25096455711,19426.89934320615,15756.07887538537,10800.0,10777.45510290179,1792.091952226379,10800.0,1.0906422999978531,2.273736754432321e-13,0,0.5,0.5
2025-05-24,greedy,error_scaled_frozen_contract_and_soc,21162.81971982473,21162.81971982473,0.0,36856.57805296801,28644.570255348965,8212.007797619048,3327.570902364643,0.0,0,0,6812.046283186361,20934.909861997545,19184.721532197043,15539.624441079604,10800.0,10800.0,1993.5470057977896,10800.0,0.0003721000102814,2.273736754432321e-13,0,0.5,0.5000000000000001
2025-05-24,mpc,error_scaled_frozen_contract_and_soc,21967.33949442592,21162.81971982473,804.5197746011886,36856.57805296801,28644.570255348965,8212.007797619048,3327.570902364643,190.17151309523763,16,9,7036.093467611314,20854.25033390709,19430.954915148257,15739.07396727008,10800.0,10799.999460000012,1850.189380281921,10800.0,1.0691947000013895,1.1368683772161605e-13,0,0.5,0.5000000000000001
2025-05-25,greedy,error_scaled_frozen_contract_and_soc,40137.428681103134,40137.428681103134,0.0,63607.63710728133,55290.88521680514,8316.75189047619,3268.3231802429773,0.0,0,0,6188.702373265724,4137.694149847621,16588.909120934273,13437.01638795676,10800.0,10800.0,1884.3562248677251,10800.0,0.0006118999881437,2.273736754432321e-13,0,0.5,0.4999999999999999
2025-05-25,mpc,error_scaled_frozen_contract_and_soc,41233.628422448965,40137.428681103134,1096.1997413458291,63607.63710728133,55290.88521680514,8316.75189047619,3268.3231802429773,189.9271821428565,15,7,5991.970679409142,4446.216094494888,17000.15919752454,13770.129533194851,10800.0,10799.999352000015,1578.5504889459044,10800.0,1.0190919000015128,1.1368683772161605e-13,0,0.5,0.4999999999999999
2025-05-26,greedy,error_scaled_frozen_contract_and_soc,39802.41693028569,39802.41693028569,0.0,62412.14253299028,54103.553966323605,8308.588566666665,3274.6073700758343,0.0,0,0,4974.332329823392,1513.8710285714292,18025.21082493851,14600.420768200198,10800.0,10800.0,1996.350054232804,10800.0,0.0008212000102503,1.1368683772161605e-13,0,0.5,0.5
2025-05-26,mpc,error_scaled_frozen_contract_and_soc,42528.31694220831,39802.41693028569,2725.9000119226234,62412.14253299028,54103.553966323605,8308.588566666665,3274.6073700758343,593.8062702380962,22,7,4334.714249227059,2848.291582393344,17520.377825522453,14196.583971771626,10800.0,10794.357852112847,1353.4106931799656,10800.0,1.0625506000069436,1.1368683772161605e-13,0,0.5,0.5
2025-05-27,greedy,error_scaled_frozen_contract_and_soc,40695.05680315568,40695.05680315568,0.0,63910.61001446342,55388.48157160627,8522.128442857143,3359.6197785773006,0.0,0,0,6299.97926101868,3859.818992857142,16377.508796325685,13265.782125023808,10800.0,10800.0,1875.8959153439143,10800.0,0.0005908000021008,1.1368683772161605e-13,0,0.5,0.4999999999999999
2025-05-27,mpc,error_scaled_frozen_contract_and_soc,41700.30214663246,40695.05680315568,1005.2453434767845,63910.61001446342,55388.48157160627,8522.128442857143,3359.6197785773006,185.1524249999997,19,9,5869.952511148229,4461.296900007505,16480.12708547434,13354.699146452382,10800.0,10793.5597697576,1479.54651073868,10800.0,1.0154657999955816,1.1368683772161605e-13,0,0.5,0.4999999999999999
2025-05-28,greedy,error_scaled_frozen_contract_and_soc,40122.01598108336,40122.01598108336,0.0,63096.211204979496,54678.83294783664,8417.378257142858,3409.006403592697,0.0,0,0,5241.348104908876,2837.318551165179,17647.44248797356,14294.42841525859,10800.0,10800.0,1898.7001997354491,10800.0,0.000394699993194,2.273736754432321e-13,0,0.5,0.5
2025-05-28,mpc,error_scaled_frozen_contract_and_soc,42439.9335184167,40122.01598108336,2317.9175373333355,63096.211204979496,54678.83294783664,8417.378257142858,3409.006403592697,476.7783488095244,25,9,5820.712462106587,2832.6695464285717,17137.227561702937,13882.15049263954,10800.0,10798.893147044264,1593.870238551032,10800.0,0.997881800009054,2.273736754432321e-13,0,0.5,0.5
2025-05-29,greedy,error_scaled_frozen_contract_and_soc,39481.598580840815,39481.598580840815,0.0,62435.15183180275,54245.6555841837,8189.496247619048,3260.3096393546025,0.0,0,0,4418.61879691358,2306.770328857022,17436.218571848447,14123.337043197243,10800.0,10800.0,1838.020293650792,10800.0,0.0002867000002879,2.273736754432321e-13,0,0.5,0.5000000000000001
2025-05-29,mpc,error_scaled_frozen_contract_and_soc,42912.88412349081,39481.598580840815,3431.285542650004,62435.15183180275,54245.6555841837,8189.496247619048,3260.3096393546025,666.0446821428576,26,6,4575.488080682817,2948.7772532808963,16756.43782317915,13576.387820578198,10800.0,10795.91868466324,1379.208076397608,10800.0,1.0820287999958964,1.1368683772161605e-13,0,0.5,0.5000000000000001
2025-05-30,greedy,error_scaled_frozen_contract_and_soc,20628.76659140298,20628.76659140298,0.0,36234.91679591559,27792.94746972512,8441.969326190476,3143.046539862262,0.0,0,0,6230.631832039977,19916.37580792049,19139.787343372867,15503.227748132023,10800.0,10800.0,2049.837255699868,10800.0,0.0004684000014094,1.1368683772161605e-13,0,0.5,0.5000000000000001
2025-05-30,mpc,error_scaled_frozen_contract_and_soc,21304.241753185124,20628.76659140298,675.4751617821453,36234.91679591559,27792.94746972512,8441.969326190476,3143.046539862262,177.63715952381006,19,9,5668.3266888462185,20630.89685018536,19273.58652049223,15611.605664798692,10800.0,10799.999352000015,1371.9417769616143,10800.0,0.9338186999957544,2.273736754432321e-13,0,0.5,0.5000000000000001
2025-05-31,greedy,error_scaled_frozen_contract_and_soc,20921.658307418464,20921.658307418464,0.0,36627.48257587772,28065.13768063961,8562.344895238097,3116.868885933809,0.0,0,0,6581.307862595538,19078.903248026567,19606.31216675885,15881.112855074667,10800.0,10800.0,1753.1502903667683,10800.0,0.0005572999943979,2.273736754432321e-13,0,0.5,0.5
2025-05-31,mpc,error_scaled_frozen_contract_and_soc,22580.48891805834,20921.658307418464,1658.8306106398795,36627.48257587772,28065.13768063961,8562.344895238097,3116.868885933809,386.146852380952,28,11,6152.236794670989,19980.39834802047,19281.8029894514,15642.88085745562,10800.0,10772.643960000012,1601.2388405610454,10800.0,0.958584600011818,1.1368683772161605e-13,0,0.5,0.5
2025-06-01,greedy,error_scaled_frozen_contract_and_soc,45936.623174093314,40747.305282975605,5189.317891117705,64470.60957356676,55942.53921166199,8528.070361904762,3091.450233253849,743.88157842857,1,1,80.12097142857147,0.0,17906.091237757395,14569.657291714444,10800.0,10726.974012076718,1200.0,10800.0,0.000273699988611,2.273736754432321e-13,0,0.5,0.5
2025-06-01,mpc,error_scaled_frozen_contract_and_soc,61805.1582716797,40747.305282975605,21057.85298870408,64470.60957356676,55942.53921166199,8528.070361904762,3091.450233253849,3602.27556691428,66,10,2603.125375926397,1155.9591291414786,14283.808142213333,11767.943741323972,10800.0,10579.934282076469,1200.0,10800.0,1.1146062999905553,2.273736754432321e-13,0,0.5,0.5
2025-06-02,greedy,error_scaled_frozen_contract_and_soc,47757.01766520208,41741.525254869535,6015.49241033254,66713.46153391639,58005.8045624878,8707.656971428572,3801.5270185602767,865.3256274166664,2,1,1394.9254225749528,630.5802761904755,19909.07005724808,15459.413693489989,10028.644275,10769.68100042328,1200.0,10800.0,0.0003108000091742,1.1368683772161605e-13,0,0.5,0.5000000000000001
2025-06-02,mpc,error_scaled_frozen_contract_and_soc,66549.63162401588,41741.525254869535,24808.10636914634,66713.46153391639,58005.8045624878,8707.656971428572,3801.5270185602767,4492.895094926186,69,9,3602.950944861727,3041.816001190476,15289.808809961303,11831.844225980469,10028.644275,10642.978619542431,1200.0,10800.0,1.093385800006217,2.273736754432321e-13,0,0.5,0.5000000000000001
2025-06-03,greedy,error_scaled_frozen_contract_and_soc,43140.27092458055,43140.27092458055,0.0,68818.83643625505,59381.15820530266,9437.67823095238,4335.3198329473,0.0,0,0,2138.593078474251,749.4182194975334,19475.65555362121,15128.55040343319,10081.41045,10800.0,1264.2285859656083,10800.0,0.0003044999903067,2.273736754432321e-13,0,0.5,0.4999999999999999
2025-06-03,mpc,error_scaled_frozen_contract_and_soc,58844.11279012256,43140.27092458055,15703.841865542012,68818.83643625505,59381.15820530266,9437.67823095238,4335.3198329473,2765.8093514142797,67,12,4334.557759318417,2075.930975,15961.343222036488,12370.906156780817,10081.41045,10701.168064520823,1200.0,10800.0,1.0011329999979353,2.273736754432321e-13,0,0.5,0.4999999999999999
2025-06-04,greedy,error_scaled_frozen_contract_and_soc,44240.824749153646,44240.824749153646,0.0,70649.31823552851,60616.42786171899,10032.89037380952,4425.744800588174,0.0,0,0,2946.9856821134654,711.84656547619,18569.88422524214,14596.502744446134,10305.44058,10800.0,1372.3441455026457,10800.0,0.0003129000106127,1.1368683772161605e-13,0,0.5,0.5
2025-06-04,mpc,error_scaled_frozen_contract_and_soc,59847.80237654007,44240.824749153646,15606.977627386425,70649.31823552851,60616.42786171899,10032.89037380952,4425.744800588174,2612.171409271428,47,12,5243.173987617678,1781.0139928571427,15237.629775690306,12017.43261850804,10305.44058,10666.604468667909,1200.0,10798.970588571428,1.0828684000007345,1.1368683772161605e-13,0,0.5,0.5
2025-06-05,greedy,error_scaled_frozen_contract_and_soc,45869.89872456093,45869.89872456093,0.0,72931.54729567509,62541.97726472271,10389.570030952382,4667.602515098095,0.0,0,0,3350.8843958847747,664.8661095238089,19654.92400704177,15392.239588203833,10213.056824999998,10800.0,1335.6899854497406,10800.0,0.0003682999958982,2.273736754432321e-13,0,0.5,0.5
2025-06-05,mpc,error_scaled_frozen_contract_and_soc,60502.90143777718,45869.89872456093,14633.00271321626,72931.54729567509,62541.97726472271,10389.570030952382,4667.602515098095,2582.914734128577,49,9,5840.681813787795,1528.8119857142858,16311.14609866256,12819.29023978954,10213.056824999998,10649.43249180792,1200.0,10793.38328142857,0.8963020999945002,2.273736754432321e-13,0,0.5,0.5
2025-06-06,greedy,error_scaled_frozen_contract_and_soc,23290.91395267684,23193.097934749632,97.81601792721165,39961.239239068,28906.505922401324,11054.733316666669,4623.069104473253,16.001311619043292,1,1,4097.9006284391535,8955.534342500174,20889.849639774955,16202.92081121772,10002.38067,10800.0,1200.0,10800.0,0.0003002999874297,2.273736754432321e-13,0,0.5,0.5
2025-06-06,mpc,error_scaled_frozen_contract_and_soc,40615.57107405488,23193.097934749632,17422.473139305243,39961.239239068,28906.505922401324,11054.733316666669,4623.069104473253,3077.588276975077,56,12,4279.406528005056,12632.532326559583,17084.23520138774,13194.223291099785,10002.38067,10717.944250026989,1200.0,10717.944250026989,1.0954364000062924,2.273736754432321e-13,0,0.5,0.5
2025-06-07,greedy,error_scaled_frozen_contract_and_soc,24080.411070672944,24080.411070672944,0.0,41261.1029948494,29341.48743770653,11919.61555714286,4950.25655933595,0.0,0,0,5116.03298703704,8317.305931854047,20212.057800156534,15991.66709562679,10377.666974999998,10800.0,1510.27433936508,10800.0,0.0006897999992361,2.273736754432321e-13,0,0.5,0.5
2025-06-07,mpc,error_scaled_frozen_contract_and_soc,34015.0213525826,24080.411070672944,9934.61028190965,41261.1029948494,29341.48743770653,11919.61555714286,4950.25655933595,1698.1554680121485,40,13,4713.665160317394,10894.009723823308,18101.36024324025,14357.150035947976,10377.666974999998,10716.502265085142,1200.0,10716.502265085142,1.1061166999861598,2.273736754432321e-13,0,0.5,0.5
2025-06-08,greedy,error_scaled_frozen_contract_and_soc,57042.323109163975,57042.323109163975,0.0,89298.21156648526,76333.58121172336,12964.630354761905,4699.108273285831,0.0,0,0,16551.2283106337,760.4401392857143,16743.339699970602,13154.124761976189,10346.68845,10800.0,2129.1392698412697,10800.0,0.0006373999931383,1.1368683772161605e-13,0,0.5,0.4999999999999999
2025-06-08,mpc,error_scaled_frozen_contract_and_soc,57851.50862853303,57042.323109163975,809.1855193690517,89298.21156648526,76333.58121172336,12964.630354761905,4699.108273285831,163.24676547619129,13,3,15507.638199166906,1688.9482821428571,18208.23084358025,14340.687171499996,10346.68845,10799.999352000015,1621.4581405470035,10799.999926883796,1.1008066999929724,2.273736754432321e-13,0,0.5,0.4999999999999999
2025-06-09,greedy,error_scaled_frozen_contract_and_soc,56133.94398038492,56133.94398038492,0.0,87752.67824051145,74785.5406476543,12967.137592857143,4708.115893179443,0.0,0,0,13118.129252122271,458.6896523809528,18007.278547912985,14585.895623809523,10800.0,10800.0,1979.652951058201,10800.0,0.000394500006223,1.4210854715202006e-13,0,0.5,0.5
2025-06-09,mpc,error_scaled_frozen_contract_and_soc,58259.00917830337,56133.94398038492,2125.065197918456,87752.67824051145,74785.5406476543,12967.137592857143,4708.115893179443,405.36582261904834,24,8,13120.026306810676,909.0885238095224,17760.28056108172,14385.827740476188,10800.0,10799.999460000012,1266.9308974905434,10800.0,0.9884999000059906,2.273736754432321e-13,0,0.5,0.5
2025-06-10,greedy,error_scaled_frozen_contract_and_soc,56233.60293760942,56233.60293760942,0.0,87904.20962182472,75081.02197658662,12823.187645238097,4751.613121029881,0.0,0,0,12942.121700307966,292.5248488095235,17982.599016754848,14565.905203571429,10800.0,10800.0,2078.408279100531,10800.0,0.0007413999992422,2.273736754432321e-13,0,0.5,0.4999999999999999
2025-06-10,mpc,error_scaled_frozen_contract_and_soc,58831.441054953466,56233.60293760942,2597.8381173440494,87904.20962182472,75081.02197658662,12823.187645238097,4751.613121029881,486.6717809523816,20,8,13091.097583138107,657.1930541951317,17840.641551158147,14450.920045238094,10800.0,10799.999568000008,1390.7968314132831,10800.0,1.210342999998829,2.273736754432321e-13,0,0.5,0.4999999999999999
2025-06-11,greedy,error_scaled_frozen_contract_and_soc,56621.69249536024,56621.69249536024,0.0,88954.10311748687,76160.18881748687,12793.9143,4777.29769160722,0.0,0,0,11282.045739462084,0.0,19277.132246496345,15614.477119662046,10800.0,10800.0,2087.330645502645,10800.0,0.0007631000044057,2.273736754432321e-13,0,0.5,0.5
2025-06-11,mpc,error_scaled_frozen_contract_and_soc,62455.5144070025,56621.69249536024,5833.82191164226,88954.10311748687,76160.18881748687,12793.9143,4777.29769160722,1181.1201964285708,34,5,12184.35204163626,549.303678571428,17917.833776465028,14525.66843394776,10800.0,10786.41880554324,1200.0,10800.0,1.1655533000011928,1.1368683772161605e-13,0,0.5,0.5
2025-06-12,greedy,error_scaled_frozen_contract_and_soc,57700.90638861903,57700.90638861903,0.0,89990.571036829,77083.20264873377,12907.368388095238,4783.472884070317,0.0,0,0,13761.561012147267,174.38328452380938,18008.509653713423,14586.892819507872,10800.0,10800.0,2231.7288928571465,10800.0,0.0003788999893004,1.1368683772161605e-13,0,0.5,0.5000000000000001
2025-06-12,mpc,error_scaled_frozen_contract_and_soc,59571.67983589437,57700.90638861903,1870.7734472753468,89990.571036829,77083.20264873377,12907.368388095238,4783.472884070317,367.3632135554936,14,7,13828.69281381776,479.2152702380965,17984.29866513816,14567.282404761903,10800.0,10799.999460000012,1339.000230372485,10800.0,1.0295265000022482,2.273736754432321e-13,0,0.5,0.5000000000000001
2025-06-13,greedy,error_scaled_frozen_contract_and_soc,30513.57937212477,30513.57937212477,0.0,48962.90201590694,36028.9639730498,12933.938042857142,4766.147983198888,0.0,0,0,9849.107445576134,7685.4345680068,18724.3624245123,15166.733563854965,10800.0,10800.0,2377.4064729918364,10800.0,0.0004220000118948,1.1368683772161605e-13,0,0.5,0.5
2025-06-13,mpc,error_scaled_frozen_contract_and_soc,31368.162931267623,30513.57937212477,854.5835591428594,48962.90201590694,36028.9639730498,12933.938042857142,4766.147983198888,188.76035952381,21,10,8648.267192675441,9073.01650181577,18734.98960669926,15175.34206742639,10800.0,10799.999460000012,2209.821678493352,10800.0,1.16372820000106,2.273736754432321e-13,0,0.5,0.5
2025-06-14,greedy,error_scaled_frozen_contract_and_soc,30716.77612221756,30716.77612221756,0.0,49273.915704714185,36166.74083090466,13107.174873809525,4697.58678314115,0.0,0,0,9959.926969356264,8940.178000808233,18380.960451264076,14888.577965523902,10800.0,10800.0,2612.7079352777814,10800.0,0.0004896999889751,2.273736754432321e-13,0,0.5,0.5
2025-06-14,mpc,error_scaled_frozen_contract_and_soc,31167.464145069946,30716.77612221756,450.6880228523793,49273.915704714185,36166.74083090466,13107.174873809525,4697.58678314115,97.49793928571418,13,9,8440.870958589221,10496.692359631845,18742.747065112268,15190.324988142953,10800.0,10790.333482886652,2255.5145337856675,10800.0,1.1324845000053756,2.273736754432321e-13,0,0.5,0.5
2025-06-15,greedy,error_scaled_frozen_contract_and_soc,57499.932099373575,57499.932099373575,0.0,89420.75884556302,76348.86864318207,13071.890202380951,4701.117371921585,0.0,0,0,14539.309456879902,198.1711833333333,17461.931500587885,14144.16451547619,10800.0,10800.0,2242.3854775132268,10800.0,0.0004919999919366,1.1368683772161605e-13,0,0.5,0.5
2025-06-15,mpc,error_scaled_frozen_contract_and_soc,59426.52669196762,57499.932099373575,1926.59459259405,89420.75884556302,76348.86864318207,13071.890202380951,4701.117371921585,356.3840428571435,14,4,14713.082338329032,327.218638095238,17743.848815567326,14372.51812380952,10800.0,10799.999352000015,1565.9114023182212,10800.0,1.0909762999945087,2.273736754432321e-13,0,0.5,0.5
2025-06-16,greedy,error_scaled_frozen_contract_and_soc,58046.412982941794,58046.412982941794,0.0,90210.67711410989,77183.9844283956,13026.692685714286,4713.491057911546,0.0,0,0,13826.991534347992,153.7624690476191,18036.24607142857,14609.35931785714,10800.0,10800.0,2196.862273809526,10800.0,0.0004121999954804,1.7053025658242404e-13,0,0.5,0.5
2025-06-16,mpc,error_scaled_frozen_contract_and_soc,60143.15372673704,58046.412982941794,2096.740743795241,90210.67711410989,77183.9844283956,13026.692685714286,4713.491057911546,422.75679285714375,22,8,13863.420048748332,585.5111476190482,17797.1944034568,14415.728049999998,10800.0,10799.999352000015,1500.9110142557547,10800.0,1.05867740001122,2.273736754432321e-13,0,0.5,0.5
2025-06-17,greedy,error_scaled_frozen_contract_and_soc,57508.93384966843,57508.93384966843,0.0,89736.92145604783,76745.30604414307,12991.615411904762,4710.259314540751,0.0,0,0,12637.73007320694,164.09691309523816,17751.534633999763,14378.743053539809,10800.0,10800.0,2045.566190476191,10800.0,0.0003744999994523,2.273736754432321e-13,0,0.5,0.5
2025-06-17,mpc,error_scaled_frozen_contract_and_soc,59838.65955199403,57508.93384966843,2329.725702325597,89736.92145604783,76745.30604414307,12991.615411904762,4710.259314540751,442.53578214285767,20,8,13011.77104619486,254.64279880952404,17655.68821577375,14304.94771187314,10800.0,10795.733047670668,1200.0,10800.0,1.0283008999977028,2.273736754432321e-13,0,0.5,0.5
2025-06-18,greedy,error_scaled_frozen_contract_and_soc,58734.11983442512,58734.11983442512,0.0,91259.9283181543,78046.76098720194,13213.167330952385,4588.671856838133,0.0,0,0,15586.794527134329,149.3012166666664,16746.29883744856,13564.502058333335,10800.0,10800.0,2144.182846560848,10800.0,0.0003367000026628,2.273736754432321e-13,0,0.5,0.5
2025-06-18,mpc,error_scaled_frozen_contract_and_soc,59452.4219844162,58734.11983442512,718.3021499910742,91259.9283181543,78046.76098720194,13213.167330952385,4588.671856838133,128.26597738095302,9,3,15328.248690211618,348.31063688712914,17734.73555999165,14365.13638679322,10800.0,10799.999352000015,1512.9024726995472,10800.0,1.1167346000002,2.273736754432321e-13,0,0.5,0.5
2025-06-19,greedy,error_scaled_frozen_contract_and_soc,58077.524575182266,58077.524575182266,0.0,90227.82080805782,77027.75965567687,13200.061152380951,4595.191839188927,0.0,0,0,15650.754077083991,723.9004892857142,17770.879887330975,14394.412708738097,10800.0,10800.0,2027.9735727513253,10800.0,0.000239999993937,2.273736754432321e-13,0,0.5,0.5
2025-06-19,mpc,error_scaled_frozen_contract_and_soc,59892.411169991785,58077.524575182266,1814.8865948095256,90227.82080805782,77027.75965567687,13200.061152380951,4595.191839188927,341.971203571429,18,7,16079.02728326857,576.7062035714293,18091.36865733688,14654.009195642857,10800.0,10799.999352000015,1553.566807803373,10800.0,0.9486559000069974,2.273736754432321e-13,0,0.5,0.5
2025-06-20,greedy,error_scaled_frozen_contract_and_soc,29980.431223137133,29980.431223137133,0.0,47876.34237375091,34798.67635708424,13077.666016666668,4677.129226303054,0.0,0,0,10212.682976072896,9821.00178689118,18338.940733464493,14854.54199410624,10800.0,10800.0,2613.191933559205,10800.0,0.0004133000038564,1.1368683772161605e-13,0,0.5,0.5000000000000001
2025-06-20,mpc,error_scaled_frozen_contract_and_soc,30330.16254884785,29980.431223137133,349.7313257107138,47876.34237375091,34798.67635708424,13077.666016666668,4677.129226303054,83.82089523809515,13,7,9140.483844924962,10892.134744685196,18785.71733658032,15216.431528630048,10800.0,10799.999460000012,2252.612446285714,10800.0,1.160917100001825,1.2631870867368814e-13,0,0.5,0.5000000000000001
2025-06-21,greedy,error_scaled_frozen_contract_and_soc,30156.488819077487,30156.488819077487,0.0,48504.03960433393,35444.70299004821,13059.336614285716,4692.0582818054345,0.0,0,0,10841.371764006471,11476.532326323484,18683.61326919385,15133.726748047024,10800.0,10800.0,2327.098215119704,10800.0,0.0003266999992774,1.1368683772161605e-13,0,0.5,0.4999999999999999
2025-06-21,mpc,error_scaled_frozen_contract_and_soc,30972.32430247392,30156.488819077487,815.8354833964277,48504.03960433393,35444.70299004821,13059.336614285716,4692.0582818054345,216.8618595238094,19,9,10127.9625043975,12386.6778780635,18807.40128896757,15237.38920042798,10800.0,10796.22871515084,2255.1376543123997,10800.0,0.9178262999921571,1.1368683772161605e-13,0,0.5,0.4999999999999999
2025-06-22,greedy,error_scaled_frozen_contract_and_soc,56046.67339726391,56046.67339726391,0.0,87436.28180587375,74405.19622015946,13031.085585714289,4712.525094448132,0.0,0,0,14847.685567852004,543.6475428571425,16942.484648736026,13723.412565476188,10800.0,10800.0,2009.7323425925936,10800.0,0.0005930999905103,2.273736754432321e-13,0,0.5,0.5
2025-06-22,mpc,error_scaled_frozen_contract_and_soc,57803.68630826152,56046.67339726391,1757.0129109976183,87436.28180587375,74405.19622015946,13031.085585714289,4712.525094448132,327.04417023809515,13,5,14710.081066805536,900.3780547619051,17510.478030734877,14183.487788095235,10800.0,10799.999352000015,1490.2125406709604,10800.0,1.058711099991342,2.273736754432321e-13,0,0.5,0.5
2025-06-23,greedy,error_scaled_frozen_contract_and_soc,55965.499041070594,55965.499041070594,0.0,87301.87642648337,74284.07062410243,13017.805802380954,4720.456729174759,0.0,0,0,14647.596461065976,803.4698785714289,17185.500933274547,13920.25575595238,10800.0,10800.0,2118.544386243388,10800.0,0.0013216999941505,2.273736754432321e-13,0,0.5,0.5
2025-06-23,mpc,error_scaled_frozen_contract_and_soc,57242.10917606822,55965.499041070594,1276.6101349976204,87301.87642648337,74284.07062410243,13017.805802380954,4720.456729174759,241.5492809523813,14,6,14257.036433609432,1454.2973607142867,17270.167867873944,14023.640864285711,10800.0,10761.327898546871,1404.8115480041968,10800.0,0.9591669000074036,2.273736754432321e-13,0,0.5,0.5
2025-06-24,greedy,error_scaled_frozen_contract_and_soc,55433.494663900434,55433.494663900434,0.0,86240.78777669225,73242.79265764463,12997.99511904762,4743.433991920752,0.0,0,0,9851.619366242518,158.490177380952,18583.531044973544,15052.66014642857,10800.0,10800.0,2168.9720648148154,10800.0,0.000261400011368,1.7053025658242404e-13,0,0.5,0.5000000000000001
2025-06-24,mpc,error_scaled_frozen_contract_and_soc,62131.239204764126,55433.494663900434,6697.744540863697,86240.78777669225,73242.79265764463,12997.99511904762,4743.433991920752,1355.5616880952398,31,6,11568.584013635322,86.60874166666599,17085.413748771214,13844.064373809522,10800.0,10794.578625216844,1200.0,10800.0,0.982644400006393,2.273736754432321e-13,0,0.5,0.5000000000000001
2025-06-25,greedy,error_scaled_frozen_contract_and_soc,55542.51914342656,55542.51914342656,0.0,86549.86595626369,73144.81342293035,13405.052533333332,4681.207494807181,0.0,0,0,12977.27980214612,550.1756511022897,17415.06755972957,14106.204723380954,10800.0,10800.0,2091.3464973545,10800.0,0.0004505999968387,2.273736754432321e-13,0,0.5,0.5
2025-06-25,mpc,error_scaled_frozen_contract_and_soc,57698.41814918965,55542.51914342656,2155.899005763091,86549.86595626369,73144.81342293035,13405.052533333332,4681.207494807181,419.3661035714279,24,8,13670.404545632273,342.9132380952376,17065.090487583802,13822.72387814286,10800.0,10799.999352000015,1543.508685379368,10800.0,1.0674919000011869,2.273736754432321e-13,0,0.5,0.5
2025-06-26,greedy,error_scaled_frozen_contract_and_soc,55833.16487773666,55833.16487773666,0.0,86797.79607669837,73662.08831717455,13135.70775952381,4794.534746971467,0.0,0,0,14335.019820055226,602.5878404761902,17705.118944738384,14341.146345238094,10800.0,10800.0,2047.1277142857164,10800.0,0.0003412999940337,2.273736754432321e-13,0,0.5,0.4999999999999999
2025-06-26,mpc,error_scaled_frozen_contract_and_soc,57996.786793274165,55833.16487773666,2163.621915537501,86797.79607669837,73662.08831717455,13135.70775952381,4794.534746971467,432.16797380952414,20,6,14415.867445024182,1014.4483833333334,17463.10386500752,14159.671459523808,10800.0,10783.825190146985,1583.933421981247,10800.0,0.965884900011588,4.547473508864641e-13,0,0.5,0.4999999999999999
2025-06-27,greedy,error_scaled_frozen_contract_and_soc,28841.141203624087,28841.141203624087,0.0,46623.29965486439,33487.73828343582,13135.561371428572,4788.186215131586,0.0,0,0,10100.229711684306,11427.397111149452,18934.952292642432,15337.31135704037,10800.0,10800.0,2233.0686486059367,10800.0,0.0003167999966535,1.1368683772161605e-13,0,0.5,0.5
2025-06-27,mpc,error_scaled_frozen_contract_and_soc,30012.817705656227,28841.141203624087,1171.676502032142,46623.29965486439,33487.73828343582,13135.561371428572,4788.186215131586,246.12934047619052,25,10,9352.714213215238,12437.316028164349,18862.05348123946,15280.68662370704,10800.0,10797.307440107696,2215.830395404879,10800.0,0.93343060000916,1.1368683772161605e-13,0,0.5,0.5
2025-06-28,greedy,error_scaled_frozen_contract_and_soc,28719.466009170534,28719.466009170534,0.0,46856.6681014682,33826.85687765867,13029.811223809524,4791.671331029602,0.0,0,0,9642.176124118168,11097.91194505186,18714.634148687117,15158.853660436564,10800.0,10800.0,2413.707286975245,10800.0,0.0004810999962501,1.1368683772161605e-13,0,0.5,0.5
2025-06-28,mpc,error_scaled_frozen_contract_and_soc,29617.285326751487,28719.466009170534,897.819317580954,46856.6681014682,33826.85687765867,13029.811223809524,4791.671331029602,190.601497619048,12,7,8469.265572924689,12411.05887837349,18979.716261797057,15373.570658055613,10800.0,10799.999460000012,1925.9698952796368,10800.0,1.0665019000007303,1.1368683772161605e-13,0,0.5,0.5
2025-06-29,greedy,error_scaled_frozen_contract_and_soc,55066.14926351918,55066.14926351918,0.0,86184.2712734869,73188.07310205832,12996.198171428572,4759.210906809721,0.0,0,0,13527.445045797298,182.4900845238092,17761.33757054674,14386.683432142856,10800.0,10800.0,2127.168846560846,10800.0,0.0003513999981805,2.273736754432321e-13,0,0.5,0.5000000000000001
2025-06-29,mpc,error_scaled_frozen_contract_and_soc,57015.50957336205,55066.14926351918,1949.3603098428623,86184.2712734869,73188.07310205832,12996.198171428572,4759.210906809721,398.5544047619058,23,8,13124.067543780828,997.4790000000004,17692.619541610828,14331.02241190476,10800.0,10799.999352000015,1529.568561402223,10800.0,0.9480875000008382,2.273736754432321e-13,0,0.5,0.5000000000000001
2025-06-30,greedy,error_scaled_frozen_contract_and_soc,55648.19809678749,55648.19809678749,0.0,86693.87633978148,73666.86139454338,13027.014945238096,4763.395536869324,0.0,0,0,13422.572662486067,260.54875595238093,17842.3510835097,14452.304377642857,10800.0,10800.0,2103.975283068783,10800.0,0.0006642999942414,1.1368683772161605e-13,0,0.5,0.5
2025-06-30,mpc,error_scaled_frozen_contract_and_soc,57607.315929926175,55648.19809678749,1959.117833138692,86693.87633978148,73666.86139454338,13027.014945238096,4763.395536869324,423.37341904761934,18,7,13195.01809525795,911.9975333333336,17839.61314716639,14450.08723240476,10800.0,10799.999352000015,1429.5409471115715,10800.0,1.0466952999995556,1.1368683772161605e-13,0,0.5,0.5
2025-07-01,greedy,error_scaled_frozen_contract_and_soc,56246.25256658627,56127.208129442224,119.04443714404732,87549.69229103794,74481.1053529427,13068.58693809524,4769.063415307936,17.663947619047576,2,1,8823.631757165505,574.3052641534427,18889.54122533803,15300.528392523804,10800.0,10800.0,1445.448003968254,10800.0,0.0002900999970734,2.273736754432321e-13,0,0.5,0.4999999999999999
2025-07-01,mpc,error_scaled_frozen_contract_and_soc,62517.51807738684,56127.208129442224,6390.309947944621,87549.69229103794,74481.1053529427,13068.58693809524,4769.063415307936,1368.7450190476156,51,12,10593.951955613516,510.4849898933103,17344.634128531106,14111.04014847619,10800.0,10731.237217371116,1200.0,10800.0,0.9925755000003846,2.273736754432321e-13,0,0.5,0.4999999999999999
2025-07-02,greedy,error_scaled_frozen_contract_and_soc,54135.59703376733,53801.92878173876,333.6682520285723,84529.75973265764,72386.3801398005,12143.379592857144,4852.315540049167,49.48089642857156,4,3,9094.531737184016,1200.2353571428582,18938.732055625675,15007.111047056804,10429.70898,10800.0,1377.1158835978845,10800.0,0.0002812000020639,2.273736754432321e-13,0,0.5,0.5
2025-07-02,mpc,error_scaled_frozen_contract_and_soc,59961.04970886387,53801.92878173876,6159.120927125112,84529.75973265764,72386.3801398005,12143.379592857144,4852.315540049167,1269.0319096221738,36,6,10333.497320558416,1378.4711976190476,18321.15337939413,14587.18278148225,10429.70898,10710.766153141112,1200.0,10775.469550265714,1.0403779999905964,2.273736754432321e-13,0,0.5,0.5
2025-07-03,greedy,error_scaled_frozen_contract_and_soc,52655.506084063214,52555.538027529874,99.96805653333338,82519.71954590306,70947.12233161734,11572.597214285714,4811.755584762897,14.33028333333334,1,1,4595.721449368023,656.8747023809522,20084.071470109237,15889.60758428848,10379.455215,10800.0,1482.5403121693098,10800.0,0.0003389999910723,2.273736754432321e-13,0,0.5,0.5
2025-07-03,mpc,error_scaled_frozen_contract_and_soc,64068.782112674,52555.538027529874,11513.244085144115,82519.71954590306,70947.12233161734,11572.597214285714,4811.755584762897,2181.2353737143494,53,13,7135.867153481544,815.6176238095245,17594.499702900473,13932.0193522408,10379.455215,10734.483445120652,1200.0,10772.374299381,0.9858726999955252,2.273736754432321e-13,0,0.5,0.5
2025-07-04,greedy,error_scaled_frozen_contract_and_soc,26846.981864763096,26846.981864763096,0.0,44482.83346062778,32948.210174913496,11534.623285714286,4994.552136729166,0.0,0,0,4444.398855081332,11780.843679761903,21321.90667468057,16954.78761199126,10448.936895,10800.0,1231.8862802345802,10800.0,0.000313600001391,1.1368683772161605e-13,0,0.5,0.5
2025-07-04,mpc,error_scaled_frozen_contract_and_soc,36622.14034863694,26846.981864763096,9775.158483873838,44482.83346062778,32948.210174913496,11534.623285714286,4994.552136729166,2256.4298797619085,53,6,4355.483736975138,14735.313304761905,18456.352167786765,14698.357732229357,10448.936895,10728.14525464214,1407.350662039962,10728.14525464214,1.1225796999933664,2.273736754432321e-13,0,0.5,0.5
2025-07-05,greedy,error_scaled_frozen_contract_and_soc,26869.576215331483,26869.576215331483,0.0,45001.09055876802,33422.33338733945,11578.757171428571,4975.596823782063,0.0,0,0,4261.866000044089,12379.163829681283,21028.43377265557,16553.853688851017,10267.58037,10800.0,1484.1759020370362,10800.0,0.0006524999917019,1.7053025658242404e-13,0,0.5,0.5
2025-07-05,mpc,error_scaled_frozen_contract_and_soc,37026.75676197316,26869.576215331483,10157.18054664167,45001.09055876802,33422.33338733945,11578.757171428571,4975.596823782063,2227.0960523809536,52,11,4509.500489127544,14941.004178932666,18223.60357717788,14331.402279327209,10267.58037,10745.04327909653,1479.9132453827474,10745.04327909653,1.0013451000122586,2.273736754432321e-13,0,0.5,0.5
2025-07-06,greedy,error_scaled_frozen_contract_and_soc,50571.437887036416,50568.24221845308,3.195668583334269,79377.80984098585,67722.2363386049,11655.573502380952,4912.504035782937,0.473783333333472,1,1,3264.5118639737684,399.2934974018901,19698.047225893235,15647.03919747352,10457.356605,10800.0,1442.372402116402,10800.0,0.0004264000017428,2.273736754432321e-13,0,0.5,0.4999999999999999
2025-07-06,mpc,error_scaled_frozen_contract_and_soc,69211.9234175299,50568.24221845308,18643.68119907683,79377.80984098585,67722.2363386049,11655.573502380952,4912.504035782937,3155.445316700002,52,16,6024.527468589988,1610.5919491038276,15795.850989813178,12561.185484344947,10457.356605,10716.749735448584,1200.0,10756.8045075,0.982868299994152,2.273736754432321e-13,0,0.5,0.4999999999999999
2025-07-07,greedy,error_scaled_frozen_contract_and_soc,50111.81627454565,50111.81627454565,0.0,78786.10910134703,66887.79363944227,11898.31546190476,4746.059161942659,0.0,0,0,5691.338642710168,1149.099713095238,18296.43305209877,14293.699588700008,10215.098685,10800.0,1599.8492698412706,10800.0,0.0003896000125678,2.273736754432321e-13,0,0.5,0.5000000000000001
2025-07-07,mpc,error_scaled_frozen_contract_and_soc,55951.83335163923,50111.81627454565,5840.017077093582,78786.10910134703,66887.79363944227,11898.31546190476,4746.059161942659,980.7327306961816,31,11,5944.752613208515,2143.1146773809523,17272.65013755281,13536.612878241922,10215.098685,10719.802832973171,1200.0,10764.90032374486,1.1127427000028547,1.1368683772161605e-13,0,0.5,0.5000000000000001
2025-07-08,greedy,error_scaled_frozen_contract_and_soc,59514.47324569005,59514.47324569005,0.0,92796.17993279328,80875.24648041232,11920.93345238095,4438.170494052896,0.0,0,0,11749.253947512854,1160.0542927542604,18898.22763885949,14976.705253476192,10432.378740000002,10800.0,2317.9187129629645,10800.0,0.000365599989891,2.273736754432321e-13,0,0.5,0.5
2025-07-08,mpc,error_scaled_frozen_contract_and_soc,62458.852366250765,59514.47324569005,2944.379120560713,92796.17993279328,80875.24648041232,11920.93345238095,4438.170494052896,588.3475095238097,30,7,12507.119346304546,1103.837014535742,18301.91170281013,14493.689928476191,10432.378740000002,10799.999352000015,1616.089143428574,10799.999352000015,0.960011699993629,2.273736754432321e-13,0,0.5,0.5
2025-07-09,greedy,error_scaled_frozen_contract_and_soc,59021.26249852718,59021.26249852718,0.0,91613.3139376012,79644.02950902976,11969.284428571427,4434.904506940675,0.0,0,0,12392.643480041155,1021.8260619047626,17792.649676381156,14412.046237868735,10800.0,10800.0,2481.9485462962966,10800.0,0.0004459999909158,2.273736754432321e-13,0,0.5,0.5000000000000001
2025-07-09,mpc,error_scaled_frozen_contract_and_soc,61053.33013924564,59021.26249852718,2032.06764071845,91613.3139376012,79644.02950902976,11969.284428571427,4434.904506940675,405.3642690476186,20,5,12166.52744954143,1663.5951095238097,17738.50144021421,14368.186749773497,10800.0,10799.999352000015,1793.0291428898172,10800.0,1.040706300002057,2.273736754432321e-13,0,0.5,0.5000000000000001
2025-07-10,greedy,error_scaled_frozen_contract_and_soc,59729.37125797008,59729.37125797008,0.0,92294.13744148676,80363.64414862961,11930.493292857142,4458.875050226587,0.0,0,0,13025.25948372662,1334.692826190477,17943.178593474426,14533.974660714286,10800.0,10800.0,2309.89707804233,10800.0,0.0007617999945068,2.273736754432321e-13,0,0.5,0.5000000000000001
2025-07-10,mpc,error_scaled_frozen_contract_and_soc,61117.02559902127,59729.37125797008,1387.65434105119,92294.13744148676,80363.64414862961,11930.493292857142,4458.875050226587,245.99062976190476,15,7,12716.739578894754,1832.8979223039173,18239.52607600237,14774.016704761903,10800.0,10799.999352000015,1769.5032608667489,10800.0,1.1634713999956148,2.273736754432321e-13,0,0.5,0.5000000000000001
2025-07-11,greedy,error_scaled_frozen_contract_and_soc,34311.766328988844,34311.766328988844,0.0,55126.64299067941,43248.65833591751,11877.984654761904,4479.774366942857,0.0,0,0,9008.024437786597,11608.357033451948,18171.412583523357,14718.844192653924,10800.0,10800.0,2652.888900793652,10800.0,0.0004806999932043,1.1368683772161605e-13,0,0.5,0.4999999999999999
2025-07-11,mpc,error_scaled_frozen_contract_and_soc,35673.115709251935,34311.766328988844,1361.3493802630946,55126.64299067941,43248.65833591751,11877.984654761904,4479.774366942857,343.70092738095224,20,7,8177.544704221038,12803.783163387274,18059.59688358216,14628.27396170154,10800.0,10799.999460000012,1912.65472769785,10800.0,1.0683680999936769,1.1368683772161605e-13,0,0.5,0.4999999999999999
2025-07-12,greedy,error_scaled_frozen_contract_and_soc,34180.40410921958,34180.40410921958,0.0,55144.83860375941,43185.61027994989,11959.22832380952,4454.7564859225,0.0,0,0,8663.391457892416,12380.520463680046,17823.58473080848,14437.103631954871,10800.0,10800.0,2693.9801719576744,10800.0,0.0006309000018518,1.1368683772161605e-13,0,0.5,0.5
2025-07-12,mpc,error_scaled_frozen_contract_and_soc,35140.27332647136,34180.40410921958,959.869217251787,55144.83860375941,43185.61027994989,11959.22832380952,4454.7564859225,196.22622023809555,14,6,8184.5875955843185,13038.59894243434,17912.806256028955,14509.373553383442,10800.0,10799.999460000012,2194.009277191282,10800.0,0.9928664000035496,1.1368683772161605e-13,0,0.5,0.5
2025-07-13,greedy,error_scaled_frozen_contract_and_soc,59493.19795864214,59493.19795864214,0.0,92349.52734328894,80262.58119328895,12086.946149999998,4387.450220445437,0.0,0,0,13759.036996517569,2569.356966974495,17503.189574118976,14177.583555036374,10800.0,10800.0,2445.9862777777785,10800.0,0.0003478999860817,1.1368683772161605e-13,0,0.5,0.5
2025-07-13,mpc,error_scaled_frozen_contract_and_soc,60393.777039936176,59493.19795864214,900.5790812940467,92349.52734328894,80262.58119328895,12086.946149999998,4387.450220445437,153.23893214285695,8,5,14579.074672935403,1754.7240535783922,18281.266706335336,14807.82651813161,10800.0,10799.999460000012,1864.8661075337668,10800.0,1.0651158000109715,2.273736754432321e-13,0,0.5,0.5
2025-07-14,greedy,error_scaled_frozen_contract_and_soc,58399.73643317652,58399.73643317652,0.0,91050.01088425552,79148.09987711266,11901.911007142857,4344.417517699326,0.0,0,0,12860.541416196353,1469.0391152410311,17288.81453237615,14003.939771224685,10800.0,10800.0,2351.5869854497373,10800.0,0.0003595000016503,2.273736754432321e-13,0,0.5,0.5
2025-07-14,mpc,error_scaled_frozen_contract_and_soc,59026.25032910986,58399.73643317652,626.5138959333367,91050.01088425552,79148.09987711266,11901.911007142857,4344.417517699326,102.00371190476253,8,5,12949.72458031154,1319.2538702380955,18144.638587073423,14697.158033129446,10800.0,10799.99913600003,1721.437417659824,10800.0,0.8396168999897782,2.273736754432321e-13,0,0.5,0.5
2025-07-15,greedy,error_scaled_frozen_contract_and_soc,58535.00196652431,58535.00196652431,0.0,90700.84935012928,78794.440714415,11906.408635714282,4292.775918274605,0.0,0,0,12747.90625433568,983.6654142857144,17113.72654427713,13862.11850086448,10800.0,10800.0,2526.647433862434,10800.0,0.0003364000003784,1.1368683772161605e-13,0,0.5,0.5
2025-07-15,mpc,error_scaled_frozen_contract_and_soc,59149.86332360228,58535.00196652431,614.8613570779776,90700.84935012928,78794.440714415,11906.408635714282,4292.775918274605,116.4100892857146,9,3,11904.096742163409,1742.4882559523817,18173.71256002084,14720.707756816864,10800.0,10799.999352000015,1536.0039665726372,10800.0,1.1200738000043202,2.273736754432321e-13,0,0.5,0.5
2025-07-16,greedy,error_scaled_frozen_contract_and_soc,57807.83405364512,57807.83405364512,0.0,89721.82633301965,77767.49013540059,11954.336197619046,4373.80398421881,0.0,0,0,12261.00170661376,1226.510037360374,17097.13009272074,13848.675375103803,10800.0,10800.0,2386.004613756615,10800.0,0.0004092000017408,2.273736754432321e-13,0,0.5,0.5
2025-07-16,mpc,error_scaled_frozen_contract_and_soc,59210.522440764165,57807.83405364512,1402.6883871190444,89721.82633301965,77767.49013540059,11954.336197619046,4373.80398421881,269.0119440476185,10,6,11652.403544794215,2028.1614619047623,17496.91569547209,14172.502296532375,10800.0,10799.999352000015,1471.8067592845791,10800.0,1.1132408999983454,2.273736754432321e-13,0,0.5,0.5
2025-07-17,greedy,error_scaled_frozen_contract_and_soc,57657.92345552144,57657.92345552144,0.0,89222.0675821017,77355.34345114933,11866.72413095238,4445.885476039088,0.0,0,0,11435.0819904321,1367.077327380952,17505.47736217089,14179.43666335842,10800.0,10800.0,2516.656543650793,10800.0,0.0004067999980179,2.273736754432321e-13,0,0.5,0.5
2025-07-17,mpc,error_scaled_frozen_contract_and_soc,60420.97240041073,57657.92345552144,2763.048944889284,89222.0675821017,77355.34345114933,11866.72413095238,4445.885476039088,527.5783547619046,20,8,11301.4702082761,2062.352701773844,17326.084444933997,14034.128983596518,10800.0,10799.999352000015,1556.7822912857164,10800.0,1.0926942999940366,2.273736754432321e-13,0,0.5,0.5
2025-07-18,greedy,error_scaled_frozen_contract_and_soc,33605.18820445317,33605.18820445317,0.0,54489.36480390252,42592.98716104538,11896.377642857142,4309.550831768969,0.0,0,0,8896.70447257495,12704.67348778383,17495.055247974553,14170.99475085938,10800.0,10800.0,2812.62803042328,10800.0,0.0010777999996207,2.273736754432321e-13,0,0.5,0.5
2025-07-18,mpc,error_scaled_frozen_contract_and_soc,34360.21210564661,33605.18820445317,755.02390119345,54489.36480390252,42592.98716104538,11896.377642857142,4309.550831768969,132.8394976190473,14,9,8088.484141769227,13586.176686443883,17874.601684882124,14490.984558002236,10800.0,10786.047563058091,1879.63270040369,10800.0,1.0563426000007894,2.273736754432321e-13,0,0.5,0.5
2025-07-19,greedy,error_scaled_frozen_contract_and_soc,33872.7797764174,33872.7797764174,0.0,54738.65519584145,42560.96700774621,12177.688188095235,4292.476615862937,0.0,0,0,8950.795729335683,14640.41304901061,17657.826802606087,14302.839710110926,10800.0,10800.0,2667.265812169313,10800.0,0.0006060999876353,1.1368683772161605e-13,0,0.5,0.5000000000000001
2025-07-19,mpc,error_scaled_frozen_contract_and_soc,34702.03521270312,33872.7797764174,829.2554362857146,54738.65519584145,42560.96700774621,12177.688188095235,4292.476615862937,220.2284797619048,16,11,8607.396990567308,15171.649039513257,17828.309508014678,14440.93118749188,10800.0,10799.999460000012,2138.791222612086,10800.0,1.0643525000050431,1.1368683772161605e-13,0,0.5,0.5000000000000001
2025-07-20,greedy,error_scaled_frozen_contract_and_soc,57494.43903554366,57494.43903554366,0.0,88535.96628321864,76358.03560940911,12177.930673809522,4299.661203891429,0.0,0,0,11642.787084391528,1379.3145416666662,16869.23623442842,13664.081349887016,10800.0,10800.0,2498.8356825396822,10800.0,0.0004608000017469,2.273736754432321e-13,0,0.5,0.4999999999999999
2025-07-20,mpc,error_scaled_frozen_contract_and_soc,58826.17328684662,57494.43903554366,1331.734251302971,88535.96628321864,76358.03560940911,12177.930673809522,4299.661203891429,297.48434404761804,16,5,11723.50636750439,1604.6530511904768,16824.115378696508,13627.53394274416,10800.0,10799.999460000012,1659.0407520306826,10800.0,1.160043299998506,2.273736754432321e-13,0,0.5,0.4999999999999999
2025-07-21,greedy,error_scaled_frozen_contract_and_soc,58657.380632682616,58657.380632682616,0.0,90477.394764848,78134.57489580038,12342.819869047617,4246.4479516935335,0.0,0,0,11947.73343036449,1175.680442857143,16987.561397031102,13759.924731595194,10800.0,10800.0,2547.507813492065,10800.0,0.0003761999978451,1.1368683772161605e-13,0,0.5,0.4999999999999999
2025-07-21,mpc,error_scaled_frozen_contract_and_soc,60522.39737111238,58657.380632682616,1865.0167384297656,90477.394764848,78134.57489580038,12342.819869047617,4246.4479516935335,373.6433940476198,19,7,11721.361881633144,1799.8022556654828,16860.6862031922,13657.15640778567,10800.0,10799.999352000015,1570.886333755724,10800.0,1.1519133999972837,2.273736754432321e-13,0,0.5,0.4999999999999999
2025-07-22,greedy,error_scaled_frozen_contract_and_soc,58029.83055840958,58029.83055840958,0.0,89808.30848165134,77343.88005784183,12464.42842380952,4202.715991152303,0.0,0,0,12122.240404585533,857.6992285714286,16920.950994581955,13705.97030561138,10800.0,10800.0,2364.505298941799,10800.0,0.0003868999920086,2.273736754432321e-13,0,0.5,0.5000000000000001
2025-07-22,mpc,error_scaled_frozen_contract_and_soc,59488.08842051909,58029.83055840958,1458.257862109519,89808.30848165134,77343.88005784183,12464.42842380952,4202.715991152303,278.56208095238026,20,7,11643.673167658464,1613.679911308692,17033.317336866996,13817.18801275424,10800.0,10777.554477897813,1385.5871970336584,10800.0,1.072700699995039,1.1368683772161605e-13,0,0.5,0.5000000000000001
2025-07-23,greedy,error_scaled_frozen_contract_and_soc,58642.66972044678,58642.66972044678,0.0,90867.62583455862,78355.13153455863,12512.494299999997,4207.61200108766,0.0,0,0,11668.71045367431,1503.5733305996475,17812.187996485758,14427.872277153469,10800.0,10800.0,2421.4096560846574,10800.0,0.0002792000013869,1.1368683772161605e-13,0,0.5,0.5
2025-07-23,mpc,error_scaled_frozen_contract_and_soc,62087.22136564798,58642.66972044678,3444.5516452011925,90867.62583455862,78355.13153455863,12512.494299999997,4207.61200108766,672.6976559523812,25,5,12359.281614769105,1593.949333140925,17242.456814992544,13966.390603343942,10800.0,10799.999352000015,1658.425602000002,10800.0,1.00134230000549,2.273736754432321e-13,0,0.5,0.5
2025-07-24,greedy,error_scaled_frozen_contract_and_soc,58525.94521774065,58525.94521774065,0.0,90616.45040767934,78073.24547434601,12543.204933333329,4211.436809933018,0.0,0,0,12571.890569944157,1025.2379499999995,16801.575505623845,13609.276159555322,10800.0,10800.0,2475.748297619049,10800.0,0.0002797000051941,2.273736754432321e-13,0,0.5,0.5
2025-07-24,mpc,error_scaled_frozen_contract_and_soc,59277.29967923649,58525.94521774065,751.3544614958353,90616.45040767934,78073.24547434601,12543.204933333329,4211.436809933018,145.11420833333366,9,7,11711.973883317234,1873.9626452380944,17630.704793441248,14282.09924765056,10800.0,10798.635150040942,1200.0,10800.0,0.9828398999961792,2.273736754432321e-13,0,0.5,0.5
2025-07-25,greedy,error_scaled_frozen_contract_and_soc,33386.067688411,33386.067688411,0.0,54084.03373912489,41829.664005791565,12254.369733333331,4071.596640023135,0.0,0,0,9466.58996457966,13814.286590307038,17661.111621303775,14305.500413256055,10800.0,10800.0,2818.003725264552,10800.0,0.0006815999950049,1.1368683772161605e-13,0,0.5,0.5
2025-07-25,mpc,error_scaled_frozen_contract_and_soc,34168.800080590765,33386.067688411,782.7323921797613,54084.03373912489,41829.664005791565,12254.369733333331,4071.596640023135,216.8914940476188,19,9,9079.555320658115,14402.484417870546,17743.89476028086,14372.555241827486,10800.0,10799.999460000012,2412.9783270000034,10800.0,1.0274432000005618,1.1368683772161605e-13,0,0.5,0.5
2025-07-26,greedy,error_scaled_frozen_contract_and_soc,33955.95726233352,33955.95726233352,0.0,54784.324456613205,42658.5197018513,12125.804754761904,4056.195429319841,0.0,0,0,9474.025923515032,13323.987533333331,17728.141709288648,14359.794784523809,10800.0,10800.0,2700.615841269843,10800.0,0.0006051000091247,2.273736754432321e-13,0,0.5,0.5
2025-07-26,mpc,error_scaled_frozen_contract_and_soc,34992.97246989781,33955.95726233352,1037.015207564286,54784.324456613205,42658.5197018513,12125.804754761904,4056.195429319841,252.9660869047619,14,8,8823.446764177866,14214.963171976771,17794.30009664904,14413.383564285712,10800.0,10799.999460000012,2213.1283904616485,10800.0,0.994876099997782,1.1368683772161605e-13,0,0.5,0.5
2025-07-27,greedy,error_scaled_frozen_contract_and_soc,57615.687661676224,57615.687661676224,0.0,89385.28194028982,77247.34664505172,12137.935295238094,4086.898890654445,0.0,0,0,11551.022662218098,823.5396299235679,18428.82362433863,14927.347135714288,10800.0,10800.0,2443.448437830685,10800.0,0.0003960999893024,2.273736754432321e-13,0,0.5,0.5
2025-07-27,mpc,error_scaled_frozen_contract_and_soc,62627.61158176016,57615.687661676224,5011.923920083933,89385.28194028982,77247.34664505172,12137.935295238094,4086.898890654445,1008.4262083333342,27,6,11795.394715969647,1809.070608333335,17318.834476701122,14038.834811904762,10800.0,10788.245682470162,1727.9940388374152,10800.0,1.037711599987233,2.273736754432321e-13,0,0.5,0.5
2025-07-28,greedy,error_scaled_frozen_contract_and_soc,57691.70262311742,57691.70262311742,0.0,89552.84762162433,77327.49473591003,12225.352885714285,4134.478453481944,0.0,0,0,10051.152094753088,402.1905071428573,18155.76417651531,14706.168982977404,10800.0,10800.0,2496.2564801587314,10800.0,0.0004308000061428,1.1368683772161605e-13,0,0.5,0.5
2025-07-28,mpc,error_scaled_frozen_contract_and_soc,61104.69908623648,57691.70262311742,3412.996463119054,89552.84762162433,77327.49473591003,12225.352885714285,4134.478453481944,669.9702833333348,23,6,10275.08580235293,978.8752714285712,17533.473439153564,14214.526434167878,10800.0,10786.20783505168,1327.400189390255,10800.0,0.9605726000008872,2.273736754432321e-13,0,0.5,0.5
2025-07-29,greedy,error_scaled_frozen_contract_and_soc,58869.750635514974,58869.750635514974,0.0,91543.8868544694,79073.0698044694,12470.81705,4099.266264956825,0.0,0,0,12005.516508966755,624.440071428571,17749.053716931216,14376.733510714286,10800.0,10800.0,2386.83596825397,10800.0,0.0008428000001003,1.1368683772161605e-13,0,0.5,0.5
2025-07-29,mpc,error_scaled_frozen_contract_and_soc,60610.47338209117,58869.750635514974,1740.7227465761916,91543.8868544694,79073.0698044694,12470.81705,4099.266264956825,318.6150500000002,21,8,12468.541735126377,480.6549129908592,17745.767219447403,14374.07203095238,10800.0,10799.999352000015,1619.353872102257,10800.0,0.992833399999654,2.273736754432321e-13,0,0.5,0.5
2025-07-30,greedy,error_scaled_frozen_contract_and_soc,59225.44077745298,59225.44077745298,0.0,92032.768140365,79546.76180703167,12486.006333333333,4123.639435024681,0.0,0,0,12560.191315604165,1261.2606593664436,18089.24428528376,14652.287871079849,10800.0,10800.0,2531.333468253967,10800.0,0.0004256999964127,2.273736754432321e-13,0,0.5,0.4999999999999999
2025-07-30,mpc,error_scaled_frozen_contract_and_soc,61258.35092116489,59225.44077745298,2032.910143711912,92032.768140365,79546.76180703167,12486.006333333333,4123.639435024681,430.1106750000013,18,4,13351.214188130723,893.8989292531428,18123.192263108594,14679.78631631794,10800.0,10799.999352000015,1646.9375175199575,10800.0,1.0711196000047494,2.273736754432321e-13,0,0.5,0.4999999999999999
2025-07-31,greedy,error_scaled_frozen_contract_and_soc,58712.75764022862,58712.75764022862,0.0,91561.4883066234,79078.65943281387,12482.828873809522,4067.496652938214,0.0,0,0,12459.057499412116,819.6552333333327,18006.752926425386,14585.469870404566,10800.0,10800.0,2321.4342103174595,10800.0,0.0008405000116908,2.273736754432321e-13,0,0.5,0.5
2025-07-31,mpc,error_scaled_frozen_contract_and_soc,60960.59924511195,58712.75764022862,2247.8416048833337,91561.4883066234,79078.65943281387,12482.828873809522,4067.496652938214,404.4240023809524,24,6,12654.66448920927,1041.8361023809537,17936.419909247277,14528.50070969028,10800.0,10799.999352000015,1566.886827000003,10800.0,1.0778201000066474,2.273736754432321e-13,0,0.5,0.5
2025-08-01,greedy,error_scaled_frozen_contract_and_soc,32892.11768292544,32892.11768292544,0.0,53344.86986262881,41654.92411977166,11689.945742857144,4407.55177447242,0.0,0,0,8802.297958877134,16088.077213107286,17925.452400634633,14519.616444514051,10800.0,10800.0,2545.1863879894204,10800.0,0.0002497999957995,1.1368683772161605e-13,0,0.5,0.4999999999999999
2025-08-01,mpc,error_scaled_frozen_contract_and_soc,33705.65654017604,32892.11768292544,813.5388572505946,53344.86986262881,41654.92411977166,11689.945742857144,4407.55177447242,226.6666333333333,13,7,9330.07482067871,15750.557400979493,18140.886017627512,14698.640477847384,10800.0,10794.974662701,2207.082056795264,10800.0,0.99125200000708,1.1368683772161605e-13,0,0.5,0.4999999999999999
2025-08-02,greedy,error_scaled_frozen_contract_and_soc,32133.543242735395,32133.543242735395,0.0,52306.95465232722,41788.37046899389,10518.584183333332,4861.965758465753,0.0,0,0,7931.425152689592,15992.084525257009,18325.54250300577,14843.689427434678,10800.0,10800.0,2235.243456706349,10800.0,0.0003060000017285,1.1368683772161605e-13,0,0.5,0.4999999999999999
2025-08-02,mpc,error_scaled_frozen_contract_and_soc,32688.158129855638,32133.543242735395,554.6148871202386,52306.95465232722,41788.37046899389,10518.584183333332,4861.965758465753,114.65796904761908,12,7,8189.094784099025,15792.144658739013,18637.050008352435,15098.268728625157,10800.0,10797.490864600357,1860.6924155980785,10800.0,1.058881000004476,1.1368683772161605e-13,0,0.5,0.4999999999999999
2025-08-03,greedy,error_scaled_frozen_contract_and_soc,55184.276408262056,55182.824243412055,1.4521648499997666,86288.46622880522,77004.60736690045,9283.858861904762,4933.815809295157,0.215566666666632,1,1,11447.855811507938,3630.960355952381,17438.993731389288,14125.584922425323,10800.0,10800.0,1602.83067989418,10800.0,0.000348200002918,2.273736754432321e-13,0,0.5,0.5000000000000001
2025-08-03,mpc,error_scaled_frozen_contract_and_soc,56500.9366589436,55182.824243412055,1318.1124155315467,86288.46622880522,77004.60736690045,9283.858861904762,4933.815809295157,218.891676190476,11,3,11688.240445849618,3404.3416992478005,18633.966156133138,15115.647215282464,10800.0,10775.405967983754,1438.743269142853,10800.0,1.003172500000801,2.273736754432321e-13,0,0.5,0.5000000000000001
2025-08-04,greedy,error_scaled_frozen_contract_and_soc,53660.66876577112,53660.66876577112,0.0,83773.35558807431,75402.37329997907,8370.982288095238,4811.136720297698,0.0,0,0,9175.568833392112,2840.0600571428577,17289.82602714937,14004.75908199099,10800.0,10800.0,1738.188395502647,10800.0,0.000833700003568,2.273736754432321e-13,0,0.5,0.4999999999999999
2025-08-04,mpc,error_scaled_frozen_contract_and_soc,54162.49676293065,53660.66876577112,501.8279971595226,83773.35558807431,75402.37329997907,8370.982288095238,4811.136720297698,86.76440833333302,11,7,9274.353363563036,2684.115792056971,18145.08955849291,14716.098470086228,10800.0,10779.360080325589,1398.140751187739,10800.0,1.084830099993269,2.273736754432321e-13,0,0.5,0.4999999999999999
2025-08-05,greedy,error_scaled_frozen_contract_and_soc,52305.71696248406,52305.71696248406,0.0,81315.96637201101,73594.83327915389,7721.133092857141,4404.89901265365,0.0,0,0,7636.195480408575,2916.7763904761905,17266.99541946149,13986.26628976381,10800.0,10800.0,1775.1312619047626,10800.0,0.0004006999952252,1.1368683772161605e-13,0,0.5,0.5
2025-08-05,mpc,error_scaled_frozen_contract_and_soc,53198.6426783299,52305.71696248406,892.9257158458364,81315.96637201101,73594.83327915389,7721.133092857141,4404.89901265365,173.0910071428578,15,5,7774.244015092446,2850.55098509611,17890.79073182437,14508.793724287616,10800.0,10780.829742766802,1349.34796460331,10800.0,1.0306131000106689,2.273736754432321e-13,0,0.5,0.5
2025-08-06,greedy,error_scaled_frozen_contract_and_soc,50965.21145899441,50965.21145899441,0.0,79215.82925329599,72364.93511996265,6850.894133333331,3594.2990238888888,0.0,0,0,5304.829261507941,2185.068048809523,17657.916704899522,14302.912530968615,10800.0,10800.0,1688.8402751322765,10800.0,0.0002641999890329,2.273736754432321e-13,0,0.5,0.5000000000000001
2025-08-06,mpc,error_scaled_frozen_contract_and_soc,55675.53114013508,50965.21145899441,4710.319681140663,79215.82925329599,72364.93511996265,6850.894133333331,3594.2990238888888,877.9469296642873,17,10,5398.151639885662,3058.9495488095254,17274.358396759897,14008.611171542429,10800.0,10781.799033147876,1200.0,10800.0,1.0418595999944955,2.273736754432321e-13,0,0.5,0.5000000000000001
2025-08-07,greedy,error_scaled_frozen_contract_and_soc,50110.97369709857,50110.97369709857,0.0,77269.42425605941,70713.72454653561,6555.699709523808,3082.870094203095,0.0,0,0,5446.250715314764,3195.026782186705,18035.299675367674,14608.592737047818,10800.0,10800.0,1610.8135039682538,10800.0,0.0002807999990181,2.273736754432321e-13,0,0.5,0.5000000000000001
2025-08-07,mpc,error_scaled_frozen_contract_and_soc,51968.27183057774,50110.97369709857,1857.2981334791705,77269.42425605941,70713.72454653561,6555.699709523808,3082.870094203095,434.5669011904771,23,9,5584.335315255896,3551.2906667198786,17792.979807560037,14426.054452524008,10800.0,10784.732435110693,1348.2085880744514,10800.0,1.0408241999975871,2.273736754432321e-13,0,0.5,0.5000000000000001
2025-08-08,greedy,error_scaled_frozen_contract_and_soc,28578.24921889621,28578.24921889621,0.0,47437.21148496075,40944.791101627416,6492.420383333332,3096.125355646705,0.0,0,0,4773.053833627277,20633.85118762056,19757.71056089502,16003.74555432496,10800.0,10800.0,1813.192162275132,10800.0,0.0003521000035107,2.273736754432321e-13,0,0.5,0.4999999999999999
2025-08-08,mpc,error_scaled_frozen_contract_and_soc,29562.026429128357,28578.24921889621,983.7772102321424,47437.21148496075,40944.791101627416,6492.420383333332,3096.125355646705,221.72097738095243,14,5,5888.347794166689,19714.141318950627,19895.276185692204,16115.174293610671,10800.0,10799.999352000015,1535.995258450792,10800.0,1.0205761999968672,2.273736754432321e-13,0,0.5,0.4999999999999999
2025-08-09,greedy,error_scaled_frozen_contract_and_soc,27981.44659041965,27981.44659041965,0.0,46472.91377680119,40074.54465537262,6398.369121428572,3129.9384278748003,0.0,0,0,4280.625491612289,19393.41666547619,19867.803625054377,16092.920936294046,10800.0,10800.0,1850.7897560449724,10800.0,0.0003872999950544,2.273736754432321e-13,0,0.5,0.4999999999999999
2025-08-09,mpc,error_scaled_frozen_contract_and_soc,28992.238543676795,27981.44659041965,1010.791953257144,46472.91377680119,40074.54465537262,6398.369121428572,3129.9384278748003,249.2669571428575,20,11,4718.900625027709,19195.89598618216,19943.945313790133,16160.550122008332,10800.0,10793.383980179642,1367.2183211406643,10800.0,1.027852500003064,1.1368683772161605e-13,0,0.5,0.4999999999999999
2025-08-10,greedy,error_scaled_frozen_contract_and_soc,49446.2231639742,49446.2231639742,0.0,75839.71794379086,69256.31419140991,6583.403752380953,3076.1007221633718,0.0,0,0,4669.921685477673,2413.90326768223,17598.803164975026,14255.03056362977,10800.0,10800.0,1657.8016428571443,10800.0,0.0006461000011768,2.273736754432321e-13,0,0.5,0.4999999999999999
2025-08-10,mpc,error_scaled_frozen_contract_and_soc,52981.04615802834,49446.2231639742,3534.822994054126,75839.71794379086,69256.31419140991,6583.403752380953,3076.1007221633718,547.3402402894449,11,8,4055.354767904391,3587.651364285714,17543.057360944826,14211.125698340327,10800.0,10798.611960027762,1200.0,10800.0,1.003997400010121,2.273736754432321e-13,0,0.5,0.4999999999999999
2025-08-11,greedy,error_scaled_frozen_contract_and_soc,49570.17981999072,49447.823754574056,122.3560654166676,76529.98884902339,70054.75391807102,6475.23493095238,3001.927387038372,18.16083333333347,2,1,4857.22703126102,2756.5986934303364,18336.42250901571,14852.50223230272,10800.0,10800.0,1367.3165793650785,10800.0,0.0005019999953219,2.273736754432321e-13,0,0.5,0.5000000000000001
2025-08-11,mpc,error_scaled_frozen_contract_and_soc,51558.42977799133,49447.823754574056,2110.6060234172646,76529.98884902339,70054.75391807102,6475.23493095238,3001.927387038372,411.787071428572,22,8,4890.114378104855,3185.148304210813,18050.878837105683,14634.76927992177,10800.0,10784.936197926483,1299.0080344945718,10800.0,1.198725900001591,2.273736754432321e-13,0,0.5,0.5000000000000001
2025-08-12,greedy,error_scaled_frozen_contract_and_soc,48424.942521413934,48239.45487587227,185.48764554166632,74577.84045015514,68321.93480015514,6255.905649999999,3144.4367844371427,27.542616666666618,2,1,3057.3283535273367,1963.9101103762523,17826.002509093392,14439.062032365646,10800.0,10800.0,1408.28974867725,10800.0,0.0003713000041898,2.273736754432321e-13,0,0.5,0.5
2025-08-12,mpc,error_scaled_frozen_contract_and_soc,53028.580518079296,48239.45487587227,4789.125642207025,74577.84045015514,68321.93480015514,6255.905649999999,3144.4367844371427,800.960513042183,24,11,3322.776527050888,2558.626297619048,17369.444728088947,14069.250715752034,10800.0,10799.999460000012,1200.0,10800.0,1.13548979999905,2.273736754432321e-13,0,0.5,0.5
2025-08-13,greedy,error_scaled_frozen_contract_and_soc,49107.7938465185,48963.62391303934,144.169933479165,75541.64676359427,68922.91336359427,6618.7334,3095.346068816665,21.38919166666642,2,1,4551.433030614344,1939.4079094797148,17855.09538684327,14462.62726334305,10800.0,10800.0,1473.3553888888878,10800.0,0.0009796999947866,2.273736754432321e-13,0,0.5,0.4999999999999999
2025-08-13,mpc,error_scaled_frozen_contract_and_soc,50818.24138737207,48963.62391303934,1854.6174743327276,75541.64676359427,68922.91336359427,6618.7334,3095.346068816665,348.775447476189,21,9,4183.981997413959,2645.074608580233,17798.10104952418,14416.462336114566,10800.0,10799.999460000012,1200.0,10800.0,0.9498155000037514,1.1368683772161605e-13,0,0.5,0.4999999999999999
2025-08-14,greedy,error_scaled_frozen_contract_and_soc,49056.55398397426,48943.301302675456,113.25268129880934,75705.20722500893,68866.99717738989,6838.210047619046,3070.4524939883327,16.472427380952354,2,2,4304.080939502093,2275.7261238870906,19065.98554987834,15443.448295401458,10800.0,10800.0,1463.8468161375663,10800.0,0.0003100000030826,2.273736754432321e-13,0,0.5,0.5000000000000001
2025-08-14,mpc,error_scaled_frozen_contract_and_soc,52383.48108213378,48943.301302675456,3440.179779458332,75705.20722500893,68866.99717738989,6838.210047619046,3070.4524939883327,678.413063095238,28,9,4093.6753724842074,3277.6031885203342,18384.24672934632,14891.240336770505,10800.0,10799.999460000012,1200.0,10800.0,1.0217192999989493,2.273736754432321e-13,0,0.5,0.5000000000000001
2025-08-15,greedy,error_scaled_frozen_contract_and_soc,28157.88352274271,28157.88352274271,0.0,46569.299163774434,39852.83237091729,6716.466792857143,3112.091100464841,0.0,0,0,4559.624094150504,19862.811493328227,20199.664549426023,16361.728285035086,10800.0,10800.0,1715.0241628439169,10800.0,0.0003575000009732,1.1368683772161605e-13,0,0.5,0.5000000000000001
2025-08-15,mpc,error_scaled_frozen_contract_and_soc,29594.54906916236,28157.88352274271,1436.6655464196451,46569.299163774434,39852.83237091729,6716.466792857143,3112.091100464841,360.08007619047646,25,11,4725.190470606582,20122.595910714284,19986.098754393413,16213.433207654134,10800.0,10772.5630926717,1385.716191499221,10800.0,1.055063899999368,2.273736754432321e-13,0,0.5,0.5000000000000001
2025-08-16,greedy,error_scaled_frozen_contract_and_soc,28249.71879500124,28249.71879500124,0.0,46815.9539790897,40108.24141956589,6707.7125595238085,3059.729410529285,0.0,0,0,4659.648343092302,20177.02312429841,20178.22368312757,16344.361183333333,10800.0,10800.0,1512.5758237698433,10800.0,0.0004408000095281,1.1368683772161605e-13,0,0.5,0.5
2025-08-16,mpc,error_scaled_frozen_contract_and_soc,30048.60133270957,28249.71879500124,1798.882537708333,46815.9539790897,40108.24141956589,6707.7125595238085,3059.729410529285,387.23399880952377,25,11,4668.907615757404,20624.836205075237,19865.294408929265,16101.270263767436,10800.0,10788.464674961406,1460.9105777184093,10800.0,1.0425462999992303,1.1368683772161605e-13,0,0.5,0.5
2025-08-17,greedy,error_scaled_frozen_contract_and_soc,49123.49589826416,49123.49589826416,0.0,75642.71361485083,68984.688655327,6658.02495952381,3029.821726945633,0.0,0,0,4740.444640961199,3225.0940695620197,18061.215116761785,14629.584244577049,10800.0,10800.0,1489.530555555555,10800.0,0.0003811000060522,1.1368683772161605e-13,0,0.5,0.5
2025-08-17,mpc,error_scaled_frozen_contract_and_soc,51335.82920046832,49123.49589826416,2212.3333022041625,75642.71361485083,68984.688655327,6658.02495952381,3029.821726945633,470.93001428571336,20,7,4623.247646101972,3876.1181714141735,17730.18085619743,14361.447076719904,10800.0,10799.999352000015,1295.2532500522432,10800.0,1.025307400006568,2.273736754432321e-13,0,0.5,0.5
2025-08-18,greedy,error_scaled_frozen_contract_and_soc,48932.42647417572,48748.472272509054,183.9542016666669,75220.12623825522,68827.58285254093,6392.543385714287,3031.34359460234,27.277500000000032,2,2,4491.751027410352,2530.5318804967665,18375.258192308323,14883.959135769745,10800.0,10800.0,1572.065264550266,10800.0,0.0004260999994585,2.273736754432321e-13,0,0.5,0.4999999999999999
2025-08-18,mpc,error_scaled_frozen_contract_and_soc,52479.28888915021,48748.472272509054,3730.816616641154,75220.12623825522,68827.58285254093,6392.543385714287,3031.34359460234,688.4410703399199,27,12,4217.433795978994,3566.911561421833,17844.214017814615,14453.813840429822,10800.0,10799.999460000012,1200.0,10800.0,1.0000201000075322,2.273736754432321e-13,0,0.5,0.4999999999999999
2025-08-19,greedy,error_scaled_frozen_contract_and_soc,49294.834215218965,49204.25756202195,90.57665319702504,75604.08062057942,69116.6483467699,6487.432273809525,3011.550582196387,13.417936904762088,2,2,4491.729700955321,2895.681740196947,17831.06029899006,14443.158842181954,10800.0,10800.0,1581.428034391534,10800.0,0.000362100006896,2.273736754432321e-13,0,0.5,0.5000000000000001
2025-08-19,mpc,error_scaled_frozen_contract_and_soc,50675.90025220409,49204.25756202195,1471.6426901821444,75604.08062057942,69116.6483467699,6487.432273809525,3011.550582196387,301.4998380952383,16,9,4158.432412518225,3464.1593146128653,18109.49241063029,14668.689338610522,10800.0,10799.999460000012,1200.0,10800.0,1.0183529000059934,2.273736754432321e-13,0,0.5,0.5000000000000001
2025-08-20,greedy,error_scaled_frozen_contract_and_soc,49131.44231339283,48876.52866869521,254.9136446976185,75159.05805018978,68689.91450733264,6469.143542857144,3001.899159635077,37.81793333333326,3,1,3470.700286772488,228.26400321869417,19415.757052423734,15726.763212463224,10800.0,10800.0,1520.673735449736,10800.0,0.0003915999986929,1.1368683772161605e-13,0,0.5,0.5
2025-08-20,mpc,error_scaled_frozen_contract_and_soc,57552.51888231188,48876.52866869521,8675.990213616667,75159.05805018978,68689.91450733264,6469.143542857144,3001.899159635077,1617.2887933505112,33,9,3205.065136693589,2452.294271428572,17521.903647388,14211.834065541289,10800.0,10778.786543158882,1200.0,10800.0,1.013794800004689,2.273736754432321e-13,0,0.5,0.5
2025-08-21,greedy,error_scaled_frozen_contract_and_soc,49505.864973275005,49505.864973275005,0.0,75828.45649821547,69065.9324625012,6762.524035714287,3174.501260490474,0.0,0,0,4716.864021296299,2195.582139285715,17818.473850953098,14432.963819272012,10800.0,10800.0,1632.3358386243403,10800.0,0.0006597000028705,2.273736754432321e-13,0,0.5,0.5
2025-08-21,mpc,error_scaled_frozen_contract_and_soc,52170.56416192633,49505.864973275005,2664.699188651336,75828.45649821547,69065.9324625012,6762.524035714287,3174.501260490474,441.9620032985569,18,10,3979.873550700487,3365.7153052439726,17961.411852019224,14567.082512402028,10800.0,10779.623430815052,1200.0,10800.0,1.0943456000095466,1.1368683772161605e-13,0,0.5,0.5
2025-08-22,greedy,error_scaled_frozen_contract_and_soc,28403.09661765405,28403.09661765405,0.0,47117.07462685007,40388.45541494531,6728.619211904762,3229.108584894125,0.0,0,0,4252.735001234569,18756.107786866643,20029.618148803547,16223.990700530878,10800.0,10800.0,1562.8078323015868,10800.0,0.0003245999978389,2.273736754432321e-13,0,0.5,0.5000000000000001
2025-08-22,mpc,error_scaled_frozen_contract_and_soc,31534.8785990445,28403.09661765405,3131.78198139045,47117.07462685007,40388.45541494531,6728.619211904762,3229.108584894125,633.2017073159511,27,9,4190.9714993404505,19602.22392813592,19467.28260228553,15812.806086072069,10800.0,10750.7698019769,1221.6755489418,10800.0,1.051639700002852,1.1368683772161605e-13,0,0.5,0.5000000000000001
2025-08-23,greedy,error_scaled_frozen_contract_and_soc,28716.863460037686,28716.863460037686,0.0,47431.83370451577,40584.09430689672,6847.739397619047,3203.658337546626,0.0,0,0,4496.866486787186,17878.580560821934,19714.818238105163,15969.002772865184,10800.0,10800.0,1815.6953820767224,10800.0,0.0003389999910723,2.273736754432321e-13,0,0.5,0.5
2025-08-23,mpc,error_scaled_frozen_contract_and_soc,29229.772842071012,28716.863460037686,512.9093820333343,47431.83370451577,40584.09430689672,6847.739397619047,3203.658337546626,140.94967738095278,16,10,4278.9910787770405,18212.00414857712,19874.03399883631,16102.81703596042,10800.0,10794.611670107764,1237.033183422575,10800.0,0.9708422999974572,1.1368683772161605e-13,0,0.5,0.5
2025-08-24,greedy,error_scaled_frozen_contract_and_soc,50021.54407114233,50021.54407114233,0.0,76914.22550328927,69918.34768662261,6995.877816666667,3125.440446739204,0.0,0,0,5168.498775234551,3353.2661277049024,18171.11106700409,14718.599964273317,10800.0,10800.0,1755.0836547619049,10800.0,0.0003706999996211,2.273736754432321e-13,0,0.5,0.5
2025-08-24,mpc,error_scaled_frozen_contract_and_soc,52206.35897127405,50021.54407114233,2184.814900131722,76914.22550328927,69918.34768662261,6995.877816666667,3125.440446739204,447.4571813868421,25,12,5040.526262235286,4004.357378865448,17897.759869319005,14520.910323362668,10800.0,10773.639078650813,1200.0,10800.0,1.0893208000052257,2.273736754432321e-13,0,0.5,0.5
2025-08-25,greedy,error_scaled_frozen_contract_and_soc,50320.34409351288,50320.34409351288,0.0,77514.33939319411,70497.65883128936,7016.680561904762,3126.386767476705,0.0,0,0,4005.9344070987736,1236.207213095238,18841.4829468678,15261.601186962922,10800.0,10800.0,1631.584710317462,10800.0,0.0003846000035991,2.273736754432321e-13,0,0.5,0.5000000000000001
2025-08-25,mpc,error_scaled_frozen_contract_and_soc,57571.63587465722,50320.34409351288,7251.291781144344,77514.33939319411,70497.65883128936,7016.680561904762,3126.386767476705,1299.9476200095182,26,9,4108.07653465313,2680.1574571428573,17545.986812170588,14212.249803858163,10800.0,10799.999460000012,1200.0,10800.0,1.0660200000129407,1.1368683772161605e-13,0,0.5,0.5000000000000001
2025-08-26,greedy,error_scaled_frozen_contract_and_soc,50823.7418074499,50823.7418074499,0.0,78395.72887084603,71182.08431846507,7213.644552380952,3153.9780252530145,0.0,0,0,6291.843913937957,2203.12080606498,18221.97925882332,14759.803199646887,10800.0,10800.0,1694.1682420634922,10800.0,0.0004744999896502,2.273736754432321e-13,0,0.5,0.4999999999999999
2025-08-26,mpc,error_scaled_frozen_contract_and_soc,52719.8849887198,50823.7418074499,1896.143181269898,78395.72887084603,71182.08431846507,7213.644552380952,3153.9780252530145,356.75447756933465,19,7,5283.870532368632,3598.8360348980227,18058.890397273884,14627.70170779184,10800.0,10799.999460000012,1200.0,10800.0,1.0587896999932127,2.273736754432321e-13,0,0.5,0.4999999999999999
2025-08-27,greedy,error_scaled_frozen_contract_and_soc,50956.20954830301,50956.20954830301,0.0,78298.74146327871,71213.21422042156,7085.527242857143,3123.0229000367444,0.0,0,0,5360.245840079364,1718.134591666667,18893.17105568581,15303.468555105512,10800.0,10800.0,1624.2860145502664,10800.0,0.0013490999990608,2.273736754432321e-13,0,0.5,0.5
2025-08-27,mpc,error_scaled_frozen_contract_and_soc,53877.78942123158,50956.20954830301,2921.579872928567,78298.74146327871,71213.21422042156,7085.527242857143,3123.0229000367444,549.4290979999996,21,9,4721.000965737087,3016.761565476191,18324.260288361424,14844.510789248372,10800.0,10797.93338258265,1200.0,10800.0,1.0295848999958253,2.273736754432321e-13,0,0.5,0.5
2025-08-28,greedy,error_scaled_frozen_contract_and_soc,50687.775140522615,50615.12671385595,72.64842666666878,77703.46177635944,70935.42298350229,6768.038792857143,3137.241299169166,10.780000000000314,2,2,4660.24133384774,567.4356078630238,18803.69151694793,15230.990128727824,10800.0,10800.0,1629.006771164024,10800.0,0.0003897999995388,2.273736754432321e-13,0,0.5,0.5
2025-08-28,mpc,error_scaled_frozen_contract_and_soc,53303.51522201905,50615.12671385595,2688.3885081631024,77703.46177635944,70935.42298350229,6768.038792857143,3137.241299169166,540.0027297619063,27,8,4348.153482802672,1515.2118642857145,18318.99527109412,14852.759558489728,10800.0,10784.029567885009,1216.6982023350645,10800.0,0.9798752000060632,2.273736754432321e-13,0,0.5,0.5
2025-08-29,greedy,error_scaled_frozen_contract_and_soc,29778.04504466061,29778.04504466061,0.0,48532.99436139666,41716.10264711095,6816.891714285714,3376.771525540396,0.0,0,0,4969.613319855969,16813.14144813815,19897.146299863016,16116.688502889052,10800.0,10800.0,1859.302774748678,10800.0,0.0002875000063795,2.273736754432321e-13,0,0.5,0.5
2025-08-29,mpc,error_scaled_frozen_contract_and_soc,31546.61745958144,29778.04504466061,1768.572414920834,48532.99436139666,41716.10264711095,6816.891714285714,3376.771525540396,374.7605535714287,17,5,5300.630835572312,16868.90358031714,19833.89097815816,16065.4522755081,10800.0,10799.999352000015,1578.7521607847582,10800.0,1.0285843000019668,2.273736754432321e-13,0,0.5,0.5
2025-08-30,greedy,error_scaled_frozen_contract_and_soc,29471.328383162203,29471.328383162203,0.0,48244.5326239369,41372.97912631785,6871.55349761905,3399.764352042339,0.0,0,0,4613.030116416816,19162.914439883883,19396.553300842155,15711.208173682147,10800.0,10800.0,1732.3122276322758,10800.0,0.0003228999994462,2.273736754432321e-13,0,0.5,0.5
2025-08-30,mpc,error_scaled_frozen_contract_and_soc,30181.086455669934,29471.328383162203,709.7580725077383,48244.5326239369,41372.97912631785,6871.55349761905,3399.764352042339,145.7615642857142,16,8,4439.812266649448,19421.4248703673,19773.51256774516,16027.69845701548,10800.0,10787.60746984233,1353.0602421316537,10800.0,1.1118049000069732,1.1368683772161605e-13,0,0.5,0.5
2025-08-31,greedy,error_scaled_frozen_contract_and_soc,51219.45504318064,51219.45504318064,0.0,78686.83231886855,71889.05537363046,6797.776945238096,3419.098695312063,0.0,0,0,5576.276137904678,2274.3100959430576,18629.125102866463,15089.591333321834,10800.0,10800.0,1492.339428571429,10800.0,0.0004122999962419,1.1368683772161605e-13,0,0.5,0.5
2025-08-31,mpc,error_scaled_frozen_contract_and_soc,52868.40199249374,51219.45504318064,1648.9469493130955,78686.83231886855,71889.05537363046,6797.776945238096,3419.098695312063,338.3519273809525,19,7,5383.847829963647,2806.0609125920887,18628.112481063225,15089.549292845644,10800.0,10799.135352017298,1288.5351401252187,10800.0,0.9445508000062546,2.273736754432321e-13,0,0.5,0.5
2025-09-01,greedy,error_scaled_frozen_contract_and_soc,51194.38123517647,51194.38123517647,0.0,78856.28735327742,71924.80447232505,6931.482880952382,3341.564184576348,0.0,0,0,11444.891225676078,3467.266620238094,16485.232676598647,13353.038468044906,10800.0,10800.0,2417.560945767196,10800.0,0.0008660000021336,1.1368683772161605e-13,0,0.5,0.5
2025-09-01,mpc,error_scaled_frozen_contract_and_soc,51194.38123517647,51194.38123517647,5.300080374581739e-13,78856.28735327742,71924.80447232505,6931.482880952382,3341.564184576348,2.273736754432321e-13,0,0,11328.383049806624,3222.6424951639674,18385.93206682794,14892.60555733062,10800.0,10799.999352000015,1445.4006452699905,10800.0,1.0063576999964423,2.273736754432321e-13,0,0.5,0.5
2025-09-02,greedy,error_scaled_frozen_contract_and_soc,50770.06442770387,50770.06442770387,0.0,78078.62703016293,71167.21006349626,6911.416966666668,3342.0300248313474,0.0,0,0,11108.974166402122,2953.212891666666,17453.843205257377,14137.612996258478,10800.0,10800.0,2312.3871441798965,10800.0,0.0004451999993762,1.1368683772161605e-13,0,0.5,0.5000000000000001
2025-09-02,mpc,error_scaled_frozen_contract_and_soc,51648.114333252684,50770.06442770387,878.0499055488108,78078.62703016293,71167.21006349626,6911.416966666668,3342.0300248313474,204.94578214285724,14,4,10543.960540730624,3594.802676653255,18129.47586856133,14684.87603673467,10800.0,10799.999352000015,1463.2038628556738,10800.0,1.0427278999995906,2.273736754432321e-13,0,0.5,0.5000000000000001
2025-09-03,greedy,error_scaled_frozen_contract_and_soc,50461.11747770656,50461.11747770656,0.0,77658.07619948083,70802.09658757606,6855.979611904763,3345.6497491985697,0.0,0,0,10088.690034420935,3177.474522619047,16523.718832395454,13384.212254240323,10800.0,10800.0,2397.5506679894183,10800.0,0.0004202000127406,1.1368683772161605e-13,0,0.5,0.5
2025-09-03,mpc,error_scaled_frozen_contract_and_soc,50596.70110991191,50461.11747770656,135.58363220535668,77658.07619948083,70802.09658757606,6855.979611904763,3345.6497491985697,31.929601190476056,3,2,9775.374298973926,3203.208345643928,18205.36144719853,14746.343355430798,10800.0,10799.999352000015,1398.371831964631,10800.0,0.9436839999980292,2.273736754432321e-13,0,0.5,0.5
2025-09-04,greedy,error_scaled_frozen_contract_and_soc,50948.66390758609,50948.66390758609,0.0,78269.7686243164,71484.82004098306,6784.948583333335,3351.21148894849,0.0,0,0,10726.856953042328,3493.7099639035823,17005.240446060292,13774.244761308835,10800.0,10800.0,2281.818679894181,10800.0,0.000278999999864,1.1368683772161605e-13,0,0.5,0.5
2025-09-04,mpc,error_scaled_frozen_contract_and_soc,51426.61591707061,50948.66390758609,477.952009484524,78269.7686243164,71484.82004098306,6784.948583333335,3351.21148894849,96.05470714285728,9,5,9852.002497687205,4291.416952780151,17916.83390301504,14512.63604464217,10800.0,10799.999352000015,1374.3595955256428,10800.0,1.0075751999975182,2.273736754432321e-13,0,0.5,0.5
2025-09-05,greedy,error_scaled_frozen_contract_and_soc,28941.90181707992,28941.90181707992,0.0,47451.70245357344,40711.09667976391,6740.605773809525,3352.77075621234,0.0,0,0,8725.185017651384,21327.80244532876,18309.859681067468,14830.986341664657,10800.0,10800.0,2662.2307433862443,10800.0,0.0002956000098492,1.1368683772161605e-13,0,0.5,0.5
2025-09-05,mpc,error_scaled_frozen_contract_and_soc,28993.275821193016,28941.90181707992,51.3740041130959,47451.70245357344,40711.09667976391,6740.605773809525,3352.77075621234,11.62054166666681,2,1,9960.607213484584,19926.48784936327,19244.14088000928,15587.75459880751,10800.0,10799.999460000012,2025.039157841372,10800.0,1.0390830999967875,1.1368683772161605e-13,0,0.5,0.5
2025-09-06,greedy,error_scaled_frozen_contract_and_soc,29292.90194165217,29292.90194165217,0.0,47971.16771273655,41481.0056246413,6490.16208809524,3384.186913144364,0.0,0,0,9028.264874838327,20898.14853652072,18469.678277926665,14960.439405120596,10800.0,10800.0,2716.8537853686494,10800.0,0.0004950000002281,1.1368683772161605e-13,0,0.5,0.5
2025-09-06,mpc,error_scaled_frozen_contract_and_soc,29795.391505914075,29292.90194165217,502.4895642619048,47971.16771273655,41481.0056246413,6490.16208809524,3384.186913144364,120.14929285714284,10,3,10188.313192246967,19736.527156781085,19110.324810495757,15479.363582501548,10800.0,10799.999460000012,2164.3431795083907,10800.0,0.9063545999961208,1.1368683772161605e-13,0,0.5,0.5
2025-09-07,greedy,error_scaled_frozen_contract_and_soc,49935.50672106884,49935.50672106884,0.0,76439.09461727123,69987.11733869978,6451.9772785714285,3449.9669688435306,0.0,0,0,9920.275218753684,2624.372425,17878.48089445328,14481.569524507158,10800.0,10800.0,2349.980189153437,10800.0,0.0003201000072294,1.1368683772161605e-13,0,0.5,0.5
2025-09-07,mpc,error_scaled_frozen_contract_and_soc,50934.197333352175,49935.50672106884,998.6906122833328,76439.09461727123,69987.11733869978,6451.9772785714285,3449.9669688435306,184.19618690476184,7,2,9103.342448965324,3409.107773062885,19017.39769355971,15404.092714983351,10800.0,10799.999352000015,1329.6289521097774,10800.0,1.0921573999949032,2.273736754432321e-13,0,0.5,0.5
2025-09-08,greedy,error_scaled_frozen_contract_and_soc,41051.31687239432,41051.31687239432,0.0,64290.615614304574,57900.11786906648,6390.497745238097,3474.726002524166,0.0,0,0,2204.067339609056,1774.9679143531016,18860.149553180698,15276.72113807637,10800.0,10800.0,1559.6928732275148,10800.0,0.0004552000027615,1.1368683772161605e-13,0,0.5,0.5
2025-09-08,mpc,error_scaled_frozen_contract_and_soc,50272.27628482337,41051.31687239432,9220.959412429043,64290.615614304574,57900.11786906648,6390.497745238097,3474.726002524166,1542.8657878190515,27,13,2755.616175238091,3112.8973648645724,17169.180687278287,13932.364770495413,10800.0,10771.857318000004,1200.0,10800.0,0.8525104000000283,1.1368683772161605e-13,0,0.5,0.5
2025-09-09,greedy,error_scaled_frozen_contract_and_soc,42213.78222539084,42213.78222539084,0.0,65769.05153926957,59044.90335117432,6724.148188095237,3403.585832358532,0.0,0,0,3804.5311276077223,4283.7748224510615,18489.8939984778,14931.568150933686,10749.726680185184,10800.0,1573.8262486772487,10800.0,0.0004528999998001,2.273736754432321e-13,0,0.5,0.5
2025-09-09,mpc,error_scaled_frozen_contract_and_soc,44934.17331496598,42213.78222539084,2720.391089575141,65769.05153926957,59044.90335117432,6724.148188095237,3403.585832358532,460.7002282600604,20,9,3959.146999342224,4645.894839209284,18284.98099093746,14782.690803626008,10749.726680185184,10780.997568000004,1200.0,10800.0,1.2145533000002615,2.273736754432321e-13,0,0.5,0.5
2025-09-10,greedy,error_scaled_frozen_contract_and_soc,42240.7280414149,42240.7280414149,0.0,65475.49683032826,58859.70544461397,6615.791385714286,3417.52139695992,0.0,0,0,3237.5072662747616,306.03084276896163,19939.654911522637,16151.120478333332,10800.0,10800.0,1515.4467050264552,10800.0,0.0002673999988473,2.273736754432321e-13,0,0.5,0.5
2025-09-10,mpc,error_scaled_frozen_contract_and_soc,53284.46075448611,42240.7280414149,11043.7327130712,65475.49683032826,58859.70544461397,6615.791385714286,3417.52139695992,1926.1036490333304,34,7,2807.4345799999933,3112.5321595404894,17643.654686978254,14305.445235252384,10800.0,10784.350068000003,1200.0,10800.0,1.0676546999893617,2.273736754432321e-13,0,0.5,0.5
2025-09-11,greedy,error_scaled_frozen_contract_and_soc,42762.04726172885,42762.04726172885,0.0,66416.69135561865,59350.98391038054,7065.707445238096,3433.189610753928,0.0,0,0,4494.869744811877,3857.8505235008847,18912.64650587056,15319.243669755157,10800.0,10800.0,1633.1390886640213,10800.0,0.0003164999943692,1.1368683772161605e-13,0,0.5,0.5
2025-09-11,mpc,error_scaled_frozen_contract_and_soc,44658.42313530087,42762.04726172885,1896.3758735720287,66416.69135561865,59350.98391038054,7065.707445238096,3433.189610753928,367.70237023809614,21,11,4315.84942172526,4484.239495013748,18650.57352411098,15136.836966183726,10800.0,10766.80843149574,1200.0,10800.0,0.932595099991886,2.273736754432321e-13,0,0.5,0.5
2025-09-12,greedy,error_scaled_frozen_contract_and_soc,22773.286685659168,22773.286685659168,0.0,38684.28211643628,31790.80086405533,6893.481252380954,3421.547601404919,0.0,0,0,4419.132685949445,19935.062486370487,20021.31652291816,16217.266383563714,10800.0,10800.0,1851.4661534477248,10800.0,0.0003646999975899,2.273736754432321e-13,0,0.5,0.5
2025-09-12,mpc,error_scaled_frozen_contract_and_soc,24190.004061486557,22773.286685659168,1416.7173758273825,38684.28211643628,31790.80086405533,6893.481252380954,3421.547601404919,364.2312416666671,26,11,4431.89486818607,20327.128132981576,19807.653344070444,16044.199791897046,10800.0,10799.999352000015,1500.4288301164734,10800.0,0.8262880999973277,1.1368683772161605e-13,0,0.5,0.5
2025-09-13,greedy,error_scaled_frozen_contract_and_soc,22801.81121894093,22801.81121894093,0.0,38953.23326572811,32177.309260966205,6775.924004761906,3465.8901389777766,0.0,0,0,4320.551675029399,21464.06835136921,19842.49970574425,16072.424761652845,10800.0,10800.0,1805.8247883597928,10800.0,0.0003043000033358,1.1368683772161605e-13,0,0.5,0.5
2025-09-13,mpc,error_scaled_frozen_contract_and_soc,24139.79681354688,22801.81121894093,1337.9855946059529,38953.23326572811,32177.309260966205,6775.924004761906,3465.8901389777766,313.6659595238097,27,9,4389.388374451351,21739.50010712923,19690.24497675275,15950.77252831951,10800.0,10798.1398920558,1482.354486411626,10800.0,1.0582424000022002,1.1368683772161605e-13,0,0.5,0.5
2025-09-14,greedy,error_scaled_frozen_contract_and_soc,42548.47832507974,42548.47832507974,0.0,66471.1295498812,59906.075945119286,6565.053604761904,3534.8170305174604,0.0,0,0,3242.2594909171125,1520.0846428571433,19536.332302818504,15824.429165282989,10800.0,10800.0,1513.7168029100528,10800.0,0.0003108999953838,1.1368683772161605e-13,0,0.5,0.5
2025-09-14,mpc,error_scaled_frozen_contract_and_soc,47106.21078648084,42548.47832507974,4557.732461401098,66471.1295498812,59906.075945119286,6565.053604761904,3534.8170305174604,792.4747987546061,28,10,2601.1455813968423,3184.7124583333334,18628.932981386388,15148.068951052192,10800.0,10734.851959856427,1200.0,10800.0,0.9991872999962652,2.273736754432321e-13,0,0.5,0.5
2025-09-15,greedy,error_scaled_frozen_contract_and_soc,43651.141213414805,43651.141213414805,0.0,68169.34976386225,61241.74713052891,6927.602633333333,3374.097648620634,0.0,0,0,5145.566438800708,3104.8583264697218,19968.390449982027,16174.396264485444,10800.0,10800.0,1377.8699669312189,10800.0,0.0004221999988658,2.273736754432321e-13,0,0.5,0.5
2025-09-15,mpc,error_scaled_frozen_contract_and_soc,46304.74849195825,43651.141213414805,2653.6072785434435,68169.34976386225,61241.74713052891,6927.602633333333,3374.097648620634,565.3185706785704,30,8,4124.887478743655,4824.498209226927,19344.072667758064,15683.720834283064,10800.0,10783.308918445522,1200.0,10800.0,1.099342000001343,2.273736754432321e-13,0,0.5,0.5
2025-09-16,greedy,error_scaled_frozen_contract_and_soc,43445.80555635468,43445.80555635468,0.0,67330.09638324095,60392.08636181238,6938.01002142857,3353.5466992850797,0.0,0,0,3375.6536176219893,2336.392291593178,19491.34364775473,15787.98835468133,10800.0,10800.0,1436.2850714285712,10800.0,0.0006254000036278,1.2789769243681806e-13,0,0.5,0.5
2025-09-16,mpc,error_scaled_frozen_contract_and_soc,45821.09988741815,43445.80555635468,2375.294331063464,67330.09638324095,60392.08636181238,6938.01002142857,3353.5466992850797,464.054523458033,29,12,2731.741588718768,3557.1233202380954,19044.63053848922,15454.039721699486,10800.0,10769.012238307538,1200.0,10800.0,1.0686790000036126,1.1368683772161605e-13,0,0.5,0.5
2025-09-17,greedy,error_scaled_frozen_contract_and_soc,43803.8710279101,43803.8710279101,0.0,68502.02935162894,61397.98788496229,7104.041466666666,3345.7416682956346,0.0,0,0,4224.928231084654,1879.7476538947683,19738.004868330856,15987.783943347997,10800.0,10800.0,1453.2236653439138,10800.0,0.0003785000008065,2.273736754432321e-13,0,0.5,0.4999999999999999
2025-09-17,mpc,error_scaled_frozen_contract_and_soc,46066.36385279941,43803.8710279101,2262.4928248893125,68502.02935162894,61397.98788496229,7104.041466666666,3345.7416682956346,420.7071173241868,29,10,3589.4896464344392,3048.3031039359203,19293.19593151135,15655.384754595236,10800.0,10769.004388809955,1200.0,10800.0,1.006497299997136,1.1368683772161605e-13,0,0.5,0.4999999999999999
2025-09-18,greedy,error_scaled_frozen_contract_and_soc,43545.01433867389,43545.01433867389,0.0,67836.99849655578,60718.32801798436,7118.670478571428,3344.711830088412,0.0,0,0,3863.42470828925,2438.985567857142,19607.07074651565,15881.727304677675,10800.0,10800.0,1331.641678571431,10800.0,0.000342700004694,1.1368683772161605e-13,0,0.5,0.5
2025-09-18,mpc,error_scaled_frozen_contract_and_soc,46511.41353481242,43545.01433867389,2966.39919613852,67836.99849655578,60718.32801798436,7118.670478571428,3344.711830088412,487.6287369819401,22,10,3225.6764204063,3678.706529068204,19112.38666247325,15501.387156981453,10800.0,10777.384488468757,1200.0,10800.0,1.042065400004503,2.273736754432321e-13,0,0.5,0.5
2025-09-19,greedy,error_scaled_frozen_contract_and_soc,23471.49786165161,23471.49786165161,0.0,40019.56377690402,32819.89049118974,7199.673285714286,3278.031452539205,0.0,0,0,4469.225509964723,17525.270766812737,19911.94006846063,16124.894281429304,10795.803139973545,10800.0,1723.561775132273,10800.0,0.0006174000009195,1.1368683772161605e-13,0,0.5,0.5
2025-09-19,mpc,error_scaled_frozen_contract_and_soc,24688.93239561615,23471.49786165161,1217.4345339645442,40019.56377690402,32819.89049118974,7199.673285714286,3278.031452539205,299.38957603050545,31,9,4440.056452233581,17884.588714819605,19750.05201032776,15993.765537541656,10795.803139973545,10799.999352000015,1255.0669351851857,10799.99997215541,1.0649903000012273,1.5158245057783238e-13,0,0.5,0.5
2025-09-20,greedy,error_scaled_frozen_contract_and_soc,23133.207800302956,23133.207800302956,0.0,39573.03992208837,32565.73614351695,7007.303778571428,3208.361373838531,0.0,0,0,4365.565190579068,17300.918177739917,20288.20642334768,16433.447202911622,10800.0,10800.0,1548.2151388888874,10800.0,0.000380600002245,1.1368683772161605e-13,0,0.5,0.5
2025-09-20,mpc,error_scaled_frozen_contract_and_soc,26296.962273678026,23133.207800302956,3163.7544733750783,39573.03992208837,32565.73614351695,7007.303778571428,3208.361373838531,635.10568118376,31,11,4330.353202179815,18092.61751309524,19722.55225139161,15989.174696727863,10800.0,10784.54736322149,1215.0866838624352,10800.0,0.8846504999964964,1.1368683772161605e-13,0,0.5,0.5
2025-09-21,greedy,error_scaled_frozen_contract_and_soc,45173.60380282851,45173.60380282851,0.0,70827.40522342833,63755.99686866641,7071.408354761906,3151.405941684483,0.0,0,0,5403.988271649032,2816.584980540857,19054.9372546384,15434.499176257108,10800.0,10800.0,1405.858931216931,10800.0,0.0002836999919964,1.1368683772161605e-13,0,0.5,0.5
2025-09-21,mpc,error_scaled_frozen_contract_and_soc,46550.65538270587,45173.60380282851,1377.051579877363,70827.40522342833,63755.99686866641,7071.408354761906,3151.405941684483,268.9733564285689,23,9,5572.85366012638,2865.143926190476,19326.25045622572,15654.263355542824,10800.0,10799.999460000012,1200.0,10800.0,0.997309200000018,2.273736754432321e-13,0,0.5,0.5
2025-09-22,greedy,error_scaled_frozen_contract_and_soc,44603.13399616072,44603.13399616072,0.0,69937.23876455401,63070.11174788735,6867.127016666667,3192.382817850039,0.0,0,0,3792.799748633163,2665.063927380952,19321.840227904264,15650.690584602457,10800.0,10800.0,1458.1276349206396,10800.0,0.0004587000003084,2.273736754432321e-13,0,0.5,0.5000000000000001
2025-09-22,mpc,error_scaled_frozen_contract_and_soc,47544.05962708624,44603.13399616072,2940.925630925517,69937.23876455401,63070.11174788735,6867.127016666667,3192.382817850039,511.18108116185726,25,12,4180.503678940266,2864.1030178571427,18966.1280356924,15370.540332012028,10800.0,10791.13708544313,1200.0,10800.0,1.1538141000055475,2.273736754432321e-13,0,0.5,0.5000000000000001
2025-09-23,greedy,error_scaled_frozen_contract_and_soc,45554.47907242095,45554.47907242095,0.0,71627.96696480404,64883.19483623261,6744.772128571429,3240.7280806650783,0.0,0,0,4254.103630731932,2168.099726190476,19689.884922434656,15948.806787172078,10800.0,10800.0,1410.5713306878322,10800.0,0.000262700006715,2.273736754432321e-13,0,0.5,0.5
2025-09-23,mpc,error_scaled_frozen_contract_and_soc,49597.973180716814,45554.47907242095,4043.494108295866,71627.96696480404,64883.19483623261,6744.772128571429,3240.7280806650783,710.2753634613592,27,10,5106.376160340284,2162.4495023809523,18972.272505921545,15367.541312996433,10800.0,10799.999352000015,1206.3371203703705,10800.0,0.9951679999940096,2.273736754432321e-13,0,0.5,0.5
2025-09-24,greedy,error_scaled_frozen_contract_and_soc,45220.5207647978,45220.5207647978,0.0,71234.0608188967,64433.37920699194,6800.681611904763,3212.403541502499,0.0,0,0,4410.314194220048,2323.499061904761,19930.68352586713,16143.853655952382,10800.0,10800.0,1480.4901865079376,10800.0,0.0002999999996973,1.1368683772161605e-13,0,0.5,0.4999999999999999
2025-09-24,mpc,error_scaled_frozen_contract_and_soc,47848.54064420554,45220.5207647978,2628.0198794077323,71234.0608188967,64433.37920699194,6800.681611904763,3212.403541502499,545.8230928571417,32,10,4865.503472621542,2517.9475214231165,19384.293726589636,15701.27850173759,10800.0,10799.999352000015,1241.8829692035524,10800.0,0.9637401999934808,2.273736754432321e-13,0,0.5,0.4999999999999999
2025-09-25,greedy,error_scaled_frozen_contract_and_soc,45402.604719740506,45402.604719740506,0.0,71042.45664043503,64451.32243805407,6591.134202380954,3150.7444695545228,0.0,0,0,4352.015867724867,2618.2117595238087,19529.63685511613,15819.005852644066,10800.0,10800.0,1536.2986931216938,10800.0,0.0002956999960588,2.273736754432321e-13,0,0.5,0.5
2025-09-25,mpc,error_scaled_frozen_contract_and_soc,47351.52485219728,45402.604719740506,1948.9201324567816,71042.45664043503,64451.32243805407,6591.134202380954,3150.7444695545228,415.3043953594322,25,10,4795.810962781719,2646.615232201634,19263.16620642908,15609.429376332257,10800.0,10793.039167639216,1200.0,10800.0,1.137339300010353,1.1368683772161605e-13,0,0.5,0.5
2025-09-26,greedy,error_scaled_frozen_contract_and_soc,23353.827473105644,23353.827473105644,0.0,40036.43295086977,33355.04575325072,6681.387197619048,3113.442867245754,0.0,0,0,4314.146770208698,15579.383538052043,19702.430431024968,15958.968649130224,10800.0,10800.0,1780.8306878306844,10800.0,0.0005814999894937,1.1368683772161605e-13,0,0.5,0.5
2025-09-26,mpc,error_scaled_frozen_contract_and_soc,24156.57134169969,23353.827473105644,802.7438685940485,40036.43295086977,33355.04575325072,6681.387197619048,3113.442867245754,183.63125714285744,17,7,4628.537180020505,15452.37380552497,19780.323473978333,16040.611112225466,10800.0,10779.38989077443,1417.59723850871,10800.0,0.9243330000026616,1.1368683772161605e-13,0,0.5,0.5
2025-09-27,greedy,error_scaled_frozen_contract_and_soc,23356.35341644251,23356.35341644251,0.0,39978.66456984139,33309.99310079377,6668.671469047619,3211.4105327946427,0.0,0,0,3623.6619476778383,15826.877003096364,20323.798220654367,16462.27655873004,10800.0,10800.0,1604.3103214285734,10800.0,0.000310300005367,1.1368683772161605e-13,0,0.5,0.5
2025-09-27,mpc,error_scaled_frozen_contract_and_soc,28719.8715557365,23356.35341644251,5363.5181392939885,39978.66456984139,33309.99310079377,6668.671469047619,3211.4105327946427,1039.0756793862074,39,16,4017.771086291871,16726.924110965876,19155.144347980346,15548.703253153357,10800.0,10763.292965234145,1203.554861111112,10800.0,1.1669172999972943,1.1368683772161605e-13,0,0.5,0.5
2025-09-28,greedy,error_scaled_frozen_contract_and_soc,45936.013922620405,45936.013922620405,0.0,72086.65679717762,65383.4946733681,6703.162123809524,3050.425883550595,0.0,0,0,4495.4837970458575,1387.4384347878613,20095.424153439148,16277.293564285716,10800.0,10800.0,1499.107412698413,10800.0,0.000549399992451,2.273736754432321e-13,0,0.5,0.5
2025-09-28,mpc,error_scaled_frozen_contract_and_soc,49601.73081907569,45936.013922620405,3665.716896455294,72086.65679717762,65383.4946733681,6703.162123809524,3050.425883550595,700.8128040504864,28,9,4955.8866334994045,1827.2033464285712,19254.122036297274,15635.346391187608,10800.0,10756.102731347984,1200.0,10800.0,0.999588099992252,2.273736754432321e-13,0,0.5,0.5
2025-09-29,greedy,error_scaled_frozen_contract_and_soc,46697.916325211365,46697.916325211365,0.0,73368.94636397372,66547.2534401642,6821.692923809524,2954.3690488812304,0.0,0,0,5244.584799897121,1740.6641563051146,19888.85514115323,16109.972664334124,10800.0,10800.0,1410.009246031747,10800.0,0.000588399998378,1.2789769243681806e-13,0,0.5,0.5
2025-09-29,mpc,error_scaled_frozen_contract_and_soc,48881.99305815958,46697.916325211365,2184.0767329482246,73368.94636397372,66547.2534401642,6821.692923809524,2954.3690488812304,404.2189134523826,29,10,5509.748843691958,1977.6106119047624,19521.13311675875,15840.14222588174,10800.0,10768.86177632539,1200.0,10800.0,1.063417400000617,2.273736754432321e-13,0,0.5,0.5
2025-09-30,greedy,error_scaled_frozen_contract_and_soc,47196.58393836664,47196.58393836664,0.0,73630.46911423956,66835.54411900145,6794.924995238094,2977.2340101192067,0.0,0,0,4244.020234861841,1487.2591464285715,20106.42451552185,16286.203857572704,10800.0,10800.0,1516.946572751321,10800.0,0.001303299999563,1.1368683772161605e-13,0,0.5,0.4999999999999999
2025-09-30,mpc,error_scaled_frozen_contract_and_soc,51981.21373108926,47196.58393836664,4784.629792722626,73630.46911423956,66835.54411900145,6794.924995238094,2977.2340101192067,886.5968524542745,26,8,5127.070486914677,1689.42909642857,19143.126526564258,15521.529218213664,10800.0,10782.670298114866,1200.0,10800.0,0.9404077000071992,2.273736754432321e-13,0,0.5,0.4999999999999999
2025-10-01,greedy,error_scaled_frozen_contract_and_soc,47102.49699559575,47102.49699559575,0.0,74124.15897640529,67162.50230259578,6961.656673809524,2911.490906224167,0.0,0,0,9909.189210523227,4388.639834273952,18192.80247838862,14736.170007494784,10800.0,10800.0,1924.551644179896,10800.0,0.0004099999932805,1.1368683772161605e-13,0,0.5,0.5
2025-10-01,mpc,error_scaled_frozen_contract_and_soc,47179.25225220289,47102.49699559575,76.7552566071424,74124.15897640529,67162.50230259578,6961.656673809524,2911.490906224167,19.12785714285705,3,3,10174.442879190516,3919.6395088135823,19365.8293054198,15686.322320590025,10800.0,10799.999352000015,1522.1500478336534,10800.0,1.077402199996868,2.273736754432321e-13,0,0.5,0.5
2025-10-02,greedy,error_scaled_frozen_contract_and_soc,46333.4057209286,46333.4057209286,0.0,72563.62400611572,65617.49982992523,6946.124176190477,2919.3326498944043,0.0,0,0,8584.096121474338,3789.28265,18753.280633450908,15190.157313095238,10800.0,10800.0,1953.6629748677249,10800.0,0.0006018000131007,1.1368683772161605e-13,0,0.5,0.5
2025-10-02,mpc,error_scaled_frozen_contract_and_soc,46498.305899366096,46333.4057209286,164.9001784374997,72563.62400611572,65617.49982992523,6946.124176190477,2919.3326498944043,46.29827976190466,5,4,9068.224654429478,3238.3179374076035,19383.50813258152,15707.250352826684,10800.0,10792.656927293712,1533.0745066221912,10800.0,1.0085983000026315,1.1368683772161605e-13,0,0.5,0.5
2025-10-03,greedy,error_scaled_frozen_contract_and_soc,23177.22757646593,23177.22757646593,0.0,39889.23496112928,32902.59686351022,6986.6380976190485,2906.878992043849,0.0,0,0,6036.485610670198,19099.947049498216,19138.68939102206,15502.338406727871,10800.0,10800.0,2241.2189563492084,10800.0,0.0004409999964991,1.1368683772161605e-13,0,0.5,0.4999999999999999
2025-10-03,mpc,error_scaled_frozen_contract_and_soc,23577.23525894867,23177.22757646593,400.0076824827377,39889.23496112928,32902.59686351022,6986.6380976190485,2906.878992043849,130.3098214285714,13,7,6575.783536705374,18610.033286305465,19564.616979370112,15847.340336489777,10800.0,10799.999352000015,1880.2685517510256,10800.0,1.0052668000134872,1.1368683772161605e-13,0,0.5,0.4999999999999999
2025-10-04,greedy,error_scaled_frozen_contract_and_soc,24226.506819346745,24226.506819346745,0.0,41263.431303738005,34248.715294214206,7014.7160095238105,2902.5377871803566,0.0,0,0,6099.744112330985,17398.11342776298,19204.103048001278,15555.323468881032,10800.0,10800.0,2086.01425855811,10800.0,0.0003799999976763,1.1368683772161605e-13,0,0.5,0.5000000000000001
2025-10-04,mpc,error_scaled_frozen_contract_and_soc,25046.547642977104,24226.506819346745,820.0408236303574,41263.431303738005,34248.715294214206,7014.7160095238105,2902.5377871803566,222.6190130952382,13,5,6235.859315478563,17419.033847349066,19549.28185621999,15834.918886738178,10800.0,10799.999352000015,1779.2832663996624,10800.0,1.1220295999955852,1.1368683772161605e-13,0,0.5,0.5000000000000001
2025-10-05,greedy,error_scaled_frozen_contract_and_soc,45078.37184755579,45078.37184755579,0.0,70565.3655464919,63495.26405363475,7070.101492857144,2884.046573928651,0.0,0,0,6718.690823799373,3186.6355404908927,18863.010376249265,15279.038404761905,10800.0,10800.0,1963.258165343916,10800.0,0.0004257000109646,1.1368683772161605e-13,0,0.5,0.5
2025-10-05,mpc,error_scaled_frozen_contract_and_soc,45540.31877488734,45078.37184755579,461.9469273315494,70565.3655464919,63495.26405363475,7070.101492857144,2884.046573928651,96.93711190476223,11,5,6620.581549850074,3297.549248809523,19305.817011698826,15637.712362676037,10800.0,10799.999352000015,1573.5618084995149,10800.0,1.183716600004118,2.273736754432321e-13,0,0.5,0.5
2025-10-06,greedy,error_scaled_frozen_contract_and_soc,45321.26841693552,45321.26841693552,0.0,70438.65505250404,63363.103623932606,7075.551428571429,2889.589141006706,0.0,0,0,5840.498638947682,2463.0408985302743,19082.91048008717,15457.157488870607,10800.0,10800.0,1898.458235449737,10800.0,0.0004181999975116,1.1368683772161605e-13,0,0.5,0.5
2025-10-06,mpc,error_scaled_frozen_contract_and_soc,45770.37608083255,45321.26841693552,449.1076638970264,70438.65505250404,63363.103623932606,7075.551428571429,2889.589141006706,103.28455000000056,9,5,5036.56287618752,3295.822958333333,19474.69382828237,15774.502584108704,10800.0,10799.999352000015,1350.097142857141,10800.0,1.1380330999963917,1.1368683772161605e-13,0,0.5,0.5
2025-10-07,greedy,error_scaled_frozen_contract_and_soc,44879.47164715007,44879.47164715007,0.0,69900.120997285,62892.32418538023,7007.796811904762,2889.099475697103,0.0,0,0,5751.9859010328,2154.7148231922424,19430.020321869484,15738.316460714286,10800.0,10800.0,2015.1787526455048,10800.0,0.0008634000114398,1.1368683772161605e-13,0,0.5,0.5
2025-10-07,mpc,error_scaled_frozen_contract_and_soc,46795.65715016376,44879.47164715007,1916.1855030136917,69900.120997285,62892.32418538023,7007.796811904762,2889.099475697103,376.3687273809526,16,4,5301.5773105526005,2987.6749681815336,19397.48219593182,15711.96116190476,10800.0,10799.999352000015,1431.0099577385704,10800.0,1.124639899993781,2.273736754432321e-13,0,0.5,0.5
2025-10-08,greedy,error_scaled_frozen_contract_and_soc,41116.03743873912,41116.03743873912,0.0,65671.4385672029,58606.04443625052,7065.394130952381,2840.33903894996,0.0,0,0,3901.123697655576,2421.8494295855417,20181.690041152266,16347.168933333332,10800.0,10800.0,1524.3055105820108,10800.0,0.0004317999992053,2.273736754432321e-13,0,0.5,0.5
2025-10-08,mpc,error_scaled_frozen_contract_and_soc,43763.24252541293,41116.03743873912,2647.2050866738155,65671.4385672029,58606.04443625052,7065.394130952381,2840.33903894996,547.1606952380964,24,7,3612.0081195796415,3372.397658308137,19580.26125479132,15860.012102380952,10800.0,10799.999460000012,1200.0,10800.0,1.0879152999987127,2.273736754432321e-13,0,0.5,0.5
2025-10-09,greedy,error_scaled_frozen_contract_and_soc,41553.560359860574,41553.560359860574,0.0,66470.70306236047,59569.20521712238,6901.497845238095,2730.1529022600403,0.0,0,0,3916.9290924604175,3149.978384685477,19830.963706643157,16063.080602380953,10800.0,10800.0,1496.9513624338636,10800.0,0.0004233000072417,2.273736754432321e-13,0,0.5,0.4999999999999999
2025-10-09,mpc,error_scaled_frozen_contract_and_soc,43535.366687120695,41553.560359860574,1981.8063272601216,66470.70306236047,59569.20521712238,6901.497845238095,2730.1529022600403,371.1437869047626,24,7,4289.445847104615,3216.044547057717,19476.02398605529,15775.580011904762,10800.0,10799.999352000015,1260.5885685995886,10800.0,1.0799643000063952,2.273736754432321e-13,0,0.5,0.4999999999999999
2025-10-10,greedy,error_scaled_frozen_contract_and_soc,20631.806120904464,20631.806120904464,0.0,37140.35217305197,30371.032537337684,6769.319635714285,2754.0349878194843,0.0,0,0,3713.410585670192,19792.586044508607,19931.394799583108,16144.429787662317,10800.0,10800.0,1768.5070521031723,10800.0,0.0003939000016544,1.1368683772161605e-13,0,0.5,0.4999999999999999
2025-10-10,mpc,error_scaled_frozen_contract_and_soc,22034.85269879196,20631.806120904464,1403.0465778874975,37140.35217305197,30371.032537337684,6769.319635714285,2754.0349878194843,334.50170357142804,28,12,4595.051911516379,19312.90745957395,19675.71047533824,15956.206500757557,10800.0,10779.021093629362,1448.2522103832105,10800.0,1.0445488999976078,1.1368683772161605e-13,0,0.5,0.4999999999999999
2025-10-11,greedy,error_scaled_frozen_contract_and_soc,21004.969795865567,21004.969795865567,0.0,38030.57832077572,31500.58696125191,6529.991359523807,2503.5987604614297,0.0,0,0,3878.632509311877,17669.757029761902,19833.29801146384,16064.971389285714,10800.0,10800.0,1614.0843320105814,10800.0,0.0004002000059699,2.273736754432321e-13,0,0.5,0.5
2025-10-11,mpc,error_scaled_frozen_contract_and_soc,22382.249864612,21004.969795865567,1377.2800687464303,38030.57832077572,31500.58696125191,6529.991359523807,2503.5987604614297,250.20739166666692,22,8,4326.475218798627,17490.71683332334,19735.432021034703,15985.700520238095,10800.0,10799.999352000015,1385.0350146330684,10800.0,1.135825899997144,1.1368683772161605e-13,0,0.5,0.5
2025-10-12,greedy,error_scaled_frozen_contract_and_soc,42225.51877498702,42225.51877498702,0.0,67466.03420046369,60813.07997903512,6652.954221428568,2417.824016963017,0.0,0,0,3794.278281166229,2256.9752092004665,19882.15759700177,16104.547653571432,10800.0,10800.0,1468.4889821164024,10800.0,0.0007198000093922,2.273736754432321e-13,0,0.5,0.5
2025-10-12,mpc,error_scaled_frozen_contract_and_soc,45463.62212949064,42225.51877498702,3238.103354503619,67466.03420046369,60813.07997903512,6652.954221428568,2417.824016963017,535.9083440222109,23,7,3644.918789744684,3064.2014654761906,19282.85887381425,15627.207351215886,10800.0,10791.00926285962,1202.3261944444437,10800.0,0.9331436999927972,2.273736754432321e-13,0,0.5,0.5
2025-10-13,greedy,error_scaled_frozen_contract_and_soc,42819.72407344687,42819.72407344687,0.0,68329.9710602006,61637.92125543869,6692.049804761904,2380.2311676159134,0.0,0,0,4626.817401925332,2643.623925,19778.162424506398,16020.311563850177,10800.0,10800.0,1493.7414801587292,10800.0,0.000300600004266,1.1368683772161605e-13,0,0.5,0.5000000000000001
2025-10-13,mpc,error_scaled_frozen_contract_and_soc,43862.949218534966,42819.72407344687,1043.225145088098,68329.9710602006,61637.92125543869,6692.049804761904,2380.2311676159134,192.64906547619108,17,7,4200.807043092285,3293.476478571428,19613.99061786325,15887.33288646922,10800.0,10799.999460000012,1200.0,10800.0,1.2756400000071153,2.273736754432321e-13,0,0.5,0.5000000000000001
2025-10-14,greedy,error_scaled_frozen_contract_and_soc,42342.42069934457,42342.42069934457,0.0,67662.83204901649,61023.86252758793,6638.96952142857,2347.4402849338894,0.0,0,0,3188.873997972989,1766.2092157260493,20195.4796031746,16358.338478571426,10800.0,10800.0,1523.8933626455046,10800.0,0.0004543999966699,1.1368683772161605e-13,0,0.5,0.4999999999999999
2025-10-14,mpc,error_scaled_frozen_contract_and_soc,47460.75334349927,42342.42069934457,5118.332644154703,67662.83204901649,61023.86252758793,6638.96952142857,2347.4402849338894,889.2307702265337,29,7,3327.071780646212,2735.306801190476,19131.11503860838,15512.038511916322,10800.0,10782.405188173849,1200.0,10800.0,1.1841227999975672,4.547473508864641e-13,0,0.5,0.4999999999999999
2025-10-15,greedy,error_scaled_frozen_contract_and_soc,42572.82852843288,42572.82852843288,0.0,67857.80737100467,61393.90627338563,6463.901097619047,2383.1624377083726,0.0,0,0,3155.637748647856,1274.8374876837177,20002.398352916112,16201.942665862052,10800.0,10800.0,1540.5810396825436,10800.0,0.0004175999929429,2.273736754432321e-13,0,0.5,0.5
2025-10-15,mpc,error_scaled_frozen_contract_and_soc,48504.68318546448,42572.82852843288,5931.8546570315975,67857.80737100467,61393.90627338563,6463.901097619047,2383.1624377083726,984.4171942614048,25,10,3050.612023260208,2581.911833333333,18860.31358146367,15277.489320410172,10800.0,10799.294089528228,1200.0,10800.0,1.0344591999892143,2.273736754432321e-13,0,0.5,0.5
2025-10-16,greedy,error_scaled_frozen_contract_and_soc,43335.049726941055,43335.049726941055,0.0,68815.09880206763,62238.7336734962,6576.365128571428,2455.263787594285,0.0,0,0,2817.3019417989417,1554.2521845238098,20422.78527960968,16542.456076483846,10800.0,10800.0,1499.821890211641,10800.0,0.0004514000029303,1.1368683772161605e-13,0,0.5,0.4999999999999998
2025-10-16,mpc,error_scaled_frozen_contract_and_soc,52407.10286052828,43335.049726941055,9072.053133587218,68815.09880206763,62238.7336734962,6576.365128571428,2455.263787594285,1572.5123511404734,30,9,3461.14780412697,2839.9420321428565,18543.71752799594,15020.411683676706,10800.0,10799.999460000012,1200.0,10800.0,1.1703903000015998,2.273736754432321e-13,0,0.5,0.4999999999999998
2025-10-17,greedy,error_scaled_frozen_contract_and_soc,21605.84638495456,21605.84638495456,0.0,38664.81656794344,32027.86504889582,6636.95151904762,2506.456637620555,0.0,0,0,4209.172385141092,15645.223263392842,19819.85125503749,16054.07951658037,10800.0,10800.0,1702.636007698411,10800.0,0.0002455999929225,2.273736754432321e-13,0,0.5,0.5
2025-10-17,mpc,error_scaled_frozen_contract_and_soc,22700.76813604444,21605.84638495456,1094.921751089881,38664.81656794344,32027.86504889582,6636.95151904762,2506.456637620555,207.7999797619049,20,14,3827.752391432577,16243.018308083116,19774.722370722404,16017.525703485133,10800.0,10799.999352000015,1259.0480914321936,10800.0,1.0669723999890266,1.1368683772161605e-13,0,0.5,0.5
2025-10-18,greedy,error_scaled_frozen_contract_and_soc,21589.131362585194,21589.131362585194,0.0,38509.94789558935,31971.56945511316,6538.378440476192,2482.781738271189,0.0,0,0,4140.666493650793,15365.15046594503,19511.653572898296,15804.439394047618,10800.0,10800.0,1868.9585582010588,10800.0,0.0003652000013971,1.1368683772161605e-13,0,0.5,0.5
2025-10-18,mpc,error_scaled_frozen_contract_and_soc,22767.91767777726,21589.131362585194,1178.7863151920683,38509.94789558935,31971.56945511316,6538.378440476192,2482.781738271189,262.6189321998957,14,9,3586.39714023163,16194.75101578083,19534.97839314832,15840.47647851439,10800.0,10780.951133261944,1219.5101111111114,10800.0,1.066399299990735,1.1368683772161605e-13,0,0.5,0.5
2025-10-19,greedy,error_scaled_frozen_contract_and_soc,44730.82991377739,44730.82991377739,0.0,71394.55904646474,64860.81932979808,6533.739716666667,2443.676969922738,0.0,0,0,3826.219600279253,1391.5187952380952,20346.342342079064,16480.537297084047,10800.0,10800.0,1471.2126798941806,10800.0,0.0004209000035189,1.7053025658242404e-13,0,0.5,0.4999999999999999
2025-10-19,mpc,error_scaled_frozen_contract_and_soc,50415.760568019374,44730.82991377739,5684.930654241985,71394.55904646474,64860.81932979808,6533.739716666667,2443.676969922738,996.6170072185996,31,13,4208.375570625543,2215.789307142858,19242.0845050661,15586.08893510354,10800.0,10799.999460000012,1200.3802870370369,10800.0,1.0759452000056626,2.273736754432321e-13,0,0.5,0.4999999999999999
2025-10-20,greedy,error_scaled_frozen_contract_and_soc,45358.75830151472,45358.75830151472,0.0,72151.45863970749,65566.4253539932,6585.033285714284,2358.7170343346834,0.0,0,0,4389.144205158732,932.3710606554984,20493.262788661294,16599.54285881565,10800.0,10800.0,1494.715437830689,10800.0,0.0003700000088429,2.273736754432321e-13,0,0.5,0.5
2025-10-20,mpc,error_scaled_frozen_contract_and_soc,48617.70560242311,45358.75830151472,3258.947300908388,72151.45863970749,65566.4253539932,6585.033285714284,2358.7170343346834,620.2091663653828,26,6,4359.36049060393,1708.116667857143,19831.408892443025,16063.44168887884,10800.0,10799.999460000012,1200.0,10800.0,1.1726533999899402,2.273736754432321e-13,0,0.5,0.5
2025-10-21,greedy,error_scaled_frozen_contract_and_soc,46086.2018953668,46086.2018953668,0.0,73502.24367482154,66942.07826053585,6560.165414285714,2308.9285754739685,0.0,0,0,4124.478548427397,891.6329936507915,20254.503405416268,16406.14775838718,10800.0,10800.0,1537.1172738095238,10800.0,0.0004447000101208,1.1368683772161605e-13,0,0.5,0.5000000000000001
2025-10-21,mpc,error_scaled_frozen_contract_and_soc,48895.03623367753,46086.2018953668,2808.834338310723,73502.24367482154,66942.07826053585,6560.165414285714,2308.9285754739685,542.8417107357088,26,9,4441.951246419514,1220.4924645032384,19711.74877585742,15966.883586937183,10800.0,10799.592135008152,1200.0,10800.0,1.1248817000014242,2.273736754432321e-13,0,0.5,0.5000000000000001
2025-10-22,greedy,error_scaled_frozen_contract_and_soc,46244.72960278269,46244.72960278269,0.0,73830.3093896807,67141.13495158547,6689.174438095238,2257.328809043651,0.0,0,0,4552.3450524838345,1100.7118035714282,20606.97889878052,16691.652908012224,10800.0,10800.0,1449.7130225264514,10800.0,0.0004451999993762,2.273736754432321e-13,0,0.5,0.5
2025-10-22,mpc,error_scaled_frozen_contract_and_soc,49934.94408045829,46244.72960278269,3690.214477675606,73830.3093896807,67141.13495158547,6689.174438095238,2257.328809043651,710.0521035714305,24,8,5154.872147442665,1336.845461299236,19930.09434133198,16143.376999678883,10800.0,10799.999352000015,1257.8399971931722,10800.0,1.556740100000752,2.273736754432321e-13,0,0.5,0.5
2025-10-23,greedy,error_scaled_frozen_contract_and_soc,47093.70261950368,47093.70261950368,0.0,74733.27715085003,67985.64148418335,6747.635666666667,2270.035947595992,0.0,0,0,5852.198577630805,1463.2380916666662,20063.780661053577,16251.662335453397,10800.0,10800.0,1495.0865886243364,10800.0,0.0005430000019259,1.4210854715202006e-13,0,0.5,0.5000000000000001
2025-10-23,mpc,error_scaled_frozen_contract_and_soc,49086.81170115486,47093.70261950368,1993.1090816511887,74733.27715085003,67985.64148418335,6747.635666666667,2270.035947595992,383.542826190476,23,8,5738.007180078403,2064.830485714286,19671.39794670121,15963.137791405778,10800.0,10767.438383802451,1203.728249929886,10800.0,1.2019485000055283,2.273736754432321e-13,0,0.5,0.5000000000000001
2025-10-24,greedy,error_scaled_frozen_contract_and_soc,21902.11447396098,21902.11447396098,0.0,39023.37647959759,32415.121265311875,6608.255214285713,2314.399745760556,0.0,0,0,3733.2567787771936,13173.606344476742,20099.11380531749,16280.282182307172,10800.0,10800.0,1593.2355066137588,10800.0,0.0003004000027431,1.1368683772161605e-13,0,0.5,0.5
2025-10-24,mpc,error_scaled_frozen_contract_and_soc,23884.784890040744,21902.11447396098,1982.6704160797624,39023.37647959759,32415.121265311875,6608.255214285713,2314.399745760556,429.3525666666666,27,13,3671.4033641530855,13750.61339648494,19744.683972695304,16011.653420402408,10800.0,10779.489552756437,1282.96717374751,10800.0,1.2741001999966102,2.273736754432321e-13,0,0.5,0.5
2025-10-25,greedy,error_scaled_frozen_contract_and_soc,21918.10928539336,21918.10928539336,0.0,39205.49666834599,32623.274594536462,6582.222073809522,2326.929367033573,0.0,0,0,3655.5194552175176,12951.69800571815,19978.001016445283,16182.180823320674,10800.0,10800.0,1516.1166851851856,10800.0,0.0004607000009855,2.273736754432321e-13,0,0.5,0.5000000000000001
2025-10-25,mpc,error_scaled_frozen_contract_and_soc,23562.56917993681,21918.10928539336,1644.4598945434554,39205.49666834599,32623.274594536462,6582.222073809522,2326.929367033573,323.3625476190482,30,10,3552.9997212646917,13417.532857181328,19787.143137030173,16031.275513796863,10800.0,10795.900474663971,1311.5516905966956,10800.0,1.4480165999993917,1.1368683772161605e-13,0,0.5,0.5000000000000001
2025-10-26,greedy,error_scaled_frozen_contract_and_soc,47811.386656930576,47811.386656930576,0.0,75753.33514264342,69147.01568788153,6606.319454761904,2271.1908744996035,0.0,0,0,5870.008128218697,1436.3671678571418,19445.21850323801,15750.626987622796,10800.0,10800.0,1596.377332010583,10800.0,0.0006395000091288,2.273736754432321e-13,0,0.5,0.4999999999999998
2025-10-26,mpc,error_scaled_frozen_contract_and_soc,48215.5158243776,47811.386656930576,404.1291674470247,75753.33514264342,69147.01568788153,6606.319454761904,2271.1908744996035,76.75625357142872,13,9,5859.286029441488,1453.4248561405025,19815.85613516043,16050.84395547994,10800.0,10799.999460000012,1212.9508703703725,10800.0,1.4815256000001682,2.273736754432321e-13,0,0.5,0.4999999999999998
2025-10-27,greedy,error_scaled_frozen_contract_and_soc,47660.34900441864,47660.34900441864,0.0,75700.90979807102,69208.38684807104,6492.522949999999,2231.9811451516675,0.0,0,0,5775.957067430924,1877.7102130952376,19721.18784923365,15974.162157879264,10800.0,10800.0,1497.0929748677268,10800.0,0.0004998000076739,1.1368683772161605e-13,0,0.5,0.5
2025-10-27,mpc,error_scaled_frozen_contract_and_soc,50395.675044512696,47660.34900441864,2735.326040094047,75700.90979807102,69208.38684807104,6492.522949999999,2231.9811451516675,473.179599939002,21,9,6413.4322516005,1763.567916649033,19517.02654008171,15820.154136511688,10800.0,10787.374845504995,1200.0,10800.0,1.2798786999919685,2.273736754432321e-13,0,0.5,0.5
2025-10-28,greedy,error_scaled_frozen_contract_and_soc,47321.47266468915,47321.47266468915,0.0,75358.70216602224,69016.33370173653,6342.368464285714,2155.8738135367853,0.0,0,0,5000.461900573192,1102.5575023809524,20274.577788077724,16422.408008342954,10800.0,10800.0,1482.897021124339,10800.0,0.0004910999996354,1.1368683772161605e-13,0,0.5,0.5
2025-10-28,mpc,error_scaled_frozen_contract_and_soc,50463.5849257164,47321.47266468915,3142.112261027247,75358.70216602224,69016.33370173653,6342.368464285714,2155.8738135367853,551.154891446618,23,10,5363.6307462385685,1413.7293775249898,19682.065183934978,15953.081233563003,10800.0,10788.212850471476,1200.0,10800.0,1.3357787999993889,2.273736754432321e-13,0,0.5,0.5
2025-10-29,greedy,error_scaled_frozen_contract_and_soc,47350.657153303466,47350.657153303466,0.0,75025.76444658234,68830.59812991566,6195.166316666667,2230.307626822618,0.0,0,0,3444.6822656819536,661.5077515285151,20658.46133879933,16733.353684427464,10800.0,10800.0,1442.9490026455046,10800.0,0.0003412999940337,2.273736754432321e-13,0,0.5,0.5
2025-10-29,mpc,error_scaled_frozen_contract_and_soc,52050.27561285398,47350.657153303466,4699.618459550507,75025.76444658234,68830.59812991566,6195.166316666667,2230.307626822618,888.0437433071407,32,10,4289.953257778666,917.5218107142864,19620.004818469228,15908.138472072702,10800.0,10782.294923208194,1200.003794973547,10800.0,1.4441289999958826,2.273736754432321e-13,0,0.5,0.5
2025-10-30,greedy,error_scaled_frozen_contract_and_soc,47440.11028935315,47440.11028935315,0.0,75330.8500409315,68949.04597188387,6381.804069047619,2192.001944521269,0.0,0,0,5327.391345179316,1427.1653630952385,20048.38754029976,16239.193907642808,10800.0,10800.0,1470.1400476190483,10800.0,0.000675899995258,2.273736754432321e-13,0,0.5,0.5
2025-10-30,mpc,error_scaled_frozen_contract_and_soc,48871.39412327933,47440.11028935315,1431.2838339261834,75330.8500409315,68949.04597188387,6381.804069047619,2192.001944521269,270.2422488095228,24,13,5459.703908818568,1587.0326321428574,19973.606761184317,16186.350712404714,10800.0,10791.411960171758,1201.9866203703714,10800.0,0.9989939999941272,2.273736754432321e-13,0,0.5,0.5
2025-10-31,greedy,error_scaled_frozen_contract_and_soc,22393.925860719988,22393.925860719988,0.0,39777.52021905631,33616.74070000868,6160.779519047621,2313.4649255526174,0.0,0,0,3685.7193040123457,10386.65206425235,19980.66936506864,16184.342185705596,10800.0,10800.0,1607.694208994708,10800.0,0.0002600000007078,1.1368683772161605e-13,0,0.5,0.5
2025-10-31,mpc,error_scaled_frozen_contract_and_soc,25027.015595469995,22393.925860719988,2633.089734750006,39777.52021905631,33616.74070000868,6160.779519047621,2313.4649255526174,530.7107590842809,22,10,3234.5787881409324,11451.943614474349,19567.929165241854,15855.042261145129,10800.0,10794.42262522309,1201.5074074074068,10800.0,1.1162278999981936,2.273736754432321e-13,0,0.5,0.5
2025-11-01,greedy,error_scaled_frozen_contract_and_soc,22534.25563012005,22534.25563012005,0.0,40019.47477706321,33530.66603182512,6488.808745238095,2210.9040837983325,0.0,0,0,4016.7147682833634,10623.89320392872,19879.98390397839,16102.7869622225,10800.0,10800.0,1749.615001322751,10800.0,0.0003797999961534,1.1368683772161605e-13,0,0.5,0.4999999999999999
2025-11-01,mpc,error_scaled_frozen_contract_and_soc,24442.344370110062,22534.25563012005,1908.088739990022,40019.47477706321,33530.66603182512,6488.808745238095,2210.9040837983325,447.5211644290366,24,10,3488.458943797754,11647.586134161504,19627.797297040743,15898.516296602986,10800.0,10799.999460000012,1228.2367037037034,10800.0,1.1272656999935862,1.1368683772161605e-13,0,0.5,0.4999999999999999
2025-11-02,greedy,error_scaled_frozen_contract_and_soc,48662.99881414622,48662.99881414622,0.0,77331.38349639978,70741.49922259025,6589.884273809523,2158.5864599603165,0.0,0,0,5070.648055864198,665.2350757201639,20780.49769075788,16832.20312951388,10800.0,10800.0,1318.2222216798978,10800.0,0.0005478999955812,1.1368683772161605e-13,0,0.5,0.4999999999999999
2025-11-02,mpc,error_scaled_frozen_contract_and_soc,51492.1811891087,48662.99881414622,2829.182374962474,77331.38349639978,70741.49922259025,6589.884273809523,2158.5864599603165,517.4542870738942,30,9,5367.821225667454,1001.2049428571432,20210.4482859605,16377.842474582843,10800.0,10791.800707827955,1200.0,10800.0,1.489104699998279,2.273736754432321e-13,0,0.5,0.4999999999999999
2025-11-03,greedy,error_scaled_frozen_contract_and_soc,49477.68392137831,49477.68392137831,0.0,78423.02759315632,71739.71783125155,6683.30976190476,2126.940651025079,0.0,0,0,5261.6140696061175,871.8093369047615,20159.78691592841,16329.427401902016,10800.0,10800.0,1575.7216574074096,10800.0,0.0004884000081801,2.273736754432321e-13,0,0.5,0.5000000000000001
2025-11-03,mpc,error_scaled_frozen_contract_and_soc,50034.52187573248,49477.68392137831,556.8379543541629,78423.02759315632,71739.71783125155,6683.30976190476,2126.940651025079,125.26854047619013,14,9,5460.041571437141,759.8819907999787,20417.62849591645,16548.50059714011,10800.0,10788.642760613571,1200.0,10800.0,1.1572116000024837,2.273736754432321e-13,0,0.5,0.5000000000000001
2025-11-04,greedy,error_scaled_frozen_contract_and_soc,49767.25100969449,49767.25100969449,0.0,79115.04019740419,72295.72931883277,6819.310878571429,2088.4733752352768,0.0,0,0,6321.699959597291,1121.5037285714286,20470.388037329576,16581.01431023695,10800.0,10800.0,1392.784748677247,10800.0,0.0006310000026132,2.273736754432321e-13,0,0.5,0.5
2025-11-04,mpc,error_scaled_frozen_contract_and_soc,51024.918850523056,49767.25100969449,1257.6678408285716,79115.04019740419,72295.72931883277,6819.310878571429,2088.4733752352768,238.7274345238096,24,9,6996.743098344401,696.8529761904765,20448.85459024913,16571.145814998854,10800.0,10791.5848923366,1288.2074259155656,10800.0,0.9448166000074708,2.273736754432321e-13,0,0.5,0.5
2025-11-05,greedy,error_scaled_frozen_contract_and_soc,50250.762549035615,50250.762549035615,0.0,79605.05630321268,72763.95455083172,6841.101752380952,2078.6035962876977,0.0,0,0,5844.272322045855,770.7211743533253,20692.96680277781,16761.303110250028,10800.0,10800.0,1576.259034391535,10800.0,0.0003590999986045,1.1368683772161605e-13,0,0.5,0.5
2025-11-05,mpc,error_scaled_frozen_contract_and_soc,51819.48704397728,50250.762549035615,1568.7244949416672,79605.05630321268,72763.95455083172,6841.101752380952,2078.6035962876977,322.4599059523813,25,9,6295.265408803632,694.2982619047618,20418.70479037336,16539.151366202408,10800.0,10799.999460000012,1204.0750000000012,10800.0,1.0255863000056706,2.273736754432321e-13,0,0.5,0.5
2025-11-06,greedy,error_scaled_frozen_contract_and_soc,49715.14556564995,49715.14556564995,0.0,78794.67532223725,71945.921234142,6848.754088095237,2089.700535847698,0.0,0,0,4939.4860086713725,317.6576333333335,21121.331587690074,17108.278586028966,10800.0,10800.0,1537.380222076723,10800.0,0.0006783999997423,2.273736754432321e-13,0,0.5,0.5000000000000001
2025-11-06,mpc,error_scaled_frozen_contract_and_soc,54489.46685903389,49715.14556564995,4774.321293383929,78794.67532223725,71945.921234142,6848.754088095237,2089.700535847698,911.0757464285712,29,11,5937.060448389852,427.8808369047623,20167.96270987636,16351.631605076584,10800.0,10782.68687769252,1341.4777757792174,10800.0,1.170124800002668,1.1368683772161605e-13,0,0.5,0.5000000000000001
2025-11-07,greedy,error_scaled_frozen_contract_and_soc,23201.977672113644,23201.977672113644,0.0,40894.91995371149,33849.13344180673,7045.786511904762,2095.518512562381,0.0,0,0,3895.928325896535,9873.87142232166,19981.83012916276,16185.282404621836,10800.0,10800.0,1655.1585211640236,10800.0,0.0006381000130204,2.273736754432321e-13,0,0.5,0.5000000000000001
2025-11-07,mpc,error_scaled_frozen_contract_and_soc,25142.143336119003,23201.977672113644,1940.1656640053577,40894.91995371149,33849.13344180673,7045.786511904762,2095.518512562381,383.00501071428585,22,8,4835.153585327455,9381.578380147796,19688.696483334268,15956.075965336126,10800.0,10790.85354018293,1610.898802803303,10800.0,1.186023700007354,2.273736754432321e-13,0,0.5,0.5000000000000001
2025-11-08,greedy,error_scaled_frozen_contract_and_soc,23087.36619097064,23087.36619097064,0.0,40927.10582241693,33867.98656289312,7059.119259523808,2091.0191038889293,0.0,0,0,3975.582731275719,9567.408158906854,19902.65183005552,16121.147982344972,10800.0,10800.0,1694.647083981482,10800.0,0.0003244999970775,1.1368683772161605e-13,0,0.5,0.5
2025-11-08,mpc,error_scaled_frozen_contract_and_soc,24417.014300189094,23087.36619097064,1329.6481092184538,40927.10582241693,33867.98656289312,7059.119259523808,2091.0191038889293,253.422091666667,29,10,4375.199594870355,9464.506211330296,19715.41232237077,15977.201299011638,10800.0,10791.425202342984,1625.990996444046,10800.0,1.2125399999931687,1.1368683772161605e-13,0,0.5,0.5
2025-11-09,greedy,error_scaled_frozen_contract_and_soc,51157.004457432406,51157.004457432406,0.0,80803.58510356687,73798.72309642403,7004.862007142856,2113.0129793736905,0.0,0,0,5588.847713683137,882.8793333333329,20695.672127207727,16763.494423038264,10800.0,10800.0,1569.0270542328058,10800.0,0.0006477999995695,2.273736754432321e-13,0,0.5,0.5
2025-11-09,mpc,error_scaled_frozen_contract_and_soc,54227.46709545548,51157.004457432406,3070.462638023068,80803.58510356687,73798.72309642403,7004.862007142856,2113.0129793736905,558.339708202073,18,8,6666.450740250654,470.249248809524,20187.433770878302,16361.889300550478,10800.0,10788.813393178838,1200.0,10800.0,1.2537430999946082,2.273736754432321e-13,0,0.5,0.5
2025-11-10,greedy,error_scaled_frozen_contract_and_soc,51275.0592642404,51275.0592642404,0.0,81209.23184548825,74142.63040501205,7066.601440476191,2064.075010091587,0.0,0,0,4899.002832627861,489.6332571428568,21066.046546382957,17063.497702570196,10800.0,10800.0,1431.2192464947098,10800.0,0.0004099000070709,1.1368683772161605e-13,0,0.5,0.5
2025-11-10,mpc,error_scaled_frozen_contract_and_soc,56401.77962167127,51275.0592642404,5126.72035743087,81209.23184548825,74142.63040501205,7066.601440476191,2064.075010091587,924.9358034967396,34,9,6309.947301539169,208.00872619047615,19990.343133424027,16192.178424073454,10800.0,10799.999460000012,1200.0,10800.0,1.3260154000017792,2.273736754432321e-13,0,0.5,0.5
2025-11-11,greedy,error_scaled_frozen_contract_and_soc,51647.47538256731,51647.47538256731,0.0,81396.35070349099,74287.4566582529,7108.894045238096,2045.2043706457137,0.0,0,0,6136.705627565061,602.7936809523804,20670.31271164021,16742.95329642857,10800.0,10800.0,1585.695735449735,10800.0,0.0002544000017223,2.273736754432321e-13,0,0.5,0.5000000000000001
2025-11-11,mpc,error_scaled_frozen_contract_and_soc,54133.14579069925,51647.47538256731,2485.6704081319385,81396.35070349099,74287.4566582529,7108.894045238096,2045.2043706457137,456.6335455614452,20,8,6831.321562452834,439.0488988095242,20299.00867437149,16445.886866343317,10800.0,10795.900177663983,1206.0944444444435,10800.0,1.241557899993495,2.273736754432321e-13,0,0.5,0.5000000000000001
2025-11-12,greedy,error_scaled_frozen_contract_and_soc,52070.02784968399,52070.02784968399,0.0,82249.26798134524,75158.09974086905,7091.168240476191,2035.7392990665076,0.0,0,0,6694.380898832015,761.8748741838574,20721.141923538067,16784.124958065837,10800.0,10800.0,1488.300335555556,10800.0,0.0002340000064577,2.273736754432321e-13,0,0.5,0.5000000000000001
2025-11-12,mpc,error_scaled_frozen_contract_and_soc,54032.62420841829,52070.02784968399,1962.5963587342928,82249.26798134524,75158.09974086905,7091.168240476191,2035.7392990665076,352.24080910713985,28,6,7396.322407143171,467.34561547619046,20441.84862513623,16560.003100160346,10800.0,10797.660318000006,1200.0,10800.0,1.6148864999995567,2.273736754432321e-13,0,0.5,0.5000000000000001
2025-11-13,greedy,error_scaled_frozen_contract_and_soc,52318.09491027221,52318.09491027221,0.0,82418.05762104808,75329.81398771475,7088.243633333333,2042.6240492047616,0.0,0,0,6431.507927542616,455.9898690476193,20337.68875654506,16473.527892801496,10800.0,10800.0,1451.1889510582005,10800.0,0.0008536000095773,2.273736754432321e-13,0,0.5,0.5
2025-11-13,mpc,error_scaled_frozen_contract_and_soc,55080.12268000597,52318.09491027221,2762.027769733756,82418.05762104808,75329.81398771475,7088.243633333333,2042.6240492047616,474.9257004442416,24,7,6970.790858146906,412.5174690476188,20227.771155702678,16384.49512211916,10800.0,10799.999460000012,1200.0,10800.0,1.4078111999988323,2.273736754432321e-13,0,0.5,0.5
2025-11-14,greedy,error_scaled_frozen_contract_and_soc,23818.639911710365,23818.639911710365,0.0,41973.101137965554,34927.87313320364,7045.228004761906,2056.3166119264674,0.0,0,0,4153.941563170292,7503.850816666665,19628.715757067803,15899.259763224922,10800.0,10800.0,1679.3211944444438,10800.0,0.000344900006894,2.273736754432321e-13,0,0.5,0.5000000000000001
2025-11-14,mpc,error_scaled_frozen_contract_and_soc,25178.552045998207,23818.639911710365,1359.9121342878436,41973.101137965554,34927.87313320364,7045.228004761906,2056.3166119264674,261.1163451521594,17,10,3740.048763095228,8189.346525880195,19573.525872929345,15854.556443072765,10800.0,10799.999460000012,1200.0,10800.0,0.7776296999945771,1.1368683772161605e-13,0,0.5,0.5000000000000001
2025-11-15,greedy,error_scaled_frozen_contract_and_soc,23465.77867412245,23465.77867412245,0.0,41475.64590094351,34574.90144856255,6900.744452380952,2023.0739682424205,0.0,0,0,3879.085068771258,6629.730335861257,20123.222104644323,16299.809904761903,10800.0,10800.0,1701.7509503306887,10800.0,0.0004775999987032,2.273736754432321e-13,0,0.5,0.5
2025-11-15,mpc,error_scaled_frozen_contract_and_soc,25068.75851249209,23465.77867412245,1602.979838369643,41475.64590094351,34574.90144856255,6900.744452380952,2023.0739682424205,345.82419047619067,30,7,3420.8339243140244,7493.313758578322,19810.02471209878,16046.120599999998,10800.0,10799.999352000015,1293.4512933421895,10800.0,0.9652279000001728,2.273736754432321e-13,0,0.5,0.5
2025-11-16,greedy,error_scaled_frozen_contract_and_soc,53194.70842292815,53194.70842292815,0.0,83756.42577872,76950.79882633906,6805.626952380952,1897.498600425199,0.0,0,0,5873.296581496175,397.3830547619049,21182.629440275785,17157.92984662338,10800.0,10800.0,1499.691847883599,10800.0,0.000307000009343,2.273736754432321e-13,0,0.5,0.5000000000000001
2025-11-16,mpc,error_scaled_frozen_contract_and_soc,55559.367054925766,53194.70842292815,2364.658631997609,83756.42577872,76950.79882633906,6805.626952380952,1897.498600425199,463.9878916666652,30,12,6686.071077924739,133.29298809523766,20736.8607450377,16796.85768948053,10800.0,10799.999460000012,1200.0,10800.0,1.0630553999944825,2.273736754432321e-13,0,0.5,0.5000000000000001
2025-11-17,greedy,error_scaled_frozen_contract_and_soc,53923.77126910141,53923.77126910141,0.0,84666.64070325336,77829.24399611051,6837.396707142857,1901.542281973532,0.0,0,0,7277.812366857726,434.061328571428,20556.940392057244,16651.121717566366,10800.0,10800.0,1537.2870013227484,10800.0,0.0008579999994253,2.273736754432321e-13,0,0.5,0.5000000000000001
2025-11-17,mpc,error_scaled_frozen_contract_and_soc,55654.86448282165,53923.77126910141,1731.0932137202428,84666.64070325336,77829.24399611051,6837.396707142857,1901.542281973532,334.82126785714377,21,8,7933.038658152577,155.61456785714313,20427.11470671477,16563.254294947317,10800.0,10780.7873527685,1312.9627273470023,10800.0,1.1363373000058343,2.273736754432321e-13,0,0.5,0.5000000000000001
2025-11-18,greedy,error_scaled_frozen_contract_and_soc,53473.26678517408,53473.26678517408,0.0,84106.99638178817,77369.96907702627,6737.027304761904,1927.7677858507536,0.0,0,0,6017.561509465016,238.8599654761897,20716.96744205168,16780.743628061864,10800.0,10800.0,1513.665243386244,10800.0,0.0004157000075792,2.273736754432321e-13,0,0.5,0.5
2025-11-18,mpc,error_scaled_frozen_contract_and_soc,55386.88150377765,53473.26678517408,1913.6147186035723,84106.99638178817,77369.96907702627,6737.027304761904,1927.7677858507536,368.7819428571431,22,10,6507.245120007759,163.43451309523857,20507.91833984227,16617.1707411571,10800.0,10793.60346012793,1203.0052311951954,10800.0,1.0762103000015486,2.273736754432321e-13,0,0.5,0.5
2025-11-19,greedy,error_scaled_frozen_contract_and_soc,53406.07897842432,53406.07897842432,0.0,84018.61857214294,77319.0790792858,6699.539492857143,1886.736526297102,0.0,0,0,5642.060680834808,225.2306940476192,21148.762892849874,17130.497943208404,10800.0,10800.0,1464.1295674603198,10800.0,0.0007330999942496,2.273736754432321e-13,0,0.5,0.4999999999999999
2025-11-19,mpc,error_scaled_frozen_contract_and_soc,56935.43874449634,53406.07897842432,3529.359766072017,84018.61857214294,77319.0790792858,6699.539492857143,1886.736526297102,703.5480392857129,31,8,6580.802377480277,132.50535476190475,20418.10706406155,16542.31043249412,10800.0,10795.95143266193,1262.7532353544295,10800.0,1.05249649999314,2.273736754432321e-13,0,0.5,0.4999999999999999
2025-11-20,greedy,error_scaled_frozen_contract_and_soc,54012.00753576149,54012.00753576149,0.0,84822.03550220793,78208.28658077934,6613.748921428571,1894.158618412539,0.0,0,0,6432.110608583189,165.58332380952402,20718.597410054997,16782.063902144546,10800.0,10800.0,1579.5965092592633,10800.0,0.0003474999975878,2.273736754432321e-13,0,0.5,0.5
2025-11-20,mpc,error_scaled_frozen_contract_and_soc,56012.61551179099,54012.00753576149,2000.6079760295129,84822.03550220793,78208.28658077934,6613.748921428571,1894.158618412539,376.1454069252594,20,7,6909.729372570111,135.09609166666723,20457.92935559188,16592.38197260024,10800.0,10776.15645047687,1203.6185185185186,10800.0,0.9820980999938912,2.273736754432321e-13,0,0.5,0.5
2025-11-21,greedy,error_scaled_frozen_contract_and_soc,23468.256585370724,23468.256585370724,0.0,41461.60402760829,34979.49093713211,6482.11309047619,1953.2579415734915,0.0,0,0,3550.5626820855014,5651.021429761904,19953.55418696212,16162.378891439315,10800.0,10800.0,1804.7894814814824,10800.0,0.0004350000090198,2.273736754432321e-13,0,0.5,0.5
2025-11-21,mpc,error_scaled_frozen_contract_and_soc,24711.415663798696,23468.256585370724,1243.159078427973,41461.60402760829,34979.49093713211,6482.11309047619,1953.2579415734915,315.16553928571363,26,9,3278.49741853247,6296.151885315954,19764.95384377062,16031.678200963126,10800.0,10775.482680545643,1437.5784536534366,10800.0,1.1102343999955335,1.1368683772161605e-13,0,0.5,0.5
2025-11-22,greedy,error_scaled_frozen_contract_and_soc,23504.761917027696,23504.761917027696,0.0,41820.89594264847,35443.76516169608,6377.13078095238,1889.5195229401984,0.0,0,0,3344.460188822322,5090.187550000001,20017.782507606247,16214.403831161058,10800.0,10800.0,1670.0558174603166,10800.0,0.0004502000083448,2.273736754432321e-13,0,0.5,0.4999999999999999
2025-11-22,mpc,error_scaled_frozen_contract_and_soc,24619.843044331865,23504.761917027696,1115.0811273041668,41820.89594264847,35443.76516169608,6377.13078095238,1889.5195229401984,243.72940952380964,27,10,3231.651171170436,5476.266411232662,19864.756518787377,16090.918276399154,10800.0,10799.482782020685,1445.806103574074,10800.0,1.232530900000711,1.1368683772161605e-13,0,0.5,0.4999999999999999
2025-11-23,greedy,error_scaled_frozen_contract_and_soc,54674.36265984656,54674.36265984656,0.0,85854.437321581,79537.28439539052,6317.152926190475,1933.7073629309125,0.0,0,0,6203.109370564842,442.9839440476181,21237.86163442093,17202.667923880952,10800.0,10800.0,1514.0599206349195,10800.0,0.0008299999899463,2.273736754432321e-13,0,0.5,0.5
2025-11-23,mpc,error_scaled_frozen_contract_and_soc,57438.06655614835,54674.36265984656,2763.703896301788,85854.437321581,79537.28439539052,6317.152926190475,1933.7073629309125,548.1202178571433,24,9,7244.974541764241,24.58592228871385,20856.39515416788,16896.548375211256,10800.0,10796.812999627477,1374.457717438464,10800.0,1.0640669999993406,2.273736754432321e-13,0,0.5,0.5
2025-11-24,greedy,error_scaled_frozen_contract_and_soc,53897.20059542732,53897.20059542732,0.0,84962.1516500487,78643.70240957252,6318.449240476191,1926.0664553174188,0.0,0,0,6528.159279203406,298.1367619047618,20762.30436409807,16817.466534919437,10800.0,10800.0,1412.0293306878302,10800.0,0.000462800002424,2.273736754432321e-13,0,0.5,0.5000000000000002
2025-11-24,mpc,error_scaled_frozen_contract_and_soc,55753.4901040285,53897.20059542732,1856.289508601193,84962.1516500487,78643.70240957252,6318.449240476191,1926.0664553174188,346.5093047619051,22,7,7026.878872242791,166.9290595238092,20685.420052011064,16761.58480872896,10800.0,10792.894926,1224.8162171993386,10800.0,1.191229200005182,2.273736754432321e-13,0,0.5,0.5000000000000002
2025-11-25,greedy,error_scaled_frozen_contract_and_soc,54390.67065916518,54390.67065916518,0.0,85613.50520096297,79317.41803905819,6296.087161904761,1939.2092011848808,0.0,0,0,5880.336056577318,189.59314761904784,21252.163353909466,17214.252316666665,10800.0,10800.0,1496.7837910052913,10800.0,0.0003606000100262,2.273736754432321e-13,0,0.5,0.4999999999999999
2025-11-25,mpc,error_scaled_frozen_contract_and_soc,56268.16277566519,54390.67065916518,1877.4921165000012,85613.50520096297,79317.41803905819,6296.087161904761,1939.2092011848808,373.496546428572,30,13,6489.309584855917,0.0,21022.335848249917,17030.308645238092,10800.0,10797.53710204926,1286.4558671595294,10800.0,1.5167526000004727,2.273736754432321e-13,0,0.5,0.4999999999999999
2025-11-26,greedy,error_scaled_frozen_contract_and_soc,54828.563714136784,54828.563714136784,0.0,86199.91481484554,79869.59393389316,6330.320880952381,1934.6051643617457,0.0,0,0,5942.508300596572,125.447296428571,21238.183395796583,17202.928550595236,10800.0,10800.0,1516.8506891534405,10800.0,0.000800200010417,2.273736754432321e-13,0,0.5,0.4999999999999999
2025-11-26,mpc,error_scaled_frozen_contract_and_soc,56985.1698567875,54828.563714136784,2156.606142650709,86199.91481484554,79869.59393389316,6330.320880952381,1934.6051643617457,415.8922601822352,25,9,6559.607262358873,0.0,20839.45224236762,16879.956802317767,10800.0,10799.999460000012,1200.0,10800.0,1.2470950999995694,2.273736754432321e-13,0,0.5,0.4999999999999999
2025-11-27,greedy,error_scaled_frozen_contract_and_soc,54911.70616906764,54911.70616906764,0.0,86148.90501916924,79835.1138405978,6313.791178571429,1916.3027877082536,0.0,0,0,6378.089053306882,233.0943214285712,20850.28186920041,16888.72831405234,10800.0,10800.0,1472.1073941798963,10800.0,0.0003680999943753,2.273736754432321e-13,0,0.5,0.5000000000000001
2025-11-27,mpc,error_scaled_frozen_contract_and_soc,56592.34073872901,54911.70616906764,1680.6345696613655,86148.90501916924,79835.1138405978,6313.791178571429,1916.3027877082536,304.27887569945176,19,9,6921.904820132522,0.0,20839.771948803344,16884.660963352886,10800.0,10795.06035019758,1200.0,10800.0,1.372798000011244,2.273736754432321e-13,0,0.5,0.5000000000000001
2025-11-28,greedy,error_scaled_frozen_contract_and_soc,23680.38315312384,23680.38315312384,0.0,42196.29620267449,35867.109236007826,6329.186966666666,1882.2410944798407,0.0,0,0,3453.4393222318918,4565.948198809524,20196.532415863345,16359.191256849314,10800.0,10800.0,1677.486480939157,10800.0,0.0007890999986557,1.1368683772161605e-13,0,0.5,0.5000000000000001
2025-11-28,mpc,error_scaled_frozen_contract_and_soc,25886.45976710657,23680.38315312384,2206.076613982741,42196.29620267449,35867.109236007826,6329.186966666666,1882.2410944798407,421.90421666666725,27,7,3409.8464602505437,5112.281475899622,19814.45892932602,16057.953968754076,10800.0,10790.841960000012,1373.0226874397863,10800.0,1.3241417999961411,1.1368683772161605e-13,0,0.5,0.5000000000000001
2025-11-29,greedy,error_scaled_frozen_contract_and_soc,23954.974562013544,23954.974562013544,0.0,42622.50972703158,36408.54185322206,6213.967873809524,1815.202339933849,0.0,0,0,3241.51369034392,2898.120547496368,19652.89065739781,15918.841432492229,10800.0,10800.0,1764.6215092592615,10800.0,0.0002474999928381,2.273736754432321e-13,0,0.5,0.4999999999999999
2025-11-29,mpc,error_scaled_frozen_contract_and_soc,29485.095546717406,23954.974562013544,5530.120984703863,42622.50972703158,36408.54185322206,6213.967873809524,1815.202339933849,992.9227484788944,23,8,2873.9033657808586,4459.641680215761,18668.18130757481,15135.120142346668,10800.0,10784.563018654371,1200.0,10800.0,1.3113515000004554,1.1368683772161605e-13,0,0.5,0.4999999999999999
2025-11-30,greedy,error_scaled_frozen_contract_and_soc,55698.0218602939,55698.0218602939,0.0,87375.76941048099,80982.65124857624,6393.118161904762,1874.0057551401983,0.0,0,0,4844.823302733674,1.3522928571428563,21800.862503181383,17658.698627576912,10800.0,10800.0,1465.5244894179905,10800.0,0.0004788999940501,2.273736754432321e-13,0,0.5,0.5000000000000001
2025-11-30,mpc,error_scaled_frozen_contract_and_soc,59998.85981397915,55698.0218602939,4300.837953685255,87375.76941048099,80982.65124857624,6393.118161904762,1874.0057551401983,833.2242000476181,35,7,5869.215495464422,0.0,20801.835061991937,16849.486886213454,10800.0,10799.999460000012,1200.0,10800.0,1.2547446999960812,2.273736754432321e-13,0,0.5,0.5000000000000001
2025-12-01,greedy,error_scaled_frozen_contract_and_soc,56653.82322740808,56233.99569057187,419.827536836209,88220.65746476961,81876.96102905532,6343.696435714286,1882.467151936111,87.48103134523339,3,2,1948.0244052616072,0.0,23722.301461884275,19215.064184126262,10800.0,10800.0,1200.0,10800.0,0.0003335000074002,2.273736754432321e-13,0,0.5,0.5
2025-12-01,mpc,error_scaled_frozen_contract_and_soc,68320.67268447782,56233.99569057187,12086.676993905949,88220.65746476961,81876.96102905532,6343.696435714286,1882.467151936111,2608.776639913214,68,12,5067.875962250813,0.0,20650.429688228407,16741.74835889162,10800.0,10783.44409841488,1200.0,10800.0,1.1958765000017593,2.273736754432321e-13,0,0.5,0.5
2025-12-02,greedy,error_scaled_frozen_contract_and_soc,57678.5905799159,56667.03141579642,1011.5591641194856,88920.85032096932,82297.12137335027,6623.728947619049,2184.01991595869,211.39002115476256,3,1,1369.8739826572632,0.0,23906.942524762704,19364.62344505779,10800.0,10800.0,1200.0,10800.0,0.000334099997417,2.273736754432321e-13,0,0.5,0.5
2025-12-02,mpc,error_scaled_frozen_contract_and_soc,70775.41783596275,56667.03141579642,14108.386420166342,88920.85032096932,82297.12137335027,6623.728947619049,2184.01991595869,2885.903408802689,64,12,4662.49579246424,0.0,20669.65484828906,16745.444190743197,10800.0,10796.640262634375,1205.5439259259258,10800.0,1.31595349998679,2.273736754432321e-13,0,0.5,0.5
2025-12-03,greedy,error_scaled_frozen_contract_and_soc,57655.64496300536,57655.64496300536,0.0,90144.9749482067,83123.41321487338,7021.561733333334,2508.914765665674,0.0,0,0,2883.380302336865,0.0,23356.339508337507,18918.635001753384,10800.0,10800.0,1587.6846309523814,10800.0,0.0004738999996334,2.273736754432321e-13,0,0.5,0.5
2025-12-03,mpc,error_scaled_frozen_contract_and_soc,64809.832231388704,57655.64496300536,7154.187268383336,90144.9749482067,83123.41321487338,7021.561733333334,2508.914765665674,1592.6701678571442,59,16,4847.808225930313,0.0,21419.134019631078,17353.187268783255,10800.0,10795.901430131022,1200.0,10800.0,1.233441699994728,2.273736754432321e-13,0,0.5,0.5
2025-12-04,greedy,error_scaled_frozen_contract_and_soc,58027.93627935938,58027.93627935938,0.0,90537.5371155328,83139.46003219945,7398.077083333334,2548.5113268615078,0.0,0,0,3360.949655364495,0.0,23703.278065046128,19158.41952868737,10754.182551111113,10800.0,1411.9912460317469,10800.0,0.0008787999977357,2.273736754432321e-13,0,0.5,0.5
2025-12-04,mpc,error_scaled_frozen_contract_and_soc,67446.79685858975,58027.93627935938,9418.860579230352,90537.5371155328,83139.46003219945,7398.077083333334,2548.5113268615078,2032.443904761904,63,12,5875.60069148263,0.0,21207.961953928,17145.31054892546,10754.182551111113,10791.003255284682,1200.0,10791.003255284682,0.91995089998818,2.273736754432321e-13,0,0.5,0.5
2025-12-05,greedy,error_scaled_frozen_contract_and_soc,25951.930932245697,25951.930932245697,0.0,45567.71520339204,37767.93672243967,7799.778480952381,2633.092531379444,0.0,0,0,2766.8806681069955,1488.1507266010033,19403.03447553009,15716.45792517938,10800.0,10800.0,1683.734456349206,10800.0,0.0003244000108679,1.1368683772161605e-13,0,0.5,0.5
2025-12-05,mpc,error_scaled_frozen_contract_and_soc,32610.62298060874,25951.930932245697,6658.692048363046,45567.71520339204,37767.93672243967,7799.778480952381,2633.092531379444,1484.4188718904786,42,11,2427.1332489472443,3684.2409971741945,17659.102224116654,14344.4496532889,10800.0,10754.914609161764,1200.0,10800.0,0.8881360999948811,1.1368683772161605e-13,0,0.5,0.5
2025-12-06,greedy,error_scaled_frozen_contract_and_soc,26273.32777695887,26273.32777695887,0.0,46409.33361770544,38146.53800818163,8262.795609523808,2552.953859644524,0.0,0,0,2528.878904350379,1281.9187298244751,18782.47770153943,15213.806938246937,10800.0,10800.0,1679.9791939021177,10800.0,0.0012921000015921,2.273736754432321e-13,0,0.5,0.5
2025-12-06,mpc,error_scaled_frozen_contract_and_soc,31414.638515428054,26273.32777695887,5141.310738469187,46409.33361770544,38146.53800818163,8262.795609523808,2552.953859644524,1165.270410174855,47,15,2505.973795695185,2732.8543211465976,17419.94145339631,14114.030762595892,10800.0,10795.690905172354,1200.0,10800.0,0.9419396000012056,1.1368683772161605e-13,0,0.5,0.5
2025-12-07,greedy,error_scaled_frozen_contract_and_soc,60394.22383365179,60394.22383365179,0.0,93885.33562833969,85180.92427595872,8704.411352380952,2551.280656078968,0.0,0,0,5536.996796707819,0.0,22561.73955833813,18265.07697075389,10788.964365,10800.0,1432.778171957674,10800.0,0.0004759000003105,2.273736754432321e-13,0,0.5,0.4999999999999999
2025-12-07,mpc,error_scaled_frozen_contract_and_soc,66036.0782719357,60394.22383365179,5641.85443828391,93885.33562833969,85180.92427595872,8704.411352380952,2551.280656078968,1089.3289278520197,44,12,6883.582062077223,0.0,21260.75986796873,17221.35361790187,10788.964365,10788.810892947557,1200.0,10799.9999232647,1.3088674000027822,2.273736754432321e-13,0,0.5,0.4999999999999999
2025-12-08,greedy,error_scaled_frozen_contract_and_soc,65618.92103728512,65618.92103728512,0.0,101552.03995169431,92512.67531598004,9039.364635714286,2453.238970230277,0.0,0,0,9609.033311875368,0.0,21725.485497794107,17597.643253213224,10800.0,10800.0,1482.109361111112,10800.0,0.0003347000019857,2.273736754432321e-13,0,0.5,0.5
2025-12-08,mpc,error_scaled_frozen_contract_and_soc,66755.81708281742,65618.92103728512,1136.8960455322997,101552.03995169431,92512.67531598004,9039.364635714286,2453.238970230277,198.0526976064104,14,4,9778.604775172136,0.0,21914.902970211624,17758.579491321103,10800.0,10791.657682833682,1201.847527777777,10800.0,1.186032500001602,1.1368683772161605e-13,0,0.5,0.5
2025-12-09,greedy,error_scaled_frozen_contract_and_soc,66093.5009167486,66093.5009167486,0.0,102052.54773784944,93007.84726165896,9044.700476190475,2451.423318924603,0.0,0,0,10034.975895002946,0.0,22124.457656585622,17920.810701834365,10800.0,10800.0,1484.5647976190469,10800.0,0.0002975999959744,2.273736754432321e-13,0,0.5,0.5
2025-12-09,mpc,error_scaled_frozen_contract_and_soc,68018.22287893014,66093.5009167486,1924.7219621815489,102052.54773784944,93007.84726165896,9044.700476190475,2451.423318924603,345.8433595238098,22,9,10399.85321838329,0.0,22024.281968919568,17839.668978024838,10800.0,10799.999352000015,1262.018066729729,10800.0,1.4212992000102531,2.273736754432321e-13,0,0.5,0.5
2025-12-10,greedy,error_scaled_frozen_contract_and_soc,65181.70475544554,65181.70475544554,0.0,101157.41560498324,92158.29658593563,8999.11901904762,2463.23763098984,0.0,0,0,9105.062868136398,0.0,21928.98530671288,17762.478098437437,10800.0,10800.0,1605.3122428306915,10800.0,0.0002307000104337,2.273736754432321e-13,0,0.5,0.4999999999999999
2025-12-10,mpc,error_scaled_frozen_contract_and_soc,66592.33786839317,65181.70475544554,1410.633112947624,101157.41560498324,92158.29658593563,8999.11901904762,2463.23763098984,250.23197619047724,17,7,9343.46828208242,0.0,22030.56791300495,17852.234142485053,10800.0,10791.695407832172,1201.2731388888917,10800.0,1.2280749999918044,2.273736754432321e-13,0,0.5,0.4999999999999999
2025-12-11,greedy,error_scaled_frozen_contract_and_soc,66052.63903305982,66052.63903305982,0.0,101951.4263569448,93080.86779265906,8870.558564285715,2505.3478312481348,0.0,0,0,10686.945361801878,0.0,21738.03295689257,17607.80669508298,10800.0,10800.0,1584.9502579365108,10800.0,0.0007576999923912,2.273736754432321e-13,0,0.5,0.5
2025-12-11,mpc,error_scaled_frozen_contract_and_soc,66724.9074732009,66052.63903305982,672.2684401410771,101951.4263569448,93080.86779265906,8870.558564285715,2505.3478312481348,113.625911904763,13,7,10724.731046746956,0.0,22192.232552899877,17986.1660641306,10800.0,10788.380337464776,1397.8327194741169,10800.0,1.4099281000089832,2.273736754432321e-13,0,0.5,0.5
2025-12-12,greedy,error_scaled_frozen_contract_and_soc,30521.8843342114,30521.8843342114,0.0,54774.61454467815,45929.01872086863,8845.595823809525,2524.246709379365,0.0,0,0,6452.578267754262,2069.9057345238098,18013.876307118244,14591.239808765782,10800.0,10800.0,1735.4568769841258,10800.0,0.000508199998876,1.1368683772161605e-13,0,0.5,0.5
2025-12-12,mpc,error_scaled_frozen_contract_and_soc,31898.99174863521,30521.8843342114,1377.107414423812,54774.61454467815,45929.01872086863,8845.595823809525,2524.246709379365,246.5246821428576,20,8,6405.870670260114,2397.5394523809528,17957.3497641362,14569.114704003876,10800.0,10773.709561051608,1456.4264764424856,10800.0,1.2059039000014309,1.1368683772161605e-13,0,0.5,0.5
2025-12-13,greedy,error_scaled_frozen_contract_and_soc,31011.08850279064,31011.08850279064,0.0,55826.25733460253,46868.25385126918,8958.003483333334,2490.7981961979367,0.0,0,0,7247.206023456792,1784.4795357142862,18080.39295966425,14645.118297328048,10800.0,10800.0,1780.16362830688,10800.0,0.0002364999963901,1.1368683772161605e-13,0,0.5,0.4999999999999999
2025-12-13,mpc,error_scaled_frozen_contract_and_soc,32842.89807860433,31011.08850279064,1831.809575813692,55826.25733460253,46868.25385126918,8958.003483333334,2490.7981961979367,334.0805892857145,22,9,7080.382584643627,2320.5371559523805,17913.62059609646,14513.499525899477,10800.0,10796.14795215407,1340.18800356771,10800.0,1.3026525000022957,1.1368683772161605e-13,0,0.5,0.4999999999999999
2025-12-14,greedy,error_scaled_frozen_contract_and_soc,66192.6211090874,66192.6211090874,0.0,102323.11247935383,93405.10787697288,8918.004602380954,2479.623642392539,0.0,0,0,9375.1731888301,0.0,22345.34324586431,18099.728029150094,10800.0,10800.0,1545.039314814814,10800.0,0.0003603999939514,2.273736754432321e-13,0,0.5,0.5
2025-12-14,mpc,error_scaled_frozen_contract_and_soc,68115.73008583978,66192.6211090874,1923.108976752384,102323.11247935383,93405.10787697288,8918.004602380954,2479.623642392539,363.7055833333338,19,6,9771.802751922378,0.0,22172.062211343466,17959.370974388192,10800.0,10799.999352000015,1291.9726578786876,10800.0,1.0218101999926148,2.273736754432321e-13,0,0.5,0.5
2025-12-15,greedy,error_scaled_frozen_contract_and_soc,65765.4827074071,65765.4827074071,0.0,101865.19624467072,92955.86804705166,8909.328197619048,2471.195945233294,0.0,0,0,8771.113509950035,0.0,22397.5990047956,18142.05519388444,10800.0,10800.0,1511.6791256613735,10800.0,0.0002406999992672,2.273736754432321e-13,0,0.5,0.4999999999999999
2025-12-15,mpc,error_scaled_frozen_contract_and_soc,67759.41450244104,65765.4827074071,1993.9317950339316,101865.19624467072,92955.86804705166,8909.328197619048,2471.195945233294,387.58153214285767,24,11,9219.658563665478,0.0,22076.74143441349,17882.161145074915,10800.0,10799.999352000015,1322.3285273697647,10800.0,1.125142799995956,2.273736754432321e-13,0,0.5,0.4999999999999999
2025-12-16,greedy,error_scaled_frozen_contract_and_soc,66369.11325246419,66369.11325246419,0.0,102402.32652113948,93514.33055209188,8887.995969047619,2502.177168298333,0.0,0,0,9061.357757436805,0.0,22434.781519487835,18172.173030785147,10800.0,10800.0,1553.669486772486,10800.0,0.0003486999921733,2.273736754432321e-13,0,0.5,0.5000000000000001
2025-12-16,mpc,error_scaled_frozen_contract_and_soc,67877.96994331302,66369.11325246419,1508.8566908488167,102402.32652113948,93514.33055209188,8887.995969047619,2502.177168298333,291.6908273809538,18,7,9385.348475757237,0.0,22334.14041545312,18103.831817689912,10800.0,10785.357687585683,1353.495313050836,10800.0,0.9827671999955784,2.273736754432321e-13,0,0.5,0.5000000000000001
2025-12-17,greedy,error_scaled_frozen_contract_and_soc,65899.23071118831,65899.23071118831,0.0,102218.69310806824,93460.16420330633,8758.528904761904,2530.4662895447227,0.0,0,0,9588.10529701646,0.0,21973.28442533513,17798.360384521457,10800.0,10800.0,1571.6310106084666,10800.0,0.0011814000026788,2.273736754432321e-13,0,0.5,0.5
2025-12-17,mpc,error_scaled_frozen_contract_and_soc,66902.87747369427,65899.23071118831,1003.6467625059548,102218.69310806824,93460.16420330633,8758.528904761904,2530.4662895447227,167.32667500000056,16,9,9721.502645044073,0.0,22151.86289992657,17943.009532140502,10800.0,10799.999352000015,1447.5561978579813,10800.0,1.1633568999968702,2.273736754432321e-13,0,0.5,0.5
2025-12-18,greedy,error_scaled_frozen_contract_and_soc,65724.3990648264,65724.3990648264,0.0,101599.14062324312,92815.86323514787,8783.277388095237,2524.456642858096,0.0,0,0,9623.006195355672,0.0,22363.14672572341,18114.148847835964,10800.0,10800.0,1528.1632354497342,10800.0,0.0007429999968735,2.273736754432321e-13,0,0.5,0.5
2025-12-18,mpc,error_scaled_frozen_contract_and_soc,67349.05303515855,65724.3990648264,1624.6539703321428,101599.14062324312,92815.86323514787,8783.277388095237,2524.456642858096,314.09263571428585,21,7,9988.172779016326,0.0,22106.130726586565,17908.206796645485,10800.0,10797.510102099586,1355.8546679773904,10800.0,1.4005655999935698,2.273736754432321e-13,0,0.5,0.5
2025-12-19,greedy,error_scaled_frozen_contract_and_soc,30925.72991240377,30925.72991240377,0.0,55802.37997057437,47096.94656343151,8705.433407142857,2543.259752018333,0.0,0,0,7143.31669090241,2189.223582142856,18273.7551686996,14801.741686646676,10800.0,10800.0,1670.5451785714288,10800.0,0.0003952000115532,2.273736754432321e-13,0,0.5,0.4999999999999999
2025-12-19,mpc,error_scaled_frozen_contract_and_soc,32755.00860118473,30925.72991240377,1829.2786887809543,55802.37997057437,47096.94656343151,8705.433407142857,2543.259752018333,327.67485595238134,26,7,7163.466979398887,2537.086492599641,18074.021623317767,14642.346484265723,10800.0,10797.345589579629,1365.6025322744526,10800.0,1.291484200002742,2.273736754432321e-13,0,0.5,0.4999999999999999
2025-12-20,greedy,error_scaled_frozen_contract_and_soc,30919.079270504488,30919.079270504488,0.0,55861.45047389404,47208.04504532261,8653.40542857143,2564.025952879364,0.0,0,0,7044.048307348617,2294.2745997354477,18498.85681779687,14984.074022415463,10800.0,10800.0,1743.8710608465608,10800.0,0.0005230999959167,1.1368683772161605e-13,0,0.5,0.5
2025-12-20,mpc,error_scaled_frozen_contract_and_soc,32739.05986754853,30919.079270504488,1819.9805970440484,55861.45047389404,47208.04504532261,8653.40542857143,2564.025952879364,335.2528464285716,24,6,7429.131378957835,2275.647660477677,18355.945972350182,14872.366462891654,10800.0,10795.49974968,1556.763500187834,10800.0,1.1806439999927534,2.273736754432321e-13,0,0.5,0.5
2025-12-21,greedy,error_scaled_frozen_contract_and_soc,66167.82516257618,66167.82516257618,0.0,102127.98745849544,93499.20001801924,8628.787440476191,2564.5494414402374,0.0,0,0,9029.46681854792,0.0,22175.188136315275,17961.90239041538,10800.0,10800.0,1526.9833015873037,10800.0,0.0008292999991681,2.273736754432321e-13,0,0.5,0.5
2025-12-21,mpc,error_scaled_frozen_contract_and_soc,67210.67481634702,66167.82516257618,1042.849653770836,102127.98745849544,93499.20001801924,8628.787440476191,2564.5494414402374,182.1978559523816,13,10,9177.724732492632,0.0,22353.822479513416,18106.59679160585,10800.0,10799.999352000015,1375.9083603676004,10800.0,1.228512400004547,2.273736754432321e-13,0,0.5,0.5
2025-12-22,greedy,error_scaled_frozen_contract_and_soc,65883.62631539132,65883.62631539132,0.0,101987.691350217,93321.3616264075,8666.329723809526,2561.2685493907134,0.0,0,0,8989.789420238088,0.0,22329.375790615937,18086.794390398907,10800.0,10800.0,1478.4461018518505,10800.0,0.0005776000034529,2.273736754432321e-13,0,0.5,0.5
2025-12-22,mpc,error_scaled_frozen_contract_and_soc,67464.2568272062,65883.62631539132,1580.6305118148855,101987.691350217,93321.3616264075,8666.329723809526,2561.2685493907134,280.4110119047628,22,6,9290.443128303916,0.0,22222.83835397868,18000.499649922713,10800.0,10799.999352000015,1344.375464857518,10800.0,1.2652148000051966,2.273736754432321e-13,0,0.5,0.5
2025-12-23,greedy,error_scaled_frozen_contract_and_soc,66135.4643179783,66135.4643179783,0.0,102215.35254619594,93547.1228533388,8668.229692857143,2562.475922783015,0.0,0,0,10011.541225764257,0.0,22025.39354738481,17840.5687733817,10800.0,10800.0,1558.988195767197,10800.0,0.0004233999934513,1.1368683772161605e-13,0,0.5,0.5000000000000001
2025-12-23,mpc,error_scaled_frozen_contract_and_soc,66603.34593072772,66135.4643179783,467.8816127494104,102215.35254619594,93547.1228533388,8668.229692857143,2562.475922783015,79.10764047619152,9,5,10038.388676252893,0.0,22306.197894515222,18069.11293052456,10800.0,10798.785960036415,1384.2186903595189,10800.0,1.3999566999991655,2.273736754432321e-13,0,0.5,0.5000000000000001
2025-12-24,greedy,error_scaled_frozen_contract_and_soc,65677.79716937782,65677.79716937782,0.0,101745.68083943128,93167.88980609793,8577.791033333333,2620.838103392937,0.0,0,0,9353.688383230452,0.0,22473.400891031877,18203.45472173582,10800.0,10800.0,1550.479198677249,10800.0,0.0007259999983943,2.273736754432321e-13,0,0.5,0.5000000000000001
2025-12-24,mpc,error_scaled_frozen_contract_and_soc,67357.70082678199,65677.79716937782,1679.903657404166,101745.68083943128,93167.88980609793,8577.791033333333,2620.838103392937,289.6488571428573,21,7,9660.479344294516,0.0,22383.1823609202,18130.378295545343,10800.0,10799.999352000015,1330.620269951028,10800.0,1.215570200001821,2.273736754432321e-13,0,0.5,0.5000000000000001
2025-12-25,greedy,error_scaled_frozen_contract_and_soc,65646.2906173867,65646.2906173867,0.0,101602.81153989212,93042.12663513022,8560.684904761905,2608.245206371508,0.0,0,0,9370.221032466196,0.0,22077.393472667834,17882.688712860945,10800.0,10800.0,1511.165457671959,10800.0,0.000797100001364,2.273736754432321e-13,0,0.5,0.5000000000000001
2025-12-25,mpc,error_scaled_frozen_contract_and_soc,66553.39505659681,65646.2906173867,907.1044392101212,101602.81153989212,93042.12663513022,8560.684904761905,2608.245206371508,153.3902976190481,12,7,9465.287069000566,0.0,22384.36633732394,18131.33731643237,10800.0,10799.999352000015,1392.7328585276443,10800.0,1.3104077000025427,2.273736754432321e-13,0,0.5,0.5000000000000001
2025-12-26,greedy,error_scaled_frozen_contract_and_soc,30683.0942880343,30683.0942880343,0.0,55200.06842176237,46692.97177890522,8507.096642857143,2646.4441722607144,0.0,0,0,6995.494185023516,1903.5947350823071,18195.35682576127,14738.23902886663,10800.0,10800.0,1914.5422764550287,10800.0,0.0008066000009421,1.1368683772161605e-13,0,0.5,0.5
2025-12-26,mpc,error_scaled_frozen_contract_and_soc,31692.502339447987,30683.0942880343,1009.4080514136928,55200.06842176237,46692.97177890522,8507.096642857143,2646.4441722607144,195.36178928571476,18,7,6512.65141490521,2575.0264928571896,18247.681170247557,14783.790571723774,10800.0,10796.47908464083,1381.303410328276,10800.0,1.285379599998123,1.1368683772161605e-13,0,0.5,0.5
2025-12-27,greedy,error_scaled_frozen_contract_and_soc,30584.19693266657,30584.19693266657,0.0,55277.98578964761,46821.49286345713,8456.492926190476,2688.2824582819444,0.0,0,0,6825.989331907709,1933.819335714286,18110.33748434536,14669.373362319746,10800.0,10800.0,1737.3093981481488,10800.0,0.0012734000047203,1.1368683772161605e-13,0,0.5,0.5
2025-12-27,mpc,error_scaled_frozen_contract_and_soc,31813.393424344547,30584.19693266657,1229.196491677975,55277.98578964761,46821.49286345713,8456.492926190476,2688.2824582819444,220.02234642857127,18,9,6787.810481729242,2187.115159390672,18136.15830608554,14690.28881112927,10800.0,10799.999352000015,1460.1489686310715,10800.0,1.3062320000026375,2.273736754432321e-13,0,0.5,0.5
2025-12-28,greedy,error_scaled_frozen_contract_and_soc,65893.72892845565,65893.72892845565,0.0,101821.2000958148,93393.70310295766,8427.496992857145,2689.9883571017854,0.0,0,0,9972.677914844217,0.0,21732.31947378006,17603.17877376185,10800.0,10800.0,1661.4884867724895,10800.0,0.0006754999922122,2.273736754432321e-13,0,0.5,0.4999999999999999
2025-12-28,mpc,error_scaled_frozen_contract_and_soc,66769.85753031042,65893.72892845565,876.1286018547618,101821.2000958148,93393.70310295766,8427.496992857145,2689.9883571017854,145.0283250000001,10,4,10003.345964870652,0.0,22334.21872732505,18090.71775233328,10800.0,10799.999352000015,1370.0472819413233,10800.0,1.32128059999377,2.273736754432321e-13,0,0.5,0.4999999999999999
2025-12-29,greedy,error_scaled_frozen_contract_and_soc,65928.22967850791,65928.22967850791,0.0,101959.75211036696,93557.43140798603,8402.320702380952,2707.757340646944,0.0,0,0,9661.305589623753,0.0,21832.55484601703,17684.3694252738,10800.0,10800.0,1583.606373015873,10800.0,0.0009461000008741,2.273736754432321e-13,0,0.5,0.5000000000000002
2025-12-29,mpc,error_scaled_frozen_contract_and_soc,66226.51178582755,65928.22967850791,298.2821073196443,101959.75211036696,93557.43140798603,8402.320702380952,2707.757340646944,54.138927380952666,7,4,9602.518053579117,0.0,22444.56994991881,18183.458065749983,10800.0,10796.270659649164,1302.4797619108165,10800.0,1.5501164000015706,2.273736754432321e-13,0,0.5,0.5000000000000002
2025-12-30,greedy,error_scaled_frozen_contract_and_soc,65162.17887319735,65162.17887319735,0.0,100954.39327681964,92724.2680292006,8230.125247619048,2644.8561130139287,0.0,0,0,9653.140743356853,0.0,22148.32100318775,17940.140012582084,10800.0,10800.0,1557.355048941799,10800.0,0.0008464999991701,2.273736754432321e-13,0,0.5,0.5000000000000002
2025-12-30,mpc,error_scaled_frozen_contract_and_soc,66372.49951630033,65162.17887319735,1210.320643102977,100954.39327681964,92724.2680292006,8230.125247619048,2644.8561130139287,218.85770238095265,14,6,9842.189438765312,0.0,22368.194029207865,18130.2040316297,10800.0,10786.703480031854,1424.5921758592872,10800.0,1.7072251999925356,2.273736754432321e-13,0,0.5,0.5000000000000002
2025-12-31,greedy,error_scaled_frozen_contract_and_soc,64954.40580049608,64954.40580049608,0.0,100619.20416892016,92596.82033320588,8022.383835714285,2720.881589940992,0.0,0,0,8086.435252601406,0.0,22489.15349440951,18216.214330471703,10800.0,10800.0,1562.4409074074108,10800.0,0.0005886999861104,2.273736754432321e-13,0,0.5,0.5000000000000001
2025-12-31,mpc,error_scaled_frozen_contract_and_soc,66984.44302153718,64954.40580049608,2030.03722104109,100619.20416892016,92596.82033320588,8022.383835714285,2720.881589940992,391.7548821428611,22,9,8555.598204004174,0.0,22166.13723348293,17970.606138805033,10800.0,10782.183355906824,1350.0020975155571,10800.0,1.4001745999994455,2.273736754432321e-13,0,0.5,0.5000000000000001
2025-02-01,greedy,error_scaled_frozen_contract_and_soc,26709.12435609976,26709.12435609976,0.0,49023.022603149024,43233.888007593465,5789.134595555555,6312.826350179821,0.0,0,0,7094.942984184794,4222.3181,17513.608345425804,14186.022759794903,10800.0,10800.0,2360.6261485890623,10800.0,0.0003374000079929,1.1368683772161605e-13,0,1.0,1.0
2025-02-01,mpc,error_scaled_frozen_contract_and_soc,27899.51832504976,26709.12435609976,1190.3939689500016,49023.022603149024,43233.888007593465,5789.134595555555,6312.826350179821,202.84544523809564,10,6,7288.811021362491,3985.560921640631,18806.950831845574,15233.630659794904,10800.0,10799.999460000012,1951.9991785833988,10800.0,0.9981420999974944,1.1368683772161605e-13,0,1.0,1.0
2025-02-02,greedy,error_scaled_frozen_contract_and_soc,60814.31655276092,60814.31655276092,0.0,95447.25993643588,89758.78041945177,5688.479516984126,6331.734526354028,0.0,0,0,13075.515183302958,143.1024833333331,20380.86484105052,16508.50052125092,10800.0,10800.0,1890.3158152557307,10800.0,0.0003665999975055,1.1368683772161605e-13,0,1.0,1.0
2025-02-02,mpc,error_scaled_frozen_contract_and_soc,61176.0911011014,60814.31655276092,361.7745483404754,95447.25993643588,89758.78041945177,5688.479516984126,6331.734526354028,81.2304190476189,4,3,12198.041882374073,663.7723928571436,22686.30901816988,18375.910887917587,10800.0,10799.999352000015,1507.3586305714334,10800.0,1.0466137000039453,1.1368683772161605e-13,0,1.0,1.0
2025-02-03,greedy,error_scaled_frozen_contract_and_soc,59761.37374098951,59761.37374098951,0.0,94059.0925764356,88351.30972611814,5707.78285031746,6325.635568520695,0.0,0,0,9863.660882803251,0.0,20939.5536506966,16961.03845706425,10800.0,10800.0,1813.4774210758408,10800.0,0.0004130999877816,1.1368683772161605e-13,0,1.0,1.0
2025-02-03,mpc,error_scaled_frozen_contract_and_soc,60415.31347814428,59761.37374098951,653.9397371547657,94059.0925764356,88351.30972611814,5707.78285031746,6325.635568520695,130.0200666666674,10,6,9140.442897277066,529.3509500000007,22644.22567907993,18341.823383254727,10800.0,10799.999352000015,1444.5024770340697,10800.0,1.0554768000001786,2.273736754432321e-13,0,1.0,1.0
2025-02-04,greedy,error_scaled_frozen_contract_and_soc,60256.86003817031,60256.86003817031,0.0,94763.34714999804,89031.03173301392,5732.3154169841255,6307.104330743882,0.0,0,0,9431.442463814416,0.3517833333335147,21772.04712026476,17635.35816741446,10800.0,10800.0,2044.759881393298,10800.0,0.0003253000031691,1.1368683772161605e-13,0,1.0,1.0
2025-02-04,mpc,error_scaled_frozen_contract_and_soc,61938.42527047865,60256.86003817031,1681.565232308339,94763.34714999804,89031.03173301392,5732.3154169841255,6307.104330743882,336.4601833333345,18,8,9697.791847838174,82.89184999999998,22230.90785528862,18106.648169795408,10800.0,10689.319103320418,1310.8761691143068,10800.0,1.0229736999899617,1.1368683772161605e-13,0,1.0,1.0
2025-02-05,greedy,error_scaled_frozen_contract_and_soc,58582.167117194185,58582.167117194185,0.0,92567.5088404276,87805.56615709428,4761.942683333333,4566.75086750565,0.0,0,0,7568.893662757197,2.0524999999997817,22358.608917563597,18110.473223226505,10800.0,10800.0,1657.9330782804211,10800.0,0.0003872999950544,1.1368683772161605e-13,0,1.0,1.0
2025-02-05,mpc,error_scaled_frozen_contract_and_soc,60911.931229671565,58582.167117194185,2329.7641124773813,92567.5088404276,87805.56615709428,4761.942683333333,4566.75086750565,447.9630928571429,25,11,7802.271570305633,173.36246666666688,22613.323431443725,18321.912518464604,10800.0,10794.310512227568,1541.3565484285743,10800.0,1.0580681999999797,2.273736754432321e-13,0,1.0,1.0
2025-02-06,greedy,error_scaled_frozen_contract_and_soc,58974.03607680656,58974.03607680656,0.0,92802.98276806748,88839.82339822622,3963.159369841271,3251.412147611388,0.0,0,0,8424.991930893595,1.400816666666742,21608.06738863454,17502.534584793975,10800.0,10800.0,1876.913722222224,10800.0,0.0004014000005554,1.1368683772161605e-13,0,1.0,1.0
2025-02-06,mpc,error_scaled_frozen_contract_and_soc,59904.15599730656,58974.03607680656,930.119920500001,92802.98276806748,88839.82339822622,3963.159369841271,3251.412147611388,187.60236428571443,12,7,7679.707087666058,669.2052880952396,23003.242753290644,18632.62721336541,10800.0,10799.999352000015,1611.5820484285723,10800.0,1.0619879000005312,2.273736754432321e-13,0,1.0,1.0
2025-02-07,greedy,error_scaled_frozen_contract_and_soc,24137.83848105902,24137.83848105902,0.0,45454.33012959417,42149.74573197513,3304.584397619048,1942.5968872038493,0.0,0,0,4980.629476214275,5080.81869265698,18880.01207398029,15292.80977992404,10800.0,10800.0,1606.52664021164,10800.0,0.0003748000017367,1.1368683772161605e-13,0,1.0,1.0
2025-02-07,mpc,error_scaled_frozen_contract_and_soc,26177.976926730447,24137.83848105902,2040.138445671428,45454.33012959417,42149.74573197513,3304.584397619048,1942.5968872038493,345.42930476190463,16,6,5852.113288359767,4439.425241634341,19487.062215238395,15784.520977543089,10800.0,10799.999352000015,1684.8234831198245,10800.0,1.0779743000020972,1.1368683772161605e-13,0,1.0,1.0
2025-02-08,greedy,error_scaled_frozen_contract_and_soc,22024.09795129196,22024.09795129196,0.0,41292.83964174117,38070.79812507451,3222.041516666666,1927.9955428724609,0.0,0,0,2612.111978751602,3366.9517,19666.38550696268,15929.772260639777,10800.0,10800.0,1624.5250158730155,10800.0,0.0005365999968489,1.1368683772161605e-13,0,1.0,1.0
2025-02-08,mpc,error_scaled_frozen_contract_and_soc,24578.05074034196,22024.09795129196,2553.9527890500003,41292.83964174117,38070.79812507451,3222.041516666666,1927.9955428724609,465.3772428571429,24,10,2820.585959275154,3637.5524523377208,19785.58325981569,16062.667503496918,10800.0,10759.616596615322,1200.0,10800.0,0.9450196999969194,1.1368683772161605e-13,0,1.0,1.0
2025-02-09,greedy,error_scaled_frozen_contract_and_soc,54660.206416058216,54660.206416058216,0.0,86989.37612125189,83759.9018950614,3229.4742261904767,1884.7776228023413,0.0,0,0,2963.227087830694,0.0,23530.174035550157,19059.44096879563,10800.0,10800.0,1591.592796957672,10800.0,0.0002510000049369,2.273736754432321e-13,0,1.0,1.0
2025-02-09,mpc,error_scaled_frozen_contract_and_soc,58284.43507534393,54660.206416058216,3624.2286592857126,86989.37612125189,83759.9018950614,3229.4742261904767,1884.7776228023413,775.5319428571428,31,13,3606.0297020310263,226.9332833333333,23123.40782611173,18746.878714033723,10800.0,10781.2018056853,1258.2416574038975,10800.0,1.054374100000132,2.273736754432321e-13,0,1.0,1.0
2025-02-10,greedy,error_scaled_frozen_contract_and_soc,55464.29518743896,55464.29518743896,0.0,88081.68848907827,84862.71942717349,3218.969061904762,1904.2355526711904,0.0,0,0,9312.287896325684,608.48170875955,20180.42789820892,16346.146597549216,10800.0,10800.0,1542.4412116402086,10800.0,0.000417400005972,2.273736754432321e-13,0,1.0,1.0
2025-02-10,mpc,error_scaled_frozen_contract_and_soc,56485.16581317586,55464.29518743896,1020.8706257369048,88081.68848907827,84862.71942717349,3218.969061904762,1904.2355526711904,207.10610476190485,15,9,7679.233612449103,1948.9886904761895,23104.433002749804,18770.49829516826,10800.0,10737.880485621205,1504.8683763123686,10800.0,0.9582528000028104,2.273736754432321e-13,0,1.0,1.0
2025-02-11,greedy,error_scaled_frozen_contract_and_soc,54034.25592924765,54034.25592924765,0.0,86206.0136975367,83063.51654991765,3142.4971476190467,1917.0786876211912,0.0,0,0,6602.153381746028,243.4577000000004,21788.44990767025,17648.644425212908,10800.0,10800.0,1356.5238276984128,10800.0,0.0002661000035004,2.273736754432321e-13,0,1.0,1.0
2025-02-11,mpc,error_scaled_frozen_contract_and_soc,55961.99565356075,54034.25592924765,1927.739724313096,86206.0136975367,83063.51654991765,3142.4971476190467,1917.0786876211912,318.44559523809545,20,8,6320.522438572983,658.86422021147,22776.3909068223,18451.915406165288,10800.0,10796.623587067532,1513.2052940917893,10800.0,1.1036718000104884,2.273736754432321e-13,0,1.0,1.0
2025-02-12,greedy,error_scaled_frozen_contract_and_soc,53691.68372683104,53691.68372683104,0.0,85684.89044096171,82621.07465048552,3063.815790476189,1921.1290865783344,0.0,0,0,6046.754229071128,286.69380000000046,21498.45409766973,17413.747819112486,10800.0,10800.0,1521.0174924338596,10800.0,0.0005489000031957,2.273736754432321e-13,0,1.0,1.0
2025-02-12,mpc,error_scaled_frozen_contract_and_soc,55669.53610261914,53691.68372683104,1977.8523757880944,85684.89044096171,82621.07465048552,3063.815790476189,1921.1290865783344,384.8066738095233,20,11,5709.589677217934,810.6629499999995,22649.877594761027,18367.169240541058,10800.0,10776.924012461526,1360.6887888781007,10800.0,1.0063369999988936,2.273736754432321e-13,0,1.0,1.0
2025-02-13,greedy,error_scaled_frozen_contract_and_soc,53405.28797412094,53405.28797412094,0.0,85149.40167694942,82122.20548885418,3027.1961880952376,1902.33345955,0.0,0,0,9422.54103259316,732.2808000000005,19290.004356261023,15624.903528571424,10800.0,10800.0,1450.538060317462,10800.0,0.0006880000000819,2.273736754432321e-13,0,1.0,1.0
2025-02-13,mpc,error_scaled_frozen_contract_and_soc,55344.34510490786,53405.28797412094,1939.0571307869052,85149.40167694942,82122.20548885418,3027.1961880952376,1902.33345955,395.49180476190463,23,15,7444.24698756802,2539.8987485989223,22269.838484619497,18038.56975574178,10800.0,10799.999352000015,1544.518748107235,10800.0,1.0165376999939326,2.273736754432321e-13,0,1.0,1.0
2025-02-14,greedy,error_scaled_frozen_contract_and_soc,21094.6732169097,21094.6732169097,0.0,39440.31731157455,36480.13164252693,2960.185669047619,1904.574072742143,0.0,0,0,1903.6360482069333,3866.852154912729,20358.03837783272,16490.0110860445,10800.0,10800.0,1578.9089735449734,10800.0,0.0003397000109544,1.1368683772161605e-13,0,1.0,1.0
2025-02-14,mpc,error_scaled_frozen_contract_and_soc,23622.19345486437,21094.6732169097,2527.5202379546663,39440.31731157455,36480.13164252693,2960.185669047619,1904.574072742143,581.8333457161742,31,11,2368.361576808593,4031.17372143476,20171.67207318521,16350.858530804517,10800.0,10786.884276083909,1213.9359259259272,10800.0,0.9838295999943512,1.1368683772161605e-13,0,1.0,1.0
2025-02-15,greedy,error_scaled_frozen_contract_and_soc,20797.044105836343,20797.044105836343,0.0,39009.20172192592,36116.33101002115,2892.8707119047613,1924.7724883647224,0.0,0,0,1383.864445884778,4467.996438591663,20406.57756552356,16529.327828074085,10800.0,10800.0,1519.475883597886,10800.0,0.0004330999945523,1.1368683772161605e-13,0,1.0,1.0
2025-02-15,mpc,error_scaled_frozen_contract_and_soc,24106.02410722756,20797.044105836343,3308.9800013912204,39009.20172192592,36116.33101002115,2892.8707119047613,1924.7724883647224,727.312067642282,33,15,2085.854961621444,4625.289041324656,20170.46245419676,16425.183767574657,10800.0,10703.212022583028,1279.6396137566142,10800.0,1.0782004999928176,1.1368683772161605e-13,0,1.0,1.0
2025-02-16,greedy,error_scaled_frozen_contract_and_soc,51484.18881753374,51448.755795033736,35.43302249999984,82588.53140361824,79633.27096076109,2955.2604428571426,1862.7539320865872,7.788333333333298,1,1,2893.6123539094738,0.0,22764.885700221646,18439.557417179534,10800.0,10800.0,1426.4742595238115,10800.0,0.0003892999957315,1.1368683772161605e-13,0,1.0,1.0
2025-02-16,mpc,error_scaled_frozen_contract_and_soc,56882.49499114445,51448.755795033736,5433.739196110715,82588.53140361824,79633.27096076109,2955.2604428571426,1862.7539320865872,1137.2166261904767,43,16,3706.529275917278,434.4556499999991,22221.15811630908,18013.774112417632,10800.0,10783.737735325243,1400.4916804544432,10800.0,0.980658600004972,2.273736754432321e-13,0,1.0,1.0
2025-02-17,greedy,error_scaled_frozen_contract_and_soc,50939.23850743064,50939.23850743064,0.0,82044.32370015288,79007.76059062907,3036.563109523809,1867.1100018572224,0.0,0,0,6177.786804791303,794.4811999999995,20464.17120365746,16575.97867496255,10800.0,10800.0,1380.3209885978856,10800.0,0.0003705999988596,1.1368683772161605e-13,0,1.0,1.0
2025-02-17,mpc,error_scaled_frozen_contract_and_soc,52689.89268061159,50939.23850743064,1750.654173180954,82044.32370015288,79007.76059062907,3036.563109523809,1867.1100018572224,341.3443523809527,22,12,5564.78978449367,1462.2781397145095,22143.14166757392,17968.40470591493,10800.0,10763.933383133271,1450.221013960099,10800.0,1.1436032000056002,2.273736754432321e-13,0,1.0,1.0
2025-02-18,greedy,error_scaled_frozen_contract_and_soc,50784.03840280216,50772.92245780215,11.115945000000234,81618.85518557957,78620.893414151,2997.961771428571,1865.5898369858733,2.443333333333385,1,1,5229.324168283361,275.2412500000001,21186.027985769528,17160.682668473317,10800.0,10800.0,1534.4548518518525,10800.0,0.0003341999981785,1.1368683772161605e-13,0,1.0,1.0
2025-02-18,mpc,error_scaled_frozen_contract_and_soc,52633.11159828668,50772.92245780215,1860.189140484524,81618.85518557957,78620.893414151,2997.961771428571,1865.5898369858733,407.8849499999999,21,13,4722.298504431917,972.9076499999992,22323.534882954307,18083.388685139984,10800.0,10798.5273000589,1218.9762196112797,10800.0,0.976336599997012,2.273736754432321e-13,0,1.0,1.0
2025-02-19,greedy,error_scaled_frozen_contract_and_soc,50452.03140896071,50289.99903291905,162.0323760416663,81004.34179618696,78103.91902475839,2900.4227714285707,1846.0541753888897,36.99791666666658,1,1,3636.120367136983,135.93235000000004,23105.05059149114,18715.090979107823,10800.0,10800.0,1400.6443068783087,10800.0,0.000418499999796,1.1368683772161605e-13,0,1.0,1.0
2025-02-19,mpc,error_scaled_frozen_contract_and_soc,54157.00638645952,50289.99903291905,3867.007353540473,81004.34179618696,78103.91902475839,2900.4227714285707,1846.0541753888897,886.4500928571422,37,19,4811.658778883865,97.6615761904756,22191.151858315687,18089.00770767925,10800.0,10673.13921950717,1277.4234881179636,10800.0,1.0343806000018958,2.273736754432321e-13,0,1.0,1.0
2025-02-20,greedy,error_scaled_frozen_contract_and_soc,49987.551149914274,49846.34081753332,141.2103323809516,80516.42670686444,77613.79361162634,2902.6330952380945,1863.1133610731356,30.147380952380782,1,1,5059.803174191655,391.8144833333332,21588.540510307957,17486.71781334945,10800.0,10800.0,1589.552396402118,10800.0,0.0002974000090034,2.273736754432321e-13,0,1.0,1.0
2025-02-20,mpc,error_scaled_frozen_contract_and_soc,52786.24621446547,49846.34081753332,2939.905396932144,80516.42670686444,77613.79361162634,2902.6330952380945,1863.1133610731356,600.6884404761905,28,14,5188.651653106549,793.659724774134,22111.622654237974,17969.952618111354,10800.0,10733.846368690456,1403.477889107475,10800.0,1.0904397999984212,2.273736754432321e-13,0,1.0,1.0
2025-02-21,greedy,error_scaled_frozen_contract_and_soc,20398.434460128665,20398.434460128665,0.0,38423.37102845556,35508.4884213127,2914.8826071428552,1864.9237810269456,0.0,0,0,2219.973242151674,6831.015889745252,20063.78875381736,16251.66889059206,10800.0,10800.0,1755.1744285714285,10800.0,0.0007327000057557,1.1368683772161605e-13,0,1.0,1.0
2025-02-21,mpc,error_scaled_frozen_contract_and_soc,22054.66714096319,20398.434460128665,1656.2326808345222,38423.37102845556,35508.4884213127,2914.8826071428552,1864.9237810269456,391.0108999999997,28,14,3099.8719786539627,6336.930631876038,20191.01872042238,16373.701435830157,10800.0,10778.915253013309,1646.0664666174566,10800.0,1.0632276999967871,1.1368683772161605e-13,0,1.0,1.0
2025-02-22,greedy,error_scaled_frozen_contract_and_soc,20274.400499791944,20274.400499791944,0.0,38231.72919683688,35397.3410206464,2834.388176190474,1855.2141051533745,0.0,0,0,1758.355434126981,4764.851907323611,20335.57353712084,16471.814565067878,10800.0,10800.0,1604.7993227513225,10800.0,0.0005792000010842,1.1368683772161605e-13,0,1.0,1.0
2025-02-22,mpc,error_scaled_frozen_contract_and_soc,23625.94975704799,20274.400499791944,3351.549257256048,38231.72919683688,35397.3410206464,2834.388176190474,1855.2141051533745,692.9603138812228,22,12,2118.8100409420795,5196.652716035029,20013.921888260986,16249.458017853322,10800.0,10757.576346264528,1259.856116402115,10800.0,0.960929799999576,1.1368683772161605e-13,0,1.0,1.0
2025-02-23,greedy,error_scaled_frozen_contract_and_soc,49268.66657033868,49268.66657033868,0.0,79578.30291501309,76804.67333882261,2773.629576190474,1800.7257041490884,0.0,0,0,3414.457705771484,406.4334159804211,22239.779525936094,18014.221416008237,10800.0,10800.0,1442.554703703706,10800.0,0.0002375999902142,1.1368683772161605e-13,0,1.0,1.0
2025-02-23,mpc,error_scaled_frozen_contract_and_soc,53195.79996493629,49268.66657033868,3927.13339459762,79578.30291501309,76804.67333882261,2773.629576190474,1800.7257041490884,853.2395523809525,31,16,4175.238616753956,553.4005783003889,22092.676259776512,17921.626670770143,10800.0,10770.490110720924,1350.2150084430275,10800.0,0.9960241000080714,2.273736754432321e-13,0,1.0,1.0
2025-02-24,greedy,error_scaled_frozen_contract_and_soc,48723.478907828816,48577.8021688312,145.676738997619,78725.77541968366,75940.710403017,2785.0650166666646,1817.4638609470644,32.06959761904761,2,1,5338.150754967673,1224.3533833333336,21012.143485973927,17019.836223638886,10800.0,10800.0,1554.5179334127,10800.0,0.0002435999922454,2.273736754432321e-13,0,1.0,1.0
2025-02-24,mpc,error_scaled_frozen_contract_and_soc,50422.287094235966,48577.8021688312,1844.484925404765,78725.77541968366,75940.710403017,2785.0650166666646,1817.4638609470644,395.5945833333338,24,11,5454.657689695992,1288.2607622823548,21996.864498487063,17821.446564115075,10800.0,10795.57075517716,1373.2082960966045,10800.0,1.067070999997668,2.273736754432321e-13,0,1.0,1.0
2025-02-25,greedy,error_scaled_frozen_contract_and_soc,48720.36840563875,48633.218701799466,87.14970383928535,78732.17571264275,75955.0576602618,2777.1180523809503,1818.4403196290884,19.899464285714203,1,1,7332.879164012856,1755.5977099730326,20222.500366364417,16380.22529675518,10800.0,10800.0,1470.050411507939,10800.0,0.0005490000039571,1.1368683772161605e-13,0,1.0,1.0
2025-02-25,mpc,error_scaled_frozen_contract_and_soc,50130.000194887565,48633.218701799466,1496.7814930880927,78732.17571264275,75955.0576602618,2777.1180523809503,1818.4403196290884,346.252878571428,20,11,6426.222124661221,2656.343186346806,22160.879567437514,17986.339520564703,10800.0,10759.96992117743,1406.798764492688,10800.0,1.047332800008007,2.273736754432321e-13,0,1.0,1.0
2025-02-26,greedy,error_scaled_frozen_contract_and_soc,48320.751366810895,48320.751366810895,0.0,78251.07572058529,75573.34449915672,2677.7312214285694,1759.098042649406,0.0,0,0,4645.530394179894,790.2927500000003,21054.7607530109,17054.356209938833,10800.0,10800.0,1582.616404761905,10800.0,0.0002982000005431,2.273736754432321e-13,0,1.0,1.0
2025-02-26,mpc,error_scaled_frozen_contract_and_soc,50963.23491777162,48320.751366810895,2642.483550960713,78251.07572058529,75573.34449915672,2677.7312214285694,1759.098042649406,607.6188761904759,30,15,4451.080317738572,1421.146594884187,21990.81640361565,17819.196752795975,10800.0,10792.627260147454,1230.631515873019,10800.0,1.0133189000043783,2.273736754432321e-13,0,1.0,1.0
2025-02-27,greedy,error_scaled_frozen_contract_and_soc,47454.04992430429,47454.04992430429,0.0,77054.50654860833,74339.57917241787,2714.927376190474,1761.503335467898,0.0,0,0,4994.665926151209,767.4831560063387,22819.859297109477,18484.086030658676,10800.0,10800.0,1293.9066011199914,10800.0,0.0004075000033481,2.273736754432321e-13,0,1.0,1.0
2025-02-27,mpc,error_scaled_frozen_contract_and_soc,51843.85913903524,47454.04992430429,4389.809214730948,77054.50654860833,74339.57917241787,2714.927376190474,1761.503335467898,866.452576190475,33,12,6136.985904397707,655.8192178068559,21955.63360944341,17784.06380684915,10800.0,10799.999352000015,1215.1789191428595,10800.0,1.0002717999886954,2.273736754432321e-13,0,1.0,1.0
2025-02-28,greedy,error_scaled_frozen_contract_and_soc,19499.720682921725,19499.720682921725,0.0,37079.88260914052,34545.335332950046,2534.547276190476,1777.65642476254,0.0,0,0,2043.9580308348072,7823.850986446273,20628.84232557606,16709.362283716615,10800.0,10800.0,1559.554499259261,10800.0,0.0004406999942148,1.1368683772161605e-13,0,1.0,1.0
2025-02-28,mpc,error_scaled_frozen_contract_and_soc,21994.566740450293,19499.720682921725,2494.8460575285712,37079.88260914052,34545.335332950046,2534.547276190476,1777.65642476254,533.2226142857141,30,12,2368.446459181636,8074.139825867799,20499.250388760087,16621.325000383284,10800.0,10781.186460569324,1231.2186954978663,10800.0,1.016833300003782,1.1368683772161605e-13,0,1.0,1.0
2025-03-01,greedy,error_scaled_frozen_contract_and_soc,19624.957136064448,19624.957136064448,0.0,37140.77063386668,34511.740321961915,2629.0303119047603,1796.7883238423417,0.0,0,0,2211.077842533802,7542.095863503834,19625.4262868195,15896.595292323793,10800.0,10800.0,1610.0663650793658,10800.0,0.0004565999988699,1.1368683772161605e-13,0,1.0,1.0
2025-03-01,mpc,error_scaled_frozen_contract_and_soc,22068.26081077397,19624.957136064448,2443.303674709521,37140.77063386668,34511.740321961915,2629.0303119047603,1796.7883238423417,485.302247619047,24,13,3672.000130128501,6521.675287116091,19949.521313707784,16175.889782799984,10800.0,10781.358312559249,1669.7925802562052,10800.0,0.972414599993499,1.1368683772161605e-13,0,1.0,1.0
2025-03-02,greedy,error_scaled_frozen_contract_and_soc,61544.66453928954,46920.11469374968,14624.549845539868,76234.14867653407,73495.56820748645,2738.580469047618,1927.777209385,2156.1879796966546,5,2,2012.9157973621277,0.0,21153.23048527337,17134.11669307143,10800.0,10800.0,1200.0,10800.0,0.0003536000003805,1.1368683772161605e-13,0,1.0,1.0
2025-03-02,mpc,error_scaled_frozen_contract_and_soc,68218.15029934084,46920.11469374968,21298.03560559115,76234.14867653407,73495.56820748645,2738.580469047618,1927.777209385,3960.9957525070313,38,14,3713.9497908003286,377.31015238095233,19832.213210882783,16086.635791689629,10800.0,10774.95212125048,1200.0,10800.0,1.0089100000041071,2.273736754432321e-13,0,1.0,1.0
2025-03-03,greedy,error_scaled_frozen_contract_and_soc,56234.50342776682,47113.77007872723,9120.733349039574,76475.18605969145,73622.35192159622,2852.834138095237,2264.7249412688893,1457.14446824354,10,3,1517.1981850155294,0.0,23147.29320834802,18749.307498761897,10800.0,10800.0,1200.0,10800.0,0.0003333999920869,1.1368683772161605e-13,0,1.0,1.0
2025-03-03,mpc,error_scaled_frozen_contract_and_soc,61660.97828560407,47113.77007872723,14547.208206876832,76475.18605969145,73622.35192159622,2852.834138095237,2264.7249412688893,3014.5934813225776,53,13,3308.667399417923,102.6489289102,21545.568760273523,17484.252180920957,10800.0,10764.065016556224,1214.299726285716,10800.0,1.1543264999927487,1.1368683772161605e-13,0,1.0,1.0
2025-03-04,greedy,error_scaled_frozen_contract_and_soc,48276.798208656175,48276.798208656175,0.0,78173.20222594962,75015.76107356866,3157.441152380952,2385.855395089564,0.0,0,0,4217.105208348026,600.6831000000006,21873.452548780333,17717.49656451207,10800.0,10800.0,1451.88535978836,10800.0,0.0003061000024899,1.1368683772161605e-13,0,1.0,1.0
2025-03-04,mpc,error_scaled_frozen_contract_and_soc,50532.0907089038,48276.798208656175,2255.2925002476227,78173.20222594962,75015.76107356866,3157.441152380952,2385.855395089564,477.8769857142866,26,10,4920.28812828552,467.7115262918277,21810.2442930272,17746.622669273973,10800.0,10710.750231197851,1336.2298665591256,10800.0,1.1308954000123776,2.273736754432321e-13,0,1.0,1.0
2025-03-05,greedy,error_scaled_frozen_contract_and_soc,48897.71405832976,48897.71405832976,0.0,79217.65849465926,75934.97512799258,3282.683366666666,2372.103371361429,0.0,0,0,8675.545359229865,625.9976666666663,19924.439221558227,16138.795769462164,10800.0,10800.0,1341.6612566137574,10800.0,0.0003023000026587,1.5143442055887138e-13,0,1.0,1.0
2025-03-05,mpc,error_scaled_frozen_contract_and_soc,50507.89040965596,48897.71405832976,1610.1763513261944,79217.65849465926,75934.97512799258,3282.683366666666,2372.103371361429,275.7838357142865,16,6,7380.523817978142,1822.2745378913764,22075.21878206143,17915.046824224068,10800.0,10762.0893213841,1241.6700260351745,10800.0,1.2955344999936642,2.273736754432321e-13,0,1.0,1.0
2025-03-06,greedy,error_scaled_frozen_contract_and_soc,48854.78443354212,48854.78443354212,0.0,78787.31655092031,75510.86135092031,3276.455200000001,2389.813850503928,0.0,0,0,7871.9553554223985,1269.774441020866,19499.64537444062,15794.712753296906,10800.0,10800.0,1530.1526349206365,10800.0,0.0003187999973306,2.273736754432321e-13,0,1.0,1.0
2025-03-06,mpc,error_scaled_frozen_contract_and_soc,49723.93215079213,48854.78443354212,869.1477172500012,78787.31655092031,75510.86135092031,3276.455200000001,2389.813850503928,211.5959214285716,19,11,6818.89416210549,2153.892913892962,21835.544485361628,17750.073222344523,10800.0,10729.68645644266,1323.7269274259977,10800.0,0.9879375999880722,2.273736754432321e-13,0,1.0,1.0
2025-03-07,greedy,error_scaled_frozen_contract_and_soc,19642.044419595404,19642.044419595404,0.0,37094.17135814011,33894.18901052106,3199.982347619048,2425.4361534640075,0.0,0,0,2987.9085101083115,9619.912783333331,18758.23437560597,15194.16984424084,10800.0,10800.0,1803.520670211642,10800.0,0.000288700000965,1.1368683772161605e-13,0,1.0,1.0
2025-03-07,mpc,error_scaled_frozen_contract_and_soc,20773.18673144898,19642.044419595404,1131.1423118535731,37094.17135814011,33894.18901052106,3199.982347619048,2425.4361534640075,216.38718333333372,18,11,3473.9908261010924,9203.022273874984,19828.2634262144,16117.003518050364,10800.0,10737.655396870336,1288.9413607078334,10800.0,0.9641524999897229,1.1368683772161605e-13,0,1.0,1.0
2025-03-08,greedy,error_scaled_frozen_contract_and_soc,19002.47517889016,19002.47517889016,0.0,35504.28534143722,32264.434281913414,3239.851059523809,2403.8390908517067,0.0,0,0,2517.525381246327,10003.710842250544,20631.103164598364,16711.193563324676,10800.0,10800.0,1477.3342065969214,10800.0,0.0005160000000614,1.1368683772161605e-13,0,1.0,1.0
2025-03-08,mpc,error_scaled_frozen_contract_and_soc,20935.292362667544,19002.47517889016,1932.8171837773823,35504.28534143722,32264.434281913414,3239.851059523809,2403.8390908517067,531.6385095238101,30,13,3701.472004238688,9434.126728092437,20376.979681954588,16539.79407999134,10800.0,10761.732735990978,1566.776010538721,10800.0,1.0890928000007989,1.1368683772161605e-13,0,1.0,1.0
2025-03-09,greedy,error_scaled_frozen_contract_and_soc,46665.54281790521,46665.54281790521,0.0,75738.740285398,72457.99356158849,3280.7467238095232,2405.35204105127,0.0,0,0,7036.520268195176,1469.0632718988793,20524.377343705037,16624.745648401076,10800.0,10800.0,1399.1101243386238,10800.0,0.0005740999913541,1.1368683772161605e-13,0,1.0,1.0
2025-03-09,mpc,error_scaled_frozen_contract_and_soc,48176.22145756116,46665.54281790521,1510.6786396559546,75738.740285398,72457.99356158849,3280.7467238095232,2405.35204105127,320.4739452380953,22,12,6792.427883865455,1808.965507511288,21739.2869448033,17614.99115554394,10800.0,10793.145855274155,1398.8987369784531,10800.0,1.0699928999965778,2.273736754432321e-13,0,1.0,1.0
2025-03-10,greedy,error_scaled_frozen_contract_and_soc,45813.29819206789,45813.29819206789,0.0,74516.36477060814,71236.79984441766,3279.564926190475,2421.796012434247,0.0,0,0,2389.601241801561,0.0,21498.37936213992,17413.687283333333,10800.0,10800.0,1363.4247063492046,10800.0,0.0003179000050295,1.2789769243681806e-13,0,1.0,1.0
2025-03-10,mpc,error_scaled_frozen_contract_and_soc,53448.76889539257,45813.29819206789,7635.470703324672,74516.36477060814,71236.79984441766,3279.564926190475,2421.796012434247,1468.2201783930054,32,13,3202.3588487942816,834.5146016393948,20676.77806003528,16771.138011467803,10800.0,10774.502463511972,1243.475703703705,10800.0,0.968475400004536,2.273736754432321e-13,0,1.0,1.0
2025-03-11,greedy,error_scaled_frozen_contract_and_soc,45368.4864151827,45368.4864151827,0.0,74243.9328505922,70798.90999344934,3445.022857142856,2424.7568121123413,0.0,0,0,5366.084801709205,1129.5081,20049.5849941211,16240.163845238096,10800.0,10800.0,1445.090877539683,10800.0,0.0003582000063033,1.1368683772161605e-13,0,1.0,1.0
2025-03-11,mpc,error_scaled_frozen_contract_and_soc,47424.3361171064,45368.4864151827,2055.8497019237006,74243.9328505922,70798.90999344934,3445.022857142856,2424.7568121123413,448.8401262967436,30,14,5033.027866055381,1770.7780961878852,21114.12730739656,17164.07909275088,10800.0,10731.515584711487,1249.8949947089966,10800.0,0.9833958000090206,2.273736754432321e-13,0,1.0,1.0
2025-03-12,greedy,error_scaled_frozen_contract_and_soc,44943.743315961896,44943.743315961896,0.0,73437.69149560858,70049.07811465621,3388.6133809523817,2436.8582610315066,0.0,0,0,5384.750088413031,1761.170387836243,20295.98071592624,16439.74437990026,10800.0,10800.0,1444.6792474867748,10800.0,0.0006022000015946,1.7053025658242404e-13,0,1.0,1.0
2025-03-12,mpc,error_scaled_frozen_contract_and_soc,46839.98664748094,44943.743315961896,1896.2433315190456,73437.69149560858,70049.07811465621,3388.6133809523817,2436.8582610315066,474.9230047619043,30,16,5353.877923430276,2174.0950914866557,21041.950834401443,17092.844032281217,10800.0,10745.706826204394,1309.9506187390782,10800.0,1.154442700004438,2.273736754432321e-13,0,1.0,1.0
2025-03-13,greedy,error_scaled_frozen_contract_and_soc,46512.39658543979,44377.20810768066,2135.1884777591326,72618.07584923373,69139.9133706623,3478.162478571429,2395.729100998531,306.0763299540041,1,1,1271.931730276306,0.0,21613.69701181457,17507.094579569803,10800.0,10800.0,1200.0,10800.0,0.0007220999978017,1.1368683772161605e-13,0,1.0,1.0
2025-03-13,mpc,error_scaled_frozen_contract_and_soc,55601.07928828206,44377.20810768066,11223.871180601396,72618.07584923373,69139.9133706623,3478.162478571429,2395.729100998531,2097.405588491756,32,13,2721.675680121481,581.9336552632465,20477.620406706148,16611.36632103205,10800.0,10772.784675999925,1207.274074074075,10800.0,1.044336299994029,2.273736754432321e-13,0,1.0,1.0
2025-03-14,greedy,error_scaled_frozen_contract_and_soc,18523.564994223638,18523.564994223638,0.0,34758.3279465864,31037.407334681637,3720.920611904761,2578.619448208452,0.0,0,0,2724.6006168136373,12069.14316010078,20711.35887546653,16776.200689127887,10800.0,10800.0,1674.938722910054,10800.0,0.0003976000007241,1.1368683772161605e-13,0,1.0,1.0
2025-03-14,mpc,error_scaled_frozen_contract_and_soc,21364.98839042125,18523.564994223638,2841.423396197618,34758.3279465864,31037.407334681637,3720.920611904761,2578.619448208452,643.3779119047615,33,11,3254.144784461405,12263.115044524631,20386.84548053777,16531.825434365983,10800.0,10779.46600541068,1285.0752753203344,10800.0,1.0280892000009771,1.1368683772161605e-13,0,1.0,1.0
2025-03-15,greedy,error_scaled_frozen_contract_and_soc,18737.806518942416,18737.806518942416,0.0,35242.610330206095,31449.046282587056,3793.5640476190474,2584.6864233828583,0.0,0,0,1886.149731951793,8488.168785057507,20758.77191156213,16814.605248365326,10800.0,10800.0,1422.5861996825392,10800.0,0.0003022000018972,1.1368683772161605e-13,0,1.0,1.0
2025-03-15,mpc,error_scaled_frozen_contract_and_soc,21570.490380861465,18737.806518942416,2832.68386191905,35242.610330206095,31449.046282587056,3793.5640476190474,2584.6864233828583,564.0555238095244,32,14,3016.558744834094,8078.445947619047,20260.680836118285,16473.1448245558,10800.0,10731.118503000009,1506.5261777358671,10800.0,1.0263197000022046,1.1368683772161605e-13,0,1.0,1.0
2025-03-16,greedy,error_scaled_frozen_contract_and_soc,44344.445564973095,44344.445564973095,0.0,72639.90403957845,68719.60355624513,3920.300483333332,2611.990314041549,0.0,0,0,4993.541968312757,329.9872666666671,20870.146690872112,16904.818819606407,10800.0,10800.0,1675.1421058201092,10800.0,0.0003718999942066,1.1368683772161605e-13,0,1.0,1.0
2025-03-16,mpc,error_scaled_frozen_contract_and_soc,48411.44124655232,44344.445564973095,4066.995681579231,72639.90403957845,68719.60355624513,3920.300483333332,2611.990314041549,866.2462177238083,36,17,5236.333660588292,1044.919395238096,20462.726796215626,16588.87652807308,10800.0,10784.369085401757,1288.7153888888893,10800.0,0.9851422999927308,2.273736754432321e-13,0,1.0,1.0
2025-03-17,greedy,error_scaled_frozen_contract_and_soc,44358.87827329205,44358.87827329205,0.0,72844.04200301201,68890.46627205962,3953.57573095238,2613.511236251985,0.0,0,0,8766.42216442787,2603.535552781681,19031.330802469136,15415.377950000004,10800.0,10800.0,1505.3911931216917,10800.0,0.0006158000032883,1.1368683772161605e-13,0,1.0,1.0
2025-03-17,mpc,error_scaled_frozen_contract_and_soc,45869.24914842182,44358.87827329205,1510.3708751297652,72844.04200301201,68890.46627205962,3953.57573095238,2613.511236251985,274.0248976190483,14,8,8241.752631909636,3091.2704648770823,20691.242171697595,16764.329801186577,10800.0,10795.084842098306,1471.5912313195763,10800.0,1.0524500000028638,2.273736754432321e-13,0,1.0,1.0
2025-03-18,greedy,error_scaled_frozen_contract_and_soc,44198.47680503202,43094.74766779219,1103.7291372398329,70866.43233443717,67029.60842967525,3836.823904761904,2650.5504142322234,224.6419566983086,3,1,4633.292711591085,1253.9817500000004,21462.3234888301,17384.48202595238,10800.0,10800.0,1200.0,10800.0,0.0005199000006541,1.1368683772161605e-13,0,1.0,1.0
2025-03-18,mpc,error_scaled_frozen_contract_and_soc,48426.009206466,43094.74766779219,5331.2615386738125,70866.43233443717,67029.60842967525,3836.823904761904,2650.5504142322234,1050.151440476191,31,10,5761.803405038638,1145.585562069184,20859.31998331337,16976.0835421745,10800.0,10711.072938121477,1468.9861607431371,10800.0,1.0785871000116458,2.273736754432321e-13,0,1.0,1.0
2025-03-19,greedy,error_scaled_frozen_contract_and_soc,43281.09689063081,43281.09689063081,0.0,71080.79841378867,67257.13011855059,3823.668295238093,2696.961684803613,0.0,0,0,5770.786607842277,1846.9192606174508,21040.11629120501,17042.494195876054,10800.0,10800.0,1497.2110038414191,10800.0,0.0005670999962603,1.1368683772161605e-13,0,1.0,1.0
2025-03-19,mpc,error_scaled_frozen_contract_and_soc,46915.48532624511,43281.09689063081,3634.3884356142894,71080.79841378867,67257.13011855059,3823.668295238093,2696.961684803613,716.2817809523817,23,10,6752.56769357648,1631.520876658656,20776.430303715308,16828.909129209387,10800.0,10799.999352000015,1419.1027721515638,10800.0,1.0580434000003152,1.1368683772161605e-13,0,1.0,1.0
2025-03-20,greedy,error_scaled_frozen_contract_and_soc,43416.79839656383,43416.79839656383,0.0,70966.65184695611,67092.20890409898,3874.4429428571416,2651.217376471708,0.0,0,0,3781.616968900644,1014.3316833333328,20851.270410818317,16889.529032762835,10800.0,10800.0,1516.7374682539694,10800.0,0.0006373999931383,1.1368683772161605e-13,0,1.0,1.0
2025-03-20,mpc,error_scaled_frozen_contract_and_soc,46752.53321536145,43416.79839656383,3335.734818797623,70966.65184695611,67092.20890409898,3874.4429428571416,2651.217376471708,759.1962309523817,35,8,4697.30586090837,899.8268103086074,20652.826782311506,16733.073192286643,10800.0,10795.240557095194,1302.0020450525142,10800.0,1.0137888000026578,2.273736754432321e-13,0,1.0,1.0
2025-03-21,greedy,error_scaled_frozen_contract_and_soc,18341.6899050518,18341.6899050518,0.0,34384.14887370889,30513.686261804127,3870.4626119047607,2697.264311197898,0.0,0,0,2734.8647951138573,15696.520733333333,20627.88857155281,16708.589742957774,10800.0,10800.0,1550.2131190476196,10800.0,0.0003278999938629,1.1368683772161605e-13,0,1.0,1.0
2025-03-21,mpc,error_scaled_frozen_contract_and_soc,20828.23450511251,18341.6899050518,2486.5446000607126,34384.14887370889,30513.686261804127,3870.4626119047607,2697.264311197898,616.2956904761902,35,12,4065.5794174727066,15094.03458410423,20319.162091280203,16511.796045338728,10800.0,10740.80583177582,1641.0574602056456,10800.0,1.0219534000061683,1.1368683772161605e-13,0,1.0,1.0
2025-03-22,greedy,error_scaled_frozen_contract_and_soc,18785.33593745049,18785.33593745049,0.0,35105.547491150646,31247.3263482935,3858.221142857141,2690.559770415002,0.0,0,0,3422.548717489712,12025.33092696435,19876.147965069744,16099.679851706494,10800.0,10800.0,1918.902602839346,10800.0,0.0005143999878782,1.1368683772161605e-13,0,1.0,1.0
2025-03-22,mpc,error_scaled_frozen_contract_and_soc,20835.398894137637,18785.33593745049,2050.062956687145,35105.547491150646,31247.3263482935,3858.221142857141,2690.559770415002,467.55632518711633,15,9,3384.653150887135,12509.902154761903,20020.81480625572,16223.466028900331,10800.0,10792.659960185338,1299.354462962964,10800.0,0.9987814000051004,1.1368683772161605e-13,0,1.0,1.0
2025-03-23,greedy,error_scaled_frozen_contract_and_soc,41807.56449410327,41807.56449410327,0.0,68759.08035308663,64886.9251888009,3872.155164285713,2724.636121769286,0.0,0,0,4027.362096531663,2004.93842089947,20826.63009994121,16869.570380952384,10800.0,10800.0,1309.0050717989425,10800.0,0.000371999994968,1.2612133559741778e-13,0,1.0,1.0
2025-03-23,mpc,error_scaled_frozen_contract_and_soc,45636.10865570208,41807.56449410327,3828.544161598809,68759.08035308663,64886.9251888009,3872.155164285713,2724.636121769286,751.0878357142857,32,10,4934.693599943539,1866.7021668524328,20731.857308096085,16792.805002757814,10800.0,10799.999352000015,1367.5339167801417,10800.0,0.995208199994522,2.273736754432321e-13,0,1.0,1.0
2025-03-24,greedy,error_scaled_frozen_contract_and_soc,41434.24826551966,41434.24826551966,0.0,67906.36140706876,63954.115159449706,3952.2462476190462,2692.5570164508736,0.0,0,0,3809.374782128163,2159.034833333333,20733.97214881017,16794.51744053624,10800.0,10800.0,1696.434079365078,10800.0,0.0003428000054555,1.4921397450962106e-13,0,1.0,1.0
2025-03-24,mpc,error_scaled_frozen_contract_and_soc,43754.65800621609,41434.24826551966,2320.4097406964265,67906.36140706876,63954.115159449706,3952.2462476190462,2692.5570164508736,555.9069857142854,29,14,4768.333585686927,1953.445135413148,20377.2902248224,16635.297636472766,10800.0,10655.89716181487,1269.3632513227517,10800.0,0.98115069999767,2.273736754432321e-13,0,1.0,1.0
2025-03-25,greedy,error_scaled_frozen_contract_and_soc,41072.93989494236,41072.93989494236,0.0,67488.91130383586,63584.89573002634,3904.015573809522,2738.4124738464698,0.0,0,0,1748.646665784829,748.8334072016426,21270.03428517224,17228.727770989513,10800.0,10800.0,1352.987971640212,10800.0,0.0004537000058917,2.273736754432321e-13,0,1.0,1.0
2025-03-25,mpc,error_scaled_frozen_contract_and_soc,45682.33220246142,41072.93989494236,4609.392307519052,67488.91130383586,63584.89573002634,3904.015573809522,2738.4124738464698,1034.6453333333343,46,18,2952.5479447919706,793.4644887002296,20480.12217228556,16652.702685275224,10800.0,10729.10697141786,1315.2027092655155,10800.0,1.189917499999865,2.273736754432321e-13,0,1.0,1.0
2025-03-26,greedy,error_scaled_frozen_contract_and_soc,41106.754240449816,41106.754240449816,0.0,67573.34352416676,63470.383105119145,4102.960419047619,2718.9739521136107,0.0,0,0,5430.663983896333,2680.3422582892467,20367.275870076424,16497.493454761905,10800.0,10800.0,1425.5419708994712,10800.0,0.0004200999974273,1.1368683772161605e-13,0,1.0,1.0
2025-03-26,mpc,error_scaled_frozen_contract_and_soc,43538.208314939104,41106.754240449816,2431.454074489281,67573.34352416676,63470.383105119145,4102.960419047619,2718.9739521136107,500.64276666666575,30,11,5522.023711647847,3137.9645385394874,20436.357596179096,16614.91442219966,10800.0,10731.705811894892,1386.4642825343192,10800.0,1.1360765999997966,2.273736754432321e-13,0,1.0,1.0
2025-03-27,greedy,error_scaled_frozen_contract_and_soc,41091.23804540071,41091.23804540071,0.0,67338.45548452041,63213.204729758494,4125.250754761905,2721.8257832330946,0.0,0,0,3665.245384744269,1089.0153693121777,20353.712265599803,16486.506935135843,10800.0,10800.0,1580.75743915344,10800.0,0.0007802000036463,1.1368683772161605e-13,0,1.0,1.0
2025-03-27,mpc,error_scaled_frozen_contract_and_soc,44369.21432907726,41091.23804540071,3277.9762836765512,67338.45548452041,63213.204729758494,4125.250754761905,2721.8257832330946,680.4568896999981,29,15,4411.997212294188,1133.1680261904762,20005.192259743017,16248.434524007273,10800.0,10750.85689598286,1260.912481481483,10800.0,1.217389199999161,2.273736754432321e-13,0,1.0,1.0
2025-03-28,greedy,error_scaled_frozen_contract_and_soc,18283.757797562463,18283.757797562463,0.0,34418.31225257664,30134.89665257664,4283.415600000001,2652.214482897062,0.0,0,0,3258.149849853029,16491.941915614905,20243.893265484447,16397.553545042403,10800.0,10800.0,1842.9887380952384,10800.0,0.0006047999922884,1.1368683772161605e-13,0,1.0,1.0
2025-03-28,mpc,error_scaled_frozen_contract_and_soc,20070.40797885294,18283.757797562463,1786.6501812904771,34418.31225257664,30134.89665257664,4283.415600000001,2652.214482897062,462.8925023809528,24,11,4491.490009092482,15731.756081466569,20259.548347536187,16423.47044980431,10800.0,10785.293013000008,1718.3664746071192,10800.0,1.1538427000050433,1.1368683772161605e-13,0,1.0,1.0
2025-03-29,greedy,error_scaled_frozen_contract_and_soc,17973.70195855247,17973.70195855247,0.0,34052.12106396185,29812.580778247568,4239.540285714287,2723.15305937996,0.0,0,0,2629.1655360376308,19870.389503820767,20238.72021457965,16393.363373809523,10800.0,10800.0,1581.3992863492106,10800.0,0.0007213999924715,1.1368683772161605e-13,0,1.0,1.0
2025-03-29,mpc,error_scaled_frozen_contract_and_soc,20162.27831751199,17973.70195855247,2188.576358959524,34052.12106396185,29812.580778247568,4239.540285714287,2723.15305937996,451.4096238095238,30,12,3945.755109373733,19000.96548865536,20312.53845640895,16462.93755,10800.0,10789.131777434724,1594.2865730139408,10800.0,1.1885541999945417,1.1368683772161605e-13,0,1.0,1.0
2025-03-30,greedy,error_scaled_frozen_contract_and_soc,40159.722942748165,40159.722942748165,0.0,65732.45833577553,61469.564504823145,4262.893830952382,2692.1380937817858,0.0,0,0,4177.686007789536,2406.7189666666677,20012.80874378594,16210.375082466611,10800.0,10800.0,1643.98102968254,10800.0,0.0003094999992754,2.273736754432321e-13,0,1.0,1.0
2025-03-30,mpc,error_scaled_frozen_contract_and_soc,42188.05322412052,40159.722942748165,2028.3302813723571,65732.45833577553,61469.564504823145,4262.893830952382,2692.1380937817858,446.3633033857325,29,15,5143.151248320366,1871.466898114278,20278.90839085512,16460.3245981285,10800.0,10761.7679982935,1267.657222222224,10800.0,1.0812310000037542,2.273736754432321e-13,0,1.0,1.0
2025-03-31,greedy,error_scaled_frozen_contract_and_soc,39461.15513125522,39461.15513125522,0.0,64834.41783624546,60633.63344100736,4200.784395238095,2749.108714775556,0.0,0,0,2904.866560817168,1287.8790666666673,19422.540660148945,15732.257934720648,10800.0,10800.0,1421.841241904765,10800.0,0.0004836000007344,1.1368683772161605e-13,0,1.0,1.0
2025-03-31,mpc,error_scaled_frozen_contract_and_soc,50110.31934738887,39461.15513125522,10649.164216133651,64834.41783624546,60633.63344100736,4200.784395238095,2749.108714775556,1816.852022532328,28,11,3294.320945531328,2814.1139000000016,18998.7232397205,15407.27770980737,10800.0,10779.653460406931,1224.046037037037,10800.0,1.0915887000010116,2.273736754432321e-13,0,1.0,1.0
2025-04-01,greedy,error_scaled_frozen_contract_and_soc,39821.2656579408,39821.2656579408,0.0,65398.8819243918,61162.15455534417,4236.727369047619,2777.1384108645243,0.0,0,0,1446.6145689300488,0.0,19702.18862523727,15958.772786442192,10800.0,10800.0,1451.6452671957672,10800.0,0.0002704000071389,1.1368683772161605e-13,0,1.0,1.0
2025-04-01,mpc,error_scaled_frozen_contract_and_soc,54551.7649951868,39821.2656579408,14730.499337246012,65398.8819243918,61162.15455534417,4236.727369047619,2777.1384108645243,2464.8112914805693,38,17,2590.483116289937,1578.2460809523805,18347.96309454405,14861.85059258067,10800.0,10799.999460000012,1200.0,10800.0,1.1001126999908593,2.273736754432321e-13,0,1.0,1.0
2025-04-02,greedy,error_scaled_frozen_contract_and_soc,44594.069979021486,39468.07979079585,5125.99018822564,64999.9227238157,60686.708561910935,4313.214161904762,2554.2528387165084,1024.305479844665,9,1,1543.6067986030566,0.0,21290.97897398588,17245.69296892857,10800.0,10800.0,1200.0,10800.0,0.0005227000074228,1.1368683772161605e-13,0,1.0,1.0
2025-04-02,mpc,error_scaled_frozen_contract_and_soc,52698.91729136251,39468.07979079585,13230.837500566662,64999.9227238157,60686.708561910935,4313.214161904762,2554.2528387165084,2476.2523476190463,45,14,3076.867336405405,268.8177721511978,19623.022111651386,15927.867548773236,10800.0,10763.089290738211,1219.1559608215657,10800.0,1.0816906000109157,2.273736754432321e-13,0,1.0,1.0
2025-04-03,greedy,error_scaled_frozen_contract_and_soc,39936.78689579961,39891.59662046959,45.19027533003118,66004.70851689085,61604.629188319406,4400.07932857143,2660.522227575635,9.109106093535814,1,1,4068.613432569079,2041.8980778344653,21261.978136390357,17222.20229047619,10800.0,10800.0,1200.0,10800.0,0.0007373999978881,2.273736754432321e-13,0,1.0,1.0
2025-04-03,mpc,error_scaled_frozen_contract_and_soc,44449.65276358477,39891.59662046959,4558.056143115191,66004.70851689085,61604.629188319406,4400.07932857143,2660.522227575635,917.1653968415568,38,15,5099.282676739644,2172.13513085796,20251.80153205344,16464.875692585312,10800.0,10732.315053753304,1217.4850291005305,10800.0,1.203212699998403,2.273736754432321e-13,0,1.0,1.0
2025-04-04,greedy,error_scaled_frozen_contract_and_soc,17695.706689484563,17695.706689484563,0.0,33554.74257446373,29090.55822446373,4464.184350000001,2628.8079829922217,0.0,0,0,3487.7710816578538,19775.00426926739,20321.920913360467,16460.755939821982,10800.0,10800.0,1821.6135001977943,10800.0,0.0003965000069001,1.1368683772161605e-13,0,1.0,1.0
2025-04-04,mpc,error_scaled_frozen_contract_and_soc,20411.096685086944,17695.706689484563,2715.3899956023806,33554.74257446373,29090.55822446373,4464.184350000001,2628.8079829922217,653.5570023809523,29,10,4812.848690138916,19130.53219456719,20199.450922436747,16365.33448029817,10800.0,10795.800852083989,1689.6200110102582,10800.0,1.1064295999967726,1.1368683772161605e-13,0,1.0,1.0
2025-04-05,greedy,error_scaled_frozen_contract_and_soc,17829.22057207057,17829.22057207057,0.0,33794.75091386069,29322.40978528926,4472.341128571428,2652.847589672381,0.0,0,0,2851.827219753084,15074.711313478563,20126.82840681952,16302.73100952381,10800.0,10800.0,1676.1531532275085,10800.0,0.0002687999949557,1.1368683772161605e-13,0,1.0,1.0
2025-04-05,mpc,error_scaled_frozen_contract_and_soc,23531.334940107125,17829.22057207057,5702.114368036553,33794.75091386069,29322.40978528926,4472.341128571428,2652.847589672381,1131.8470114191082,28,13,3160.3351844146187,16067.323957198683,19370.36741748548,15715.543617152322,10800.0,10771.615545567684,1200.0,10800.0,0.9914195999881484,1.1368683772161605e-13,0,1.0,1.0
2025-04-06,greedy,error_scaled_frozen_contract_and_soc,39771.26492424217,39771.26492424217,0.0,65920.00402092352,61200.85635901876,4719.147661904761,2615.240198946906,0.0,0,0,4451.610585302763,3185.053499999999,20385.59825765309,16512.33458869901,10800.0,10800.0,1387.1389259259274,10800.0,0.0003528999950503,1.1368683772161605e-13,0,1.0,1.0
2025-04-06,mpc,error_scaled_frozen_contract_and_soc,42690.30971401003,39771.26492424217,2919.044789767858,65920.00402092352,61200.85635901876,4719.147661904761,2615.240198946906,593.4636285714289,31,14,5844.9642595924,2396.270680689769,20327.142240768928,16464.98579822282,10800.0,10799.999352000015,1380.954045589204,10800.0,1.159489700003178,2.273736754432321e-13,0,1.0,1.0
2025-04-07,greedy,error_scaled_frozen_contract_and_soc,39263.235938385245,39263.235938385245,0.0,64907.03468133908,60174.04456229147,4732.990119047618,2622.4770863442877,0.0,0,0,5462.306478012924,2562.9335666666675,19153.02817540084,15513.952822074676,10800.0,10800.0,1590.161308862433,10800.0,0.0004442000063136,1.1368683772161605e-13,0,1.0,1.0
2025-04-07,mpc,error_scaled_frozen_contract_and_soc,41687.863703842886,39263.235938385245,2424.627765457637,64907.03468133908,60174.04456229147,4732.990119047618,2622.4770863442877,497.8932690120208,20,11,4617.010939857953,3910.110216666665,19487.186137365334,15852.09862687218,10800.0,10725.024604881934,1214.8423068783063,10800.0,1.2014630000048785,2.273736754432321e-13,0,1.0,1.0
2025-04-08,greedy,error_scaled_frozen_contract_and_soc,39602.51922914194,39602.51922914194,0.0,65357.14411164224,60558.986283070815,4798.157828571427,2600.161607861312,0.0,0,0,4446.939507965899,2609.554016666667,20776.089317594808,16828.632347251798,10800.0,10800.0,1386.2576140740764,10800.0,0.0002715000009629,2.273736754432321e-13,0,1.0,1.0
2025-04-08,mpc,error_scaled_frozen_contract_and_soc,44749.64598267527,39602.51922914194,5147.126753533329,65357.14411164224,60558.986283070815,4798.157828571427,2600.161607861312,1052.1502904761894,33,9,6133.458752506765,2199.297598016163,19802.18830599016,16078.84387106132,10800.0,10756.587396434128,1333.5092309866873,10800.0,1.0528435000014724,2.273736754432321e-13,0,1.0,1.0
2025-04-09,greedy,error_scaled_frozen_contract_and_soc,39334.56667160588,39334.56667160588,0.0,64738.39234973515,59819.40378783039,4918.988561904761,2576.9250820634134,0.0,0,0,1720.3960481931497,0.0,20440.448867764928,16556.7635828896,10800.0,10800.0,1353.1876596436746,10800.0,0.0002400999946985,1.1368683772161605e-13,0,1.0,1.0
2025-04-09,mpc,error_scaled_frozen_contract_and_soc,53588.9181179374,39334.56667160588,14254.351446331526,64738.39234973515,59819.40378783039,4918.988561904761,2576.9250820634134,2392.8988939952,30,12,3664.0326685912464,976.8664341712486,17992.84080605273,14636.75968175154,10800.0,10730.490412390189,1221.824074074074,10800.0,0.9436665999965044,2.273736754432321e-13,0,1.0,1.0
2025-04-10,greedy,error_scaled_frozen_contract_and_soc,39369.21739105536,39369.21739105536,0.0,64604.59284097195,59528.96596716243,5075.626873809524,2578.2813853472626,0.0,0,0,4299.223616225752,2052.691278982956,19958.10550401712,16166.065458253872,10800.0,10800.0,1461.5899411640223,10800.0,0.0003389000048628,1.1368683772161605e-13,0,1.0,1.0
2025-04-10,mpc,error_scaled_frozen_contract_and_soc,42245.21384385619,39369.21739105536,2875.9964528008272,64604.59284097195,59528.96596716243,5075.626873809524,2578.2813853472626,596.6166032581568,27,15,4925.111530246264,2078.275301028505,19769.12319414154,16031.93848118619,10800.0,10778.945895631618,1274.9203703703674,10800.0,1.1058698000124425,2.273736754432321e-13,0,1.0,1.0
2025-04-11,greedy,error_scaled_frozen_contract_and_soc,17787.111942489748,17787.111942489748,0.0,33552.33259064068,28455.604164450207,5096.728426190475,2616.921980421787,0.0,0,0,3372.959410934741,21029.73808876863,20173.604864582343,16340.619940311695,10800.0,10800.0,1755.8707772222212,10800.0,0.0003884000034304,1.1368683772161605e-13,0,1.0,1.0
2025-04-11,mpc,error_scaled_frozen_contract_and_soc,20830.04819751832,17787.111942489748,3042.9362550285728,33552.33259064068,28455.604164450207,5096.728426190475,2616.921980421787,683.3685809523811,28,8,5101.851057107445,20104.573230462483,19970.428507668166,16257.801790311696,10800.0,10709.161445443908,1743.482525412036,10800.0,1.0675536999915494,1.1368683772161605e-13,0,1.0,1.0
2025-04-12,greedy,error_scaled_frozen_contract_and_soc,18058.75094924593,18058.75094924593,0.0,33983.00809509703,28899.86532128751,5083.142773809523,2643.116237928732,0.0,0,0,3992.971349767058,17310.302033333333,19234.60085261389,15580.026690617253,10800.0,10800.0,1867.1942490740744,10800.0,0.0002783999952953,1.1368683772161605e-13,0,1.0,1.0
2025-04-12,mpc,error_scaled_frozen_contract_and_soc,19040.21942725665,18058.75094924593,981.4684780107148,33983.00809509703,28899.86532128751,5083.142773809523,2643.116237928732,208.55180000000007,17,9,4314.968817244067,17046.4660743482,20039.32516555058,16234.360712045824,10800.0,10797.214080055715,1348.681173918157,10800.0,1.1466821000067284,1.1368683772161605e-13,0,1.0,1.0
2025-04-13,greedy,error_scaled_frozen_contract_and_soc,38305.56035841786,38305.56035841786,0.0,62892.10933303208,58036.78806874636,4855.321264285714,2554.5366614846826,0.0,0,0,3339.8694504997075,1557.5147330981804,19570.35087421505,15851.984208114196,10800.0,10800.0,1446.110051931218,10800.0,0.0010867999953916,1.1368683772161605e-13,0,1.0,1.0
2025-04-13,mpc,error_scaled_frozen_contract_and_soc,42914.178908154776,38305.56035841786,4608.618549736922,62892.10933303208,58036.78806874636,4855.321264285714,2554.5366614846826,879.2217109413672,34,14,3756.2510538370334,2117.215889923588,19084.37158309994,15462.865966220448,10800.0,10794.972240100557,1297.1015714285725,10800.0,1.147774400000344,1.1368683772161605e-13,0,1.0,1.0
2025-04-14,greedy,error_scaled_frozen_contract_and_soc,37985.95555329397,37985.95555329397,0.0,62673.32474471408,57776.03287090454,4897.291873809523,2531.341017247143,0.0,0,0,3976.067817930632,2473.9083009406268,19449.035925488555,15753.719099645738,10800.0,10800.0,1369.7124617460354,10800.0,0.0004413999995449,1.1368683772161605e-13,0,1.0,1.0
2025-04-14,mpc,error_scaled_frozen_contract_and_soc,41309.48156403648,37985.95555329397,3323.526010742511,62673.32474471408,57776.03287090454,4897.291873809523,2531.341017247143,674.2496020266915,27,11,4726.626091697538,2446.6559402927105,19198.187393321947,15551.926878571428,10800.0,10798.4499000215,1347.8846253134934,10800.0,1.054292300002999,2.273736754432321e-13,0,1.0,1.0
2025-04-15,greedy,error_scaled_frozen_contract_and_soc,38456.005002223326,38456.005002223326,0.0,63066.31904882557,58260.71501073032,4805.604038095238,2534.0684422264294,0.0,0,0,5834.984927042913,3651.723995767201,18106.2173299059,14666.03603722378,10800.0,10800.0,1482.920534391536,10800.0,0.0002582000015536,2.273736754432321e-13,0,1.0,1.0
2025-04-15,mpc,error_scaled_frozen_contract_and_soc,43501.072260599096,38456.005002223326,5045.067258375766,63066.31904882557,58260.71501073032,4805.604038095238,2534.0684422264294,822.07236941428,15,9,4958.442556978229,5273.11032232216,18512.68573055848,14995.27602495236,10800.0,10799.999352000015,1208.3909947089955,10800.0,0.9892684999940684,2.273736754432321e-13,0,1.0,1.0
2025-04-16,greedy,error_scaled_frozen_contract_and_soc,38027.9087058627,38027.9087058627,0.0,62461.52561905137,57695.96285952756,4765.562759523809,2527.567045991192,0.0,0,0,2480.351679702204,515.1258666666672,19402.40064569736,15715.94452301486,10800.0,10800.0,1549.0327883597888,10800.0,0.0006471999950008,1.1368683772161605e-13,0,1.0,1.0
2025-04-16,mpc,error_scaled_frozen_contract_and_soc,44123.96492189601,38027.9087058627,6096.056216033308,62461.52561905137,57695.96285952756,4765.562759523809,2527.567045991192,1139.6282480881573,29,15,2973.581835936028,1355.4827642857142,18515.265568034964,15022.768251117175,10800.0,10771.77428776794,1266.1078915343928,10800.0,1.1567451000009896,2.273736754432321e-13,0,1.0,1.0
2025-04-17,greedy,error_scaled_frozen_contract_and_soc,37945.83994895927,37945.83994895927,0.0,62202.97979448375,57198.25191829326,5004.7278761904745,2463.303325116707,0.0,0,0,3730.522434553505,1933.164257627561,19320.79343317197,15649.842680869291,10800.0,10800.0,1407.1860079365097,10800.0,0.000425800011726,1.1368683772161605e-13,0,1.0,1.0
2025-04-17,mpc,error_scaled_frozen_contract_and_soc,42298.71746243051,37945.83994895927,4352.877513471249,62202.97979448375,57198.25191829326,5004.7278761904745,2463.303325116707,754.3120438994401,28,11,3998.385642523175,2534.161215134912,18825.980770075897,15269.578139350804,10800.0,10777.184760456305,1205.6286666666656,10800.0,1.0367564000043783,2.273736754432321e-13,0,1.0,1.0
2025-04-18,greedy,error_scaled_frozen_contract_and_soc,17561.849917685882,17561.849917685882,0.0,33322.58443788793,28312.14215217364,5010.4422857142845,2411.131681844009,0.0,0,0,4303.889974603176,18904.77719171937,19788.421517010785,16028.621428778735,10800.0,10800.0,1908.981607142859,10800.0,0.0006627999973716,1.1368683772161605e-13,0,1.0,1.0
2025-04-18,mpc,error_scaled_frozen_contract_and_soc,19395.05827360612,17561.849917685882,1833.2083559202397,33322.58443788793,28312.14215217364,5010.4422857142845,2411.131681844009,450.4746761904764,22,7,4657.346279115006,18924.897036631388,20193.153674729798,16356.455059731115,10800.0,10799.999352000015,1274.823237757278,10800.0,0.964042799998424,1.1368683772161605e-13,0,1.0,1.0
2025-04-19,greedy,error_scaled_frozen_contract_and_soc,17273.280662356286,17273.280662356286,0.0,32749.397890377957,27674.47208561605,5074.925804761904,2385.169605493533,0.0,0,0,4002.9728259259305,18148.979172130337,20067.192854324683,16254.426212003,10800.0,10800.0,1867.8774863458743,10800.0,0.0002614999975776,1.1368683772161605e-13,0,1.0,1.0
2025-04-19,mpc,error_scaled_frozen_contract_and_soc,19354.175158842,17273.280662356286,2080.8944964857137,32749.397890377957,27674.47208561605,5074.925804761904,2385.169605493533,506.13798333333307,25,10,4898.259571865967,17811.103540007596,20100.3232047931,16338.82969295538,10800.0,10736.035669918923,1630.5562414440335,10800.0,1.04571799999394,1.1368683772161605e-13,0,1.0,1.0
2025-04-20,greedy,error_scaled_frozen_contract_and_soc,37510.02849517279,37510.02849517279,0.0,61682.876440002256,56530.39846619273,5152.477973809523,2383.589678036667,0.0,0,0,3706.1527499376207,2251.0215610853047,19831.35392445261,16063.396678806615,10800.0,10800.0,1707.575373015874,10800.0,0.0004063999949721,1.1368683772161605e-13,0,1.0,1.0
2025-04-20,mpc,error_scaled_frozen_contract_and_soc,41862.26467804404,37510.02849517279,4352.236182871255,61682.876440002256,56530.39846619273,5152.477973809523,2383.589678036667,949.7201716628288,34,14,3898.934954373061,3221.408213738933,19097.39175069688,15542.88319047712,10800.0,10717.782363985949,1227.409447089948,10800.0,0.985060400009388,2.273736754432321e-13,0,1.0,1.0
2025-04-21,greedy,error_scaled_frozen_contract_and_soc,37728.44055688006,37728.44055688006,0.0,62098.610422082216,56862.33076493937,5236.279657142855,2373.56950155512,0.0,0,0,5283.823612110521,4780.552166666666,18512.23294721945,14994.908687247756,10800.0,10800.0,1565.4280396825418,10800.0,0.0003528000088408,1.1368683772161605e-13,0,1.0,1.0
2025-04-21,mpc,error_scaled_frozen_contract_and_soc,39296.22393702886,37728.44055688006,1567.7833801488073,62098.610422082216,56862.33076493937,5236.279657142855,2373.56950155512,353.2119190476186,20,12,6496.78628368944,3839.675644131954,19299.5873505562,15701.137320581089,10800.0,10723.920481521587,1468.0564582380248,10800.0,1.158969199997955,1.1368683772161605e-13,0,1.0,1.0
2025-04-22,greedy,error_scaled_frozen_contract_and_soc,36998.07820421194,36998.07820421194,0.0,60396.5498802813,55264.38065409083,5132.169226190476,2433.8269808015484,0.0,0,0,2862.018920899468,1793.1610318342127,18886.52953095241,15298.088920071456,10800.0,10800.0,1699.9180265079378,10800.0,0.0003226999979233,1.1368683772161605e-13,0,1.0,1.0
2025-04-22,mpc,error_scaled_frozen_contract_and_soc,43565.20580525077,36998.07820421194,6567.12760103883,60396.5498802813,55264.38065409083,5132.169226190476,2433.8269808015484,1244.846760652029,29,15,3239.0754368757657,2941.9277714285727,17887.68150395319,14580.217387990857,10800.0,10698.671811345808,1230.8834259259263,10800.0,0.947768800004269,2.273736754432321e-13,0,1.0,1.0
2025-04-23,greedy,error_scaled_frozen_contract_and_soc,37321.57149707199,37321.57149707199,0.0,61523.39151484308,56308.537676747845,5214.853838095238,2435.674104277698,0.0,0,0,4569.755359318058,2032.334016666665,18533.607485219472,15012.222063027775,10800.0,10800.0,1632.191084550267,10800.0,0.0003300999960629,1.1368683772161605e-13,0,1.0,1.0
2025-04-23,mpc,error_scaled_frozen_contract_and_soc,41559.54674828784,37321.57149707199,4237.975251215857,61523.39151484308,56308.537676747845,5214.853838095238,2435.674104277698,784.603218633262,20,12,3881.6403498999575,3535.229224262196,18374.78434656585,14883.575903918323,10800.0,10799.999352000015,1264.9688730158737,10800.0,1.0102959999931045,2.273736754432321e-13,0,1.0,1.0
2025-04-24,greedy,error_scaled_frozen_contract_and_soc,36842.86087796576,36842.86087796576,0.0,60468.35803597771,55280.35914550151,5187.998890476189,2462.771297855595,0.0,0,0,4635.364738095239,5290.777586860667,18168.994794851587,14716.885783829784,10800.0,10800.0,1610.1855079365096,10800.0,0.0002581000007921,1.1368683772161605e-13,0,1.0,1.0
2025-04-24,mpc,error_scaled_frozen_contract_and_soc,37837.04359586933,36842.86087796576,994.1827179035728,60468.35803597771,55280.35914550151,5187.998890476189,2462.771297855595,185.4286380952383,16,9,5518.856849173224,4427.08116999502,19116.53890063925,15498.796945734546,10800.0,10783.99951531472,1483.4782623070337,10800.0,1.0003635000030044,1.2612133559741778e-13,0,1.0,1.0
2025-04-25,greedy,error_scaled_frozen_contract_and_soc,16509.89427334058,16509.89427334058,0.0,31832.87188169868,26833.242276936773,4999.629604761905,2459.8182904588884,0.0,0,0,3572.2268680583347,22486.1316,19863.977703370238,16089.821939729893,10800.0,10800.0,1639.680788492068,10800.0,0.0003777999954763,1.1368683772161605e-13,0,1.0,1.0
2025-04-25,mpc,error_scaled_frozen_contract_and_soc,18111.69737259772,16509.89427334058,1601.8030992571432,31832.87188169868,26833.242276936773,4999.629604761905,2459.8182904588884,303.8360238095238,21,11,4706.2687483524,21727.32593967494,20016.745131020278,16313.989563539417,10800.0,10688.415547318897,1646.8136549830597,10800.0,1.0793158000014955,1.1368683772161605e-13,0,1.0,1.0
2025-04-26,greedy,error_scaled_frozen_contract_and_soc,16537.966482436692,16537.966482436692,0.0,31901.057844114486,26872.03567982877,5029.022164285714,2441.1909205162697,0.0,0,0,3277.6642188418587,24741.162489735696,20063.35527475578,16251.317772552182,10800.0,10800.0,1522.8744523280443,10800.0,0.0005287999956635,1.1368683772161605e-13,0,1.0,1.0
2025-04-26,mpc,error_scaled_frozen_contract_and_soc,20929.654356262843,16537.966482436692,4391.6878738261485,31901.057844114486,26872.03567982877,5029.022164285714,2441.1909205162697,944.8971266048612,36,13,3495.5638597137977,25590.828216531103,19634.282228517004,15944.91296737589,10800.0,10754.284041914316,1200.0,10800.0,1.0368530999985524,1.1368683772161605e-13,0,1.0,1.0
2025-04-27,greedy,error_scaled_frozen_contract_and_soc,38655.828652680095,34909.03846157304,3746.790191107042,57570.42504417277,52506.80444417277,5063.620599999999,2418.917842835833,537.097217761904,1,1,2344.86604244562,3377.435338426125,20061.840514366348,16250.090816636744,10800.0,10800.0,1200.0,10800.0,0.0008061000116867,1.1368683772161605e-13,0,1.0,1.0
2025-04-27,mpc,error_scaled_frozen_contract_and_soc,43412.335449729566,34909.03846157304,8503.296988156511,57570.42504417277,52506.80444417277,5063.620599999999,2418.917842835833,1700.5841884224956,43,12,3231.348430122708,3876.687610793202,18904.780182893614,15315.278174547584,10800.0,10797.326415106936,1200.0,10800.0,1.1459201999969082,2.273736754432321e-13,0,1.0,1.0
2025-04-28,greedy,error_scaled_frozen_contract_and_soc,53696.26747114878,35696.7785121998,17999.488958948983,58479.81328218926,53382.4752202845,5097.338061904762,2488.683076800357,2658.6642317142832,6,1,1235.152081274217,0.0,17270.305873487687,13988.94775752503,10800.0,10800.0,1200.0,10800.0,0.0009033999958774,1.1368683772161605e-13,0,1.0,1.0
2025-04-28,mpc,error_scaled_frozen_contract_and_soc,62784.49062203697,35696.7785121998,27087.712109837164,58479.81328218926,53382.4752202845,5097.338061904762,2488.683076800357,4539.882591858359,40,15,2515.188221097292,926.9194523809512,15658.01637175985,12702.395487857144,10800.0,10778.44197029815,1229.6355,10800.0,0.9119096000067656,2.273736754432321e-13,0,1.0,1.0
2025-04-29,greedy,error_scaled_frozen_contract_and_soc,37929.0493816618,36194.059421318976,1734.9899603428216,59372.94290670932,53803.14362575693,5569.79928095238,2769.494728972777,248.70842321428063,1,1,3402.289609141684,5424.476889117909,17693.005868407072,14331.334753409734,10800.0,10800.0,1200.0,10800.0,0.0009136000007856,1.1368683772161605e-13,0,1.0,1.0
2025-04-29,mpc,error_scaled_frozen_contract_and_soc,40798.548306299104,36194.059421318976,4604.4888849801255,59372.94290670932,53803.14362575693,5569.79928095238,2769.494728972777,916.8992022270354,22,10,4376.503978703693,5021.706953082043,18239.642749166647,14781.225288682694,10800.0,10792.0948201581,1204.8648148148177,10800.0,1.0838262000033865,2.273736754432321e-13,0,1.0,1.0
2025-04-30,greedy,error_scaled_frozen_contract_and_soc,36130.63963290252,36130.63963290252,0.0,59090.43809259515,53504.15183783324,5586.286254761905,2786.621715913928,0.0,0,0,4293.741297178129,3044.2861058493954,18397.664506496287,14902.10825026199,10800.0,10800.0,1483.254264550265,10800.0,0.000844700000016,1.1368683772161605e-13,0,1.0,1.0
2025-04-30,mpc,error_scaled_frozen_contract_and_soc,41201.38545312459,36130.63963290252,5070.7458202220805,59090.43809259515,53504.15183783324,5586.286254761905,2786.621715913928,900.8286039734692,25,10,4960.992885004944,3432.5107505405485,18047.475193025934,14706.56656533614,10800.0,10702.098156683183,1200.0,10800.0,0.9154898000124376,1.1368683772161605e-13,0,1.0,1.0
2025-05-01,greedy,error_scaled_frozen_contract_and_soc,45268.12138638858,35866.998861478496,9401.122524910084,58257.78297497828,52667.65579640686,5590.127178571428,2787.128702656865,1434.442648166667,7,1,1802.8539202821871,3511.0203905963617,20042.621972454785,16675.649460188375,10800.0,10309.860375,1200.0,10800.0,0.0003938000008929,2.273736754432321e-13,0,1.0,1.0
2025-05-01,mpc,error_scaled_frozen_contract_and_soc,51088.11038802209,35866.998861478496,15221.111526543598,58257.78297497828,52667.65579640686,5590.127178571428,2787.128702656865,2780.013935043609,55,10,2904.698644481865,4065.665762137022,18504.86155528588,15448.807851882862,10800.0,10289.033342109666,1200.0,10800.0,1.002414000002318,2.273736754432321e-13,0,1.0,1.0
2025-05-02,greedy,error_scaled_frozen_contract_and_soc,25792.86519430264,17244.411845841958,8548.453348460684,32626.39090787427,27116.37225549332,5510.018652380953,2942.457000928729,1500.5350714285664,8,1,2240.7901928571423,13430.101851872994,21026.025643365097,16860.311792125733,10309.860375,10499.603685,1200.0,10800.0,0.0003290999884484,1.1368683772161605e-13,0,1.0,1.0
2025-05-02,mpc,error_scaled_frozen_contract_and_soc,39988.296801664335,17244.411845841958,22743.884955822377,32626.39090787427,27116.37225549332,5510.018652380953,2942.457000928729,4233.717359447254,54,9,2615.990098672445,16408.24732142857,17762.00989656565,14216.459132678474,10309.860375,10499.603578933004,1200.0,10499.603578933004,1.103653199999826,2.273736754432321e-13,0,1.0,1.0
2025-05-03,greedy,error_scaled_frozen_contract_and_soc,22906.92388657595,17579.30593216539,5327.61795441056,33082.14277313742,27249.201068375514,5832.9417047619045,3172.1409154365074,1049.8134509047595,7,1,2751.969483385411,18402.70808333333,20696.32413328125,16586.217125957817,10499.603685,10697.165265,1200.0,10800.0,0.0003280999953858,1.1368683772161605e-13,0,1.0,1.0
2025-05-03,mpc,error_scaled_frozen_contract_and_soc,30283.680029273324,17579.30593216539,12704.37409710793,33082.14277313742,27249.201068375514,5832.9417047619045,3172.1409154365074,2383.600986137781,46,11,2929.323653199496,19827.048886130724,19348.6459297174,15506.446359772412,10499.603685,10684.00017755409,1200.0,10684.00017755409,1.0477820000087377,1.4210854715202006e-13,0,1.0,1.0
2025-05-04,greedy,error_scaled_frozen_contract_and_soc,43565.20852321652,37147.01007322366,6418.1984499928585,60539.38468979237,54476.88889217332,6062.495797619047,3254.2240343076983,1028.2474690476192,8,1,3420.8845062681926,3309.9203845019438,17185.835140718515,14083.675205982,10697.165265,10515.888885,1200.0,10800.0,0.0006259999936446,1.1368683772161605e-13,0,1.0,1.0
2025-05-04,mpc,error_scaled_frozen_contract_and_soc,49522.29687997188,37147.01007322366,12375.286806748214,60539.38468979237,54476.88889217332,6062.495797619047,3254.2240343076983,2132.155554832607,41,11,3279.918444091006,4525.004273754722,17342.626977928634,14210.676784482725,10697.165265,10515.888673488302,1200.0,10800.0,0.9934967000008328,1.1368683772161605e-13,0,1.0,1.0
2025-05-05,greedy,error_scaled_frozen_contract_and_soc,44791.83646597432,37422.486460827495,7369.350005146823,61295.95152624548,55030.57135243596,6265.380173809524,3334.77718675508,1099.748386619046,5,2,2460.779390756424,924.2070442230056,20463.53190992161,16528.82523203651,10515.888885,10567.706235,1200.0,10800.0,0.0003678000066429,2.273736754432321e-13,0,1.0,1.0
2025-05-05,mpc,error_scaled_frozen_contract_and_soc,56206.89364458051,37422.486460827495,18784.407183753017,61295.95152624548,55030.57135243596,6265.380173809524,3334.77718675508,3623.8157397537416,55,8,3460.7107055731,3065.573376413926,17358.456858152113,14040.98047413991,10515.888885,10537.410641625896,1200.0,10800.0,1.114376600002288,2.273736754432321e-13,0,1.0,1.0
2025-05-06,greedy,error_scaled_frozen_contract_and_soc,42782.64981062996,37341.47292905512,5441.176881574844,60672.03433855496,54081.88122903115,6590.153109523808,3351.258947767302,874.1485260476171,8,1,2163.8793160199907,2998.0732833333327,19452.437034645194,15938.289136062607,10567.706235,10365.689415,1200.0,10800.0,0.00078209998901,2.273736754432321e-13,0,1.0,1.0
2025-05-06,mpc,error_scaled_frozen_contract_and_soc,50324.61036006463,37341.47292905512,12983.137431009516,60672.03433855496,54081.88122903115,6590.153109523808,3351.258947767302,2473.144154761904,60,10,3307.3010895352086,3756.242507541888,17589.859044064277,14378.306514491182,10567.706235,10422.68324744543,1283.2471231225277,10800.0,1.033208699998795,2.273736754432321e-13,0,1.0,1.0
2025-05-07,greedy,error_scaled_frozen_contract_and_soc,45733.50096221795,38111.65103005844,7621.849932159504,62069.38658636241,55045.1647673148,7024.221819047619,3290.511281549404,1133.0659845714297,6,2,1874.9689611156105,2352.229255815601,19512.303268434844,15604.89486443222,10365.689415,10587.990285,1200.0,10800.0,0.0004144999984418,2.273736754432321e-13,0,1.0,1.0
2025-05-07,mpc,error_scaled_frozen_contract_and_soc,54447.55179283104,38111.65103005844,16335.900762772591,62069.38658636241,55045.1647673148,7024.221819047619,3290.511281549404,2920.931199042144,59,13,3128.600115290625,3276.3470783393177,17460.284470307543,13942.759828532937,10365.689415,10587.990073240197,1200.0,10800.0,1.0630416000058176,2.273736754432321e-13,0,1.0,1.0
2025-05-08,greedy,error_scaled_frozen_contract_and_soc,41409.27388036388,41409.27388036388,0.0,65315.703019545,57988.14894811642,7327.554071428571,3296.268201040039,0.0,0,0,4658.945447631749,1176.1358634332792,18227.89771042089,14573.78840194092,10587.990285,10800.0,1622.0465000000008,10800.0,0.0003365000011399,1.1368683772161605e-13,0,1.0,1.0
2025-05-08,mpc,error_scaled_frozen_contract_and_soc,49000.54290274256,41409.27388036388,7591.269022378682,65315.703019545,57988.14894811642,7327.554071428571,3296.268201040039,1296.935463189714,22,12,4861.254237549347,2430.215971428571,17445.956483936578,13951.30061017978,10587.990285,10787.905998120945,1200.0,10800.0,0.9652219999989028,2.273736754432321e-13,0,1.0,1.0
2025-05-09,greedy,error_scaled_frozen_contract_and_soc,21080.839563201363,21080.839563201363,0.0,36972.76041320311,29467.640296536447,7505.120116666666,3302.334690922024,0.0,0,0,5917.941217078191,18851.870199368925,19492.437614505263,15788.874467749269,10800.0,10800.0,2133.478349432033,10800.0,0.0002720999909797,1.1368683772161605e-13,0,1.0,1.0
2025-05-09,mpc,error_scaled_frozen_contract_and_soc,23421.55920504064,21080.839563201363,2340.7196418392846,36972.76041320311,29467.640296536447,7505.120116666666,3302.334690922024,528.6313904761901,25,12,6622.846780414722,18672.66554278249,19507.86377095827,15801.370140476192,10800.0,10799.999460000012,1875.7611663756643,10800.0,1.0675537999923108,1.1368683772161605e-13,0,1.0,1.0
2025-05-10,greedy,error_scaled_frozen_contract_and_soc,20976.847430508667,20976.847430508667,0.0,36680.3256406522,29377.506638271243,7302.819002380952,3338.5334529040474,0.0,0,0,5479.228046825396,15412.067128142044,19305.18517027065,15637.19998791923,10800.0,10800.0,2048.5534688992702,10800.0,0.0003149999974993,1.1368683772161605e-13,0,1.0,1.0
2025-05-10,mpc,error_scaled_frozen_contract_and_soc,25323.779911074147,20976.847430508667,4346.932480565478,36680.3256406522,29377.506638271243,7302.819002380952,3338.5334529040474,846.6654023809525,22,11,5111.233901044007,16737.09028780071,18950.58142102224,15392.95985016714,10800.0,10752.234556512083,1200.0,10800.0,1.1118381999986011,1.1368683772161605e-13,0,1.0,1.0
2025-05-11,greedy,error_scaled_frozen_contract_and_soc,41667.62031042811,41667.62031042811,0.0,66116.489247388,58487.95165691183,7628.537590476189,3261.133009974206,0.0,0,0,5246.949917842446,2073.7981333333328,17429.8005940995,14118.138481220598,10800.0,10800.0,1658.997566137566,10800.0,0.0003274000046076,1.1368683772161605e-13,0,1.0,1.0
2025-05-11,mpc,error_scaled_frozen_contract_and_soc,45321.56677161141,41667.62031042811,3653.946461183303,66116.489247388,58487.95165691183,7628.537590476189,3261.133009974206,681.4458488590928,24,9,5546.844295996457,2430.970418131649,17594.940212099555,14258.898913313886,10800.0,10792.225176096392,1200.0,10800.0,1.2415060000057565,2.273736754432321e-13,0,1.0,1.0
2025-05-12,greedy,error_scaled_frozen_contract_and_soc,41866.76463629457,41866.76463629457,0.0,66700.09981404469,58930.48891642562,7769.610897619046,3195.985649071588,0.0,0,0,8220.884169779383,3630.573655911388,15354.982921160918,12437.536166140348,10800.0,10800.0,1931.484285714288,10800.0,0.0003324999997857,1.1368683772161605e-13,0,1.0,1.0
2025-05-12,mpc,error_scaled_frozen_contract_and_soc,44100.12569847145,41866.76463629457,2233.3610621768853,66700.09981404469,58930.48891642562,7769.610897619046,3195.985649071588,479.5456780356407,21,10,6324.384332320446,5597.851627217949,17506.39360636091,14180.179307152324,10800.0,10799.999460000012,1200.0,10800.0,0.9415747000020928,2.273736754432321e-13,0,1.0,1.0
2025-05-13,greedy,error_scaled_frozen_contract_and_soc,41888.0441153248,41888.0441153248,0.0,66739.80621830004,58870.03807544291,7869.768142857141,3201.7492765605166,0.0,0,0,7509.483455114315,2800.13727084101,17373.540661463514,14072.567935785448,10800.0,10800.0,1700.3009259259277,10800.0,0.0003519000019878,1.1368683772161605e-13,0,1.0,1.0
2025-05-13,mpc,error_scaled_frozen_contract_and_soc,44164.63086497956,41888.0441153248,2276.5867496547603,66739.80621830004,58870.03807544291,7869.768142857141,3201.7492765605166,383.20558095238056,16,7,7811.083280376236,2850.925169047619,17535.742980852126,14203.95239769021,10800.0,10799.999352000015,1601.616673539976,10800.0,1.0728850000014063,2.273736754432321e-13,0,1.0,1.0
2025-05-14,greedy,error_scaled_frozen_contract_and_soc,42142.23124684211,42142.23124684211,0.0,67000.44446254158,59161.372241113,7839.072221428569,3218.5113092927786,0.0,0,0,7805.919829337907,2950.8315011735567,16997.60183524619,13768.05748654942,10800.0,10800.0,2052.3804788359826,10800.0,0.000343799998518,1.1368683772161605e-13,0,1.0,1.0
2025-05-14,mpc,error_scaled_frozen_contract_and_soc,43544.74662501592,42142.23124684211,1402.5153781738086,67000.44446254158,59161.372241113,7839.072221428569,3218.5113092927786,328.69491428571393,17,6,7751.640094474624,3257.61495143464,17463.349810324584,14157.614262739897,10800.0,10786.332315136686,1445.2075268677288,10800.0,1.113396599990665,2.273736754432321e-13,0,1.0,1.0
2025-05-15,greedy,error_scaled_frozen_contract_and_soc,41532.48771684821,41532.48771684821,0.0,65987.96025596315,58166.587796439344,7821.372459523807,3237.854073214208,0.0,0,0,6974.293365451698,2965.4641246717606,17279.7078026651,13996.563320158732,10800.0,10800.0,2325.242515873016,10800.0,0.0008725000079721,1.2789769243681806e-13,0,1.0,1.0
2025-05-15,mpc,error_scaled_frozen_contract_and_soc,45077.02727063512,41532.48771684821,3544.5395537869053,65987.96025596315,58166.587796439344,7821.372459523807,3237.854073214208,870.2793309523809,20,8,6488.712588662625,4370.42028907114,17215.890457208552,13981.84203136011,10800.0,10758.921376643137,1202.8851851851853,10800.0,0.9841660999954912,2.273736754432321e-13,0,1.0,1.0
2025-05-16,greedy,error_scaled_frozen_contract_and_soc,20667.90625629116,20667.90625629116,0.0,36089.61964234847,28239.1318113961,7850.487830952379,3258.913887344921,0.0,0,0,5944.216199323929,23868.93044916626,18741.92873960505,15180.962279080091,10800.0,10800.0,2436.6761242496323,10800.0,0.0009038999996846,1.1368683772161605e-13,0,1.0,1.0
2025-05-16,mpc,error_scaled_frozen_contract_and_soc,22438.85229088759,20667.90625629116,1770.9460345964285,36089.61964234847,28239.1318113961,7850.487830952379,3258.913887344921,382.264988095238,22,11,7108.410588908131,23143.82511334834,19160.82162869591,15656.679233841996,10800.0,10648.42920600188,1967.0121317099504,10800.0,1.1752178999886382,1.1368683772161605e-13,0,1.0,1.0
2025-05-17,greedy,error_scaled_frozen_contract_and_soc,20731.30632743245,20731.30632743245,0.0,36413.69398336865,28657.179826225794,7756.514157142858,3322.310875460754,0.0,0,0,5261.840738667936,16960.702116666667,19696.589708951105,15954.237664250397,10800.0,10800.0,1933.6426772486768,10800.0,0.0003489000082481,1.1368683772161605e-13,0,1.0,1.0
2025-05-17,mpc,error_scaled_frozen_contract_and_soc,27733.23888319241,20731.30632743245,7001.932555759959,36413.69398336865,28657.179826225794,7756.514157142858,3322.310875460754,1353.760526914186,32,11,5045.188436896224,18765.24139100174,18569.488074482982,15061.26247543145,10800.0,10777.803183221968,1200.0,10800.0,1.0377028999937463,2.273736754432321e-13,0,1.0,1.0
2025-05-18,greedy,error_scaled_frozen_contract_and_soc,41023.7620016313,41023.7620016313,0.0,64617.086879205584,56731.41501491987,7885.671864285714,3373.748891221984,0.0,0,0,6261.75257739565,1396.4929166666666,17277.227816543527,13994.55453140026,10800.0,10800.0,2152.7717883597898,10800.0,0.0007670000049984,1.1368683772161605e-13,0,1.0,1.0
2025-05-18,mpc,error_scaled_frozen_contract_and_soc,47314.16560813132,41023.7620016313,6290.40360650002,64617.086879205584,56731.41501491987,7885.671864285714,3373.748891221984,1256.1171588781124,27,10,5406.513822972156,3775.64002857143,16100.78415668131,13085.902070141194,10800.0,10750.814551967407,1200.0,10800.0,1.0312453999940772,1.1368683772161605e-13,0,1.0,1.0
2025-05-19,greedy,error_scaled_frozen_contract_and_soc,40515.20317235237,40457.2454356857,57.95773666666763,64240.90443032802,56251.37195413754,7989.532476190476,3389.725063028769,8.593333333333476,1,1,7150.094400117578,6419.461500000001,16656.44901865146,13491.723705107685,10800.0,10800.0,1619.1120396825395,10800.0,0.0003348000027472,1.1368683772161605e-13,0,1.0,1.0
2025-05-19,mpc,error_scaled_frozen_contract_and_soc,43480.29368662855,40457.2454356857,3023.048250942856,64240.90443032802,56251.37195413754,7989.532476190476,3389.725063028769,488.0401261904759,18,9,8029.067249376234,6047.979189688916,16563.141527322936,13426.459959869588,10800.0,10788.538530291102,1630.0303465393004,10800.0,1.1252705000079004,1.1368683772161605e-13,0,1.0,1.0
2025-05-20,greedy,error_scaled_frozen_contract_and_soc,40124.34334441177,40124.34334441177,0.0,63477.08920440144,55535.960687734776,7941.128516666667,3405.099198673055,0.0,0,0,4888.308684097587,846.19235,16922.070282301014,13706.876928663823,10800.0,10800.0,1771.9732804232765,10800.0,0.0002596999984234,1.4210854715202006e-13,0,1.0,1.0
2025-05-20,mpc,error_scaled_frozen_contract_and_soc,51658.10477741179,40124.34334441177,11533.761433000023,63477.08920440144,55535.960687734776,7941.128516666667,3405.099198673055,1862.5952725773468,22,12,4256.981380945451,3711.05031301184,15221.769322441312,12377.511356086474,10800.0,10746.801994545543,1200.0,10800.0,0.9870006999990436,4.547473508864641e-13,0,1.0,1.0
2025-05-21,greedy,error_scaled_frozen_contract_and_soc,40435.4719151802,40435.4719151802,0.0,64026.08839084242,55961.61189798528,8064.476492857144,3383.239139484522,0.0,0,0,4939.905176722524,4701.682981625506,15904.657627163442,12882.772678002386,10800.0,10800.0,1910.7782883597872,10800.0,0.0008756000024732,1.1368683772161605e-13,0,1.0,1.0
2025-05-21,mpc,error_scaled_frozen_contract_and_soc,42779.92398647782,40435.4719151802,2344.45207129762,64026.08839084242,55961.61189798528,8064.476492857144,3383.239139484522,513.487230952381,15,8,5935.5994929017215,4157.315724770366,16454.093423387007,13370.048302597625,10800.0,10753.074855939827,1200.0,10800.0,0.9312023000093176,2.273736754432321e-13,0,1.0,1.0
2025-05-22,greedy,error_scaled_frozen_contract_and_soc,39763.77666865742,39763.77666865742,0.0,62952.77165795244,54819.84415319053,8132.927504761905,3372.74332365492,0.0,0,0,5387.113227897764,3513.9318260435075,17026.819933392115,13791.724146047614,10800.0,10800.0,1719.124096322754,10800.0,0.0007881000055931,2.273736754432321e-13,0,1.0,1.0
2025-05-22,mpc,error_scaled_frozen_contract_and_soc,43409.04749651813,39763.77666865742,3645.27082786071,62952.77165795244,54819.84415319053,8132.927504761905,3372.74332365492,680.5436095238089,26,11,5561.893837076313,4085.992253649182,16677.88917517932,13509.090815095236,10800.0,10799.999352000015,1556.976691043164,10800.0,1.015612799994415,2.273736754432321e-13,0,1.0,1.0
2025-05-23,greedy,error_scaled_frozen_contract_and_soc,20604.50056839885,20604.50056839885,0.0,36151.99696270986,28030.506419852725,8121.490542857142,3371.825810806984,0.0,0,0,6617.732629864783,19312.55108226968,20004.022985484586,16203.258618242511,10800.0,10800.0,1666.6263161855695,10800.0,0.0003315999929327,1.1368683772161605e-13,0,1.0,1.0
2025-05-23,mpc,error_scaled_frozen_contract_and_soc,24176.813478510758,20604.50056839885,3572.312910111904,36151.99696270986,28030.506419852725,8121.490542857142,3371.825810806984,817.4576595238094,29,10,5940.881586710975,20962.70460246129,19397.36675844678,15752.447208718702,10800.0,10754.91096180355,1327.5930790247603,10800.0,1.0759752999874763,1.1368683772161605e-13,0,1.0,1.0
2025-05-24,greedy,error_scaled_frozen_contract_and_soc,21162.81971982473,21162.81971982473,0.0,36856.57805296801,28644.570255348965,8212.007797619048,3327.570902364643,0.0,0,0,7120.598016754853,22378.543881765327,18962.81458481315,15359.879813698652,10800.0,10800.0,2105.4419150173685,10800.0,0.0004353999975137,1.1368683772161605e-13,0,1.0,1.0
2025-05-24,mpc,error_scaled_frozen_contract_and_soc,22867.165109843776,21162.81971982473,1704.3453900190484,36856.57805296801,28644.570255348965,8212.007797619048,3327.570902364643,421.1103261904763,19,11,7766.146398784152,22080.429011728964,19350.58984901069,15673.978263698653,10800.0,10799.999460000012,1919.2029556787477,10800.0,1.065694999997504,2.273736754432321e-13,0,1.0,1.0
2025-05-25,greedy,error_scaled_frozen_contract_and_soc,40137.428681103134,40137.428681103134,0.0,63607.63710728133,55290.88521680514,8316.75189047619,3268.3231802429773,0.0,0,0,6573.081517254556,5381.884716161554,16356.108897536264,13248.448207004378,10800.0,10800.0,1765.0352830687843,10800.0,0.0003820999991148,1.1368683772161605e-13,0,1.0,1.0
2025-05-25,mpc,error_scaled_frozen_contract_and_soc,42710.076300878136,40137.428681103134,2572.647619774999,63607.63710728133,55290.88521680514,8316.75189047619,3268.3231802429773,457.0091428571428,19,9,6886.816755875469,5402.78964659999,17000.159197524536,13770.129533194851,10800.0,10799.999352000015,1447.8952274025378,10800.0,1.116299100001925,2.273736754432321e-13,0,1.0,1.0
2025-05-26,greedy,error_scaled_frozen_contract_and_soc,39802.41693028569,39802.41693028569,0.0,62412.14253299028,54103.553966323605,8308.588566666665,3274.6073700758343,0.0,0,0,4275.13460098741,0.0,18721.973589488774,15164.798607485913,10800.0,10800.0,2086.222510291006,10800.0,0.0003976000007241,1.5187850976872141e-13,0,1.0,1.0
2025-05-26,mpc,error_scaled_frozen_contract_and_soc,47315.46469901025,39802.41693028569,7513.047768724564,62412.14253299028,54103.553966323605,8308.588566666665,3274.6073700758343,1559.8098545869996,28,8,4678.354744660636,1511.0080454885826,17138.375895565066,13935.619248137007,10800.0,10740.516919189658,1200.0,10800.0,1.047331400011899,1.1368683772161605e-13,0,1.0,1.0
2025-05-27,greedy,error_scaled_frozen_contract_and_soc,40695.05680315568,40695.05680315568,0.0,63910.61001446342,55388.48157160627,8522.128442857143,3359.6197785773006,0.0,0,0,6745.30518760598,4664.4888574368,16370.782470634918,13260.333801214285,10800.0,10800.0,1869.2518968253976,10800.0,0.0006064000044716,1.1368683772161605e-13,0,1.0,1.0
2025-05-27,mpc,error_scaled_frozen_contract_and_soc,42852.87533744734,40695.05680315568,2157.818534291668,63910.61001446342,55388.48157160627,8522.128442857143,3359.6197785773006,437.42679761904793,22,11,6853.934840929482,5024.002422745295,16422.73306152673,13343.000813119048,10800.0,10754.903296352895,1383.2361193665356,10800.0,1.035211700000218,2.273736754432321e-13,0,1.0,1.0
2025-05-28,greedy,error_scaled_frozen_contract_and_soc,40122.01598108336,40122.01598108336,0.0,63096.211204979496,54678.83294783664,8417.378257142858,3409.006403592697,0.0,0,0,5167.907460552617,2174.5966189929213,18315.17381807351,14835.290792639538,10800.0,10800.0,1861.5985899470895,10800.0,0.0007962000090628,1.1368683772161605e-13,0,1.0,1.0
2025-05-28,mpc,error_scaled_frozen_contract_and_soc,45188.11457049884,40122.01598108336,5066.098589415474,63096.211204979496,54678.83294783664,8417.378257142858,3409.006403592697,1082.141152380952,32,12,6640.104756941542,2010.5755479730165,17135.99844508544,13882.15049263954,10800.0,10797.786942088516,1445.1466689064534,10800.0,1.0272177000006195,2.273736754432321e-13,0,1.0,1.0
2025-05-29,greedy,error_scaled_frozen_contract_and_soc,39481.598580840815,39481.598580840815,0.0,62435.15183180275,54245.6555841837,8189.496247619048,3260.3096393546025,0.0,0,0,3663.858362786597,1159.338231972835,18430.693352859613,14928.861615816291,10800.0,10800.0,1732.4204470899458,10800.0,0.0004502000083448,2.273736754432321e-13,0,1.0,1.0
2025-05-29,mpc,error_scaled_frozen_contract_and_soc,47396.24299924351,39481.598580840815,7914.644418402695,62435.15183180275,54245.6555841837,8189.496247619048,3260.3096393546025,1627.419158801397,44,13,4551.388619074617,2235.3863354237515,16700.095912168294,13534.423376062514,10800.0,10791.83812532646,1200.0,10800.0,0.9998884000087856,2.273736754432321e-13,0,1.0,1.0
2025-05-30,greedy,error_scaled_frozen_contract_and_soc,20628.76659140298,20628.76659140298,0.0,36234.91679591559,27792.94746972512,8441.969326190476,3143.046539862262,0.0,0,0,6053.325382010587,19920.325109272628,19289.647568240594,15624.614530274885,10800.0,10800.0,2081.860345488225,10800.0,0.0011378000053809,1.1368683772161605e-13,0,1.0,1.0
2025-05-30,mpc,error_scaled_frozen_contract_and_soc,25746.004369030285,20628.76659140298,5117.237777627306,36234.91679591559,27792.94746972512,8441.969326190476,3143.046539862262,1023.9725349195272,27,12,5744.43804515781,21387.126207078367,18584.696304906684,15053.604492974402,10800.0,10799.999460000012,1200.0,10800.0,1.0860579000000143,2.273736754432321e-13,0,1.0,1.0
2025-05-31,greedy,error_scaled_frozen_contract_and_soc,20921.658307418464,20921.658307418464,0.0,36627.48257587772,28065.13768063961,8562.344895238097,3116.868885933809,0.0,0,0,6714.001830482072,17734.754036915452,19944.97451831676,16155.429359836571,10800.0,10800.0,1517.1631232239108,10800.0,0.0006366000015987,1.1368683772161605e-13,0,1.0,1.0
2025-05-31,mpc,error_scaled_frozen_contract_and_soc,25920.8782437776,20921.658307418464,4999.219936359136,36627.48257587772,28065.13768063961,8562.344895238097,3116.868885933809,1069.8806822331553,30,10,6275.847118095233,19526.610633528995,18873.297343613867,15367.573387127228,10800.0,10710.886068000003,1200.0,10800.0,0.9733700000069804,2.273736754432321e-13,0,1.0,1.0
2025-06-01,greedy,error_scaled_frozen_contract_and_soc,98091.7481936458,40747.305282975605,57344.4429106702,64470.60957356676,55942.53921166199,8528.070361904762,3091.450233253849,8532.128763428569,16,2,26.3561000000002,0.0,12872.505734185968,11120.949797190631,10800.0,10028.644275,1200.0,10800.0,0.0010431000118842,1.1368683772161605e-13,0,1.0,1.0
2025-06-01,mpc,error_scaled_frozen_contract_and_soc,91658.8213911585,40747.305282975605,50911.5161081829,64470.60957356676,55942.53921166199,8528.070361904762,3091.450233253849,9542.159399238248,98,7,1120.979733751542,125.73706300016104,11765.50591362474,10224.280037571429,10800.0,10028.644169405125,1200.0,10800.0,0.9463546000042696,2.273736754432321e-13,0,1.0,1.0
2025-06-02,greedy,error_scaled_frozen_contract_and_soc,80532.41310384,41741.525254869535,38790.88784897045,66713.46153391639,58005.8045624878,8707.656971428572,3801.5270185602767,5789.315348047616,13,1,130.5010071428569,0.0,19389.36245958493,15657.894034763798,10028.644275,10081.41045,1200.0,10081.41045,0.0002873000048566,1.1368683772161605e-13,0,1.0,1.0
2025-06-02,mpc,error_scaled_frozen_contract_and_soc,97805.11472522494,41741.525254869535,56063.58947035541,66713.46153391639,58005.8045624878,8707.656971428572,3801.5270185602767,10895.424309580943,93,7,3097.4851312580804,3374.471749999999,13047.906585469713,10551.785073230469,10028.644275,10047.554565,1200.0,10800.0,1.0583278999984032,2.273736754432321e-13,0,1.0,1.0
2025-06-03,greedy,error_scaled_frozen_contract_and_soc,66705.99607573675,43140.27092458055,23565.7251511562,68818.83643625505,59381.15820530266,9437.67823095238,4335.3198329473,3555.6692127665297,13,2,284.5143230215722,0.0,19452.617766666663,15554.993273999991,10081.41045,10305.44058,1200.0,10305.44058,0.0003133999998681,2.273736754432321e-13,0,1.0,1.0
2025-06-03,mpc,error_scaled_frozen_contract_and_soc,81328.77407713898,43140.27092458055,38188.50315255844,68818.83643625505,59381.15820530266,9437.67823095238,4335.3198329473,7413.996417009519,89,8,3587.791633746312,1456.2591833333329,14709.411482132402,11712.996279280813,10081.41045,10305.440473607146,1200.0,10800.0,1.1654260999930557,2.273736754432321e-13,0,1.0,1.0
2025-06-04,greedy,error_scaled_frozen_contract_and_soc,60650.91935928102,44240.824749153646,16410.094610127362,70649.31823552851,60616.42786171899,10032.89037380952,4425.744800588174,2483.2604320476166,11,3,35.472916666666606,0.0,18605.212177593698,15153.367243350898,10305.44058,10213.056824999998,1200.0,10305.44058,0.0008717000018805,2.273736754432321e-13,0,1.0,1.0
2025-06-04,mpc,error_scaled_frozen_contract_and_soc,82841.51921421007,44240.824749153646,38600.694465056426,70649.31823552851,60616.42786171899,10032.89037380952,4425.744800588174,7138.569590557143,84,14,4662.337398201066,1185.4561999999994,12855.049812725969,10560.216401508038,10305.44058,10141.411631999998,1200.0,10797.941177142857,1.0838414000027117,2.273736754432321e-13,0,1.0,1.0
2025-06-05,greedy,error_scaled_frozen_contract_and_soc,59316.7392842572,45869.89872456093,13446.840559696277,72931.54729567509,62541.97726472271,10389.570030952382,4667.602515098095,1996.7764417657215,11,3,83.321026190476,0.0,20448.91175833513,16753.227063751452,10213.056824999998,10002.38067,1200.0,10466.178837777778,0.0003123999922536,2.273736754432321e-13,0,1.0,1.0
2025-06-05,mpc,error_scaled_frozen_contract_and_soc,81385.81439602209,45869.89872456093,35515.91567146116,72931.54729567509,62541.97726472271,10389.570030952382,4667.602515098095,6860.464720060967,82,13,5082.247046748979,1002.0023166666668,14463.437763967102,11904.993128313352,10213.056824999998,10002.38067,1200.0,10793.38328142857,0.9872719999984838,2.273736754432321e-13,0,1.0,1.0
2025-06-06,greedy,error_scaled_frozen_contract_and_soc,41984.68009269515,23193.097934749632,18791.58215794551,39961.239239068,28906.505922401324,11054.733316666669,4623.069104473253,3075.8854614081924,16,3,3150.5489357142856,4706.92838095238,20983.65425952381,16659.002275714287,10002.38067,10377.666974999998,1200.0,10800.0,0.0002493999927537,1.1368683772161605e-13,0,1.0,1.0
2025-06-06,mpc,error_scaled_frozen_contract_and_soc,67471.08169504572,23193.097934749632,44277.98376029608,39961.239239068,28906.505922401324,11054.733316666669,4623.069104473253,8348.529328570316,72,8,3856.5723779819136,10497.23923356288,14593.09885512187,11492.137299028354,10002.38067,10367.128196244848,1200.0,10367.128196244848,0.9175891000049888,1.2789769243681806e-13,0,1.0,1.0
2025-06-07,greedy,error_scaled_frozen_contract_and_soc,33218.788175156704,24080.411070672944,9138.37710448376,41261.1029948494,29341.48743770653,11919.61555714286,4950.25655933595,1388.744205857142,5,2,3433.372432971037,4168.696266666667,20784.97898369563,16863.713649293455,10377.666974999998,10346.68845,1200.0,10800.0,0.0003011999942827,1.1368683772161605e-13,0,1.0,1.0
2025-06-07,mpc,error_scaled_frozen_contract_and_soc,52479.576968989175,24080.411070672944,28399.16589831624,41261.1029948494,29341.48743770653,11919.61555714286,4950.25655933595,5204.989457690721,60,12,4265.44221325974,8018.185551695618,16230.69673504464,13174.745214126548,10377.666974999998,10346.688243066235,1200.0,10427.830289999998,1.097569999998086,2.273736754432321e-13,0,1.0,1.0
2025-06-08,greedy,error_scaled_frozen_contract_and_soc,57042.323109163975,57042.323109163975,0.0,89298.21156648526,76333.58121172336,12964.630354761905,4699.108273285831,0.0,0,0,19262.59515712106,1395.509116666666,16037.913847530855,12582.729821499996,10346.68845,10800.0,2162.782539682541,10800.0,0.0007508999988203,1.1368683772161605e-13,0,1.0,1.0
2025-06-08,mpc,error_scaled_frozen_contract_and_soc,58691.067896234206,57042.323109163975,1648.7447870702376,89298.21156648526,76333.58121172336,12964.630354761905,4699.108273285831,340.3092238095235,15,4,16582.805872724755,4015.8313119047625,18195.64751049859,14340.687171499996,10346.68845,10788.67435222652,1576.0427075400205,10799.999926883796,1.1176816999941366,2.273736754432321e-13,0,1.0,1.0
2025-06-09,greedy,error_scaled_frozen_contract_and_soc,56133.94398038492,56133.94398038492,0.0,87752.67824051145,74785.5406476543,12967.137592857143,4708.115893179443,0.0,0,0,12482.705607442673,832.8107159024107,18444.46938859494,14940.020204761902,10800.0,10800.0,1864.4825291005316,10800.0,0.000445400000899,1.5276668818842157e-13,0,1.0,1.0
2025-06-09,mpc,error_scaled_frozen_contract_and_soc,60933.37310492301,56133.94398038492,4799.429124538093,87752.67824051145,74785.5406476543,12967.137592857143,4708.115893179443,961.4212458333334,30,11,13455.26267942972,960.2468690476212,17715.145739653155,14349.268535119045,10800.0,10799.999460000012,1200.0,10800.0,1.07200849999208,2.273736754432321e-13,0,1.0,1.0
2025-06-10,greedy,error_scaled_frozen_contract_and_soc,56233.60293760942,56233.60293760942,0.0,87904.20962182472,75081.02197658662,12823.187645238097,4751.613121029881,0.0,0,0,12478.356880407908,337.92801666666605,18260.423639035864,14790.943147619048,10800.0,10800.0,2061.9931851851848,10800.0,0.0006144000071799,2.273736754432321e-13,0,1.0,1.0
2025-06-10,mpc,error_scaled_frozen_contract_and_soc,61695.64864561895,56233.60293760942,5462.045708009525,87904.20962182472,75081.02197658662,12823.187645238097,4751.613121029881,1046.8282452380954,21,8,13124.052982735242,838.9626613379887,17820.49803489435,14450.920045238094,10800.0,10781.870403362587,1200.0,10800.0,1.0758064999972703,2.273736754432321e-13,0,1.0,1.0
2025-06-11,greedy,error_scaled_frozen_contract_and_soc,56621.69249536024,56621.69249536024,0.0,88954.10311748687,76160.18881748687,12793.9143,4777.29769160722,0.0,0,0,8846.467711258087,0.0,21174.679418747965,17151.490329185857,10800.0,10800.0,1283.210749973544,10800.0,0.000523399998201,2.273736754432321e-13,0,1.0,1.0
2025-06-11,mpc,error_scaled_frozen_contract_and_soc,72380.67908960284,56621.69249536024,15758.986594242604,88954.10311748687,76160.18881748687,12793.9143,4777.29769160722,3100.799247744388,42,9,12023.383077372016,644.3612833333332,17511.354483586423,14208.64279572718,10800.0,10772.838151086467,1200.0,10800.0,1.219735300008324,1.1368683772161605e-13,0,1.0,1.0
2025-06-12,greedy,error_scaled_frozen_contract_and_soc,57700.90638861903,57700.90638861903,0.0,89990.571036829,77083.20264873377,12907.368388095238,4783.472884070317,0.0,0,0,13741.326774397414,358.2286666666665,18098.0219075347,14659.397745103111,10800.0,10800.0,2377.365894179896,10800.0,0.0008293999999295,1.1368683772161605e-13,0,1.0,1.0
2025-06-12,mpc,error_scaled_frozen_contract_and_soc,61628.09138564736,57700.90638861903,3927.184997028329,89990.571036829,77083.20264873377,12907.368388095238,4783.472884070317,787.6209379602572,17,8,14293.08079298443,615.7034880952399,17984.29866513816,14567.282404761903,10800.0,10799.999460000012,1200.0,10800.0,1.114347299997462,2.273736754432321e-13,0,1.0,1.0
2025-06-13,greedy,error_scaled_frozen_contract_and_soc,30513.57937212477,30513.57937212477,0.0,48962.90201590694,36028.9639730498,12933.938042857142,4766.147983198888,0.0,0,0,9848.298013521462,7205.279086775173,18757.95376637003,15193.942550759726,10800.0,10800.0,2314.4872745262246,10800.0,0.0006866999901831,1.1368683772161605e-13,0,1.0,1.0
2025-06-13,mpc,error_scaled_frozen_contract_and_soc,32441.69880969144,30513.57937212477,1928.1194375666664,48962.90201590694,36028.9639730498,12933.938042857142,4766.147983198888,413.3382095238094,22,10,9653.373274676038,7822.648028006248,18730.24729017485,15175.34206742639,10800.0,10795.73137512805,2045.513641350498,10800.0,1.1345056999998633,1.1368683772161605e-13,0,1.0,1.0
2025-06-14,greedy,error_scaled_frozen_contract_and_soc,30716.77612221756,30716.77612221756,0.0,49273.915704714185,36166.74083090466,13107.174873809525,4697.58678314115,0.0,0,0,10265.269316784244,9386.37655996461,18046.984620870197,14618.05754290486,10800.0,10800.0,2699.2782879629654,10800.0,0.0004090000002179,1.1368683772161605e-13,0,1.0,1.0
2025-06-14,mpc,error_scaled_frozen_contract_and_soc,31688.196604588997,30716.77612221756,971.4204823714292,49273.915704714185,36166.74083090466,13107.174873809525,4697.58678314115,210.0075452380955,14,10,8912.822536406224,10844.9416917747,18703.879955152406,15171.063683381046,10800.0,10776.754533658228,2136.899341285666,10800.0,1.226708799993503,1.515824497307994e-13,0,1.0,1.0
2025-06-15,greedy,error_scaled_frozen_contract_and_soc,57499.932099373575,57499.932099373575,0.0,89420.75884556302,76348.86864318207,13071.890202380951,4701.117371921585,0.0,0,0,15368.95228959595,146.44399999999996,17254.674855967074,13976.286633333331,10800.0,10800.0,2398.679063492066,10800.0,0.0004419000033522,1.1368683772161605e-13,0,1.0,1.0
2025-06-15,mpc,error_scaled_frozen_contract_and_soc,61483.35411944619,57499.932099373575,3983.422020072616,89420.75884556302,76348.86864318207,13071.890202380951,4701.117371921585,738.5835952380946,14,4,15750.834639519504,410.2027761904762,17743.84881556733,14372.51812380952,10800.0,10799.999352000015,1497.5873854872043,10800.0,1.0861201000079743,2.273736754432321e-13,0,1.0,1.0
2025-06-16,greedy,error_scaled_frozen_contract_and_soc,58046.412982941794,58046.412982941794,0.0,90210.67711410989,77183.9844283956,13026.692685714286,4713.491057911546,0.0,0,0,13907.745545359456,107.11114570517653,18430.35582304526,14928.588216666663,10800.0,10800.0,2307.632656084657,10800.0,0.000288700000965,1.1368683772161605e-13,0,1.0,1.0
2025-06-16,mpc,error_scaled_frozen_contract_and_soc,62701.3260579144,58046.412982941794,4654.913074972619,90210.67711410989,77183.9844283956,13026.692685714286,4713.491057911546,956.5196166666668,27,9,14279.551603986434,812.1257166666662,17797.194643456794,14415.728049999998,10800.0,10799.999568000008,1390.9865098591545,10800.0,1.1892223000031663,4.547473508864641e-13,0,1.0,1.0
2025-06-17,greedy,error_scaled_frozen_contract_and_soc,57543.9447063351,57508.93384966843,35.010856666667785,89736.92145604783,76745.30604414307,12991.615411904762,4710.259314540751,5.193333333333499,1,1,11466.36895185186,82.02935000000014,18719.501425592935,15162.796154730286,10800.0,10800.0,2010.8108597883609,10800.0,0.0005899000097997,1.2789769243681806e-13,0,1.0,1.0
2025-06-17,mpc,error_scaled_frozen_contract_and_soc,65507.075608814186,57508.93384966843,7998.141759145749,89736.92145604783,76745.30604414307,12991.615411904762,4710.259314540751,1623.998384209032,27,9,13176.247857697752,228.85552142857105,17507.81722450895,14189.011980045065,10800.0,10791.466635341323,1200.0,10800.0,0.9999062999995658,2.273736754432321e-13,0,1.0,1.0
2025-06-18,greedy,error_scaled_frozen_contract_and_soc,58734.11983442512,58734.11983442512,0.0,91259.9283181543,78046.76098720194,13213.167330952385,4588.671856838133,0.0,0,0,17178.424642786886,88.67290000000025,16128.630922986478,13064.19104761905,10800.0,10800.0,2196.5034312169346,10800.0,0.0003520000027492,1.1368683772161605e-13,0,1.0,1.0
2025-06-18,mpc,error_scaled_frozen_contract_and_soc,60274.88282666917,58734.11983442512,1540.7629922440492,91259.9283181543,78046.76098720194,13213.167330952385,4588.671856838133,277.411716666667,9,3,16808.483686860658,430.8661547619039,17734.735679991638,14365.13638679322,10800.0,10799.999460000012,1362.5648538563642,10800.0,1.1826803000003565,2.273736754432321e-13,0,1.0,1.0
2025-06-19,greedy,error_scaled_frozen_contract_and_soc,58077.92906518227,58077.524575182266,0.4044899999996321,90227.82080805782,77027.75965567687,13200.061152380951,4595.191839188927,0.0599999999999454,1,1,17026.164884947015,1556.9697499999995,17817.063016372722,14431.821043261903,10800.0,10800.0,1978.0173888888892,10800.0,0.0003868000057991,2.273736754432321e-13,0,1.0,1.0
2025-06-19,mpc,error_scaled_frozen_contract_and_soc,61836.9565024263,58077.524575182266,3759.431927244047,90227.82080805782,77027.75965567687,13200.061152380951,4595.191839188927,746.5854809523807,20,8,17997.53495113404,1280.9258895154933,18090.45044400353,14654.009195642857,10800.0,10799.172960000013,1457.7596621054695,10800.0,1.0028862000035588,2.273736754432321e-13,0,1.0,1.0
2025-06-20,greedy,error_scaled_frozen_contract_and_soc,29980.431223137133,29980.431223137133,0.0,47876.34237375091,34798.67635708424,13077.666016666668,4677.129226303054,0.0,0,0,10656.329377219285,11415.11687494233,17917.448797838384,14513.133526249094,10800.0,10800.0,2823.3015803052385,10800.0,0.0002777000045171,1.1368683772161605e-13,0,1.0,1.0
2025-06-20,mpc,error_scaled_frozen_contract_and_soc,30681.90183305856,29980.431223137133,701.4706099214278,47876.34237375091,34798.67635708424,13077.666016666668,4677.129226303054,168.57529047619036,14,8,10257.847261591627,11827.668528047923,18730.639529408065,15171.818504820523,10800.0,10799.999460000012,2247.175085806971,10800.0,1.091001500011771,1.2631870867368814e-13,0,1.0,1.0
2025-06-21,greedy,error_scaled_frozen_contract_and_soc,30156.488819077487,30156.488819077487,0.0,48504.03960433393,35444.70299004821,13059.336614285716,4692.0582818054345,0.0,0,0,11775.00706055262,13864.53227795488,18577.683504349647,15047.923638523216,10800.0,10800.0,2258.250520159388,10800.0,0.0008334000012837,1.1368683772161605e-13,0,1.0,1.0
2025-06-21,mpc,error_scaled_frozen_contract_and_soc,31788.159785870343,30156.488819077487,1631.6709667928571,48504.03960433393,35444.70299004821,13059.336614285716,4692.0582818054345,433.7237190476191,19,9,11983.600641613111,14062.608493884294,18755.797971645447,15198.984183761311,10800.0,10792.457970301672,2279.7752981375675,10800.0,1.0632025999948382,1.1368683772161605e-13,0,1.0,1.0
2025-06-22,greedy,error_scaled_frozen_contract_and_soc,56046.67339726391,56046.67339726391,0.0,87436.28180587375,74405.19622015946,13031.085585714289,4712.525094448132,0.0,0,0,16056.95229202896,773.7668500000001,16569.587178130503,13421.365614285714,10800.0,10800.0,1959.771949735451,10800.0,0.0003971999976783,1.1368683772161605e-13,0,1.0,1.0
2025-06-22,mpc,error_scaled_frozen_contract_and_soc,59850.52413055796,56046.67339726391,3803.8507332940503,87436.28180587375,74405.19622015946,13031.085585714289,4712.525094448132,745.6403547619055,18,7,15840.938533710309,1556.6521642857133,17510.47815073487,14183.487788095235,10800.0,10799.999460000012,1359.9861736597345,10800.0,0.97759579999547,1.1368683772161605e-13,0,1.0,1.0
2025-06-23,greedy,error_scaled_frozen_contract_and_soc,55965.499041070594,55965.499041070594,0.0,87301.87642648337,74284.07062410243,13017.805802380954,4720.456729174759,0.0,0,0,15592.842368282329,1364.8030000000008,17278.658201058195,13995.71314285714,10800.0,10800.0,2177.396037037038,10800.0,0.0003520000027492,1.1368683772161605e-13,0,1.0,1.0
2025-06-23,mpc,error_scaled_frozen_contract_and_soc,59137.49875353488,55965.499041070594,3171.9997124642846,87301.87642648337,74284.07062410243,13017.805802380954,4720.456729174759,661.2315928571427,20,9,15417.525983130552,2280.737194236342,17227.19970625934,14023.640864285711,10800.0,10722.656553093726,1238.1319600421782,10800.0,0.9715198000048986,2.273736754432321e-13,0,1.0,1.0
2025-06-24,greedy,error_scaled_frozen_contract_and_soc,56056.37201679924,55433.494663900434,622.8773528988065,86240.78777669225,73242.79265764463,12997.99511904762,4743.433991920752,129.3906738095232,3,1,6153.387284420938,0.0,20778.941663583384,16830.942747502544,10800.0,10800.0,1200.0,10800.0,0.0004341000021668,2.273736754432321e-13,0,1.0,1.0
2025-06-24,mpc,error_scaled_frozen_contract_and_soc,73880.87935137431,55433.494663900434,18447.38468747388,86240.78777669225,73242.79265764463,12997.99511904762,4743.433991920752,3680.4485206711433,42,9,10480.939555872872,0.0,16743.486737369545,13571.982245879022,10800.0,10789.15779043368,1200.0,10800.0,0.9280657000053908,2.273736754432321e-13,0,1.0,1.0
2025-06-25,greedy,error_scaled_frozen_contract_and_soc,55542.51914342656,55542.51914342656,0.0,86549.86595626369,73144.81342293035,13405.052533333332,4681.207494807181,0.0,0,0,12508.733672413611,218.4310833333332,17817.26228342151,14431.982449571433,10800.0,10800.0,2126.3241084656106,10800.0,0.0005515000084415,1.7053025658242404e-13,0,1.0,1.0
2025-06-25,mpc,error_scaled_frozen_contract_and_soc,60014.27702851703,55542.51914342656,4471.757885090472,86549.86595626369,73144.81342293035,13405.052533333332,4681.207494807181,875.9105166666661,27,10,13474.338353965606,271.6501428571431,17065.0904875838,13822.72387814286,10800.0,10799.999352000015,1410.8680184553166,10800.0,1.0577188999886855,1.1368683772161605e-13,0,1.0,1.0
2025-06-26,greedy,error_scaled_frozen_contract_and_soc,55833.16487773666,55833.16487773666,0.0,86797.79607669837,73662.08831717455,13135.70775952381,4794.534746971467,0.0,0,0,15347.522194217485,461.8820166666667,18110.5685920047,14669.56055952381,10800.0,10800.0,2037.8865423280413,10800.0,0.0002616999991005,1.1368683772161605e-13,0,1.0,1.0
2025-06-26,mpc,error_scaled_frozen_contract_and_soc,60310.82293310453,55833.16487773666,4477.658055367862,86797.79607669837,73662.08831717455,13135.70775952381,4794.534746971467,895.6326690476202,21,6,15520.166431210097,1340.417366666666,17445.132574059706,14159.671459523808,10800.0,10767.651028293947,1498.0691224405389,10800.0,1.0069205000036163,4.547473508864641e-13,0,1.0,1.0
2025-06-27,greedy,error_scaled_frozen_contract_and_soc,28841.141203624087,28841.141203624087,0.0,46623.29965486439,33487.73828343582,13135.561371428572,4788.186215131586,0.0,0,0,10412.77237123176,12825.898566666669,19015.69921210157,15402.716361802277,10800.0,10800.0,2187.431785378423,10800.0,0.0002611999952932,1.1368683772161605e-13,0,1.0,1.0
2025-06-27,mpc,error_scaled_frozen_contract_and_soc,31193.02782506337,28841.141203624087,2351.886621439286,46623.29965486439,33487.73828343582,13135.561371428572,4788.186215131586,496.2792309523813,26,11,10242.373105952738,13529.454749754586,18847.112027626008,15271.00686418323,10800.0,10794.615420215376,2211.8326180503814,10800.0,0.9482359999965412,1.1368683772161605e-13,0,1.0,1.0
2025-06-28,greedy,error_scaled_frozen_contract_and_soc,28719.466009170534,28719.466009170534,0.0,46856.6681014682,33826.85687765867,13029.811223809524,4791.671331029602,0.0,0,0,9678.307330188123,11880.51526583375,18531.154677787647,15010.235289007993,10800.0,10800.0,2554.869472821802,10800.0,0.0007824000058462,1.1368683772161605e-13,0,1.0,1.0
2025-06-28,mpc,error_scaled_frozen_contract_and_soc,30817.663489603867,28719.466009170534,2098.197480433334,46856.6681014682,33826.85687765867,13029.811223809524,4791.671331029602,447.3016214285717,15,9,8746.238224200395,13185.109507341742,18924.71819941024,15329.02232472228,10800.0,10799.999352000015,1553.9831193716436,10800.0,0.9748988999926952,1.1368683772161605e-13,0,1.0,1.0
2025-06-29,greedy,error_scaled_frozen_contract_and_soc,55066.14926351918,55066.14926351918,0.0,86184.2712734869,73188.07310205832,12996.198171428572,4759.210906809721,0.0,0,0,13393.43549885433,57.48040000000015,18239.930743680183,14774.343902380951,10800.0,10800.0,2179.803613756615,10800.0,0.0004202999989502,2.273736754432321e-13,0,1.0,1.0
2025-06-29,mpc,error_scaled_frozen_contract_and_soc,59684.573787581096,55066.14926351918,4618.424524061913,86184.2712734869,73188.07310205832,12996.198171428572,4759.210906809721,985.7017738095252,30,11,13422.122200923675,1118.4851833333337,17692.619541610835,14331.02241190476,10800.0,10799.999352000015,1387.862053558675,10800.0,1.142725799989421,2.273736754432321e-13,0,1.0,1.0
2025-06-30,greedy,error_scaled_frozen_contract_and_soc,55648.19809678749,55648.19809678749,0.0,86693.87633978148,73666.86139454338,13027.014945238096,4763.395536869324,0.0,0,0,13180.86304961129,154.7350666666664,18318.917053527337,14838.32281335714,10800.0,10800.0,2133.416486772487,10800.0,0.0003431000077398,1.5276668818842157e-13,0,1.0,1.0
2025-06-30,mpc,error_scaled_frozen_contract_and_soc,60089.281309622005,55648.19809678749,4441.083212834523,86693.87633978148,73666.86139454338,13027.014945238096,4763.395536869324,1001.3511595238094,24,10,13517.956611210346,968.08575,17781.588387166375,14450.08723240476,10800.0,10747.777068000005,1239.2450480307923,10800.0,1.0065507999970578,1.1368683772161605e-13,0,1.0,1.0
2025-07-01,greedy,error_scaled_frozen_contract_and_soc,60825.989568942176,56127.208129442224,4698.781439499951,87549.69229103794,74481.1053529427,13068.58693809524,4769.063415307936,756.914322547619,12,5,5630.267112941524,185.42713333333316,20829.63290514403,17205.264571166663,10800.0,10429.70898,1200.0,10800.0,0.0005313000001478,2.273736754432321e-13,0,1.0,1.0
2025-07-01,mpc,error_scaled_frozen_contract_and_soc,75613.1381159614,56127.208129442224,19485.92998651918,87549.69229103794,74481.1053529427,13068.58693809524,4769.063415307936,4479.67209738407,68,13,10088.844640627018,323.0920506075968,16486.15512923189,13735.271465377831,10800.0,10376.126877,1200.0,10800.0,0.981625400003395,2.273736754432321e-13,0,1.0,1.0
2025-07-02,greedy,error_scaled_frozen_contract_and_soc,58796.3413126458,53801.92878173876,4994.412530907035,84529.75973265764,72386.3801398005,12143.379592857144,4852.315540049167,779.1091677619028,15,2,7292.622577072315,1254.4625166666672,20538.135939546904,16681.118499532997,10429.70898,10379.455215,1200.0,10800.0,0.0003699000080814,2.273736754432321e-13,0,1.0,1.0
2025-07-02,mpc,error_scaled_frozen_contract_and_soc,72854.29334561527,53801.92878173876,19052.3645638765,84529.75973265764,72386.3801398005,12143.379592857144,4852.315540049167,4484.429303050747,62,7,10696.498232221811,2140.979767223552,17568.809750507186,14296.86508091082,10429.70898,10356.23211,1200.0,10758.602582142858,0.9560485999973024,2.273736754432321e-13,0,1.0,1.0
2025-07-03,greedy,error_scaled_frozen_contract_and_soc,65276.64881556967,52555.538027529874,12721.110788039794,82519.71954590306,70947.12233161734,11572.597214285714,4811.755584762897,2153.059905407524,21,5,684.2341535307553,0.0,21924.172907613167,17696.04654316667,10379.455215,10448.936895,1200.0,10800.0,0.0004038999904878,2.273736754432321e-13,0,1.0,1.0
2025-07-03,mpc,error_scaled_frozen_contract_and_soc,85319.25319422095,52555.538027529874,32763.71516669107,82519.71954590306,70947.12233161734,11572.597214285714,4811.755584762897,6944.570485142917,88,7,6117.586923115784,383.8945904761905,16525.559264218617,13323.169680097944,10379.455215,10448.936686021265,1200.0,10739.395487142858,1.0618575000116834,2.273736754432321e-13,0,1.0,1.0
2025-07-04,greedy,error_scaled_frozen_contract_and_soc,42949.18478764271,26846.981864763096,16102.202922879604,44482.83346062778,32948.210174913496,11534.623285714286,4994.552136729166,3443.9378077531665,20,3,3447.1809933568493,11784.946376190475,20931.56476140505,17117.788329238098,10448.936895,10267.58037,1200.0,10800.0,0.0004625000001396,1.1368683772161605e-13,0,1.0,1.0
2025-07-04,mpc,error_scaled_frozen_contract_and_soc,55722.91356630276,26846.981864763096,28875.93170153966,44482.83346062778,32948.210174913496,11534.623285714286,4994.552136729166,6598.9843400626905,69,7,3628.76514857143,15498.583033333332,17036.34394904762,13962.741796928574,10448.936895,10267.488897,1200.0,10457.702895,0.9864474999922096,1.1368683772161605e-13,0,1.0,1.0
2025-07-05,greedy,error_scaled_frozen_contract_and_soc,44806.11298389644,26869.576215331483,17936.53676856496,45001.09055876802,33422.33338733945,11578.757171428571,4975.596823782063,3405.893810374824,20,3,3226.5453547619045,12216.950742857143,21066.36680714285,16892.95850228572,10267.58037,10457.356605,1200.0,10800.0,0.0007111000013537,1.1368683772161605e-13,0,1.0,1.0
2025-07-05,mpc,error_scaled_frozen_contract_and_soc,54870.3161812137,26869.576215331483,28000.73996588221,45001.09055876802,33422.33338733945,11578.757171428571,4975.596823782063,6326.21708956029,74,6,3731.0975518605264,15407.821394485209,17380.233244130453,13981.924508814538,10267.58037,10374.318613256812,1200.0,10374.318613256812,1.1255819000070917,1.1368683772161605e-13,0,1.0,1.0
2025-07-06,greedy,error_scaled_frozen_contract_and_soc,80996.59038175274,50568.24221845308,30428.348163299648,79377.80984098585,67722.2363386049,11655.573502380952,4912.504035782937,4513.91933714019,16,1,610.7421615487314,0.0,19500.197866196355,16013.192399619043,10457.356605,10215.098685,1200.0,10473.06606648148,0.0002955000090878,2.273736754432321e-13,0,1.0,1.0
2025-07-06,mpc,error_scaled_frozen_contract_and_soc,97219.9106742468,50568.24221845308,46651.668455793726,79377.80984098585,67722.2363386049,11655.573502380952,4912.504035782937,9016.85373917619,96,12,4847.112148599019,1360.4825763392528,14041.580943283006,11648.493638059235,10457.356605,10152.008745,1200.0,10749.117394285717,0.8874733999982709,2.273736754432321e-13,0,1.0,1.0
2025-07-07,greedy,error_scaled_frozen_contract_and_soc,56291.04922634298,50111.81627454565,6179.232951797334,78786.10910134703,66887.79363944227,11898.31546190476,4746.059161942659,982.917782452381,13,3,2171.8296606407957,146.61675000000014,20239.71398416815,16198.616277676198,10215.098685,10432.378740000002,1200.0,10800.0,0.0005722999921999,1.1368683772161605e-13,0,1.0,1.0
2025-07-07,mpc,error_scaled_frozen_contract_and_soc,72362.26501377285,50111.81627454565,22250.4487392272,78786.10910134703,66887.79363944227,11898.31546190476,4746.059161942659,4672.375772971868,67,9,4991.554265262516,1798.968366666666,16188.233346213096,12929.753870490043,10215.098685,10418.115507158403,1200.0,10741.52634124486,1.056787900000927,1.1368683772161605e-13,0,1.0,1.0
2025-07-08,greedy,error_scaled_frozen_contract_and_soc,59523.02335414243,59514.47324569005,8.55010845238176,92796.17993279328,80875.24648041232,11920.93345238095,4438.170494052896,1.2698809523810723,1,1,11391.653161357654,1768.6296333333348,19657.478254673715,15591.698252285716,10432.378740000002,10800.0,2241.375357142858,10800.0,0.0004146999999647,1.1368683772161605e-13,0,1.0,1.0
2025-07-08,mpc,error_scaled_frozen_contract_and_soc,65808.58625912578,59514.47324569005,6294.113013435712,92796.17993279328,80875.24648041232,11920.93345238095,4438.170494052896,1295.7750976190473,32,8,13039.2210156195,1673.1252237922204,18301.911702810125,14493.689928476191,10432.378740000002,10799.999352000015,1410.5912253989527,10799.999352000015,1.0486534999945434,2.273736754432321e-13,0,1.0,1.0
2025-07-09,greedy,error_scaled_frozen_contract_and_soc,59021.26249852718,59021.26249852718,0.0,91613.3139376012,79644.02950902976,11969.284428571427,4434.904506940675,0.0,0,0,13108.212516607877,1026.1783810405668,18001.042227821486,14580.844204535402,10800.0,10800.0,2567.460156084657,10800.0,0.0002662999904714,2.273736754432321e-13,0,1.0,1.0
2025-07-09,mpc,error_scaled_frozen_contract_and_soc,63445.961932718856,59021.26249852718,4424.699434191665,91613.3139376012,79644.02950902976,11969.284428571427,4434.904506940675,881.235633333333,22,6,12924.230894779528,2141.2789690476197,17738.50144021421,14368.186749773497,10800.0,10799.999352000015,1730.9725395619323,10800.0,1.0132678000081796,2.273736754432321e-13,0,1.0,1.0
2025-07-10,greedy,error_scaled_frozen_contract_and_soc,59729.37125797008,59729.37125797008,0.0,92294.13744148676,80363.64414862961,11930.493292857142,4458.875050226587,0.0,0,0,14389.833695249252,1672.0216648148148,17782.414200470314,14403.755502380953,10800.0,10800.0,2223.35721957672,10800.0,0.0008510000043315,1.1368683772161605e-13,0,1.0,1.0
2025-07-10,mpc,error_scaled_frozen_contract_and_soc,62595.66756324627,59729.37125797008,2866.296305276192,92294.13744148676,80363.64414862961,11930.493292857142,4458.875050226587,514.1819547619052,19,10,13928.86696719002,2560.3196744848447,18239.52607600237,14774.016704761903,10800.0,10799.999352000015,1663.713788086964,10800.0,1.03864510000858,2.273736754432321e-13,0,1.0,1.0
2025-07-11,greedy,error_scaled_frozen_contract_and_soc,34311.766328988844,34311.766328988844,0.0,55126.64299067941,43248.65833591751,11877.984654761904,4479.774366942857,0.0,0,0,9279.885132304527,9846.133992725909,18325.509029731467,14843.662314082494,10800.0,10800.0,2790.900716931218,10800.0,0.0007333999965339,1.1368683772161605e-13,0,1.0,1.0
2025-07-11,mpc,error_scaled_frozen_contract_and_soc,37116.8099779817,34311.766328988844,2805.0436489928543,55126.64299067941,43248.65833591751,11877.984654761904,4479.774366942857,721.6497452380949,22,6,8930.944672531537,10967.248111505343,18059.596763582165,14628.27396170154,10800.0,10799.999352000015,1658.238372992687,10800.0,1.0868445000087377,1.1368683772161605e-13,0,1.0,1.0
2025-07-12,greedy,error_scaled_frozen_contract_and_soc,34180.40410921958,34180.40410921958,0.0,55144.83860375941,43185.61027994989,11959.22832380952,4454.7564859225,0.0,0,0,8528.298570135215,12155.283708580107,17773.75258795134,14396.739596240586,10800.0,10800.0,2660.6730476190496,10800.0,0.0005452000041259,1.1368683772161605e-13,0,1.0,1.0
2025-07-12,mpc,error_scaled_frozen_contract_and_soc,36193.02967319814,34180.40410921958,2012.6255639785704,55144.83860375941,43185.61027994989,11959.22832380952,4454.7564859225,414.2594904761904,15,7,8472.430445584323,12598.991612672433,17912.806256028955,14509.373553383442,10800.0,10799.999460000012,1975.1168761124425,10800.0,1.0264103000081377,1.1368683772161605e-13,0,1.0,1.0
2025-07-13,greedy,error_scaled_frozen_contract_and_soc,59504.5537176838,59493.19795864214,11.3557590416681,92349.52734328894,80262.58119328895,12086.946149999998,4387.450220445437,1.68921666666688,1,1,15497.092216917328,4391.521499161443,16815.170757246553,13620.288313369709,10800.0,10800.0,2497.412526455026,10800.0,0.0003841999860014,1.4210854715202006e-13,0,1.0,1.0
2025-07-13,mpc,error_scaled_frozen_contract_and_soc,61294.35612123023,59493.19795864214,1801.1581625880954,92349.52734328894,80262.58119328895,12086.946149999998,4387.450220445437,306.4778642857143,8,5,16509.265174803786,3405.5795645671465,18281.266586335343,14807.82651813161,10800.0,10799.999352000015,1841.42437861079,10800.0,1.0214345999993384,1.1368683772161605e-13,0,1.0,1.0
2025-07-14,greedy,error_scaled_frozen_contract_and_soc,58399.73643317652,58399.73643317652,0.0,91050.01088425552,79148.09987711266,11901.911007142857,4344.417517699326,0.0,0,0,14140.607723104058,1949.3658969429755,16591.358144956983,13439.00009741516,10800.0,10800.0,2304.8601269841283,10800.0,0.0002858999941963,2.273736754432321e-13,0,1.0,1.0
2025-07-14,mpc,error_scaled_frozen_contract_and_soc,60090.62589702057,58399.73643317652,1690.8894638440445,91050.01088425552,79148.09987711266,11901.911007142857,4344.417517699326,274.80025952380913,11,6,14103.575427930597,1966.0759452380948,18144.638587073423,14697.158033129446,10800.0,10799.99913600003,1552.6896320860224,10800.0,1.043832499999553,2.273736754432321e-13,0,1.0,1.0
2025-07-15,greedy,error_scaled_frozen_contract_and_soc,58535.00196652431,58535.00196652431,0.0,90700.84935012928,78794.440714415,11906.408635714282,4292.775918274605,0.0,0,0,14388.150087242797,472.0048500000007,16271.809629227164,13180.165799674009,10800.0,10800.0,2654.981023809525,10800.0,0.0003371000057086,1.1368683772161605e-13,0,1.0,1.0
2025-07-15,mpc,error_scaled_frozen_contract_and_soc,59764.72468068026,58535.00196652431,1229.722714155953,90700.84935012928,78794.440714415,11906.408635714282,4292.775918274605,232.82017857142887,9,3,11766.92636779893,2966.181840150198,18165.848544306547,14714.337806888292,10800.0,10799.999460000012,1200.0,10800.0,0.9287744000030216,2.273736754432321e-13,0,1.0,1.0
2025-07-16,greedy,error_scaled_frozen_contract_and_soc,57807.83405364512,57807.83405364512,0.0,89721.82633301965,77767.49013540059,11954.336197619046,4373.80398421881,0.0,0,0,12950.818757965892,1405.8918666666664,17002.906973967074,13772.35464891333,10800.0,10800.0,2373.6953835978834,10800.0,0.0004189000028418,2.273736754432321e-13,0,1.0,1.0
2025-07-16,mpc,error_scaled_frozen_contract_and_soc,61123.91392487845,57807.83405364512,3316.079871233331,89721.82633301965,77767.49013540059,11954.336197619046,4373.80398421881,677.7193785714283,14,8,11967.180678365648,2973.388130952378,17496.915815472086,14172.502296532375,10800.0,10799.999460000012,1200.0,10800.0,1.0824519000016153,2.273736754432321e-13,0,1.0,1.0
2025-07-17,greedy,error_scaled_frozen_contract_and_soc,57657.92345552144,57657.92345552144,0.0,89222.0675821017,77355.34345114933,11866.72413095238,4445.885476039088,0.0,0,0,11576.444716960612,1523.1019333333336,17905.815079689994,14503.710214548895,10800.0,10800.0,2634.9992433862444,10800.0,0.0007900000055087,1.1368683772161605e-13,0,1.0,1.0
2025-07-17,mpc,error_scaled_frozen_contract_and_soc,63942.3031342143,57657.92345552144,6284.379678692856,89222.0675821017,77355.34345114933,11866.72413095238,4445.885476039088,1234.1225809523808,29,13,11797.568515449717,2666.984832726224,17305.349731808004,14034.128983596518,10800.0,10781.338110186627,1330.659357167052,10800.0,1.0379964999883668,2.273736754432321e-13,0,1.0,1.0
2025-07-18,greedy,error_scaled_frozen_contract_and_soc,33605.18820445317,33605.18820445317,0.0,54489.36480390252,42592.98716104538,11896.377642857142,4309.550831768969,0.0,0,0,8970.89432701352,10986.90956895667,17143.751620696476,13886.43881276414,10800.0,10800.0,2882.5285476190484,10800.0,0.0005705999938072,1.1368683772161605e-13,0,1.0,1.0
2025-07-18,mpc,error_scaled_frozen_contract_and_soc,35257.94591442936,33605.18820445317,1652.75770997619,54489.36480390252,42592.98716104538,11896.377642857142,4309.550831768969,301.11286428571424,15,10,8227.632730196761,11920.481938824836,17859.099457168875,14490.984558002236,10800.0,10772.09555811617,1359.3464356571778,10800.0,1.128875800000969,1.1368683772161605e-13,0,1.0,1.0
2025-07-19,greedy,error_scaled_frozen_contract_and_soc,33872.7797764174,33872.7797764174,0.0,54738.65519584145,42560.96700774621,12177.688188095235,4292.476615862937,0.0,0,0,8985.334979306288,15243.184042955349,17512.19538726217,14184.878263682356,10800.0,10800.0,2677.9278994709,10800.0,0.0005277000018395,1.1368683772161605e-13,0,1.0,1.0
2025-07-19,mpc,error_scaled_frozen_contract_and_soc,35531.29064898884,33872.7797764174,1658.510872571429,54738.65519584145,42560.96700774621,12177.688188095235,4292.476615862937,440.4569595238095,16,11,8939.49673461492,15669.41805022754,17828.309508014674,14440.93118749188,10800.0,10799.999460000012,1945.8339161835136,10800.0,1.0737181000004057,1.1368683772161605e-13,0,1.0,1.0
2025-07-20,greedy,error_scaled_frozen_contract_and_soc,57494.43903554366,57494.43903554366,0.0,88535.96628321864,76358.03560940911,12177.930673809522,4299.661203891429,0.0,0,0,11883.017132892412,1344.7138166666673,16938.195352594204,13719.938235601305,10800.0,10800.0,2617.439002645503,10800.0,0.000437900001998,1.1368683772161605e-13,0,1.0,1.0
2025-07-20,mpc,error_scaled_frozen_contract_and_soc,60157.9075381496,57494.43903554366,2663.468502605948,88535.96628321864,76358.03560940911,12177.930673809522,4299.661203891429,594.968688095237,16,5,12411.074254409152,1433.3010642857148,16824.11537869651,13627.53394274416,10800.0,10799.999460000012,1516.697162581254,10800.0,1.1517843000037828,2.273736754432321e-13,0,1.0,1.0
2025-07-21,greedy,error_scaled_frozen_contract_and_soc,58657.380632682616,58657.380632682616,0.0,90477.394764848,78134.57489580038,12342.819869047617,4246.4479516935335,0.0,0,0,12296.93602295708,937.9015264550276,17120.0413970311,13867.233531595191,10800.0,10800.0,2714.783264550265,10800.0,0.0005365999968489,1.1368683772161605e-13,0,1.0,1.0
2025-07-21,mpc,error_scaled_frozen_contract_and_soc,62387.41410954215,58657.380632682616,3730.0334768595326,90477.394764848,78134.57489580038,12342.819869047617,4246.4479516935335,747.2867880952396,19,7,11879.561620974666,2151.8407865620484,16860.686203192206,13657.15640778567,10800.0,10799.999352000015,1329.5928296934972,10800.0,1.0551604000065709,2.273736754432321e-13,0,1.0,1.0
2025-07-22,greedy,error_scaled_frozen_contract_and_soc,58029.83055840958,58029.83055840958,0.0,89808.30848165134,77343.88005784183,12464.42842380952,4202.715991152303,0.0,0,0,12041.005010523222,723.8506999999997,17096.35870769188,13848.05055323043,10800.0,10800.0,2348.778235449737,10800.0,0.0005288000102154,1.1368683772161605e-13,0,1.0,1.0
2025-07-22,mpc,error_scaled_frozen_contract_and_soc,62089.371334104806,58029.83055840958,4059.540775695237,89808.30848165134,77343.88005784183,12464.42842380952,4202.715991152303,810.4221166666664,26,10,11938.043038978409,1697.220461308694,17005.51049411848,13817.18801275424,10800.0,10752.528319424144,1200.0,10800.0,1.174237400002312,1.1368683772161605e-13,0,1.0,1.0
2025-07-23,greedy,error_scaled_frozen_contract_and_soc,58642.66972044678,58642.66972044678,0.0,90867.62583455862,78355.13153455863,12512.494299999997,4207.61200108766,0.0,0,0,11593.317851587297,1559.2720889182829,18413.09882834937,14914.61005096299,10800.0,10800.0,2462.586949735448,10800.0,0.0006590999983018,1.1368683772161605e-13,0,1.0,1.0
2025-07-23,mpc,error_scaled_frozen_contract_and_soc,65624.36961838725,58642.66972044678,6981.699897940482,90867.62583455862,78355.13153455863,12512.494299999997,4207.61200108766,1362.7016880952392,25,5,12918.358094505926,1819.3560998326784,17242.45681499254,13966.390603343942,10800.0,10799.999352000015,1503.7047384334446,10800.0,1.0243653999932576,2.273736754432321e-13,0,1.0,1.0
2025-07-24,greedy,error_scaled_frozen_contract_and_soc,58525.94521774065,58525.94521774065,0.0,90616.45040767934,78073.24547434601,12543.204933333329,4211.436809933018,0.0,0,0,12908.307259141682,982.7718333333336,16362.627974759656,13253.72865955532,10800.0,10800.0,2571.264232804234,10800.0,0.0003392999933566,2.273736754432321e-13,0,1.0,1.0
2025-07-24,mpc,error_scaled_frozen_contract_and_soc,62309.97443973325,58525.94521774065,3784.029221992608,90616.45040767934,78073.24547434601,12543.204933333329,4211.436809933018,711.0835664158724,17,10,11942.36352696566,2491.1519595238105,17263.172271221392,13985.62578361564,10800.0,10797.270840081874,1200.0,10800.0,1.0391098000109196,2.273736754432321e-13,0,1.0,1.0
2025-07-25,greedy,error_scaled_frozen_contract_and_soc,33386.067688411,33386.067688411,0.0,54084.03373912489,41829.664005791565,12254.369733333331,4071.596640023135,0.0,0,0,9845.37578674309,14393.380610265893,17578.725133943397,14238.767358494151,10800.0,10800.0,2805.8945237830667,10800.0,0.0004901999927824,1.1368683772161605e-13,0,1.0,1.0
2025-07-25,mpc,error_scaled_frozen_contract_and_soc,34952.64243152648,33386.067688411,1566.5747431154796,54084.03373912489,41829.664005791565,12254.369733333331,4071.596640023135,434.1047619047623,20,10,9986.753823039066,14654.725592870544,17743.894760280866,14372.555241827486,10800.0,10799.999460000012,2394.8508757724803,10800.0,0.9883207000093536,1.1368683772161605e-13,0,1.0,1.0
2025-07-26,greedy,error_scaled_frozen_contract_and_soc,33955.95726233352,33955.95726233352,0.0,54784.324456613205,42658.5197018513,12125.804754761904,4056.195429319841,0.0,0,0,9988.101862169317,12970.7247566132,17665.296164021165,14308.88989285714,10800.0,10800.0,2740.700584656084,10800.0,0.0004451999993762,1.1368683772161605e-13,0,1.0,1.0
2025-07-26,mpc,error_scaled_frozen_contract_and_soc,36029.98767746209,33955.95726233352,2074.030415128573,54784.324456613205,42658.5197018513,12125.804754761904,4056.195429319841,505.9321738095241,14,8,9668.313870130252,13771.934661262489,17794.30009664904,14413.383564285712,10800.0,10799.999460000012,2221.9377254616484,10800.0,1.008652099990286,1.5631940186722204e-13,0,1.0,1.0
2025-07-27,greedy,error_scaled_frozen_contract_and_soc,57615.687661676224,57615.687661676224,0.0,89385.28194028982,77247.34664505172,12137.935295238094,4086.898890654445,0.0,0,0,11317.455774064074,654.0590333333332,19624.09122574956,15895.513892857143,10800.0,10800.0,2026.7269497354512,10800.0,0.0003412999940337,1.1368683772161605e-13,0,1.0,1.0
2025-07-27,mpc,error_scaled_frozen_contract_and_soc,67861.30593751076,57615.687661676224,10245.618275834522,89385.28194028982,77247.34664505172,12137.935295238094,4086.898890654445,2096.50685,30,8,12406.026765447265,2123.6321928571447,17305.774843890173,14038.834811904762,10800.0,10776.492012940307,1638.1648088684497,10800.0,0.9277149999979885,2.273736754432321e-13,0,1.0,1.0
2025-07-28,greedy,error_scaled_frozen_contract_and_soc,57691.70262311742,57691.70262311742,0.0,89552.84762162433,77327.49473591003,12225.352885714285,4134.478453481944,0.0,0,0,7991.081202469149,0.0,18983.62729379925,15376.7381079774,10800.0,10800.0,2508.747332406064,10800.0,0.0005933000065851,2.273736754432321e-13,0,1.0,1.0
2025-07-28,mpc,error_scaled_frozen_contract_and_soc,65946.96042429985,57691.70262311742,8255.257801182433,89552.84762162433,77327.49473591003,12225.352885714285,4134.478453481944,1612.6600463088566,28,9,9382.319088514578,546.6889333333334,17402.35594346811,14120.733530716165,10800.0,10772.416426103337,1200.0,10800.0,1.0713428000017302,2.273736754432321e-13,0,1.0,1.0
2025-07-29,greedy,error_scaled_frozen_contract_and_soc,58869.750635514974,58869.750635514974,0.0,91543.8868544694,79073.0698044694,12470.81705,4099.266264956825,0.0,0,0,11657.439098061412,397.3654666666666,17999.138630217512,14579.30229047619,10800.0,10800.0,2393.4395740740765,10800.0,0.0003995000006398,1.1368683772161605e-13,0,1.0,1.0
2025-07-29,mpc,error_scaled_frozen_contract_and_soc,63328.66534907569,58869.750635514974,4458.9147135607145,91543.8868544694,79073.0698044694,12470.81705,4099.266264956825,837.1374000000001,23,8,12759.25588026009,180.8272357142849,17745.767219447403,14374.07203095238,10800.0,10799.999352000015,1499.08969808619,10800.0,0.9591434999892954,2.273736754432321e-13,0,1.0,1.0
2025-07-30,greedy,error_scaled_frozen_contract_and_soc,59225.44077745298,59225.44077745298,0.0,92032.768140365,79546.76180703167,12486.006333333333,4123.639435024681,0.0,0,0,12574.410931011176,1880.9368,18285.08610186224,14810.91974250842,10800.0,10800.0,2682.4345740740764,10800.0,0.0004019999905722,1.1368683772161605e-13,0,1.0,1.0
2025-07-30,mpc,error_scaled_frozen_contract_and_soc,63515.090836512514,59225.44077745298,4289.650059059529,92032.768140365,79546.76180703167,12486.006333333333,4123.639435024681,920.5258595238104,21,6,13758.78202767166,1647.851975426497,18123.19226310859,14679.78631631794,10800.0,10799.999352000015,1566.8868270000012,10800.0,1.0055664999963485,2.273736754432321e-13,0,1.0,1.0
2025-07-31,greedy,error_scaled_frozen_contract_and_soc,58712.75764022862,58712.75764022862,0.0,91561.4883066234,79078.65943281387,12482.828873809522,4067.496652938214,0.0,0,0,12543.839459758972,843.0444833333333,18313.726825602334,14834.118728737896,10800.0,10800.0,2263.199947089947,10800.0,0.0003651000006357,2.273736754432321e-13,0,1.0,1.0
2025-07-31,mpc,error_scaled_frozen_contract_and_soc,64099.63095429765,58712.75764022862,5386.8733140690365,91561.4883066234,79078.65943281387,12482.828873809522,4067.496652938214,1000.52770238095,27,8,13037.506123733085,1421.5944190476196,17936.419909247274,14528.50070969028,10800.0,10799.999352000015,1363.9040493416787,10800.0,1.0784682999947108,2.273736754432321e-13,0,1.0,1.0
2025-08-01,greedy,error_scaled_frozen_contract_and_soc,32892.11768292544,32892.11768292544,0.0,53344.86986262881,41654.92411977166,11689.945742857144,4407.55177447242,0.0,0,0,9337.8939101411,19384.530671234854,17742.555866243092,14371.470251656909,10800.0,10800.0,2537.7849700264587,10800.0,0.0004200999974273,1.1368683772161605e-13,0,1.0,1.0
2025-08-01,mpc,error_scaled_frozen_contract_and_soc,34615.706172879014,32892.11768292544,1723.5884899535697,53344.86986262881,41654.92411977166,11689.945742857144,4407.55177447242,482.896119047619,15,9,10367.23453114894,18800.402684966168,18107.409576742037,14698.640477847384,10800.0,10764.845865904072,2167.6331646524072,10800.0,1.028052800000296,1.1368683772161605e-13,0,1.0,1.0
2025-08-02,greedy,error_scaled_frozen_contract_and_soc,32133.543242735395,32133.543242735395,0.0,52306.95465232722,41788.37046899389,10518.584183333332,4861.965758465753,0.0,0,0,8659.19908700764,19297.018609470084,18019.536960611404,14595.82493809524,10800.0,10800.0,2247.411845899472,10800.0,0.0005485000001499,1.1368683772161605e-13,0,1.0,1.0
2025-08-02,mpc,error_scaled_frozen_contract_and_soc,33251.956720725866,32133.543242735395,1118.4134779904757,52306.95465232722,41788.37046899389,10518.584183333332,4861.965758465753,233.6427714285713,13,8,9432.887082375695,18646.71604847549,18623.60642152977,15089.637061958489,10800.0,10794.982377200697,1832.4693777673915,10800.0,1.0146301000058884,1.1368683772161605e-13,0,1.0,1.0
2025-08-03,greedy,error_scaled_frozen_contract_and_soc,55445.87204955134,55182.824243412055,263.0478061392851,86288.46622880522,77004.60736690045,9283.858861904762,4933.815809295157,39.03939523809515,2,1,13881.73439988242,6405.834016666666,16844.51170611004,13644.054481949132,10800.0,10800.0,1495.199436507937,10800.0,0.0008551000064471,1.1368683772161605e-13,0,1.0,1.0
2025-08-03,mpc,error_scaled_frozen_contract_and_soc,57922.614149364425,55182.824243412055,2739.7899059523806,86288.46622880522,77004.60736690045,9283.858861904762,4933.815809295157,461.7987952380951,14,4,13554.9325910586,6915.30798360358,18556.191681330278,15115.647215282464,10800.0,10705.408940661177,1438.743269142853,10800.0,0.994922800004133,2.273736754432321e-13,0,1.0,1.0
2025-08-04,greedy,error_scaled_frozen_contract_and_soc,53779.82042243779,53660.66876577112,119.15165666666624,83773.35558807431,75402.37329997907,8370.982288095238,4811.136720297698,17.6966666666666,1,1,10913.29011769547,4289.982083333333,16695.394580941254,13523.26961056242,10800.0,10800.0,1769.3792962962968,10800.0,0.0003299999953014,1.1368683772161605e-13,0,1.0,1.0
2025-08-04,mpc,error_scaled_frozen_contract_and_soc,55163.58907495207,53660.66876577112,1502.9203091809532,83773.35558807431,75402.37329997907,8370.982288095238,4811.136720297698,317.4453142857144,12,8,10675.497869720277,4605.49759877442,18110.24882061822,14716.098470086228,10800.0,10748.003416238367,1344.1294702167763,10800.0,1.0464812999998685,1.1368683772161605e-13,0,1.0,1.0
2025-08-05,greedy,error_scaled_frozen_contract_and_soc,52366.5499794162,52305.71696248406,60.83301693214246,81315.96637201101,73594.83327915389,7721.133092857141,4404.89901265365,9.030359523809466,1,1,8876.622035038205,4090.981488771312,16868.860391536742,13663.776917144762,10800.0,10800.0,1949.3576825396824,10800.0,0.000443400000222,1.1368683772161605e-13,0,1.0,1.0
2025-08-05,mpc,error_scaled_frozen_contract_and_soc,54502.36053144359,52305.71696248406,2196.643568959524,81315.96637201101,73594.83327915389,7721.133092857141,4404.89901265365,468.1675285714289,21,10,9178.02065393026,4097.281551429772,17865.315686176702,14508.793724287616,10800.0,10757.902201683904,1280.5073928396048,10800.0,1.0612926000030711,2.273736754432321e-13,0,1.0,1.0
2025-08-06,greedy,error_scaled_frozen_contract_and_soc,50965.21145899441,50965.21145899441,0.0,79215.82925329599,72364.93511996265,6850.894133333331,3594.2990238888888,0.0,0,0,5387.267368753675,2277.0461333333337,18090.086760749025,14652.970276206714,10800.0,10800.0,1476.3256347089928,10800.0,0.0003823000006377,2.273736754432321e-13,0,1.0,1.0
2025-08-06,mpc,error_scaled_frozen_contract_and_soc,62442.09775902247,50965.21145899441,11476.886300028047,79215.82925329599,72364.93511996265,6850.894133333331,3594.2990238888888,2211.8749410571395,27,15,6334.493558287041,3925.570664285714,16577.71285454899,13524.472149435289,10800.0,10692.750291943776,1200.0,10800.0,1.0279978000035044,2.273736754432321e-13,0,1.0,1.0
2025-08-07,greedy,error_scaled_frozen_contract_and_soc,50168.05338127,50110.97369709857,57.07968417142922,77269.42425605941,70713.72454653561,6555.699709523808,3082.870094203095,8.448114285714382,1,1,6108.793202469377,4278.980189770478,18432.17751634357,14930.063788238294,10800.0,10800.0,1712.336333333334,10800.0,0.0003685999981826,1.1368683772161605e-13,0,1.0,1.0
2025-08-07,mpc,error_scaled_frozen_contract_and_soc,54050.45929094024,50110.97369709857,3939.485593841668,77269.42425605941,70713.72454653561,6555.699709523808,3082.870094203095,974.2423880952384,25,10,6668.484635150506,4925.537936670657,17687.713274857506,14426.054452524008,10800.0,10689.992555678416,1332.8857092066962,10800.0,1.0415592000063043,2.273736754432321e-13,0,1.0,1.0
2025-08-08,greedy,error_scaled_frozen_contract_and_soc,28578.24921889621,28578.24921889621,0.0,47437.21148496075,40944.791101627416,6492.420383333332,3096.125355646705,0.0,0,0,5258.698381510877,22671.00080803503,19643.90023902552,15911.559193610676,10800.0,10800.0,1930.5630422486784,10800.0,0.0006343999993987,1.1368683772161605e-13,0,1.0,1.0
2025-08-08,mpc,error_scaled_frozen_contract_and_soc,30900.97493184502,28578.24921889621,2322.725712948813,47437.21148496075,40944.791101627416,6492.420383333332,3096.125355646705,522.332188095239,20,8,6796.791093923165,21687.31935090864,19522.89376945391,15822.63179122972,10800.0,10789.902402253278,1586.465895355555,10800.0,1.0294215000030815,1.1368683772161605e-13,0,1.0,1.0
2025-08-09,greedy,error_scaled_frozen_contract_and_soc,27981.44659041965,27981.44659041965,0.0,46472.91377680119,40074.54465537262,6398.369121428572,3129.9384278748003,0.0,0,0,4259.618819400344,19482.099760307174,20048.76945838772,16239.503261294049,10800.0,10800.0,1928.9930598412675,10800.0,0.0005424999981187,1.1368683772161605e-13,0,1.0,1.0
2025-08-09,mpc,error_scaled_frozen_contract_and_soc,30928.280767666085,27981.44659041965,2946.834177246431,46472.91377680119,40074.54465537262,6398.369121428572,3129.9384278748003,745.2543023809529,24,10,5239.775823773845,19382.720282074835,19631.71711319893,15957.974139865477,10800.0,10737.463024250736,1351.5759021164029,10800.0,1.036886100002448,1.1368683772161605e-13,0,1.0,1.0
2025-08-10,greedy,error_scaled_frozen_contract_and_soc,49508.89080980753,49446.2231639742,62.66764583333308,75839.71794379086,69256.31419140991,6583.403752380953,3076.1007221633718,9.291666666666629,1,1,5326.780991753393,1934.1180210625985,17281.53446127132,13998.042913629772,10800.0,10800.0,1839.5531296296308,10800.0,0.0003033999964827,1.1368683772161605e-13,0,1.0,1.0
2025-08-10,mpc,error_scaled_frozen_contract_and_soc,58752.8876376187,49446.2231639742,9306.6644736445,75839.71794379086,69256.31419140991,6583.403752380953,3076.1007221633718,1518.8441832720468,18,12,5160.544389549887,3781.424874174014,16563.89162703008,13451.917813691058,10800.0,10760.927115781458,1200.0,10800.0,1.044363200009684,2.273736754432321e-13,0,1.0,1.0
2025-08-11,greedy,error_scaled_frozen_contract_and_soc,50197.03321342287,49447.823754574056,749.2094588488086,76529.98884902339,70054.75391807102,6475.23493095238,3001.927387038372,111.16886666666652,5,2,5314.70015102881,3194.8915527630816,18791.11936086756,15220.806682302722,10800.0,10800.0,1348.0919444444442,10800.0,0.0004063000087626,1.1368683772161605e-13,0,1.0,1.0
2025-08-11,mpc,error_scaled_frozen_contract_and_soc,54492.97755855858,49447.823754574056,5045.153803984525,76529.98884902339,70054.75391807102,6475.23493095238,3001.927387038372,1048.9928404761908,30,11,5727.702870477469,3917.0074323908952,18007.787333219654,14634.76927992177,10800.0,10746.153844429058,1228.120434986787,10800.0,1.0574339000013424,2.273736754432321e-13,0,1.0,1.0
2025-08-12,greedy,error_scaled_frozen_contract_and_soc,50786.13895839791,48239.45487587227,2546.684082525638,74577.84045015514,68321.93480015514,6255.905649999999,3144.4367844371427,378.007698238098,6,2,2515.0006693709565,1254.2849661669604,18031.6782255543,14605.659362698976,10800.0,10800.0,1200.0,10800.0,0.0004097999917576,2.273736754432321e-13,0,1.0,1.0
2025-08-12,mpc,error_scaled_frozen_contract_and_soc,59921.51913216374,48239.45487587227,11682.064256291467,74577.84045015514,68321.93480015514,6255.905649999999,3144.4367844371427,2138.1757464142866,37,13,3790.7681976307904,1962.218714285715,16855.190108699524,13652.704474046595,10800.0,10799.999460000012,1200.0,10800.0,1.1630201000079978,2.273736754432321e-13,0,1.0,1.0
2025-08-13,greedy,error_scaled_frozen_contract_and_soc,49673.3659529191,48963.62391303934,709.7420398797609,75541.64676359427,68922.91336359427,6618.7334,3095.346068816665,105.18362619047603,4,3,4946.126641957908,1155.9895727099342,18019.656447983773,14595.921722866862,10800.0,10800.0,1526.2516375661378,10800.0,0.0005413000035332,1.1368683772161605e-13,0,1.0,1.0
2025-08-13,mpc,error_scaled_frozen_contract_and_soc,54924.29793076725,48963.62391303934,5960.674017727921,75541.64676359427,68922.91336359427,6618.7334,3095.346068816665,1148.314234910031,26,12,5411.228629967107,1868.6228553294889,17367.794672593114,14078.6646093854,10800.0,10788.054528238908,1200.0,10800.0,1.1401599000091664,2.273736754432321e-13,0,1.0,1.0
2025-08-14,greedy,error_scaled_frozen_contract_and_soc,49538.50412110641,48943.301302675456,595.202818430953,75705.20722500893,68866.99717738989,6838.210047619046,3070.4524939883327,86.5920380952382,3,2,4092.839091387424,1964.2788098471424,20044.159887032954,16235.769508496694,10800.0,10800.0,1437.3516084656112,10800.0,0.0003684999974211,1.1368683772161605e-13,0,1.0,1.0
2025-08-14,mpc,error_scaled_frozen_contract_and_soc,58044.71822358447,48943.301302675456,9101.41692090901,75705.20722500893,68866.99717738989,6838.210047619046,3070.4524939883327,1789.3776593938464,42,12,4696.088736729197,3434.9986374301475,18138.68835220341,14701.481825293326,10800.0,10789.839711101602,1200.0,10800.0,0.8657895000069402,2.273736754432321e-13,0,1.0,1.0
2025-08-15,greedy,error_scaled_frozen_contract_and_soc,28157.88352274271,28157.88352274271,0.0,46569.299163774434,39852.83237091729,6716.466792857143,3112.091100464841,0.0,0,0,4623.836905173428,20874.016579821477,20587.99366024319,16676.274864796993,10800.0,10800.0,1679.241556125038,10800.0,0.0003141000051982,1.1368683772161605e-13,0,1.0,1.0
2025-08-15,mpc,error_scaled_frozen_contract_and_soc,31575.862889832,28157.88352274271,3417.9793670892886,46569.299163774434,39852.83237091729,6716.466792857143,3112.091100464841,887.8174880952382,33,13,5125.085311616663,21503.74015,19804.17473124048,16135.610424320805,10800.0,10695.301231093315,1274.9724682301253,10800.0,1.1174437000008766,1.1368683772161605e-13,0,1.0,1.0
2025-08-16,greedy,error_scaled_frozen_contract_and_soc,28249.71879500124,28249.71879500124,0.0,46815.9539790897,40108.24141956589,6707.7125595238085,3059.729410529285,0.0,0,0,4829.608257231041,21142.66255575049,20602.119997060552,16687.717197619044,10800.0,10800.0,1368.213436243388,10800.0,0.0003641000075731,1.1368683772161605e-13,0,1.0,1.0
2025-08-16,mpc,error_scaled_frozen_contract_and_soc,32132.438164883377,28249.71879500124,3882.719369882141,46815.9539790897,40108.24141956589,6707.7125595238085,3059.729410529285,883.7851666666663,33,12,5544.121473825947,21495.854193170468,19768.88717824168,16038.404066148389,10800.0,10771.5494980304,1688.821655309166,10800.0,0.99796900000365,1.1368683772161605e-13,0,1.0,1.0
2025-08-17,greedy,error_scaled_frozen_contract_and_soc,49679.395996411775,49123.49589826416,555.9000981476179,75642.71361485083,68984.688655327,6658.02495952381,3029.821726945633,82.5104785714284,5,1,5065.504519635511,3973.211325279248,18532.18227284644,15011.067641005618,10800.0,10800.0,1519.7111366402132,10800.0,0.0003722999972524,1.1368683772161605e-13,0,1.0,1.0
2025-08-17,mpc,error_scaled_frozen_contract_and_soc,54310.88813251654,49123.49589826416,5187.39223425238,75642.71361485083,68984.688655327,6658.02495952381,3029.821726945633,1137.7167357142855,28,11,5359.826366879224,4886.47646754169,17730.180976197425,14361.447076719904,10800.0,10799.999460000012,1250.7979426647073,10800.0,1.0690103999950225,2.273736754432321e-13,0,1.0,1.0
2025-08-18,greedy,error_scaled_frozen_contract_and_soc,49554.51641284952,48748.472272509054,806.0441403404758,75220.12623825522,68827.58285254093,6392.543385714287,3031.34359460234,118.83406904761898,4,3,4792.14717833628,2547.669395091123,18973.832195835654,15368.804078626885,10800.0,10800.0,1692.0994523809543,10800.0,0.0004467999970074,1.1368683772161605e-13,0,1.0,1.0
2025-08-18,mpc,error_scaled_frozen_contract_and_soc,58537.60581042084,48748.472272509054,9789.133537911794,75220.12623825522,68827.58285254093,6392.543385714287,3031.34359460234,1867.2171655517025,35,16,5122.866397445631,4270.208986421832,17369.22573301464,14069.073329741852,10800.0,10799.999460000012,1200.0,10800.0,1.0119620999903418,2.273736754432321e-13,0,1.0,1.0
2025-08-19,greedy,error_scaled_frozen_contract_and_soc,49748.78354658385,49204.25756202195,544.5259845619042,75604.08062057942,69116.6483467699,6487.432273809525,3011.550582196387,80.68586666666658,3,2,4598.822511235589,3384.507157260437,17809.35141447405,14425.574645723987,10800.0,10800.0,1692.4108941798936,10800.0,0.0002776000037556,1.1368683772161605e-13,0,1.0,1.0
2025-08-19,mpc,error_scaled_frozen_contract_and_soc,54008.52733570992,49204.25756202195,4804.269773687962,75604.08062057942,69116.6483467699,6487.432273809525,3011.550582196387,1008.8797590126044,20,10,4983.838066252825,3904.4566235403454,17931.611188415005,14524.605548616146,10800.0,10799.999460000012,1200.0,10800.0,0.9939435999986016,2.273736754432321e-13,0,1.0,1.0
2025-08-20,greedy,error_scaled_frozen_contract_and_soc,56827.609682014096,48876.52866869521,7951.081013318887,75159.05805018978,68689.91450733264,6469.143542857144,3001.899159635077,1153.8482621428511,6,2,1832.3511757201643,0.0,20157.17931550428,16327.31524555847,10800.0,10800.0,1200.0,10800.0,0.0005401000089477,2.273736754432321e-13,0,1.0,1.0
2025-08-20,mpc,error_scaled_frozen_contract_and_soc,71716.6951792959,48876.52866869521,22840.166510600684,75159.05805018978,68689.91450733264,6469.143542857144,3001.899159635077,4225.233426428566,41,11,3826.303130232493,1902.4785619047611,16364.672225277667,13359.853507463233,10800.0,10683.923327790755,1200.0,10800.0,1.0336952000070596,2.273736754432321e-13,0,1.0,1.0
2025-08-21,greedy,error_scaled_frozen_contract_and_soc,49505.864973275005,49505.864973275005,0.0,75828.45649821547,69065.9324625012,6762.524035714287,3174.501260490474,0.0,0,0,4819.818724838331,1811.42593891828,17646.280795397543,14293.487444272012,10800.0,10800.0,1650.6955339153433,10800.0,0.0002688999957172,2.273736754432321e-13,0,1.0,1.0
2025-08-21,mpc,error_scaled_frozen_contract_and_soc,58688.67700772803,49505.864973275005,9182.812034453029,75828.45649821547,69065.9324625012,6762.524035714287,3174.501260490474,1568.440737207237,21,12,4829.703713390811,3546.7139838154008,17005.654597662233,13829.59354277906,10800.0,10738.874090363724,1200.0,10800.0,0.9909927000117024,2.273736754432321e-13,0,1.0,1.0
2025-08-22,greedy,error_scaled_frozen_contract_and_soc,28403.09661765405,28403.09661765405,0.0,47117.07462685007,40388.45541494531,6728.619211904762,3229.108584894125,0.0,0,0,3855.345974661971,18117.83516868616,20596.442544747108,16683.11846124516,10800.0,10800.0,1310.969937460322,10800.0,0.0002750999992713,1.1368683772161605e-13,0,1.0,1.0
2025-08-22,mpc,error_scaled_frozen_contract_and_soc,37796.8459731797,28403.09661765405,9393.749355525644,47117.07462685007,40388.45541494531,6728.619211904762,3229.108584894125,1846.4281885659464,33,10,4598.9513958961,19711.65958658063,18631.33329847565,15209.01086553636,10800.0,10669.299006921025,1280.5875846560857,10800.0,1.0549860000028275,1.1368683772161605e-13,0,1.0,1.0
2025-08-23,greedy,error_scaled_frozen_contract_and_soc,28716.863460037686,28716.863460037686,0.0,47431.83370451577,40584.09430689672,6847.739397619047,3203.658337546626,0.0,0,0,4340.673470576139,16817.547535968908,19703.192357740663,15959.585809769946,10800.0,10800.0,1893.7103876190524,10800.0,0.0003735999925993,1.1368683772161605e-13,0,1.0,1.0
2025-08-23,mpc,error_scaled_frozen_contract_and_soc,31653.01361450346,28716.863460037686,2936.150154465776,47431.83370451577,40584.09430689672,6847.739397619047,3203.658337546626,619.629025256605,22,14,4704.795173528494,17148.012049635327,19521.79273159808,15853.14337498953,10800.0,10755.009708449905,1206.57323015873,10800.0,1.0819413999997778,1.1368683772161605e-13,0,1.0,1.0
2025-08-24,greedy,error_scaled_frozen_contract_and_soc,50027.11663114233,50021.54407114233,5.572559999998764,76914.22550328927,69918.34768662261,6995.877816666667,3125.440446739204,0.8266666666664833,1,1,5258.113086978257,4382.703466666667,18634.979647251,15094.33351427332,10800.0,10800.0,1915.6617577777763,10800.0,0.0006726999999955,2.273736754432321e-13,0,1.0,1.0
2025-08-24,mpc,error_scaled_frozen_contract_and_soc,56523.88703260782,50021.54407114233,6502.342961465485,76914.22550328927,69918.34768662261,6995.877816666667,3125.440446739204,1285.607964285717,37,19,5890.396842069809,5356.239111150939,17488.21273060639,14268.604699585478,10800.0,10685.386235784112,1200.0,10800.0,0.9463774999894669,2.273736754432321e-13,0,1.0,1.0
2025-08-25,greedy,error_scaled_frozen_contract_and_soc,50546.8925505618,50320.34409351288,226.5484570489162,77514.33939319411,70497.65883128936,7016.680561904762,3126.386767476705,33.297875738090056,2,2,2594.218795855375,391.9621811875386,19938.78565906652,16150.41638384388,10800.0,10800.0,1200.0,10800.0,0.0003696000057971,1.1368683772161605e-13,0,1.0,1.0
2025-08-25,mpc,error_scaled_frozen_contract_and_soc,67027.90297224218,50320.34409351288,16707.558878729316,77514.33939319411,70497.65883128936,7016.680561904762,3126.386767476705,3148.8510784992227,39,14,4595.232626446201,2153.3804047619024,16617.292626329898,13475.802202511317,10800.0,10782.449805351,1200.0,10800.0,1.0673948000039672,2.273736754432321e-13,0,1.0,1.0
2025-08-26,greedy,error_scaled_frozen_contract_and_soc,50921.4515002499,50823.7418074499,97.70969280000044,78395.72887084603,71182.08431846507,7213.644552380952,3153.9780252530145,14.00655000000006,1,1,6847.638804320986,2495.1787833333337,18621.576051886223,15083.47660202784,10800.0,10800.0,1826.318086164022,10800.0,0.0004938999918522,2.273736754432321e-13,0,1.0,1.0
2025-08-26,mpc,error_scaled_frozen_contract_and_soc,56583.939293174175,50823.7418074499,5760.197485724263,78395.72887084603,71182.08431846507,7213.644552380952,3153.9780252530145,1104.5358321355757,27,11,6431.834405323665,4158.702287278976,17809.00006836647,14428.090441320835,10800.0,10796.888460062231,1200.0,10800.0,1.0865045999962604,2.273736754432321e-13,0,1.0,1.0
2025-08-27,greedy,error_scaled_frozen_contract_and_soc,50957.57859163635,50956.20954830301,1.3690433333336192,78298.74146327871,71213.21422042156,7085.527242857143,3123.0229000367444,0.2033333333333757,1,1,5076.595371382458,1575.0247218274123,19648.293877555305,15915.118040819796,10800.0,10800.0,1675.8769550264556,10800.0,0.0004811999970115,1.263156246267272e-13,0,1.0,1.0
2025-08-27,mpc,error_scaled_frozen_contract_and_soc,58911.58407968279,50956.20954830301,7955.374531379771,78298.74146327871,71213.21422042156,7085.527242857143,3123.0229000367444,1494.737973809525,32,17,5298.306401714626,3163.157731768664,18008.346643628996,14590.480206690716,10800.0,10795.8673051653,1200.0,10800.0,1.0209155999909854,2.273736754432321e-13,0,1.0,1.0
2025-08-28,greedy,error_scaled_frozen_contract_and_soc,51222.19544420118,50615.12671385595,607.0687303452391,77703.46177635944,70935.42298350229,6768.038792857143,3137.241299169166,90.07578571428589,3,2,3301.7622782187022,0.0,19599.896318535222,15875.91601801354,10800.0,10800.0,1762.4538015873022,10800.0,0.0002906000008806,1.5631940186722204e-13,0,1.0,1.0
2025-08-28,mpc,error_scaled_frozen_contract_and_soc,57504.96799575713,50615.12671385595,6889.841281901186,77703.46177635944,70935.42298350229,6768.038792857143,3137.241299169166,1417.078142857143,38,13,4752.141296127949,192.2656867802948,18229.990232893306,14821.652279918302,10800.0,10738.488676361423,1200.0,10800.0,1.02852000000712,2.273736754432321e-13,0,1.0,1.0
2025-08-29,greedy,error_scaled_frozen_contract_and_soc,29778.04504466061,29778.04504466061,0.0,48532.99436139666,41716.10264711095,6816.891714285714,3376.771525540396,0.0,0,0,5301.603666402118,16862.104120448555,20074.03276076837,16259.966536222386,10800.0,10800.0,1987.2155764550275,10800.0,0.0007476999890059,1.1368683772161605e-13,0,1.0,1.0
2025-08-29,mpc,error_scaled_frozen_contract_and_soc,33839.37015137966,29778.04504466061,4061.325106719049,48532.99436139666,41716.10264711095,6816.891714285714,3376.771525540396,900.2646166666672,20,7,6270.592487047436,16919.221282822436,19491.20239679679,15802.977538603336,10800.0,10783.218225335631,1662.9228366245693,10800.0,0.946574999994482,1.1368683772161605e-13,0,1.0,1.0
2025-08-30,greedy,error_scaled_frozen_contract_and_soc,29471.328383162203,29471.328383162203,0.0,48244.5326239369,41372.97912631785,6871.55349761905,3399.764352042339,0.0,0,0,4622.780149882428,21455.634795483536,19228.40971177689,15575.011866539293,10800.0,10800.0,1706.9370760317486,10800.0,0.0002964000013889,1.1368683772161605e-13,0,1.0,1.0
2025-08-30,mpc,error_scaled_frozen_contract_and_soc,31647.13650347193,29471.328383162203,2175.808120309734,48244.5326239369,41372.97912631785,6871.55349761905,3399.764352042339,487.6617347481766,27,13,4691.773088465926,21881.164490042927,19479.013921491147,15832.476974648256,10800.0,10739.471446399524,1237.8199802116378,10800.0,1.0005458000086946,1.1368683772161605e-13,0,1.0,1.0
2025-08-31,greedy,error_scaled_frozen_contract_and_soc,51526.47232183778,51219.45504318064,307.01727865714395,78686.83231886855,71889.05537363046,6797.776945238096,3419.098695312063,45.53496666666683,3,2,6150.107947046361,2372.7212531594,18752.184221032247,15189.26921903612,10800.0,10800.0,1462.9864470899488,10800.0,0.0003555000002961,1.4921397450962106e-13,0,1.0,1.0
2025-08-31,mpc,error_scaled_frozen_contract_and_soc,54713.07520659255,51219.45504318064,3493.620163411896,78686.83231886855,71889.05537363046,6797.776945238096,3419.098695312063,741.5492452380938,22,8,6454.300916981671,2824.239254867179,18592.76760177012,15089.549292845648,10800.0,10767.3249606535,1200.0,10800.0,1.1297731999948155,2.273736754432321e-13,0,1.0,1.0
2025-09-01,greedy,error_scaled_frozen_contract_and_soc,51194.38123517647,51194.38123517647,0.0,78856.28735327742,71924.80447232505,6931.482880952382,3341.564184576348,0.0,0,0,17710.133911787183,4782.66775702528,14680.795532271786,11891.444381140143,10800.0,10800.0,3253.401746031745,10800.0,0.0003858999989461,1.1368683772161605e-13,0,1.0,1.0
2025-09-01,mpc,error_scaled_frozen_contract_and_soc,51194.38123517647,51194.38123517647,0.0,78856.28735327742,71924.80447232505,6931.482880952382,3341.564184576348,0.0,0,0,17120.053098246666,4680.754903176013,18322.870535375856,14841.525716854429,10800.0,10799.999352000015,1502.156023576868,10800.0,0.9748752000014064,1.1368683772161605e-13,0,1.0,1.0
2025-09-02,greedy,error_scaled_frozen_contract_and_soc,50770.06442770387,50770.06442770387,0.0,78078.62703016293,71167.21006349626,6911.416966666668,3342.0300248313474,0.0,0,0,16936.60188435791,3883.0930785756527,16848.295880154506,13647.119662925146,10800.0,10800.0,3043.0541428571414,10800.0,0.0004488999984459,1.1368683772161605e-13,0,1.0,1.0
2025-09-02,mpc,error_scaled_frozen_contract_and_soc,52556.66720798006,50770.06442770387,1786.6027802761962,78078.62703016293,71167.21006349626,6911.416966666668,3342.0300248313474,415.9037785714296,15,5,16384.643750087092,4621.784308919358,18054.46043646257,14624.113536734669,10800.0,10799.999352000015,1530.7177517445623,10800.0,1.004914999997709,2.273736754432321e-13,0,1.0,1.0
2025-09-03,greedy,error_scaled_frozen_contract_and_soc,50461.11747770656,50461.11747770656,0.0,77658.07619948083,70802.09658757606,6855.979611904763,3345.6497491985697,0.0,0,0,15116.056279838143,4137.283288151279,15036.944113112684,12179.924731621277,10800.0,10800.0,3236.2333439153435,10800.0,0.0002971999929286,1.1368683772161605e-13,0,1.0,1.0
2025-09-03,mpc,error_scaled_frozen_contract_and_soc,50752.2988724899,50461.11747770656,291.1813947833336,77658.07619948083,70802.09658757606,6855.979611904763,3345.6497491985697,68.97594285714291,4,3,14574.684949100962,4192.568305996028,17958.327476005117,14546.24583876413,10800.0,10799.999352000015,1586.7437826934265,10800.0,1.007854800001951,1.1368683772161605e-13,0,1.0,1.0
2025-09-04,greedy,error_scaled_frozen_contract_and_soc,50948.66390758609,50948.66390758609,0.0,78269.7686243164,71484.82004098306,6784.948583333335,3351.21148894849,0.0,0,0,16346.400272839504,4927.185430335098,16161.144058641125,13090.52668749931,10800.0,10800.0,3034.060108465608,10800.0,0.0003798999969149,1.1368683772161605e-13,0,1.0,1.0
2025-09-04,mpc,error_scaled_frozen_contract_and_soc,51904.56792655513,50948.66390758609,955.9040189690434,78269.7686243164,71484.82004098306,6784.948583333335,3351.21148894849,192.10941428571348,9,5,14980.362048931736,6170.953985206991,17815.7738824389,14430.7774279755,10800.0,10799.999352000015,1429.3936649190068,10800.0,0.9394514000014168,2.273736754432321e-13,0,1.0,1.0
2025-09-05,greedy,error_scaled_frozen_contract_and_soc,28941.90181707992,28941.90181707992,0.0,47451.70245357344,40711.09667976391,6740.605773809525,3352.77075621234,0.0,0,0,12753.629029012343,24694.39610379437,16733.766600526615,13554.35094642656,10800.0,10800.0,3670.36138753968,10800.0,0.0002860000095097,1.1368683772161605e-13,0,1.0,1.0
2025-09-05,mpc,error_scaled_frozen_contract_and_soc,29044.64982530611,28941.90181707992,102.74800822619048,47451.70245357344,40711.09667976391,6740.605773809525,3352.77075621234,23.241083333333336,2,1,14457.126100019426,22777.33617763149,17980.10516520622,14563.885572617037,10800.0,10799.999568000008,2711.83404412922,10800.0,1.0226210999971954,1.1368683772161605e-13,0,1.0,1.0
2025-09-06,greedy,error_scaled_frozen_contract_and_soc,29292.90194165217,29292.90194165217,0.0,47971.16771273655,41481.0056246413,6490.16208809524,3384.186913144364,0.0,0,0,13367.824749500294,23662.728479010428,16944.898864346418,13725.368080120596,10800.0,10800.0,3264.895159680818,10800.0,0.0002951999922515,1.1368683772161605e-13,0,1.0,1.0
2025-09-06,mpc,error_scaled_frozen_contract_and_soc,30297.88107017598,29292.90194165217,1004.9791285238084,47971.16771273655,41481.0056246413,6490.16208809524,3384.186913144364,240.29858571428545,10,3,15009.590803498648,22143.96106618197,17562.269039843188,14225.438311072976,10800.0,10799.999568000008,2730.972194110119,10800.0,1.0267345000029309,1.1368683772161605e-13,0,1.0,1.0
2025-09-07,greedy,error_scaled_frozen_contract_and_soc,49935.50672106884,49935.50672106884,0.0,76439.09461727123,69987.11733869978,6451.9772785714285,3449.9669688435306,0.0,0,0,15428.031268900648,2849.286766666666,16846.278763353934,13645.485798316684,10800.0,10800.0,3177.5405211640204,10800.0,0.0005524000007426,1.1368683772161605e-13,0,1.0,1.0
2025-09-07,mpc,error_scaled_frozen_contract_and_soc,51978.48302630932,49935.50672106884,2042.9763052404755,76439.09461727123,69987.11733869978,6451.9772785714285,3449.9669688435306,389.5079547619048,9,3,14299.14073064587,3971.6798479960935,18930.52084170785,15333.722464983352,10800.0,10799.999352000015,1312.5561523536155,10800.0,0.87439219999942,2.273736754432321e-13,0,1.0,1.0
2025-09-08,greedy,error_scaled_frozen_contract_and_soc,46040.48166312804,41051.31687239432,4989.164790733718,64290.615614304574,57900.11786906648,6390.497745238097,3474.726002524166,715.189906928572,1,1,1548.2345458553789,456.0043604289437,19217.06878657282,15611.07170495732,10800.0,10749.726680185184,1200.0,10800.0,0.0003138999891234,2.273736754432321e-13,0,1.0,1.0
2025-09-08,mpc,error_scaled_frozen_contract_and_soc,61547.57694238997,41051.31687239432,20496.26006999564,64290.615614304574,57900.11786906648,6390.497745238097,3474.726002524166,3707.931885271432,44,18,3018.599676566725,2643.984461293144,15921.346688330606,12980.952859947793,10800.0,10705.931064,1209.190481481482,10800.0,1.0597273000021232,1.1368683772161605e-13,0,1.0,1.0
2025-09-09,greedy,error_scaled_frozen_contract_and_soc,42213.78222539084,42213.78222539084,0.0,65769.05153926957,59044.90335117432,6724.148188095237,3403.585832358532,0.0,0,0,3329.845402005138,5688.723103814968,18960.01462604981,15312.36585926702,10749.726680185184,10800.0,1585.3705063227517,10800.0,0.0003775000077439,2.273736754432321e-13,0,1.0,1.0
2025-09-09,mpc,error_scaled_frozen_contract_and_soc,49134.68763948178,42213.78222539084,6920.905414090938,65769.05153926957,59044.90335117432,6724.148188095237,3403.585832358532,1315.4014182945316,38,15,4648.958488785869,5927.094988256162,17906.617709589795,14501.052495734397,10749.726680185184,10753.402068000005,1216.3781111111116,10800.0,0.8335274999990361,2.273736754432321e-13,0,1.0,1.0
2025-09-10,greedy,error_scaled_frozen_contract_and_soc,48565.755710738886,42240.7280414149,6325.027669323984,65475.49683032826,58859.70544461397,6615.791385714286,3417.52139695992,912.5669264047588,3,2,1199.6067849500282,0.0,20381.359588331547,16508.90126654855,10800.0,10800.0,1200.0,10800.0,0.0005507000023499,1.1368683772161605e-13,0,1.0,1.0
2025-09-10,mpc,error_scaled_frozen_contract_and_soc,68327.85430391025,42240.7280414149,26087.126262495352,65475.49683032826,58859.70544461397,6615.791385714286,3417.52139695992,4581.682589751598,42,11,3256.38494607877,2493.327433350013,15935.448312900411,12943.979922249331,10800.0,10759.703568000004,1209.4566851851853,10800.0,1.2012767000123858,2.273736754432321e-13,0,1.0,1.0
2025-09-11,greedy,error_scaled_frozen_contract_and_soc,42762.04726172885,42762.04726172885,0.0,66416.69135561865,59350.98391038054,7065.707445238096,3433.189610753928,0.0,0,0,4520.596077395649,4716.56618348031,19386.543744259743,15703.100432850391,10800.0,10800.0,1640.72731746032,10800.0,0.0002614999975776,2.273736754432321e-13,0,1.0,1.0
2025-09-11,mpc,error_scaled_frozen_contract_and_soc,47366.35007382528,42762.04726172885,4604.302812096433,66416.69135561865,59350.98391038054,7065.707445238096,3433.189610753928,936.8548000000012,31,16,5159.479328735932,5254.566621023779,18493.39120113528,15049.976778609684,10800.0,10721.855660344328,1200.0,10800.0,1.0759596999996577,2.273736754432321e-13,0,1.0,1.0
2025-09-12,greedy,error_scaled_frozen_contract_and_soc,22773.286685659168,22773.286685659168,0.0,38684.28211643628,31790.80086405533,6893.481252380954,3421.547601404919,0.0,0,0,4266.863798971192,18984.418346746737,20428.125109043976,16546.78133832562,10800.0,10800.0,1474.7610335006352,10800.0,0.0003854999959003,1.1368683772161605e-13,0,1.0,1.0
2025-09-12,mpc,error_scaled_frozen_contract_and_soc,26499.94739189882,22773.286685659168,3726.6607062396497,38684.28211643628,31790.80086405533,6893.481252380954,3421.547601404919,948.9726026419268,35,14,4556.282455640124,19823.315176190477,19577.478508645592,15875.47762139798,10800.0,10780.311078449951,1430.81064814815,10800.0,0.927052899991395,1.1368683772161605e-13,0,1.0,1.0
2025-09-13,greedy,error_scaled_frozen_contract_and_soc,22801.81121894093,22801.81121894093,0.0,38953.23326572811,32177.309260966205,6775.924004761906,3465.8901389777766,0.0,0,0,4242.845935067604,22866.32705157497,20194.519977643136,16357.561181890938,10800.0,10800.0,1789.501158042326,10800.0,0.0009904000035021,1.1368683772161605e-13,0,1.0,1.0
2025-09-13,mpc,error_scaled_frozen_contract_and_soc,26567.25185281473,22801.81121894093,3765.4406338738095,38953.23326572811,32177.309260966205,6775.924004761906,3465.8901389777766,875.9358809523809,34,10,4987.726365845832,23191.16051843858,19382.523439525103,15739.342660462367,10800.0,10756.112583947746,1523.0342085941652,10800.0,0.8260104000073625,1.1368683772161605e-13,0,1.0,1.0
2025-09-14,greedy,error_scaled_frozen_contract_and_soc,42548.47832507974,42548.47832507974,0.0,66471.1295498812,59906.075945119286,6565.053604761904,3534.8170305174604,0.0,0,0,2263.4449442386813,257.8041332157593,20266.082749614507,16415.527027187753,10800.0,10800.0,1469.3056016402115,10800.0,0.0002914000069722,1.1368683772161605e-13,0,1.0,1.0
2025-09-14,mpc,error_scaled_frozen_contract_and_soc,55342.029616233645,42548.47832507974,12793.551291153908,66471.1295498812,59906.075945119286,6565.053604761904,3534.8170305174604,2230.5792442597326,41,16,2843.9435345400234,2606.7389499999995,17544.759302052735,14393.057742451829,10800.0,10597.99699134543,1200.0,10800.0,1.0701046000031056,1.1368683772161605e-13,0,1.0,1.0
2025-09-15,greedy,error_scaled_frozen_contract_and_soc,43651.141213414805,43651.141213414805,0.0,68169.34976386225,61241.74713052891,6927.602633333333,3374.097648620634,0.0,0,0,5414.595274897122,3752.408383333333,20712.18669630772,16776.871224009254,10800.0,10800.0,1275.2396269841292,10800.0,0.0002973999944515,1.1368683772161605e-13,0,1.0,1.0
2025-09-15,mpc,error_scaled_frozen_contract_and_soc,49975.95060074356,43651.141213414805,6324.809387328756,68169.34976386225,61241.74713052891,6927.602633333333,3374.097648620634,1338.9838414684,38,13,5103.013465298371,5753.639938988832,19171.82323120335,15587.173663493237,10800.0,10735.559059757206,1200.0,10800.0,1.0118059999949764,3.1263880373444413e-13,0,1.0,1.0
2025-09-16,greedy,error_scaled_frozen_contract_and_soc,43445.80555635468,43445.80555635468,0.0,67330.09638324095,60392.08636181238,6938.01002142857,3353.5466992850797,0.0,0,0,2656.028815314515,1393.1129333333329,19943.07711189347,16153.89246063371,10800.0,10800.0,1358.815216931216,10800.0,0.0007079999923007,1.1368683772161605e-13,0,1.0,1.0
2025-09-16,mpc,error_scaled_frozen_contract_and_soc,51773.96286525317,43445.80555635468,8328.157308898482,67330.09638324095,60392.08636181238,6938.01002142857,3353.5466992850797,1552.0358189131605,39,17,2948.125873051673,3083.4024333333336,18208.30417796584,14849.470265530075,10800.0,10688.062354024723,1200.0,10800.0,1.162302400000044,2.273736754432321e-13,0,1.0,1.0
2025-09-17,greedy,error_scaled_frozen_contract_and_soc,43803.8710279101,43803.8710279101,0.0,68502.02935162894,61397.98788496229,7104.041466666666,3345.7416682956346,0.0,0,0,4057.247601499125,634.1369395943525,20265.928476502515,16415.402065967042,10800.0,10800.0,1476.7058888888907,10800.0,0.0008063999994192,1.1368683772161605e-13,0,1.0,1.0
2025-09-17,mpc,error_scaled_frozen_contract_and_soc,50064.622074537954,43803.8710279101,6260.751046627854,68502.02935162894,61397.98788496229,7104.041466666666,3345.7416682956346,1178.5734333765809,36,12,4150.393324491957,2133.871631316872,18808.32106893002,15372.101639733315,10800.0,10647.376029000005,1217.9388888888889,10800.0,1.1316494000056991,2.273736754432321e-13,0,1.0,1.0
2025-09-18,greedy,error_scaled_frozen_contract_and_soc,43545.01433867389,43545.01433867389,0.0,67836.99849655578,60718.32801798436,7118.670478571428,3344.711830088412,0.0,0,0,3367.09874345863,1712.4431882874046,20027.27695877315,16225.87151063006,10800.0,10795.803139973545,1236.293563492065,10800.0,0.000716900001862,1.1368683772161605e-13,0,1.0,1.0
2025-09-18,mpc,error_scaled_frozen_contract_and_soc,51427.08391496531,43545.01433867389,7882.069576291417,67836.99849655578,60718.32801798436,7118.670478571428,3344.711830088412,1347.0449807694115,30,13,3415.139475662062,3360.036254068205,18512.962006027014,15060.145375098742,10800.0,10728.170944203488,1200.0,10800.0,0.9992286000051536,1.1368683772161605e-13,0,1.0,1.0
2025-09-19,greedy,error_scaled_frozen_contract_and_soc,23471.49786165161,23471.49786165161,0.0,40019.56377690402,32819.89049118974,7199.673285714286,3278.031452539205,0.0,0,0,4341.917165873013,15728.09635919957,20233.79347968932,16385.59554452454,10795.803139973545,10800.0,1778.3715712698397,10800.0,0.000342700004694,1.1368683772161605e-13,0,1.0,1.0
2025-09-19,mpc,error_scaled_frozen_contract_and_soc,28651.14896073976,23471.49786165161,5179.651099088153,40019.56377690402,32819.89049118974,7199.673285714286,3278.031452539205,1138.079907304313,38,12,4981.308643899729,16473.507840378556,19085.151660959807,15483.67677769642,10795.803139973545,10768.35432628579,1366.7026111111115,10799.99997215541,1.04839379999612,1.1368683772161605e-13,0,1.0,1.0
2025-09-20,greedy,error_scaled_frozen_contract_and_soc,23133.207800302956,23133.207800302956,0.0,39573.03992208837,32565.73614351695,7007.303778571428,3208.361373838531,0.0,0,0,4184.489751557902,15792.413067275484,20793.17563116661,16842.472261244955,10800.0,10800.0,1462.8499074074052,10800.0,0.0003993999998783,1.1368683772161605e-13,0,1.0,1.0
2025-09-20,mpc,error_scaled_frozen_contract_and_soc,32084.63252262545,23133.207800302956,8951.424722322503,39573.03992208837,32565.73614351695,7007.303778571428,3208.361373838531,1753.1402061242345,36,13,4775.935034934995,17377.843243942672,18890.57068064614,15363.602564644532,10800.0,10730.844096309827,1281.562822751324,10800.0,1.0259535000077449,1.1368683772161605e-13,0,1.0,1.0
2025-09-21,greedy,error_scaled_frozen_contract_and_soc,45173.60380282851,45173.60380282851,0.0,70827.40522342833,63755.99686866641,7071.408354761906,3151.405941684483,0.0,0,0,5940.254312757204,2977.317049999999,19064.9809333568,15442.634556019011,10800.0,10800.0,1340.7241005291005,10800.0,0.000399099997594,1.1368683772161605e-13,0,1.0,1.0
2025-09-21,mpc,error_scaled_frozen_contract_and_soc,48783.50900178933,45173.60380282851,3609.905198960828,70827.40522342833,63755.99686866641,7071.408354761906,3151.405941684483,740.6402319874014,27,10,6577.331359085323,3064.342713508786,19204.773392567517,15565.889493079228,10800.0,10788.863283222732,1200.0,10800.0,0.9671346999966772,2.273736754432321e-13,0,1.0,1.0
2025-09-22,greedy,error_scaled_frozen_contract_and_soc,44603.13399616072,44603.13399616072,0.0,69937.23876455401,63070.11174788735,6867.127016666667,3192.382817850039,0.0,0,0,3038.001611787195,2524.7006999999994,19792.19247070261,16031.675901269122,10800.0,10800.0,1425.947386190481,10800.0,0.0008249999955296,2.273736754432321e-13,0,1.0,1.0
2025-09-22,mpc,error_scaled_frozen_contract_and_soc,52168.56441111427,44603.13399616072,7565.430414953545,69937.23876455401,63070.11174788735,6867.127016666667,3192.382817850039,1434.7643214285672,37,16,4502.08975351131,2810.261690476191,18475.88377688326,15030.252018221512,10800.0,10728.015378948816,1205.031481481482,10800.0,0.9857362000038848,2.273736754432321e-13,0,1.0,1.0
2025-09-23,greedy,error_scaled_frozen_contract_and_soc,45554.47907242095,45554.47907242095,0.0,71627.96696480404,64883.19483623261,6744.772128571429,3240.7280806650783,0.0,0,0,3934.491996090534,1705.2494573486197,20376.894358060767,16505.28443002922,10800.0,10800.0,1351.1059876190477,10800.0,0.0007174000056693,2.273736754432321e-13,0,1.0,1.0
2025-09-23,mpc,error_scaled_frozen_contract_and_soc,54951.06310307894,45554.47907242095,9396.584030658,71627.96696480404,64883.19483623261,6744.772128571429,3240.7280806650783,1729.7665553554552,35,15,5949.097589149556,1786.3508999999988,18480.388334255127,14974.718886578528,10800.0,10793.772960186803,1232.871685185185,10800.0,1.0732764999993378,2.273736754432321e-13,0,1.0,1.0
2025-09-24,greedy,error_scaled_frozen_contract_and_soc,45220.5207647978,45220.5207647978,0.0,71234.0608188967,64433.37920699194,6800.681611904763,3212.403541502499,0.0,0,0,3937.7695394140455,2306.17208583186,20667.863650793657,16740.96955714286,10800.0,10800.0,1500.316489417988,10800.0,0.0008105000015348,1.1368683772161605e-13,0,1.0,1.0
2025-09-24,mpc,error_scaled_frozen_contract_and_soc,50997.26090659422,45220.5207647978,5776.7401417964265,71234.0608188967,64433.37920699194,6800.681611904763,3212.403541502499,1270.6897761904756,42,13,5044.60743864916,2740.0031038510865,19270.40796074897,15613.493008162037,10800.0,10795.04160004959,1200.0,10800.0,0.9887680000101682,2.273736754432321e-13,0,1.0,1.0
2025-09-25,greedy,error_scaled_frozen_contract_and_soc,45402.604719740506,45402.604719740506,0.0,71042.45664043503,64451.32243805407,6591.134202380954,3150.7444695545228,0.0,0,0,4238.089615432101,2653.260816666667,20082.406885980326,16266.749577644066,10800.0,10800.0,1510.211590026457,10800.0,0.000441199998022,1.4921397450962106e-13,0,1.0,1.0
2025-09-25,mpc,error_scaled_frozen_contract_and_soc,51114.28219173501,45402.604719740506,5711.677471994501,71042.45664043503,64451.32243805407,6591.134202380954,3150.7444695545228,1240.593977484731,38,16,5462.720307260758,2997.7791614289504,18831.4271089132,15344.324859683144,10800.0,10699.034553929494,1221.8218148148146,10800.0,0.9948204000102124,2.273736754432321e-13,0,1.0,1.0
2025-09-26,greedy,error_scaled_frozen_contract_and_soc,23353.827473105644,23353.827473105644,0.0,40036.43295086977,33355.04575325072,6681.387197619048,3113.442867245754,0.0,0,0,4535.22271124428,14070.353833333333,19666.383717327142,15929.770811034989,10800.0,10800.0,1883.0600820105813,10800.0,0.0004209000035189,1.1368683772161605e-13,0,1.0,1.0
2025-09-26,mpc,error_scaled_frozen_contract_and_soc,25159.06736273541,23353.827473105644,1805.239889629762,40036.43295086977,33355.04575325072,6681.387197619048,3113.442867245754,430.9843642857144,22,10,4995.858871978378,14118.68855149793,19574.00292499105,15915.376533311872,10800.0,10732.85092881209,1247.1898306878322,10800.0,1.1396869999880437,1.1368683772161605e-13,0,1.0,1.0
2025-09-27,greedy,error_scaled_frozen_contract_and_soc,23356.35341644251,23356.35341644251,0.0,39978.66456984139,33309.99310079377,6668.671469047619,3211.4105327946427,0.0,0,0,3238.8605842445613,14903.83049901054,21235.111771506803,17200.44053492051,10800.0,10800.0,1496.8794973280428,10800.0,0.0006048999930499,1.1368683772161605e-13,0,1.0,1.0
2025-09-27,mpc,error_scaled_frozen_contract_and_soc,37071.25054182594,23356.35341644251,13714.897125383428,39978.66456984139,33309.99310079377,6668.671469047619,3211.4105327946427,2682.2570999457344,45,15,4428.146071801342,17124.469635833604,18023.81809474601,14716.814382593828,10800.0,10669.420304611596,1229.8740899470895,10800.0,0.8688695000018924,1.1368683772161605e-13,0,1.0,1.0
2025-09-28,greedy,error_scaled_frozen_contract_and_soc,45936.013922620405,45936.013922620405,0.0,72086.65679717762,65383.4946733681,6703.162123809524,3050.425883550595,0.0,0,0,4317.62744126984,317.46225000000004,20862.831259163795,16898.893319922674,10800.0,10800.0,1529.932243386242,10800.0,0.0003187999973306,2.273736754432321e-13,0,1.0,1.0
2025-09-28,mpc,error_scaled_frozen_contract_and_soc,55377.55474168009,45936.013922620405,9441.540819059688,72086.65679717762,65383.4946733681,6703.162123809524,3050.425883550595,1779.9917053131485,37,11,5479.499584693415,1514.517199999999,18603.386958597363,15218.384407466669,10800.0,10633.732254441333,1206.0768888888888,10800.0,1.1772634999942966,2.273736754432321e-13,0,1.0,1.0
2025-09-29,greedy,error_scaled_frozen_contract_and_soc,46697.916325211365,46697.916325211365,0.0,73368.94636397372,66547.2534401642,6821.692923809524,2954.3690488812304,0.0,0,0,5157.836931657848,1581.3867999999995,20367.531749030957,16497.700716715073,10800.0,10800.0,1312.8274100529145,10800.0,0.0005823999963467,1.1368683772161605e-13,0,1.0,1.0
2025-09-29,mpc,error_scaled_frozen_contract_and_soc,51602.73848985189,46697.916325211365,4904.822164640531,73368.94636397372,66547.2534401642,6821.692923809524,2954.3690488812304,959.5314501666747,34,12,6179.937252731275,1834.5637,19234.772310538603,15680.687049129472,10800.0,10688.309469340882,1200.0,10800.0,0.9912222999992082,2.273736754432321e-13,0,1.0,1.0
2025-09-30,greedy,error_scaled_frozen_contract_and_soc,47271.180492264255,47196.58393836664,74.59655389761954,73630.46911423956,66835.54411900145,6794.924995238094,2977.2340101192067,11.040709523809596,1,1,3506.3001325396654,696.454460052912,21139.89718160064,17123.316717096513,10800.0,10800.0,1545.7717248677222,10800.0,0.0002558999985922,1.5276668818842157e-13,0,1.0,1.0
2025-09-30,mpc,error_scaled_frozen_contract_and_soc,58631.77930827213,47196.58393836664,11435.195369905485,73630.46911423956,66835.54411900145,6794.924995238094,2977.2340101192067,2212.3986012995106,47,16,5603.751868415568,1379.6745976190464,18518.957712920503,15081.691230082715,10800.0,10709.627241536553,1233.0796296296298,10800.0,1.0753832000045804,2.273736754432321e-13,0,1.0,1.0
2025-10-01,greedy,error_scaled_frozen_contract_and_soc,47102.49699559575,47102.49699559575,0.0,74124.15897640529,67162.50230259578,6961.656673809524,2911.490906224167,0.0,0,0,13498.695306711006,7703.107394914757,17162.288112874776,13901.453371428572,10800.0,10800.0,2378.193732804233,10800.0,0.0003279999946244,1.1368683772161605e-13,0,1.0,1.0
2025-10-01,mpc,error_scaled_frozen_contract_and_soc,47383.57454227671,47102.49699559575,281.0775466809529,74124.15897640529,67162.50230259578,6961.656673809524,2911.490906224167,95.90881428571448,7,6,13832.06441440259,7133.439007596219,18910.754834520325,15317.711999161453,10800.0,10799.999352000015,1931.7170716431772,10800.0,0.9987767999991776,2.273736754432321e-13,0,1.0,1.0
2025-10-02,greedy,error_scaled_frozen_contract_and_soc,46333.4057209286,46333.4057209286,0.0,72563.62400611572,65617.49982992523,6946.124176190477,2919.3326498944043,0.0,0,0,11696.64659700344,5693.239083333334,18120.816890064663,14677.86168095238,10800.0,10800.0,2436.416394179896,10800.0,0.0006712000031257,1.1368683772161605e-13,0,1.0,1.0
2025-10-02,mpc,error_scaled_frozen_contract_and_soc,46895.14498740954,46333.4057209286,561.7392664809513,72563.62400611572,65617.49982992523,6946.124176190477,2919.3326498944043,195.64720238095185,10,5,12477.755203731387,4977.157961283195,18877.85145940401,15304.276532588585,10800.0,10785.314610587402,1980.8231957756343,10800.0,1.032932799993432,2.273736754432321e-13,0,1.0,1.0
2025-10-03,greedy,error_scaled_frozen_contract_and_soc,23177.22757646593,23177.22757646593,0.0,39889.23496112928,32902.59686351022,6986.6380976190485,2906.878992043849,0.0,0,0,7623.700027454439,20924.415853392988,18547.18621200972,15023.220831727873,10800.0,10800.0,2360.852525196544,10800.0,0.000405500002671,1.1368683772161605e-13,0,1.0,1.0
2025-10-03,mpc,error_scaled_frozen_contract_and_soc,24102.30073910641,23177.22757646593,925.0731626404768,39889.23496112928,32902.59686351022,6986.6380976190485,2906.878992043849,318.9430928571431,17,6,8662.76360408785,20133.54037955204,18919.583454455347,15324.863084108823,10800.0,10799.999460000012,2215.1487261489274,10800.0,1.030523000008543,1.1368683772161605e-13,0,1.0,1.0
2025-10-04,greedy,error_scaled_frozen_contract_and_soc,24226.506819346745,24226.506819346745,0.0,41263.431303738005,34248.715294214206,7014.7160095238105,2902.5377871803566,0.0,0,0,7746.13477266314,16885.227267519003,18610.98331696071,15074.896486738176,10800.0,10800.0,1918.5292186242489,10800.0,0.0003825999883702,1.1368683772161605e-13,0,1.0,1.0
2025-10-04,mpc,error_scaled_frozen_contract_and_soc,25961.94516952413,24226.506819346745,1735.4383501773812,41263.431303738005,34248.715294214206,7014.7160095238105,2902.5377871803566,475.6425928571429,15,6,7988.321970008255,17090.877442719433,18757.32913965326,15193.437089119128,10800.0,10799.999460000012,2136.756344259168,10800.0,0.9770476999983656,1.1368683772161605e-13,0,1.0,1.0
2025-10-05,greedy,error_scaled_frozen_contract_and_soc,45078.37184755579,45078.37184755579,0.0,70565.3655464919,63495.26405363475,7070.101492857144,2884.046573928651,0.0,0,0,8299.365525563047,4050.155,18315.17870664315,14835.294752380953,10800.0,10800.0,2455.6067751322767,10800.0,0.0004689000052167,1.1368683772161605e-13,0,1.0,1.0
2025-10-05,mpc,error_scaled_frozen_contract_and_soc,46204.92468024984,45078.37184755579,1126.5528326940473,70565.3655464919,63495.26405363475,7070.101492857144,2884.046573928651,287.44329285714264,14,6,8777.07850047432,3769.422759490397,18791.299993250846,15220.953480533177,10800.0,10799.999460000012,2031.9026890267787,10800.0,1.1199742000026165,2.273736754432321e-13,0,1.0,1.0
2025-10-06,greedy,error_scaled_frozen_contract_and_soc,45321.26841693552,45321.26841693552,0.0,70438.65505250404,63363.103623932606,7075.551428571429,2889.589141006706,0.0,0,0,7081.399223521093,2090.0903,18600.296205173425,15066.239926190476,10800.0,10800.0,2326.006915343917,10800.0,0.000495200001751,2.273736754432321e-13,0,1.0,1.0
2025-10-06,mpc,error_scaled_frozen_contract_and_soc,46365.060002424805,45321.26841693552,1043.791585489286,70438.65505250404,63363.103623932606,7075.551428571429,2889.589141006706,264.30069047619054,13,7,6109.614941655289,3249.2722499999995,19027.21410608685,15416.254804761902,10800.0,10795.320690187162,1639.564577447631,10800.0,1.167098200006876,2.273736754432321e-13,0,1.0,1.0
2025-10-07,greedy,error_scaled_frozen_contract_and_soc,44879.47164715007,44879.47164715007,0.0,69900.120997285,62892.32418538023,7007.796811904762,2889.099475697103,0.0,0,0,7073.681516215049,1379.422794650202,19344.493086419752,15669.0394,10800.0,10800.0,1737.456880185184,10800.0,0.0004467999970074,1.1368683772161605e-13,0,1.0,1.0
2025-10-07,mpc,error_scaled_frozen_contract_and_soc,48912.294759402444,44879.47164715007,4032.823112252378,69900.120997285,62892.32418538023,7007.796811904762,2889.099475697103,828.5157642857135,23,7,6848.628846266888,2519.834738419628,18887.42505307468,15298.814876190474,10800.0,10799.999352000015,1849.5077275132287,10800.0,1.122726400004467,2.273736754432321e-13,0,1.0,1.0
2025-10-08,greedy,error_scaled_frozen_contract_and_soc,41116.03743873912,41116.03743873912,0.0,65671.4385672029,58606.04443625052,7065.394130952381,2840.33903894996,0.0,0,0,3551.778759001843,1678.8867868606717,20854.091340388008,16891.813985714285,10800.0,10800.0,1441.493999391534,10800.0,0.0004335999983595,1.1368683772161605e-13,0,1.0,1.0
2025-10-08,mpc,error_scaled_frozen_contract_and_soc,48615.34024372898,41116.03743873912,7499.302804989866,65671.4385672029,58606.04443625052,7065.394130952381,2840.33903894996,1467.6678939908702,31,8,3801.597694724807,3215.345481138186,19177.20055086372,15533.532932199609,10800.0,10799.999460000012,1200.0,10800.0,1.1742779999913182,4.547473508864641e-13,0,1.0,1.0
2025-10-09,greedy,error_scaled_frozen_contract_and_soc,41553.560359860574,41553.560359860574,0.0,66470.70306236047,59569.20521712238,6901.497845238095,2730.1529022600403,0.0,0,0,3575.746176205272,3271.4247333333324,20334.47615520282,16470.925685714286,10800.0,10800.0,1363.4209372222242,10800.0,0.0005009000014979,1.1368683772161605e-13,0,1.0,1.0
2025-10-09,mpc,error_scaled_frozen_contract_and_soc,46416.34842796325,41553.560359860574,4862.7880681026745,66470.70306236047,59569.20521712238,6901.497845238095,2730.1529022600403,931.9328810146008,32,11,4591.302130383481,3375.8477223816435,19345.0539119763,15669.54950469969,10800.0,10799.93796000124,1200.0,10800.0,1.1046968000009656,2.273736754432321e-13,0,1.0,1.0
2025-10-10,greedy,error_scaled_frozen_contract_and_soc,20631.806120904464,20631.806120904464,0.0,37140.35217305197,30371.032537337684,6769.319635714285,2754.0349878194843,0.0,0,0,3214.2474663433354,20701.179396595617,20427.970491822955,16546.656098376603,10800.0,10800.0,1670.3580805026477,10800.0,0.0004284000024199,1.1368683772161605e-13,0,1.0,1.0
2025-10-10,mpc,error_scaled_frozen_contract_and_soc,24185.656550074706,20631.806120904464,3553.850429170238,37140.35217305197,30371.032537337684,6769.319635714285,2754.0349878194843,887.586430952381,42,15,4649.065677038789,20407.863099667768,19546.21125662677,15918.81234599565,10800.0,10704.0208576356,1250.765097684796,10800.0,1.1227838000049817,1.1368683772161605e-13,0,1.0,1.0
2025-10-11,greedy,error_scaled_frozen_contract_and_soc,21004.969795865567,21004.969795865567,0.0,38030.57832077572,31500.58696125191,6529.991359523807,2503.5987604614297,0.0,0,0,3661.003221222809,16466.709841410637,19981.850920047036,16185.299245238097,10800.0,10800.0,1491.475894179895,10800.0,0.0003996000014012,1.1368683772161605e-13,0,1.0,1.0
2025-10-11,mpc,error_scaled_frozen_contract_and_soc,24540.201620953023,21004.969795865567,3535.231825087453,38030.57832077572,31500.58696125191,6529.991359523807,2503.5987604614297,657.0160678778583,29,13,4472.902374106459,16413.40217756202,19484.41362863105,15789.437374979285,10800.0,10792.152960235404,1225.5156455026467,10800.0,1.0070144000055734,1.1368683772161605e-13,0,1.0,1.0
2025-10-12,greedy,error_scaled_frozen_contract_and_soc,42225.51877498702,42225.51877498702,0.0,67466.03420046369,60813.07997903512,6652.954221428568,2417.824016963017,0.0,0,0,3565.996971369783,1548.0316666666672,20194.99778470483,16357.948205610915,10800.0,10800.0,1351.7426298412702,10800.0,0.0004419000033522,1.1368683772161605e-13,0,1.0,1.0
2025-10-12,mpc,error_scaled_frozen_contract_and_soc,51049.072707702,42225.51877498702,8823.553932714982,67466.03420046369,60813.07997903512,6652.954221428568,2417.824016963017,1454.3836961772345,30,11,3926.831018577307,2999.59865,18472.666604163973,14993.63435943368,10800.0,10765.806211043482,1211.8018518518518,10800.0,1.1164290999877269,4.547473508864641e-13,0,1.0,1.0
2025-10-13,greedy,error_scaled_frozen_contract_and_soc,42819.72407344687,42819.72407344687,0.0,68329.9710602006,61637.92125543869,6692.049804761904,2380.2311676159134,0.0,0,0,4689.084908788945,2809.986600587889,20018.443425388225,16214.939174564464,10800.0,10800.0,1472.9097486772482,10800.0,0.0002646000066306,1.1368683772161605e-13,0,1.0,1.0
2025-10-13,mpc,error_scaled_frozen_contract_and_soc,46733.11359249088,42819.72407344687,3913.3895190440103,68329.9710602006,61637.92125543869,6692.049804761904,2380.2311676159134,704.2887949860285,26,11,4591.560413092666,3749.210266666666,19295.233481196203,15629.139605768907,10800.0,10799.999460000012,1200.0,10800.0,0.975849800001015,2.273736754432321e-13,0,1.0,1.0
2025-10-14,greedy,error_scaled_frozen_contract_and_soc,42342.42069934457,42342.42069934457,0.0,67662.83204901649,61023.86252758793,6638.96952142857,2347.4402849338894,0.0,0,0,2318.0819353321585,544.8307945914247,21189.947556629384,17163.857520869802,10800.0,10800.0,1424.8849412169316,10800.0,0.0007974000036483,1.1368683772161605e-13,0,1.0,1.0
2025-10-14,mpc,error_scaled_frozen_contract_and_soc,55352.68811300883,42342.42069934457,13010.267413664262,67662.83204901649,61023.86252758793,6638.96952142857,2347.4402849338894,2339.544966488916,47,11,3331.048785629694,2510.363233333333,18297.3098747328,14910.174161523744,10800.0,10700.718707788685,1200.0,10800.0,1.2563862999959383,2.273736754432321e-13,0,1.0,1.0
2025-10-15,greedy,error_scaled_frozen_contract_and_soc,42572.82852843288,42572.82852843288,0.0,67857.80737100467,61393.90627338563,6463.901097619047,2383.1624377083726,0.0,0,0,2010.8387391534368,0.0,20668.13148342758,16741.18650157634,10800.0,10800.0,1520.081354391535,10800.0,0.0004321000014897,1.1368683772161605e-13,0,1.0,1.0
2025-10-15,mpc,error_scaled_frozen_contract_and_soc,57310.38950960897,42572.82852843288,14737.560981176084,67857.80737100467,61393.90627338563,6463.901097619047,2383.1624377083726,2504.99130468998,33,14,2907.579774639212,2170.6298166666666,17716.86591222752,14352.30047783874,10800.0,10798.178790072838,1200.0,10800.0,1.128359399997862,2.273736754432321e-13,0,1.0,1.0
2025-10-16,greedy,error_scaled_frozen_contract_and_soc,47589.00479295604,43335.049726941055,4253.955066014984,68815.09880206763,62238.7336734962,6576.365128571428,2455.263787594285,609.7986046466433,1,1,1759.3480495590773,655.5970333333328,21281.47038853616,17237.991014714287,10800.0,10800.0,1200.0,10800.0,0.0007496000034734,2.273736754432321e-13,0,1.0,1.0
2025-10-16,mpc,error_scaled_frozen_contract_and_soc,62991.01960711532,43335.049726941055,19655.969880174263,68815.09880206763,62238.7336734962,6576.365128571428,2455.263787594285,3625.440822441884,45,12,3311.587618301751,2814.6518666666666,17645.934653126817,14298.107463585711,10800.0,10794.555117163343,1219.9487777777774,10800.0,0.9962289000104648,2.273736754432321e-13,0,1.0,1.0
2025-10-17,greedy,error_scaled_frozen_contract_and_soc,21605.84638495456,21605.84638495456,0.0,38664.81656794344,32027.86504889582,6636.95151904762,2506.456637620555,0.0,0,0,4224.73474109347,14654.478714127705,19902.125242397877,16120.721446342275,10800.0,10800.0,1631.469628412695,10800.0,0.000484599993797,1.1368683772161605e-13,0,1.0,1.0
2025-10-17,mpc,error_scaled_frozen_contract_and_soc,25378.6799060974,21605.84638495456,3772.833521142836,38664.81656794344,32027.86504889582,6636.95151904762,2506.456637620555,724.6399321395993,23,15,4058.1374808303326,15673.347073559304,19356.649176562743,15702.876547536009,10800.0,10773.343650533125,1200.0,10800.0,1.145984500006307,1.1368683772161605e-13,0,1.0,1.0
2025-10-18,greedy,error_scaled_frozen_contract_and_soc,21589.131362585194,21589.131362585194,0.0,38509.94789558935,31971.56945511316,6538.378440476192,2482.781738271189,0.0,0,0,4061.90957136831,14659.108566666664,19538.61310993533,15826.276619047618,10800.0,10800.0,2073.702812169314,10800.0,0.0002722000062931,1.1368683772161605e-13,0,1.0,1.0
2025-10-18,mpc,error_scaled_frozen_contract_and_soc,26134.950019088905,21589.131362585194,4545.818656503709,38509.94789558935,31971.56945511316,6538.378440476192,2482.781738271189,984.52347855704,23,12,3839.380947330189,16044.341292867835,18866.816869677044,15332.661002395342,10800.0,10743.845180047843,1200.0,10800.0,1.0408973000012338,1.1368683772161605e-13,0,1.0,1.0
2025-10-19,greedy,error_scaled_frozen_contract_and_soc,46542.26968751609,44730.82991377739,1811.4397737387,71394.55904646474,64860.81932979808,6533.739716666667,2443.676969922738,262.4683220000047,2,1,2710.577387330985,1017.9407455320396,21277.824748781004,17235.03804651261,10800.0,10800.0,1200.0,10800.0,0.0006338999955914,1.1368683772161605e-13,0,1.0,1.0
2025-10-19,mpc,error_scaled_frozen_contract_and_soc,57594.0016638705,44730.82991377739,12863.171750093112,71394.55904646474,64860.81932979808,6533.739716666667,2443.676969922738,2498.2462341830164,50,18,4319.078332030757,2127.2028666666665,18741.06334008946,15180.261791472454,10800.0,10799.999460000012,1200.0,10800.0,1.0722793000022648,1.1368683772161605e-13,0,1.0,1.0
2025-10-20,greedy,error_scaled_frozen_contract_and_soc,45553.33195926644,45358.75830151472,194.5736577517233,72151.45863970749,65566.4253539932,6585.033285714284,2358.7170343346834,40.62442154761845,2,1,3602.892849588476,86.39923333333309,21378.992692982287,17316.98408131565,10800.0,10800.0,1200.0,10800.0,0.0004286000039428,1.1368683772161605e-13,0,1.0,1.0
2025-10-20,mpc,error_scaled_frozen_contract_and_soc,54186.72439981519,45358.75830151472,8827.966098300474,72151.45863970749,65566.4253539932,6585.033285714284,2358.7170343346834,1709.9251310082618,41,13,4452.402118622785,1307.1494666666674,19444.23083347179,15783.181014712154,10800.0,10762.939956000006,1225.1914259259274,10800.0,1.0617262000014307,2.273736754432321e-13,0,1.0,1.0
2025-10-21,greedy,error_scaled_frozen_contract_and_soc,46086.2018953668,46086.2018953668,0.0,73502.24367482154,66942.07826053585,6560.165414285714,2308.9285754739685,0.0,0,0,3055.722096119932,0.0,20968.10646685072,16984.166238149082,10800.0,10800.0,1582.030481481482,10800.0,0.0006198000046424,1.1368683772161605e-13,0,1.0,1.0
2025-10-21,mpc,error_scaled_frozen_contract_and_soc,54823.05555159503,46086.2018953668,8736.85365622822,73502.24367482154,66942.07826053585,6560.165414285714,2308.9285754739685,1640.7781820333337,35,11,4352.592260533626,729.270804979429,19100.57141174331,15501.993970401463,10800.0,10766.076525678469,1253.9435158730175,10800.0,1.106847299990477,2.273736754432321e-13,0,1.0,1.0
2025-10-22,greedy,error_scaled_frozen_contract_and_soc,48138.29823143269,46244.72960278269,1893.5686286500008,73830.3093896807,67141.13495158547,6689.174438095238,2257.328809043651,395.1656620000002,5,1,4047.910365106923,583.4358333333365,21259.11659600235,17219.884442761904,10800.0,10800.0,1200.0,10800.0,0.0006554999999934,2.273736754432321e-13,0,1.0,1.0
2025-10-22,mpc,error_scaled_frozen_contract_and_soc,55835.045052556496,46244.72960278269,9590.315449773809,73830.3093896807,67141.13495158547,6689.174438095238,2257.328809043651,1856.086351319219,34,11,5172.3515255537895,1209.1558978828864,19777.47037425625,16027.478756693,10800.0,10791.413607171737,1218.2562222222227,10800.0,1.1408697000006214,2.273736754432321e-13,0,1.0,1.0
2025-10-23,greedy,error_scaled_frozen_contract_and_soc,47093.70261950368,47093.70261950368,0.0,74733.27715085003,67985.64148418335,6747.635666666667,2270.035947595992,0.0,0,0,6120.446867048794,1332.4472666666666,20530.978862111777,16630.09287831054,10800.0,10800.0,1525.043238095236,10800.0,0.0004353999975137,1.1368683772161605e-13,0,1.0,1.0
2025-10-23,mpc,error_scaled_frozen_contract_and_soc,51792.11581778995,47093.70261950368,4698.413198286267,74733.27715085003,67985.64148418335,6747.635666666667,2270.035947595992,911.3219003893636,29,12,6144.071976757683,2554.521066666668,19405.088050021932,15838.579075540223,10800.0,10666.158049975047,1242.5198148148152,10800.0,1.4407228000054602,2.273736754432321e-13,0,1.0,1.0
2025-10-24,greedy,error_scaled_frozen_contract_and_soc,21902.11447396098,21902.11447396098,0.0,39023.37647959759,32415.121265311875,6608.255214285713,2314.399745760556,0.0,0,0,3473.833326484424,13209.678950502606,20630.59729444154,16710.783808497647,10800.0,10800.0,1437.9743320105838,10800.0,0.0003572999994503,1.1368683772161605e-13,0,1.0,1.0
2025-10-24,mpc,error_scaled_frozen_contract_and_soc,27495.35062815101,21902.11447396098,5593.236154190028,39023.37647959759,32415.121265311875,6608.255214285713,2314.399745760556,1200.552464472481,41,17,4078.937325842828,14087.994215532564,19402.337934815085,15765.391248787071,10800.0,10745.002753792389,1249.4131613756626,10800.0,1.3195351000031224,2.273736754432321e-13,0,1.0,1.0
2025-10-25,greedy,error_scaled_frozen_contract_and_soc,21918.10928539336,21918.10928539336,0.0,39205.49666834599,32623.274594536462,6582.222073809522,2326.929367033573,0.0,0,0,3355.2150656084664,12584.188673501816,20356.10629422305,16488.446098320674,10800.0,10800.0,1294.547334338624,10800.0,0.0007642999989911,1.1368683772161605e-13,0,1.0,1.0
2025-10-25,mpc,error_scaled_frozen_contract_and_soc,26388.19082247973,21918.10928539336,4470.081537086371,39205.49666834599,32623.274594536462,6582.222073809522,2326.929367033573,932.6435566422448,36,13,3820.842152520248,13240.926262129538,19526.263335350213,15848.324258345096,10800.0,10764.387825876198,1200.0,10800.0,1.2450909000035608,1.1368683772161605e-13,0,1.0,1.0
2025-10-26,greedy,error_scaled_frozen_contract_and_soc,47811.386656930576,47811.386656930576,0.0,75753.33514264342,69147.01568788153,6606.319454761904,2271.1908744996035,0.0,0,0,6165.608802704288,1380.8473833333328,19276.66810494289,15614.101165003747,10800.0,10800.0,1716.2297513227518,10800.0,0.0004629000031854,1.1368683772161605e-13,0,1.0,1.0
2025-10-26,mpc,error_scaled_frozen_contract_and_soc,49558.47889377805,47811.386656930576,1747.0922368474626,75753.33514264342,69147.01568788153,6606.319454761904,2271.1908744996035,359.4469225109833,24,16,6452.980560674578,1397.8848263785983,19578.32114678448,15860.716485349909,10800.0,10797.470715050584,1302.9741322751324,10800.0,1.4443353000096977,2.273736754432321e-13,0,1.0,1.0
2025-10-27,greedy,error_scaled_frozen_contract_and_soc,47660.34900441864,47660.34900441864,0.0,75700.90979807102,69208.38684807104,6492.522949999999,2231.9811451516675,0.0,0,0,6268.545837330984,2057.350689212225,20118.061078216608,16295.629473355451,10800.0,10800.0,1476.0528320899489,10800.0,0.0006423000013455,2.273736754432321e-13,0,1.0,1.0
2025-10-27,mpc,error_scaled_frozen_contract_and_soc,54484.99593708778,47660.34900441864,6824.646932669141,75700.90979807102,69208.38684807104,6492.522949999999,2231.9811451516675,1307.540310829365,38,13,7336.967147240106,2504.0687118871265,19158.494621823054,15543.662038716564,10800.0,10771.909561066792,1206.345777777778,10800.0,1.4579564000014216,2.273736754432321e-13,0,1.0,1.0
2025-10-28,greedy,error_scaled_frozen_contract_and_soc,47321.47266468915,47321.47266468915,0.0,75358.70216602224,69016.33370173653,6342.368464285714,2155.8738135367853,0.0,0,0,4858.724100999414,587.166881893004,20738.892016472782,16798.502533342955,10800.0,10800.0,1453.8112742592598,10800.0,0.0004157999937888,1.1368683772161605e-13,0,1.0,1.0
2025-10-28,mpc,error_scaled_frozen_contract_and_soc,55401.096522862514,47321.47266468915,8079.623858173361,75358.70216602224,69016.33370173653,6342.368464285714,2155.8738135367853,1452.840239069688,33,17,5681.20099435518,1567.600982286894,19068.36007510408,15478.04134665422,10800.0,10763.700349088984,1207.660097883598,10800.0,1.3332806000107666,2.273736754432321e-13,0,1.0,1.0
2025-10-29,greedy,error_scaled_frozen_contract_and_soc,47350.657153303466,47350.657153303466,0.0,75025.76444658234,68830.59812991566,6195.166316666667,2230.307626822618,0.0,0,0,1587.7682406231604,0.0,21714.417926100923,17588.67852014175,10800.0,10800.0,1399.5658492063517,10800.0,0.0003585999947972,1.1368683772161605e-13,0,1.0,1.0
2025-10-29,mpc,error_scaled_frozen_contract_and_soc,60328.88959785889,47350.657153303466,12978.232444555422,75025.76444658234,68830.59812991566,6195.166316666667,2230.307626822618,2425.713643133213,42,13,4153.128195651262,442.8298166666666,18816.483840120443,15273.22056272282,10800.0,10764.590386416374,1200.0,10800.0,1.331184500013478,1.1368683772161605e-13,0,1.0,1.0
2025-10-30,greedy,error_scaled_frozen_contract_and_soc,47440.11028935315,47440.11028935315,0.0,75330.8500409315,68949.04597188387,6381.804069047619,2192.001944521269,0.0,0,0,5008.270194444455,1659.5279,20395.96998151081,16520.73568502376,10800.0,10800.0,1420.078424100531,10800.0,0.0013971000007586,1.1368683772161605e-13,0,1.0,1.0
2025-10-30,mpc,error_scaled_frozen_contract_and_soc,52149.54340766232,47440.11028935315,4709.433118309175,75330.8500409315,68949.04597188387,6381.804069047619,2192.001944521269,928.5203488642752,32,14,6025.611006425844,1738.5872276635564,19675.161575199192,15967.80706949282,10800.0,10765.637562687252,1245.9106375661386,10800.0,1.4345629000017652,2.273736754432321e-13,0,1.0,1.0
2025-10-31,greedy,error_scaled_frozen_contract_and_soc,22393.925860719988,22393.925860719988,0.0,39777.52021905631,33616.74070000868,6160.779519047621,2313.4649255526174,0.0,0,0,3436.375119763815,8608.59605,20148.720961188566,16320.46397856274,10800.0,10800.0,1646.4560026455008,10800.0,0.000416299997596,1.1368683772161605e-13,0,1.0,1.0
2025-10-31,mpc,error_scaled_frozen_contract_and_soc,29681.92938147358,22393.925860719988,7288.003520753591,39777.52021905631,33616.74070000868,6160.779519047621,2313.4649255526174,1413.1131934295183,29,13,3505.654327897247,10226.839783874331,18782.653326323656,15228.80609227608,10800.0,10783.492335606765,1200.0,10800.0,0.9446141999942484,1.1368683772161605e-13,0,1.0,1.0
2025-11-01,greedy,error_scaled_frozen_contract_and_soc,22534.25563012005,22534.25563012005,0.0,40019.47477706321,33530.66603182512,6488.808745238095,2210.9040837983325,0.0,0,0,4067.523778002797,9598.8857,20047.50981961625,16238.482953889164,10800.0,10800.0,1819.030351234263,10800.0,0.0003776999947149,1.1368683772161605e-13,0,1.0,1.0
2025-11-01,mpc,error_scaled_frozen_contract_and_soc,27726.32527382449,22534.25563012005,5192.069643704448,40019.47477706321,33530.66603182512,6488.808745238095,2210.9040837983325,1196.1203520480822,31,14,3771.884680952369,11287.502917156802,19011.418861414637,15399.249763745844,10800.0,10799.999460000012,1200.0,10800.0,1.1003538000077242,1.1368683772161605e-13,0,1.0,1.0
2025-11-02,greedy,error_scaled_frozen_contract_and_soc,49101.42028954887,48662.99881414622,438.4214754026506,77331.38349639978,70741.49922259025,6589.884273809523,2158.5864599603165,62.847115166664366,1,1,4085.546585067608,441.7613103762472,21423.888330469814,17353.349547680547,10800.0,10800.0,1200.0,10800.0,0.0003424999886192,2.273736754432321e-13,0,1.0,1.0
2025-11-02,mpc,error_scaled_frozen_contract_and_soc,56030.48018382964,48662.99881414622,7367.481369683419,77331.38349639978,70741.49922259025,6589.884273809523,2158.5864599603165,1403.3355397542105,38,12,5361.874758381261,821.2470666666666,19846.67325086574,16091.459973093006,10800.0,10782.605955675828,1200.0,10800.0,1.1293376999965403,2.273736754432321e-13,0,1.0,1.0
2025-11-03,greedy,error_scaled_frozen_contract_and_soc,49477.68392137831,49477.68392137831,0.0,78423.02759315632,71739.71783125155,6683.30976190476,2126.940651025079,0.0,0,0,4467.208447031165,627.5475499999991,20122.84901469384,16299.507701902014,10800.0,10800.0,1656.1899112698443,10800.0,0.0005043999990448,1.4210854715202006e-13,0,1.0,1.0
2025-11-03,mpc,error_scaled_frozen_contract_and_soc,52397.66903890039,49477.68392137831,2919.9851175220783,78423.02759315632,71739.71783125155,6683.30976190476,2126.940651025079,598.3400510058273,23,14,5372.065752539567,386.107733333333,20024.053656804484,16265.789781848567,10800.0,10748.548533514517,1238.326629629631,10800.0,1.4448740000079852,1.1368683772161605e-13,0,1.0,1.0
2025-11-04,greedy,error_scaled_frozen_contract_and_soc,49767.25100969449,49767.25100969449,0.0,79115.04019740419,72295.72931883277,6819.310878571429,2088.4733752352768,0.0,0,0,6275.793827572019,1329.9419709876531,20680.17034479577,16750.937979284572,10800.0,10800.0,1221.309194576721,10800.0,0.0008372000011149,1.1368683772161605e-13,0,1.0,1.0
2025-11-04,mpc,error_scaled_frozen_contract_and_soc,52933.6960032222,49767.25100969449,3166.4449935277,79115.04019740419,72295.72931883277,6819.310878571429,2088.4733752352768,630.3668702698453,33,12,7743.339361891802,582.8757655204788,20401.94733975268,16562.827432824248,10800.0,10758.611013750471,1202.2783148148155,10800.0,1.14959230000386,2.273736754432321e-13,0,1.0,1.0
2025-11-05,greedy,error_scaled_frozen_contract_and_soc,50250.762549035615,50250.762549035615,0.0,79605.05630321268,72763.95455083172,6841.101752380952,2078.6035962876977,0.0,0,0,5055.283668959433,842.1777999999995,21208.288250455647,17178.713482869076,10800.0,10800.0,1671.4378915343905,10800.0,0.0005108000041218,1.1368683772161605e-13,0,1.0,1.0
2025-11-05,mpc,error_scaled_frozen_contract_and_soc,54914.51166902618,50250.762549035615,4663.749119990558,79605.05630321268,72763.95455083172,6841.101752380952,2078.6035962876977,992.3275817255884,42,14,6373.183118814329,751.8651166666667,20123.03459583885,16328.719013048249,10800.0,10767.710010645798,1268.38138888889,10800.0,1.0068630000023404,1.1368683772161605e-13,0,1.0,1.0
2025-11-06,greedy,error_scaled_frozen_contract_and_soc,52140.81162404638,49715.14556564995,2425.666058396424,78794.67532223725,71945.921234142,6848.754088095237,2089.700535847698,505.2565490238086,7,1,3772.058208230447,0.0,21885.73217384529,17727.44306081468,10800.0,10800.0,1200.0,10800.0,0.000235600004089,1.1368683772161605e-13,0,1.0,1.0
2025-11-06,mpc,error_scaled_frozen_contract_and_soc,60455.23536634399,49715.14556564995,10740.089800694042,78794.67532223725,71945.921234142,6848.754088095237,2089.700535847698,2154.8622423674947,42,14,5626.540593136379,178.49596666666628,20103.368669891737,16328.45221509004,10800.0,10750.307119469182,1221.7370000000008,10800.0,0.970618799998192,2.273736754432321e-13,0,1.0,1.0
2025-11-07,greedy,error_scaled_frozen_contract_and_soc,23201.977672113644,23201.977672113644,0.0,40894.91995371149,33849.13344180673,7045.786511904762,2095.518512562381,0.0,0,0,3683.358617607287,9999.725831331063,20491.440639156885,16598.06691771708,10800.0,10800.0,1557.5436071428558,10800.0,0.0004468999977689,1.1368683772161605e-13,0,1.0,1.0
2025-11-07,mpc,error_scaled_frozen_contract_and_soc,27830.79956579221,23201.977672113644,4628.821893678571,40894.91995371149,33849.13344180673,7045.786511904762,2095.518512562381,949.5880952380952,35,12,5524.674263469074,9354.296420815052,19573.2040395254,15926.128458193269,10800.0,10720.185348691452,1608.4168362821397,10800.0,1.107048000005307,1.1368683772161605e-13,0,1.0,1.0
2025-11-08,greedy,error_scaled_frozen_contract_and_soc,23087.36619097064,23087.36619097064,0.0,40927.10582241693,33867.98656289312,7059.119259523808,2091.0191038889293,0.0,0,0,3827.304199853027,9479.528275882163,20152.980245693376,16323.913999011638,10800.0,10800.0,1621.9881256349208,10800.0,0.0008340999920619,1.1368683772161605e-13,0,1.0,1.0
2025-11-08,mpc,error_scaled_frozen_contract_and_soc,25872.709554749214,23087.36619097064,2785.343363778572,40927.10582241693,33867.98656289312,7059.119259523808,2091.0191038889293,565.6635166666669,33,12,4696.341195002069,9287.563010601483,19674.717572967875,15957.05953948783,10800.0,10777.179660684607,1511.74711597564,10800.0,1.2990138000022853,1.1368683772161605e-13,0,1.0,1.0
2025-11-09,greedy,error_scaled_frozen_contract_and_soc,51157.004457432406,51157.004457432406,0.0,80803.58510356687,73798.72309642403,7004.862007142856,2113.0129793736905,0.0,0,0,4624.235236860668,785.2937166666666,21301.257719506382,17254.01875280017,10800.0,10800.0,1610.788840026455,10800.0,0.0007937000045785,1.1368683772161605e-13,0,1.0,1.0
2025-11-09,mpc,error_scaled_frozen_contract_and_soc,59249.27969784153,51157.004457432406,8092.275240409126,80803.58510356687,73798.72309642403,7004.862007142856,2113.0129793736905,1514.5619825323506,31,16,6695.746426932168,563.6693666666667,19743.526784196794,16031.612675029724,10800.0,10756.271133521865,1223.6814074074082,10800.0,1.131395499993232,2.273736754432321e-13,0,1.0,1.0
2025-11-10,greedy,error_scaled_frozen_contract_and_soc,51275.0592642404,51275.0592642404,0.0,81209.23184548825,74142.63040501205,7066.601440476191,2064.075010091587,0.0,0,0,2911.223986684294,203.77825000000007,22293.61320423128,18057.82669542733,10800.0,10800.0,1274.959552301587,10800.0,0.0003981000045314,1.1368683772161605e-13,0,1.0,1.0
2025-11-10,mpc,error_scaled_frozen_contract_and_soc,64342.26873841092,51275.0592642404,13067.209474170526,81209.23184548825,74142.63040501205,7066.601440476191,2064.075010091587,2406.424999057151,48,15,5972.872900010239,98.3988333333334,19418.8143480482,15732.872336846376,10800.0,10795.96365008073,1216.3692777777785,10800.0,1.258648799994262,2.273736754432321e-13,0,1.0,1.0
2025-11-11,greedy,error_scaled_frozen_contract_and_soc,51647.47538256731,51647.47538256731,0.0,81396.35070349099,74287.4566582529,7108.894045238096,2045.2043706457137,0.0,0,0,5390.267004196448,426.7160999999995,21159.725961199303,17139.37802857143,10800.0,10800.0,1682.4154100529083,10800.0,0.0003808000037679,1.1368683772161605e-13,0,1.0,1.0
2025-11-11,mpc,error_scaled_frozen_contract_and_soc,58901.46099950337,51647.47538256731,7253.985616936064,81396.35070349099,74287.4566582529,7108.894045238096,2045.2043706457137,1375.068413371815,32,12,7011.708248589687,471.7430166666664,19785.720209663203,16056.772024723425,10800.0,10766.290383448635,1237.665055555554,10800.0,1.389308500001789,2.273736754432321e-13,0,1.0,1.0
2025-11-12,greedy,error_scaled_frozen_contract_and_soc,52070.02784968399,52070.02784968399,0.0,82249.26798134524,75158.09974086905,7091.168240476191,2035.7392990665076,0.0,0,0,6779.040883326433,501.9881188487568,21117.11173247399,17104.860503303935,10800.0,10800.0,1406.632270873017,10800.0,0.0002460999967297,2.273736754432321e-13,0,1.0,1.0
2025-11-12,mpc,error_scaled_frozen_contract_and_soc,57518.3418119085,52070.02784968399,5448.313962224514,82249.26798134524,75158.09974086905,7091.168240476191,2035.7392990665076,984.7984964876878,38,13,7954.837586939531,528.3493261904762,20074.88048580489,16279.98867110196,10800.0,10778.516136,1200.0,10800.0,1.2841457000031369,2.273736754432321e-13,0,1.0,1.0
2025-11-13,greedy,error_scaled_frozen_contract_and_soc,52318.09491027221,52318.09491027221,0.0,82418.05762104808,75329.81398771475,7088.243633333333,2042.6240492047616,0.0,0,0,5834.202738301,266.8873333333329,20637.348593405724,16716.25236065864,10800.0,10800.0,1312.5178597883591,10800.0,0.0009531999967293,2.273736754432321e-13,0,1.0,1.0
2025-11-13,mpc,error_scaled_frozen_contract_and_soc,61179.33754121444,52318.09491027221,8861.242630942239,82418.05762104808,75329.81398771475,7088.243633333333,2042.6240492047616,1607.3654980095234,35,12,7504.365037403488,410.8301976190478,19571.3840109699,15857.027443601495,10800.0,10795.326228093472,1200.0,10800.0,1.4346330999978818,2.273736754432321e-13,0,1.0,1.0
2025-11-14,greedy,error_scaled_frozen_contract_and_soc,23818.639911710365,23818.639911710365,0.0,41973.101137965554,34927.87313320364,7045.228004761906,2056.3166119264674,0.0,0,0,4027.038069870665,6618.577539287283,19626.4748884611,15897.44465965349,10800.0,10800.0,1709.749417989417,10800.0,0.0008129999914672,1.1368683772161605e-13,0,1.0,1.0
2025-11-14,mpc,error_scaled_frozen_contract_and_soc,28038.66710727064,23818.639911710365,4220.027195560272,41973.101137965554,34927.87313320364,7045.228004761906,2056.3166119264674,813.0500589868254,27,13,3989.7344655844345,7587.1344,19059.70995822509,15448.882926857144,10800.0,10788.313488116866,1200.0,10800.0,1.4434807000070575,1.1368683772161605e-13,0,1.0,1.0
2025-11-15,greedy,error_scaled_frozen_contract_and_soc,23465.77867412245,23465.77867412245,0.0,41475.64590094351,34574.90144856255,6900.744452380952,2023.0739682424205,0.0,0,0,3674.921866199246,5678.5219,20580.60641093474,16670.29119285714,10800.0,10800.0,1637.2926592592607,10800.0,0.0003396999964024,1.1368683772161605e-13,0,1.0,1.0
2025-11-15,mpc,error_scaled_frozen_contract_and_soc,28203.51149865043,23465.77867412245,4737.7328245279805,41475.64590094351,34574.90144856255,6900.744452380952,2023.0739682424205,1024.0234591032029,38,10,3463.833781567591,7135.724368146224,19481.68746789636,15793.463174230132,10800.0,10785.22630529547,1200.0,10800.0,0.8911526999872876,1.1368683772161605e-13,0,1.0,1.0
2025-11-16,greedy,error_scaled_frozen_contract_and_soc,53194.70842292815,53194.70842292815,0.0,83756.42577872,76950.79882633906,6805.626952380952,1897.498600425199,0.0,0,0,4869.01170311582,270.20066666666685,22014.04750317995,17831.378477575763,10800.0,10800.0,1497.2003544973586,10800.0,0.0002487000019755,2.273736754432321e-13,0,1.0,1.0
2025-11-16,mpc,error_scaled_frozen_contract_and_soc,59788.82766058493,53194.70842292815,6594.119237656771,83756.42577872,76950.79882633906,6805.626952380952,1897.498600425199,1342.0359820835572,44,18,6786.722228155551,12.079899999999952,20545.74493052117,16680.62968120649,10800.0,10757.137458350731,1207.0617777777793,10800.0,0.8710786000010557,2.273736754432321e-13,0,1.0,1.0
2025-11-17,greedy,error_scaled_frozen_contract_and_soc,53923.77126910141,53923.77126910141,0.0,84666.64070325336,77829.24399611051,6837.396707142857,1901.542281973532,0.0,0,0,7651.038822304158,361.7578667317076,20832.05095202196,16873.961271137792,10800.0,10800.0,1584.882947089946,10800.0,0.0004145999992033,1.1368683772161605e-13,0,1.0,1.0
2025-11-17,mpc,error_scaled_frozen_contract_and_soc,57734.50054275141,53923.77126910141,3810.7292736499967,84666.64070325336,77829.24399611051,6837.396707142857,1901.542281973532,809.2948619047613,29,12,8802.317543184085,159.94381666666663,20291.30042882612,16473.38055685208,10800.0,10758.41421166342,1284.866622215286,10800.0,1.1224578999972437,2.273736754432321e-13,0,1.0,1.0
2025-11-18,greedy,error_scaled_frozen_contract_and_soc,53473.26678517408,53473.26678517408,0.0,84106.99638178817,77369.96907702627,6737.027304761904,1927.7677858507536,0.0,0,0,5133.407926396237,71.13918333333288,21115.24967750141,17103.352238776148,10800.0,10800.0,1480.401685185186,10800.0,0.0003898000140907,1.1368683772161605e-13,0,1.0,1.0
2025-11-18,mpc,error_scaled_frozen_contract_and_soc,59144.94905383125,53473.26678517408,5671.682268657176,84106.99638178817,77369.96907702627,6737.027304761904,1927.7677858507536,1087.81334309541,30,15,6405.47274315378,125.24628333333294,20124.61227979149,16351.073414728357,10800.0,10744.291702114164,1239.9602962962958,10800.0,1.1108550000062678,1.1368683772161605e-13,0,1.0,1.0
2025-11-19,greedy,error_scaled_frozen_contract_and_soc,53406.07897842432,53406.07897842432,0.0,84018.61857214294,77319.0790792858,6699.539492857143,1886.736526297102,0.0,0,0,4327.744452910055,105.0795333333333,22197.27887315558,17979.795887256027,10800.0,10800.0,1393.3717275132271,10800.0,0.0007641999982297,2.273736754432321e-13,0,1.0,1.0
2025-11-19,mpc,error_scaled_frozen_contract_and_soc,61522.69294502131,53406.07897842432,8116.61396659698,84018.61857214294,77319.0790792858,6699.539492857143,1886.736526297102,1680.3784259260524,47,14,6446.250120806158,41.38911666666695,20346.206879069003,16503.16071847283,10800.0,10774.740948414516,1220.6351851851844,10800.0,1.0505301000084728,2.273736754432321e-13,0,1.0,1.0
2025-11-20,greedy,error_scaled_frozen_contract_and_soc,54012.00753576149,54012.00753576149,0.0,84822.03550220793,78208.28658077934,6613.748921428571,1894.158618412539,0.0,0,0,5913.4273073780105,94.43773333333354,21163.654885069696,17142.560456906453,10800.0,10800.0,1645.4660132275146,10800.0,0.0003846999898087,1.1368683772161605e-13,0,1.0,1.0
2025-11-20,mpc,error_scaled_frozen_contract_and_soc,59888.8728460296,54012.00753576149,5876.865310268116,84822.03550220793,78208.28658077934,6613.748921428571,1894.158618412539,1157.034344090222,35,15,7232.671914606501,235.5562666666665,20024.282311174546,16306.516679482898,10800.0,10703.50221396498,1241.8987962962974,10800.0,1.131293900005403,2.273736754432321e-13,0,1.0,1.0
2025-11-21,greedy,error_scaled_frozen_contract_and_soc,23468.256585370724,23468.256585370724,0.0,41461.60402760829,34979.49093713211,6482.11309047619,1953.2579415734915,0.0,0,0,3413.0093855085283,5327.896328881503,20296.39077132425,16440.076524772652,10800.0,10800.0,1605.6617274219254,10800.0,0.0003347999881953,1.1368683772161605e-13,0,1.0,1.0
2025-11-21,mpc,error_scaled_frozen_contract_and_soc,26423.834590467734,23468.256585370724,2955.5780050970097,41461.60402760829,34979.49093713211,6482.11309047619,1953.2579415734915,788.0461506047662,33,12,3319.1384709594467,6428.872983333333,19578.96285999293,15941.708202739312,10800.0,10708.05745983885,1275.661335978838,10800.0,1.0066336000018057,1.1368683772161605e-13,0,1.0,1.0
2025-11-22,greedy,error_scaled_frozen_contract_and_soc,23504.761917027696,23504.761917027696,0.0,41820.89594264847,35443.76516169608,6377.13078095238,1889.5195229401984,0.0,0,0,2985.432344421973,4758.834066666666,20298.94762224469,16442.147574018203,10800.0,10800.0,1692.1840132275138,10800.0,0.0003780000115511,1.1368683772161605e-13,0,1.0,1.0
2025-11-22,mpc,error_scaled_frozen_contract_and_soc,26068.41044745508,23504.761917027696,2563.64853042738,41820.89594264847,35443.76516169608,6377.13078095238,1889.5195229401984,591.7170071428573,37,15,3359.46960378153,5080.219645756473,19828.1172552239,16075.023038303916,10800.0,10784.168820474928,1291.187236735448,10800.0,1.0354823999950895,1.1368683772161605e-13,0,1.0,1.0
2025-11-23,greedy,error_scaled_frozen_contract_and_soc,54674.36265984656,54674.36265984656,0.0,85854.437321581,79537.28439539052,6317.152926190475,1933.7073629309125,0.0,0,0,5884.951500944026,557.4431999999995,21999.717564756025,17819.77122745238,10800.0,10800.0,1526.1071660846574,10800.0,0.0003901000018231,2.273736754432321e-13,0,1.0,1.0
2025-11-23,mpc,error_scaled_frozen_contract_and_soc,61280.59475448228,54674.36265984656,6606.23209463572,85854.437321581,79537.28439539052,6317.152926190475,1933.7073629309125,1370.549933333334,35,15,7814.819046789875,228.69333612499736,20816.392663877385,16867.014075211257,10800.0,10793.626647254923,1389.17825454164,10800.0,1.2291171999968356,2.273736754432321e-13,0,1.0,1.0
2025-11-24,greedy,error_scaled_frozen_contract_and_soc,53897.20059542732,53897.20059542732,0.0,84962.1516500487,78643.70240957252,6318.449240476191,1926.0664553174188,0.0,0,0,6334.049864873607,463.0362999999999,21069.062027237396,17065.940242062294,10800.0,10800.0,1309.153997354499,10800.0,0.0005032999906688,2.273736754432321e-13,0,1.0,1.0
2025-11-24,mpc,error_scaled_frozen_contract_and_soc,58817.65753495136,53897.20059542732,4920.456939524043,84962.1516500487,78643.70240957252,6318.449240476191,1926.0664553174188,963.5448127328912,32,13,7616.494188206867,356.8039878831164,20412.005913640063,16621.55132694845,10800.0,10702.414959000002,1256.7773121693122,10800.0,1.079709300000104,2.273736754432321e-13,0,1.0,1.0
2025-11-25,greedy,error_scaled_frozen_contract_and_soc,54390.67065916518,54390.67065916518,0.0,85613.50520096297,79317.41803905819,6296.087161904761,1939.2092011848808,0.0,0,0,5137.085132885367,183.10095000000047,21708.72974426808,17584.071092857143,10800.0,10800.0,1474.3667434656113,10800.0,0.0004982999962521,1.1368683772161605e-13,0,1.0,1.0
2025-11-25,mpc,error_scaled_frozen_contract_and_soc,58911.31596913063,54390.67065916518,4520.645309965435,85613.50520096297,79317.41803905819,6296.087161904761,1939.2092011848808,947.4053264978623,39,15,6443.27633316765,13.678752380952233,20933.30189160484,16998.006916359278,10800.0,10753.29735093405,1203.67177777778,10800.0,1.0564998000045307,2.273736754432321e-13,0,1.0,1.0
2025-11-26,greedy,error_scaled_frozen_contract_and_soc,54855.373212670114,54828.563714136784,26.80949853333309,86199.91481484554,79869.59393389316,6330.320880952381,1934.6051643617457,5.723633333333282,1,1,5234.9912859494325,60.65158333333284,21854.36155559353,17702.032860030755,10800.0,10800.0,1563.3168835978831,10800.0,0.0005067000020062,1.1368683772161605e-13,0,1.0,1.0
2025-11-26,mpc,error_scaled_frozen_contract_and_soc,61132.851250749896,54828.563714136784,6304.287536613108,86199.91481484554,79869.59393389316,6330.320880952381,1934.6051643617457,1223.5422408354875,34,13,6777.730446705325,0.0,20520.962699599542,16632.90297395717,10800.0,10787.863125242737,1241.280335978838,10800.0,1.338387399999192,2.273736754432321e-13,0,1.0,1.0
2025-11-27,greedy,error_scaled_frozen_contract_and_soc,54911.70616906764,54911.70616906764,0.0,86148.90501916924,79835.1138405978,6313.791178571429,1916.3027877082536,0.0,0,0,6116.805720282189,261.34559958848274,20999.26824192234,17009.4072759571,10800.0,10800.0,1459.1247037301605,10800.0,0.001107400006731,1.1368683772161605e-13,0,1.0,1.0
2025-11-27,mpc,error_scaled_frozen_contract_and_soc,59809.43595053456,54911.70616906764,4897.729781466916,86148.90501916924,79835.1138405978,6313.791178571429,1916.3027877082536,929.705537600454,31,14,7383.984816057702,15.036254761904956,20566.25071716388,16667.55396454712,10800.0,10790.12124039514,1213.9675820105813,10800.0,1.406513099995209,2.273736754432321e-13,0,1.0,1.0
2025-11-28,greedy,error_scaled_frozen_contract_and_soc,23680.38315312384,23680.38315312384,0.0,42196.29620267449,35867.109236007826,6329.186966666666,1882.2410944798407,0.0,0,0,3300.168586047292,4060.017383333333,20604.587806809846,16689.71612351598,10800.0,10800.0,1547.247851851852,10800.0,0.0005184000037843,1.1368683772161605e-13,0,1.0,1.0
2025-11-28,mpc,error_scaled_frozen_contract_and_soc,28287.16662996413,23680.38315312384,4606.783476840297,42196.29620267449,35867.109236007826,6329.186966666666,1882.2410944798407,894.5821408041953,33,12,3697.759541904757,4761.282299385806,19703.33074204277,15992.732789854645,10800.0,10763.294568000005,1200.0,10800.0,1.1706639999902109,1.1368683772161605e-13,0,1.0,1.0
2025-11-29,greedy,error_scaled_frozen_contract_and_soc,23954.974562013544,23954.974562013544,0.0,42622.50972703158,36408.54185322206,6213.967873809524,1815.202339933849,0.0,0,0,2890.5910405937725,1041.5128449537433,19794.50390254772,16033.548161063656,10800.0,10800.0,1802.8733359788364,10800.0,0.0008708000095793,1.1368683772161605e-13,0,1.0,1.0
2025-11-29,mpc,error_scaled_frozen_contract_and_soc,37839.84552249436,23954.974562013544,13884.870960480815,42622.50972703158,36408.54185322206,6213.967873809524,1815.202339933849,2447.3949888717543,32,11,3235.6264613607214,3753.667824483836,17019.996057012584,13868.835726953806,10800.0,10708.178976918209,1200.0,10800.0,1.6152557999885175,1.1368683772161605e-13,0,1.0,1.0
2025-11-30,greedy,error_scaled_frozen_contract_and_soc,55698.0218602939,55698.0218602939,0.0,87375.76941048099,80982.65124857624,6393.118161904762,1874.0057551401983,0.0,0,0,2745.955943503818,0.0,23078.87026479219,18693.88491448167,10800.0,10800.0,1385.0524338624336,10800.0,0.0002634999982547,2.273736754432321e-13,0,1.0,1.0
2025-11-30,mpc,error_scaled_frozen_contract_and_soc,67110.80703995482,55698.0218602939,11412.78517966091,87375.76941048099,80982.65124857624,6393.118161904762,1874.0057551401983,2214.174041223814,47,13,5474.005097134472,0.0,20396.103061161542,16524.99282325786,10800.0,10795.389618092206,1200.0,10800.0,1.1485804000112694,2.273736754432321e-13,0,1.0,1.0
2025-12-01,greedy,error_scaled_frozen_contract_and_soc,75707.6273674973,56233.99569057187,19473.63167692544,88220.65746476961,81876.96102905532,6343.696435714286,1882.467151936111,3713.6150015476182,16,4,1109.8531038506767,0.0,23818.376995438062,19292.88536630483,10800.0,10800.0,1200.0,10800.0,0.0006483999895863,2.273736754432321e-13,0,1.0,1.0
2025-12-01,mpc,error_scaled_frozen_contract_and_soc,84804.87964916631,56233.99569057187,28570.883958594444,88220.65746476961,81876.96102905532,6343.696435714286,1882.467151936111,6605.125388842858,83,12,4728.93851895033,0.0,20274.63154700508,16476.714945676256,10800.0,10739.707341553174,1222.9106666666685,10800.0,1.2839005999994697,2.273736754432321e-13,0,1.0,1.0
2025-12-02,greedy,error_scaled_frozen_contract_and_soc,81082.49652944334,56667.03141579642,24415.46511364692,88920.85032096932,82297.12137335027,6623.728947619049,2184.01991595869,4599.418387595239,17,5,430.6772428571446,0.0,23430.429030039013,18978.64751433161,10800.0,10800.0,1200.0,10800.0,0.0006192999862832,2.273736754432321e-13,0,1.0,1.0
2025-12-02,mpc,error_scaled_frozen_contract_and_soc,89914.61752400183,56667.03141579642,33247.58610820542,88920.85032096932,82297.12137335027,6623.728947619049,2184.01991595869,7245.624538578332,96,10,3694.48294700222,0.0,20263.837192560608,16429.655230015178,10800.0,10782.280995509907,1226.0371851851853,10800.0,1.1035840999975337,2.273736754432321e-13,0,1.0,1.0
2025-12-03,greedy,error_scaled_frozen_contract_and_soc,67706.69692125471,57655.64496300536,10051.051958249343,90144.9749482067,83123.41321487338,7021.561733333334,2508.914765665674,1990.3691566904772,13,4,383.2237380952376,0.0,24371.618442817227,19782.24664268196,10800.0,10754.182551111113,1200.0,10800.0,0.0003292000037617,1.1368683772161605e-13,0,1.0,1.0
2025-12-03,mpc,error_scaled_frozen_contract_and_soc,78506.29334799998,57655.64496300536,20850.648384994616,90144.9749482067,83123.41321487338,7021.561733333334,2508.914765665674,4969.942560795244,90,16,4070.38420922428,0.0,20733.448671688187,16851.66393857719,10800.0,10736.03276165582,1204.3862037037038,10800.0,1.3882655999914275,4.547473508864641e-13,0,1.0,1.0
2025-12-04,greedy,error_scaled_frozen_contract_and_soc,70692.21966248089,58027.93627935938,12664.2833831215,90537.5371155328,83139.46003219945,7398.077083333334,2548.5113268615078,2606.804804119048,13,3,1688.2448875367418,0.0,24440.276726921504,19755.388444806416,10754.182551111113,10800.0,1200.0,10800.0,0.000694200003636,2.273736754432321e-13,0,1.0,1.0
2025-12-04,mpc,error_scaled_frozen_contract_and_soc,81466.5649231387,58027.93627935938,23438.62864377932,90537.5371155328,83139.46003219945,7398.077083333334,2548.5113268615078,5399.660590770021,81,16,5213.811234525461,0.0,20953.380229932787,17001.202508155442,10754.182551111113,10721.999748989014,1200.0,10764.897169285714,1.2477408999984618,2.273736754432321e-13,0,1.0,1.0
2025-12-05,greedy,error_scaled_frozen_contract_and_soc,29092.635659467956,25951.930932245697,3140.7047272222576,45567.71520339204,37767.93672243967,7799.778480952381,2633.092531379444,585.4527620127121,7,1,860.851856172836,0.0,20950.99171525573,16970.303289357144,10800.0,10800.0,1200.0,10800.0,0.0003878999996231,1.1368683772161605e-13,0,1.0,1.0
2025-12-05,mpc,error_scaled_frozen_contract_and_soc,43910.45527002495,25951.930932245697,17958.52433777925,45567.71520339204,37767.93672243967,7799.778480952381,2633.092531379444,4073.306117652379,61,10,2150.557468700774,3183.4254566980044,16651.396117458364,13655.98540514605,10800.0,10612.939388883588,1200.0,10800.0,0.946941500005778,1.1368683772161605e-13,0,1.0,1.0
2025-12-06,greedy,error_scaled_frozen_contract_and_soc,34543.813575642605,26273.32777695887,8270.485798683732,46409.33361770544,38146.53800818163,8262.795609523808,2552.953859644524,1272.3577092707394,7,4,254.1254666666661,0.0,19857.195342857143,16094.260299214293,10800.0,10788.964365,1200.0,10800.0,0.0003871000080835,1.1368683772161605e-13,0,1.0,1.0
2025-12-06,mpc,error_scaled_frozen_contract_and_soc,41701.10376712395,26273.32777695887,15427.775990165072,46409.33361770544,38146.53800818163,8262.795609523808,2552.953859644524,3720.576663853424,74,13,1864.58642654244,1399.5112528643112,16950.628665831344,13749.446880345891,10800.0,10778.402598863884,1200.0,10800.0,0.9112444000056712,1.1368683772161605e-13,0,1.0,1.0
2025-12-07,greedy,error_scaled_frozen_contract_and_soc,60855.697288758776,60394.22383365179,461.4734551069905,93885.33562833969,85180.92427595872,8704.411352380952,2551.280656078968,100.34384169047186,3,2,1578.1423700764287,0.0,24973.28304449333,20218.427194539607,10788.964365,10800.0,1200.0,10800.0,0.0003468000068096,2.273736754432321e-13,0,1.0,1.0
2025-12-07,mpc,error_scaled_frozen_contract_and_soc,75867.22170049934,60394.22383365179,15472.997866847556,93885.33562833969,85180.92427595872,8704.411352380952,2551.280656078968,3395.604244775056,77,19,5697.507518352918,0.0,20915.88693431208,16985.13582955026,10788.964365,10740.889461936138,1232.4912354497374,10788.964365,0.9572585999994772,2.273736754432321e-13,0,1.0,1.0
2025-12-08,greedy,error_scaled_frozen_contract_and_soc,65618.92103728512,65618.92103728512,0.0,101552.03995169431,92512.67531598004,9039.364635714286,2453.238970230277,0.0,0,0,9605.425465402706,0.0,21575.807208552484,17476.403838927516,10800.0,10800.0,1433.320116402118,10800.0,0.0003849000058835,2.273736754432321e-13,0,1.0,1.0
2025-12-08,mpc,error_scaled_frozen_contract_and_soc,69450.4648245101,65618.92103728512,3831.543787224984,101552.03995169431,92512.67531598004,9039.364635714286,2453.238970230277,673.7682807683962,20,6,10318.303677955875,0.0,21519.56434361836,17459.270905778165,10800.0,10768.418013947452,1242.4950925925923,10800.0,1.303101699988474,1.1368683772161605e-13,0,1.0,1.0
2025-12-09,greedy,error_scaled_frozen_contract_and_soc,66093.5009167486,66093.5009167486,0.0,102052.54773784944,93007.84726165896,9044.700476190475,2451.423318924603,0.0,0,0,10421.239453468548,0.0,22330.8106195486,18087.95660183436,10800.0,10800.0,1470.4138095238106,10800.0,0.0005543000006582,1.1368683772161605e-13,0,1.0,1.0
2025-12-09,mpc,error_scaled_frozen_contract_and_soc,70257.30028089146,66093.5009167486,4163.79936414286,102052.54773784944,93007.84726165896,9044.700476190475,2451.423318924603,777.6908952380959,24,11,11257.12100041495,11.30588809523806,21986.86635593553,17813.50887802484,10800.0,10795.392078092156,1229.0667777777771,10800.0,1.1769420999917202,2.273736754432321e-13,0,1.0,1.0
2025-12-10,greedy,error_scaled_frozen_contract_and_soc,65181.70475544554,65181.70475544554,0.0,101157.41560498324,92158.29658593563,8999.11901904762,2463.23763098984,0.0,0,0,8610.228165961202,0.0,21892.468275554736,17732.89930319934,10800.0,10800.0,1585.6980079365112,10800.0,0.000555799997528,2.273736754432321e-13,0,1.0,1.0
2025-12-10,mpc,error_scaled_frozen_contract_and_soc,69863.39170459592,65181.70475544554,4681.6869491503785,101157.41560498324,92158.29658593563,8999.11901904762,2463.23763098984,813.3232313637141,21,10,9508.338427558218,0.0,21625.346971100586,17550.565028978483,10800.0,10762.184464014432,1256.976370370373,10800.0,1.455923299989081,2.273736754432321e-13,0,1.0,1.0
2025-12-11,greedy,error_scaled_frozen_contract_and_soc,66052.63903305982,66052.63903305982,0.0,101951.4263569448,93080.86779265906,8870.558564285715,2505.3478312481348,0.0,0,0,11944.588109494416,0.0,21292.544986580982,17246.961439130602,10800.0,10800.0,1654.201923280426,10800.0,0.0003605999954743,2.273736754432321e-13,0,1.0,1.0
2025-12-11,mpc,error_scaled_frozen_contract_and_soc,67488.49616300626,66052.63903305982,1435.857129946434,101951.4263569448,93080.86779265906,8870.558564285715,2505.3478312481348,245.6394285714296,16,9,12081.596232371156,15.378597619047696,22041.2156160852,17902.379360559175,10800.0,10745.561431633152,1475.8712755492948,10800.0,1.163014200006728,2.273736754432321e-13,0,1.0,1.0
2025-12-12,greedy,error_scaled_frozen_contract_and_soc,30521.8843342114,30521.8843342114,0.0,54774.61454467815,45929.01872086863,8845.595823809525,2524.246709379365,0.0,0,0,5977.104108171666,1643.5620999999994,18102.81501670084,14663.280163527686,10800.0,10800.0,1713.9976851851832,10800.0,0.0003604999947128,1.1368683772161605e-13,0,1.0,1.0
2025-12-12,mpc,error_scaled_frozen_contract_and_soc,33490.46301698401,30521.8843342114,2968.578682772619,54774.61454467815,45929.01872086863,8845.595823809525,2524.246709379365,554.8972642857143,25,11,6311.305157924499,2001.66485,17767.88278099625,14465.75446329021,10800.0,10718.033988129722,1290.2857037037031,10800.0,1.321940199995879,1.1368683772161605e-13,0,1.0,1.0
2025-12-13,greedy,error_scaled_frozen_contract_and_soc,31011.08850279064,31011.08850279064,0.0,55826.25733460253,46868.25385126918,8958.003483333334,2490.7981961979367,0.0,0,0,7147.404379306292,1405.5896333333335,18288.05230857665,14813.322369947093,10800.0,10800.0,1830.35578042328,10800.0,0.0003538000019034,1.1368683772161605e-13,0,1.0,1.0
2025-12-13,mpc,error_scaled_frozen_contract_and_soc,36025.7159311056,31011.08850279064,5014.627428314967,55826.25733460253,46868.25385126918,8958.003483333334,2490.7981961979367,931.337657908116,26,11,7515.773560843425,2121.937483333333,17517.282462753807,14195.931897753264,10800.0,10792.29655230813,1292.4820873015865,10800.0,1.2713077000080375,1.1368683772161605e-13,0,1.0,1.0
2025-12-14,greedy,error_scaled_frozen_contract_and_soc,66192.6211090874,66192.6211090874,0.0,102323.11247935383,93405.10787697288,8918.004602380954,2479.623642392539,0.0,0,0,9258.183166196355,0.0,22558.9869113552,18272.77939819772,10800.0,10800.0,1578.6865846560854,10800.0,0.0008184999896911,1.1368683772161605e-13,0,1.0,1.0
2025-12-14,mpc,error_scaled_frozen_contract_and_soc,70186.1780931374,66192.6211090874,3993.5569840500016,102323.11247935383,93405.10787697288,8918.004602380954,2479.623642392539,760.1054809523812,24,10,10100.789031540258,0.0,22124.776919820823,17921.069791054855,10800.0,10799.999460000012,1242.5568703703714,10800.0,1.153718100002152,1.1368683772161605e-13,0,1.0,1.0
2025-12-15,greedy,error_scaled_frozen_contract_and_soc,65765.4827074071,65765.4827074071,0.0,101865.19624467072,92955.86804705166,8909.328197619048,2471.195945233294,0.0,0,0,8069.412391446214,0.0,22769.6099292518,18443.384042693964,10800.0,10800.0,1508.748116402116,10800.0,0.0008337999897776,2.273736754432321e-13,0,1.0,1.0
2025-12-15,mpc,error_scaled_frozen_contract_and_soc,69935.85189314163,65765.4827074071,4170.369185734529,101865.19624467072,92955.86804705166,8909.328197619048,2471.195945233294,816.5978642857152,25,12,9041.872626937497,0.0,22046.941510427183,17876.577995074913,10800.0,10779.382920412345,1258.2599984597796,10800.0,1.2093079000042053,2.273736754432321e-13,0,1.0,1.0
2025-12-16,greedy,error_scaled_frozen_contract_and_soc,66369.11325246419,66369.11325246419,0.0,102402.32652113948,93514.33055209188,8887.995969047619,2502.177168298333,0.0,0,0,8702.650532039977,0.0,22534.6560829799,18253.07142721372,10800.0,10800.0,1616.0370423280438,10800.0,0.0005437999934656,2.273736754432321e-13,0,1.0,1.0
2025-12-16,mpc,error_scaled_frozen_contract_and_soc,69442.96344828683,66369.11325246419,3073.850195822623,102402.32652113948,93514.33055209188,8887.995969047619,2502.177168298333,595.9388380952389,20,8,9370.478450391116,20.48990816610217,22264.78311836742,18075.577451023244,10800.0,10754.329860949296,1337.2758077665976,10800.0,1.0812358999974094,2.273736754432321e-13,0,1.0,1.0
2025-12-17,greedy,error_scaled_frozen_contract_and_soc,65899.23071118831,65899.23071118831,0.0,102218.69310806824,93460.16420330633,8758.528904761904,2530.4662895447227,0.0,0,0,9867.182293474432,0.0,21892.96709435335,17733.30334642622,10800.0,10800.0,1545.5525370370392,10800.0,0.000392699992517,1.1368683772161605e-13,0,1.0,1.0
2025-12-17,mpc,error_scaled_frozen_contract_and_soc,68306.55072843474,65899.23071118831,2407.320017246428,102218.69310806824,93460.16420330633,8758.528904761904,2530.4662895447227,412.9636023809524,20,12,10262.705655924508,0.0,22052.728069998517,17875.624082140508,10800.0,10785.650727286991,1479.4425985799085,10800.0,0.9725209000025644,2.273736754432321e-13,0,1.0,1.0
2025-12-18,greedy,error_scaled_frozen_contract_and_soc,65724.3990648264,65724.3990648264,0.0,101599.14062324312,92815.86323514787,8783.277388095237,2524.456642858096,0.0,0,0,9910.063098677245,0.0,22751.634515258986,18428.82395735977,10800.0,10800.0,1556.1027989417964,10800.0,0.0003590999986045,2.273736754432321e-13,0,1.0,1.0
2025-12-18,mpc,error_scaled_frozen_contract_and_soc,69254.31151473118,65724.3990648264,3529.912449904764,101599.14062324312,92815.86323514787,8783.277388095237,2524.456642858096,737.1055214285718,28,11,10800.560368584693,0.0,22049.023464399157,17879.604654978823,10800.0,10777.893723538322,1351.8567343223035,10800.0,1.0255605000129435,2.273736754432321e-13,0,1.0,1.0
2025-12-19,greedy,error_scaled_frozen_contract_and_soc,30925.72991240377,30925.72991240377,0.0,55802.37997057437,47096.94656343151,8705.433407142857,2543.259752018333,0.0,0,0,7307.111333686073,2058.1105166666666,18572.456948534986,15043.690128313345,10800.0,10800.0,1601.2333121693136,10800.0,0.0003851999936159,1.1368683772161605e-13,0,1.0,1.0
2025-12-19,mpc,error_scaled_frozen_contract_and_soc,35559.43680837828,30925.72991240377,4633.706895974512,55802.37997057437,47096.94656343151,8705.433407142857,2543.259752018333,849.3655036196569,32,10,7426.179309256007,2983.9935973615457,17798.880732746362,14465.699465169875,10800.0,10745.993253727416,1251.0796507936511,10800.0,1.3464641000027768,1.1368683772161605e-13,0,1.0,1.0
2025-12-20,greedy,error_scaled_frozen_contract_and_soc,30919.079270504488,30919.079270504488,0.0,55861.45047389404,47208.04504532261,8653.40542857143,2564.025952879364,0.0,0,0,7041.658407348624,2412.1315485008786,18691.09614760286,15139.78787955832,10800.0,10800.0,1717.3422751322787,10800.0,0.000921400001971,1.1368683772161605e-13,0,1.0,1.0
2025-12-20,mpc,error_scaled_frozen_contract_and_soc,34774.21376554496,30919.079270504488,3855.1344950404737,55861.45047389404,47208.04504532261,8653.40542857143,2564.025952879364,714.51199047619,27,6,7692.062478549764,2618.416124425353,18195.835412382006,14786.703800986894,10800.0,10746.580981158371,1465.669699513229,10800.0,1.2116639000014402,1.1368683772161605e-13,0,1.0,1.0
2025-12-21,greedy,error_scaled_frozen_contract_and_soc,66167.82516257618,66167.82516257618,0.0,102127.98745849544,93499.20001801924,8628.787440476191,2564.5494414402374,0.0,0,0,8891.246175161672,0.0,22099.786403511043,17900.82698684395,10800.0,10800.0,1498.2455000000025,10800.0,0.0003181000065524,2.273736754432321e-13,0,1.0,1.0
2025-12-21,mpc,error_scaled_frozen_contract_and_soc,68554.1138225857,66167.82516257618,2386.288660009526,102127.98745849544,93499.20001801924,8628.787440476191,2564.5494414402374,451.4606095238099,18,11,9295.30611320986,6.098654761904868,22317.16850832,18076.907074939183,10800.0,10799.999352000015,1344.087409343043,10800.0,1.2460598000034224,2.273736754432321e-13,0,1.0,1.0
2025-12-22,greedy,error_scaled_frozen_contract_and_soc,65883.62631539132,65883.62631539132,0.0,101987.691350217,93321.3616264075,8666.329723809526,2561.2685493907134,0.0,0,0,8758.562305731917,0.0,22587.905058693534,18296.20309754176,10800.0,10800.0,1369.8595157407403,10800.0,0.0009719999943627,2.273736754432321e-13,0,1.0,1.0
2025-12-22,mpc,error_scaled_frozen_contract_and_soc,69534.8159089544,65883.62631539132,3651.189593563101,101987.691350217,93321.3616264075,8666.329723809526,2561.2685493907134,683.9359904761915,33,12,9518.318433468534,0.0,22210.218140480727,17994.336316589382,10800.0,10795.489308000007,1276.6984882673153,10800.0,1.2580689000023997,2.273736754432321e-13,0,1.0,1.0
2025-12-23,greedy,error_scaled_frozen_contract_and_soc,66135.4643179783,66135.4643179783,0.0,102215.35254619594,93547.1228533388,8668.229692857143,2562.475922783015,0.0,0,0,10826.044362139914,0.0,21743.24026696154,17612.024616238843,10800.0,10800.0,1567.6657989418006,10800.0,0.000371800007997,2.273736754432321e-13,0,1.0,1.0
2025-12-23,mpc,error_scaled_frozen_contract_and_soc,67071.22754347711,66135.4643179783,935.7632254988104,102215.35254619594,93547.1228533388,8668.229692857143,2562.475922783015,158.21528095238114,9,5,10901.838062454226,0.0,22282.750161885324,18069.11293052456,10800.0,10777.683000669504,1320.0569612329014,10800.0,1.1962945999985095,1.1368683772161605e-13,0,1.0,1.0
2025-12-24,greedy,error_scaled_frozen_contract_and_soc,65677.79716937782,65677.79716937782,0.0,101745.68083943128,93167.88980609793,8577.791033333333,2620.838103392937,0.0,0,0,9597.468878659614,0.0,22598.1718110789,18304.519166973914,10800.0,10800.0,1442.2940740740753,10800.0,0.000779500012868,1.1368683772161605e-13,0,1.0,1.0
2025-12-24,mpc,error_scaled_frozen_contract_and_soc,69321.5880395283,65677.79716937782,3643.7908701504766,101745.68083943128,93167.88980609793,8577.791033333333,2620.838103392937,631.2663604409342,24,8,10294.84469823717,0.0,22324.70670340611,18097.163518437745,10800.0,10784.276568134674,1210.2601666666674,10800.0,1.3356205000018235,2.273736754432321e-13,0,1.0,1.0
2025-12-25,greedy,error_scaled_frozen_contract_and_soc,65646.2906173867,65646.2906173867,0.0,101602.81153989212,93042.12663513022,8560.684904761905,2608.245206371508,0.0,0,0,9633.145369900054,0.0,21880.09282451969,17722.875187860947,10800.0,10800.0,1426.7785664550242,10800.0,0.0009183999936794,2.273736754432321e-13,0,1.0,1.0
2025-12-25,mpc,error_scaled_frozen_contract_and_soc,67769.90309761408,65646.2906173867,2123.6124802273835,101602.81153989212,93042.12663513022,8560.684904761905,2608.245206371508,395.6156738095243,17,9,9971.154351029509,0.0,22345.88782910452,18131.06349976571,10800.0,10765.67293534328,1292.2377634126194,10800.0,1.3142733999993652,2.273736754432321e-13,0,1.0,1.0
2025-12-26,greedy,error_scaled_frozen_contract_and_soc,30683.0942880343,30683.0942880343,0.0,55200.06842176237,46692.97177890522,8507.096642857143,2646.4441722607144,0.0,0,0,7082.145242592595,1661.0905126984092,18153.73806914752,14704.527836009487,10800.0,10800.0,2069.528568783071,10800.0,0.0008356000034837,1.1368683772161605e-13,0,1.0,1.0
2025-12-26,mpc,error_scaled_frozen_contract_and_soc,33679.23007106336,30683.0942880343,2996.1357830290576,55200.06842176237,46692.97177890522,8507.096642857143,2646.4441722607144,579.8179967759859,21,9,6554.286620540033,2819.9673595238555,17946.351032469873,14548.34102732874,10800.0,10786.892565524287,1264.6616402116435,10800.0,1.2424324999883538,1.1368683772161605e-13,0,1.0,1.0
2025-12-27,greedy,error_scaled_frozen_contract_and_soc,30584.19693266657,30584.19693266657,0.0,55277.98578964761,46821.49286345713,8456.492926190476,2688.2824582819444,0.0,0,0,6755.170547971788,1739.5603166666665,18128.6624123289,14684.21655398641,10800.0,10800.0,1703.7429550264558,10800.0,0.0003231000009691,1.1368683772161605e-13,0,1.0,1.0
2025-12-27,mpc,error_scaled_frozen_contract_and_soc,33374.27902704767,30584.19693266657,2790.082094381099,55277.98578964761,46821.49286345713,8456.492926190476,2688.2824582819444,517.764810648705,24,11,7109.77980533848,1933.849065343052,18017.68710866677,14604.37444571866,10800.0,10788.835680334922,1250.975357142861,10800.0,1.276144799994654,1.1368683772161605e-13,0,1.0,1.0
2025-12-28,greedy,error_scaled_frozen_contract_and_soc,65893.72892845565,65893.72892845565,0.0,101821.2000958148,93393.70310295766,8427.496992857145,2689.9883571017854,0.0,0,0,10974.986144356262,0.0,21247.15369188705,17210.19449042852,10800.0,10800.0,1766.8696322751323,10800.0,0.0004214000073261,2.273736754432321e-13,0,1.0,1.0
2025-12-28,mpc,error_scaled_frozen_contract_and_soc,68012.77008834732,65893.72892845565,2119.0411598916685,101821.2000958148,93393.70310295766,8427.496992857145,2689.9883571017854,391.079678571429,17,9,11054.62281686406,139.41186423804197,22208.16424561741,17999.173902333278,10800.0,10788.265707352024,1410.26003671921,10800.0,1.3432055000012042,2.273736754432321e-13,0,1.0,1.0
2025-12-29,greedy,error_scaled_frozen_contract_and_soc,65928.22967850791,65928.22967850791,0.0,101959.75211036696,93557.43140798603,8402.320702380952,2707.757340646944,0.0,0,0,10392.675245149903,0.0,21280.58209763373,17237.271499083323,10800.0,10800.0,1628.8972380952366,10800.0,0.0004105999978492,2.273736754432321e-13,0,1.0,1.0
2025-12-29,mpc,error_scaled_frozen_contract_and_soc,66754.6687374329,65928.22967850791,826.4390589250008,101959.75211036696,93557.43140798603,8402.320702380952,2707.757340646944,160.26856904761928,9,5,10343.865298434268,22.18062857142843,22411.28735149223,18181.078865749987,10800.0,10768.959876620798,1213.334658254036,10800.0,1.324210899998434,2.273736754432321e-13,0,1.0,1.0
2025-12-30,greedy,error_scaled_frozen_contract_and_soc,65162.17887319735,65162.17887319735,0.0,100954.39327681964,92724.2680292006,8230.125247619048,2644.8561130139287,0.0,0,0,10562.409398912405,0.0,21934.63830477505,17767.0570268678,10800.0,10800.0,1578.871830687833,10800.0,0.0008875999919837,2.273736754432321e-13,0,1.0,1.0
2025-12-30,mpc,error_scaled_frozen_contract_and_soc,67658.29980276164,65162.17887319735,2496.120929564285,100954.39327681964,92724.2680292006,8230.125247619048,2644.8561130139287,459.04575476190473,17,8,10801.81577684808,172.38822857142873,22316.877374458425,18102.044948296367,10800.0,10771.806361127732,1437.0570774426565,10800.0,1.4165503999975044,2.273736754432321e-13,0,1.0,1.0
2025-12-31,greedy,error_scaled_frozen_contract_and_soc,64954.40580049608,64954.40580049608,0.0,100619.20416892016,92596.82033320588,8022.383835714285,2720.881589940992,0.0,0,0,7610.460726572603,0.0,22959.581626390696,18597.261117376467,10800.0,10800.0,1549.411806878308,10800.0,0.0007646000012755,1.1368683772161605e-13,0,1.0,1.0
2025-12-31,mpc,error_scaled_frozen_contract_and_soc,69536.25810919254,64954.40580049608,4581.85230869645,100619.20416892016,92596.82033320588,8022.383835714285,2720.881589940992,918.9483595238136,29,11,8774.161504637463,0.0,22069.83051261155,17952.262422138367,10800.0,10715.889214529983,1281.7758104690506,10800.0,1.6165923999942606,1.1368683772161605e-13,0,1.0,1.0
2025-02-01,greedy,error_scaled_frozen_contract_and_soc,26709.12435609976,26709.12435609976,0.0,49023.022603149024,43233.888007593465,5789.134595555555,6312.826350179821,0.0,0,0,8536.986137066991,5353.251607523439,16896.482344543976,13686.15069908062,10800.0,10800.0,2584.9119541446184,10800.0,0.0005133999948156,2.273736754432321e-13,0,1.5,1.4999999999999998
2025-02-01,mpc,error_scaled_frozen_contract_and_soc,28684.34101068429,26709.12435609976,1975.2166545845253,49023.022603149024,43233.888007593465,5789.134595555555,6312.826350179821,351.6911797619051,10,6,8621.930277447143,5288.525303452802,18641.08144692494,15099.27645800919,10800.0,10799.999460000012,2028.1831972738687,10800.0,1.011058599993703,2.273736754432321e-13,0,1.5,1.4999999999999998
2025-02-02,greedy,error_scaled_frozen_contract_and_soc,60814.31655276092,60814.31655276092,0.0,95447.25993643588,89758.78041945177,5688.479516984126,6331.734526354028,0.0,0,0,16391.164901285,396.2346843327457,19293.19797423084,15627.490359126983,10800.0,10800.0,1988.86459171076,10800.0,0.0003506999928504,2.273736754432321e-13,0,1.5,1.4999999999999998
2025-02-02,mpc,error_scaled_frozen_contract_and_soc,61466.30851360497,60814.31655276092,651.9919608440459,95447.25993643588,89758.78041945177,5688.479516984126,6331.734526354028,148.9822952380949,4,3,14850.39272834831,1444.9492918858427,22667.095046976465,18360.34757125092,10800.0,10799.999352000015,1507.3586305714334,10800.0,0.9905269000009866,2.273736754432321e-13,0,1.5,1.4999999999999998
2025-02-03,greedy,error_scaled_frozen_contract_and_soc,59761.37374098951,59761.37374098951,0.0,94059.0925764356,88351.30972611814,5707.78285031746,6325.635568520695,0.0,0,0,11738.334940372324,0.0,20165.689494318,16334.208490397585,10800.0,10800.0,1873.607000440916,10800.0,0.0002721999917412,2.273736754432321e-13,0,1.5,1.5000000000000002
2025-02-03,mpc,error_scaled_frozen_contract_and_soc,61015.72500200916,59761.37374098951,1254.3512610196442,94059.0925764356,88351.30972611814,5707.78285031746,6325.635568520695,258.59259642857154,13,8,10395.445600054843,1130.5606448412698,22644.22567907993,18341.823383254727,10800.0,10799.999352000015,1396.079578669729,10800.0,1.0633983000006992,1.1368683772161605e-13,0,1.5,1.5000000000000002
2025-02-04,greedy,error_scaled_frozen_contract_and_soc,60256.86003817031,60256.86003817031,0.0,94763.34714999804,89031.03173301392,5732.3154169841255,6307.104330743882,0.0,0,0,11051.4981979855,20.61325119047615,21551.630211093678,17456.820470985884,10800.0,10800.0,2220.5306909171086,10800.0,0.0005060999974375,1.1368683772161605e-13,0,1.5,1.5
2025-02-04,mpc,error_scaled_frozen_contract_and_soc,63200.94170964949,60256.86003817031,2944.081671479177,94763.34714999804,89031.03173301392,5732.3154169841255,6307.104330743882,603.3531364300891,21,10,11429.877147264791,318.6707053571435,22055.37974514772,18033.653272055795,10800.0,10612.449246126513,1320.8207083333346,10800.0,0.9829444999922998,2.273736754432321e-13,0,1.5,1.5
2025-02-05,greedy,error_scaled_frozen_contract_and_soc,58582.167117194185,58582.167117194185,0.0,92567.5088404276,87805.56615709428,4761.942683333333,4566.75086750565,0.0,0,0,8690.708313634552,113.52286666666625,22310.494094650203,18071.500216666667,10800.0,10800.0,1625.1888202380956,10800.0,0.0003905000048689,2.273736754432321e-13,0,1.5,1.5000000000000002
2025-02-05,mpc,error_scaled_frozen_contract_and_soc,62268.94580748644,58582.167117194185,3686.778690292259,92567.5088404276,87805.56615709428,4761.942683333333,4566.75086750565,717.7408273809519,28,13,9068.278427553369,405.07151784630673,22606.82345873064,18319.20751846461,10800.0,10791.466092341345,1516.1346042506866,10800.0,1.136812299999292,2.273736754432321e-13,0,1.5,1.5000000000000002
2025-02-06,greedy,error_scaled_frozen_contract_and_soc,59050.40326843929,58974.03607680656,76.36719163273688,92802.98276806748,88839.82339822622,3963.159369841271,3251.412147611388,13.12407261904741,2,1,10532.38165599648,5.408641666666881,20856.40815876975,16893.6906086035,10800.0,10800.0,2033.1297103174625,10800.0,0.0003989999968325,2.273736754432321e-13,0,1.5,1.5000000000000002
2025-02-06,mpc,error_scaled_frozen_contract_and_soc,60564.68362301369,58974.03607680656,1590.6475462071417,92802.98276806748,88839.82339822622,3963.159369841271,3251.412147611388,333.5006738095235,13,7,9181.03233491962,1285.7894886904776,22916.336217941847,18562.273592532078,10800.0,10799.954160000916,1611.5820484285723,10800.0,1.0966645000007702,1.1368683772161605e-13,0,1.5,1.5000000000000002
2025-02-07,greedy,error_scaled_frozen_contract_and_soc,24137.83848105902,24137.83848105902,0.0,45454.33012959417,42149.74573197513,3304.584397619048,1942.5968872038493,0.0,0,0,6274.772092983821,7070.114833236044,18483.53361425073,14971.662227543084,10800.0,10800.0,1582.8675648148142,10800.0,0.0004029999981867,2.273736754432321e-13,0,1.5,1.5
2025-02-07,mpc,error_scaled_frozen_contract_and_soc,27257.82340294117,24137.83848105902,3119.984921882143,45454.33012959417,42149.74573197513,3304.584397619048,1942.5968872038493,536.2226654761906,17,6,7129.047142430902,6585.762588606705,19358.799108242514,15680.62786087642,10800.0,10799.999352000015,1725.607294296459,10800.0,1.075918599992292,2.273736754432321e-13,0,1.5,1.5
2025-02-08,greedy,error_scaled_frozen_contract_and_soc,22024.09795129196,22024.09795129196,0.0,41292.83964174117,38070.79812507451,3222.041516666666,1927.9955428724609,0.0,0,0,3020.495250573188,4200.2775154212,19696.04155781513,15953.79366183025,10800.0,10800.0,1507.9714921296277,10800.0,0.0003171999996993,2.273736754432321e-13,0,1.5,1.5
2025-02-08,mpc,error_scaled_frozen_contract_and_soc,26978.598334398604,22024.09795129196,4954.500383106644,41292.83964174117,38070.79812507451,3222.041516666666,1927.9955428724609,942.1334264738056,30,14,3347.0970020697027,4922.175829917083,19423.15056860845,15787.269312142162,10800.0,10739.42516492298,1200.0,10800.0,0.8589307000074768,2.273736754432321e-13,0,1.5,1.5
2025-02-09,greedy,error_scaled_frozen_contract_and_soc,54660.206416058216,54660.206416058216,0.0,86989.37612125189,83759.9018950614,3229.4742261904767,1884.7776228023413,0.0,0,0,2682.6242852145806,0.0,23946.057088166264,19396.30624141468,10800.0,10800.0,1573.843415529103,10800.0,0.0009725999989314,1.1368683772161605e-13,0,1.5,1.5000000000000002
2025-02-09,mpc,error_scaled_frozen_contract_and_soc,61103.70397141039,54660.206416058216,6443.497555352173,86989.37612125189,83759.9018950614,3229.4742261904767,1884.7776228023413,1408.8463255696852,37,16,3931.95027914749,384.8753738095237,22946.56822161431,18622.17241703547,10800.0,10760.608713857917,1205.1101851851845,10800.0,1.025295500003267,2.273736754432321e-13,0,1.5,1.5000000000000002
2025-02-10,greedy,error_scaled_frozen_contract_and_soc,55464.29518743896,55464.29518743896,0.0,88081.68848907827,84862.71942717349,3218.969061904762,1904.2355526711904,0.0,0,0,11777.851530597962,1310.7135510582027,19079.639644326864,15454.508111904765,10800.0,10800.0,1530.6633002645503,10800.0,0.0004036000027554,2.273736754432321e-13,0,1.5,1.5000000000000002
2025-02-10,mpc,error_scaled_frozen_contract_and_soc,57301.935214478246,55464.29518743896,1837.6400270392849,88081.68848907827,84862.71942717349,3218.969061904762,1904.2355526711904,408.2969738095236,19,9,9522.884333484022,3341.384214166958,23006.364022905072,18748.638982668264,10800.0,10673.906528760945,1529.1565013123695,10800.0,1.009285899999668,2.273736754432321e-13,0,1.5,1.5000000000000002
2025-02-11,greedy,error_scaled_frozen_contract_and_soc,54034.25592924765,54034.25592924765,0.0,86206.0136975367,83063.51654991765,3142.4971476190467,1917.0786876211912,0.0,0,0,7975.925810367397,596.1434261904764,21430.985026455022,17359.097871428574,10800.0,10800.0,1206.6818450529088,10800.0,0.0004226000019116,2.273736754432321e-13,0,1.5,1.4999999999999998
2025-02-11,mpc,error_scaled_frozen_contract_and_soc,57167.005826729786,54034.25592924765,3132.749897482141,86206.0136975367,83063.51654991765,3142.4971476190467,1917.0786876211912,549.0215190476185,28,14,7501.926148744269,1390.3395297352797,22743.41180498435,18442.699572831956,10800.0,10777.182210228188,1519.6864164441886,10800.0,1.1087302999949316,2.273736754432321e-13,0,1.5,1.4999999999999998
2025-02-12,greedy,error_scaled_frozen_contract_and_soc,53691.68372683104,53691.68372683104,0.0,85684.89044096171,82621.07465048552,3063.815790476189,1921.1290865783344,0.0,0,0,7355.448031790119,486.0151095238091,21061.54526756979,17059.851666731534,10800.0,10800.0,1454.809060423278,10800.0,0.000361200000043,2.273736754432321e-13,0,1.5,1.5000000000000002
2025-02-12,mpc,error_scaled_frozen_contract_and_soc,57161.84883833937,53691.68372683104,3470.165111508332,85684.89044096171,82621.07465048552,3063.815790476189,1921.1290865783344,698.2875297619042,24,13,6831.738750514494,1452.6453083333322,22624.22945360732,18367.169240541058,10800.0,10753.84068542319,1322.5989962610606,10800.0,0.9795354999951088,2.273736754432321e-13,0,1.5,1.5000000000000002
2025-02-13,greedy,error_scaled_frozen_contract_and_soc,53405.28797412094,53405.28797412094,0.0,85149.40167694942,82122.20548885418,3027.1961880952376,1902.33345955,0.0,0,0,12139.351242146373,1359.4682428571427,18413.295834803048,14914.769626190477,10800.0,10800.0,1360.651654708999,10800.0,0.0004804999916814,2.273736754432321e-13,0,1.5,1.5
2025-02-13,mpc,error_scaled_frozen_contract_and_soc,56764.7652103638,53405.28797412094,3359.477236242857,85149.40167694942,82122.20548885418,3027.1961880952376,1902.33345955,745.2834273809519,27,15,9271.977161598006,4258.259722679933,22230.09812996088,18017.70589324178,10800.0,10787.415102251704,1567.7008175516796,10800.0,0.9911297999933596,1.1368683772161605e-13,0,1.5,1.5
2025-02-14,greedy,error_scaled_frozen_contract_and_soc,21094.6732169097,21094.6732169097,0.0,39440.31731157455,36480.13164252693,2960.185669047619,1904.574072742143,0.0,0,0,1986.3494079953025,4086.3590101890377,20494.098630625183,16600.219890806402,10800.0,10800.0,1509.518079365079,10800.0,0.0002556999970693,1.1368683772161605e-13,0,1.5,1.5
2025-02-14,mpc,error_scaled_frozen_contract_and_soc,26305.834374871916,21094.6732169097,5211.161157962213,39440.31731157455,36480.13164252693,2960.185669047619,1904.574072742143,1191.314387295365,32,11,2800.1337257436803,4627.558067057219,19790.585224461007,16060.375471963416,10800.0,10766.665066500002,1228.098490740742,10800.0,0.9940650000062304,2.273736754432321e-13,0,1.5,1.5
2025-02-15,greedy,error_scaled_frozen_contract_and_soc,20797.044105836343,20797.044105836343,0.0,39009.20172192592,36116.33101002115,2892.8707119047613,1924.7724883647224,0.0,0,0,1181.8790742210476,4897.476362812715,20556.754174871,16650.97088164551,10800.0,10800.0,1428.2374365079384,10800.0,0.0004575000057229,1.1368683772161605e-13,0,1.5,1.5
2025-02-15,mpc,error_scaled_frozen_contract_and_soc,27248.70932168793,20797.044105836343,6451.665215851586,39009.20172192592,36116.33101002115,2892.8707119047613,1924.7724883647224,1423.1586900303066,39,17,2408.323707401528,5408.533074850431,19740.89562072423,16149.454982686637,10800.0,10622.967189,1318.0236970899489,10800.0,1.1089092000038363,1.1368683772161605e-13,0,1.5,1.5
2025-02-16,greedy,error_scaled_frozen_contract_and_soc,51571.45788586707,51448.755795033736,122.70209083333262,82588.53140361824,79633.27096076109,2955.2604428571426,1862.7539320865872,27.051666666666502,2,2,2754.0312691651934,0.0,23189.763658775453,18783.70856360811,10800.0,10800.0,1313.433604232804,10800.0,0.0005746999959228,2.273736754432321e-13,0,1.5,1.5
2025-02-16,mpc,error_scaled_frozen_contract_and_soc,60012.26630320815,51448.755795033736,8563.510508174411,82588.53140361824,79633.27096076109,2955.2604428571426,1862.7539320865872,1838.38116309524,51,19,4066.393575869313,742.8876970238093,22166.159837785617,18004.025249917635,10800.0,10745.071354098567,1210.832069444445,10800.0,1.0183841999969443,2.273736754432321e-13,0,1.5,1.5
2025-02-17,greedy,error_scaled_frozen_contract_and_soc,50939.23850743064,50939.23850743064,0.0,82044.32370015288,79007.76059062907,3036.563109523809,1867.1100018572224,0.0,0,0,7540.408384670776,1238.069398809524,19928.28557020656,16141.911311867312,10800.0,10800.0,1282.6452656878323,10800.0,0.0007580000092275,2.273736754432321e-13,0,1.5,1.5
2025-02-17,mpc,error_scaled_frozen_contract_and_soc,53893.513229169344,50939.23850743064,2954.274721738693,82044.32370015288,79007.76059062907,3036.563109523809,1867.1100018572224,624.9316166666672,24,12,6467.786827655771,2581.6356560932245,22102.478343152143,17962.11716841493,10800.0,10734.32254393146,1398.3298091078975,10800.0,1.08119660000375,2.273736754432321e-13,0,1.5,1.5
2025-02-18,greedy,error_scaled_frozen_contract_and_soc,50875.05494155215,50772.92245780215,102.13248374999996,81618.85518557957,78620.893414151,2997.961771428571,1865.5898369858733,22.449166666666656,1,1,6174.58905,437.7724136243383,20960.53280352379,16978.03157085427,10800.0,10800.0,1539.4533361375682,10800.0,0.0003583000070648,2.273736754432321e-13,0,1.5,1.4999999999999998
2025-02-18,mpc,error_scaled_frozen_contract_and_soc,54067.823569096094,50772.92245780215,3294.901111293939,81618.85518557957,78620.893414151,2997.961771428571,1865.5898369858733,760.9463805302767,28,15,5505.085145871666,1619.3288392857137,22268.944692705038,18059.998767704943,10800.0,10775.384925984596,1232.8145833333344,10800.0,0.960811900004046,2.273736754432321e-13,0,1.5,1.4999999999999998
2025-02-19,greedy,error_scaled_frozen_contract_and_soc,50599.45509448155,50289.99903291905,309.4560615625002,81004.34179618696,78103.91902475839,2900.4227714285707,1846.0541753888897,70.25187500000004,2,2,4052.874706951799,136.69743095238118,23566.35458143823,19164.05553982211,10800.0,10716.32407904762,1322.4689125661375,10800.0,0.0002914999931817,1.1368683772161605e-13,0,1.5,1.4999999999999998
2025-02-19,mpc,error_scaled_frozen_contract_and_soc,56465.217375324406,50289.99903291905,6175.218342405363,81004.34179618696,78103.91902475839,2900.4227714285707,1846.0541753888897,1469.1897964285722,46,21,5830.3358426713085,199.51796190476185,22049.963004052057,18089.00770767925,10800.0,10546.069250669903,1200.0,10800.0,1.056444099987857,2.273736754432321e-13,0,1.5,1.4999999999999998
2025-02-20,greedy,error_scaled_frozen_contract_and_soc,50083.98642927142,49846.34081753332,237.6456117380944,80516.42670686444,77613.79361162634,2902.6330952380945,1863.1133610731356,50.73561309523791,1,1,5991.345498721346,594.5074404761903,21550.732686968742,17456.093476444687,10800.0,10800.0,1560.7672872090009,10800.0,0.0003281999961473,1.1368683772161605e-13,0,1.5,1.5000000000000002
2025-02-20,mpc,error_scaled_frozen_contract_and_soc,54739.5882601613,49846.34081753332,4893.247442627972,80516.42670686444,77613.79361162634,2902.6330952380945,1863.1133610731356,1045.725786904761,30,14,6240.832916746442,1375.880067890395,21975.513820696106,17916.74448180183,10800.0,10670.468569957806,1434.439680946489,10800.0,1.0750785999989605,2.273736754432321e-13,0,1.5,1.5000000000000002
2025-02-21,greedy,error_scaled_frozen_contract_and_soc,20398.434460128665,20398.434460128665,0.0,38423.37102845556,35508.4884213127,2914.8826071428552,1864.9237810269456,0.0,0,0,2465.4639812022365,7686.731048372528,20029.52944899666,16223.9188536873,10800.0,10800.0,1787.9863478835998,10800.0,0.0009614000009605,2.273736754432321e-13,0,1.5,1.5
2025-02-21,mpc,error_scaled_frozen_contract_and_soc,23217.51202242212,20398.434460128665,2819.077562293452,38423.37102845556,35508.4884213127,2914.8826071428552,1864.9237810269456,708.1295916666668,31,14,3546.4205374766743,7380.41752587087,20003.06891343817,16263.971760234916,10800.0,10731.682288500004,1673.0936704017363,10800.0,1.0040306000009878,2.273736754432321e-13,0,1.5,1.5
2025-02-22,greedy,error_scaled_frozen_contract_and_soc,20274.400499791944,20274.400499791944,0.0,38231.72919683688,35397.3410206464,2834.388176190474,1855.2141051533745,0.0,0,0,1821.4738294723372,4441.947526190475,20363.29793600385,16494.271328163115,10800.0,10800.0,1590.7985780423255,10800.0,0.0003637000045273,1.1368683772161605e-13,0,1.5,1.5
2025-02-22,mpc,error_scaled_frozen_contract_and_soc,26084.939252721277,20274.400499791944,5810.538752929329,38231.72919683688,35397.3410206464,2834.388176190474,1855.2141051533745,1217.7141419906511,30,15,2393.369373384024,5339.983641610323,19580.295396910413,15963.48630641056,10800.0,10685.058850096526,1200.0,10800.0,0.9211751999973784,3.410605131648481e-13,0,1.5,1.5
2025-02-23,greedy,error_scaled_frozen_contract_and_soc,49286.70573611963,49268.66657033868,18.03916578095261,79578.30291501309,76804.67333882261,2773.629576190474,1800.7257041490884,3.8512309523810018,1,1,3820.212725338036,401.83492142857176,22449.85109854044,18184.37938981776,10800.0,10800.0,1426.999128306879,10800.0,0.0002461999974912,2.273736754432321e-13,0,1.5,1.5
2025-02-23,mpc,error_scaled_frozen_contract_and_soc,55495.39262485772,49268.66657033868,6226.726054519045,79578.30291501309,76804.67333882261,2773.629576190474,1800.7257041490884,1396.8551702380946,38,18,4725.852295381962,1043.6260757492964,22008.327034294834,17897.282110651096,10800.0,10721.625319030802,1270.024498015874,10800.0,0.9877876999962608,2.273736754432321e-13,0,1.5,1.5
2025-02-24,greedy,error_scaled_frozen_contract_and_soc,48871.675738989536,48577.8021688312,293.87357015833345,78725.77541968366,75940.710403017,2785.0650166666646,1817.4638609470644,64.95352023809528,2,1,6469.386360949449,1837.3261357142856,20838.212107373103,16878.951806972218,10800.0,10800.0,1481.3789157010629,10800.0,0.0004226000019116,2.273736754432321e-13,0,1.5,1.5000000000000002
2025-02-24,mpc,error_scaled_frozen_contract_and_soc,51838.36582177882,48577.8021688312,3260.563652947621,78725.77541968366,75940.710403017,2785.0650166666646,1817.4638609470644,714.2074523809525,27,11,6496.405930385057,2267.75341963182,21934.428109377102,17783.360730186505,10800.0,10781.695598232169,1395.5837021855868,10800.0,1.125505100004375,2.273736754432321e-13,0,1.5,1.5000000000000002
2025-02-25,greedy,error_scaled_frozen_contract_and_soc,48780.599955891725,48633.218701799466,147.38125409226114,78732.17571264275,75955.0576602618,2777.1180523809503,1818.4403196290884,33.65252976190459,1,1,9104.946232848324,2968.803803571428,19663.6355515496,15927.544796755175,10800.0,10800.0,1416.099564814818,10800.0,0.000353499999619,1.1368683772161605e-13,0,1.5,1.4999999999999998
2025-02-25,mpc,error_scaled_frozen_contract_and_soc,51269.74576771137,48633.218701799466,2636.5270659119037,78732.17571264275,75955.0576602618,2777.1180523809503,1818.4403196290884,640.4683607142856,25,12,7965.36385610676,4353.785661508475,22065.399219163643,17967.89211461232,10800.0,10694.534725455813,1421.6743815032678,10800.0,1.0558018000010634,2.273736754432321e-13,0,1.5,1.4999999999999998
2025-02-26,greedy,error_scaled_frozen_contract_and_soc,48320.751366810895,48320.751366810895,0.0,78251.07572058529,75573.34449915672,2677.7312214285694,1759.098042649406,0.0,0,0,5585.966733436213,1085.5003214285716,20895.94367923077,16925.714380176927,10800.0,10800.0,1547.2432439021188,10800.0,0.0002288999967277,2.273736754432321e-13,0,1.5,1.5
2025-02-26,mpc,error_scaled_frozen_contract_and_soc,52755.29661436744,48320.751366810895,4434.545247556545,78251.07572058529,75573.34449915672,2677.7312214285694,1759.098042649406,1034.2399190476187,32,15,5198.286527191203,2349.2890019032816,21876.14617373483,17747.785429863063,10800.0,10768.769967624608,1262.1801911375674,10800.0,0.9540815000073052,2.273736754432321e-13,0,1.5,1.5
2025-02-27,greedy,error_scaled_frozen_contract_and_soc,47843.39332526554,47454.04992430429,389.343400961245,77054.50654860833,74339.57917241787,2714.927376190474,1761.503335467898,78.41474575391157,3,2,6293.987940319346,994.4952226190478,23204.95649370958,18796.014759904763,10800.0,10800.0,1200.0,10800.0,0.0006687999994028,2.273736754432321e-13,0,1.5,1.4999999999999998
2025-02-27,mpc,error_scaled_frozen_contract_and_soc,54227.7734062037,47454.04992430429,6773.723481899402,77054.50654860833,74339.57917241787,2714.927376190474,1761.503335467898,1345.424324999999,39,14,7706.369955384793,1088.4669453764996,21945.253465410493,17775.655890182483,10800.0,10799.999352000015,1215.1789191428595,10800.0,0.9905818999977782,2.273736754432321e-13,0,1.5,1.4999999999999998
2025-02-28,greedy,error_scaled_frozen_contract_and_soc,19499.720682921725,19499.720682921725,0.0,37079.88260914052,34545.335332950046,2534.547276190476,1777.65642476254,0.0,0,0,2256.754468988831,8039.762857492714,20736.99308542321,16796.964399192806,10800.0,10800.0,1485.6142234391568,10800.0,0.0003628999984357,2.273736754432321e-13,0,1.5,1.4999999999999998
2025-02-28,mpc,error_scaled_frozen_contract_and_soc,23966.94673994765,19499.720682921725,4467.226057025924,37079.88260914052,34545.335332950046,2534.547276190476,1777.65642476254,979.135427189196,35,15,2758.465935762073,8639.47365815956,20273.129637030743,16455.38779105123,10800.0,10762.05246104853,1200.0,10800.0,1.0589291999931447,1.1368683772161605e-13,0,1.5,1.4999999999999998
2025-03-01,greedy,error_scaled_frozen_contract_and_soc,19624.957136064448,19624.957136064448,0.0,37140.77063386668,34511.740321961915,2629.0303119047603,1796.7883238423417,0.0,0,0,2468.8482020252904,7399.180727380952,19410.886727736608,15722.818249466654,10800.0,10800.0,1570.1649642857135,10800.0,0.0007822999905329,1.1368683772161605e-13,0,1.5,1.5
2025-03-01,mpc,error_scaled_frozen_contract_and_soc,24216.059327382307,19624.957136064448,4591.102191317858,37140.77063386668,34511.740321961915,2629.0303119047603,1796.7883238423417,925.3812285714288,26,13,4383.667246606482,6392.426266992608,19682.53255723424,15977.1474345857,10800.0,10761.893263082266,1696.6857906530329,10800.0,1.0755658999987645,1.1368683772161605e-13,0,1.5,1.5
2025-03-02,greedy,error_scaled_frozen_contract_and_soc,74879.15730189823,46920.11469374968,27959.04260814855,76234.14867653407,73495.56820748645,2738.580469047618,1927.777209385,4148.206247732373,9,2,2579.010271421504,0.0,20241.508273118758,16395.62170122619,10800.0,10800.0,1200.0,10800.0,0.0003147000097669,2.273736754432321e-13,0,1.5,1.5
2025-03-02,mpc,error_scaled_frozen_contract_and_soc,81540.25669675418,46920.11469374968,34620.142003004505,76234.14867653407,73495.56820748645,2738.580469047618,1927.777209385,6464.387803064912,43,15,4616.369919551436,627.0196799109426,18674.75628436359,15177.067485179365,10800.0,10743.872339061278,1200.0,10800.0,1.1479934999952093,2.273736754432321e-13,0,1.5,1.5
2025-03-03,greedy,error_scaled_frozen_contract_and_soc,66273.57246694791,47113.77007872723,19159.80238822067,76475.18605969145,73622.35192159622,2852.834138095237,2264.7249412688893,3090.1992713863933,13,2,1855.1218203329904,0.0,22715.29577541152,18413.884656333328,10800.0,10783.8943575,1200.0,10800.0,0.0009635999886086,1.1368683772161605e-13,0,1.5,1.5
2025-03-03,mpc,error_scaled_frozen_contract_and_soc,71761.01503775019,47113.77007872723,24647.244959022944,76475.18605969145,73622.35192159622,2852.834138095237,2264.7249412688893,5012.6197479971925,54,12,4004.697365983545,201.3479277197239,20769.33229608885,16896.42417377015,10800.0,10718.594428957584,1214.299726285716,10800.0,0.9921979000064312,2.273736754432321e-13,0,1.5,1.5
2025-03-04,greedy,error_scaled_frozen_contract_and_soc,48276.798208656175,48276.798208656175,0.0,78173.20222594962,75015.76107356866,3157.441152380952,2385.855395089564,0.0,0,0,4786.843747104654,737.4973119047629,21904.643554071325,17742.761278797778,10800.0,10800.0,1456.018664021166,10800.0,0.0002351000002818,1.5276668818842157e-13,0,1.5,1.5000000000000002
2025-03-04,mpc,error_scaled_frozen_contract_and_soc,52051.54079495576,48276.798208656175,3774.742586299576,78173.20222594962,75015.76107356866,3157.441152380952,2385.855395089564,812.0088295327788,29,12,5722.256192678672,839.4624758860734,21537.53167130171,17601.01817605072,10800.0,10627.091641892965,1245.940316137565,10800.0,1.1845176999922842,2.273736754432321e-13,0,1.5,1.5000000000000002
2025-03-05,greedy,error_scaled_frozen_contract_and_soc,48897.71405832976,48897.71405832976,0.0,79217.65849465926,75934.97512799258,3282.683366666666,2372.103371361429,0.0,0,0,11165.749484344826,974.8020806169588,19103.28872773107,15473.663869462169,10800.0,10800.0,1266.3538187830688,10800.0,0.0007960000075399,1.1368683772161605e-13,0,1.5,1.4999999999999998
2025-03-05,mpc,error_scaled_frozen_contract_and_soc,51722.27602642262,48897.71405832976,2824.5619680928635,79217.65849465926,75934.97512799258,3282.683366666666,2372.103371361429,509.39918809523937,19,6,9184.25573482667,2990.9183162717395,21974.66466540397,17870.26310517645,10800.0,10721.350304223071,1225.9291666666677,10800.0,1.1658156999910716,2.273736754432321e-13,0,1.5,1.4999999999999998
2025-03-06,greedy,error_scaled_frozen_contract_and_soc,48854.78443354212,48854.78443354212,0.0,78787.31655092031,75510.86135092031,3276.455200000001,2389.813850503928,0.0,0,0,9692.522946310111,2198.403099706932,18550.786316533507,15026.13691639214,10800.0,10800.0,1543.9224352513238,10800.0,0.0003769999893847,1.1368683772161605e-13,0,1.5,1.5000000000000002
2025-03-06,mpc,error_scaled_frozen_contract_and_soc,50523.39901580046,48854.78443354212,1668.6145822583326,78787.31655092031,75510.86135092031,3276.455200000001,2389.813850503928,415.9548571428568,22,11,8271.240057559124,3619.871001988201,21610.793061336568,17670.373817582622,10800.0,10615.965069,1305.008902498094,10800.0,1.0074786999903154,2.273736754432321e-13,0,1.5,1.5000000000000002
2025-03-07,greedy,error_scaled_frozen_contract_and_soc,19642.044419595404,19642.044419595404,0.0,37094.17135814011,33894.18901052106,3199.982347619048,2425.4361534640075,0.0,0,0,3434.4798246178666,11923.471167839056,18006.67055873355,14585.403152574172,10800.0,10800.0,1844.7100159920608,10800.0,0.0008060999971348,1.1368683772161605e-13,0,1.5,1.5000000000000002
2025-03-07,mpc,error_scaled_frozen_contract_and_soc,22062.727090619774,19642.044419595404,2420.682671024369,37094.17135814011,33894.18901052106,3199.982347619048,2425.4361534640075,478.5878014975642,18,11,4028.506713562644,11651.418329895136,19372.30219642317,15794.421039767083,10800.0,10685.715265928538,1260.4425456349184,10800.0,0.9957216999900992,1.1368683772161605e-13,0,1.5,1.5000000000000002
2025-03-08,greedy,error_scaled_frozen_contract_and_soc,19002.47517889016,19002.47517889016,0.0,35504.28534143722,32264.434281913414,3239.851059523809,2403.8390908517067,0.0,0,0,2835.0136401969426,11724.305262150605,20755.661258366734,16812.08561927705,10800.0,10800.0,1366.624738078404,10800.0,0.00032769999234,1.1368683772161605e-13,0,1.5,1.5
2025-03-08,mpc,error_scaled_frozen_contract_and_soc,22038.84925009373,19002.47517889016,3036.3740712035724,35504.28534143722,32264.434281913414,3239.851059523809,2403.8390908517067,859.4311892857147,32,13,4104.945184896445,11486.033766099496,20234.33572876596,16462.988949038958,10800.0,10718.692212512751,1595.7354818879307,10800.0,1.0313664999994216,1.1368683772161605e-13,0,1.5,1.5
2025-03-09,greedy,error_scaled_frozen_contract_and_soc,46665.54281790521,46665.54281790521,0.0,75738.740285398,72457.99356158849,3280.7467238095232,2405.35204105127,0.0,0,0,8302.422383289238,2672.534026190476,20155.27351360509,16325.771546020123,10800.0,10800.0,1362.699755291006,10800.0,0.0002450000029057,2.273736754432321e-13,0,1.5,1.5000000000000002
2025-03-09,mpc,error_scaled_frozen_contract_and_soc,49199.55237657545,46665.54281790521,2534.009558670238,75738.740285398,72457.99356158849,3280.7467238095232,2405.35204105127,579.5487690476191,24,11,8327.5128979021,2955.832768152087,21683.73493441157,17583.07345435346,10800.0,10778.613158355462,1421.6014869784535,10800.0,1.0405131000006804,2.273736754432321e-13,0,1.5,1.5000000000000002
2025-03-10,greedy,error_scaled_frozen_contract_and_soc,45813.29819206789,45813.29819206789,0.0,74516.36477060814,71236.79984441766,3279.564926190475,2421.796012434247,0.0,0,0,1792.0237144940916,0.0,21809.136034685485,17665.400188095235,10800.0,10800.0,1320.679908730158,10800.0,0.0002948000037577,2.273736754432321e-13,0,1.5,1.4999999999999998
2025-03-10,mpc,error_scaled_frozen_contract_and_soc,59329.90125250023,45813.29819206789,13516.603060432337,74516.36477060814,71236.79984441766,3279.564926190475,2421.796012434247,2557.7745591836647,42,16,3631.4761990298384,1206.2424762143987,19685.01730784377,16029.201862820002,10800.0,10706.291285037169,1250.9303472222225,10800.0,1.093544799994561,2.273736754432321e-13,0,1.5,1.4999999999999998
2025-03-11,greedy,error_scaled_frozen_contract_and_soc,45368.4864151827,45368.4864151827,0.0,74243.9328505922,70798.90999344934,3445.022857142856,2424.7568121123413,0.0,0,0,6053.048313128954,1784.9173618459722,19933.77252204585,16146.35574285714,10800.0,10800.0,1278.6351221825407,10800.0,0.0002345999964745,2.273736754432321e-13,0,1.5,1.5
2025-03-11,mpc,error_scaled_frozen_contract_and_soc,49520.9979133388,45368.4864151827,4152.511498156096,74243.9328505922,70798.90999344934,3445.022857142856,2424.7568121123413,914.0016148149398,34,16,5851.600129487198,2838.4148869828728,20894.76532281262,17045.396270304107,10800.0,10665.959601304568,1283.178628968256,10800.0,1.0423944000067422,2.273736754432321e-13,0,1.5,1.5
2025-03-12,greedy,error_scaled_frozen_contract_and_soc,44943.743315961896,44943.743315961896,0.0,73437.69149560858,70049.07811465621,3388.6133809523817,2436.8582610315066,0.0,0,0,6171.002785728983,2699.600577380952,20214.4584981132,16373.71138347169,10800.0,10800.0,1335.3188429497368,10800.0,0.000401099998271,1.1368683772161605e-13,0,1.5,1.5
2025-03-12,mpc,error_scaled_frozen_contract_and_soc,48383.08803607975,44943.743315961896,3439.344720117856,73437.69149560858,70049.07811465621,3388.6133809523817,2436.8582610315066,887.894332142857,33,17,6295.888492827955,3431.4468522009406,20918.41602452757,17046.506559662168,10800.0,10686.01157800574,1314.6006230550552,10800.0,1.1052494000032311,2.273736754432321e-13,0,1.5,1.5
2025-03-13,greedy,error_scaled_frozen_contract_and_soc,54319.59699144755,44377.20810768066,9942.388883766893,72618.07584923373,69139.9133706623,3478.162478571429,2395.729100998531,1581.329087001628,6,3,1318.6815497354478,0.0,21171.787911403044,17149.148208236467,10800.0,10800.0,1200.0,10800.0,0.0003659999929368,1.1368683772161605e-13,0,1.5,1.5
2025-03-13,mpc,error_scaled_frozen_contract_and_soc,65017.27671257339,44377.20810768066,20640.068604892727,72618.07584923373,69139.9133706623,3478.162478571429,2395.729100998531,3919.516531349661,40,14,3118.2174870335484,863.6930954581871,19688.23037745628,15990.632262697956,10800.0,10752.038158935153,1215.0217592592594,10800.0,1.0038502999959746,2.273736754432321e-13,0,1.5,1.5
2025-03-14,greedy,error_scaled_frozen_contract_and_soc,18523.564994223638,18523.564994223638,0.0,34758.3279465864,31037.407334681637,3720.920611904761,2578.619448208452,0.0,0,0,2936.965229012343,13334.376968007897,20952.363650598807,16971.41455698503,10800.0,10800.0,1565.2119401587302,10800.0,0.000274599995464,2.273736754432321e-13,0,1.5,1.5
2025-03-14,mpc,error_scaled_frozen_contract_and_soc,23017.450483425426,18523.564994223638,4493.885489201784,34758.3279465864,31037.407334681637,3720.920611904761,2578.619448208452,1057.7109023809517,35,12,3491.7685948952058,14016.5864997495,20290.875689988832,16489.22859161857,10800.0,10740.423019191538,1200.0,10800.0,1.0517502000002423,1.1368683772161605e-13,0,1.5,1.5
2025-03-15,greedy,error_scaled_frozen_contract_and_soc,18737.806518942416,18737.806518942416,0.0,35242.610330206095,31449.046282587056,3793.5640476190474,2584.6864233828583,0.0,0,0,1653.3220690770147,7754.9462999899,20964.204819028324,17025.87084360342,10800.0,10750.150066455026,1259.9239964550263,10800.0,0.0002419999946141,1.1368683772161605e-13,0,1.5,1.5
2025-03-15,mpc,error_scaled_frozen_contract_and_soc,23193.119936087656,18737.806518942416,4455.313417145239,35242.610330206095,31449.046282587056,3793.5640476190474,2584.6864233828583,920.596760714286,34,13,3064.3349347958824,7513.932486904762,20117.056481870783,16428.124798365323,10800.0,10651.878835500009,1293.9337058920876,10800.0,1.0401520000013988,1.1368683772161605e-13,0,1.5,1.5
2025-03-16,greedy,error_scaled_frozen_contract_and_soc,44344.445564973095,44344.445564973095,0.0,72639.90403957845,68719.60355624513,3920.300483333332,2611.990314041549,0.0,0,0,5612.753141651972,237.93069285714276,21224.90731991385,17192.17492913022,10800.0,10800.0,1551.0873955026466,10800.0,0.0003894999972544,2.273736754432321e-13,0,1.5,1.5
2025-03-16,mpc,error_scaled_frozen_contract_and_soc,51790.56860009061,44344.445564973095,7446.123035117522,72639.90403957845,68719.60355624513,3920.300483333332,2611.990314041549,1581.254446402383,44,19,6045.347155945874,1670.1941470238116,20069.19120561995,16320.061836894503,10800.0,10728.87004406406,1332.5926408730163,10800.0,1.0924813999881735,2.273736754432321e-13,0,1.5,1.5
2025-03-17,greedy,error_scaled_frozen_contract_and_soc,44358.87827329205,44358.87827329205,0.0,72844.04200301201,68890.46627205962,3953.57573095238,2613.511236251985,0.0,0,0,10748.549708798826,4152.126413202021,18588.47966196355,15056.668526190477,10800.0,10800.0,1529.7481891534385,10800.0,0.0002383999963058,2.273736754432321e-13,0,1.5,1.5
2025-03-17,mpc,error_scaled_frozen_contract_and_soc,46900.94182895276,44358.87827329205,2542.063555660716,72844.04200301201,68890.46627205962,3953.57573095238,2613.511236251985,495.3967190476193,19,11,10064.65605755934,4959.56899196699,20613.01654336274,16709.357616067533,10800.0,10785.761982284765,1530.4656099076296,10800.0,1.0685312999994494,2.273736754432321e-13,0,1.5,1.5
2025-03-18,greedy,error_scaled_frozen_contract_and_soc,45934.78675239551,43094.74766779219,2840.039084603322,70866.43233443717,67029.60842967525,3836.823904761904,2650.5504142322234,572.9725425316399,6,1,5536.05741072395,1548.2654166666655,21633.811764697235,17523.38752940476,10800.0,10800.0,1200.0,10800.0,0.0004009999975096,2.273736754432321e-13,0,1.5,1.4999999999999998
2025-03-18,mpc,error_scaled_frozen_contract_and_soc,51809.560579632656,43094.74766779219,8714.812911840472,70866.43233443717,67029.60842967525,3836.823904761904,2650.5504142322234,1750.3278738095232,35,10,6788.724505870026,1811.531283186769,20723.42006731677,16951.57346241259,10800.0,10615.996435682213,1493.1033735085853,10800.0,1.1398272999940673,2.273736754432321e-13,0,1.5,1.4999999999999998
2025-03-19,greedy,error_scaled_frozen_contract_and_soc,43281.09689063081,43281.09689063081,0.0,71080.79841378867,67257.13011855059,3823.668295238093,2696.961684803613,0.0,0,0,6995.296423251029,2418.718446428571,21241.339317366084,17205.48484706653,10800.0,10800.0,1434.373796248831,10800.0,0.0004862000059802,2.273736754432321e-13,0,1.5,1.5
2025-03-19,mpc,error_scaled_frozen_contract_and_soc,48930.656818298085,43281.09689063081,5649.559927667265,71080.79841378867,67257.13011855059,3823.668295238093,2696.961684803613,1146.711864285715,28,13,8177.921537330156,2481.8167683253228,20720.2288516283,16783.385953018915,10800.0,10799.999352000015,1463.3069913624545,10800.0,0.9706672000029356,2.273736754432321e-13,0,1.5,1.5
2025-03-20,greedy,error_scaled_frozen_contract_and_soc,43416.79839656383,43416.79839656383,0.0,70966.65184695611,67092.20890409898,3874.4429428571416,2651.217376471708,0.0,0,0,4056.69233464138,1052.3957333333335,21163.70800341091,17142.603482762835,10800.0,10800.0,1482.2482033333324,10800.0,0.0003305999998701,1.2789769243681806e-13,0,1.5,1.5
2025-03-20,mpc,error_scaled_frozen_contract_and_soc,49119.314506609066,43416.79839656383,5702.516110045244,70966.65184695611,67092.20890409898,3874.4429428571416,2651.217376471708,1345.7343571428587,39,11,5326.940060178213,1260.5881555190535,20580.9024110455,16692.50368097712,10800.0,10775.585857744149,1343.627110449737,10800.0,1.022746200003894,2.273736754432321e-13,0,1.5,1.5
2025-03-21,greedy,error_scaled_frozen_contract_and_soc,18341.6899050518,18341.6899050518,0.0,34384.14887370889,30513.686261804127,3870.4626119047607,2697.264311197898,0.0,0,0,2792.212736728392,17652.856391513036,20855.45584080619,16892.919231053012,10800.0,10800.0,1444.695416177248,10800.0,0.0003161000058753,1.1368683772161605e-13,0,1.5,1.5
2025-03-21,mpc,error_scaled_frozen_contract_and_soc,22309.08334432441,18341.6899050518,3967.393439272618,34384.14887370889,30513.686261804127,3870.4626119047607,2697.264311197898,1028.1553095238091,38,12,4381.810729066721,17305.420766428135,20207.54281998133,16459.013267957773,10800.0,10698.996018030117,1649.56601704731,10800.0,0.9966089999943506,1.1368683772161605e-13,0,1.5,1.5
2025-03-22,greedy,error_scaled_frozen_contract_and_soc,18785.33593745049,18785.33593745049,0.0,35105.547491150646,31247.3263482935,3858.221142857141,2690.559770415002,0.0,0,0,3887.773733098179,11728.776793631014,19625.593666127945,15896.730869563638,10800.0,10800.0,2045.0325949821988,10800.0,0.0006944000051589,1.1368683772161605e-13,0,1.5,1.5
2025-03-22,mpc,error_scaled_frozen_contract_and_soc,22176.98758028005,18785.33593745049,3391.6516428295668,35105.547491150646,31247.3263482935,3858.221142857141,2690.559770415002,771.8170448993042,18,12,3757.2731434286447,12662.460529761904,19660.72406252373,15963.227367521476,10800.0,10757.73235902528,1200.0,10800.0,0.997092799996608,1.1368683772161605e-13,0,1.5,1.5
2025-03-23,greedy,error_scaled_frozen_contract_and_soc,41871.69104266023,41807.56449410327,64.12654855696658,68759.08035308663,64886.9251888009,3872.155164285713,2724.636121769286,9.192452488097274,1,1,4441.34468048228,2539.676684523809,21155.44360950911,17135.90932370238,10800.0,10800.0,1200.0,10800.0,0.0005625000048894,2.273736754432321e-13,0,1.5,1.4999999999999998
2025-03-23,mpc,error_scaled_frozen_contract_and_soc,48064.48652655565,41807.56449410327,6256.922032452379,68759.08035308663,64886.9251888009,3872.155164285713,2724.636121769286,1282.5888488095238,38,12,5561.568601254892,2773.795731590468,20729.412092046696,16790.82437775781,10800.0,10799.999352000015,1310.687302358978,10800.0,1.0426783000002615,2.273736754432321e-13,0,1.5,1.4999999999999998
2025-03-24,greedy,error_scaled_frozen_contract_and_soc,41434.24826551966,41434.24826551966,0.0,67906.36140706876,63954.115159449706,3952.2462476190462,2692.5570164508736,0.0,0,0,4012.862053336279,2839.2451023809526,20993.21641688777,17004.5052976791,10800.0,10800.0,1803.4560939153432,10800.0,0.0002893999917432,1.2434497875801753e-13,0,1.5,1.5
2025-03-24,mpc,error_scaled_frozen_contract_and_soc,45618.517895150406,41434.24826551966,4184.269629630742,67906.36140706876,63954.115159449706,3952.2462476190462,2692.5570164508736,1020.4477859635126,32,15,5475.102239218208,2805.5679925560044,20098.554422973648,16517.958593858442,10800.0,10535.411654166908,1315.052198412699,10800.0,1.0533867000049213,2.273736754432321e-13,0,1.5,1.5
2025-03-25,greedy,error_scaled_frozen_contract_and_soc,41230.65227967615,41072.93989494236,157.71238473378818,67488.91130383586,63584.89573002634,3904.015573809522,2738.4124738464698,36.03145760714778,2,2,1299.7764067019395,342.1285154761894,22263.502194313915,18064.34684314427,10800.0,10765.6554825,1200.0,10800.0,0.0004202999989502,2.273736754432321e-13,0,1.5,1.5
2025-03-25,mpc,error_scaled_frozen_contract_and_soc,50398.6135348498,41072.93989494236,9325.673639907438,67488.91130383586,63584.89573002634,3904.015573809522,2738.4124738464698,2120.4428277660727,52,18,3047.95416852139,1145.8427293061768,20368.344810331146,16636.67006465201,10800.0,10646.321368573572,1200.0,10800.0,1.2150071000069147,2.273736754432321e-13,0,1.5,1.5
2025-03-26,greedy,error_scaled_frozen_contract_and_soc,41106.754240449816,41106.754240449816,0.0,67573.34352416676,63470.383105119145,4102.960419047619,2718.9739521136107,0.0,0,0,6429.612494551833,3522.956166666671,20619.10644032922,16701.476216666666,10800.0,10800.0,1343.5876111111113,10800.0,0.0003195000026607,1.1368683772161605e-13,0,1.5,1.5
2025-03-26,mpc,error_scaled_frozen_contract_and_soc,44973.79999286411,41106.754240449816,3867.045752414285,67573.34352416676,63470.383105119145,4102.960419047619,2718.9739521136107,853.1572404761899,35,11,6482.998580669761,4500.438557568529,20346.48148967576,16606.562502556808,10800.0,10660.09722675618,1326.8017908542872,10800.0,1.178289300005417,2.273736754432321e-13,0,1.5,1.5
2025-03-27,greedy,error_scaled_frozen_contract_and_soc,41091.23804540071,41091.23804540071,0.0,67338.45548452041,63213.204729758494,4125.250754761905,2721.8257832330946,0.0,0,0,3990.666169352861,938.4170940476188,20505.95552469135,16609.823974999996,10800.0,10800.0,1628.9468862433891,10800.0,0.0004220999981043,2.273736754432321e-13,0,1.5,1.4999999999999998
2025-03-27,mpc,error_scaled_frozen_contract_and_soc,47224.601018924055,41091.23804540071,6133.362973523352,67338.45548452041,63213.204729758494,4125.250754761905,2721.8257832330946,1293.9471054451033,35,16,5163.793651699755,1355.3586773809527,19575.572991153986,15975.56340169775,10800.0,10667.389690152206,1288.1012407407422,10800.0,1.2584840999916196,2.273736754432321e-13,0,1.5,1.4999999999999998
2025-03-28,greedy,error_scaled_frozen_contract_and_soc,18283.757797562463,18283.757797562463,0.0,34418.31225257664,30134.89665257664,4283.415600000001,2652.214482897062,0.0,0,0,3571.5683749412133,17523.09410365135,20286.794386883623,16432.303453375738,10800.0,10800.0,1909.346587301587,10800.0,0.0003458999999566,2.273736754432321e-13,0,1.5,1.5
2025-03-28,mpc,error_scaled_frozen_contract_and_soc,21311.838892701155,18283.757797562463,3028.08109513869,34418.31225257664,30134.89665257664,4283.415600000001,2652.214482897062,793.9678738095239,27,11,4950.074198964896,17011.63232791103,20139.97871360027,16358.563954566214,10800.0,10749.798670500008,1738.4727001362191,10800.0,1.1870354999991832,1.1368683772161605e-13,0,1.5,1.5
2025-03-29,greedy,error_scaled_frozen_contract_and_soc,17973.70195855247,17973.70195855247,0.0,34052.12106396185,29812.580778247568,4239.540285714287,2723.15305937996,0.0,0,0,2461.0747239711936,22566.00967008813,20332.464390464484,16469.296156276236,10800.0,10800.0,1430.309017711641,10800.0,0.0018258999916724,2.273736754432321e-13,0,1.5,1.5
2025-03-29,mpc,error_scaled_frozen_contract_and_soc,21634.78487303061,17973.70195855247,3661.08291447814,34052.12106396185,29812.580778247568,4239.540285714287,2723.15305937996,794.6010467524281,35,14,4096.988170472458,21761.644386458647,20244.379307949846,16418.158189880953,10800.0,10777.543388398251,1608.0688178948913,10800.0,1.156026099997689,2.273736754432321e-13,0,1.5,1.5
2025-03-30,greedy,error_scaled_frozen_contract_and_soc,40159.722942748165,40159.722942748165,0.0,65732.45833577553,61469.564504823145,4262.893830952382,2692.1380937817858,0.0,0,0,4438.885092004703,3152.1301511904767,20140.383457189822,16313.710600323757,10800.0,10800.0,1687.2957587433882,10800.0,0.0004370999959064,1.1368683772161605e-13,0,1.5,1.5000000000000004
2025-03-30,mpc,error_scaled_frozen_contract_and_soc,44409.10300927253,40159.722942748165,4249.380066524361,65732.45833577553,61469.564504823145,4262.893830952382,2692.1380937817858,971.3677328738275,34,15,6049.539814134596,2587.734182013068,20111.270311380194,16359.488474592785,10800.0,10722.933864027971,1315.785111772488,10800.0,1.078921399996034,2.273736754432321e-13,0,1.5,1.5000000000000004
2025-03-31,greedy,error_scaled_frozen_contract_and_soc,41166.9219002156,39461.15513125522,1705.7667689603768,64834.41783624546,60633.63344100736,4200.784395238095,2749.108714775556,244.5193189450081,1,1,3215.660343988827,1074.4623845238098,19185.329952439744,15540.117261476193,10800.0,10800.0,1200.0,10800.0,0.000713600005838,2.273736754432321e-13,0,1.5,1.5
2025-03-31,mpc,error_scaled_frozen_contract_and_soc,57460.285331551466,39461.15513125522,17999.130200296255,64834.41783624546,60633.63344100736,4200.784395238095,2749.108714775556,3135.29162253666,40,12,3681.067931964957,3736.7009375000016,18138.509809701707,14730.170956098827,10800.0,10757.802210843956,1234.2567777777776,10800.0,1.0974218000046676,2.273736754432321e-13,0,1.5,1.5
2025-04-01,greedy,error_scaled_frozen_contract_and_soc,45492.86129505516,39821.2656579408,5671.595637114362,65398.8819243918,61162.15455534417,4236.727369047619,2777.1384108645243,819.5095254166647,3,1,906.746996854792,0.0,18663.260579455386,15117.24106935886,10800.0,10800.0,1200.0,10800.0,0.0005373000021791,2.273736754432321e-13,0,1.5,1.4999999999999998
2025-04-01,mpc,error_scaled_frozen_contract_and_soc,65233.88149206535,39821.2656579408,25412.61583412456,65398.8819243918,61162.15455534417,4236.727369047619,2777.1384108645243,4337.908160611464,44,18,2700.8294429947427,2077.007364285715,16806.99379402972,13613.665459164062,10800.0,10799.999460000012,1200.0,10800.0,1.1444350999954622,2.273736754432321e-13,0,1.5,1.4999999999999998
2025-04-02,greedy,error_scaled_frozen_contract_and_soc,50962.44483670871,39468.07979079585,11494.365045912866,64999.9227238157,60686.708561910935,4313.214161904762,2554.2528387165084,2284.433539464288,15,2,874.6892036008251,0.0,21490.750483273838,17407.50789145181,10800.0,10800.0,1200.0,10800.0,0.0012503000034485,2.273736754432321e-13,0,1.5,1.5
2025-04-02,mpc,error_scaled_frozen_contract_and_soc,64064.891118468135,39468.07979079585,24596.81132767229,64999.9227238157,60686.708561910935,4313.214161904762,2554.2528387165084,4623.597776573335,53,15,3597.121584965135,202.9550508545952,18760.89722426921,15263.877827557046,10800.0,10724.943249001131,1200.0,10800.0,1.0470439000055194,2.273736754432321e-13,0,1.5,1.5
2025-04-03,greedy,error_scaled_frozen_contract_and_soc,41252.71130329445,39891.59662046959,1361.114682824867,66004.70851689085,61604.629188319406,4400.07932857143,2660.522227575635,270.61859262924906,3,1,4735.04189886832,2427.823145691608,21544.73947723397,17451.23897655952,10800.0,10800.0,1200.0,10800.0,0.0004397000011522,2.273736754432321e-13,0,1.5,1.5
2025-04-03,mpc,error_scaled_frozen_contract_and_soc,47665.57300264359,39891.59662046959,7773.976382174011,66004.70851689085,61604.629188319406,4400.07932857143,2660.522227575635,1604.512309959236,45,18,5835.934929845589,3059.624055857961,20026.2176337094,16331.517356848584,10800.0,10677.46547384003,1239.4747010582016,10800.0,1.2177991999924416,2.273736754432321e-13,0,1.5,1.5
2025-04-04,greedy,error_scaled_frozen_contract_and_soc,17695.706689484563,17695.706689484563,0.0,33554.74257446373,29090.55822446373,4464.184350000001,2628.8079829922217,0.0,0,0,3741.904017092887,21833.12560880296,20423.561339580345,16543.084685060076,10800.0,10800.0,1801.268923279808,10800.0,0.0003908000071533,2.273736754432321e-13,0,1.5,1.4999999999999998
2025-04-04,mpc,error_scaled_frozen_contract_and_soc,21927.958208438133,17695.706689484563,4232.25151895357,33554.74257446373,29090.55822446373,4464.184350000001,2628.8079829922217,1043.6803619047614,33,10,5205.300298059534,21493.60342474062,20090.55659148556,16290.273671964838,10800.0,10781.19685237607,1727.4832798594666,10800.0,1.0676074999937557,2.273736754432321e-13,0,1.5,1.4999999999999998
2025-04-05,greedy,error_scaled_frozen_contract_and_soc,17829.22057207057,17829.22057207057,0.0,33794.75091386069,29322.40978528926,4472.341128571428,2652.847589672381,0.0,0,0,2820.9436631540275,14425.257647164632,20211.02528806584,16370.930483333335,10800.0,10800.0,1634.271770185184,10800.0,0.0005247999943094,1.1368683772161605e-13,0,1.5,1.5
2025-04-05,mpc,error_scaled_frozen_contract_and_soc,27968.186413349955,17829.22057207057,10138.965841279383,33794.75091386069,29322.40978528926,4472.341128571428,2652.847589672381,1977.47364609768,35,14,3434.818867772409,16172.23570593472,18576.23594729642,15119.520759854702,10800.0,10719.144841617102,1200.0,10800.0,1.1187035000039032,1.1368683772161605e-13,0,1.5,1.5
2025-04-06,greedy,error_scaled_frozen_contract_and_soc,39771.26492424217,39771.26492424217,0.0,65920.00402092352,61200.85635901876,4719.147661904761,2615.240198946906,0.0,0,0,4934.222881672548,4013.907482686654,20672.976105977606,16745.110645841865,10800.0,10800.0,1269.261702473546,10800.0,0.0004424000071594,2.273736754432321e-13,0,1.5,1.5
2025-04-06,mpc,error_scaled_frozen_contract_and_soc,44732.22176111836,39771.26492424217,4960.95683687619,65920.00402092352,61200.85635901876,4719.147661904761,2615.240198946906,1081.8758083333332,33,14,6616.721336421091,3481.654896710875,20313.1367520858,16453.641352389488,10800.0,10799.999352000015,1369.198368699645,10800.0,1.16533449999406,2.273736754432321e-13,0,1.5,1.5
2025-04-07,greedy,error_scaled_frozen_contract_and_soc,39263.235938385245,39263.235938385245,0.0,64907.03468133908,60174.04456229147,4732.990119047618,2622.4770863442877,0.0,0,0,6681.445022545561,2839.804854761905,19067.601261820582,15444.757022074677,10800.0,10800.0,1595.2663014153466,10800.0,0.0003839999990304,1.1368683772161605e-13,0,1.5,1.5
2025-04-07,mpc,error_scaled_frozen_contract_and_soc,44573.99340885837,39263.235938385245,5310.757470473121,64907.03468133908,60174.04456229147,4732.990119047618,2622.4770863442877,1102.2630142062176,25,10,5203.18525434751,5573.012197669916,19020.68039246777,15550.5207132256,10800.0,10640.256005192536,1232.1130244708988,10800.0,1.0919063999899663,2.273736754432321e-13,0,1.5,1.5
2025-04-08,greedy,error_scaled_frozen_contract_and_soc,39602.51922914194,39602.51922914194,0.0,65357.14411164224,60558.986283070815,4798.157828571427,2600.161607861312,0.0,0,0,4943.813552603629,3106.2319858443398,21387.394470446077,17323.78952106132,10800.0,10800.0,1203.4272001190493,10800.0,0.0003093999985139,2.273736754432321e-13,0,1.5,1.5
2025-04-08,mpc,error_scaled_frozen_contract_and_soc,47838.952652477055,39602.51922914194,8236.433423335118,65357.14411164224,60558.986283070815,4798.157828571427,2600.161607861312,1691.781676190476,38,12,7060.76468152151,3124.34545802581,19660.064744346724,16039.742719870845,10800.0,10672.1219145,1335.247529053941,10800.0,1.1375914999953238,2.273736754432321e-13,0,1.5,1.5
2025-04-09,greedy,error_scaled_frozen_contract_and_soc,48405.61429179292,39334.56667160588,9071.047620187042,64738.39234973515,59819.40378783039,4918.988561904761,2576.9250820634134,1323.815870725461,4,1,1575.3102059229902,0.0,19375.479794558894,15694.138633592707,10800.0,10800.0,1200.0,10800.0,0.000549399992451,1.1368683772161605e-13,0,1.5,1.5000000000000002
2025-04-09,mpc,error_scaled_frozen_contract_and_soc,62804.20536267133,39334.56667160588,23469.63869106545,64738.39234973515,59819.40378783039,4918.988561904761,2576.9250820634134,4012.784141768866,38,15,4013.3531295803086,886.6075524736647,16751.181879737436,13705.522923858824,10800.0,10647.704887476111,1234.324074074074,10800.0,0.9756099999940488,2.273736754432321e-13,0,1.5,1.5000000000000002
2025-04-10,greedy,error_scaled_frozen_contract_and_soc,39369.21739105536,39369.21739105536,0.0,64604.59284097195,59528.96596716243,5075.626873809524,2578.2813853472626,0.0,0,0,4657.576343841858,2166.841860288071,20332.57650342923,16469.38696777768,10800.0,10800.0,1288.4451139285738,10800.0,0.0003488000074867,1.1368683772161605e-13,0,1.5,1.5
2025-04-10,mpc,error_scaled_frozen_contract_and_soc,45371.081843551394,39369.21739105536,6001.86445249604,64604.59284097195,59528.96596716243,5075.626873809524,2578.2813853472626,1258.0833132949915,34,16,5756.6336120952,2512.476150413127,19587.312717669884,15910.731427101737,10800.0,10749.990971345407,1306.0546296296266,10800.0,1.103439200000139,2.273736754432321e-13,0,1.5,1.5
2025-04-11,greedy,error_scaled_frozen_contract_and_soc,17787.111942489748,17787.111942489748,0.0,33552.33259064068,28455.604164450207,5096.728426190475,2616.921980421787,0.0,0,0,3350.357585449735,22993.024729215424,20256.83756152532,16408.038424835508,10800.0,10800.0,1769.093981865079,10800.0,0.0007879999902797,1.1368683772161605e-13,0,1.5,1.5000000000000002
2025-04-11,mpc,error_scaled_frozen_contract_and_soc,22497.005130764748,17787.111942489748,4709.893188275002,33552.33259064068,28455.604164450207,5096.728426190475,2616.921980421787,1085.4628345238098,29,8,5421.373898634654,22266.111559408688,19791.69182826618,16201.533000430743,10800.0,10610.81931162762,1786.19798932738,10800.0,1.0977188999968348,1.1368683772161605e-13,0,1.5,1.5000000000000002
2025-04-12,greedy,error_scaled_frozen_contract_and_soc,18058.75094924593,18058.75094924593,0.0,33983.00809509703,28899.86532128751,5083.142773809523,2643.116237928732,0.0,0,0,4357.4680194591365,17449.48263145431,18850.567087181797,15268.959340617252,10800.0,10800.0,1937.190027751321,10800.0,0.0007635000074515,2.273736754432321e-13,0,1.5,1.5
2025-04-12,mpc,error_scaled_frozen_contract_and_soc,19740.451743879268,18058.75094924593,1681.700794633335,33983.00809509703,28899.86532128751,5083.142773809523,2643.116237928732,380.8587976190479,20,9,4552.187003432507,17451.11128448195,19927.65284006173,16161.533932879156,10800.0,10777.627630634272,1223.686095994877,10800.0,1.198923100004322,1.1368683772161605e-13,0,1.5,1.5
2025-04-13,greedy,error_scaled_frozen_contract_and_soc,38305.56035841786,38305.56035841786,0.0,62892.10933303208,58036.78806874636,4855.321264285714,2554.5366614846826,0.0,0,0,3259.5411664462176,1520.3651559376815,19856.69859614333,16083.925862876102,10800.0,10800.0,1283.923405238102,10800.0,0.0004138999938732,2.273736754432321e-13,0,1.5,1.5
2025-04-13,mpc,error_scaled_frozen_contract_and_soc,46899.77770105047,38305.56035841786,8594.217342632615,62892.10933303208,58036.78806874636,4855.321264285714,2554.5366614846826,1653.8358920277367,39,15,4243.194332739753,2439.6738229526054,18694.388032477724,15170.74124049122,10800.0,10768.570073128598,1339.5456170634927,10800.0,1.1337841000058688,1.1368683772161605e-13,0,1.5,1.5
2025-04-14,greedy,error_scaled_frozen_contract_and_soc,37985.95555329397,37985.95555329397,0.0,62673.32474471408,57776.03287090454,4897.291873809523,2531.341017247143,0.0,0,0,4350.971261419751,2753.824540138153,19691.30542137334,15949.957391312406,10800.0,10800.0,1254.6484219576732,10800.0,0.0003410999925108,1.1368683772161605e-13,0,1.5,1.4999999999999998
2025-04-14,mpc,error_scaled_frozen_contract_and_soc,43284.21515784422,37985.95555329397,5298.259604550246,62673.32474471408,57776.03287090454,4897.291873809523,2531.341017247143,1108.7193317885958,31,12,5451.751349968786,2874.047566072548,19169.942473556574,15540.878226190474,10800.0,10785.30575265594,1216.726830687831,10800.0,0.919611499994062,1.1368683772161605e-13,0,1.5,1.4999999999999998
2025-04-15,greedy,error_scaled_frozen_contract_and_soc,38456.005002223326,38456.005002223326,0.0,63066.31904882557,58260.71501073032,4805.604038095238,2534.0684422264294,0.0,0,0,6806.261882977628,4858.245725693741,17853.988413092262,14461.730614604734,10800.0,10800.0,1466.389772486776,10800.0,0.0002995999966515,2.273736754432321e-13,0,1.5,1.5
2025-04-15,mpc,error_scaled_frozen_contract_and_soc,46746.65472563476,38456.005002223326,8290.649723411429,63066.31904882557,58260.71501073032,4805.604038095238,2534.0684422264294,1392.1043698904768,26,16,5850.725924999984,7169.622516965017,18044.85168991768,14616.330354833306,10800.0,10799.999460000012,1200.0,10800.0,1.113823200008483,2.273736754432321e-13,0,1.5,1.5
2025-04-16,greedy,error_scaled_frozen_contract_and_soc,38027.9087058627,38027.9087058627,0.0,62461.52561905137,57695.96285952756,4765.562759523809,2527.567045991192,0.0,0,0,1946.587340107862,0.0,19858.7239305298,16085.566383729143,10800.0,10800.0,1546.5119829365085,10800.0,0.0005163000023458,1.1368683772161605e-13,0,1.5,1.4999999999999996
2025-04-16,mpc,error_scaled_frozen_contract_and_soc,48926.82325857478,38027.9087058627,10898.914552712084,62461.52561905137,57695.96285952756,4765.562759523809,2527.567045991192,2106.3782448121447,41,18,3155.986807871169,1309.3304416666656,17971.252833004582,14610.446950821764,10800.0,10740.297604346611,1200.0,10800.0,1.1932200000010198,2.273736754432321e-13,0,1.5,1.4999999999999996
2025-04-17,greedy,error_scaled_frozen_contract_and_soc,37945.83994895927,37945.83994895927,0.0,62202.97979448375,57198.25191829326,5004.7278761904745,2463.303325116707,0.0,0,0,4153.20115793651,1707.0874059523808,19505.69700313081,15799.61457253596,10800.0,10800.0,1361.5117248677263,10800.0,0.0003187999973306,1.1368683772161605e-13,0,1.5,1.4999999999999998
2025-04-17,mpc,error_scaled_frozen_contract_and_soc,45466.61520466879,37945.83994895927,7520.775255709529,62202.97979448375,57198.25191829326,5004.7278761904745,2463.303325116707,1337.064511230181,35,13,4550.267200891241,2903.933624063482,18435.556775993544,14986.322095234347,10800.0,10740.532103689358,1219.5155787037029,10800.0,0.8835714000015287,2.273736754432321e-13,0,1.5,1.4999999999999998
2025-04-18,greedy,error_scaled_frozen_contract_and_soc,17561.849917685882,17561.849917685882,0.0,33322.58443788793,28312.14215217364,5010.4422857142845,2411.131681844009,0.0,0,0,4750.46522486164,19072.71075595238,19710.661152519308,15965.63553354064,10800.0,10800.0,1977.544552711639,10800.0,0.0003404000017326,2.273736754432321e-13,0,1.5,1.5
2025-04-18,mpc,error_scaled_frozen_contract_and_soc,20712.28369974326,17561.849917685882,3150.4337820573774,33322.58443788793,28312.14215217364,5010.4422857142845,2411.131681844009,802.1974703636907,25,7,5059.092381845021,19491.62521579805,20103.58925533312,16283.907782819808,10800.0,10799.999460000012,1200.0,10800.0,1.00431540000136,1.1368683772161605e-13,0,1.5,1.5
2025-04-19,greedy,error_scaled_frozen_contract_and_soc,17273.280662356286,17273.280662356286,0.0,32749.397890377957,27674.47208561605,5074.925804761904,2385.169605493533,0.0,0,0,4212.297087536747,18365.589168044506,20110.35612299017,16289.388459622043,10800.0,10800.0,1809.3094544543385,10800.0,0.000341799997841,1.1368683772161605e-13,0,1.5,1.5
2025-04-19,mpc,error_scaled_frozen_contract_and_soc,20633.73328655747,17273.280662356286,3360.45262420119,32749.397890377957,27674.47208561605,5074.925804761904,2385.169605493533,844.8640607142854,28,13,5389.380915626051,18161.45211291324,19998.401200627373,16305.516249502998,10800.0,10681.320803339082,1625.3731821054107,10800.0,0.9974199999996928,1.1368683772161605e-13,0,1.5,1.5
2025-04-20,greedy,error_scaled_frozen_contract_and_soc,37510.02849517279,37510.02849517279,0.0,61682.876440002256,56530.39846619273,5152.477973809523,2383.589678036667,0.0,0,0,3675.269505037561,2539.620509703768,20339.210602877072,16474.760588330428,10800.0,10800.0,1785.487742063491,10800.0,0.0004019000043626,1.1368683772161605e-13,0,1.5,1.5
2025-04-20,mpc,error_scaled_frozen_contract_and_soc,45365.385407402224,37510.02849517279,7855.356912229434,61682.876440002256,56530.39846619273,5152.477973809523,2383.589678036667,1730.932967464949,39,16,4425.207025591496,3961.0105127829047,18790.77333519638,15366.717876817858,10800.0,10637.56502743467,1264.3583584656094,10800.0,1.077709599994705,2.273736754432321e-13,0,1.5,1.5
2025-04-21,greedy,error_scaled_frozen_contract_and_soc,37728.44055688006,37728.44055688006,0.0,62098.610422082216,56862.33076493937,5236.279657142855,2373.56950155512,0.0,0,0,5950.31967276325,6383.582056087427,18273.96319119358,14801.910184866803,10800.0,10800.0,1569.5419589021178,10800.0,0.0008081999985734,2.273736754432321e-13,0,1.5,1.5
2025-04-21,mpc,error_scaled_frozen_contract_and_soc,40463.45345836756,37728.44055688006,2735.0129014874983,62098.610422082216,56862.33076493937,5236.279657142855,2373.56950155512,647.4385845238093,25,12,7574.951842589567,5367.688545060767,19189.43227941773,15678.679347366802,10800.0,10649.734221068402,1488.4828928858933,10800.0,0.9398258000001078,2.273736754432321e-13,0,1.5,1.5
2025-04-22,greedy,error_scaled_frozen_contract_and_soc,36998.07820421194,36998.07820421194,0.0,60396.5498802813,55264.38065409083,5132.169226190476,2433.8269808015484,0.0,0,0,2807.247529041741,1438.0106178718372,19233.77737486776,15579.359673642884,10800.0,10800.0,1777.16718548942,10800.0,0.0003875999973388,2.273736754432321e-13,0,1.5,1.5
2025-04-22,mpc,error_scaled_frozen_contract_and_soc,48793.34422041504,36998.07820421194,11795.266016203095,60396.5498802813,55264.38065409083,5132.169226190476,2433.8269808015484,2301.068251559808,33,15,3826.237072305775,3327.3056125000007,17098.318042332703,14051.11662744022,10800.0,10576.134429832524,1249.847495370371,10800.0,0.9976121999934549,1.1368683772161605e-13,0,1.5,1.5
2025-04-23,greedy,error_scaled_frozen_contract_and_soc,37321.57149707199,37321.57149707199,0.0,61523.39151484308,56308.537676747845,5214.853838095238,2435.674104277698,0.0,0,0,5180.876380629044,1983.6649202527929,18502.328976989025,14986.88647136111,10800.0,10800.0,1677.4109010978864,10800.0,0.0004588999872794,2.273736754432321e-13,0,1.5,1.5
2025-04-23,mpc,error_scaled_frozen_contract_and_soc,44892.67738962675,37321.57149707199,7571.105892554761,61523.39151484308,56308.537676747845,5214.853838095238,2435.674104277698,1431.785923809524,24,13,4418.704840564357,4290.373446286007,17908.9054035205,14506.213960051586,10800.0,10799.999352000015,1224.1396007358871,10800.0,1.01618010000675,2.273736754432321e-13,0,1.5,1.5
2025-04-24,greedy,error_scaled_frozen_contract_and_soc,36842.86087796576,36842.86087796576,0.0,60468.35803597771,55280.35914550151,5187.998890476189,2462.771297855595,0.0,0,0,5110.563536136133,7058.324568258348,17797.24793565111,14415.770827877404,10800.0,10800.0,1650.743732804236,10800.0,0.0003485999914119,2.273736754432321e-13,0,1.5,1.5
2025-04-24,mpc,error_scaled_frozen_contract_and_soc,38744.71100063124,36842.86087796576,1901.8501226654796,60468.35803597771,55280.35914550151,5187.998890476189,2462.771297855595,391.9508571428578,22,13,6054.266066165113,6301.749193209304,19044.249995552127,15457.9491856155,10800.0,10764.325900868584,1525.9730171110823,10800.0,0.9554011000000172,1.4210854715202006e-13,0,1.5,1.5
2025-04-25,greedy,error_scaled_frozen_contract_and_soc,16509.89427334058,16509.89427334058,0.0,31832.87188169868,26833.242276936773,4999.629604761905,2459.8182904588884,0.0,0,0,3526.9434265432096,23853.908297085374,19772.19062518093,16015.47440639656,10800.0,10800.0,1595.4280538624355,10800.0,0.0004042999935336,1.1368683772161605e-13,0,1.5,1.5000000000000002
2025-04-25,mpc,error_scaled_frozen_contract_and_soc,19072.63851490189,16509.89427334058,2562.744241561309,31832.87188169868,26833.242276936773,4999.629604761905,2459.8182904588884,508.3384821428572,22,11,4996.794154132416,23087.17751632812,19815.6333253728,16253.69857127751,10800.0,10574.404913638284,1635.3665250449883,10800.0,1.0641228000022238,1.1368683772161605e-13,0,1.5,1.5000000000000002
2025-04-26,greedy,error_scaled_frozen_contract_and_soc,16537.966482436692,16537.966482436692,0.0,31901.057844114486,26872.03567982877,5029.022164285714,2441.1909205162697,0.0,0,0,3175.112789432688,26956.62852978567,20244.14705459117,16397.759114218847,10800.0,10800.0,1348.2063267989429,10800.0,0.0005715000006603,1.1368683772161605e-13,0,1.5,1.4999999999999998
2025-04-26,mpc,error_scaled_frozen_contract_and_soc,24825.084630221667,16537.966482436692,8287.118147784975,31901.057844114486,26872.03567982877,5029.022164285714,2441.1909205162697,1786.8621675773002,40,13,3766.236188659098,28491.23442046996,19031.967568251894,15524.446750212976,10800.0,10679.385533412287,1200.0,10800.0,1.1313183000020215,1.1368683772161605e-13,0,1.5,1.4999999999999998
2025-04-27,greedy,error_scaled_frozen_contract_and_soc,43037.66583955364,34909.03846157304,8128.627377980583,57570.42504417277,52506.80444417277,5063.620599999999,2418.917842835833,1181.3737909761903,2,1,2431.884145252792,3917.828116556634,20404.58483461914,16527.713716041508,10800.0,10800.0,1200.0,10800.0,0.0003053999971598,2.273736754432321e-13,0,1.5,1.5
2025-04-27,mpc,error_scaled_frozen_contract_and_soc,48758.26506197038,34909.03846157304,13849.226600397327,57570.42504417277,52506.80444417277,5063.620599999999,2418.917842835833,2847.6556526607587,46,13,3616.437961967444,4722.680597697964,18758.19002962031,15204.443347214084,10800.0,10788.545085309292,1200.0,10800.0,1.0448963999951957,2.273736754432321e-13,0,1.5,1.5
2025-04-28,greedy,error_scaled_frozen_contract_and_soc,75212.93712148698,35696.7785121998,39516.15860928717,58479.81328218926,53382.4752202845,5097.338061904762,2488.683076800357,5860.62984630952,11,1,1329.833114783915,0.0,14866.49468997799,12041.860698882174,10800.0,10800.0,1200.0,10800.0,0.0002612999960547,1.1368683772161605e-13,0,1.5,1.5
2025-04-28,mpc,error_scaled_frozen_contract_and_soc,79609.64732135594,35696.7785121998,43912.86880915612,58479.81328218926,53382.4752202845,5097.338061904762,2488.683076800357,7553.535830846453,50,18,2667.4436560423046,610.3444648809513,13770.42008681484,11200.83511732143,10800.0,10748.00572555399,1246.1022777777778,10800.0,1.091964299994288,2.273736754432321e-13,0,1.5,1.5
2025-04-29,greedy,error_scaled_frozen_contract_and_soc,41702.30623314941,36194.059421318976,5508.246811830426,59372.94290670932,53803.14362575693,5569.79928095238,2769.494728972777,791.9085077738048,2,1,3928.619782386577,6865.985166343327,17255.09314055581,13976.62544385021,10800.0,10800.0,1200.0,10800.0,0.0003018999996129,2.273736754432321e-13,0,1.5,1.5
2025-04-29,mpc,error_scaled_frozen_contract_and_soc,43901.88055929953,36194.059421318976,7707.821137980551,59372.94290670932,53803.14362575693,5569.79928095238,2769.494728972777,1594.4380752649088,25,9,5003.049590799388,6438.420291865936,18162.998698287058,14728.86636802577,10800.0,10781.291752874164,1211.6074074074102,10800.0,0.9245380999927876,2.273736754432321e-13,0,1.5,1.5
2025-04-30,greedy,error_scaled_frozen_contract_and_soc,36130.63963290252,36130.63963290252,0.0,59090.43809259515,53504.15183783324,5586.286254761905,2786.621715913928,0.0,0,0,4700.627052219278,3363.044945722997,18484.394909200582,14972.359876452463,10800.0,10800.0,1353.1534179894184,10800.0,0.0003329000028315,2.273736754432321e-13,0,1.5,1.5
2025-04-30,mpc,error_scaled_frozen_contract_and_soc,45382.4487924291,36130.63963290252,9251.8091595266,59090.43809259515,53504.15183783324,5586.286254761905,2786.621715913928,1654.3743535605622,27,11,5959.322138217347,4117.634505698099,17408.34621322741,14255.221472891904,10800.0,10628.376622024776,1200.0,10800.0,0.9440740999998524,2.273736754432321e-13,0,1.5,1.5
2025-05-01,greedy,error_scaled_frozen_contract_and_soc,52267.31125053385,35866.998861478496,16400.312389055358,58257.78297497828,52667.65579640686,5590.127178571428,2787.128702656865,2521.345561904762,11,3,1790.4707078336237,3844.6184242236377,20223.482191752264,17192.001394069324,10800.0,9898.91020138889,1200.0,10800.0,0.0003285999991931,1.1368683772161605e-13,0,1.5,1.5
2025-05-01,mpc,error_scaled_frozen_contract_and_soc,60203.64837964342,35866.998861478496,24336.64951816492,58257.78297497828,52667.65579640686,5590.127178571428,2787.128702656865,4520.870977467373,64,12,3228.728202593714,4833.409730599055,17974.527908473898,15370.570496363858,10800.0,9898.663455,1200.0,10800.0,1.147627199999988,2.273736754432321e-13,0,1.5,1.5
2025-05-02,greedy,error_scaled_frozen_contract_and_soc,33327.83836936759,17244.411845841958,16083.426523525635,32626.39090787427,27116.37225549332,5510.018652380953,2942.457000928729,2700.3071628757307,12,2,2050.734070238095,9518.378764285711,21096.568992857145,17161.864389964285,10309.860375,10228.034257499998,1200.0,10800.0,0.0003637000045273,1.1368683772161605e-13,0,1.5,1.5000000000000002
2025-05-02,mpc,error_scaled_frozen_contract_and_soc,54113.33043899458,17244.411845841958,36868.91859315263,32626.39090787427,27116.37225549332,5510.018652380953,2942.457000928729,6820.127930546591,57,9,2648.122627598452,13976.77181190476,16170.459817639645,13171.71605205533,10309.860375,10228.03415303642,1200.0,10464.476692499997,1.1774602999939816,1.1368683772161605e-13,0,1.5,1.5000000000000002
2025-05-03,greedy,error_scaled_frozen_contract_and_soc,28620.80031489684,17579.30593216539,11041.49438273145,33082.14277313742,27249.201068375514,5832.9417047619045,3172.1409154365074,1999.607271083325,8,1,2662.1755499999995,17593.30781837953,20694.97407923952,16724.331167684013,10499.603685,10542.49017,1200.0,10800.0,0.0004255999956512,1.1368683772161605e-13,0,1.5,1.5
2025-05-03,mpc,error_scaled_frozen_contract_and_soc,38775.45833428172,17579.30593216539,21196.15240211632,33082.14277313742,27249.201068375514,5832.9417047619045,3172.1409154365074,3996.1091556973056,52,9,3042.090726265163,19590.96517100873,18689.34011641658,15099.76784914146,10499.603685,10542.48995739552,1200.0,10672.010017499995,0.9889573999971616,1.1368683772161605e-13,0,1.5,1.5
2025-05-04,greedy,error_scaled_frozen_contract_and_soc,49172.303893525466,37147.01007322366,12025.293820301798,60539.38468979237,54476.88889217332,6062.495797619047,3254.2240343076983,1939.0511285714308,10,2,3627.227267173545,3837.849510648327,16607.837914381067,13856.757572648665,10697.165265,10247.822085,1200.0,10800.0,0.0007717999978922,2.273736754432321e-13,0,1.5,1.5000000000000002
2025-05-04,mpc,error_scaled_frozen_contract_and_soc,58380.61367342988,37147.01007322366,21233.603600206217,60539.38468979237,54476.88889217332,6062.495797619047,3254.2240343076983,3739.139486343234,45,8,3667.727847638116,5616.994495986,16504.90572595977,13773.38259225781,10697.165265,10247.82198252178,1200.0,10792.448522142857,1.078443000005791,1.1368683772161605e-13,0,1.5,1.5000000000000002
2025-05-05,greedy,error_scaled_frozen_contract_and_soc,51544.816719391165,37422.486460827495,14122.330258563674,61295.95152624548,55030.57135243596,6265.380173809524,3334.77718675508,2146.9692345238072,9,1,2254.992536964539,282.6035792906123,21424.22520959827,17574.825441274603,10515.888885,10270.10775,1200.0,10800.0,0.0003127999952994,1.1368683772161605e-13,0,1.5,1.5
2025-05-05,mpc,error_scaled_frozen_contract_and_soc,68189.10933830179,37422.486460827495,30766.6228774743,61295.95152624548,55030.57135243596,6265.380173809524,3334.77718675508,5976.496826284452,65,10,3953.088903790039,3314.1757808978077,16748.89053402272,13799.631742371104,10515.888885,10256.96620743034,1200.0,10800.0,1.1398212000058263,2.273736754432321e-13,0,1.5,1.5
2025-05-06,greedy,error_scaled_frozen_contract_and_soc,49148.9094151176,37341.47292905512,11807.436486062485,60672.03433855496,54081.88122903115,6590.153109523808,3351.258947767302,1893.222364285712,9,1,2190.655054236615,2880.5109237616266,20091.56472028599,16816.842090681657,10567.706235,9964.7343825,1200.0,10800.0,0.0006412000075215,2.273736754432321e-13,0,1.5,1.5
2025-05-06,mpc,error_scaled_frozen_contract_and_soc,59777.875253094986,37341.47292905512,22436.402324039875,60672.03433855496,54081.88122903115,6590.153109523808,3351.258947767302,4390.2774511904745,68,9,3502.100158427369,4589.948202097681,17129.201848473473,14378.306514491182,10567.706235,10008.0917714137,1243.357388913702,10800.0,1.0173766999942018,2.273736754432321e-13,0,1.5,1.5
2025-05-07,greedy,error_scaled_frozen_contract_and_soc,55973.06010649119,38111.65103005844,17861.409076432737,62069.38658636241,55045.1647673148,7024.221819047619,3290.511281549404,2710.7418396547623,8,2,1609.1590350868146,2317.186969057807,19606.571770507147,15934.282014110791,10365.689415,10306.846215,1200.0,10800.0,0.0003914999979315,2.273736754432321e-13,0,1.5,1.5
2025-05-07,mpc,error_scaled_frozen_contract_and_soc,65082.23793461642,38111.65103005844,26970.586904557968,62069.38658636241,55045.1647673148,7024.221819047619,3290.511281549404,5049.4040153397655,70,12,3334.789298328699,3434.5557926250303,16952.167951555184,13784.215106282933,10365.689415,10306.846008863076,1200.0,10800.0,1.03395690000616,2.273736754432321e-13,0,1.5,1.5
2025-05-08,greedy,error_scaled_frozen_contract_and_soc,42138.20170651151,41409.27388036388,728.9278261476219,65315.703019545,57988.14894811642,7327.554071428571,3296.268201040039,108.38418095238136,2,1,4455.239560212584,507.9104791005299,18576.87394645852,14856.459153131396,10587.990285,10800.0,1635.8504272486775,10800.0,0.0003458999999566,2.273736754432321e-13,0,1.5,1.5
2025-05-08,mpc,error_scaled_frozen_contract_and_soc,56259.30848829202,41409.27388036388,14850.034607928135,65315.703019545,57988.14894811642,7327.554071428571,3296.268201040039,2627.2535057849536,29,13,5735.337704008934,2138.7144982142863,16659.110719857934,13330.72876460835,10587.990285,10769.26908330731,1200.0,10800.0,0.9292101000028196,2.273736754432321e-13,0,1.5,1.5
2025-05-09,greedy,error_scaled_frozen_contract_and_soc,21080.839563201363,21080.839563201363,0.0,36972.76041320311,29467.640296536447,7505.120116666666,3302.334690922024,0.0,0,0,6035.142944915666,18992.898492857137,19638.251844370046,15906.983993939744,10800.0,10800.0,2170.40782936508,10800.0,0.0010374999983469,1.1368683772161605e-13,0,1.5,1.4999999999999998
2025-05-09,mpc,error_scaled_frozen_contract_and_soc,25115.763748313264,21080.839563201363,4034.924185111905,36972.76041320311,29467.640296536447,7505.120116666666,3302.334690922024,950.5278452380952,29,11,7090.169636824071,18927.88555391136,19430.434346872447,15738.652404166667,10800.0,10799.999352000015,1867.538397728258,10800.0,1.242083899996942,1.1368683772161605e-13,0,1.5,1.4999999999999998
2025-05-10,greedy,error_scaled_frozen_contract_and_soc,20976.847430508667,20976.847430508667,0.0,36680.3256406522,29377.506638271243,7302.819002380952,3338.5334529040474,0.0,0,0,5477.517560920043,13569.197545749334,19353.53703975919,15676.365002204944,10800.0,10800.0,2092.287204388688,10800.0,0.0003232000017305,1.1368683772161605e-13,0,1.5,1.5000000000000002
2025-05-10,mpc,error_scaled_frozen_contract_and_soc,29978.694696313003,20976.847430508667,9001.847265804334,36680.3256406522,29377.506638271243,7302.819002380952,3338.5334529040474,1704.3477220973257,26,13,5316.573733198467,15753.236051020876,18164.039750899705,14805.614668798094,10800.0,10696.952810478522,1200.0,10800.0,1.0567227999999886,2.273736754432321e-13,0,1.5,1.5000000000000002
2025-05-11,greedy,error_scaled_frozen_contract_and_soc,41874.994468344776,41667.62031042811,207.374157916667,66116.489247388,58487.95165691183,7628.537590476189,3261.133009974206,30.76083333333338,1,1,4793.71804420928,2145.6263535714284,17603.08696535171,14258.50044193488,10800.0,10800.0,1543.7444168783072,10800.0,0.0003112999984296,2.273736754432321e-13,0,1.5,1.5
2025-05-11,mpc,error_scaled_frozen_contract_and_soc,49338.01276743225,41667.62031042811,7670.392457004149,66116.489247388,58487.95165691183,7628.537590476189,3261.133009974206,1474.185754978142,29,11,6113.598873995024,2416.300018768555,17205.04440132122,14007.587451242456,10800.0,10720.553904253034,1200.0,10800.0,1.0436630000040168,2.273736754432321e-13,0,1.5,1.5
2025-05-12,greedy,error_scaled_frozen_contract_and_soc,41866.76463629457,41866.76463629457,0.0,66700.09981404469,58930.48891642562,7769.610897619046,3195.985649071588,0.0,0,0,8791.486046028647,4766.325952692691,14957.55076360654,12115.6161185213,10800.0,10800.0,1930.4768677248685,10800.0,0.0004169000021647,2.273736754432321e-13,0,1.5,1.5000000000000002
2025-05-12,mpc,error_scaled_frozen_contract_and_soc,49480.77938046565,41866.76463629457,7614.014744171091,66700.09981404469,58930.48891642562,7769.610897619046,3195.985649071588,1444.9325836730131,26,10,7059.070333928101,7600.331954898492,16773.297103263187,13588.020164610192,10800.0,10798.167210036654,1200.0,10800.0,1.0758327999938049,2.273736754432321e-13,0,1.5,1.5000000000000002
2025-05-13,greedy,error_scaled_frozen_contract_and_soc,41888.0441153248,41888.0441153248,0.0,66739.80621830004,58870.03807544291,7869.768142857141,3201.7492765605166,0.0,0,0,8335.379039594032,3002.9454292772243,17335.0993328333,14041.430459594972,10800.0,10800.0,1597.9439285714298,10800.0,0.0010177999938605,2.273736754432321e-13,0,1.5,1.5000000000000002
2025-05-13,mpc,error_scaled_frozen_contract_and_soc,45428.9873448486,41888.0441153248,3540.9432295238075,66739.80621830004,58870.03807544291,7869.768142857141,3201.7492765605166,602.9757738095232,18,9,8838.508043797,3064.6704889601865,17535.74298085213,14203.95239769021,10800.0,10799.999352000015,1562.1746737182325,10800.0,1.035168700007489,4.547473508864641e-13,0,1.5,1.5000000000000002
2025-05-14,greedy,error_scaled_frozen_contract_and_soc,42142.23124684211,42142.23124684211,0.0,67000.44446254158,59161.372241113,7839.072221428569,3218.5113092927786,0.0,0,0,8476.800562213404,3515.558919047618,16927.825728544252,13711.538840120847,10800.0,10800.0,2157.1692738095257,10800.0,0.0003174000012222,2.273736754432321e-13,0,1.5,1.5
2025-05-14,mpc,error_scaled_frozen_contract_and_soc,44450.35507717067,42142.23124684211,2308.123830328569,67000.44446254158,59161.372241113,7839.072221428569,3218.5113092927786,564.4281059523803,20,7,8743.1994353265,3768.344389740147,17385.024775810056,14123.494125239897,10800.0,10753.751047962498,1405.5656920068648,10800.0,1.0006901000015205,2.273736754432321e-13,0,1.5,1.5
2025-05-15,greedy,error_scaled_frozen_contract_and_soc,41532.48771684821,41532.48771684821,0.0,65987.96025596315,58166.587796439344,7821.372459523807,3237.854073214208,0.0,0,0,7348.870401812663,3390.582315353714,17720.369132765038,14353.498997539686,10800.0,10800.0,2574.333755291006,10800.0,0.0002947999892057,2.273736754432321e-13,0,1.5,1.5
2025-05-15,mpc,error_scaled_frozen_contract_and_soc,47932.96221153333,41532.48771684821,6400.47449468512,65987.96025596315,58166.587796439344,7821.372459523807,3237.854073214208,1596.6296416666664,31,11,7168.320987041556,5367.831494428281,16996.469663046686,13829.669650458129,10800.0,10730.523085121882,1218.8101851851852,10800.0,1.061236399997142,2.273736754432321e-13,0,1.5,1.5
2025-05-16,greedy,error_scaled_frozen_contract_and_soc,20667.90625629116,20667.90625629116,0.0,36089.61964234847,28239.1318113961,7850.487830952379,3258.913887344921,0.0,0,0,5957.974353101119,26532.68331517155,18619.278441251136,15081.615537413423,10800.0,10800.0,2568.5824930952404,10800.0,0.00033720000647,2.273736754432321e-13,0,1.5,1.5
2025-05-16,mpc,error_scaled_frozen_contract_and_soc,23758.974476291754,20667.90625629116,3091.0682200005954,36089.61964234847,28239.1318113961,7850.487830952379,3258.913887344921,704.6948059523809,26,12,7589.420833125903,25838.880503160977,18906.31944407026,15601.605402294375,10800.0,10480.57038600282,2001.8011112073052,10800.0,1.082425400003558,1.1368683772161605e-13,0,1.5,1.5
2025-05-17,greedy,error_scaled_frozen_contract_and_soc,20731.30632743245,20731.30632743245,0.0,36413.69398336865,28657.179826225794,7756.514157142858,3322.310875460754,0.0,0,0,5036.083385626101,15650.9268394322,20099.23859637027,16280.38326305992,10800.0,10800.0,1723.9257049206333,10800.0,0.0003908999933628,2.273736754432321e-13,0,1.5,1.4999999999999998
2025-05-17,mpc,error_scaled_frozen_contract_and_soc,34124.4385981309,20731.30632743245,13393.132270698456,36413.69398336865,28657.179826225794,7756.514157142858,3322.310875460754,2555.3411021879974,34,11,5313.148585242447,18483.134438951474,17587.969554972748,14323.04591861002,10800.0,10714.677134353224,1200.0,10800.0,1.114152300011483,2.273736754432321e-13,0,1.5,1.4999999999999998
2025-05-18,greedy,error_scaled_frozen_contract_and_soc,41023.7620016313,41023.7620016313,0.0,64617.086879205584,56731.41501491987,7885.671864285714,3373.748891221984,0.0,0,0,6603.188142754267,747.2982918430325,17900.373273627592,14499.302351638356,10800.0,10800.0,2313.180616402119,10800.0,0.0003075999993598,1.1368683772161605e-13,0,1.5,1.5000000000000002
2025-05-18,mpc,error_scaled_frozen_contract_and_soc,53233.10865515808,41023.7620016313,12209.346653526776,64617.086879205584,56731.41501491987,7885.671864285714,3373.748891221984,2381.029916071427,33,13,6344.92369560583,3913.970535875358,15474.174489583093,12600.481448406314,10800.0,10726.222097951108,1200.0,10800.0,1.128063199997996,2.273736754432321e-13,0,1.5,1.5000000000000002
2025-05-19,greedy,error_scaled_frozen_contract_and_soc,40984.2775269357,40457.2454356857,527.032091250001,64240.90443032802,56251.37195413754,7989.532476190476,3389.725063028769,78.14250000000015,1,1,7542.518265961869,8696.451880907627,16755.781592137635,13572.183089631491,10800.0,10800.0,1561.6753730158755,10800.0,0.0002938999969046,1.1368683772161605e-13,0,1.5,1.5
2025-05-19,mpc,error_scaled_frozen_contract_and_soc,45278.63560580832,40457.2454356857,4821.390170122617,64240.90443032802,56251.37195413754,7989.532476190476,3389.725063028769,814.713482142857,23,11,8979.834729160491,8099.056532600139,16497.246246294122,13416.997876536254,10800.0,10739.746203291095,1605.5337845347062,10800.0,1.1047373000037624,2.273736754432321e-13,0,1.5,1.5
2025-05-20,greedy,error_scaled_frozen_contract_and_soc,40124.34334441177,40124.34334441177,0.0,63477.08920440144,55535.960687734776,7941.128516666667,3405.099198673055,0.0,0,0,3948.569031452084,438.287382142857,17354.98209447033,14057.535496520966,10800.0,10800.0,1704.1333505290986,10800.0,0.0002292999997735,2.273736754432321e-13,0,1.5,1.4999999999999998
2025-05-20,mpc,error_scaled_frozen_contract_and_soc,60099.662129708384,40124.34334441177,19975.31878529661,63477.08920440144,55535.960687734776,7941.128516666667,3405.099198673055,3321.072011209749,34,15,4665.908712876866,3791.1513118213616,14045.126744081326,11496.811746025502,10800.0,10666.37879631152,1200.0,10800.0,0.8495219000033103,4.547473508864641e-13,0,1.5,1.4999999999999998
2025-05-21,greedy,error_scaled_frozen_contract_and_soc,40435.4719151802,40435.4719151802,0.0,64026.08839084242,55961.61189798528,8064.476492857144,3383.239139484522,0.0,0,0,4412.593635246918,5761.099529097579,16083.364011643163,13027.524849430958,10800.0,10800.0,1868.3103837433853,10800.0,0.0002740000054473,2.273736754432321e-13,0,1.5,1.4999999999999998
2025-05-21,mpc,error_scaled_frozen_contract_and_soc,45703.59950252259,40435.4719151802,5268.127587342395,64026.08839084242,55961.61189798528,8064.476492857144,3383.239139484522,1185.586029876619,24,11,6241.849403590165,5208.467986532561,16261.5364102697,13296.7354439591,10800.0,10661.232275954831,1200.0,10800.0,1.0387590000027558,2.273736754432321e-13,0,1.5,1.4999999999999998
2025-05-22,greedy,error_scaled_frozen_contract_and_soc,39763.77666865742,39763.77666865742,0.0,62952.77165795244,54819.84415319053,8132.927504761905,3372.74332365492,0.0,0,0,5305.828638626744,3768.762760332167,17409.76122527924,14101.906592476184,10800.0,10800.0,1525.232908928572,10800.0,0.0006043000030331,2.273736754432321e-13,0,1.5,1.5
2025-05-22,mpc,error_scaled_frozen_contract_and_soc,46006.79044483658,39763.77666865742,6243.013776179167,62952.77165795244,54819.84415319053,8132.927504761905,3372.74332365492,1190.522028571429,28,12,5926.020099208621,4480.550305773194,16665.25388711348,13498.856231761902,10800.0,10799.999352000015,1443.184271545549,10800.0,1.0631764999998268,2.273736754432321e-13,0,1.5,1.5
2025-05-23,greedy,error_scaled_frozen_contract_and_soc,20604.50056839885,20604.50056839885,0.0,36151.99696270986,28030.506419852725,8121.490542857142,3371.825810806984,0.0,0,0,6799.881827924752,18903.374258577736,20341.57179206894,16476.673151575847,10800.0,10800.0,1522.6161034342465,10800.0,0.0002511000056983,2.273736754432321e-13,0,1.5,1.5
2025-05-23,mpc,error_scaled_frozen_contract_and_soc,27865.252875113954,20604.50056839885,7260.752306715105,36151.99696270986,28030.506419852725,8121.490542857142,3371.825810806984,1568.076443330605,32,11,6327.484018921396,21262.04466191161,18987.223410833656,15440.52092134048,10800.0,10732.36671270532,1200.0,10800.0,1.0557841999980155,2.273736754432321e-13,0,1.5,1.5
2025-05-24,greedy,error_scaled_frozen_contract_and_soc,21162.81971982473,21162.81971982473,0.0,36856.57805296801,28644.570255348965,8212.007797619048,3327.570902364643,0.0,0,0,7357.64062774838,23880.778255163328,18808.84852661209,15235.167306555795,10800.0,10800.0,2200.576245361284,10800.0,0.0005155000108061,1.1368683772161605e-13,0,1.5,1.4999999999999998
2025-05-24,mpc,error_scaled_frozen_contract_and_soc,23935.6490531908,21162.81971982473,2772.8293333660718,36856.57805296801,28644.570255348965,8212.007797619048,3327.570902364643,701.2230809523809,20,11,8110.284872576726,23738.64929723014,19289.246208169323,15624.857194055796,10800.0,10799.369149512622,1881.157443403105,10800.0,1.0702556999895023,1.2789769243681806e-13,0,1.5,1.4999999999999998
2025-05-25,greedy,error_scaled_frozen_contract_and_soc,40137.428681103134,40137.428681103134,0.0,63607.63710728133,55290.88521680514,8316.75189047619,3268.3231802429773,0.0,0,0,6871.595790241038,6672.585062252087,16330.440733221158,13227.65699390914,10800.0,10800.0,1616.9931838624375,10800.0,0.0003568999964045,2.273736754432321e-13,0,1.5,1.5
2025-05-25,mpc,error_scaled_frozen_contract_and_soc,44588.0423859704,40137.428681103134,4450.613704867263,63607.63710728133,55290.88521680514,8316.75189047619,3268.3231802429773,814.5512404761912,25,14,7571.072590842403,6680.462765041604,16980.110009592183,13770.129533194851,10800.0,10781.955082860895,1362.7062245695124,10800.0,0.973790400006692,2.273736754432321e-13,0,1.5,1.5
2025-05-26,greedy,error_scaled_frozen_contract_and_soc,40170.34400519694,39802.41693028569,367.9270749112464,62412.14253299028,54103.553966323605,8308.588566666665,3274.6073700758343,52.74183986686444,1,1,2066.477634905938,0.0,19673.10503057025,15935.215074761903,10800.0,10800.0,1200.0,10800.0,0.0003842999867629,2.273736754432321e-13,0,1.5,1.4999999999999996
2025-05-26,mpc,error_scaled_frozen_contract_and_soc,54658.881751734494,39802.41693028569,14856.464821448812,62412.14253299028,54103.553966323605,8308.588566666665,3274.6073700758343,3024.6016880952384,39,14,4796.78430299596,971.095870845503,16444.253175420952,13435.90591031976,10800.0,10671.04351307913,1213.574537037037,10800.0,1.061470399989048,2.273736754432321e-13,0,1.5,1.4999999999999996
2025-05-27,greedy,error_scaled_frozen_contract_and_soc,40695.05680315568,40695.05680315568,0.0,63910.61001446342,55388.48157160627,8522.128442857143,3359.6197785773006,0.0,0,0,7277.816195057478,5358.208775690768,16489.13438421517,13356.198851214283,10800.0,10800.0,1862.6078783068788,10800.0,0.0003407000040169,2.273736754432321e-13,0,1.5,1.4999999999999998
2025-05-27,mpc,error_scaled_frozen_contract_and_soc,44224.1490078652,40695.05680315568,3529.092204709524,63910.61001446342,55388.48157160627,8522.128442857143,3359.6197785773006,773.0355154761907,26,14,7600.272178216987,5912.624067986842,16358.67516947387,13329.57539645238,10800.0,10712.168323134943,1274.4001119818795,10800.0,1.0035342000046512,2.273736754432321e-13,0,1.5,1.4999999999999998
2025-05-28,greedy,error_scaled_frozen_contract_and_soc,40122.01598108336,40122.01598108336,0.0,63096.211204979496,54678.83294783664,8417.378257142858,3409.006403592697,0.0,0,0,4996.922747839508,1583.130631074049,19121.26369608644,15488.223593830018,10800.0,10800.0,1824.3926534391544,10800.0,0.0008155999967129,2.273736754432321e-13,0,1.5,1.5
2025-05-28,mpc,error_scaled_frozen_contract_and_soc,48350.52410380064,40122.01598108336,8228.508122717267,63096.211204979496,54678.83294783664,8417.378257142858,3409.006403592697,1799.574379761906,40,15,6852.46139851453,1907.587506588968,17134.76944846793,13882.15049263954,10800.0,10796.680845132758,1261.1315718126996,10800.0,1.0647393999970518,2.273736754432321e-13,0,1.5,1.5
2025-05-29,greedy,error_scaled_frozen_contract_and_soc,39481.598580840815,39481.598580840815,0.0,62435.15183180275,54245.6555841837,8189.496247619048,3260.3096393546025,0.0,0,0,2660.5692438418537,199.8345072814776,19744.117147686196,15992.734889625815,10800.0,10800.0,1605.0018042328024,10800.0,0.0003675000043585,2.273736754432321e-13,0,1.5,1.5
2025-05-29,mpc,error_scaled_frozen_contract_and_soc,53702.38105999048,39481.598580840815,14220.782479149671,62435.15183180275,54245.6555841837,8189.496247619048,3260.3096393546025,2950.3767818368387,52,16,4747.80175947629,1697.7403976922526,16489.321459498125,13372.70082564612,10800.0,10781.832840608182,1200.0,10800.0,1.000501099988469,2.273736754432321e-13,0,1.5,1.5
2025-05-30,greedy,error_scaled_frozen_contract_and_soc,20628.76659140298,20628.76659140298,0.0,36234.91679591559,27792.94746972512,8441.969326190476,3143.046539862262,0.0,0,0,5929.6877029835405,19846.24357014859,19567.72921139168,15849.860661227263,10800.0,10800.0,2069.3503585185194,10800.0,0.0002865999995265,2.273736754432321e-13,0,1.5,1.5
2025-05-30,mpc,error_scaled_frozen_contract_and_soc,30682.98929673632,20628.76659140298,10054.22270533334,36234.91679591559,27792.94746972512,8441.969326190476,3143.046539862262,1972.350679761906,31,15,5939.499303122798,22153.65276190476,17823.63142329555,14450.632985264656,10800.0,10785.009408449709,1200.0,10800.0,1.0090170999901602,2.273736754432321e-13,0,1.5,1.5
2025-05-31,greedy,error_scaled_frozen_contract_and_soc,20921.658307418464,20921.658307418464,0.0,36627.48257587772,28065.13768063961,8562.344895238097,3116.868885933809,0.0,0,0,6981.449636640215,16242.11484007536,20355.932382808234,16488.30523007467,10800.0,10800.0,1242.2476367821107,10800.0,0.0003648999991128,2.273736754432321e-13,0,1.5,1.5000000000000002
2025-05-31,mpc,error_scaled_frozen_contract_and_soc,31609.099006881843,20921.658307418464,10687.44069946338,36627.48257587772,28065.13768063961,8562.344895238097,3116.868885933809,2158.9246673998205,32,11,6833.865209999998,19140.835391656565,18007.781655486295,14732.365960293895,10800.0,10637.707978500002,1200.0,10800.0,1.0156320999958552,1.1368683772161605e-13,0,1.5,1.5000000000000002
2025-06-01,greedy,error_scaled_frozen_contract_and_soc,137595.0561731233,40747.305282975605,96847.7508901477,64470.60957356676,55942.53921166199,8528.070361904762,3091.450233253849,16970.46858984523,61,3,14.254891666666822,0.0,10648.02953299549,9872.922626726351,10800.0,9413.31255,1200.0,10800.0,0.0004254000086802,2.273736754432321e-13,0,1.5,1.5000000000000004
2025-06-01,mpc,error_scaled_frozen_contract_and_soc,127299.7828337935,40747.305282975605,86552.4775508179,64470.60957356676,55942.53921166199,8528.070361904762,3091.450233253849,17508.4064971073,113,6,534.1175942890429,104.37205109539974,10193.83609356343,9505.02603375,10800.0,9413.312446707088,1200.0,10800.0,0.9587697999959346,2.273736754432321e-13,0,1.5,1.5000000000000004
2025-06-02,greedy,error_scaled_frozen_contract_and_soc,122110.52329408916,41741.525254869535,80368.9980392196,66713.46153391639,58005.8045624878,8707.656971428572,3801.5270185602767,12471.992915583334,32,2,92.41886309523818,0.0,18273.502652442075,15358.45686722808,10028.644275,9409.8445875,1200.0,10028.644275,0.00088350000442,2.273736754432321e-13,0,1.5,1.5
2025-06-02,mpc,error_scaled_frozen_contract_and_soc,129759.17821281138,41741.525254869535,88017.65295794186,66713.46153391639,58005.8045624878,8707.656971428572,3801.5270185602767,17803.408805797615,103,6,2966.058790476189,3708.354998809523,11691.507726251602,10027.0409770138,10028.644275,9409.8445875,1200.0,10800.0,1.2194286000012653,2.273736754432321e-13,0,1.5,1.5
2025-06-03,greedy,error_scaled_frozen_contract_and_soc,101869.27030870588,43140.27092458055,58728.99938412534,68818.83643625505,59381.15820530266,9437.67823095238,4335.3198329473,9253.570796992712,27,2,144.9763587358583,0.0,17738.219590476187,14611.802394535714,10081.41045,9810.472087500002,1200.0,10081.41045,0.0007016000017756,2.273736754432321e-13,0,1.5,1.5
2025-06-03,mpc,error_scaled_frozen_contract_and_soc,104888.79130501802,43140.27092458055,61748.52038043748,68818.83643625505,59381.15820530266,9437.67823095238,4335.3198329473,12476.673409033328,98,7,3199.206064341553,919.1635071428562,13789.32169201335,11413.195096780812,10081.41045,9810.472087500002,1200.0,10800.0,0.9427145000081508,2.273736754432321e-13,0,1.5,1.5
2025-06-04,greedy,error_scaled_frozen_contract_and_soc,98259.7356037044,44240.824749153646,54018.91085455076,70649.31823552851,60616.42786171899,10032.89037380952,4425.744800588174,8150.238023499998,17,1,0.0,0.0,16428.492597831795,13902.353464993756,10305.44058,9644.024512499998,1200.0,10305.44058,0.0002973999944515,2.273736754432321e-13,0,1.5,1.5
2025-06-04,mpc,error_scaled_frozen_contract_and_soc,105602.7891673768,44240.824749153646,61361.96441822316,70649.31823552851,60616.42786171899,10032.89037380952,4425.744800588174,12121.867548485716,97,9,4315.460551772495,620.1426369047623,11581.264566297396,10019.099097150896,10305.44058,9596.246359499995,1200.0,10787.176471071429,1.1098681000003126,2.273736754432321e-13,0,1.5,1.5
2025-06-05,greedy,error_scaled_frozen_contract_and_soc,93052.00419351723,45869.89872456093,47182.105468956295,72931.54729567509,62541.97726472271,10389.570030952382,4667.602515098095,7353.860515110966,21,4,0.0,0.0,18290.05998095417,15650.175832072877,10213.056824999998,9285.02655,1200.0,10213.056824999998,0.0002910000039264,2.273736754432321e-13,0,1.5,1.5
2025-06-05,mpc,error_scaled_frozen_contract_and_soc,103311.2754313029,45869.89872456093,57441.37670674198,72931.54729567509,62541.97726472271,10389.570030952382,4667.602515098095,11619.256467299065,94,9,4751.855649129929,509.15265357142925,13049.994978252818,11405.723179884782,10213.056824999998,9285.02655,1200.0,10793.38328142857,0.9269092000031378,2.273736754432321e-13,0,1.5,1.5
2025-06-06,greedy,error_scaled_frozen_contract_and_soc,66015.39035984111,23193.097934749632,42822.29242509148,39961.239239068,28906.505922401324,11054.733316666669,4623.069104473253,7144.343164920099,26,2,2262.0206821428555,1621.968310714286,20381.79307142857,16633.31370910714,10002.38067,9864.5347575,1200.0,10800.0,0.0004060999926878,1.1368683772161605e-13,0,1.5,1.4999999999999998
2025-06-06,mpc,error_scaled_frozen_contract_and_soc,94846.70245329784,23193.097934749632,71653.6045185482,39961.239239068,28906.505922401324,11054.733316666669,4623.069104473253,13854.911970463174,77,7,3790.0973268900016,8342.169110554354,12288.590208388976,10077.819485111686,10002.38067,9864.534651870426,1200.0,10008.487245,0.9958773000107612,1.1368683772161605e-13,0,1.5,1.4999999999999998
2025-06-07,greedy,error_scaled_frozen_contract_and_soc,48532.95465573041,24080.411070672944,24452.54358505747,41261.1029948494,29341.48743770653,11919.61555714286,4950.25655933595,3968.625479412504,21,2,2035.5013809523807,1132.2120785714278,20473.447258333334,17057.0852055,10377.666974999998,9851.4526125,1200.0,10800.0,0.0004421000048751,1.1368683772161605e-13,0,1.5,1.5
2025-06-07,mpc,error_scaled_frozen_contract_and_soc,72620.7481138177,24080.411070672944,48540.33704314475,41261.1029948494,29341.48743770653,11919.61555714286,4950.25655933595,9154.35319451965,68,9,4041.527015412965,5483.9324916666665,14304.93018577751,12060.586465392857,10377.666974999998,9851.452513985474,1200.0,10393.562617499998,1.1404193000053056,1.1368683772161605e-13,0,1.5,1.5
2025-06-08,greedy,error_scaled_frozen_contract_and_soc,57042.323109163975,57042.323109163975,0.0,89298.21156648526,76333.58121172336,12964.630354761905,4699.108273285831,0.0,0,0,21395.965044510827,2515.7464931657923,15821.05936340387,12407.077689357138,10346.68845,10800.0,2196.42580952381,10800.0,0.0005445999995572,2.273736754432321e-13,0,1.5,1.4999999999999998
2025-06-08,mpc,error_scaled_frozen_contract_and_soc,59591.35009472231,57042.323109163975,2549.026985558331,89298.21156648526,76333.58121172336,12964.630354761905,4699.108273285831,545.1317654761901,16,5,17608.561157595894,6444.603479859051,18158.347511244592,14340.687171499996,10346.68845,10755.104352897915,1530.6272745330534,10799.999926883796,1.1034101000113878,2.273736754432321e-13,0,1.5,1.4999999999999998
2025-06-09,greedy,error_scaled_frozen_contract_and_soc,56303.77268371825,56133.94398038492,169.82870333333122,87752.67824051145,74785.5406476543,12967.137592857143,4708.115893179443,25.223333333333017,1,1,11895.27585049088,1129.5050654761906,19169.32422692533,15527.15262380952,10800.0,10800.0,1777.3380330687855,10800.0,0.0004290999931981,1.2789769243681806e-13,0,1.5,1.5
2025-06-09,mpc,error_scaled_frozen_contract_and_soc,65291.11323435184,56133.94398038492,9157.169253966917,87752.67824051145,74785.5406476543,12967.137592857143,4708.115893179443,1853.212732353716,37,13,13880.612739228338,1293.531592857145,17498.02298699739,14177.225400979614,10800.0,10795.748020542522,1200.0,10800.0,1.0182033000019146,2.273736754432321e-13,0,1.5,1.5
2025-06-10,greedy,error_scaled_frozen_contract_and_soc,56233.60293760942,56233.60293760942,0.0,87904.20962182472,75081.02197658662,12823.187645238097,4751.613121029881,0.0,0,0,11992.41275677475,383.3311845238095,18654.981438859497,15110.53496547619,10800.0,10800.0,2029.9940532539665,10800.0,0.0003065000055357,2.273736754432321e-13,0,1.5,1.5000000000000002
2025-06-10,mpc,error_scaled_frozen_contract_and_soc,64996.86274985824,56233.60293760942,8763.259812248805,87904.20962182472,75081.02197658662,12823.187645238097,4751.613121029881,1718.585862869047,31,14,13080.350213655836,1254.9822053856064,17732.958592068993,14429.514733559525,10800.0,10726.868584462623,1200.0,10800.0,1.1103766999876823,2.273736754432321e-13,0,1.5,1.5000000000000002
2025-06-11,greedy,error_scaled_frozen_contract_and_soc,63045.77050154058,56621.69249536024,6424.078006180351,88954.10311748687,76160.18881748687,12793.9143,4777.29769160722,1327.110452380951,7,1,7928.105192533807,0.0,22071.67365890081,17878.055663709667,10800.0,10800.0,1200.0,10800.0,0.0004879000043729,2.273736754432321e-13,0,1.5,1.5000000000000002
2025-06-11,mpc,error_scaled_frozen_contract_and_soc,84493.39606547604,56621.69249536024,27871.7035701158,88954.10311748687,76160.18881748687,12793.9143,4777.29769160722,5520.622227535865,51,11,12319.677861461025,775.2962071428569,17141.732354259315,13921.471459983324,10800.0,10759.257496629689,1200.0,10800.0,1.2525112000002991,2.273736754432321e-13,0,1.5,1.5000000000000002
2025-06-12,greedy,error_scaled_frozen_contract_and_soc,57700.90638861903,57700.90638861903,0.0,89990.571036829,77083.20264873377,12907.368388095238,4783.472884070317,0.0,0,0,13805.62300286596,424.6617392857148,18360.596494542348,14872.083160579306,10800.0,10800.0,2523.002895502645,10800.0,0.0006698999932268,2.273736754432321e-13,0,1.5,1.5000000000000002
2025-06-12,mpc,error_scaled_frozen_contract_and_soc,64304.00442451011,57700.90638861903,6603.098035891087,89990.571036829,77083.20264873377,12907.368388095238,4783.472884070317,1363.9420267828796,24,12,14792.421421645517,894.323219047621,17873.6628852866,14477.66742308214,10800.0,10799.999460000012,1200.0,10800.0,1.0626517999917269,2.273736754432321e-13,0,1.5,1.5000000000000002
2025-06-13,greedy,error_scaled_frozen_contract_and_soc,30513.57937212477,30513.57937212477,0.0,48962.90201590694,36028.9639730498,12933.938042857142,4766.147983198888,0.0,0,0,9847.706258274551,6707.969518903332,18880.68410734592,15293.3541269502,10800.0,10800.0,2248.1897968939534,10800.0,0.0002786999975796,1.1368683772161605e-13,0,1.5,1.5
2025-06-13,mpc,error_scaled_frozen_contract_and_soc,33845.2242155831,30513.57937212477,3331.644843458332,48962.90201590694,36028.9639730498,12933.938042857142,4766.147983198888,710.1186488095232,26,11,10130.823159858985,7194.276498421309,18700.323004219703,15172.298256116868,10800.0,10772.18153033455,1881.2056042076376,10800.0,1.225412099985988,1.1368683772161605e-13,0,1.5,1.5
2025-06-14,greedy,error_scaled_frozen_contract_and_soc,30716.77612221756,30716.77612221756,0.0,49273.915704714185,36166.74083090466,13107.174873809525,4697.58678314115,0.0,0,0,10440.957002469137,9945.98206155191,17798.52310264562,14416.803713142952,10800.0,10800.0,2723.3484247222245,10800.0,0.0010122999956365,2.273736754432321e-13,0,1.5,1.5
2025-06-14,mpc,error_scaled_frozen_contract_and_soc,32433.7346478378,30716.77612221756,1716.958525620238,49273.915704714185,36166.74083090466,13107.174873809525,4697.58678314115,370.5565285714288,16,9,9378.381567207432,11301.221582250892,18606.74538506549,15147.133552428666,10800.0,10715.922454971527,2018.2841487856667,10800.0,1.152739900004235,1.515824497307994e-13,0,1.5,1.5
2025-06-15,greedy,error_scaled_frozen_contract_and_soc,57499.932099373575,57499.932099373575,0.0,89420.75884556302,76348.86864318207,13071.890202380951,4701.117371921585,0.0,0,0,16127.917158834636,143.35544642857167,17163.414704585535,13902.365910714285,10800.0,10800.0,2554.9726494709016,10800.0,0.0004291999939596,1.1368683772161605e-13,0,1.5,1.5
2025-06-15,mpc,error_scaled_frozen_contract_and_soc,63699.927965577146,57499.932099373575,6199.995866203568,89420.75884556302,76348.86864318207,13071.890202380951,4701.117371921585,1156.6715142857138,18,6,16734.279338504202,586.5294714285709,17740.70222729692,14372.51812380952,10800.0,10797.16742255665,1429.263422071241,10800.0,1.0827306999999564,2.273736754432321e-13,0,1.5,1.5
2025-06-16,greedy,error_scaled_frozen_contract_and_soc,58046.412982941794,58046.412982941794,0.0,90210.67711410989,77183.9844283956,13026.692685714286,4713.491057911546,0.0,0,0,13917.126060391493,88.40653214285726,19053.027607289827,15432.952361904758,10800.0,10800.0,2418.4030383597906,10800.0,0.0004234999942127,2.273736754432321e-13,0,1.5,1.5
2025-06-16,mpc,error_scaled_frozen_contract_and_soc,65895.23660680371,58046.412982941794,7848.823623861907,90210.67711410989,77183.9844283956,13026.692685714286,4713.491057911546,1654.778770238096,32,12,14872.650912070349,1038.740285714285,17784.72346037288,14415.728049999998,10800.0,10788.775503224486,1249.2833465597396,10800.0,1.132332299996051,2.273736754432321e-13,0,1.5,1.5
2025-06-17,greedy,error_scaled_frozen_contract_and_soc,57814.509190918434,57508.93384966843,305.57534125000143,89736.92145604783,76745.30604414307,12991.615411904762,4710.259314540751,45.32750000000021,1,1,10259.632355158736,42.807620238095296,19832.04966633368,16063.960229730288,10800.0,10800.0,2014.8786772486767,10800.0,0.000305900000967,2.273736754432321e-13,0,1.5,1.4999999999999998
2025-06-17,mpc,error_scaled_frozen_contract_and_soc,72254.47297507453,57508.93384966843,14745.539125406098,89736.92145604783,76745.30604414307,12991.615411904762,4710.259314540751,3035.201026071141,32,13,13402.926006206206,396.9050404761893,17221.535214095733,13960.963322706764,10800.0,10787.200223011983,1200.0,10800.0,0.9895848000014666,2.273736754432321e-13,0,1.5,1.4999999999999998
2025-06-18,greedy,error_scaled_frozen_contract_and_soc,58780.26197942512,58734.11983442512,46.142144999998656,91259.9283181543,78046.76098720194,13213.167330952385,4588.671856838133,6.8449999999998,1,1,18672.724227325398,100.10663809523804,15679.981305114636,12700.78485714286,10800.0,10800.0,2256.4295714285727,10800.0,0.0003967999946326,2.273736754432321e-13,0,1.5,1.5
2025-06-18,mpc,error_scaled_frozen_contract_and_soc,61138.29005495251,58734.11983442512,2404.1702205273828,91259.9283181543,78046.76098720194,13213.167330952385,4588.671856838133,446.17672619047664,11,5,17816.732133103178,1019.9076129836948,17719.855680289234,14365.13638679322,10800.0,10786.60746026785,1212.227235013192,10800.0,1.2177454000047874,2.273736754432321e-13,0,1.5,1.5
2025-06-19,greedy,error_scaled_frozen_contract_and_soc,58543.28632815548,58077.524575182266,465.7617529732136,90227.82080805782,77027.75965567687,13200.061152380951,4595.191839188927,69.17032261904751,2,1,18274.240456449068,2543.629879761905,18088.48135558495,14651.66989802381,10800.0,10800.0,2004.7837857142868,10800.0,0.0003259000077378,2.273736754432321e-13,0,1.5,1.5000000000000002
2025-06-19,mpc,error_scaled_frozen_contract_and_soc,63985.29906648167,58077.524575182266,5907.77449129941,90227.82080805782,77027.75965567687,13200.061152380951,4595.191839188927,1242.588011904763,28,11,19358.77225079156,2678.102530572261,18045.233897336857,14654.009195642857,10800.0,10758.478068000004,1361.9525164075628,10800.0,0.926188600002206,2.273736754432321e-13,0,1.5,1.5000000000000002
2025-06-20,greedy,error_scaled_frozen_contract_and_soc,29980.431223137133,29980.431223137133,0.0,47876.34237375091,34798.67635708424,13077.666016666668,4677.129226303054,0.0,0,0,11226.9351820117,12870.99858095238,17555.293590607347,14219.787808391951,10800.0,10800.0,3033.4112270512687,10800.0,0.0010327999916626,1.1368683772161605e-13,0,1.5,1.5
2025-06-20,mpc,error_scaled_frozen_contract_and_soc,31158.983274019272,29980.431223137133,1178.552050882141,47876.34237375091,34798.67635708424,13077.666016666668,4677.129226303054,301.3924357142854,16,10,11263.03694131578,12941.528463218412,18657.32427403724,15127.057697677668,10800.0,10783.749960324998,2190.098024669407,10800.0,1.2119433999905596,1.2631870867368814e-13,0,1.5,1.5
2025-06-21,greedy,error_scaled_frozen_contract_and_soc,30156.488819077487,30156.488819077487,0.0,48504.03960433393,35444.70299004821,13059.336614285716,4692.0582818054345,0.0,0,0,12672.862602807176,16276.994357523228,18531.32019400352,15010.369357142856,10800.0,10800.0,2171.49996355662,10800.0,0.0003123999922536,2.273736754432321e-13,0,1.5,1.5000000000000002
2025-06-21,mpc,error_scaled_frozen_contract_and_soc,32661.4647997501,30156.488819077487,2504.97598067262,48504.03960433393,35444.70299004821,13059.336614285716,4692.0582818054345,677.3879166666669,21,9,13343.11920820635,16260.14622917374,18711.11459773896,15166.184321261311,10800.0,10788.6872254525,2303.7945064709006,10800.0,0.9039361000031932,1.1368683772161605e-13,0,1.5,1.5000000000000002
2025-06-22,greedy,error_scaled_frozen_contract_and_soc,56046.67339726391,56046.67339726391,0.0,87436.28180587375,74405.19622015946,13031.085585714289,4712.525094448132,0.0,0,0,17346.086155418136,837.8275321428565,16650.32910640799,13486.766576190475,10800.0,10800.0,1886.529461640212,10800.0,0.001133400000981,2.273736754432321e-13,0,1.5,1.5
2025-06-22,mpc,error_scaled_frozen_contract_and_soc,62439.017822776994,56046.67339726391,6392.344425513094,87436.28180587375,74405.19622015946,13031.085585714289,4712.525094448132,1342.2742904761908,22,8,16910.614613472208,2452.145532142856,17510.47815073487,14183.487788095235,10800.0,10799.999460000012,1253.851694622099,10800.0,1.0548463000013726,3.2684965844964614e-13,0,1.5,1.5
2025-06-23,greedy,error_scaled_frozen_contract_and_soc,55965.499041070594,55965.499041070594,0.0,87301.87642648337,74284.07062410243,13017.805802380954,4720.456729174759,0.0,0,0,16374.860947648447,2067.0773540270425,17489.11070700895,14166.179672677246,10800.0,10800.0,2236.2476878306907,10800.0,0.0008183000027202,2.273736754432321e-13,0,1.5,1.5
2025-06-23,mpc,error_scaled_frozen_contract_and_soc,61365.94823452078,55965.499041070594,5400.449193450188,87301.87642648337,74284.07062410243,13017.805802380954,4720.456729174759,1175.923047677248,25,13,16493.133436231932,3287.0683870934854,17184.23142464473,14023.640864285711,10800.0,10683.985099640582,1200.0,10800.0,1.0161479999951553,2.273736754432321e-13,0,1.5,1.5
2025-06-24,greedy,error_scaled_frozen_contract_and_soc,65695.3375786641,55433.494663900434,10261.842914763674,86240.78777669225,73242.79265764463,12997.99511904762,4743.433991920752,2132.101112952377,9,1,4483.46690831864,0.0,21324.44639920949,17272.801583359695,10800.0,10800.0,1200.0,10800.0,0.0002469999890308,2.273736754432321e-13,0,1.5,1.5
2025-06-24,mpc,error_scaled_frozen_contract_and_soc,89000.00630215001,55433.494663900434,33566.511638249576,86240.78777669225,73242.79265764463,12997.99511904762,4743.433991920752,6716.19297121358,50,13,10040.67197908234,17.462651190476066,16187.92469511246,13126.855742955631,10800.0,10783.73695565051,1200.0,10800.0,0.9533318000030704,2.273736754432321e-13,0,1.5,1.5
2025-06-25,greedy,error_scaled_frozen_contract_and_soc,55542.51914342656,55542.51914342656,0.0,86549.86595626369,73144.81342293035,13405.052533333332,4681.207494807181,0.0,0,0,11741.490726763986,111.5277880952383,18608.17039335685,15072.618018619049,10800.0,10800.0,2161.3017195767197,10800.0,0.0003617999900598,1.1368683772161605e-13,0,1.5,1.4999999999999998
2025-06-25,mpc,error_scaled_frozen_contract_and_soc,63639.37667046764,55542.51914342656,8096.857527041074,86549.86595626369,73144.81342293035,13405.052533333332,4681.207494807181,1647.3127726190482,33,14,13480.666908319348,312.85002445579164,17065.090607583792,13822.72387814286,10800.0,10799.999460000012,1215.3545137486897,10800.0,1.092261999991024,2.273736754432321e-13,0,1.5,1.4999999999999998
2025-06-26,greedy,error_scaled_frozen_contract_and_soc,55912.14473450631,55833.16487773666,78.97985676964392,86797.79607669837,73662.08831717455,13135.70775952381,4794.534746971467,11.724167857143016,1,1,16052.524885898838,613.7547942092884,18656.25639182833,15111.567677380952,10800.0,10800.0,2041.6722235449731,10800.0,0.0003316999936942,1.1368683772161605e-13,0,1.5,1.5000000000000002
2025-06-26,mpc,error_scaled_frozen_contract_and_soc,63059.45036963608,55833.16487773666,7226.285491899405,86797.79607669837,73662.08831717455,13135.70775952381,4794.534746971467,1481.350461904762,27,8,16560.442918070243,1886.6478545984253,17393.17537545827,14159.671459523808,10800.0,10720.889549552658,1451.3366005714297,10800.0,0.9881134000024758,2.273736754432321e-13,0,1.5,1.5000000000000002
2025-06-27,greedy,error_scaled_frozen_contract_and_soc,28841.141203624087,28841.141203624087,0.0,46623.29965486439,33487.73828343582,13135.561371428572,4788.186215131586,0.0,0,0,10833.369630011755,14098.005415205893,19192.972488115687,15546.307715373703,10800.0,10800.0,2129.8690047567297,10800.0,0.0003816000098595,2.273736754432321e-13,0,1.5,1.4999999999999998
2025-06-27,mpc,error_scaled_frozen_contract_and_soc,32513.518251244328,28841.141203624087,3672.377047620241,46623.29965486439,33487.73828343582,13135.561371428572,4788.186215131586,804.5834559523815,28,10,11090.592562975957,14724.692366972398,18813.72254564688,15246.384201683228,10800.0,10791.923400323052,2233.592400153556,10800.0,0.8966413000016473,1.1368683772161605e-13,0,1.5,1.4999999999999998
2025-06-28,greedy,error_scaled_frozen_contract_and_soc,28719.466009170534,28719.466009170534,0.0,46856.6681014682,33826.85687765867,13029.811223809524,4791.671331029602,0.0,0,0,9693.876030922987,12651.28571301188,18518.177201303224,14999.723533055612,10800.0,10800.0,2641.1607059391554,10800.0,0.0003044999903067,2.273736754432321e-13,0,1.5,1.5
2025-06-28,mpc,error_scaled_frozen_contract_and_soc,32553.677978441963,28719.466009170534,3834.2119692714314,46856.6681014682,33826.85687765867,13029.811223809524,4791.671331029602,842.1083607142862,20,11,9072.15966632363,14092.820997487246,18801.7588046415,15261.015695555612,10800.0,10764.89881800445,1339.8290742308557,10800.0,1.076835400002892,2.273736754432321e-13,0,1.5,1.5
2025-06-29,greedy,error_scaled_frozen_contract_and_soc,55066.14926351918,55066.14926351918,0.0,86184.2712734869,73188.07310205832,12996.198171428572,4759.210906809721,0.0,0,0,12910.62343722881,231.3137857142856,18981.468361258085,15374.989372619048,10800.0,10800.0,2190.1081587433864,10800.0,0.0006736999930581,2.273736754432321e-13,0,1.5,1.5
2025-06-29,mpc,error_scaled_frozen_contract_and_soc,63134.73475444835,55066.14926351918,8068.585490929176,86184.2712734869,73188.07310205832,12996.198171428572,4759.210906809721,1771.664671428573,32,12,13636.007080923684,1522.476552380952,17692.61966161083,14331.02241190476,10800.0,10799.999460000012,1200.0,10800.0,0.9668187999923248,2.273736754432321e-13,0,1.5,1.5
2025-06-30,greedy,error_scaled_frozen_contract_and_soc,56015.234122376765,55648.19809678749,367.03602558928594,86693.87633978148,73666.86139454338,13027.014945238096,4763.395536869324,54.489560714285744,2,2,12576.115618247391,422.2346940476182,19028.188615843617,15412.83277883333,10800.0,10800.0,2223.401646825399,10800.0,0.0002687999949557,1.5276668818842157e-13,0,1.5,1.5
2025-06-30,mpc,error_scaled_frozen_contract_and_soc,63331.76054447557,55648.19809678749,7683.562447688091,86693.87633978148,73666.86139454338,13027.014945238096,4763.395536869324,1790.3615083333325,30,11,13738.372959253124,1401.7527629096064,17659.53960716637,14450.08723240476,10800.0,10637.933166,1200.0,10800.0,1.0217155999998797,2.273736754432321e-13,0,1.5,1.5
2025-07-01,greedy,error_scaled_frozen_contract_and_soc,76767.92541136162,56127.208129442224,20640.71728191941,87549.69229103794,74481.1053529427,13068.58693809524,4769.063415307936,3544.649853238093,24,3,4612.437645775149,258.223339285714,20676.988355643734,17605.98887857143,10800.0,9847.079655,1200.0,10800.0,0.0003169999981764,2.273736754432321e-13,0,1.5,1.5
2025-07-01,mpc,error_scaled_frozen_contract_and_soc,90848.05680645331,56127.208129442224,34720.84867701108,87549.69229103794,74481.1053529427,13068.58693809524,4769.063415307936,8108.818020807755,79,14,10108.01017039084,325.6426130952396,15420.021877456616,13347.84603123986,10800.0,9847.079655,1200.0,10800.0,0.9425133999902756,2.273736754432321e-13,0,1.5,1.5
2025-07-02,greedy,error_scaled_frozen_contract_and_soc,73676.16977830726,53801.92878173876,19874.240996568507,84529.75973265764,72386.3801398005,12143.379592857144,4852.315540049167,3170.136364961568,22,3,7288.8301618573105,1630.123945238095,20747.880680952385,17423.618897571425,10429.70898,9743.22504,1200.0,10800.0,0.0002661000035004,2.273736754432321e-13,0,1.5,1.5
2025-07-02,mpc,error_scaled_frozen_contract_and_soc,87811.88179280558,53801.92878173876,34009.95301106682,84529.75973265764,72386.3801398005,12143.379592857144,4852.315540049167,8263.161052753127,67,7,11374.816056136788,3428.05737307048,16618.5728897929,14085.205740732248,10429.70898,9736.19598,1200.0,10721.482105714284,1.0778964000055566,2.273736754432321e-13,0,1.5,1.5
2025-07-03,greedy,error_scaled_frozen_contract_and_soc,98633.56428819976,52555.538027529874,46078.026260669896,82519.71954590306,70947.12233161734,11572.597214285714,4811.755584762897,7661.696844357143,29,3,348.9014142857151,0.0,20356.13119328678,16957.46429231229,10379.455215,9858.346297500002,1200.0,10379.455215,0.000443400000222,2.273736754432321e-13,0,1.5,1.5000000000000002
2025-07-03,mpc,error_scaled_frozen_contract_and_soc,107300.18713205602,52555.538027529874,54744.64910452614,82519.71954590306,70947.12233161734,11572.597214285714,4811.755584762897,12166.838938821487,94,8,5554.692726631473,208.81545952380932,15569.474996417212,13080.272772847944,10379.455215,9858.346297500002,1200.0,10689.7064925,1.010857999994187,2.273736754432321e-13,0,1.5,1.5000000000000002
2025-07-04,greedy,error_scaled_frozen_contract_and_soc,60048.67651933324,26846.981864763096,33201.694654570136,44482.83346062778,32948.210174913496,11534.623285714286,4994.552136729166,7513.0528357769745,28,3,3285.649067342741,11815.213509523812,20128.841927895355,17105.081278595244,10448.936895,9559.248764999998,1200.0,10800.0,0.0002710999979171,1.1368683772161605e-13,0,1.5,1.5
2025-07-04,mpc,error_scaled_frozen_contract_and_soc,76175.01685565471,26846.981864763096,49328.03499089162,44482.83346062778,32948.210174913496,11534.623285714286,4994.552136729166,11336.887652235471,77,5,3555.829550000001,16265.816750889386,15408.05820387252,13281.246462136744,10448.936895,9559.248764999998,1200.0,10448.936895,1.0765516000101345,1.1368683772161605e-13,0,1.5,1.5
2025-07-05,greedy,error_scaled_frozen_contract_and_soc,64568.72890092479,26869.576215331483,37699.1526855933,45001.09055876802,33422.33338733945,11578.757171428571,4975.596823782063,7784.838881243872,29,2,3242.7768047619056,12356.788670238093,20307.337441666663,16815.652764750004,10267.58037,9860.12544,1200.0,10800.0,0.0008055999933276,1.1368683772161605e-13,0,1.5,1.4999999999999998
2025-07-05,mpc,error_scaled_frozen_contract_and_soc,75132.74433288784,26869.576215331483,48263.16811755635,45001.09055876802,33422.33338733945,11578.757171428571,4975.596823782063,11048.398482715053,79,4,3650.196621114128,16048.195507580444,16222.44471654352,13566.027091850252,10267.58037,9794.4171795,1200.0,10284.058627500002,1.063123899992206,1.1368683772161605e-13,0,1.5,1.4999999999999998
2025-07-06,greedy,error_scaled_frozen_contract_and_soc,125333.17108434702,50568.24221845308,74764.92886589395,79377.80984098585,67722.2363386049,11655.573502380952,4912.504035782937,11542.46046658066,26,3,513.6834960725402,0.0,17897.578731672547,15415.484785654762,10457.356605,9436.861035,1200.0,10457.356605,0.0002498000103514,2.273736754432321e-13,0,1.5,1.5
2025-07-06,mpc,error_scaled_frozen_contract_and_soc,126912.18028320967,50568.24221845308,76343.9380647566,79377.80984098585,67722.2363386049,11655.573502380952,4912.504035782937,15766.096339104755,102,10,4544.783973599019,1154.8663561011576,12918.965358759197,11399.20237384495,10457.356605,9418.6450125,1200.0,10743.377930357145,0.9437923999939812,2.273736754432321e-13,0,1.5,1.5
2025-07-07,greedy,error_scaled_frozen_contract_and_soc,75758.33528949399,50111.81627454565,25646.519014948357,78786.10910134703,66887.79363944227,11898.31546190476,4746.059161942659,4147.268187249989,23,3,464.7626940476188,0.0,20510.951015047045,16918.364671688112,10215.098685,9876.77163,1200.0,10347.17082348943,0.000384800005122,2.273736754432321e-13,0,1.5,1.4999999999999996
2025-07-07,mpc,error_scaled_frozen_contract_and_soc,91348.23141135438,50111.81627454565,41236.41513680873,78786.10910134703,66887.79363944227,11898.31546190476,4746.059161942659,9192.90976301856,76,7,5007.609836671225,1541.483942857143,15044.165075994868,12490.268242348113,10215.098685,9876.77142856414,1200.0,10741.52634124486,1.0542564000061247,2.273736754432321e-13,0,1.5,1.4999999999999996
2025-07-08,greedy,error_scaled_frozen_contract_and_soc,59805.75925741624,59514.47324569005,291.2860117261905,92796.17993279328,80875.24648041232,11920.93345238095,4438.170494052896,43.26244047619048,1,1,11314.819452862652,2094.8272531452094,20639.53582669018,16387.164885619048,10432.378740000002,10800.0,2210.0794219576737,10800.0,0.0011253999982727,2.273736754432321e-13,0,1.5,1.5
2025-07-08,mpc,error_scaled_frozen_contract_and_soc,69923.73842404422,59514.47324569005,10409.265178354166,92796.17993279328,80875.24648041232,11920.93345238095,4438.170494052896,2194.084946428572,42,14,13696.146076237634,2325.184682125554,18285.19932314437,14493.689928476191,10432.378740000002,10784.958210300832,1279.4919663594856,10784.958210300832,0.9665276000014272,2.273736754432321e-13,0,1.5,1.5
2025-07-09,greedy,error_scaled_frozen_contract_and_soc,59059.72574861052,59021.26249852718,38.46325008333353,91613.3139376012,79644.02950902976,11969.284428571427,4434.904506940675,5.702483333333362,1,1,13688.658743136388,1155.8630833039424,18290.97641212484,14815.690893821116,10800.0,10800.0,2659.307858465609,10800.0,0.0005521999992197,1.1368683772161605e-13,0,1.5,1.5
2025-07-09,mpc,error_scaled_frozen_contract_and_soc,66124.61062333969,59021.26249852718,7103.348124812493,91613.3139376012,79644.02950902976,11969.284428571427,4434.904506940675,1428.858203571427,23,7,13653.429589296577,2719.218785244856,17738.50144021421,14368.186749773497,10800.0,10799.999352000015,1691.9482315911855,10800.0,1.041937000001781,2.273736754432321e-13,0,1.5,1.5
2025-07-10,greedy,error_scaled_frozen_contract_and_soc,59729.37125797008,59729.37125797008,0.0,92294.13744148676,80363.64414862961,11930.493292857142,4458.875050226587,0.0,0,0,15555.101790017035,2149.339329761904,17933.84607289829,14526.415319047615,10800.0,10800.0,2136.817361111112,10800.0,0.0002946000022348,1.1368683772161605e-13,0,1.5,1.5
2025-07-10,mpc,error_scaled_frozen_contract_and_soc,64658.02792432723,59729.37125797008,4928.656666357145,92294.13744148676,80363.64414862961,11930.493292857142,4458.875050226587,939.4310452380956,22,12,15077.425487433557,3520.0009232943685,18227.89321290169,14774.016704761903,10800.0,10789.529775209405,1616.0891434285722,10800.0,1.1245178999961354,2.273736754432321e-13,0,1.5,1.5
2025-07-11,greedy,error_scaled_frozen_contract_and_soc,34311.766328988844,34311.766328988844,0.0,55126.64299067941,43248.65833591751,11877.984654761904,4479.774366942857,0.0,0,0,9329.701237536745,8279.893258598917,18616.77538481672,15079.58806170154,10800.0,10800.0,2564.099630596172,10800.0,0.000489899990498,1.1368683772161605e-13,0,1.5,1.4999999999999998
2025-07-11,mpc,error_scaled_frozen_contract_and_soc,38894.64230064241,34311.766328988844,4582.875971653569,55126.64299067941,43248.65833591751,11877.984654761904,4479.774366942857,1210.706189285714,24,6,9334.795651601986,9591.36955505394,18059.59676358217,14628.27396170154,10800.0,10799.999352000015,1403.821978441806,10800.0,1.115117100009229,1.1368683772161605e-13,0,1.5,1.4999999999999998
2025-07-12,greedy,error_scaled_frozen_contract_and_soc,34180.40410921958,34180.40410921958,0.0,55144.83860375941,43185.61027994989,11959.22832380952,4454.7564859225,0.0,0,0,8289.1401803057,12005.00698721032,17877.10712057921,14480.45676766916,10800.0,10800.0,2627.365923280423,10800.0,0.0010600999958114,1.1368683772161605e-13,0,1.5,1.4999999999999998
2025-07-12,mpc,error_scaled_frozen_contract_and_soc,37617.13218847137,34180.40410921958,3436.728079251788,55144.83860375941,43185.61027994989,11959.22832380952,4454.7564859225,747.3761083333338,21,10,8713.462552489076,12323.181439685955,17902.79063044401,14501.260993859632,10800.0,10799.999352000015,1796.7910521279314,10800.0,1.0070381999976237,2.273736754432321e-13,0,1.5,1.4999999999999998
2025-07-13,greedy,error_scaled_frozen_contract_and_soc,59768.92749044571,59493.19795864214,275.72953180357086,92349.52734328894,80262.58119328895,12086.946149999998,4387.450220445437,41.01592142857135,1,1,17130.125093916155,6348.539677100891,16168.237128498751,13096.27207408399,10800.0,10800.0,2590.658206349207,10800.0,0.0003575000009732,2.273736754432321e-13,0,1.5,1.5000000000000002
2025-07-13,mpc,error_scaled_frozen_contract_and_soc,62205.775910884986,59493.19795864214,2712.5779522428543,92349.52734328894,80262.58119328895,12086.946149999998,4387.450220445437,461.7188821428568,10,6,18157.669809327595,5340.222908614765,18281.266586335343,14807.82651813161,10800.0,10799.999352000015,1796.6591666344802,10800.0,1.04240760000539,2.273736754432321e-13,0,1.5,1.5000000000000002
2025-07-14,greedy,error_scaled_frozen_contract_and_soc,58399.73643317652,58399.73643317652,0.0,91050.01088425552,79148.09987711266,11901.911007142857,4344.417517699326,0.0,0,0,15221.300094679602,2598.6504533656653,16053.986813387315,13003.729318843729,10800.0,10800.0,2258.1332685185207,10800.0,0.0003747000009752,2.273736754432321e-13,0,1.5,1.5
2025-07-14,mpc,error_scaled_frozen_contract_and_soc,61515.7289101908,58399.73643317652,3115.9924770142816,91050.01088425552,79148.09987711266,11901.911007142857,4344.417517699326,510.6337869047613,12,7,14962.871657857848,2976.704617567487,18138.42358719772,14697.158033129446,10800.0,10794.405636111902,1385.2811856238231,10800.0,0.9024012999871048,2.273736754432321e-13,0,1.5,1.5
2025-07-15,greedy,error_scaled_frozen_contract_and_soc,58535.00196652431,58535.00196652431,0.0,90700.84935012928,78794.440714415,11906.408635714282,4292.775918274605,0.0,0,0,15764.477922042874,140.0753749999999,15872.971181657842,12857.106657142856,10800.0,10800.0,2783.3146137566155,10800.0,0.0007225000008475,2.273736754432321e-13,0,1.5,1.4999999999999998
2025-07-15,mpc,error_scaled_frozen_contract_and_soc,62985.09220473844,58535.00196652431,4450.090238214132,90700.84935012928,78794.440714415,11906.408635714282,4292.775918274605,842.2254699399443,19,10,12173.67960555754,4233.082363959722,17662.53583147651,14306.654509495966,10800.0,10799.999460000012,1200.0,10800.0,1.1214525000104911,2.273736754432321e-13,0,1.5,1.4999999999999998
2025-07-16,greedy,error_scaled_frozen_contract_and_soc,57807.83405364512,57807.83405364512,0.0,89721.82633301965,77767.49013540059,11954.336197619046,4373.80398421881,0.0,0,0,13554.461647663138,1610.1865876690156,17231.11159183891,13957.200389389516,10800.0,10800.0,2361.386153439156,10800.0,0.0004165999998804,2.273736754432321e-13,0,1.5,1.5
2025-07-16,mpc,error_scaled_frozen_contract_and_soc,63898.7831804061,57807.83405364512,6090.94912676098,89721.82633301965,77767.49013540059,11954.336197619046,4373.80398421881,1288.4335327642543,16,9,12300.070518047369,4123.050277195164,17444.864005738058,14140.991830434788,10800.0,10788.164460236709,1200.0,10800.0,1.0017518000095151,2.273736754432321e-13,0,1.5,1.5
2025-07-17,greedy,error_scaled_frozen_contract_and_soc,57657.92345552144,57657.92345552144,0.0,89222.0675821017,77355.34345114933,11866.72413095238,4445.885476039088,0.0,0,0,11521.80402813051,1797.952543856558,18712.34969609211,15157.003253834611,10800.0,10800.0,2753.341943121693,10800.0,0.0003974999999627,2.273736754432321e-13,0,1.5,1.4999999999999998
2025-07-17,mpc,error_scaled_frozen_contract_and_soc,68609.79570809107,57657.92345552144,10951.872252569632,89222.0675821017,77355.34345114933,11866.72413095238,4445.885476039088,2269.6862952380934,36,16,12624.674653819367,3340.4998398690823,17213.74379939073,14034.128983596518,10800.0,10698.892771011084,1225.706202959328,10800.0,1.1047777000057977,2.273736754432321e-13,0,1.5,1.4999999999999998
2025-07-18,greedy,error_scaled_frozen_contract_and_soc,33605.18820445317,33605.18820445317,0.0,54489.36480390252,42592.98716104538,11896.377642857142,4309.550831768969,0.0,0,0,8927.031688521456,9365.102701819696,16908.739789420746,13696.079229430808,10800.0,10800.0,2952.429064814816,10800.0,0.0002920999977504,2.273736754432321e-13,0,1.5,1.5
2025-07-18,mpc,error_scaled_frozen_contract_and_soc,36397.91444426832,33605.18820445317,2792.7262398151493,54489.36480390252,42592.98716104538,11896.377642857142,4309.550831768969,530.0310788377905,16,10,8274.777667457416,10414.042328996778,17808.824423462465,14462.81839074778,10800.0,10758.14376917424,1200.0,10800.0,1.0910318000096595,1.1368683772161605e-13,0,1.5,1.5
2025-07-19,greedy,error_scaled_frozen_contract_and_soc,33872.7797764174,33872.7797764174,0.0,54738.65519584145,42560.96700774621,12177.688188095235,4292.476615862937,0.0,0,0,9012.751358539092,15831.132153390392,17482.067941641937,14160.475032729972,10800.0,10800.0,2688.5899867724884,10800.0,0.000415200003772,2.273736754432321e-13,0,1.5,1.5
2025-07-19,mpc,error_scaled_frozen_contract_and_soc,36503.13566402515,33872.7797764174,2630.3558876077386,54738.65519584145,42560.96700774621,12177.688188095235,4292.476615862937,691.9443345238095,18,11,9206.582784506518,16274.300008560876,17817.469149789744,14440.93118749188,10800.0,10790.243137597578,1780.205940112086,10800.0,1.1082477999880211,1.1368683772161605e-13,0,1.5,1.5
2025-07-20,greedy,error_scaled_frozen_contract_and_soc,57494.43903554366,57494.43903554366,0.0,88535.96628321864,76358.03560940911,12177.930673809522,4299.661203891429,0.0,0,0,12356.164722810106,1056.7787511904764,17114.6113079146,13862.835159410828,10800.0,10800.0,2736.042322751325,10800.0,0.0004464000085135,2.273736754432321e-13,0,1.5,1.5
2025-07-20,mpc,error_scaled_frozen_contract_and_soc,61711.377264437695,57494.43903554366,4216.938228894046,88535.96628321864,76358.03560940911,12177.930673809522,4299.661203891429,957.2743499999996,22,10,12897.373927957917,1528.0386085940895,16824.11537869651,13627.53394274416,10800.0,10799.999460000012,1369.3402587236133,10800.0,1.1264327999961097,2.273736754432321e-13,0,1.5,1.5
2025-07-21,greedy,error_scaled_frozen_contract_and_soc,58657.380632682616,58657.380632682616,0.0,90477.394764848,78134.57489580038,12342.819869047617,4246.4479516935335,0.0,0,0,12623.36937961493,708.0442214285711,17330.666789447325,14037.840099452336,10800.0,10800.0,2882.058715608467,10800.0,0.0008604000031482,2.273736754432321e-13,0,1.5,1.5
2025-07-21,mpc,error_scaled_frozen_contract_and_soc,64508.98547996714,58657.380632682616,5851.604847284527,90477.394764848,78134.57489580038,12342.819869047617,4246.4479516935335,1184.2279500000006,25,10,12018.227307091733,2587.443768468801,16856.82974462077,13654.032579142811,10800.0,10799.999460000012,1200.0,10800.0,1.1406560999894282,1.1368683772161605e-13,0,1.5,1.5
2025-07-22,greedy,error_scaled_frozen_contract_and_soc,58029.83055840958,58029.83055840958,0.0,89808.30848165134,77343.88005784183,12464.42842380952,4202.715991152303,0.0,0,0,11862.396595346208,612.9523070347448,17663.465818215103,14307.40731275424,10800.0,10800.0,2333.051171957672,10800.0,0.0004285000031813,2.273736754432321e-13,0,1.5,1.5
2025-07-22,mpc,error_scaled_frozen_contract_and_soc,65792.43513761196,58029.83055840958,7762.604579202381,89808.30848165134,77343.88005784183,12464.42842380952,4202.715991152303,1624.9275333333337,30,13,12466.91243888442,1883.5979351182184,16923.012579926755,13817.18801275424,10800.0,10678.280196651587,1200.0,10800.0,1.04617309999594,1.1368683772161605e-13,0,1.5,1.5
2025-07-23,greedy,error_scaled_frozen_contract_and_soc,58642.66972044678,58642.66972044678,0.0,90867.62583455862,78355.13153455863,12512.494299999997,4207.61200108766,0.0,0,0,11453.267749235742,1650.7233380952382,19166.141288666822,15524.574443820136,10800.0,10800.0,2503.764243386244,10800.0,0.0003794000076595,2.273736754432321e-13,0,1.5,1.5
2025-07-23,mpc,error_scaled_frozen_contract_and_soc,69511.02827932655,58642.66972044678,10868.358558879763,90867.62583455862,78355.13153455863,12512.494299999997,4207.61200108766,2175.932339285715,29,8,13488.548771877526,2156.875287937267,17242.45681499254,13966.390603343942,10800.0,10799.999352000015,1350.2603133631335,10800.0,1.0232296999893151,2.273736754432321e-13,0,1.5,1.5
2025-07-24,greedy,error_scaled_frozen_contract_and_soc,58525.94521774065,58525.94521774065,0.0,90616.45040767934,78073.24547434601,12543.204933333329,4211.436809933018,0.0,0,0,13010.892724720758,1066.6001357142857,16489.66362584725,13356.627536936276,10800.0,10800.0,2666.780167989422,10800.0,0.0003597000031732,2.273736754432321e-13,0,1.5,1.5
2025-07-24,mpc,error_scaled_frozen_contract_and_soc,68007.73595834518,58525.94521774065,9481.79074060453,90616.45040767934,78073.24547434601,12543.204933333329,4211.436809933018,1825.3943784500004,24,13,12422.255744934922,3426.516769079132,16793.868087744424,13606.717273962466,10800.0,10795.906530122798,1200.0,10800.0,0.94381969999813,2.273736754432321e-13,0,1.5,1.5
2025-07-25,greedy,error_scaled_frozen_contract_and_soc,33386.067688411,33386.067688411,0.0,54084.03373912489,41829.664005791565,12254.369733333331,4071.596640023135,0.0,0,0,10109.267633913742,15062.715573809524,17626.09144346721,14277.134069208438,10800.0,10800.0,2793.7853223015863,10800.0,0.0007978000066941,2.273736754432321e-13,0,1.5,1.5000000000000002
2025-07-25,mpc,error_scaled_frozen_contract_and_soc,36161.10812910982,33386.067688411,2775.040440698815,54084.03373912489,41829.664005791565,12254.369733333331,4071.596640023135,755.939345238096,22,11,10755.31058732478,15150.229821441975,17743.894760280862,14372.555241827486,10800.0,10799.999460000012,2372.4867331389787,10800.0,1.030809700008831,1.1368683772161605e-13,0,1.5,1.5000000000000002
2025-07-26,greedy,error_scaled_frozen_contract_and_soc,33955.95726233352,33955.95726233352,0.0,54784.324456613205,42658.5197018513,12125.804754761904,4056.195429319841,0.0,0,0,10480.632484171085,12619.84492724813,17703.30519400352,14339.677207142857,10800.0,10800.0,2780.78532804233,10800.0,0.000366500011296,2.273736754432321e-13,0,1.5,1.5
2025-07-26,mpc,error_scaled_frozen_contract_and_soc,37167.5111308597,33955.95726233352,3211.5538685261904,54784.324456613205,42658.5197018513,12125.804754761904,4056.195429319841,805.8099273809523,15,9,10435.622648528804,13453.803442453886,17792.051161463845,14411.561926785713,10800.0,10799.999460000012,2165.068654033079,10800.0,0.9942158000048948,2.273736754432321e-13,0,1.5,1.5
2025-07-27,greedy,error_scaled_frozen_contract_and_soc,58908.90181727086,57615.687661676224,1293.214155594632,89385.28194028982,77247.34664505172,12137.935295238094,4086.898890654445,258.8414785714265,2,1,11557.77514056907,300.4365761904762,20656.711903292176,16731.936641666667,10800.0,10800.0,1200.0,10800.0,0.0002634999982547,2.273736754432321e-13,0,1.5,1.5
2025-07-27,mpc,error_scaled_frozen_contract_and_soc,73371.84096387264,57615.687661676224,15756.153302196426,89385.28194028982,77247.34664505172,12137.935295238094,4086.898890654445,3311.684961904761,33,8,13013.141425199576,2568.8086373443484,17292.715211079227,14038.834811904762,10800.0,10764.738343410456,1556.7822912857164,10800.0,1.0307680999976585,2.273736754432321e-13,0,1.5,1.5
2025-07-28,greedy,error_scaled_frozen_contract_and_soc,57691.70262311742,57691.70262311742,0.0,89552.84762162433,77327.49473591003,12225.352885714285,4134.478453481944,0.0,0,0,5440.021100338043,0.0,20278.85200426369,16425.87012345359,10800.0,10800.0,1593.0175316005357,10800.0,0.0006150999979581,2.273736754432321e-13,0,1.5,1.5000000000000002
2025-07-28,mpc,error_scaled_frozen_contract_and_soc,75966.64430426652,57691.70262311742,18274.941681149103,89552.84762162433,77327.49473591003,12225.352885714285,4134.478453481944,3441.53478136203,40,12,9248.67522130272,382.3842571428568,16595.42385829901,13491.945574234418,10800.0,10744.830834430872,1200.0,10800.0,0.9464370000059716,2.273736754432321e-13,0,1.5,1.5000000000000002
2025-07-29,greedy,error_scaled_frozen_contract_and_soc,59077.37791991973,58869.750635514974,207.62728440476133,91543.8868544694,79073.0698044694,12470.81705,4099.266264956825,30.837261904761817,1,1,11420.612626338894,45.45453928571442,18483.02694003527,14971.251821428574,10800.0,10800.0,2434.3068042328064,10800.0,0.0003116000007139,2.273736754432321e-13,0,1.5,1.5
2025-07-29,mpc,error_scaled_frozen_contract_and_soc,66930.45600828523,58869.750635514974,8060.705372770246,91543.8868544694,79073.0698044694,12470.81705,4099.266264956825,1575.8777630952395,28,12,12869.624968355336,281.56262857142883,17745.767219447403,14374.07203095238,10800.0,10799.999352000015,1363.1504711382604,10800.0,1.0238194999983534,2.273736754432321e-13,0,1.5,1.5
2025-07-30,greedy,error_scaled_frozen_contract_and_soc,59225.44077745298,59225.44077745298,0.0,92032.768140365,79546.76180703167,12486.006333333333,4123.639435024681,0.0,0,0,12614.403523687648,2440.825296021353,18659.95248340251,15114.561511556038,10800.0,10800.0,2315.1572107049315,10800.0,0.0008549999911338,2.273736754432321e-13,0,1.5,1.4999999999999998
2025-07-30,mpc,error_scaled_frozen_contract_and_soc,66059.43374979107,59225.44077745298,6833.992972338098,92032.768140365,79546.76180703167,12486.006333333333,4123.639435024681,1486.1637369047626,21,6,14041.428749100232,2601.9488325693537,18123.19226310859,14679.78631631794,10800.0,10799.999352000015,1491.1109597458608,10800.0,0.9991840000002412,1.1368683772161605e-13,0,1.5,1.4999999999999998
2025-07-31,greedy,error_scaled_frozen_contract_and_soc,58712.75764022862,58712.75764022862,0.0,91561.4883066234,79078.65943281387,12482.828873809522,4067.496652938214,0.0,0,0,12551.442051057962,893.7571696798402,18883.10037057589,15295.31130016647,10800.0,10800.0,2167.474653187835,10800.0,0.0003040000010514,2.273736754432321e-13,0,1.5,1.5
2025-07-31,mpc,error_scaled_frozen_contract_and_soc,68158.9862994179,58712.75764022862,9446.228659189284,91561.4883066234,79078.65943281387,12482.828873809522,4067.496652938214,1809.1751154761896,34,11,13592.360897757531,1868.010927380952,17910.292291175207,14528.50070969028,10800.0,10776.484495735154,1233.8350557365966,10800.0,1.083790599994245,2.273736754432321e-13,0,1.5,1.5
2025-08-01,greedy,error_scaled_frozen_contract_and_soc,32892.11768292544,32892.11768292544,0.0,53344.86986262881,41654.92411977166,11689.945742857144,4407.55177447242,0.0,0,0,9868.052933303938,22654.360032448847,17728.40156877102,14360.005270704523,10800.0,10800.0,2530.383552063492,10800.0,0.0007344000041484,2.273736754432321e-13,0,1.5,1.4999999999999998
2025-08-01,mpc,error_scaled_frozen_contract_and_soc,35658.98174495104,32892.11768292544,2766.8640620255937,53344.86986262881,41654.92411977166,11689.945742857144,4407.55177447242,775.3583238095235,15,9,11173.346850069904,22144.32512068045,18047.13609472584,14698.640477847384,10800.0,10710.599732089497,2113.7471935809795,10800.0,1.0536301999964053,2.273736754432321e-13,0,1.5,1.4999999999999998
2025-08-02,greedy,error_scaled_frozen_contract_and_soc,32133.543242735395,32133.543242735395,0.0,52306.95465232722,41788.37046899389,10518.584183333332,4861.965758465753,0.0,0,0,9286.237160552611,22689.40619646303,17783.438565549677,14404.58523809524,10800.0,10800.0,2254.916183452379,10800.0,0.0002649999951245,1.1368683772161605e-13,0,1.5,1.5000000000000004
2025-08-02,mpc,error_scaled_frozen_contract_and_soc,33977.94184663004,32133.543242735395,1844.3986038946432,52306.95465232722,41788.37046899389,10518.584183333332,4861.965758465753,386.35367500000007,14,8,10423.334898369134,21811.967515142154,18572.9021769649,15067.354231006108,10800.0,10774.107258150514,1819.4143002541648,10800.0,1.0109749999974156,1.1368683772161605e-13,0,1.5,1.5000000000000004
2025-08-03,greedy,error_scaled_frozen_contract_and_soc,56247.31319718884,55182.824243412055,1064.4889537767845,86288.46622880522,77004.60736690045,9283.858861904762,4933.815809295157,157.8983619047617,6,2,16236.014906433376,9306.220716567794,16429.609579419855,13307.983759330084,10800.0,10800.0,1469.8333465608468,10800.0,0.0003868999920086,2.273736754432321e-13,0,1.5,1.5
2025-08-03,mpc,error_scaled_frozen_contract_and_soc,59507.11845427396,55182.824243412055,4324.294210861903,86288.46622880522,77004.60736690045,9283.858861904762,4933.815809295157,745.9779511904758,15,5,15251.970453968344,10679.964234343894,18435.653559346887,15115.647215282464,10800.0,10596.924630876129,1438.743269142853,10800.0,1.027678600003128,2.273736754432321e-13,0,1.5,1.5
2025-08-04,greedy,error_scaled_frozen_contract_and_soc,54000.52816243779,53660.66876577112,339.85939666666604,83773.35558807431,75402.37329997907,8370.982288095238,4811.136720297698,50.476666666666574,1,1,12404.723270359244,5973.855634299775,16245.278609453895,13158.675673657655,10800.0,10800.0,1815.4515158730176,10800.0,0.0002550999925006,1.1368683772161605e-13,0,1.5,1.5
2025-08-04,mpc,error_scaled_frozen_contract_and_soc,56340.80048835326,53660.66876577112,2680.1317225821417,83773.35558807431,75402.37329997907,8370.982288095238,4811.136720297698,609.9063083333328,16,9,11883.040456458086,6809.781921539723,18047.887574210345,14716.098470086228,10800.0,10691.87829447128,1301.336840092869,10800.0,1.025219700008165,2.273736754432321e-13,0,1.5,1.5
2025-08-05,greedy,error_scaled_frozen_contract_and_soc,52461.2643834912,52305.71696248406,155.54742100714253,81315.96637201101,73594.83327915389,7721.133092857141,4404.89901265365,23.09024285714281,1,1,10061.88175706936,5273.494469688868,16743.822594062316,13562.496301190477,10800.0,10800.0,2129.1724629629643,10800.0,0.0003863000019919,2.273736754432321e-13,0,1.5,1.5000000000000002
2025-08-05,mpc,error_scaled_frozen_contract_and_soc,56152.99242193228,52305.71696248406,3847.2754594482126,81315.96637201101,73594.83327915389,7721.133092857141,4404.89901265365,873.6924428571429,25,12,10537.18045332759,5530.025952460544,17808.89203812955,14508.793724287616,10800.0,10707.120918441466,1244.2182253932383,10800.0,1.0375971000030404,2.273736754432321e-13,0,1.5,1.5000000000000002
2025-08-06,greedy,error_scaled_frozen_contract_and_soc,53532.49448716269,50965.21145899441,2567.283028168277,79215.82925329599,72364.93511996265,6850.894133333331,3594.2990238888888,368.0268707142776,2,2,5813.491295522694,2590.1715250975344,18176.38110054914,14854.058561444815,10800.0,10654.233477777778,1200.0,10800.0,0.000357900004019,1.1368683772161605e-13,0,1.5,1.5
2025-08-06,mpc,error_scaled_frozen_contract_and_soc,68590.83668314433,50965.21145899441,17625.625224149913,79215.82925329599,72364.93511996265,6850.894133333331,3594.2990238888888,3536.469967021427,35,17,7168.634495731543,4904.128194047617,15979.04928972354,13157.383523471,10800.0,10561.8293346723,1200.0,10800.0,1.051989899991895,2.273736754432321e-13,0,1.5,1.5
2025-08-07,greedy,error_scaled_frozen_contract_and_soc,50260.4237047194,50110.97369709857,149.45000762083367,77269.42425605941,70713.72454653561,6555.699709523808,3082.870094203095,22.11944166666672,1,1,6654.87357904174,5467.027891666667,18921.63972239883,15326.528175143058,10800.0,10800.0,1819.6627328042348,10800.0,0.0003667999990284,1.1368683772161605e-13,0,1.5,1.5
2025-08-07,mpc,error_scaled_frozen_contract_and_soc,56233.80620786822,50110.97369709857,6122.832510769646,77269.42425605941,70713.72454653561,6555.699709523808,3082.870094203095,1560.1828607142866,28,11,7630.033900381808,6508.127419122419,17542.969570031582,14426.054452524008,10800.0,10559.723221335084,1317.5628303389374,10800.0,1.0299321999918902,2.273736754432321e-13,0,1.5,1.5
2025-08-08,greedy,error_scaled_frozen_contract_and_soc,28578.24921889621,28578.24921889621,0.0,47437.21148496075,40944.791101627416,6492.420383333332,3096.125355646705,0.0,0,0,5664.80077730747,24772.087027156136,19612.224408631635,15885.901770991628,10800.0,10800.0,1996.561012923281,10800.0,0.0008194999973056,2.273736754432321e-13,0,1.5,1.5
2025-08-08,mpc,error_scaled_frozen_contract_and_soc,32520.500244431925,28578.24921889621,3942.25102553572,47437.21148496075,40944.791101627416,6492.420383333332,3096.125355646705,889.4723369047631,22,8,7500.208689521238,23927.925199468307,19270.34694910569,15645.798059086865,10800.0,10759.092188543053,1629.406310540739,10800.0,0.955439400000614,1.1368683772161605e-13,0,1.5,1.5
2025-08-09,greedy,error_scaled_frozen_contract_and_soc,27981.44659041965,27981.44659041965,0.0,46472.91377680119,40074.54465537262,6398.369121428572,3129.9384278748003,0.0,0,0,4195.668973647849,19599.811883558206,20302.96763446061,16445.403783913094,10800.0,10800.0,1875.374840092588,10800.0,0.0003739000094356,1.1368683772161605e-13,0,1.5,1.5
2025-08-09,mpc,error_scaled_frozen_contract_and_soc,33893.242832661694,27981.44659041965,5911.796242242037,46472.91377680119,40074.54465537262,6398.369121428572,3129.9384278748003,1429.5100657068765,28,11,5727.973979414574,19825.257377265985,19226.49063081944,15697.167214039551,10800.0,10662.544663249102,1425.8646150793636,10800.0,1.0123697999952128,1.1368683772161605e-13,0,1.5,1.5
2025-08-10,greedy,error_scaled_frozen_contract_and_soc,49594.158151057534,49446.2231639742,147.9349870833326,75839.71794379086,69256.31419140991,6583.403752380953,3076.1007221633718,21.93416666666656,1,1,5926.514321706361,1488.658557952661,17101.902737285433,13852.5412172012,10800.0,10800.0,2025.027764550266,10800.0,0.0004375999997137,2.273736754432321e-13,0,1.5,1.4999999999999998
2025-08-10,mpc,error_scaled_frozen_contract_and_soc,64255.192526387895,49446.2231639742,14808.969362413693,75839.71794379086,69256.31419140991,6583.403752380953,3076.1007221633718,2479.5068142857144,21,13,6064.028251414382,4171.045694412109,15599.94977629826,12712.916674762446,10800.0,10714.491826710164,1200.0,10800.0,1.060645100005786,2.273736754432321e-13,0,1.5,1.4999999999999998
2025-08-11,greedy,error_scaled_frozen_contract_and_soc,50925.35077768716,49447.823754574056,1477.527023113092,76529.98884902339,70054.75391807102,6475.23493095238,3001.927387038372,219.19156547619,5,2,5784.575186375662,3593.048269488537,19470.810383795248,15771.356410874152,10800.0,10800.0,1340.9978452380954,10800.0,0.0005971000064164,2.273736754432321e-13,0,1.5,1.5000000000000002
2025-08-11,mpc,error_scaled_frozen_contract_and_soc,58336.6436306949,49447.823754574056,8888.81987612084,76529.98884902339,70054.75391807102,6475.23493095238,3001.927387038372,1883.4585535714305,34,12,6529.76825083122,4878.112733576278,17968.23271239481,14634.769279921768,10800.0,10710.554685686697,1200.0,10800.0,1.1229458000016166,2.273736754432321e-13,0,1.5,1.5000000000000002
2025-08-12,greedy,error_scaled_frozen_contract_and_soc,57163.728226876,48239.45487587227,8924.273351003721,74577.84045015514,68321.93480015514,6255.905649999999,3144.4367844371427,1310.8331525714298,8,2,2548.1208793797787,610.4805718988864,17927.310408623078,14521.121430984693,10800.0,10800.0,1200.0,10800.0,0.0008126999891828,2.273736754432321e-13,0,1.5,1.5
2025-08-12,mpc,error_scaled_frozen_contract_and_soc,67166.21310302519,48239.45487587227,18926.75822715292,74577.84045015514,68321.93480015514,6255.905649999999,3144.4367844371427,3623.254709771428,45,15,4151.770988106984,1588.8559273809497,16508.34503489,13371.759964260888,10800.0,10799.999460000012,1200.0,10800.0,1.0993242999975337,2.273736754432321e-13,0,1.5,1.5
2025-08-13,greedy,error_scaled_frozen_contract_and_soc,50424.57578280719,48963.62391303934,1460.9518697678575,75541.64676359427,68922.91336359427,6618.7334,3095.346068816665,216.13093452380963,6,2,5379.459927730985,316.6568718721886,18418.046790429395,14918.617900247811,10800.0,10800.0,1587.1243518518552,10800.0,0.0002931000053649,2.273736754432321e-13,0,1.5,1.5000000000000002
2025-08-13,mpc,error_scaled_frozen_contract_and_soc,59228.02894985488,48963.62391303934,10264.405036815551,75541.64676359427,68922.91336359427,6618.7334,3095.346068816665,2042.1889439289807,31,14,6485.436874482153,1318.7953454105543,17098.741612997,13881.370133699784,10800.0,10765.122858697538,1200.0,10800.0,1.0825072000006912,2.273736754432321e-13,0,1.5,1.5000000000000002
2025-08-14,greedy,error_scaled_frozen_contract_and_soc,50266.89883083676,48943.301302675456,1323.5975281613098,75705.20722500893,68866.99717738989,6838.210047619046,3070.4524939883327,193.33295476190483,5,2,4072.7440423133457,1456.8377487507337,21240.588192441537,17204.87643587765,10800.0,10800.0,1243.4981215873004,10800.0,0.0006162999925436,2.273736754432321e-13,0,1.5,1.5000000000000002
2025-08-14,mpc,error_scaled_frozen_contract_and_soc,65077.89533483375,48943.301302675456,16134.594032158304,75705.20722500893,68866.99717738989,6838.210047619046,3070.4524939883327,3188.109328451093,47,13,5533.716799057659,3684.294097282112,17804.905994308705,14462.846969331316,10800.0,10754.58542895415,1200.0,10800.0,0.8806132999889087,2.273736754432321e-13,0,1.5,1.5000000000000002
2025-08-15,greedy,error_scaled_frozen_contract_and_soc,28157.88352274271,28157.88352274271,0.0,46569.299163774434,39852.83237091729,6716.466792857143,3112.091100464841,0.0,0,0,4713.952593445034,21843.35124435704,21060.362480055068,17058.893608844613,10800.0,10800.0,1400.712840278478,10800.0,0.0003525000065565,1.1368683772161605e-13,0,1.5,1.5
2025-08-15,mpc,error_scaled_frozen_contract_and_soc,33769.692706734975,28157.88352274271,5611.809183992262,46569.299163774434,39852.83237091729,6716.466792857143,3112.091100464841,1483.6270642857144,37,13,5609.748419001277,22907.53667839184,19546.9371519639,16021.822476058773,10800.0,10590.218463368874,1297.9899570105815,10800.0,1.0728232999972531,1.1368683772161605e-13,0,1.5,1.5
2025-08-16,greedy,error_scaled_frozen_contract_and_soc,28249.71879500124,28249.71879500124,0.0,46815.9539790897,40108.24141956589,6707.7125595238085,3059.729410529285,0.0,0,0,4966.965046310997,22128.08314768171,21093.500335097,17085.73527142857,10800.0,10800.0,1221.8300875793689,10800.0,0.0002768999984255,2.273736754432321e-13,0,1.5,1.5
2025-08-16,mpc,error_scaled_frozen_contract_and_soc,34386.99803127743,28249.71879500124,6137.27923627619,46815.9539790897,40108.24141956589,6707.7125595238085,3059.729410529285,1434.998394047619,33,12,5811.319858186485,23031.72678876973,19700.242713758067,16005.477709005532,10800.0,10746.354321264997,1562.9000425032998,10800.0,1.0933817000041015,1.1368683772161605e-13,0,1.5,1.5
2025-08-17,greedy,error_scaled_frozen_contract_and_soc,50410.344778718914,49123.49589826416,1286.84888045476,75642.71361485083,68984.688655327,6658.02495952381,3029.821726945633,190.97397261904732,5,1,5484.277153953559,4635.784321428571,19096.75216261716,15468.3692517199,10800.0,10800.0,1525.7486530952394,10800.0,0.000475799999549,2.273736754432321e-13,0,1.5,1.5
2025-08-17,mpc,error_scaled_frozen_contract_and_soc,57649.02624316832,49123.49589826416,8525.53034490416,75642.71361485083,68984.688655327,6658.02495952381,3029.821726945633,1906.27468690476,34,14,6082.787552831613,6012.775194922643,17729.629429530753,14361.447076719904,10800.0,10799.503068000004,1221.4736298499322,10800.0,1.085744199997862,1.1368683772161605e-13,0,1.5,1.5
2025-08-18,greedy,error_scaled_frozen_contract_and_soc,50314.52936063107,48748.472272509054,1566.0570881220224,75220.12623825522,68827.58285254093,6392.543385714287,3031.34359460234,230.66643690476167,5,3,4908.873894547327,2744.9664215902408,19697.594207887392,15955.051308388787,10800.0,10800.0,1780.325164113757,10800.0,0.0008505000005243,2.273736754432321e-13,0,1.5,1.4999999999999998
2025-08-18,mpc,error_scaled_frozen_contract_and_soc,64825.068352533,48748.472272509054,16076.596080023955,75220.12623825522,68827.58285254093,6392.543385714287,3031.34359460234,3129.116772230272,43,20,6025.614546140502,5054.433866183737,16944.364633129295,13729.579494491853,10800.0,10794.8398426032,1200.0,10800.0,0.9660847000050126,2.273736754432321e-13,0,1.5,1.4999999999999998
2025-08-19,greedy,error_scaled_frozen_contract_and_soc,50271.23360441301,49204.25756202195,1066.9760423910695,75604.08062057942,69116.6483467699,6487.432273809525,3011.550582196387,158.10957499999972,3,2,4781.367864571863,3783.235051190474,17918.172838636314,14513.719999295414,10800.0,10800.0,1768.412678492063,10800.0,0.0003811999922618,2.273736754432321e-13,0,1.5,1.5
2025-08-19,mpc,error_scaled_frozen_contract_and_soc,57512.11564392613,49204.25756202195,8307.858081904185,75604.08062057942,69116.6483467699,6487.432273809525,3011.550582196387,1776.367980922986,27,11,5726.356186648975,4506.746694645522,17733.09079305774,14378.879513326012,10800.0,10783.24892116751,1200.0,10800.0,0.9150326999952084,2.273736754432321e-13,0,1.5,1.5
2025-08-20,greedy,error_scaled_frozen_contract_and_soc,73553.39154147498,48876.52866869521,24676.86287277976,75159.05805018978,68689.91450733264,6469.143542857144,3001.899159635077,3948.492373619043,14,3,1986.521650455614,0.0,19097.70786100693,15469.14336741561,10800.0,10800.0,1200.0,10800.0,0.0002868000010494,2.273736754432321e-13,0,1.5,1.5
2025-08-20,mpc,error_scaled_frozen_contract_and_soc,86766.92471812438,48876.52866869521,37890.39604942917,75159.05805018978,68689.91450733264,6469.143542857144,3001.899159635077,7036.861668644961,51,12,4553.944515930301,1466.1499766780933,15220.02015813986,12536.659211675404,10800.0,10568.396796019872,1200.0,10800.0,1.0362228000012692,2.273736754432321e-13,0,1.5,1.5
2025-08-21,greedy,error_scaled_frozen_contract_and_soc,49523.982413621445,49505.864973275005,18.117440346430072,75828.45649821547,69065.9324625012,6762.524035714287,3174.501260490474,2.687778571428794,2,2,4863.501055599652,1437.8682557907136,17744.41212990665,14372.973825224391,10800.0,10800.0,1611.3207037433883,10800.0,0.0004172000044491,2.273736754432321e-13,0,1.5,1.4999999999999998
2025-08-21,mpc,error_scaled_frozen_contract_and_soc,64843.4697952054,49505.864973275005,15337.6048219304,75828.45649821547,69065.9324625012,6762.524035714287,3174.501260490474,2692.4319445690444,30,16,5556.022011622025,3904.293532142856,15987.431373722611,13085.195135417252,10800.0,10649.582530331185,1200.0,10800.0,1.0654454000032274,1.1368683772161605e-13,0,1.5,1.4999999999999998
2025-08-22,greedy,error_scaled_frozen_contract_and_soc,30546.332540819767,28403.09661765405,2143.2359231657165,47117.07462685007,40388.45541494531,6728.619211904762,3229.108584894125,307.2299201785718,1,1,3855.088495061728,17475.39802256623,20869.99070022918,16934.707080352306,10800.0,10766.650429814814,1200.0,10800.0,0.0010764000035123,1.1368683772161605e-13,0,1.5,1.5
2025-08-22,mpc,error_scaled_frozen_contract_and_soc,44005.59896586565,28403.09661765405,15602.502348211605,47117.07462685007,40388.45541494531,6728.619211904762,3229.108584894125,3070.488403545781,37,13,4911.205981538682,19912.85519271387,17913.171522176017,14708.204075556529,10800.0,10579.405397117833,1314.4147526455035,10800.0,0.9417724000086308,2.273736754432321e-13,0,1.5,1.5
2025-08-23,greedy,error_scaled_frozen_contract_and_soc,28716.863460037686,28716.863460037686,0.0,47431.83370451577,40584.09430689672,6847.739397619047,3203.658337546626,0.0,0,0,4183.063583333336,15726.086281912469,19859.172268087525,16085.929537150898,10800.0,10800.0,1939.862174365083,10800.0,0.0003704999980982,2.273736754432321e-13,0,1.5,1.5000000000000002
2025-08-23,mpc,error_scaled_frozen_contract_and_soc,34543.10466784683,28716.863460037686,5826.24120780914,47431.83370451577,40584.09430689672,6847.739397619047,3203.658337546626,1211.5186231970818,26,16,5177.164587040765,16196.278927117542,19051.63364119883,15531.165935977626,10800.0,10689.619237103809,1223.8560277777776,10800.0,1.0206704000011086,1.1368683772161605e-13,0,1.5,1.5000000000000002
2025-08-24,greedy,error_scaled_frozen_contract_and_soc,50088.54961114233,50021.54407114233,67.00553999999808,76914.22550328927,69918.34768662261,6995.877816666667,3125.440446739204,9.939999999999714,1,1,5066.556591489696,5652.593498795433,19356.76812608699,15678.982182130463,10800.0,10800.0,1693.3150227513229,10800.0,0.000639100006083,2.273736754432321e-13,0,1.5,1.5
2025-08-24,mpc,error_scaled_frozen_contract_and_soc,60297.20145115245,50021.54407114233,10275.657380010129,76914.22550328927,69918.34768662261,6995.877816666667,3125.440446739204,2129.1375059523834,45,21,6535.739708515735,6902.599495792929,17207.50923322085,14129.714897335476,10800.0,10587.075090637129,1200.0,10800.0,1.0342541999998502,2.273736754432321e-13,0,1.5,1.5
2025-08-25,greedy,error_scaled_frozen_contract_and_soc,59215.77302740894,50320.34409351288,8895.428933896063,77514.33939319411,70497.65883128936,7016.680561904762,3126.386767476705,1293.0701025595267,4,2,2203.496779732507,0.0,19737.129977805493,15987.075282022444,10800.0,10800.0,1200.0,10800.0,0.0004006000090157,2.273736754432321e-13,0,1.5,1.4999999999999998
2025-08-25,mpc,error_scaled_frozen_contract_and_soc,77314.53925293649,50320.34409351288,26994.19515942361,77514.33939319411,70497.65883128936,7016.680561904762,3126.386767476705,5183.239048557137,44,14,5059.074757331141,1866.2693166666656,15651.820666873526,12733.444319358166,10800.0,10738.367134232656,1200.0,10800.0,1.031175299998722,2.273736754432321e-13,0,1.5,1.4999999999999998
2025-08-26,greedy,error_scaled_frozen_contract_and_soc,51128.61243694335,50823.7418074499,304.8706294934553,78395.72887084603,71182.08431846507,7213.644552380952,3153.9780252530145,43.94898809523852,2,2,7579.086748799804,2602.4496458357057,19153.119943714555,15514.027154408794,10800.0,10800.0,1615.231586309527,10800.0,0.0004870999982813,2.273736754432321e-13,0,1.5,1.5
2025-08-26,mpc,error_scaled_frozen_contract_and_soc,60580.92630995456,50823.7418074499,9757.18450250465,78395.72887084603,71182.08431846507,7213.644552380952,3153.9780252530145,1921.3712784296536,33,15,7611.947549423186,4760.38301664648,17590.608915137545,14264.88800693152,10800.0,10781.672460366548,1200.0,10800.0,1.1700676000036765,2.273736754432321e-13,0,1.5,1.5
2025-08-27,greedy,error_scaled_frozen_contract_and_soc,51082.57112580301,50956.20954830301,126.36157749999953,78298.74146327871,71213.21422042156,7085.527242857143,3123.0229000367444,18.767499999999927,1,1,5018.602982111443,1170.7189953870857,20687.09359683808,16756.545813438843,10800.0,10800.0,1709.3794452645516,10800.0,0.0003942000039387,2.273736754432321e-13,0,1.5,1.4999999999999998
2025-08-27,mpc,error_scaled_frozen_contract_and_soc,64165.7826488837,50956.20954830301,13209.573100580685,78298.74146327871,71213.21422042156,7085.527242857143,3123.0229000367444,2575.4678659641177,45,20,5921.44717295527,3376.7488577949,17810.278900729296,14431.904804617585,10800.0,10793.801227747945,1200.0,10800.0,0.9697165000106908,2.273736754432321e-13,0,1.5,1.4999999999999998
2025-08-28,greedy,error_scaled_frozen_contract_and_soc,58422.95817253996,50615.12671385595,7807.831458684019,77703.46177635944,70935.42298350229,6768.038792857143,3137.241299169166,1277.3172774761874,7,4,2473.9920487654326,0.0,20447.68676227421,16562.626277442112,10800.0,10800.0,1200.0,10800.0,0.0004148000007262,2.273736754432321e-13,0,1.5,1.5
2025-08-28,mpc,error_scaled_frozen_contract_and_soc,67501.13500459987,50615.12671385595,16886.00829074393,77703.46177635944,70935.42298350229,6768.038792857143,3137.241299169166,3610.674662763752,50,14,5209.969543380409,170.86633619186932,17949.950860038793,14638.376820725976,10800.0,10690.09263989494,1200.0,10800.0,1.0671519000025,2.273736754432321e-13,0,1.5,1.5
2025-08-29,greedy,error_scaled_frozen_contract_and_soc,29778.04504466061,29778.04504466061,0.0,48532.99436139666,41716.10264711095,6816.891714285714,3376.771525540396,0.0,0,0,5725.585301396234,16809.693729604936,20300.29698328454,16443.24055646048,10800.0,10800.0,2098.084304858728,10800.0,0.0003677000058814,1.1368683772161605e-13,0,1.5,1.5
2025-08-29,mpc,error_scaled_frozen_contract_and_soc,36326.31431561061,29778.04504466061,6548.26927095,48532.99436139666,41716.10264711095,6816.891714285714,3376.771525540396,1465.7646666666665,22,8,7013.037953126212,17234.084281161646,19272.60999309309,15661.632102889052,10800.0,10743.535546129286,1687.55261355436,10800.0,1.014887400000589,2.273736754432321e-13,0,1.5,1.5
2025-08-30,greedy,error_scaled_frozen_contract_and_soc,29471.328383162203,29471.328383162203,0.0,48244.5326239369,41372.97912631785,6871.55349761905,3399.764352042339,0.0,0,0,4688.457861772487,23676.79955239124,19142.5183346458,15505.439851063098,10800.0,10800.0,1631.328840105819,10800.0,0.0004107999993721,2.273736754432321e-13,0,1.5,1.4999999999999998
2025-08-30,mpc,error_scaled_frozen_contract_and_soc,34579.77450546209,29471.328383162203,5108.446122299885,48244.5326239369,41372.97912631785,6871.55349761905,3399.764352042339,1095.907579879124,28,12,5164.368205584282,24442.446793804647,19012.97951132536,15521.551033088735,10800.0,10665.51374564978,1266.7862374867686,10800.0,1.0526301999925636,1.1368683772161605e-13,0,1.5,1.4999999999999998
2025-08-31,greedy,error_scaled_frozen_contract_and_soc,52016.33685544552,51219.45504318064,796.8818122648804,78686.83231886855,71889.05537363046,6797.776945238096,3419.098695312063,118.06038214285708,4,3,6751.669551969428,2465.3814833333336,18901.62007641144,15310.312261893265,10800.0,10800.0,1463.6228531746049,10800.0,0.0004167000006418,1.891820033961267e-13,0,1.5,1.4999999999999998
2025-08-31,mpc,error_scaled_frozen_contract_and_soc,57180.394378653305,51219.45504318064,5960.939335472664,78686.83231886855,71889.05537363046,6797.776945238096,3419.098695312063,1261.9536895651274,24,10,7313.83518338647,3190.7540271650405,18466.85437616269,15019.191429470991,10800.0,10732.178461356429,1200.0,10800.0,0.9898895999940578,2.273736754432321e-13,0,1.5,1.4999999999999998
2025-09-01,greedy,error_scaled_frozen_contract_and_soc,51194.38123517647,51194.38123517647,0.0,78856.28735327742,71924.80447232505,6931.482880952382,3341.564184576348,0.0,0,0,23572.233243033515,6479.14029331271,12992.526574074072,10523.946525,10800.0,10800.0,4089.242546296296,10800.0,0.0007054000016069,1.1368683772161605e-13,0,1.5,1.5
2025-09-01,mpc,error_scaled_frozen_contract_and_soc,51194.38123517647,51194.38123517647,0.0,78856.28735327742,71924.80447232505,6931.482880952382,3341.564184576348,0.0,0,0,22570.35292035387,6531.61441142595,17989.404404423476,14571.418150783,10800.0,10799.999352000015,1802.2755414340093,10800.0,0.9602852999960304,2.273736754432321e-13,0,1.5,1.5
2025-09-02,greedy,error_scaled_frozen_contract_and_soc,50770.06442770387,50770.06442770387,0.0,78078.62703016293,71167.21006349626,6911.416966666668,3342.0300248313474,0.0,0,0,22549.935636062797,5025.6507042517305,16251.256594440214,13163.517841496576,10800.0,10800.0,3200.147923469414,10800.0,0.0002850999881047,2.273736754432321e-13,0,1.5,1.5000000000000002
2025-09-02,mpc,error_scaled_frozen_contract_and_soc,53500.24681317769,50770.06442770387,2730.1823854738204,78078.62703016293,71167.21006349626,6911.416966666668,3342.0300248313474,633.7532869047641,16,4,21892.95825697949,6005.334931458176,17888.34618381707,14489.560992091812,10800.0,10799.999352000015,1680.2205791255133,10800.0,1.0629218999965817,3.1263880373444413e-13,0,1.5,1.5000000000000002
2025-09-03,greedy,error_scaled_frozen_contract_and_soc,50461.11747770656,50461.11747770656,0.0,77658.07619948083,70802.09658757606,6855.979611904763,3345.6497491985697,0.0,0,0,19724.380116625325,5493.60067984734,13668.768248915148,11071.702281621274,10800.0,10800.0,4074.916019841272,10800.0,0.0004254999948898,2.273736754432321e-13,0,1.5,1.5
2025-09-03,mpc,error_scaled_frozen_contract_and_soc,50988.25445847204,50461.11747770656,527.1369807654763,77658.07619948083,70802.09658757606,6855.979611904763,3345.6497491985697,126.5662761904762,4,3,18852.76507457921,5727.40386733435,17691.81411180759,14330.370013764132,10800.0,10799.999352000015,1811.1367775920733,10800.0,1.0092720999964513,1.1368683772161605e-13,0,1.5,1.5
2025-09-04,greedy,error_scaled_frozen_contract_and_soc,50948.66390758609,50948.66390758609,0.0,78269.7686243164,71484.82004098306,6784.948583333335,3351.21148894849,0.0,0,0,21301.28004939656,7024.936584495265,15319.08901601913,12408.4621029755,10800.0,10800.0,3786.30153703704,10800.0,0.0005676000000676,1.1368683772161605e-13,0,1.5,1.4999999999999998
2025-09-04,mpc,error_scaled_frozen_contract_and_soc,52382.51993603965,50948.66390758609,1433.8560284535697,78269.7686243164,71484.82004098306,6784.948583333335,3351.21148894849,288.16412142857126,9,5,19600.52377955296,8586.307683656898,17569.351517653486,14231.175312499312,10800.0,10799.999352000015,1615.253844100723,10800.0,1.0178861000022152,2.273736754432321e-13,0,1.5,1.4999999999999998
2025-09-05,greedy,error_scaled_frozen_contract_and_soc,28941.90181707992,28941.90181707992,0.0,47451.70245357344,40711.09667976391,6740.605773809525,3352.77075621234,0.0,0,0,16754.005542754254,28083.938455190604,15184.614597293232,12299.537823807514,10800.0,10800.0,4478.310361111107,10800.0,0.0003923000040231,1.1368683772161605e-13,0,1.5,1.4999999999999998
2025-09-05,mpc,error_scaled_frozen_contract_and_soc,29096.02382941921,28941.90181707992,154.12201233928528,47451.70245357344,40711.09667976391,6740.605773809525,3352.77075621234,34.861624999999904,2,1,18307.330978409616,26159.727299109032,17320.128987957538,14029.304869045607,10800.0,10799.999568000008,2906.1699197905978,10800.0,1.0381953999894904,1.7053025658242404e-13,0,1.5,1.4999999999999998
2025-09-06,greedy,error_scaled_frozen_contract_and_soc,29292.90194165217,29292.90194165217,0.0,47971.16771273655,41481.0056246413,6490.16208809524,3384.186913144364,0.0,0,0,17706.97712654321,26424.97713837257,15434.534086274689,12501.9726098825,10800.0,10800.0,3802.035845606746,10800.0,0.0008041999972192,2.273736754432321e-13,0,1.5,1.5000000000000002
2025-09-06,mpc,error_scaled_frozen_contract_and_soc,30841.206560541457,29292.90194165217,1548.3046188892863,47971.16771273655,41481.0056246413,6490.16208809524,3384.186913144364,372.1237333333335,12,3,19006.63088726126,25242.36154138027,16777.091250525136,13589.444204525356,10800.0,10799.999676000003,2964.4406713894546,10800.0,0.932206600002246,1.1368683772161605e-13,0,1.5,1.5000000000000002
2025-09-07,greedy,error_scaled_frozen_contract_and_soc,49935.50672106884,49935.50672106884,0.0,76439.09461727123,69987.11733869978,6451.9772785714285,3449.9669688435306,0.0,0,0,20527.683461575565,3474.3073084273765,15856.169565823067,12843.497348316683,10800.0,10800.0,3395.002883656065,10800.0,0.0003097000007983,2.273736754432321e-13,0,1.5,1.5
2025-09-07,mpc,error_scaled_frozen_contract_and_soc,53152.58232497122,49935.50672106884,3217.07560390238,76439.09461727123,69987.11733869978,6451.9772785714285,3449.9669688435306,628.9149988095237,10,4,19025.290903688045,5090.736404840749,18566.05926836865,15038.508590578587,10800.0,10799.999352000015,1606.204582671956,10800.0,0.9863150999881328,2.273736754432321e-13,0,1.5,1.5
2025-09-08,greedy,error_scaled_frozen_contract_and_soc,57356.197263289854,41051.31687239432,16304.880390895518,64290.615614304574,57900.11786906648,6390.497745238097,3474.726002524166,2415.8499384335046,8,3,1202.914386081718,0.0,18702.696572251614,15262.132527023816,10800.0,10674.501885,1200.0,10800.0,0.0004360000020824,2.273736754432321e-13,0,1.5,1.4999999999999998
2025-09-08,mpc,error_scaled_frozen_contract_and_soc,72980.13841242464,41051.31687239432,31928.82154003032,64290.615614304574,57900.11786906648,6390.497745238097,3474.726002524166,5998.292087438098,56,20,3260.4572827305324,2302.7556315476204,14871.60247203137,12208.894805995413,10800.0,10619.003551500002,1219.7837222222224,10800.0,1.003232000002754,2.273736754432321e-13,0,1.5,1.4999999999999998
2025-09-09,greedy,error_scaled_frozen_contract_and_soc,42900.1244451196,42213.78222539084,686.3422197287645,65769.05153926957,59044.90335117432,6724.148188095237,3403.585832358532,98.38621269047655,1,1,2994.814009309658,7006.408471172402,19672.21311567357,15889.24663586226,10749.726680185184,10800.0,1200.0,10800.0,0.0002900000108638,2.273736754432321e-13,0,1.5,1.5
2025-09-09,mpc,error_scaled_frozen_contract_and_soc,53524.97206732055,42213.78222539084,11311.1898419297,65769.05153926957,59044.90335117432,6724.148188095237,3403.585832358532,2308.350809449291,46,14,5204.447610103389,7465.647250379933,17692.0321109291,14367.973414360233,10749.726680185184,10708.140675176672,1228.7682592592596,10800.0,1.1357581000047503,2.273736754432321e-13,0,1.5,1.5
2025-09-10,greedy,error_scaled_frozen_contract_and_soc,66867.52984879276,42240.7280414149,24626.80180737787,65475.49683032826,58859.70544461397,6615.791385714286,3417.52139695992,3881.905011047618,11,2,1286.4100695032314,0.0,18854.835578778344,15272.416818810456,10800.0,10800.0,1200.0,10800.0,0.0009356999944429,2.273736754432321e-13,0,1.5,1.5
2025-09-10,mpc,error_scaled_frozen_contract_and_soc,83671.30331950459,42240.7280414149,41430.57527808968,65475.49683032826,58859.70544461397,6615.791385714286,3417.52139695992,7424.76905704922,55,13,3721.146851660775,1982.1089297785832,14562.557000175551,11854.11990614219,10800.0,10735.056960000013,1220.116476851852,10800.0,1.0249881000054302,2.273736754432321e-13,0,1.5,1.5
2025-09-11,greedy,error_scaled_frozen_contract_and_soc,42798.23150422885,42762.04726172885,36.18424250000006,66416.69135561865,59350.98391038054,7065.707445238096,3433.189610753928,5.365000000000009,1,1,4461.181834780031,5630.08273342985,20048.36037859249,16239.171906659918,10800.0,10800.0,1654.276657367726,10800.0,0.0003419999993639,1.1368683772161605e-13,0,1.5,1.4999999999999998
2025-09-11,mpc,error_scaled_frozen_contract_and_soc,50772.90281598657,42762.04726172885,8010.855554257738,66416.69135561865,59350.98391038054,7065.707445238096,3433.189610753928,1663.586940476191,32,16,5957.587458355057,6218.207276505047,18387.724449920657,15004.844204162118,10800.0,10676.902889192908,1200.0,10800.0,0.9371881999977631,1.1368683772161605e-13,0,1.5,1.4999999999999998
2025-09-12,greedy,error_scaled_frozen_contract_and_soc,23556.953446809937,22773.286685659168,783.6667611507697,38684.28211643628,31790.80086405533,6893.481252380954,3421.547601404919,211.5162897899035,3,1,4091.98476405056,18264.331047619045,20853.72104904468,16891.51404972619,10800.0,10800.0,1200.0,10800.0,0.0002780000068014,2.273736754432321e-13,0,1.5,1.4999999999999998
2025-09-12,mpc,error_scaled_frozen_contract_and_soc,30623.51501012892,22773.286685659168,7850.22832446975,38684.28211643628,31790.80086405533,6893.481252380954,3421.547601404919,1910.542261228674,43,14,4892.773283609444,19512.514711108022,19235.283540996817,15623.02275328742,10800.0,10752.841016577777,1525.0534947089957,10800.0,0.9218347999994876,2.273736754432321e-13,0,1.5,1.4999999999999998
2025-09-13,greedy,error_scaled_frozen_contract_and_soc,22801.81121894093,22801.81121894093,0.0,38953.23326572811,32177.309260966205,6775.924004761906,3465.8901389777766,0.0,0,0,4127.995769708994,24270.887585114066,20729.922313034087,16791.237073557604,10800.0,10800.0,1560.6711758068773,10800.0,0.0002912000054493,2.273736754432321e-13,0,1.5,1.5
2025-09-13,mpc,error_scaled_frozen_contract_and_soc,29630.51835437843,22801.81121894093,6828.707135437501,38953.23326572811,32177.309260966205,6775.924004761906,3465.8901389777766,1586.7452738095242,36,11,5614.91035732509,24744.93782573935,19179.874209792702,15615.408524748082,10800.0,10711.432872426674,1605.5218127079183,10800.0,1.0735932999959914,2.273736754432321e-13,0,1.5,1.5
2025-09-14,greedy,error_scaled_frozen_contract_and_soc,44980.52324440412,42548.47832507974,2432.044919324373,66471.1295498812,59906.075945119286,6565.053604761904,3534.8170305174604,382.0969500238016,4,2,885.2952246178722,0.0,20631.290311974884,16865.126258116332,10800.0,10629.13210509259,1200.0,10800.0,0.000415399990743,2.273736754432321e-13,0,1.5,1.5000000000000002
2025-09-14,mpc,error_scaled_frozen_contract_and_soc,64217.69065367842,42548.47832507974,21669.21232859869,66471.1295498812,59906.075945119286,6565.053604761904,3534.8170305174604,3856.0161249345615,49,18,3094.250098515826,2231.369407738096,16479.646929743598,13679.887982610331,10800.0,10431.806700535531,1200.0,10800.0,0.9696580000018002,2.273736754432321e-13,0,1.5,1.5000000000000002
2025-09-15,greedy,error_scaled_frozen_contract_and_soc,43893.6400736404,43651.141213414805,242.4988602255908,68169.34976386225,61241.74713052891,6927.602633333333,3374.097648620634,36.50947976190412,3,2,5916.10995684564,4195.043096858061,21503.03019131066,17417.454454961633,10800.0,10800.0,1200.0,10800.0,0.0004117999924346,1.1368683772161605e-13,0,1.5,1.5000000000000002
2025-09-15,mpc,error_scaled_frozen_contract_and_soc,54110.01401577442,43651.141213414805,10458.872802359616,68169.34976386225,61241.74713052891,6927.602633333333,3374.097648620634,2212.5978069653656,42,14,6181.344898483616,6707.177535580926,18945.346065711725,15461.05138252008,10800.0,10671.865478562686,1200.0,10800.0,1.096737200001371,3.1263880373444413e-13,0,1.5,1.5000000000000002
2025-09-16,greedy,error_scaled_frozen_contract_and_soc,43584.17399970468,43445.80555635468,138.36844335000035,67330.09638324095,60392.08636181238,6938.01002142857,3353.5466992850797,20.121825000000054,2,2,1913.739796781309,548.5155172986499,20435.70064169945,16616.582533252753,10800.0,10729.261096137565,1303.7029457671936,10800.0,0.0004059999919263,2.273736754432321e-13,0,1.5,1.4999999999999998
2025-09-16,mpc,error_scaled_frozen_contract_and_soc,58742.75210864782,43445.80555635468,15296.946552293131,67330.09638324095,60392.08636181238,6938.01002142857,3353.5466992850797,2850.3126529016167,47,17,3380.970029277436,2633.551024404764,17252.166456263883,14155.123259517808,10800.0,10599.035077839932,1200.0,10800.0,1.0936197999981232,1.1368683772161605e-13,0,1.5,1.4999999999999998
2025-09-17,greedy,error_scaled_frozen_contract_and_soc,43803.8710279101,43803.8710279101,0.0,68502.02935162894,61397.98788496229,7104.041466666666,3345.7416682956346,0.0,0,0,3249.9271210905417,0.0,20942.09459055307,16963.09661834799,10800.0,10800.0,1500.1881124338638,10800.0,0.0003373000072315,2.273736754432321e-13,0,1.5,1.4999999999999998
2025-09-17,mpc,error_scaled_frozen_contract_and_soc,54516.61147025945,43803.8710279101,10712.740442349344,68502.02935162894,61397.98788496229,7104.041466666666,3345.7416682956346,2051.3067633748124,41,14,4454.502175739037,1589.7810777454438,18356.53209387342,15120.583490687464,10800.0,10520.230561500002,1230.176851851852,10800.0,1.06064910000714,2.273736754432321e-13,0,1.5,1.4999999999999998
2025-09-18,greedy,error_scaled_frozen_contract_and_soc,44101.7531894251,43545.01433867389,556.7388507512035,67836.99849655578,60718.32801798436,7118.670478571428,3344.711830088412,98.0866400119034,5,4,3141.4884870958285,939.794430952381,20379.641585566213,16628.69682180863,10800.0,10665.347625,1200.0,10800.0,0.0003565999941201,2.273736754432321e-13,0,1.5,1.5
2025-09-18,mpc,error_scaled_frozen_contract_and_soc,57034.73731458436,43545.01433867389,13489.722975910468,67836.99849655578,60718.32801798436,7118.670478571428,3344.711830088412,2364.638785616408,35,16,3610.4614866460943,3212.580640972967,17909.626477185837,14633.888777394604,10800.0,10658.78741013992,1200.0,10800.0,1.016032500003348,2.273736754432321e-13,0,1.5,1.5
2025-09-19,greedy,error_scaled_frozen_contract_and_soc,23471.49786165161,23471.49786165161,0.0,40019.56377690402,32819.89049118974,7199.673285714286,3278.031452539205,0.0,0,0,4162.681613667521,13952.651725,20714.58075776105,16775.033239762637,10795.803139973545,10800.0,1682.4790092063497,10800.0,0.0006276000058278,1.1368683772161605e-13,0,1.5,1.5
2025-09-19,mpc,error_scaled_frozen_contract_and_soc,32587.11834041032,23471.49786165161,9115.62047875871,40019.56377690402,32819.89049118974,7199.673285714286,3278.031452539205,2018.7816350781247,39,12,5436.813694256726,15174.33132271271,18600.47487053056,15137.95739575594,10795.803139973545,10716.2778615,1422.5204490740753,10799.99997215541,1.0777946000016527,1.1368683772161605e-13,0,1.5,1.5
2025-09-20,greedy,error_scaled_frozen_contract_and_soc,23133.207800302956,23133.207800302956,0.0,39573.03992208837,32565.73614351695,7007.303778571428,3208.361373838531,0.0,0,0,3996.707028203995,14257.590548360144,21471.959011531093,17392.286799340192,10800.0,10800.0,1297.7796135241294,10800.0,0.0005966000026091,2.273736754432321e-13,0,1.5,1.5
2025-09-20,mpc,error_scaled_frozen_contract_and_soc,37562.72759522937,23133.207800302956,14429.519794926418,39573.03992208837,32565.73614351695,7007.303778571428,3208.361373838531,2870.6817206123305,44,15,5067.337432040952,16787.536675144904,18243.66396186176,14893.886559680244,10800.0,10670.534721586422,1274.0513518518528,10800.0,0.9506426000007197,2.273736754432321e-13,0,1.5,1.5
2025-09-21,greedy,error_scaled_frozen_contract_and_soc,45173.60380282851,45173.60380282851,0.0,70827.40522342833,63755.99686866641,7071.408354761906,3151.405941684483,0.0,0,0,6471.4667577601385,3111.225539285715,19242.799224068152,15586.667371495205,10800.0,10800.0,1275.589269841268,10800.0,0.000260699991486,2.273736754432321e-13,0,1.5,1.5
2025-09-21,mpc,error_scaled_frozen_contract_and_soc,51599.65889372108,45173.60380282851,6426.05509089257,70827.40522342833,63755.99686866641,7071.408354761906,3151.405941684483,1326.5640631097654,35,14,7414.734727438585,3565.051503004208,19003.459672814068,15417.857690528295,10800.0,10772.160716056784,1200.0,10800.0,1.0176558000093792,2.273736754432321e-13,0,1.5,1.5
2025-09-22,greedy,error_scaled_frozen_contract_and_soc,45723.33668966059,44603.13399616072,1120.2026934998623,69937.23876455401,63070.11174788735,6867.127016666667,3192.382817850039,212.51918182142165,6,3,2579.801807936516,2389.6004678571426,20186.775837648533,16426.23448849532,10800.0,10716.726600000002,1200.0,10800.0,0.0002698000025702,2.273736754432321e-13,0,1.5,1.5
2025-09-22,mpc,error_scaled_frozen_contract_and_soc,57280.672424952994,44603.13399616072,12677.538428792275,69937.23876455401,63070.11174788735,6867.127016666667,3192.382817850039,2514.800673305693,45,15,4872.512941958139,2883.5850107142865,17987.851189341192,14711.724025582476,10800.0,10642.706041982105,1209.7370370370372,10800.0,1.088192800001707,2.273736754432321e-13,0,1.5,1.5
2025-09-23,greedy,error_scaled_frozen_contract_and_soc,47222.43175828372,45554.47907242095,1667.9526858627798,71627.96696480404,64883.19483623261,6744.772128571429,3240.7280806650783,276.66632571575,5,3,3894.1693014403336,1249.9548953703716,21010.333682428784,17018.370282767322,10800.0,10800.0,1200.0,10800.0,0.0002925000007962,2.273736754432321e-13,0,1.5,1.5
2025-09-23,mpc,error_scaled_frozen_contract_and_soc,60290.453770339525,45554.47907242095,14735.974697918587,71627.96696480404,64883.19483623261,6744.772128571429,3240.7280806650783,2820.457321143873,42,15,6606.278293610408,1642.7282999999998,18180.81101777193,14749.939019482052,10800.0,10773.908783236902,1246.1389675925925,10800.0,0.9931837000040104,2.273736754432321e-13,0,1.5,1.5
2025-09-24,greedy,error_scaled_frozen_contract_and_soc,46004.36759574365,45220.5207647978,783.8468309458509,71234.0608188967,64433.37920699194,6800.681611904763,3212.403541502499,149.05891248809513,3,2,3873.798431227687,2040.8099571428563,21344.62545195473,17289.146616083333,10800.0,10800.0,1200.0,10800.0,0.0002720000047702,2.273736754432321e-13,0,1.5,1.4999999999999998
2025-09-24,mpc,error_scaled_frozen_contract_and_soc,55849.00822450178,45220.5207647978,10628.487459703983,71234.0608188967,64433.37920699194,6800.681611904763,3212.403541502499,2300.029215756724,48,12,5383.120312825842,3166.7629405523894,18904.93646670895,15333.762192576609,10800.0,10776.929272730717,1200.0,10800.0,0.9710171000042463,2.273736754432321e-13,0,1.5,1.4999999999999998
2025-09-25,greedy,error_scaled_frozen_contract_and_soc,45522.22207557384,45402.604719740506,119.61735583333288,71042.45664043503,64451.32243805407,6591.134202380954,3150.7444695545228,17.765833333333262,1,1,3917.015056363905,2875.1067542622004,20835.79407292918,16876.993199072636,10800.0,10800.0,1497.9375429497356,10800.0,0.0002639000013004,2.273736754432321e-13,0,1.5,1.5000000000000002
2025-09-25,mpc,error_scaled_frozen_contract_and_soc,55266.41654513392,45402.604719740506,9863.811825393408,71042.45664043503,64451.32243805407,6591.134202380954,3150.7444695545228,2199.8811213351373,42,16,6067.742789906395,3556.565596132937,18492.553348111192,15183.823761666074,10800.0,10572.382722559993,1233.010907407407,10800.0,0.9689938999945298,2.273736754432321e-13,0,1.5,1.5000000000000002
2025-09-26,greedy,error_scaled_frozen_contract_and_soc,23353.827473105644,23353.827473105644,0.0,40036.43295086977,33355.04575325072,6681.387197619048,3113.442867245754,0.0,0,0,4714.28238087889,12594.261147252517,19678.122544487644,15939.27926103499,10800.0,10800.0,1985.289476190473,10800.0,0.0004263000009814,1.1368683772161605e-13,0,1.5,1.5
2025-09-26,mpc,error_scaled_frozen_contract_and_soc,27244.20497131697,23353.827473105644,3890.377498211326,40036.43295086977,33355.04575325072,6681.387197619048,3113.442867245754,877.3859857142884,25,12,5556.298524853569,12843.282798823033,19150.21159656149,15625.02012293975,10800.0,10674.056966972288,1274.7356054134705,10800.0,1.056511100003263,1.1368683772161605e-13,0,1.5,1.5
2025-09-27,greedy,error_scaled_frozen_contract_and_soc,23401.777477800228,23356.35341644251,45.42406135771749,39978.66456984139,33309.99310079377,6668.671469047619,3211.4105327946427,11.70120076190559,1,1,3024.4433621252165,14026.773142690725,21998.760515422156,17995.61179249194,10800.0,10603.76025,1200.0,10800.0,0.0002908000024035,2.273736754432321e-13,0,1.5,1.4999999999999998
2025-09-27,mpc,error_scaled_frozen_contract_and_soc,45347.97034049308,23356.35341644251,21991.61692405056,39978.66456984139,33309.99310079377,6668.671469047619,3211.4105327946427,4334.544419862399,48,12,4820.882202442668,17569.73380178571,16916.39557970019,13929.803137081924,10800.0,10547.196980528037,1257.647361772487,10800.0,1.0462070000066888,1.1368683772161605e-13,0,1.5,1.4999999999999998
2025-09-28,greedy,error_scaled_frozen_contract_and_soc,46801.3909417213,45936.013922620405,865.3770191008966,72086.65679717762,65383.4946733681,6703.162123809524,3050.425883550595,168.90481992267314,3,2,3562.5672862801903,0.0,21596.52617724868,17493.18620357143,10800.0,10800.0,1200.0,10800.0,0.0006419999990612,2.273736754432321e-13,0,1.5,1.5
2025-09-28,mpc,error_scaled_frozen_contract_and_soc,61294.17223107491,45936.013922620405,15358.158308454513,72086.65679717762,65383.4946733681,6703.162123809524,3050.425883550595,2943.293950301243,44,12,5966.378380508283,1325.7603003865431,18006.578754657858,14858.421045216666,10800.0,10496.564162284669,1217.0709027777775,10800.0,1.1307590000069467,2.273736754432321e-13,0,1.5,1.5
2025-09-29,greedy,error_scaled_frozen_contract_and_soc,46829.05198683041,46697.916325211365,131.1356616190479,73368.94636397372,66547.2534401642,6821.692923809524,2954.3690488812304,22.22244404761909,2,2,5367.873517383488,1129.1750713109932,20942.905001469724,16963.753051190477,10800.0,10800.0,1222.553194444446,10800.0,0.0006090999959269,1.1368683772161605e-13,0,1.5,1.4999999999999998
2025-09-29,mpc,error_scaled_frozen_contract_and_soc,55322.50681745885,46697.916325211365,8624.590492247486,73368.94636397372,66547.2534401642,6821.692923809524,2954.3690488812304,1708.4416413328695,37,13,7009.411926796504,1766.1664457201753,18874.309777171336,15487.468413429036,10800.0,10578.580562310835,1200.0,10800.0,1.049200599998585,2.273736754432321e-13,0,1.5,1.4999999999999998
2025-09-30,greedy,error_scaled_frozen_contract_and_soc,47892.99104349884,47196.58393836664,696.4071051321987,73630.46911423956,66835.54411900145,6794.924995238094,2977.2340101192067,130.83332338095397,3,2,2731.509746399165,0.0,22444.274909936907,18179.86267704889,10800.0,10800.0,1200.0,10800.0,0.0003746000002138,1.1368683772161605e-13,0,1.5,1.4999999999999996
2025-09-30,mpc,error_scaled_frozen_contract_and_soc,65550.93229934394,47196.58393836664,18354.3483609773,73630.46911423956,66835.54411900145,6794.924995238094,2977.2340101192067,3711.9166653114153,53,15,6118.987738276546,1193.2976714285692,18098.09743710715,14833.377525594624,10800.0,10606.75710940241,1251.7328703703702,10800.0,1.0079284999956144,2.273736754432321e-13,0,1.5,1.4999999999999996
2025-10-01,greedy,error_scaled_frozen_contract_and_soc,47102.49699559575,47102.49699559575,0.0,74124.15897640529,67162.50230259578,6961.656673809524,2911.490906224167,0.0,0,0,16216.68443713428,11870.10602910053,16231.699495884775,13147.676591666666,10800.0,10800.0,2831.835821428571,10800.0,0.0002939999976661,2.273736754432321e-13,0,1.5,1.5
2025-10-01,mpc,error_scaled_frozen_contract_and_soc,47626.05462540052,47102.49699559575,523.5576298047635,74124.15897640529,67162.50230259578,6961.656673809524,2911.490906224167,187.58817976190517,7,6,16845.600145579177,10963.69449425767,18679.512612515617,15130.405702137645,10800.0,10799.999460000012,2139.8351794474097,10800.0,1.0769218000059482,2.273736754432321e-13,0,1.5,1.5
2025-10-02,greedy,error_scaled_frozen_contract_and_soc,46333.4057209286,46333.4057209286,0.0,72563.62400611572,65617.49982992523,6946.124176190477,2919.3326498944043,0.0,0,0,14543.214214066931,7843.969983333333,17589.449945620217,14247.454455952382,10800.0,10800.0,2919.169813492064,10800.0,0.0004960999940522,2.273736754432321e-13,0,1.5,1.5
2025-10-02,mpc,error_scaled_frozen_contract_and_soc,47406.16865065597,46333.4057209286,1072.7629297273795,72563.62400611572,65617.49982992523,6946.124176190477,2919.3326498944043,397.1308321428566,15,7,15620.070448146384,6990.845761486016,18606.417590976667,15091.02328139811,10800.0,10777.972185881095,2217.771252653939,10800.0,0.983442400000058,2.273736754432321e-13,0,1.5,1.5
2025-10-03,greedy,error_scaled_frozen_contract_and_soc,23177.22757646593,23177.22757646593,0.0,39889.23496112928,32902.59686351022,6986.6380976190485,2906.878992043849,0.0,0,0,9165.197517886538,22788.24535592092,17989.13686309731,14571.200859108823,10800.0,10800.0,2401.9811249716813,10800.0,0.0002933999930974,1.1368683772161605e-13,0,1.5,1.5000000000000002
2025-10-03,mpc,error_scaled_frozen_contract_and_soc,24676.851421172483,23177.22757646593,1499.6238447065475,39889.23496112928,32902.59686351022,6986.6380976190485,2906.878992043849,530.5380142857143,18,7,10198.502435642818,22171.761372232817,18587.650369505314,15055.997285299298,10800.0,10799.999460000012,2236.2432709901987,10800.0,1.0472790000058012,2.273736754432321e-13,0,1.5,1.5000000000000002
2025-10-04,greedy,error_scaled_frozen_contract_and_soc,24226.506819346745,24226.506819346745,0.0,41263.431303738005,34248.715294214206,7014.7160095238105,2902.5377871803566,0.0,0,0,9445.747571428574,16311.88361776886,18055.94438104066,14625.314948642936,10800.0,10800.0,1739.6353927776895,10800.0,0.0004114999901503,2.273736754432321e-13,0,1.5,1.5
2025-10-04,mpc,error_scaled_frozen_contract_and_soc,26951.452901311623,24226.506819346745,2724.94608196488,41263.431303738005,34248.715294214206,7014.7160095238105,2902.5377871803566,758.2865261904756,18,6,9255.417876827778,17216.774717491626,18286.079155085357,14811.72460161913,10800.0,10799.999460000012,2163.0212138755687,10800.0,1.0894521000009263,1.1368683772161605e-13,0,1.5,1.5
2025-10-05,greedy,error_scaled_frozen_contract_and_soc,45078.37184755579,45078.37184755579,0.0,70565.3655464919,63495.26405363475,7070.101492857144,2884.046573928651,0.0,0,0,10140.780989863451,4635.288600264556,17860.215967078188,14466.774933333334,10800.0,10800.0,2947.955384920636,10800.0,0.000438999995822,1.1368683772161605e-13,0,1.5,1.5
2025-10-05,mpc,error_scaled_frozen_contract_and_soc,46965.96874090936,45078.37184755579,1887.596893353571,70565.3655464919,63495.26405363475,7070.101492857144,2884.046573928651,522.2708726190474,17,7,10447.958884573516,4723.837027970566,18526.242473409573,15006.256889461749,10800.0,10799.999460000012,2265.7299128080112,10800.0,1.1653061999968486,2.273736754432321e-13,0,1.5,1.5
2025-10-06,greedy,error_scaled_frozen_contract_and_soc,45321.26841693552,45321.26841693552,0.0,70438.65505250404,63363.103623932606,7075.551428571429,2889.589141006706,0.0,0,0,8108.005204796815,1922.246147810116,18166.040651087587,14714.49292738095,10800.0,10800.0,2753.555595238098,10800.0,0.0004626000009011,1.1368683772161605e-13,0,1.5,1.5
2025-10-06,mpc,error_scaled_frozen_contract_and_soc,47084.037008531945,45321.26841693552,1762.7685915964291,70438.65505250404,63363.103623932606,7075.551428571429,2889.589141006706,462.8474202380954,16,8,6971.138040123967,3417.7971063115424,18764.63240254427,15208.921052428115,10800.0,10789.367992925268,1389.7636944444444,10800.0,1.138214099992183,2.273736754432321e-13,0,1.5,1.5
2025-10-07,greedy,error_scaled_frozen_contract_and_soc,44879.47164715007,44879.47164715007,0.0,69900.120997285,62892.32418538023,7007.796811904762,2889.099475697103,0.0,0,0,8370.050935468425,609.6592083333334,19363.16455467372,15684.163289285712,10800.0,10800.0,1274.3926217328055,10800.0,0.0003465000045252,2.273736754432321e-13,0,1.5,1.5
2025-10-07,mpc,error_scaled_frozen_contract_and_soc,51270.16251196376,44879.47164715007,6390.690864813688,69900.120997285,62892.32418538023,7007.796811904762,2889.099475697103,1365.0637511904758,25,8,8086.195377572369,2398.599675363711,18626.213649706064,15087.233542261903,10800.0,10799.999460000012,1970.8862840838783,10800.0,1.1421141000028,2.273736754432321e-13,0,1.5,1.5
2025-10-08,greedy,error_scaled_frozen_contract_and_soc,41951.7220010546,41116.03743873912,835.6845623154873,65671.4385672029,58606.04443625052,7065.394130952381,2840.33903894996,160.18409523809737,3,1,3262.5065726408848,1050.919691666673,21448.15472075249,17373.00532380952,10800.0,10800.0,1200.0,10800.0,0.0005105000018374,1.1368683772161605e-13,0,1.5,1.5
2025-10-08,mpc,error_scaled_frozen_contract_and_soc,54931.74264515568,41116.03743873912,13815.705206416564,65671.4385672029,58606.04443625052,7065.394130952381,2840.33903894996,2654.6204964361964,35,11,4131.806762799409,3222.683251708613,18571.17123126631,15042.649183325708,10800.0,10799.999460000012,1200.0,10800.0,1.1336067000083858,1.1368683772161605e-13,0,1.5,1.5
2025-10-09,greedy,error_scaled_frozen_contract_and_soc,41553.560359860574,41553.560359860574,0.0,66470.70306236047,59569.20521712238,6901.497845238095,2730.1529022600403,0.0,0,0,3275.5218069959847,3315.840735302765,21027.84018077601,17032.550546428574,10800.0,10800.0,1207.35737160053,10800.0,0.000609800001257,2.273736754432321e-13,0,1.5,1.4999999999999998
2025-10-09,mpc,error_scaled_frozen_contract_and_soc,50308.45594944259,41553.560359860574,8754.895589582018,66470.70306236047,59569.20521712238,6901.497845238095,2730.1529022600403,1704.757350518833,40,14,4942.030114182037,3729.143462090303,19125.98729799289,15505.751347100217,10800.0,10784.77596030448,1200.0,10800.0,1.1190000999922631,2.273736754432321e-13,0,1.5,1.4999999999999998
2025-10-10,greedy,error_scaled_frozen_contract_and_soc,20631.806120904464,20631.806120904464,0.0,37140.35217305197,30371.032537337684,6769.319635714285,2754.0349878194843,0.0,0,0,2694.7695904761918,21594.62602215411,21143.929712369703,17132.804454328983,10800.0,10793.08734743386,1335.4090424338624,10800.0,0.0004244000010658,1.1368683772161605e-13,0,1.5,1.5
2025-10-10,mpc,error_scaled_frozen_contract_and_soc,27090.498131558168,20631.806120904464,6458.692010653697,37140.35217305197,30371.032537337684,6769.319635714285,2754.0349878194843,1632.7930328693974,46,16,4715.334837868879,21703.234086072825,19387.83743320115,15873.092453602443,10800.0,10612.284296989435,1200.0,10800.0,1.0881635999976425,1.1368683772161605e-13,0,1.5,1.5
2025-10-11,greedy,error_scaled_frozen_contract_and_soc,21004.969795865567,21004.969795865567,0.0,38030.57832077572,31500.58696125191,6529.991359523807,2503.5987604614297,0.0,0,0,3399.599355114642,15277.670526713402,20287.070693709586,16432.52726190476,10800.0,10800.0,1342.6908174603204,10800.0,0.0002987999905599,1.1368683772161605e-13,0,1.5,1.5
2025-10-11,mpc,error_scaled_frozen_contract_and_soc,27699.480790751702,21004.969795865567,6694.510994886135,38030.57832077572,31500.58696125191,6529.991359523807,2503.5987604614297,1288.0188888183347,32,14,4807.926298128271,15401.40813316167,19130.758718057208,15520.26094689595,10800.0,10772.94846081154,1234.7311448412702,10800.0,1.1015296999976272,1.1368683772161605e-13,0,1.5,1.5
2025-10-12,greedy,error_scaled_frozen_contract_and_soc,42252.45636976797,42225.51877498702,26.9375947809528,67466.03420046369,60813.07997903512,6652.954221428568,2417.824016963017,5.750980952381042,1,1,3376.9639488976954,781.7371654761901,20633.38351074834,16713.040643706154,10800.0,10800.0,1232.62557468254,10800.0,0.0009179999906336,2.273736754432321e-13,0,1.5,1.5
2025-10-12,mpc,error_scaled_frozen_contract_and_soc,57648.63163066881,42225.51877498702,15423.112855681797,67466.03420046369,60813.07997903512,6652.954221428568,2417.824016963017,2547.968603682932,35,12,4479.241412892172,2950.529548809523,17487.804921753865,14296.314279308936,10800.0,10654.230785901884,1228.384462962963,10800.0,0.9630472999997436,2.273736754432321e-13,0,1.5,1.5
2025-10-13,greedy,error_scaled_frozen_contract_and_soc,42819.72407344687,42819.72407344687,0.0,68329.9710602006,61637.92125543869,6692.049804761904,2380.2311676159134,0.0,0,0,5011.42597241329,2673.572795238095,20483.47665878034,16591.61609361208,10800.0,10800.0,1452.078017195768,10800.0,0.000283200002741,2.273736754432321e-13,0,1.5,1.4999999999999998
2025-10-13,mpc,error_scaled_frozen_contract_and_soc,49828.07907372458,42819.72407344687,7008.355000277714,68329.9710602006,61637.92125543869,6692.049804761904,2380.2311676159134,1318.0303344221693,33,14,5072.255162608864,4217.108014047619,19055.72712596572,15450.200635380386,10800.0,10783.264818502048,1201.2432923280408,10800.0,1.1625033999880543,2.273736754432321e-13,0,1.5,1.4999999999999998
2025-10-14,greedy,error_scaled_frozen_contract_and_soc,45924.20205361837,42342.42069934457,3581.7813542737986,67662.83204901649,61023.86252758793,6638.96952142857,2347.4402849338894,607.2196650073195,5,2,1505.2924299823665,0.0,21749.44100573192,17661.732577642855,10800.0,10750.349596666663,1200.0,10800.0,0.0004472000000532,2.273736754432321e-13,0,1.5,1.5
2025-10-14,mpc,error_scaled_frozen_contract_and_soc,63574.26983824888,42342.42069934457,21231.84913890432,67662.83204901649,61023.86252758793,6638.96952142857,2347.4402849338894,3951.4588591385927,55,12,3458.2216801607697,2299.0619880952386,17618.15608174399,14438.199697797294,10800.0,10613.89636490593,1200.0,10800.0,1.19243200001074,2.273736754432321e-13,0,1.5,1.5
2025-10-15,greedy,error_scaled_frozen_contract_and_soc,50319.58242082318,42572.82852843288,7746.753892390301,67857.80737100467,61393.90627338563,6463.901097619047,2383.1624377083726,1146.3860989880905,5,2,933.1010259700148,0.0,20304.850482325288,16446.928890683484,10800.0,10800.0,1200.0,10800.0,0.0008054000063566,1.1368683772161605e-13,0,1.5,1.4999999999999998
2025-10-15,mpc,error_scaled_frozen_contract_and_soc,66973.8523019475,42572.82852843288,24401.023773514626,67857.80737100467,61393.90627338563,6463.901097619047,2383.1624377083726,4235.671764380949,42,16,2954.7355671479727,1768.1822833333329,16687.099912575904,13529.709480052532,10800.0,10785.379387926612,1202.324074074074,10800.0,1.0784783999988576,2.273736754432321e-13,0,1.5,1.4999999999999998
2025-10-16,greedy,error_scaled_frozen_contract_and_soc,55980.113123934265,43335.049726941055,12645.063396993206,68815.09880206763,62238.7336734962,6576.365128571428,2455.263787594285,1854.5125032775927,3,1,1163.4707585243962,0.0,21770.579575999407,17634.169456559528,10800.0,10800.0,1200.0,10800.0,0.0002876999933505,1.1368683772161605e-13,0,1.5,1.4999999999999998
2025-10-16,mpc,error_scaled_frozen_contract_and_soc,73634.89027742457,43335.049726941055,30299.840550483492,68815.09880206763,62238.7336734962,6576.365128571428,2455.263787594285,5817.099139643156,53,14,3251.9238006679825,2813.2621619047627,16969.601496951058,13772.319945193962,10800.0,10770.06363037377,1238.0130277777776,10800.0,1.148095700002159,2.273736754432321e-13,0,1.5,1.4999999999999998
2025-10-17,greedy,error_scaled_frozen_contract_and_soc,21605.84638495456,21605.84638495456,0.0,38664.81656794344,32027.86504889582,6636.95151904762,2506.456637620555,0.0,0,0,4239.226620179304,13660.49375172324,20007.08812452603,16205.741380866082,10800.0,10800.0,1558.392388015871,10800.0,0.000400199991418,2.273736754432321e-13,0,1.5,1.5
2025-10-17,mpc,error_scaled_frozen_contract_and_soc,28729.143413884205,21605.84638495456,7123.297028929643,38664.81656794344,32027.86504889582,6636.95151904762,2506.456637620555,1352.8094714372182,26,17,4380.482097892056,15171.01073231886,18815.719266217653,15313.335509428864,10800.0,10719.330106897149,1200.0,10800.0,1.0368994000018574,2.273736754432321e-13,0,1.5,1.5
2025-10-18,greedy,error_scaled_frozen_contract_and_soc,21589.131362585194,21589.131362585194,0.0,38509.94789558935,31971.56945511316,6538.378440476192,2482.781738271189,0.0,0,0,3949.7100737654346,13966.187477996762,19672.52930335097,15934.748735714284,10800.0,10800.0,2178.9108887301595,10800.0,0.0003645999968284,1.1368683772161605e-13,0,1.5,1.5000000000000002
2025-10-18,mpc,error_scaled_frozen_contract_and_soc,29805.66256556376,21589.131362585194,8216.531202978567,38509.94789558935,31971.56945511316,6538.378440476192,2482.781738271189,1773.560794047618,31,14,4082.682431929434,16001.277751443677,18192.533374933013,14849.254644859626,10800.0,10674.1082098179,1200.0,10800.0,1.0033009000035236,1.1368683772161605e-13,0,1.5,1.5000000000000002
2025-10-19,greedy,error_scaled_frozen_contract_and_soc,52763.86936769895,44730.82991377739,8033.039453921556,71394.55904646474,64860.81932979808,6533.739716666667,2443.676969922738,1170.244507642853,5,2,2449.361230834802,526.2470595238091,21730.346331761608,17601.580528726907,10800.0,10800.0,1200.0,10800.0,0.0004550000012386,2.273736754432321e-13,0,1.5,1.4999999999999998
2025-10-19,mpc,error_scaled_frozen_contract_and_soc,65212.03281814515,44730.82991377739,20481.20290436777,71394.55904646474,64860.81932979808,6533.739716666667,2443.676969922738,4157.16615880219,59,18,4541.501200064424,2059.824323214286,18368.266880389125,14878.296659115184,10800.0,10799.999460000012,1200.0,10800.0,1.157387999992352,1.1368683772161605e-13,0,1.5,1.4999999999999998
2025-10-20,greedy,error_scaled_frozen_contract_and_soc,49816.71402345632,45358.75830151472,4457.955721941601,72151.45863970749,65566.4253539932,6585.033285714284,2358.7170343346834,917.8393224642856,7,1,3026.366320223393,0.0,21566.26501401404,17468.674661351368,10800.0,10800.0,1200.0,10800.0,0.0003575000009732,2.273736754432321e-13,0,1.5,1.5
2025-10-20,mpc,error_scaled_frozen_contract_and_soc,60890.26774498126,45358.75830151472,15531.509443466555,72151.45863970749,65566.4253539932,6585.033285714284,2358.7170343346834,3061.1048301625374,47,14,4697.733020182215,1059.537663690476,19017.62390572188,15507.672409010258,10800.0,10685.114394027189,1252.6321990740753,10800.0,1.1271523000032175,2.273736754432321e-13,0,1.5,1.5
2025-10-21,greedy,error_scaled_frozen_contract_and_soc,47924.53142617042,46086.2018953668,1838.329530803612,73502.24367482154,66942.07826053585,6560.165414285714,2308.9285754739685,349.2549477619071,7,2,1481.416645047027,0.0,21487.872438161718,17405.176674910985,10800.0,10800.0,1200.0,10800.0,0.000478000001749,2.273736754432321e-13,0,1.5,1.5000000000000002
2025-10-21,mpc,error_scaled_frozen_contract_and_soc,62692.90909165381,46086.2018953668,16606.70719628701,73502.24367482154,66942.07826053585,6560.165414285714,2308.9285754739685,3084.10054287857,43,14,4498.955189930755,407.4544978365716,18281.93121329856,14889.382897651469,10800.0,10709.979316800416,1225.416666666667,10800.0,1.1678816999919943,2.273736754432321e-13,0,1.5,1.5000000000000002
2025-10-22,greedy,error_scaled_frozen_contract_and_soc,53630.44700763423,46244.72960278269,7385.717404851547,73830.3093896807,67141.13495158547,6689.174438095238,2257.328809043651,1510.0205868690489,8,1,3843.2073954126326,558.5326869047624,21530.121247839503,17439.398210749998,10800.0,10800.0,1200.0,10800.0,0.0004713999951491,2.273736754432321e-13,0,1.5,1.4999999999999998
2025-10-22,mpc,error_scaled_frozen_contract_and_soc,63429.72077061397,46244.72960278269,17184.99116783128,73830.3093896807,67141.13495158547,6689.174438095238,2257.328809043651,3376.7267152340983,47,15,5384.676190594896,1289.2918585082316,19586.85919680409,15901.657998135264,10800.0,10759.664390306718,1228.3261898148148,10800.0,1.469492300006095,2.273736754432321e-13,0,1.5,1.4999999999999998
2025-10-23,greedy,error_scaled_frozen_contract_and_soc,47093.70261950368,47093.70261950368,0.0,74733.27715085003,67985.64148418335,6747.635666666667,2270.035947595992,0.0,0,0,6377.593784303349,1201.6564416666663,21056.60533771436,17055.850323548635,10800.0,10800.0,1554.9998875661358,10800.0,0.000381699996069,2.273736754432321e-13,0,1.5,1.5
2025-10-23,mpc,error_scaled_frozen_contract_and_soc,55123.94412892606,47093.70261950368,8030.241509422376,74733.27715085003,67985.64148418335,6747.635666666667,2270.035947595992,1576.4145478071691,33,14,6646.455421009463,3092.644173214286,19068.9184033892,15651.59820967004,10800.0,10571.361885639128,1272.1682916666657,10800.0,1.3333850000053644,2.273736754432321e-13,0,1.5,1.5
2025-10-24,greedy,error_scaled_frozen_contract_and_soc,22167.938335262563,21902.11447396098,265.82386130158113,39023.37647959759,32415.121265311875,6608.255214285713,2314.399745760556,57.89426995237784,2,1,3222.4508654321003,13269.018573312713,21302.00847792185,17254.626867116698,10800.0,10800.0,1200.0,10800.0,0.0003862000012304,2.273736754432321e-13,0,1.5,1.5000000000000002
2025-10-24,mpc,error_scaled_frozen_contract_and_soc,31643.33025543097,21902.11447396098,9741.215781469991,39023.37647959759,32415.121265311875,6608.255214285713,2314.399745760556,2116.289049912957,44,16,4565.054515813861,14501.393486365894,19092.051917463097,15561.254090132308,10800.0,10692.564403347558,1289.0002797619045,10800.0,1.2420906000043033,2.273736754432321e-13,0,1.5,1.5000000000000002
2025-10-25,greedy,error_scaled_frozen_contract_and_soc,22646.191123983368,21918.10928539336,728.0818385900056,39205.49666834599,32623.274594536462,6582.222073809522,2326.929367033573,147.5193675595189,1,1,3343.943758921221,12142.771076764602,20571.49968336179,16699.60493552306,10800.0,10759.23312,1200.0,10800.0,0.0005315000016707,2.273736754432321e-13,0,1.5,1.4999999999999998
2025-10-25,mpc,error_scaled_frozen_contract_and_soc,30005.49491655694,21918.10928539336,8087.385631163581,39205.49666834599,32623.274594536462,6582.222073809522,2326.929367033573,1699.4188724643714,37,13,4181.390317217014,13169.21219738945,19108.073874679245,15548.1673008563,10800.0,10721.525041815432,1200.0,10800.0,1.4492120999930194,1.1368683772161605e-13,0,1.5,1.4999999999999998
2025-10-26,greedy,error_scaled_frozen_contract_and_soc,47811.386656930576,47811.386656930576,0.0,75753.33514264342,69147.01568788153,6606.319454761904,2271.1908744996035,0.0,0,0,6429.952672692535,1325.3275988095234,19272.627204002267,15610.828035241846,10800.0,10800.0,1836.0821706349227,10800.0,0.0004810999962501,2.273736754432321e-13,0,1.5,1.4999999999999998
2025-10-26,mpc,error_scaled_frozen_contract_and_soc,51236.39245931299,47811.386656930576,3425.0058023824067,75753.33514264342,69147.01568788153,6606.319454761904,2271.1908744996035,732.4197233452417,29,15,7028.1129661184295,1479.81019721193,19272.19209934712,15630.61609906976,10800.0,10777.621668223786,1354.7755033068788,10800.0,1.5071481999912066,2.273736754432321e-13,0,1.5,1.4999999999999998
2025-10-27,greedy,error_scaled_frozen_contract_and_soc,49155.70980792589,47660.34900441864,1495.360803507246,75700.90979807102,69208.38684807104,6492.522949999999,2231.9811451516675,219.28833670238208,2,2,6574.253931422691,2620.840422619047,20632.406703099037,16712.24942951021,10800.0,10800.0,1200.0,10800.0,0.0004898000042885,2.273736754432321e-13,0,1.5,1.5
2025-10-27,mpc,error_scaled_frozen_contract_and_soc,58248.92256354973,47660.34900441864,10588.573559131091,75700.90979807102,69208.38684807104,6492.522949999999,2231.9811451516675,2199.910212267344,43,14,8197.842833015065,3351.0156785537934,18985.06062890524,15438.04563727858,10800.0,10733.170524594068,1200.0,10800.0,1.3344043999968562,2.273736754432321e-13,0,1.5,1.5
2025-10-28,greedy,error_scaled_frozen_contract_and_soc,47321.47266468915,47321.47266468915,0.0,75358.70216602224,69016.33370173653,6342.368464285714,2155.8738135367853,0.0,0,0,4477.534911816588,268.08255238095296,21430.28571135813,17358.531426200097,10800.0,10800.0,1423.4307992857143,10800.0,0.000443400000222,2.273736754432321e-13,0,1.5,1.5
2025-10-28,mpc,error_scaled_frozen_contract_and_soc,60675.33421586121,47321.47266468915,13353.86155117205,75358.70216602224,69016.33370173653,6342.368464285714,2155.8738135367853,2450.0794314317327,45,18,6002.570126836464,1800.8691243503858,18551.38217674978,15087.370247149318,10800.0,10732.499240020006,1200.0,10800.0,1.3063939999992726,2.273736754432321e-13,0,1.5,1.5
2025-10-29,greedy,error_scaled_frozen_contract_and_soc,59656.73526153527,47350.657153303466,12306.078108231806,75025.76444658234,68830.59812991566,6195.166316666667,2230.307626822618,1925.45907260714,9,3,1387.353930261611,0.0,20704.330336462477,16770.50757253461,10800.0,10800.0,1200.0,10800.0,0.0011375999893061,2.273736754432321e-13,0,1.5,1.5
2025-10-29,mpc,error_scaled_frozen_contract_and_soc,70312.37085750359,47350.657153303466,22961.713704200112,75025.76444658234,68830.59812991566,6195.166316666667,2230.307626822618,4277.545255260797,46,15,4182.81801128509,138.2831303571425,17914.21286415456,14562.051128953655,10800.0,10742.734767790596,1200.0,10800.0,1.4842651999933878,2.273736754432321e-13,0,1.5,1.5
2025-10-30,greedy,error_scaled_frozen_contract_and_soc,47440.11028935315,47440.11028935315,0.0,75330.8500409315,68949.04597188387,6381.804069047619,2192.001944521269,0.0,0,0,4648.568621707816,1891.8904369047625,20957.133591152207,16975.278208833282,10800.0,10800.0,1358.0684355820104,10800.0,0.0003208999987691,2.273736754432321e-13,0,1.5,1.5000000000000002
2025-10-30,mpc,error_scaled_frozen_contract_and_soc,55580.02606136323,47440.11028935315,8139.915772010083,75330.8500409315,68949.04597188387,6381.804069047619,2192.001944521269,1670.0112335818476,42,16,6433.242483182972,2119.4013987405388,19482.34536605556,15842.663573465725,10800.0,10731.15130337698,1276.0207903439157,10800.0,0.9892632999981288,2.273736754432321e-13,0,1.5,1.5000000000000002
2025-10-31,greedy,error_scaled_frozen_contract_and_soc,22393.925860719988,22393.925860719988,0.0,39777.52021905631,33616.74070000868,6160.779519047621,2313.4649255526174,0.0,0,0,3229.219121340395,6766.450077715017,20432.04504261126,16549.95648451512,10800.0,10800.0,1685.2177962963,10800.0,0.0004906999965896,1.1368683772161605e-13,0,1.5,1.5
2025-10-31,mpc,error_scaled_frozen_contract_and_soc,34555.3638754743,22393.925860719988,12161.438014754312,39777.52021905631,33616.74070000868,6160.779519047621,2313.4649255526174,2351.654479822376,35,15,3777.8976742662417,9056.531331155344,18042.896589816515,14647.913358264172,10800.0,10763.147643874669,1200.0,10800.0,1.1242456999898425,1.1368683772161605e-13,0,1.5,1.5
2025-11-01,greedy,error_scaled_frozen_contract_and_soc,22534.25563012005,22534.25563012005,0.0,40019.47477706321,33530.66603182512,6488.808745238095,2210.9040837983325,0.0,0,0,4144.941501719581,8526.6905466095,20323.34592190901,16461.91019674631,10800.0,10800.0,1578.8077094485498,10800.0,0.0004132999893045,1.1368683772161605e-13,0,1.5,1.5
2025-11-01,mpc,error_scaled_frozen_contract_and_soc,31535.53565540199,22534.25563012005,9001.280025281943,40019.47477706321,33530.66603182512,6488.808745238095,2210.9040837983325,2034.0505955004649,35,15,4034.6310199849927,11033.279286682084,18441.92691059483,14942.718848269657,10800.0,10794.713277013509,1200.0,10800.0,1.182641099992907,2.273736754432321e-13,0,1.5,1.5
2025-11-02,greedy,error_scaled_frozen_contract_and_soc,50288.70280300258,48662.99881414622,1625.7039888563568,77331.38349639978,70741.49922259025,6589.884273809523,2158.5864599603165,233.04242959523464,1,1,3409.1335643298085,0.0,22156.47525563148,17946.744957061506,10800.0,10800.0,1200.0,10800.0,0.0003380999987712,2.273736754432321e-13,0,1.5,1.5
2025-11-02,mpc,error_scaled_frozen_contract_and_soc,61691.84976408792,48662.99881414622,13028.8509499417,77331.38349639978,70741.49922259025,6589.884273809523,2158.5864599603165,2494.737367299941,48,17,5560.58418176352,668.0584113095239,19451.81160605491,15799.895398523462,10800.0,10751.191113756682,1203.3921064814813,10800.0,1.4820933000009973,2.273736754432321e-13,0,1.5,1.5
2025-11-03,greedy,error_scaled_frozen_contract_and_soc,49477.68392137831,49477.68392137831,0.0,78423.02759315632,71739.71783125155,6683.30976190476,2126.940651025079,0.0,0,0,3473.307401660796,547.0282416666666,20274.08450411183,16422.008448330584,10800.0,10800.0,1689.982380846562,10800.0,0.0003221000079065,2.273736754432321e-13,0,1.5,1.4999999999999998
2025-11-03,mpc,error_scaled_frozen_contract_and_soc,56707.34662655398,49477.68392137831,7229.662705175668,78423.02759315632,71739.71783125155,6683.30976190476,2126.940651025079,1468.5862554962018,33,18,5549.0565029022255,211.90162511630356,19299.477903349336,15719.438076762955,10800.0,10703.487805500008,1279.2031574074108,10800.0,1.1263713000080315,2.273736754432321e-13,0,1.5,1.4999999999999998
2025-11-04,greedy,error_scaled_frozen_contract_and_soc,51214.81718118971,49767.25100969449,1447.5661714952214,79115.04019740419,72295.72931883277,6819.310878571429,2088.4733752352768,214.20010238095,2,2,6617.054627322164,1365.0942979423874,20891.632052614696,16922.221962617907,10800.0,10800.0,1200.0,10800.0,0.0004696999967563,1.1368683772161605e-13,0,1.5,1.4999999999999998
2025-11-04,mpc,error_scaled_frozen_contract_and_soc,55831.73387042072,49767.25100969449,6064.482860726221,79115.04019740419,72295.72931883277,6819.310878571429,2088.4733752352768,1234.170041249205,45,11,8580.378556698484,606.829171175357,20289.84116786255,16505.51994160679,10800.0,10721.390449290964,1208.5575740740746,10800.0,0.9424506000068504,2.273736754432321e-13,0,1.5,1.4999999999999998
2025-11-05,greedy,error_scaled_frozen_contract_and_soc,50251.0540256624,50250.762549035615,0.2914766267868038,79605.05630321268,72763.95455083172,6841.101752380952,2078.6035962876977,0.0677773809526343,1,1,4399.670226822458,721.6129630952375,22032.630903306912,17846.4310316786,10800.0,10800.0,1689.7134592328057,10800.0,0.0002244999923277,2.273736754432321e-13,0,1.5,1.5
2025-11-05,mpc,error_scaled_frozen_contract_and_soc,58806.39886116022,50250.762549035615,8555.636312124603,79605.05630321268,72763.95455083172,6841.101752380952,2078.6035962876977,1887.344029295024,49,17,6649.413988475709,850.0276973326412,19861.26468360673,16165.947055955005,10800.0,10712.974819740502,1310.024740740742,10800.0,0.9935388000012608,2.273736754432321e-13,0,1.5,1.5
2025-11-06,greedy,error_scaled_frozen_contract_and_soc,58261.24777797509,49715.14556564995,8546.102212325139,78794.67532223725,71945.921234142,6848.754088095237,2089.700535847698,1748.2116413690458,9,1,3137.2653212375003,0.0,22057.53274179061,17866.601520850396,10800.0,10800.0,1200.0,10800.0,0.0003412999940337,1.1368683772161605e-13,0,1.5,1.5
2025-11-06,mpc,error_scaled_frozen_contract_and_soc,68920.37504456803,49715.14556564995,19205.229478918085,78794.67532223725,71945.921234142,6848.754088095237,2089.700535847698,3896.917401319532,46,15,5704.0155407834045,124.28351309523794,19675.918496054237,16027.315247804672,10800.0,10700.1985933325,1243.0811111111125,10800.0,1.057943099993281,2.273736754432321e-13,0,1.5,1.5
2025-11-07,greedy,error_scaled_frozen_contract_and_soc,23201.977672113644,23201.977672113644,0.0,40894.91995371149,33849.13344180673,7045.786511904762,2095.518512562381,0.0,0,0,3635.423666299241,9927.479342442177,21177.18873292525,17153.522873669455,10800.0,10800.0,1386.6195135154217,10800.0,0.0006113999988883,2.273736754432321e-13,0,1.5,1.5000000000000002
2025-11-07,mpc,error_scaled_frozen_contract_and_soc,31052.86902523388,23201.977672113644,7850.891353120235,40894.91995371149,33849.13344180673,7045.786511904762,2095.518512562381,1658.8426226190468,39,13,5851.153448165726,9861.949139219592,19420.27657451944,15887.967671288508,10800.0,10624.951504524715,1617.9773693509226,10800.0,1.219563599996036,2.273736754432321e-13,0,1.5,1.5000000000000002
2025-11-08,greedy,error_scaled_frozen_contract_and_soc,23087.36619097064,23087.36619097064,0.0,40927.10582241693,33867.98656289312,7059.119259523808,2091.0191038889293,0.0,0,0,3656.697498853938,9395.922548809524,20498.32978566987,16603.647126392592,10800.0,10800.0,1547.3408881878286,10800.0,0.0008296000014524,2.273736754432321e-13,0,1.5,1.5
2025-11-08,mpc,error_scaled_frozen_contract_and_soc,27589.337675673018,23087.36619097064,4501.971484702381,40927.10582241693,33867.98656289312,7059.119259523808,2091.0191038889293,954.8720523809524,39,14,5086.526355432078,9131.57742344687,19611.440237787712,15927.36925734497,10800.0,10753.21926140342,1465.2901021528885,10800.0,1.204006500003743,2.273736754432321e-13,0,1.5,1.5
2025-11-09,greedy,error_scaled_frozen_contract_and_soc,52585.64029325325,51157.004457432406,1428.635835820843,80803.58510356687,73798.72309642403,7004.862007142856,2113.0129793736905,231.77647246428367,4,2,4037.6777762051743,546.7727047619051,21878.721477780928,17721.764397002553,10800.0,10800.0,1200.0,10800.0,0.0004049000126542,2.273736754432321e-13,0,1.5,1.4999999999999998
2025-11-09,mpc,error_scaled_frozen_contract_and_soc,64098.4376750941,51157.004457432406,12941.4332176617,80803.58510356687,73798.72309642403,7004.862007142856,2113.0129793736905,2531.990147874526,39,14,6723.966675744633,702.6218833333332,19434.53049252718,15819.497814449453,10800.0,10713.857649441745,1211.8397962962968,10800.0,1.2701416999916546,2.273736754432321e-13,0,1.5,1.4999999999999998
2025-11-10,greedy,error_scaled_frozen_contract_and_soc,54609.43788897681,51275.0592642404,3334.3786247364137,81209.23184548825,74142.63040501205,7066.601440476191,2064.075010091587,503.8767381428584,3,3,1413.1778239564974,0.0,23163.63932410194,18762.547852522574,10800.0,10800.0,1200.0,10800.0,0.0007917000039014,2.273736754432321e-13,0,1.5,1.4999999999999998
2025-11-10,mpc,error_scaled_frozen_contract_and_soc,74558.16558717148,51275.0592642404,23283.10632293108,81209.23184548825,74142.63040501205,7066.601440476191,2064.075010091587,4307.0030226285735,57,16,6063.45756073776,41.57171071428577,18587.02318255877,15074.65687398924,10800.0,10778.70211542596,1226.171277777778,10800.0,1.3943074999988312,2.273736754432321e-13,0,1.5,1.4999999999999998
2025-11-11,greedy,error_scaled_frozen_contract_and_soc,51647.47538256731,51647.47538256731,0.0,81396.35070349099,74287.4566582529,7108.894045238096,2045.2043706457137,0.0,0,0,4725.954184502152,110.39032499999962,21955.04652851264,17783.587688095235,10800.0,10800.0,1779.1350846560815,10800.0,0.0006190999993123,2.273736754432321e-13,0,1.5,1.4999999999999998
2025-11-11,mpc,error_scaled_frozen_contract_and_soc,63410.02638878676,51647.47538256731,11762.551006219444,81396.35070349099,74287.4566582529,7108.894045238096,2045.2043706457137,2385.1174716848823,42,14,7203.338151889713,569.8837523809525,19427.001025410795,15807.30210807702,10800.0,10720.631913895251,1225.4266167225755,10800.0,1.287647700009984,2.273736754432321e-13,0,1.5,1.4999999999999998
2025-11-12,greedy,error_scaled_frozen_contract_and_soc,52098.49407831494,52070.02784968399,28.46622863095249,82249.26798134524,75158.09974086905,7091.168240476191,2035.7392990665076,6.499880952380977,1,1,6630.673738374477,435.4869749999997,21755.93100936994,17622.30411758965,10800.0,10800.0,1285.932649642859,10800.0,0.0002459999959683,2.273736754432321e-13,0,1.5,1.5
2025-11-12,mpc,error_scaled_frozen_contract_and_soc,61409.10809235495,52070.02784968399,9339.080242670958,82249.26798134524,75158.09974086905,7091.168240476191,2035.7392990665076,1751.8862282523182,45,17,8585.00652436206,634.720194047619,19838.854975763308,16113.407741718282,10800.0,10751.183098500002,1200.0,10800.0,1.5079849000030665,2.273736754432321e-13,0,1.5,1.5
2025-11-13,greedy,error_scaled_frozen_contract_and_soc,53011.02779976172,52318.09491027221,692.9328894895106,82418.05762104808,75329.81398771475,7088.243633333333,2042.6240492047616,99.33097613095048,1,1,5291.223803586133,86.69898095238091,21126.95863169202,17112.836491670547,10800.0,10800.0,1200.0,10800.0,0.0003292000037617,2.273736754432321e-13,0,1.5,1.5000000000000002
2025-11-13,mpc,error_scaled_frozen_contract_and_soc,68333.36617210801,52318.09491027221,16015.271261835822,82418.05762104808,75329.81398771475,7088.243633333333,2042.6240492047616,2932.239291247617,44,14,8018.692259688475,636.2343595238092,18882.960698208728,15312.934077744358,10800.0,10780.293430894128,1200.0,10800.0,1.4335645000101067,2.273736754432321e-13,0,1.5,1.5000000000000002
2025-11-14,greedy,error_scaled_frozen_contract_and_soc,23818.639911710365,23818.639911710365,0.0,41973.101137965554,34927.87313320364,7045.228004761906,2056.3166119264674,0.0,0,0,3893.9468398148224,5694.047185436606,19863.41724736761,16089.367970367775,10800.0,10800.0,1740.1776415343943,10800.0,0.0008805999968899,1.7053025658242404e-13,0,1.5,1.4999999999999998
2025-11-14,mpc,error_scaled_frozen_contract_and_soc,33043.15718004697,23818.639911710365,9224.5172683366,41973.101137965554,34927.87313320364,7045.228004761906,2056.3166119264674,1763.1331068796808,39,16,4390.360824860371,7291.107929761905,18285.806676330103,14842.09902182143,10800.0,10766.00487333995,1200.0,10800.0,0.9056314000044948,1.1368683772161605e-13,0,1.5,1.4999999999999998
2025-11-15,greedy,error_scaled_frozen_contract_and_soc,23465.77867412245,23465.77867412245,0.0,41475.64590094351,34574.90144856255,6900.744452380952,2023.0739682424205,0.0,0,0,3417.479229367971,4758.881216666668,21152.262726337445,17133.332808333333,10800.0,10800.0,1335.255364193125,10800.0,0.0003672999882837,2.273736754432321e-13,0,1.5,1.5
2025-11-15,mpc,error_scaled_frozen_contract_and_soc,32149.509427644,23465.77867412245,8683.730753521544,41475.64590094351,34574.90144856255,6900.744452380952,2023.0739682424205,1881.9933876508196,45,11,3665.567174871997,6844.517024054513,19003.13661392176,15435.937061158704,10800.0,10751.78177346436,1200.0,10800.0,0.8713929999939865,1.1368683772161605e-13,0,1.5,1.5
2025-11-16,greedy,error_scaled_frozen_contract_and_soc,53194.70842292815,53194.70842292815,0.0,83756.42577872,76950.79882633906,6805.626952380952,1897.498600425199,0.0,0,0,3947.33866859201,0.0,23163.39416984661,18762.34927757576,10800.0,10800.0,1489.176629629633,10800.0,0.0003294999914942,1.1368683772161605e-13,0,1.5,1.5
2025-11-16,mpc,error_scaled_frozen_contract_and_soc,65052.5216427792,53194.70842292815,11857.81321985104,83756.42577872,76950.79882633906,6805.626952380952,1897.498600425199,2465.0930505689207,49,19,7022.889063320824,22.51866354121762,20345.510149076585,16577.441264506844,10800.0,10691.579951383546,1218.0879345238122,10800.0,1.164034500005073,2.273736754432321e-13,0,1.5,1.5
2025-11-17,greedy,error_scaled_frozen_contract_and_soc,53923.77126910141,53923.77126910141,0.0,84666.64070325336,77829.24399611051,6837.396707142857,1901.542281973532,0.0,0,0,8009.800447089947,281.7985916666671,21223.585953491693,17191.104622328276,10800.0,10800.0,1632.4788928571422,10800.0,0.0005409000004874,2.273736754432321e-13,0,1.5,1.5000000000000002
2025-11-17,mpc,error_scaled_frozen_contract_and_soc,60128.29584364784,53923.77126910141,6204.524574546431,84666.64070325336,77829.24399611051,6837.396707142857,1901.542281973532,1378.0722535714292,34,14,9679.303086928738,274.04294464285624,20170.69640293861,16421.88981101875,10800.0,10707.082528179484,1293.1720648148143,10800.0,1.1953727000072831,2.273736754432321e-13,0,1.5,1.5000000000000002
2025-11-18,greedy,error_scaled_frozen_contract_and_soc,53473.26678517408,53473.26678517408,0.0,84106.99638178817,77369.96907702627,6737.027304761904,1927.7677858507536,0.0,0,0,4126.075600382126,0.0,21653.51688208695,17539.348674490433,10800.0,10800.0,1443.3571547619065,10800.0,0.0011360999924363,2.273736754432321e-13,0,1.5,1.5000000000000002
2025-11-18,mpc,error_scaled_frozen_contract_and_soc,65215.56386433425,53473.26678517408,11742.29707916018,84106.99638178817,77369.96907702627,6737.027304761904,1927.7677858507536,2277.620176200005,34,16,6827.203935779786,140.20394999999968,19300.290833594056,15749.834735195189,10800.0,10670.445377795548,1259.8577870370368,10800.0,1.100768499993137,1.1368683772161605e-13,0,1.5,1.5000000000000002
2025-11-19,greedy,error_scaled_frozen_contract_and_soc,53447.68036467433,53406.07897842432,41.6013862500007,84018.61857214294,77319.0790792858,6699.539492857143,1886.736526297102,9.14416666666682,1,1,2968.282333700765,0.0,23452.2076459363,18996.28819320841,10800.0,10800.0,1311.4114338624308,10800.0,0.0005531999922823,2.273736754432321e-13,0,1.5,1.5
2025-11-19,mpc,error_scaled_frozen_contract_and_soc,67252.92611872971,53406.07897842432,13846.847140305392,84018.61857214294,77319.0790792858,6699.539492857143,1886.736526297102,2909.8262824514563,51,15,6544.768725879203,22.90487559523816,20148.46650137691,16391.256200637905,10800.0,10721.11296164155,1242.0247361111108,10800.0,1.1175737000012305,2.273736754432321e-13,0,1.5,1.5
2025-11-20,greedy,error_scaled_frozen_contract_and_soc,54012.00753576149,54012.00753576149,0.0,84822.03550220793,78208.28658077934,6613.748921428571,1894.158618412539,0.0,0,0,5321.204040490889,35.710780952380674,21930.403557909194,17763.626881906453,10800.0,10800.0,1599.702604087307,10800.0,0.0003667999990284,2.273736754432321e-13,0,1.5,1.5000000000000002
2025-11-20,mpc,error_scaled_frozen_contract_and_soc,63972.18977066706,54012.00753576149,9960.182234905596,84822.03550220793,78208.28658077934,6613.748921428571,1894.158618412539,2047.2871759083343,40,16,7534.479589580233,441.74323333333206,19755.92922548652,16161.173375045735,10800.0,10623.476997331492,1279.175990740741,10800.0,1.0915700000041395,2.273736754432321e-13,0,1.5,1.5000000000000002
2025-11-21,greedy,error_scaled_frozen_contract_and_soc,23468.256585370724,23468.256585370724,0.0,41461.60402760829,34979.49093713211,6482.11309047619,1953.2579415734915,0.0,0,0,3269.3645887272182,4988.28295060402,20758.068290430663,16814.03531524884,10800.0,10800.0,1243.4714834007634,10800.0,0.0005105000018374,1.1368683772161605e-13,0,1.5,1.5
2025-11-21,mpc,error_scaled_frozen_contract_and_soc,29538.82912442417,23468.256585370724,6070.572539053449,41461.60402760829,34979.49093713211,6482.11309047619,1953.2579415734915,1557.1997187119089,38,13,3614.1993415616544,6648.425567857143,19172.78170486692,15676.526381060745,10800.0,10637.14088875718,1327.3439947089955,10800.0,1.1514166999986628,1.1368683772161605e-13,0,1.5,1.5
2025-11-22,greedy,error_scaled_frozen_contract_and_soc,23504.761917027696,23504.761917027696,0.0,41820.89594264847,35443.76516169608,6377.13078095238,1889.5195229401984,0.0,0,0,2639.6787216343337,4378.621749845254,20767.400167806125,16821.594135922962,10800.0,10800.0,1632.9951114814844,10800.0,0.0005443999980343,1.1368683772161605e-13,0,1.5,1.5
2025-11-22,mpc,error_scaled_frozen_contract_and_soc,28362.422864577704,23504.761917027696,4857.66094755001,41820.89594264847,35443.76516169608,6377.13078095238,1889.5195229401984,1143.666670164288,44,16,3575.184764075438,4822.508390399329,19701.148041358567,15991.068022306295,10800.0,10763.179879104591,1252.878897486772,10800.0,1.2185745000024326,1.1368683772161605e-13,0,1.5,1.5
2025-11-23,greedy,error_scaled_frozen_contract_and_soc,54674.36265984656,54674.36265984656,0.0,85854.437321581,79537.28439539052,6317.152926190475,1933.7073629309125,0.0,0,0,5684.668714039266,515.1204653145174,22966.346694679603,18602.74082269048,10800.0,10800.0,1407.7156219973522,10800.0,0.0005748000112362,2.273736754432321e-13,0,1.5,1.5
2025-11-23,mpc,error_scaled_frozen_contract_and_soc,65641.99096372693,54674.36265984656,10967.628303880369,85854.437321581,79537.28439539052,6317.152926190475,1933.7073629309125,2345.2055535714303,40,16,8428.790333185596,541.684937910712,20772.258254862623,16834.132921044587,10800.0,10790.440294882375,1402.463814792961,10800.0,1.121882999999798,2.273736754432321e-13,0,1.5,1.5
2025-11-24,greedy,error_scaled_frozen_contract_and_soc,54120.05951327492,53897.20059542732,222.85891784760693,84962.1516500487,78643.70240957252,6318.449240476191,1926.0664553174188,47.78008690475931,3,2,6339.231361111104,476.31673095238057,21510.331842904656,17448.81781825277,10800.0,10771.723305,1200.0,10800.0,0.0004251999926054,2.273736754432321e-13,0,1.5,1.5
2025-11-24,mpc,error_scaled_frozen_contract_and_soc,62387.30178900281,53897.20059542732,8490.101193575494,84962.1516500487,78643.70240957252,6318.449240476191,1926.0664553174188,1718.5809397114826,39,15,8185.556430123406,733.8171318425515,20154.109233716463,16525.619826160335,10800.0,10576.898503500004,1280.1265529100533,10800.0,1.2238861999940127,2.273736754432321e-13,0,1.5,1.5
2025-11-25,greedy,error_scaled_frozen_contract_and_soc,54390.67065916518,54390.67065916518,0.0,85613.50520096297,79317.41803905819,6296.087161904761,1939.2092011848808,0.0,0,0,4434.779025639632,97.04105595238092,22368.574450323336,18118.5453047619,10800.0,10800.0,1414.3288328042331,10800.0,0.0004128000000491,2.273736754432321e-13,0,1.5,1.4999999999999998
2025-11-25,mpc,error_scaled_frozen_contract_and_soc,62595.23411688189,54390.67065916518,8204.563457716695,85613.50520096297,79317.41803905819,6296.087161904761,1939.2092011848808,1753.3845726927111,48,19,6550.604371744385,126.12699285714312,20756.59336731382,16898.09093206919,10800.0,10705.277439394447,1212.7737129629654,10800.0,1.4834376999933738,2.273736754432321e-13,0,1.5,1.4999999999999998
2025-11-26,greedy,error_scaled_frozen_contract_and_soc,55005.19142107012,54828.563714136784,176.62770693333357,86199.91481484554,79869.59393389316,6330.320880952381,1934.6051643617457,37.708733333333385,1,1,4527.781384758969,0.0,22585.330365117334,18294.11759574504,10800.0,10800.0,1609.7830780423296,10800.0,0.0006143000064184,2.273736754432321e-13,0,1.5,1.4999999999999998
2025-11-26,mpc,error_scaled_frozen_contract_and_soc,65154.57570911128,54828.563714136784,10326.0119949745,86199.91481484554,79869.59393389316,6330.320880952381,1934.6051643617457,2078.8052807834283,40,15,7015.200300446548,30.777087500000025,20278.619841096417,16464.506527461614,10800.0,10756.861715362767,1274.7511739418003,10800.0,1.1585695999965535,2.273736754432321e-13,0,1.5,1.4999999999999998
2025-11-27,greedy,error_scaled_frozen_contract_and_soc,54911.70616906764,54911.70616906764,0.0,86148.90501916924,79835.1138405978,6313.791178571429,1916.3027877082536,0.0,0,0,5702.194604085838,406.6205678571424,21339.328788659557,17284.856318814243,10800.0,10800.0,1387.927298650793,10800.0,0.0003601999924285,2.273736754432321e-13,0,1.5,1.4999999999999998
2025-11-27,mpc,error_scaled_frozen_contract_and_soc,63120.838193016,54911.70616906764,8209.132023948354,86148.90501916924,79835.1138405978,6313.791178571429,1916.3027877082536,1627.971019443573,34,15,7755.22380871511,181.1452083333343,20380.631244744567,16525.741600561145,10800.0,10780.63300853551,1235.3091931216932,10800.0,1.5434991999936756,1.1368683772161605e-13,0,1.5,1.4999999999999998
2025-11-28,greedy,error_scaled_frozen_contract_and_soc,23680.38315312384,23680.38315312384,0.0,42196.29620267449,35867.109236007826,6329.186966666666,1882.2410944798407,0.0,0,0,3146.0775278462315,3528.991532142857,21149.03981739186,17130.72225208741,10800.0,10800.0,1377.5553478835982,10800.0,0.0008138999983202,2.273736754432321e-13,0,1.5,1.5000000000000002
2025-11-28,mpc,error_scaled_frozen_contract_and_soc,31859.328038244712,23680.38315312384,8178.944885120878,42196.29620267449,35867.109236007826,6329.186966666666,1882.2410944798407,1622.867665819373,39,14,4233.254848948775,4458.6923975486525,19379.65622850257,15755.349183887083,10800.0,10735.747068000004,1200.0,10800.0,1.1301318999903742,2.273736754432321e-13,0,1.5,1.5000000000000002
2025-11-29,greedy,error_scaled_frozen_contract_and_soc,23954.974562013544,23954.974562013544,0.0,42622.50972703158,36408.54185322206,6213.967873809524,1815.202339933849,0.0,0,0,1691.412593660384,0.0,20110.648408720568,16289.625211063656,10800.0,10800.0,1679.3076435271528,10800.0,0.0002505000011296,1.1368683772161605e-13,0,1.5,1.4999999999999998
2025-11-29,mpc,error_scaled_frozen_contract_and_soc,46026.53188686499,23954.974562013544,22071.55732485145,42622.50972703158,36408.54185322206,6213.967873809524,1815.202339933849,3921.945436645561,40,14,3543.1617920919616,3116.905860103662,15480.921257328186,12706.607681560952,10800.0,10614.3761520832,1200.0,10800.0,1.51017779999529,1.1368683772161605e-13,0,1.5,1.4999999999999998
2025-11-30,greedy,error_scaled_frozen_contract_and_soc,60366.48010307636,55698.0218602939,4668.458242782469,87375.76941048099,80982.65124857624,6393.118161904762,1874.0057551401983,669.2170646190466,1,1,1409.387063683128,0.0,23859.85851247002,19326.48539510072,10800.0,10800.0,1200.0,10800.0,0.0007700999994995,1.1368683772161605e-13,0,1.5,1.5
2025-11-30,mpc,error_scaled_frozen_contract_and_soc,76029.03230444559,55698.0218602939,20331.01044415169,87375.76941048099,80982.65124857624,6393.118161904762,1874.0057551401983,4034.4514364261895,55,14,5589.936384736005,8.009408333333338,19738.234283083813,16028.185523293578,10800.0,10755.31582889368,1200.2292685185212,10800.0,1.187889399996493,2.273736754432321e-13,0,1.5,1.5
2025-12-01,greedy,error_scaled_frozen_contract_and_soc,98502.09024844112,56233.99569057187,42268.09455786925,88220.65746476961,81876.96102905532,6343.696435714286,1882.467151936111,7836.996608345232,21,4,832.6865915343923,0.0,23578.888568468632,19098.8997404596,10800.0,10800.0,1200.0,10800.0,0.0003667999990284,2.273736754432321e-13,0,1.5,1.4999999999999998
2025-12-01,mpc,error_scaled_frozen_contract_and_soc,101690.58926819995,56233.99569057187,45456.59357762809,88220.65746476961,81876.96102905532,6343.696435714286,1882.467151936111,10732.461480938093,90,14,4492.632666467821,15.44530000000001,20011.371643535207,16311.30931786674,10800.0,10686.55745932976,1223.9164768518522,10800.0,1.3200423999951454,2.273736754432321e-13,0,1.5,1.4999999999999998
2025-12-02,greedy,error_scaled_frozen_contract_and_soc,109554.29137082028,56667.03141579642,52887.25995502386,88920.85032096932,82297.12137335027,6623.728947619049,2184.01991595869,9690.862552297624,25,5,271.8099297619059,0.0,22549.106964562823,18264.77664129588,10800.0,10800.0,1200.0,10800.0,0.0003027000057045,2.273736754432321e-13,0,1.5,1.5
2025-12-02,mpc,error_scaled_frozen_contract_and_soc,110706.67124496076,56667.03141579642,54039.63982916436,88920.85032096932,82297.12137335027,6623.728947619049,2184.01991595869,12094.44628482068,98,9,3249.023093989657,26.36257083333339,19681.323043192217,15996.984722463303,10800.0,10738.763269469322,1250.1990958994718,10800.0,1.289531000002171,2.273736754432321e-13,0,1.5,1.5
2025-12-03,greedy,error_scaled_frozen_contract_and_soc,90284.45526056676,57655.64496300536,32628.8102975614,90144.9749482067,83123.41321487338,7021.561733333334,2508.914765665674,5933.797656607144,21,5,294.13657261904746,0.0,23283.706054721988,19000.67701657481,10800.0,10643.4720975,1200.0,10800.0,0.0003186999965691,1.1368683772161605e-13,0,1.5,1.4999999999999998
2025-12-03,mpc,error_scaled_frozen_contract_and_soc,94878.92021795548,57655.64496300536,37223.27525495012,90144.9749482067,83123.41321487338,7021.561733333334,2508.914765665674,8805.409594021428,95,12,3815.2980080858792,8.536249999999995,19820.09786925516,16195.154579160528,10800.0,10643.47188326239,1200.0,10800.0,1.0780363000085345,2.273736754432321e-13,0,1.5,1.4999999999999998
2025-12-04,greedy,error_scaled_frozen_contract_and_soc,87935.53834385097,58027.93627935938,29907.602064491588,90537.5371155328,83139.46003219945,7398.077083333334,2548.5113268615078,5902.538035432984,22,3,799.392051352151,0.0,24716.98971275336,19986.99518933022,10754.182551111113,10791.70086,1200.0,10800.0,0.0005586999905062,2.273736754432321e-13,0,1.5,1.5
2025-12-04,mpc,error_scaled_frozen_contract_and_soc,95928.58692701864,58027.93627935938,37900.65064765925,90537.5371155328,83139.46003219945,7398.077083333334,2548.5113268615078,8996.5999581851,88,11,4796.143271596638,2.084675000000061,20776.158592508877,16950.938041578105,10754.182551111113,10618.349682615646,1200.0,10754.182551111113,0.939364799996838,2.273736754432321e-13,0,1.5,1.5
2025-12-05,greedy,error_scaled_frozen_contract_and_soc,42632.79216924655,25951.930932245697,16680.861237000852,45567.71520339204,37767.93672243967,7799.778480952381,2633.092531379444,3247.1623106555726,15,2,271.7990958847728,0.0,20084.813201734272,16538.88289190476,10800.0,10499.795335,1200.0,10800.0,0.0002979999990202,1.1368683772161605e-13,0,1.5,1.5
2025-12-05,mpc,error_scaled_frozen_contract_and_soc,56389.03828564736,25951.930932245697,30437.10735340167,45567.71520339204,37767.93672243967,7799.778480952381,2633.092531379444,7010.988889438095,70,10,2190.223818189465,2743.387275745623,15659.704577493483,13011.759686931762,10800.0,10436.223356486624,1200.0,10800.0,0.885639899992384,1.1368683772161605e-13,0,1.5,1.5
2025-12-06,greedy,error_scaled_frozen_contract_and_soc,58644.18470429831,26273.32777695887,32370.85692733945,46409.33361770544,38146.53800818163,8262.795609523808,2552.953859644524,5502.046903461216,25,4,240.7785249999996,0.0,18002.99627142857,14631.790688357143,10800.0,10745.151435,1200.0,10800.0,0.0002996000112034,2.273736754432321e-13,0,1.5,1.5
2025-12-06,mpc,error_scaled_frozen_contract_and_soc,53729.47964341569,26273.32777695887,27456.15186645682,46409.33361770544,38146.53800818163,8262.795609523808,2552.953859644524,6798.310077841519,84,11,1532.7011144837377,285.6863357142863,16540.395624801975,13450.535792548271,10800.0,10741.316292823698,1200.0,10800.0,1.3230720999999903,2.273736754432321e-13,0,1.5,1.5
2025-12-07,greedy,error_scaled_frozen_contract_and_soc,74364.50356780835,60394.22383365179,13970.279734156562,93885.33562833969,85180.92427595872,8704.411352380952,2551.280656078968,2699.2898775119047,15,4,568.3085452380923,0.0,25014.20333242691,20251.5726277658,10788.964365,10800.0,1200.0,10800.0,0.000285400004941,2.273736754432321e-13,0,1.5,1.5000000000000002
2025-12-07,mpc,error_scaled_frozen_contract_and_soc,87688.02985669604,60394.22383365179,27293.80602304426,93885.33562833969,85180.92427595872,8704.411352380952,2551.280656078968,6296.064238047767,89,16,5124.864816203737,19.54291666666669,20526.135841223168,16742.829963658503,10788.964365,10659.34221803585,1254.2055873015906,10788.964365,1.1353140999999596,2.273736754432321e-13,0,1.5,1.5000000000000002
2025-12-08,greedy,error_scaled_frozen_contract_and_soc,65618.92103728512,65618.92103728512,0.0,101552.03995169431,92512.67531598004,9039.364635714286,2453.238970230277,0.0,0,0,9549.912645972956,0.0,21699.31298750604,17576.443519879896,10800.0,10800.0,1384.530871693124,10800.0,0.0005426999996416,2.273736754432321e-13,0,1.5,1.4999999999999998
2025-12-08,mpc,error_scaled_frozen_contract_and_soc,72171.6470326087,65618.92103728512,6552.725995323597,101552.03995169431,92512.67531598004,9039.364635714286,2453.238970230277,1218.4098243387289,25,9,10816.216584592345,73.401338690476,21342.43288579141,17340.858871136403,10800.0,10740.568629282936,1266.1069120370362,10800.0,1.2369092000008095,2.273736754432321e-13,0,1.5,1.4999999999999998
2025-12-09,greedy,error_scaled_frozen_contract_and_soc,66102.26414537955,66093.5009167486,8.76322863095323,102052.54773784944,93007.84726165896,9044.700476190475,2451.423318924603,1.5086904761906226,1,1,10794.945061625513,0.0,22611.19853401068,18315.07081254865,10800.0,10800.0,1436.570126455027,10800.0,0.0007818000012775,2.273736754432321e-13,0,1.5,1.5
2025-12-09,mpc,error_scaled_frozen_contract_and_soc,72869.75660042686,66093.5009167486,6776.255683678272,102052.54773784944,93007.84726165896,9044.700476190475,2451.423318924603,1304.1566877332705,29,15,12155.668167072425,115.80430297619024,21825.076757135197,17702.828446839187,10800.0,10772.759696044805,1259.910004629629,10800.0,1.2599544999975478,2.273736754432321e-13,0,1.5,1.5
2025-12-10,greedy,error_scaled_frozen_contract_and_soc,65181.70475544554,65181.70475544554,0.0,101157.41560498324,92158.29658593563,8999.11901904762,2463.23763098984,0.0,0,0,8063.920092695474,0.0,22126.863723820465,17922.759616294577,10800.0,10800.0,1554.7040992063503,10800.0,0.0008352999866474,2.273736754432321e-13,0,1.5,1.5
2025-12-10,mpc,error_scaled_frozen_contract_and_soc,73693.16235364258,65181.70475544554,8511.457598197028,101157.41560498324,92158.29658593563,8999.11901904762,2463.23763098984,1539.7100063963728,28,13,9800.15480149482,37.15453988095221,21291.068481687787,17320.643616445825,10800.0,10716.802059690315,1295.3416990740766,10800.0,1.2665477999980794,2.273736754432321e-13,0,1.5,1.5
2025-12-11,greedy,error_scaled_frozen_contract_and_soc,66052.63903305982,66052.63903305982,0.0,101951.4263569448,93080.86779265906,8870.558564285715,2505.3478312481348,0.0,0,0,13195.382478365667,0.0,20883.10111532878,16915.311903416317,10800.0,10800.0,1713.9597050264567,10800.0,0.0008290000114357,1.1368683772161605e-13,0,1.5,1.5
2025-12-11,mpc,error_scaled_frozen_contract_and_soc,68359.252248564,66052.63903305982,2306.6132155041714,101951.4263569448,93080.86779265906,8870.558564285715,2505.3478312481348,406.8486654761914,18,10,13296.501146907238,197.34916353536508,21919.24378503756,17843.073739725838,10800.0,10701.681917949536,1526.9568785821327,10800.0,1.4303713000117568,2.273736754432321e-13,0,1.5,1.5
2025-12-12,greedy,error_scaled_frozen_contract_and_soc,30521.8843342114,30521.8843342114,0.0,54774.61454467815,45929.01872086863,8845.595823809525,2524.246709379365,0.0,0,0,5324.060051028811,1370.9548119047618,18317.193469081787,14836.926709956257,10800.0,10800.0,1661.4615119047637,10800.0,0.0008157000120263,2.273736754432321e-13,0,1.5,1.5
2025-12-12,mpc,error_scaled_frozen_contract_and_soc,36743.18641393597,30521.8843342114,6221.302079724568,54774.61454467815,45929.01872086863,8845.595823809525,2524.246709379365,1214.5283711586335,32,15,6543.908601744665,1705.304500595238,17281.397914794507,14140.801023916672,10800.0,10641.25698562987,1346.7525046296291,10800.0,1.1313038000080269,1.1368683772161605e-13,0,1.5,1.5
2025-12-13,greedy,error_scaled_frozen_contract_and_soc,31011.08850279064,31011.08850279064,0.0,55826.25733460253,46868.25385126918,8958.003483333334,2490.7981961979367,0.0,0,0,7241.577441534389,816.8884547619047,18579.062024919986,15049.040240185188,10800.0,10800.0,1876.3231177248667,10800.0,0.0002308999974047,1.1368683772161605e-13,0,1.5,1.5
2025-12-13,mpc,error_scaled_frozen_contract_and_soc,39379.73994519765,31011.08850279064,8368.651442407012,55826.25733460253,46868.25385126918,8958.003483333334,2490.7981961979367,1565.5885739676353,30,13,7846.919921811997,2053.363001190477,17187.01656607095,13933.223234074696,10800.0,10786.95576049197,1200.0,10800.0,1.3319533999892883,2.273736754432321e-13,0,1.5,1.5
2025-12-14,greedy,error_scaled_frozen_contract_and_soc,66192.6211090874,66192.6211090874,0.0,102323.11247935383,93405.10787697288,8918.004602380954,2479.623642392539,0.0,0,0,9125.27210361552,0.0,22856.425523936035,18513.704674388187,10800.0,10800.0,1612.3338544973572,10800.0,0.0002818000066326,2.273736754432321e-13,0,1.5,1.5
2025-12-14,mpc,error_scaled_frozen_contract_and_soc,72545.7301570987,66192.6211090874,6353.109048011309,102323.11247935383,93405.10787697288,8918.004602380954,2479.623642392539,1224.3792857142855,26,11,10480.91688521457,25.042358333333365,22082.44042805127,17896.027432721523,10800.0,10789.721460000012,1270.381712962964,10800.0,1.0315179000026546,2.273736754432321e-13,0,1.5,1.5
2025-12-15,greedy,error_scaled_frozen_contract_and_soc,65765.4827074071,65765.4827074071,0.0,101865.19624467072,92955.86804705166,8909.328197619048,2471.195945233294,0.0,0,0,7356.339676322751,0.0,23201.471362232405,18793.19180340825,10800.0,10800.0,1505.8171071428585,10800.0,0.0006634000019403,2.273736754432321e-13,0,1.5,1.5
2025-12-15,mpc,error_scaled_frozen_contract_and_soc,72280.8776636708,65765.4827074071,6515.394956263698,101865.19624467072,92955.86804705166,8909.328197619048,2471.195945233294,1294.093108333335,30,14,8908.468829540685,47.50028392857135,21966.983262585894,17864.240032574915,10800.0,10721.12934457741,1223.0878250242029,10800.0,1.048815700007253,2.273736754432321e-13,0,1.5,1.5
2025-12-16,greedy,error_scaled_frozen_contract_and_soc,66369.11325246419,66369.11325246419,0.0,102402.32652113948,93514.33055209188,8887.995969047619,2502.177168298333,0.0,0,0,8328.861510714287,0.0,22713.908519781784,18398.26590102325,10800.0,10800.0,1678.4045978835986,10800.0,0.000377499993192,2.273736754432321e-13,0,1.5,1.5
2025-12-16,mpc,error_scaled_frozen_contract_and_soc,71245.42349120587,66369.11325246419,4876.310238741673,102402.32652113948,93514.33055209188,8887.995969047619,2502.177168298333,964.4829261904777,23,10,9385.884653187986,106.44790518991196,22169.588152475317,18052.93365518991,10800.0,10693.814164794549,1314.8222756124635,10800.0,1.0020327999955043,2.273736754432321e-13,0,1.5,1.5
2025-12-17,greedy,error_scaled_frozen_contract_and_soc,65899.23071118831,65899.23071118831,0.0,102218.69310806824,93460.16420330633,8758.528904761904,2530.4662895447227,0.0,0,0,10117.906335802469,0.0,21961.8758377396,17789.11942856908,10800.0,10800.0,1519.4549272486784,10800.0,0.0008977999968919,2.273736754432321e-13,0,1.5,1.5
2025-12-17,mpc,error_scaled_frozen_contract_and_soc,70064.32958080497,65899.23071118831,4165.098869616662,102218.69310806824,93460.16420330633,8758.528904761904,2530.4662895447227,767.4797273809522,26,15,10845.681947372012,80.6997970238095,21964.201947598627,17832.441219640503,10800.0,10753.958175460424,1494.1645897345647,10800.0,1.2830728999979328,2.273736754432321e-13,0,1.5,1.5
2025-12-18,greedy,error_scaled_frozen_contract_and_soc,65724.3990648264,65724.3990648264,0.0,101599.14062324312,92815.86323514787,8783.277388095237,2524.456642858096,0.0,0,0,10154.519570311577,0.0,23364.335103148464,18925.11143355025,10800.0,10800.0,1584.0423624338598,10800.0,0.0005655999993905,2.273736754432321e-13,0,1.5,1.5000000000000002
2025-12-18,mpc,error_scaled_frozen_contract_and_soc,71709.2563900151,65724.3990648264,5984.857325188702,101599.14062324312,92815.86323514787,8783.277388095237,2524.456642858096,1341.730773809526,34,16,11817.350022447574,20.458854166666693,21956.810937917227,17859.145800812155,10800.0,10717.634509889773,1362.8760766592775,10800.0,1.3049777999985963,2.273736754432321e-13,0,1.5,1.5000000000000002
2025-12-19,greedy,error_scaled_frozen_contract_and_soc,30925.72991240377,30925.72991240377,0.0,55802.37997057437,47096.94656343151,8705.433407142857,2543.259752018333,0.0,0,0,7140.836172462089,2230.8583776260966,19009.100189275727,15397.371153313345,10800.0,10800.0,1522.128263227513,10800.0,0.0004485999961616,1.7053025658242404e-13,0,1.5,1.4999999999999998
2025-12-19,mpc,error_scaled_frozen_contract_and_soc,39286.50151242105,30925.72991240377,8360.771600017271,55802.37997057437,47096.94656343151,8705.433407142857,2543.259752018333,1585.2428607142874,35,11,7824.85279987463,3551.3147372424987,17383.638868318212,14191.139958670485,10800.0,10677.34169407474,1281.30828198345,10800.0,1.2537039000017105,1.1368683772161605e-13,0,1.5,1.4999999999999998
2025-12-20,greedy,error_scaled_frozen_contract_and_soc,30919.079270504488,30919.079270504488,0.0,55861.45047389404,47208.04504532261,8653.40542857143,2564.025952879364,0.0,0,0,7023.261243562614,2541.1666817901205,18908.75168405201,15316.088864082129,10800.0,10800.0,1671.0200515873032,10800.0,0.0003204999957233,2.273736754432321e-13,0,1.5,1.4999999999999998
2025-12-20,mpc,error_scaled_frozen_contract_and_soc,36902.41963628901,30919.079270504488,5983.340365784522,55861.45047389404,47208.04504532261,8653.40542857143,2564.025952879364,1114.3582619047615,28,7,7916.962418410361,3052.039798029116,18014.6503762986,14712.203585510702,10800.0,10666.292465879076,1368.5519604656113,10800.0,1.223425900010625,2.273736754432321e-13,0,1.5,1.4999999999999998
2025-12-21,greedy,error_scaled_frozen_contract_and_soc,66196.98089375178,66167.82516257618,29.15573117559623,102127.98745849544,93499.20001801924,8628.787440476191,2564.5494414402374,5.019494047619219,1,1,8723.702604291597,0.0,22205.134257714453,17986.15874874871,10800.0,10800.0,1448.0397791005305,10800.0,0.0005412000027718,2.273736754432321e-13,0,1.5,1.5
2025-12-21,mpc,error_scaled_frozen_contract_and_soc,70381.38314212143,66167.82516257618,4213.557979545243,102127.98745849544,93499.20001801924,8628.787440476191,2564.5494414402374,872.1500226190487,22,15,9501.973791737126,89.65292321428565,22273.02997264988,18054.84804577252,10800.0,10784.784702304312,1303.7879166518137,10800.0,1.184737799994764,2.273736754432321e-13,0,1.5,1.5
2025-12-22,greedy,error_scaled_frozen_contract_and_soc,65960.72495576263,65883.62631539132,77.09864037132809,101987.691350217,93321.3616264075,8666.329723809526,2561.2685493907134,16.454730630952533,1,1,8507.02502370664,0.0,23039.933790718813,18662.34637048224,10800.0,10800.0,1200.0,10800.0,0.0007958999922266,2.273736754432321e-13,0,1.5,1.5
2025-12-22,mpc,error_scaled_frozen_contract_and_soc,72128.48130788357,65883.62631539132,6244.854992492259,101987.691350217,93321.3616264075,8666.329723809526,2561.2685493907134,1260.6502654761898,37,15,9890.510260308634,54.778316666665845,22169.3661350692,17985.846733256047,10800.0,10768.155373500002,1236.525623718626,10800.0,1.3036738999944646,2.273736754432321e-13,0,1.5,1.5
2025-12-23,greedy,error_scaled_frozen_contract_and_soc,66135.4643179783,66135.4643179783,0.0,102215.35254619594,93547.1228533388,8668.229692857143,2562.475922783015,0.0,0,0,11628.730304982368,0.0,21523.28274197623,17433.859021000746,10800.0,10800.0,1576.3434021164044,10800.0,0.0006370000046445,2.273736754432321e-13,0,1.5,1.5
2025-12-23,mpc,error_scaled_frozen_contract_and_soc,67744.3603766289,66135.4643179783,1608.8960586505907,102215.35254619594,93547.1228533388,8668.229692857143,2562.475922783015,287.70148333333253,15,9,11823.782562007977,9.119129166666728,22235.85288614109,18062.899068024555,10800.0,10742.379744166368,1285.9825292554065,10800.0,1.376293400011491,2.273736754432321e-13,0,1.5,1.5
2025-12-24,greedy,error_scaled_frozen_contract_and_soc,65677.79716937782,65677.79716937782,0.0,101745.68083943128,93167.88980609793,8577.791033333333,2620.838103392937,0.0,0,0,9815.491448001176,0.0,22858.510763165912,18515.393718164392,10800.0,10800.0,1320.7908544973557,10800.0,0.0004161999968346,2.273736754432321e-13,0,1.5,1.5
2025-12-24,mpc,error_scaled_frozen_contract_and_soc,72392.41304222736,65677.79716937782,6714.615872849536,101745.68083943128,93167.88980609793,8577.791033333333,2620.838103392937,1181.0284185405249,30,12,11129.571301198624,67.24603273809505,22108.77466592085,17965.955088314342,10800.0,10735.724878979498,1220.1416712962969,10800.0,1.2561797000089427,2.273736754432321e-13,0,1.5,1.5
2025-12-25,greedy,error_scaled_frozen_contract_and_soc,65646.2906173867,65646.2906173867,0.0,101602.81153989212,93042.12663513022,8560.684904761905,2608.245206371508,0.0,0,0,9866.005052028211,0.0,21841.027204296297,17691.232035479996,10800.0,10800.0,1287.343274325398,10800.0,0.0008656999998493,2.273736754432321e-13,0,1.5,1.5
2025-12-25,mpc,error_scaled_frozen_contract_and_soc,69409.39503139205,65646.2906173867,3763.104414005357,101602.81153989212,93042.12663513022,8560.684904761905,2608.245206371508,766.0114226190474,24,13,10581.410675899391,55.949653337137455,22269.958913992738,18125.50759976571,10800.0,10703.5101339649,1213.629195849775,10800.0,1.2788450000080047,2.273736754432321e-13,0,1.5,1.5
2025-12-26,greedy,error_scaled_frozen_contract_and_soc,30683.0942880343,30683.0942880343,0.0,55200.06842176237,46692.97177890522,8507.096642857143,2646.4441722607144,0.0,0,0,7159.523673265731,1387.6238629335733,18323.88275609636,14842.345032438056,10800.0,10800.0,2224.5148611111163,10800.0,0.0006874000100651,1.1368683772161605e-13,0,1.5,1.4999999999999998
2025-12-26,mpc,error_scaled_frozen_contract_and_soc,36150.6797027401,30683.0942880343,5467.585414705812,55200.06842176237,46692.97177890522,8507.096642857143,2646.4441722607144,1111.520324710975,30,15,6656.248072392848,3148.519703571476,17636.874919902773,14301.437111298512,10800.0,10782.701748691925,1200.0,10800.0,1.3809373999974923,1.1368683772161605e-13,0,1.5,1.4999999999999998
2025-12-27,greedy,error_scaled_frozen_contract_and_soc,30584.19693266657,30584.19693266657,0.0,55277.98578964761,46821.49286345713,8456.492926190476,2688.2824582819444,0.0,0,0,6726.310526631396,1470.577531804824,18319.434725673997,14838.742127795937,10800.0,10800.0,1670.1765119047634,10800.0,0.000349100009771,1.1368683772161605e-13,0,1.5,1.4999999999999998
2025-12-27,mpc,error_scaled_frozen_contract_and_soc,36533.47932107578,30584.19693266657,5949.282388409205,55277.98578964761,46821.49286345713,8456.492926190476,2688.2824582819444,1166.4993909792738,28,13,7747.882215083162,1766.9987195097185,17645.032953684,14315.833840983329,10800.0,10774.047612778566,1291.2329794973584,10800.0,1.324633600001107,1.1368683772161605e-13,0,1.5,1.4999999999999998
2025-12-28,greedy,error_scaled_frozen_contract_and_soc,65893.72892845565,65893.72892845565,0.0,101821.2000958148,93393.70310295766,8427.496992857145,2689.9883571017854,0.0,0,0,11948.99573477366,0.0,20910.92811575537,16937.851773761853,10800.0,10800.0,1771.147994973545,10800.0,0.0009050999942701,2.273736754432321e-13,0,1.5,1.5000000000000002
2025-12-28,mpc,error_scaled_frozen_contract_and_soc,69650.52948189672,65893.72892845565,3756.8005534410754,101821.2000958148,93393.70310295766,8427.496992857145,2689.9883571017854,757.7725988095244,25,10,12000.420847011204,508.70358685708857,22106.551944041687,17935.83170233328,10800.0,10767.194858156105,1425.6874124869971,10800.0,1.3608346999972127,2.273736754432321e-13,0,1.5,1.5000000000000002
2025-12-29,greedy,error_scaled_frozen_contract_and_soc,65928.22967850791,65928.22967850791,0.0,101959.75211036696,93557.43140798603,8402.320702380952,2707.757340646944,0.0,0,0,11104.559150485004,0.0,20831.16592920339,16873.24440265475,10800.0,10800.0,1674.188103174606,10800.0,0.0008362999942619,2.273736754432321e-13,0,1.5,1.5000000000000002
2025-12-29,mpc,error_scaled_frozen_contract_and_soc,67583.60088156386,65928.22967850791,1655.3712030559536,101959.75211036696,93557.43140798603,8402.320702380952,2707.757340646944,349.4690404761907,13,9,11058.439941336905,197.7481077380948,22327.310013351496,18171.548344916653,10800.0,10703.96973988673,1213.2330231481478,10800.0,1.615042999997968,1.1368683772161605e-13,0,1.5,1.5000000000000002
2025-12-30,greedy,error_scaled_frozen_contract_and_soc,65162.17887319735,65162.17887319735,0.0,100954.39327681964,92724.2680292006,8230.125247619048,2644.8561130139287,0.0,0,0,11455.30734952968,0.0,21807.117211300632,17663.76494115351,10800.0,10800.0,1582.804665026456,10800.0,0.0008497999951941,2.273736754432321e-13,0,1.5,1.5000000000000002
2025-12-30,mpc,error_scaled_frozen_contract_and_soc,69154.04553028129,65162.17887319735,3991.866657083925,100954.39327681964,92724.2680292006,8230.125247619048,2644.8561130139287,769.0247071428564,20,10,11736.694493039871,448.84658571428577,22264.362504695204,18082.2192566297,10800.0,10746.571524637127,1440.2626549519523,10800.0,1.563547199999448,2.273736754432321e-13,0,1.5,1.5000000000000002
2025-12-31,greedy,error_scaled_frozen_contract_and_soc,64954.40580049608,64954.40580049608,0.0,100619.20416892016,92596.82033320588,8022.383835714285,2720.881589940992,0.0,0,0,7104.576689564959,0.0,23587.428237207863,19105.81687213837,10800.0,10800.0,1465.8782454761902,10800.0,0.0003414999955566,2.273736754432321e-13,0,1.5,1.4999999999999998
2025-12-31,mpc,error_scaled_frozen_contract_and_soc,72518.25866671158,64954.40580049608,7563.852866215491,100619.20416892016,92596.82033320588,8022.383835714285,2720.881589940992,1573.650804761908,36,13,9063.709374095508,22.64011666666661,22003.111674105883,17929.6223054717,10800.0,10680.99794506007,1245.537592592591,10800.0,1.4368296999891754,2.273736754432321e-13,0,1.5,1.4999999999999998
2025-02-01,greedy,error_scaled_frozen_contract_and_soc,26709.12435609976,26709.12435609976,0.0,49023.022603149024,43233.888007593465,5789.134595555555,6312.826350179821,0.0,0,0,10014.760450470869,6439.892752232434,16324.415303097769,13222.77639550919,10800.0,10800.0,2809.1977597001724,10800.0,0.0007608000014442,1.1368683772161605e-13,0,2.0,2.0
2025-02-01,mpc,error_scaled_frozen_contract_and_soc,29469.163696318807,26709.12435609976,2760.0393402190484,49023.022603149024,43233.888007593465,5789.134595555555,6312.826350179821,500.53691428571454,10,6,9858.0819981491,6714.530494251529,18428.81734911473,14944.600816937762,10800.0,10780.823595383526,2114.857606175988,10800.0,1.0718025999958627,1.1368683772161605e-13,0,2.0,2.0
2025-02-02,greedy,error_scaled_frozen_contract_and_soc,60814.31655276092,60814.31655276092,0.0,95447.25993643588,89758.78041945177,5688.479516984126,6331.734526354028,0.0,0,0,19555.291016893458,776.050876190476,18336.26590485989,14852.37538293651,10800.0,10800.0,2076.644922530865,10800.0,0.0007502999942516,2.273736754432321e-13,0,2.0,2.0
2025-02-02,mpc,error_scaled_frozen_contract_and_soc,61766.83507192521,60814.31655276092,952.5185191642848,95447.25993643588,89758.78041945177,5688.479516984126,6331.734526354028,221.49260476190452,5,4,17374.732426538165,2361.8540505302017,22632.31118895177,18332.17264625092,10800.0,10799.999352000015,1507.3586305714334,10800.0,1.062411400009296,1.1368683772161605e-13,0,2.0,2.0
2025-02-03,greedy,error_scaled_frozen_contract_and_soc,59761.37374098951,59761.37374098951,0.0,94059.0925764356,88351.30972611814,5707.78285031746,6325.635568520695,0.0,0,0,13603.746150557508,0.0,19440.577166275674,15746.867504683294,10800.0,10800.0,1927.3209818430307,10800.0,0.0003509999951347,2.273736754432321e-13,0,2.0,2.0
2025-02-03,mpc,error_scaled_frozen_contract_and_soc,61767.9155345788,59761.37374098951,2006.541793589285,94059.0925764356,88351.30972611814,5707.78285031746,6325.635568520695,426.6541071428568,15,8,11659.470507225144,1773.350444047618,22615.583179052486,18324.294211032506,10800.0,10793.697960000012,1392.7706205921968,10800.0,0.9980502000107664,2.273736754432321e-13,0,2.0,2.0
2025-02-04,greedy,error_scaled_frozen_contract_and_soc,60256.86003817031,60256.86003817031,0.0,94763.34714999804,89031.03173301392,5732.3154169841255,6307.104330743882,0.0,0,0,12661.419430451688,40.874719047619465,21384.552784579864,17321.48775550969,10800.0,10800.0,2396.3015004409185,10800.0,0.0004706000036094,2.273736754432321e-13,0,2.0,2.0
2025-02-04,mpc,error_scaled_frozen_contract_and_soc,65279.948524748805,60256.86003817031,5023.088486578494,94763.34714999804,89031.03173301392,5732.3154169841255,6307.104330743882,1004.5100649936484,22,10,13284.711368001925,604.6395059523819,21726.515894648684,17845.997525039857,10800.0,10524.978166250648,1385.839694444444,10800.0,1.1121175000007495,2.273736754432321e-13,0,2.0,2.0
2025-02-05,greedy,error_scaled_frozen_contract_and_soc,58594.300784994186,58582.167117194185,12.133667800000152,92567.5088404276,87805.56615709428,4761.942683333333,4566.75086750565,2.590450000000033,1,1,9740.639137282413,292.4364880952378,22299.384653145204,18062.50156904762,10800.0,10800.0,1591.921553518514,10800.0,0.0004106999986106,2.273736754432321e-13,0,2.0,2.0
2025-02-05,mpc,error_scaled_frozen_contract_and_soc,63715.548082443,58582.167117194185,5133.380965248814,92567.5088404276,87805.56615709428,4761.942683333333,4566.75086750565,1007.7208833333344,29,13,10240.773408457087,765.3277514898186,22575.31785132627,18306.329868464607,10800.0,10777.419545677409,1424.2569789876782,10800.0,1.0583042000071146,2.273736754432321e-13,0,2.0,2.0
2025-02-06,greedy,error_scaled_frozen_contract_and_soc,59157.78165313751,58974.03607680656,183.74557633095068,92802.98276806748,88839.82339822622,3963.159369841271,3251.412147611388,31.56141904761876,2,1,12643.029896619635,11.18324761904796,20106.264599098973,16286.074325270163,10800.0,10800.0,2189.3456984127,10800.0,0.0007502999942516,2.273736754432321e-13,0,2.0,2.0
2025-02-06,mpc,error_scaled_frozen_contract_and_soc,61249.562964837496,58974.03607680656,2275.526888030949,92802.98276806748,88839.82339822622,3963.159369841271,3251.412147611388,485.9399499999993,14,7,10690.603707816366,1916.1276083333355,22813.970604568905,18491.91997169874,10800.0,10785.99579778008,1611.5820484285723,10800.0,1.169782099997974,1.1368683772161605e-13,0,2.0,2.0
2025-02-07,greedy,error_scaled_frozen_contract_and_soc,24137.83848105902,24137.83848105902,0.0,45454.33012959417,42149.74573197513,3304.584397619048,1942.5968872038493,0.0,0,0,7364.661154644329,9261.803185714283,18096.85169773103,14658.449875162134,10800.0,10800.0,1551.9003597883584,10800.0,0.0005606000049738,2.273736754432321e-13,0,2.0,2.0
2025-02-07,mpc,error_scaled_frozen_contract_and_soc,28370.40612949354,24137.83848105902,4232.56764843452,45454.33012959417,42149.74573197513,3304.584397619048,1942.5968872038493,734.9512261904758,18,7,8385.54748713078,8771.622100894067,19211.07545720766,15568.427656114516,10800.0,10791.714960248544,1769.753994361986,10800.0,0.9729140999988886,1.1368683772161605e-13,0,2.0,2.0
2025-02-08,greedy,error_scaled_frozen_contract_and_soc,22024.09795129196,22024.09795129196,0.0,41292.83964174117,38070.79812507451,3222.041516666666,1927.9955428724609,0.0,0,0,3414.076994091712,5043.566078545837,19751.16487498149,15998.443548735013,10800.0,10800.0,1387.753603174604,10800.0,0.0002253999991808,2.273736754432321e-13,0,2.0,2.0
2025-02-08,mpc,error_scaled_frozen_contract_and_soc,29543.90845093797,22024.09795129196,7519.810499646013,41292.83964174117,38070.79812507451,3222.041516666666,1927.9955428724609,1454.9566199142882,34,14,3910.635994798768,6228.632118563469,19026.619591399663,15500.566685963582,10800.0,10701.105758966822,1200.0,10800.0,0.9909114000038244,2.273736754432321e-13,0,2.0,2.0
2025-02-09,greedy,error_scaled_frozen_contract_and_soc,54660.206416058216,54660.206416058216,0.0,86989.37612125189,83759.9018950614,3229.4742261904767,1884.7776228023413,0.0,0,0,2395.572459259265,0.0,24395.88236888349,19760.664718795622,10800.0,10800.0,1549.9200744179898,10800.0,0.0002416000061202,2.273736754432321e-13,0,2.0,2.0
2025-02-09,mpc,error_scaled_frozen_contract_and_soc,64904.57762116774,54660.206416058216,10244.371205109514,86989.37612125189,83759.9018950614,3229.4742261904767,1884.7776228023413,2264.734540476189,40,18,4501.6503560168585,564.2419333333332,22563.349306011973,18333.71694553885,10800.0,10736.217769256493,1210.0951111111103,10800.0,1.0184217999922112,2.273736754432321e-13,0,2.0,2.0
2025-02-10,greedy,error_scaled_frozen_contract_and_soc,55464.29518743896,55464.29518743896,0.0,88081.68848907827,84862.71942717349,3218.969061904762,1904.2355526711904,0.0,0,0,13893.89092073612,2284.544385714285,18388.984294532624,14895.077278571429,10800.0,10800.0,1518.885388888889,10800.0,0.0002494000073056,2.273736754432321e-13,0,2.0,2.0
2025-02-10,mpc,error_scaled_frozen_contract_and_soc,58162.24241525682,55464.29518743896,2697.9472278178578,88081.68848907827,84862.71942717349,3218.969061904762,1904.2355526711904,628.3777785714286,21,9,11275.120300501232,4844.273645696716,22907.29915828668,18725.9730035016,10800.0,10609.932571900685,1554.3409226086646,10800.0,1.0316389999934472,2.273736754432321e-13,0,2.0,2.0
2025-02-11,greedy,error_scaled_frozen_contract_and_soc,54817.47508932184,54034.25592924765,783.2191600741926,86206.0136975367,83063.51654991765,3142.4971476190467,1917.0786876211912,140.0314458809528,4,3,9506.908790335065,939.71262301587,21031.08553418577,17035.17928269048,10800.0,10800.0,1200.0,10800.0,0.0003465999907348,2.273736754432321e-13,0,2.0,2.0
2025-02-11,mpc,error_scaled_frozen_contract_and_soc,58506.87410879646,54034.25592924765,4472.61817954881,86206.0136975367,83063.51654991765,3142.4971476190467,1917.0786876211912,818.4941404761908,32,15,8686.738808960585,2171.715273318143,22696.02001666136,18433.483739498617,10800.0,10744.769415552311,1528.8285387699823,10800.0,1.0303258000058122,2.273736754432321e-13,0,2.0,2.0
2025-02-12,greedy,error_scaled_frozen_contract_and_soc,53691.68372683104,53691.68372683104,0.0,85684.89044096171,82621.07465048552,3063.815790476189,1921.1290865783344,0.0,0,0,8506.30044341563,823.8367333333323,20726.43157856333,16788.409578636296,10800.0,10800.0,1366.5125169312118,10800.0,0.0003251999878557,2.273736754432321e-13,0,2.0,2.0000000000000004
2025-02-12,mpc,error_scaled_frozen_contract_and_soc,58714.53527220366,53691.68372683104,5022.851545372622,85684.89044096171,82621.07465048552,3063.815790476189,1921.1290865783344,1032.175278571429,25,13,7946.663508349567,2123.5295404761896,22591.89359934368,18361.75219292201,10800.0,10730.757358384855,1292.986517677688,10800.0,1.0702622999961022,2.273736754432321e-13,0,2.0,2.0000000000000004
2025-02-13,greedy,error_scaled_frozen_contract_and_soc,53405.28797412094,53405.28797412094,0.0,85149.40167694942,82122.20548885418,3027.1961880952376,1902.33345955,0.0,0,0,14182.779187737193,2591.3749666666663,17897.971434450323,14497.35686190476,10800.0,10800.0,1259.2577539153428,10800.0,0.0002142000012099,2.273736754432321e-13,0,2.0,2.0
2025-02-13,mpc,error_scaled_frozen_contract_and_soc,58252.26344005309,53405.28797412094,4846.975465932141,85149.40167694942,82122.20548885418,3027.1961880952376,1902.33345955,1121.860369047618,32,16,11074.88328997617,6030.570995570506,22187.89917452547,17996.72436407511,10800.0,10772.748852545028,1591.013627736867,10800.0,1.0259839000063948,2.273736754432321e-13,0,2.0,2.0
2025-02-14,greedy,error_scaled_frozen_contract_and_soc,21094.6732169097,21094.6732169097,0.0,39440.31731157455,36480.13164252693,2960.185669047619,1904.574072742143,0.0,0,0,2039.0011898589069,4333.246416611727,20644.269550672223,16721.858336044497,10800.0,10800.0,1440.1271851851834,10800.0,0.0003646000113803,1.1368683772161605e-13,0,2.0,2.0
2025-02-14,mpc,error_scaled_frozen_contract_and_soc,28458.73635215317,21094.6732169097,7364.063135243467,39440.31731157455,36480.13164252693,2960.185669047619,1904.574072742143,1697.951407811322,34,12,3137.9640995238083,5203.857126284735,19488.41017895336,15837.621175852222,10800.0,10742.212299,1200.0,10800.0,1.106773500010604,1.1368683772161605e-13,0,2.0,2.0
2025-02-15,greedy,error_scaled_frozen_contract_and_soc,20797.044105836343,20797.044105836343,0.0,39009.20172192592,36116.33101002115,2892.8707119047613,1924.7724883647224,0.0,0,0,1115.5800341857712,5289.583155346514,20646.903762848666,16810.900113788368,10800.0,10703.435482354504,1316.6784673545037,10800.0,0.001147500006482,1.1368683772161605e-13,0,2.0,2.0
2025-02-15,mpc,error_scaled_frozen_contract_and_soc,29940.069049688707,20797.044105836343,9143.024943852362,39009.20172192592,36116.33101002115,2892.8707119047613,1924.7724883647224,2048.3926047619016,42,17,2642.440057079072,6197.872941709542,19431.397361925672,15982.1509173598,10800.0,10530.312162,1248.1670605140223,10800.0,1.0048557999980403,1.1368683772161605e-13,0,2.0,2.0
2025-02-16,greedy,error_scaled_frozen_contract_and_soc,51685.95848509294,51448.755795033736,237.20269005920005,82588.53140361824,79633.27096076109,2955.2604428571426,1862.7539320865872,50.82529614285159,3,3,2588.151917666082,0.0,23776.7919483698,19259.201478179544,10800.0,10800.0,1200.0,10800.0,0.0002509000041754,1.1368683772161605e-13,0,2.0,2.0
2025-02-16,mpc,error_scaled_frozen_contract_and_soc,63313.793688607606,51448.755795033736,11865.037893573868,82588.53140361824,79633.27096076109,2955.2604428571426,1862.7539320865872,2587.267572478377,54,20,4663.822489304104,910.3718535714278,21881.31742382701,17813.327102510684,10800.0,10700.600011988,1225.1803981481494,10800.0,1.120160999998916,2.273736754432321e-13,0,2.0,2.0
2025-02-17,greedy,error_scaled_frozen_contract_and_soc,51042.9644188973,50939.23850743064,103.72591146665714,82044.32370015288,79007.76059062907,3036.563109523809,1867.1100018572224,14.8689666666653,1,1,8984.481032111318,1608.888462832832,19424.96327302842,15734.220251153029,10800.0,10800.0,1200.0,10800.0,0.0003619000053731,2.273736754432321e-13,0,2.0,2.0
2025-02-17,mpc,error_scaled_frozen_contract_and_soc,55182.68933565803,50939.23850743064,4243.450828227384,82044.32370015288,79007.76059062907,3036.563109523809,1867.1100018572224,930.413821428572,27,13,7340.179978572773,3764.225452013373,22051.08157191024,17955.82963091493,10800.0,10695.051602591511,1349.5349008251449,10800.0,1.0259663999895563,2.273736754432321e-13,0,2.0,2.0
2025-02-18,greedy,error_scaled_frozen_contract_and_soc,50966.07148030216,50772.92245780215,193.1490224999997,81618.85518557957,78620.893414151,2997.961771428571,1865.5898369858733,42.45499999999993,1,1,7102.690194914758,583.7834047619049,20912.321354376225,16938.980297044745,10800.0,10800.0,1505.3481853703722,10800.0,0.0006493999972008,2.273736754432321e-13,0,2.0,2.0
2025-02-18,mpc,error_scaled_frozen_contract_and_soc,55823.10151066384,50772.92245780215,5050.1790528616775,81618.85518557957,78620.893414151,2997.961771428571,1865.5898369858733,1188.9018974003434,32,16,6321.900645956595,2296.539123809522,22216.934212858203,18029.11242821583,10800.0,10762.893649110352,1252.311444444446,10800.0,1.0993209000007482,2.273736754432321e-13,0,2.0,2.0
2025-02-19,greedy,error_scaled_frozen_contract_and_soc,50777.51208000238,50289.99903291905,487.5130470833337,81004.34179618696,78103.91902475839,2900.4227714285707,1846.0541753888897,110.23916666666672,2,2,4615.397708730172,148.55463571428572,23918.63811656462,19654.127098155448,10800.0,10488.855306957676,1226.3434754761934,10800.0,0.0005004999984521,1.1368683772161605e-13,0,2.0,2.0
2025-02-19,mpc,error_scaled_frozen_contract_and_soc,59041.12587444769,50289.99903291905,8751.126841528643,81004.34179618696,78103.91902475839,2900.4227714285707,1846.0541753888897,2112.5735009801806,47,21,6897.593523360001,322.6196904761921,21877.376425744314,18066.79194241336,10800.0,10415.425513821709,1200.0,10800.0,0.9689362000062828,2.273736754432321e-13,0,2.0,2.0
2025-02-20,greedy,error_scaled_frozen_contract_and_soc,50180.42170862856,49846.34081753332,334.0808910952366,80516.42670686444,77613.79361162634,2902.6330952380945,1863.1133610731356,71.32384523809492,1,1,6863.492951557909,846.2424809523801,21567.41322341789,17469.604710968495,10800.0,10800.0,1511.132814735451,10800.0,0.0003005000035045,2.273736754432321e-13,0,2.0,2.0
2025-02-20,mpc,error_scaled_frozen_contract_and_soc,56804.03971736546,49846.34081753332,6957.6988998321385,80516.42670686444,77613.79361162634,2902.6330952380945,1863.1133610731356,1513.9347761904753,36,16,7307.307081373385,1970.3550029453045,21834.8904013714,17862.397609778018,10800.0,10604.292905925357,1437.491401285715,10800.0,1.1001392000034684,2.273736754432321e-13,0,2.0,2.0
2025-02-21,greedy,error_scaled_frozen_contract_and_soc,20398.434460128665,20398.434460128665,0.0,38423.37102845556,35508.4884213127,2914.8826071428552,1864.9237810269456,0.0,0,0,2733.022082598478,8516.279090333142,20016.84779849695,16213.646716782536,10800.0,10800.0,1820.7982671957693,10800.0,0.0003283999976702,1.1368683772161605e-13,0,2.0,2.0
2025-02-21,mpc,error_scaled_frozen_contract_and_soc,24417.918064156045,20398.434460128665,4019.4836040273776,38423.37102845556,35508.4884213127,2914.8826071428552,1864.9237810269456,1042.7261833333328,33,13,3980.650089219214,8472.372096610696,19787.584721312945,16145.378469163486,10800.0,10669.516839,1709.3785950854822,10800.0,0.9371046000014758,1.1368683772161605e-13,0,2.0,2.0
2025-02-22,greedy,error_scaled_frozen_contract_and_soc,20274.400499791944,20274.400499791944,0.0,38231.72919683688,35397.3410206464,2834.388176190474,1855.2141051533745,0.0,0,0,1842.9976906525533,4154.342522932071,20424.15473641537,16543.56533649645,10800.0,10800.0,1561.3025052910054,10800.0,0.0007234000077005,1.1368683772161605e-13,0,2.0,2.0
2025-02-22,mpc,error_scaled_frozen_contract_and_soc,29041.85703550622,20274.400499791944,8767.456535714278,38231.72919683688,35397.3410206464,2834.388176190474,1855.2141051533745,1820.7899025162124,33,16,2750.809090939095,5494.835021976269,19075.97743589416,15622.902032789762,10800.0,10609.599655871678,1200.0,10800.0,0.9894959999946876,1.1368683772161605e-13,0,2.0,2.0
2025-02-23,greedy,error_scaled_frozen_contract_and_soc,49309.93886682439,49268.66657033868,41.272296485714975,79578.30291501309,76804.67333882261,2773.629576190474,1800.7257041490884,8.81133571428586,1,1,4191.657722516162,419.4867168430313,22729.231124995476,18410.677211246337,10800.0,10800.0,1389.0657558730156,10800.0,0.0002317000034963,2.273736754432321e-13,0,2.0,2.0
2025-02-23,mpc,error_scaled_frozen_contract_and_soc,58015.86145289043,49268.66657033868,8747.19488255175,79578.30291501309,76804.67333882261,2773.629576190474,1800.7257041490884,1995.568612072584,42,21,5464.337749687209,1441.2177718359144,21729.19801187916,17718.297903935658,10800.0,10669.280539651629,1299.6166018518531,10800.0,1.0508293000020783,2.273736754432321e-13,0,2.0,2.0
2025-02-24,greedy,error_scaled_frozen_contract_and_soc,49019.87257015024,48577.8021688312,442.070401319048,78725.77541968366,75940.710403017,2785.0650166666646,1817.4638609470644,97.83744285714296,2,1,7465.790019165198,2578.591128571428,20698.700240824022,16765.947195067456,10800.0,10800.0,1407.6642975132268,10800.0,0.0003109999961452,2.273736754432321e-13,0,2.0,2.0
2025-02-24,mpc,error_scaled_frozen_contract_and_soc,53285.45578925977,48577.8021688312,4707.653620428575,78725.77541968366,75940.710403017,2785.0650166666646,1817.4638609470644,1042.7820833333335,28,11,7541.440139475058,3254.5524496003336,21868.672882818588,17742.5866379246,10800.0,10767.820441287176,1403.9522820000009,10800.0,1.0254016000108097,2.273736754432321e-13,0,2.0,2.0
2025-02-25,greedy,error_scaled_frozen_contract_and_soc,48840.83150614471,48633.218701799466,207.61280434523843,78732.17571264275,75955.0576602618,2777.1180523809503,1818.4403196290884,47.40559523809532,1,1,10668.351798786518,4359.680114499776,19356.68010563544,15695.782380088513,10800.0,10781.25389497355,1360.0964894179922,10800.0,0.0005461000109789,2.273736754432321e-13,0,2.0,2.0
2025-02-25,mpc,error_scaled_frozen_contract_and_soc,52478.77537537685,48633.218701799466,3845.556673577382,78732.17571264275,75955.0576602618,2777.1180523809503,1818.4403196290884,951.51645952381,27,13,9485.272976820524,6090.501807937046,21958.03910678321,17940.773388421843,10800.0,10628.04254230284,1446.1847987784015,10800.0,0.9441612999944482,2.273736754432321e-13,0,2.0,2.0
2025-02-26,greedy,error_scaled_frozen_contract_and_soc,48320.751366810895,48320.751366810895,0.0,78251.07572058529,75573.34449915672,2677.7312214285694,1759.098042649406,0.0,0,0,6424.428597912993,1457.6377857142857,20868.940194515897,16903.84155755788,10800.0,10800.0,1370.859316005291,10800.0,0.0002641000028233,2.273736754432321e-13,0,2.0,2.0
2025-02-26,mpc,error_scaled_frozen_contract_and_soc,54907.89857628545,48320.751366810895,6587.147209474548,78251.07572058529,75573.34449915672,2677.7312214285694,1759.098042649406,1526.211270843106,36,17,6007.496222814631,3285.6668602736795,21735.745808150103,17655.532599810012,10800.0,10744.912783101749,1293.7288664021175,10800.0,0.9894490000006044,2.273736754432321e-13,0,2.0,2.0
2025-02-27,greedy,error_scaled_frozen_contract_and_soc,48644.5708296286,47454.04992430429,1190.520905324311,77054.50654860833,74339.57917241787,2714.927376190474,1761.503335467898,241.34543251581763,4,2,7712.420328267612,1197.6889785714295,23533.337258142263,19062.00317909524,10800.0,10800.0,1200.0,10800.0,0.0003797000099439,2.273736754432321e-13,0,2.0,2.0
2025-02-27,mpc,error_scaled_frozen_contract_and_soc,56732.256459313816,47454.04992430429,9278.206535009522,77054.50654860833,74339.57917241787,2714.927376190474,1761.503335467898,1861.4138809523809,42,15,9300.547461969158,1533.6522703765004,21933.22465882613,17765.91255684915,10800.0,10799.999352000015,1215.1789191428595,10800.0,1.0813594000064768,2.273736754432321e-13,0,2.0,2.0
2025-02-28,greedy,error_scaled_frozen_contract_and_soc,19499.720682921725,19499.720682921725,0.0,37079.88260914052,34545.335332950046,2534.547276190476,1777.65642476254,0.0,0,0,2396.328384185779,8325.828521396303,20861.29505632268,16897.648995621377,10800.0,10800.0,1411.673947619052,10800.0,0.0004011999990325,1.1368683772161605e-13,0,2.0,2.0
2025-02-28,mpc,error_scaled_frozen_contract_and_soc,26534.21033862389,19499.720682921725,7034.489655702168,37079.88260914052,34545.335332950046,2534.547276190476,1777.65642476254,1539.6477006178816,36,15,3249.275814414245,9246.45819761254,19931.511954639875,16201.7952997654,10800.0,10736.365981658782,1200.0,10800.0,1.0213514999923063,1.1368683772161605e-13,0,2.0,2.0
2025-03-01,greedy,error_scaled_frozen_contract_and_soc,19624.957136064448,19624.957136064448,0.0,37140.77063386668,34511.740321961915,2629.0303119047603,1796.7883238423417,0.0,0,0,2727.1841382422035,7243.156995867153,19262.36305636683,15602.51407565713,10800.0,10800.0,1530.263563492064,10800.0,0.0003740999964065,2.273736754432321e-13,0,2.0,2.0
2025-03-01,mpc,error_scaled_frozen_contract_and_soc,26608.27845281683,19624.957136064448,6983.321316752384,37140.77063386668,34511.740321961915,2629.0303119047603,1796.7883238423417,1412.3147166666672,27,13,5060.2328118877085,6349.831303734623,19410.549021282422,15778.108305419031,10800.0,10738.262668688594,1726.3774789410368,10800.0,1.0510699000005843,1.1368683772161605e-13,0,2.0,2.0
2025-03-02,greedy,error_scaled_frozen_contract_and_soc,88376.34476929024,46920.11469374968,41456.23007554056,76234.14867653407,73495.56820748645,2738.580469047618,1927.777209385,6169.953781006183,13,2,3173.2565820182112,0.0,19338.088317283957,15663.851537,10800.0,10800.0,1200.0,10800.0,0.0007480000058421,2.273736754432321e-13,0,2.0,2.0
2025-03-02,mpc,error_scaled_frozen_contract_and_soc,95026.67281443946,46920.11469374968,48106.55812068979,76234.14867653407,73495.56820748645,2738.580469047618,1927.777209385,8999.176933033337,45,16,5514.538705591931,933.118863244276,17468.63493522786,14239.575989734749,10800.0,10700.020341999798,1200.0,10800.0,1.1459157999925085,2.273736754432321e-13,0,2.0,2.0
2025-03-03,greedy,error_scaled_frozen_contract_and_soc,76424.39127653943,47113.77007872723,29310.62119781221,76475.18605969145,73622.35192159622,2852.834138095237,2264.7249412688893,4740.831304981639,17,2,2233.264377490548,0.0,22271.67233253967,18089.47749535713,10800.0,10745.08566,1200.0,10800.0,0.0004412999987835,2.273736754432321e-13,0,2.0,2.0
2025-03-03,mpc,error_scaled_frozen_contract_and_soc,81584.31814780194,47113.77007872723,34470.5480690747,76475.18605969145,73622.35192159622,2852.834138095237,2264.7249412688893,6960.443283638547,60,14,4660.330802291077,283.2803860530571,20033.650790733704,16342.190785747844,10800.0,10672.29594971829,1214.299726285716,10800.0,1.1458777999941958,2.273736754432321e-13,0,2.0,2.0
2025-03-04,greedy,error_scaled_frozen_contract_and_soc,48276.798208656175,48276.798208656175,0.0,78173.20222594962,75015.76107356866,3157.441152380952,2385.855395089564,0.0,0,0,5353.096520840679,874.3115238095238,21954.180691049583,17782.886359750162,10800.0,10800.0,1459.288525661373,10800.0,0.0002858999941963,1.1368683772161605e-13,0,2.0,2.0
2025-03-04,mpc,error_scaled_frozen_contract_and_soc,54715.69941606281,48276.798208656175,6438.901207406638,78173.20222594962,75015.76107356866,3157.441152380952,2385.855395089564,1370.5788960993818,30,12,6801.687586235842,1212.255442031202,21003.15802290893,17247.81977912697,10800.0,10538.598021588075,1266.6856613756631,10800.0,1.3372112999932142,2.273736754432321e-13,0,2.0,2.0
2025-03-05,greedy,error_scaled_frozen_contract_and_soc,48966.81873949166,48897.71405832976,69.10468116190567,79217.65849465926,75934.97512799258,3282.683366666666,2372.103371361429,10.16692380952395,2,1,13229.1237749853,1730.4075642857142,18441.06291056469,14937.260957557406,10800.0,10800.0,1200.0,10800.0,0.0004924999957438,2.273736754432321e-13,0,2.0,2.0
2025-03-05,mpc,error_scaled_frozen_contract_and_soc,53027.70981472501,48897.71405832976,4129.995756395247,79217.65849465926,75934.97512799258,3282.683366666666,2372.103371361429,768.464152380954,21,6,10947.70427412092,4229.59743174793,21869.808201109718,17825.47938612883,10800.0,10676.739174188937,1235.96574074074,10800.0,0.9846740999928444,1.1368683772161605e-13,0,2.0,2.0
2025-03-06,greedy,error_scaled_frozen_contract_and_soc,48854.78443354212,48854.78443354212,0.0,78787.31655092031,75510.86135092031,3276.455200000001,2389.813850503928,0.0,0,0,11537.08380264551,3092.50216190476,17657.38163252409,14302.479122344525,10800.0,10800.0,1544.3510291005323,10800.0,0.0007965999975567,2.273736754432321e-13,0,2.0,2.0
2025-03-06,mpc,error_scaled_frozen_contract_and_soc,51396.3545839326,48854.78443354212,2541.5701503904784,78787.31655092031,75510.86135092031,3276.455200000001,2389.813850503928,634.99805952381,24,11,9742.456012791336,5091.202318654868,21356.806603723395,17570.978400915952,10800.0,10497.816609000003,1300.1748436812957,10800.0,1.005172000004677,2.273736754432321e-13,0,2.0,2.0
2025-03-07,greedy,error_scaled_frozen_contract_and_soc,19642.044419595404,19642.044419595404,0.0,37094.17135814011,33894.18901052106,3199.982347619048,2425.4361534640075,0.0,0,0,3821.677316666665,14270.721679567465,17337.641979956345,14043.49000376465,10800.0,10800.0,1885.899361772486,10800.0,0.0003722999972524,1.1368683772161605e-13,0,2.0,2.0000000000000004
2025-03-07,mpc,error_scaled_frozen_contract_and_soc,23741.38792896713,19642.044419595404,4099.343509371725,37094.17135814011,33894.18901052106,3199.982347619048,2425.4361534640075,821.9339091528243,22,12,4667.461518533248,14111.176729976589,18839.20532410921,15409.358691040396,10800.0,10633.77513498674,1322.6780595238072,10800.0,1.046556800007238,3.410605131648481e-13,0,2.0,2.0000000000000004
2025-03-08,greedy,error_scaled_frozen_contract_and_soc,19002.47517889016,19002.47517889016,0.0,35504.28534143722,32264.434281913414,3239.851059523809,2403.8390908517067,0.0,0,0,3142.183980452674,13448.956389222916,20913.173096991075,16939.67020856277,10800.0,10800.0,1243.7893703006246,10800.0,0.0005461999971885,1.1368683772161605e-13,0,2.0,2.0
2025-03-08,mpc,error_scaled_frozen_contract_and_soc,23202.92298572825,19002.47517889016,4200.447806838096,35504.28534143722,32264.434281913414,3239.851059523809,2403.8390908517067,1204.3418190476195,35,14,4508.028185061663,13560.50349458274,20084.95636559369,16384.502968086577,10800.0,10671.457431160352,1629.0678132371354,10800.0,1.0583078999916324,1.1368683772161605e-13,0,2.0,2.0
2025-03-09,greedy,error_scaled_frozen_contract_and_soc,46665.54281790521,46665.54281790521,0.0,75738.740285398,72457.99356158849,3280.7467238095232,2405.35204105127,0.0,0,0,9310.392591563785,4108.667753468542,19919.164072100102,16134.52289840108,10800.0,10800.0,1326.2893862433866,10800.0,0.0002201999886892,2.273736754432321e-13,0,2.0,2.0
2025-03-09,mpc,error_scaled_frozen_contract_and_soc,50276.462400688535,46665.54281790521,3610.9195827833337,75738.740285398,72457.99356158849,3280.7467238095232,2405.35204105127,863.3427428571428,27,10,9875.865511938737,4114.958264507175,21623.937209734133,17547.716724591555,10800.0,10764.080461436772,1445.9542369784535,10800.0,1.0634877999982564,2.273736754432321e-13,0,2.0,2.0
2025-03-10,greedy,error_scaled_frozen_contract_and_soc,45813.29819206789,45813.29819206789,0.0,74516.36477060814,71236.79984441766,3279.564926190475,2421.796012434247,0.0,0,0,1175.044348356535,0.0,22222.00764844209,17999.826195238096,10800.0,10800.0,1252.7356046825355,10800.0,0.0003344999859109,1.1368683772161605e-13,0,2.0,2.0
2025-03-10,mpc,error_scaled_frozen_contract_and_soc,65281.40090661194,45813.29819206789,19468.10271454405,74516.36477060814,71236.79984441766,3279.564926190475,2421.796012434247,3657.3116382266376,45,17,4161.89103957089,1498.398679309775,18654.76900825496,15260.521287348458,10800.0,10633.157343708956,1270.639027777778,10800.0,1.022435599996243,2.273736754432321e-13,0,2.0,2.0
2025-03-11,greedy,error_scaled_frozen_contract_and_soc,45939.27396189203,45368.4864151827,570.7875467093355,74243.9328505922,70798.90999344934,3445.022857142856,2424.7568121123413,81.82160933333364,1,1,6814.941028954142,2436.184410493828,19876.03698747596,16099.58995985552,10800.0,10800.0,1200.0,10800.0,0.0004807999939657,1.1368683772161605e-13,0,2.0,2.0
2025-03-11,mpc,error_scaled_frozen_contract_and_soc,51759.05446302188,45368.4864151827,6390.568047839172,74243.9328505922,70798.90999344934,3445.022857142856,2424.7568121123413,1424.3860772411035,41,15,6697.7758898994,3918.5682841486687,20702.260551685384,16948.467790757277,10800.0,10600.403617897648,1319.526670634923,10800.0,1.1023104000050807,2.273736754432321e-13,0,2.0,2.0
2025-03-12,greedy,error_scaled_frozen_contract_and_soc,44943.743315961896,44943.743315961896,0.0,73437.69149560858,70049.07811465621,3388.6133809523817,2436.8582610315066,0.0,0,0,6906.768889682535,3671.8551952380944,20220.631885826315,16378.711827519306,10800.0,10800.0,1205.3261121163996,10800.0,0.0003596000024117,2.273736754432321e-13,0,2.0,2.0
2025-03-12,mpc,error_scaled_frozen_contract_and_soc,50060.1567921488,44943.743315961896,5116.413476186901,73437.69149560858,70049.07811465621,3388.6133809523817,2436.8582610315066,1339.973104761904,37,16,7300.67510014986,4692.203970058083,20767.80726482472,17000.16908704312,10800.0,10601.949774961002,1327.567805859289,10800.0,1.0409710999956587,2.273736754432321e-13,0,2.0,2.0
2025-03-13,greedy,error_scaled_frozen_contract_and_soc,62077.217930891726,44377.20810768066,17700.00982321107,72618.07584923373,69139.9133706623,3478.162478571429,2395.729100998531,2888.8369903111534,10,3,1365.6136025573196,0.0,20898.683615724032,16927.933728736465,10800.0,10800.0,1200.0,10800.0,0.000969000000623,1.1368683772161605e-13,0,2.0,2.0
2025-03-13,mpc,error_scaled_frozen_contract_and_soc,75673.10100001619,44377.20810768066,31295.89289233553,72618.07584923373,69139.9133706623,3478.162478571429,2395.729100998531,5947.935848195621,45,16,3791.982212359281,1122.6287462375835,18748.68221206544,15267.83082323295,10800.0,10709.557520600065,1222.7694444444446,10800.0,1.034088500004145,2.273736754432321e-13,0,2.0,2.0
2025-03-14,greedy,error_scaled_frozen_contract_and_soc,18523.564994223638,18523.564994223638,0.0,34758.3279465864,31037.407334681637,3720.920611904761,2578.619448208452,0.0,0,0,3059.7619753086456,14686.49231380449,21207.50699422019,17178.080665318364,10800.0,10800.0,1455.4082777777794,10800.0,0.0003424000024097,1.1368683772161605e-13,0,2.0,2.0000000000000004
2025-03-14,mpc,error_scaled_frozen_contract_and_soc,25261.354596918183,18523.564994223638,6737.789602694547,34758.3279465864,31037.407334681637,3720.920611904761,2578.619448208452,1586.197046997415,39,12,3870.2344138464255,15774.257854974365,20032.33401956016,16314.948623368567,10800.0,10701.379924972398,1200.0,10800.0,1.051947600004496,1.1368683772161605e-13,0,2.0,2.0000000000000004
2025-03-15,greedy,error_scaled_frozen_contract_and_soc,19196.5385542738,18737.806518942416,458.7320353313824,35242.610330206095,31449.046282587056,3793.5640476190474,2584.6864233828583,92.94540276190506,1,1,1632.3575905937696,7024.421818861152,20959.366521497457,17148.481019412946,10800.0,10609.56207,1200.0,10800.0,0.0003520000027492,1.1368683772161605e-13,0,2.0,2.0
2025-03-15,mpc,error_scaled_frozen_contract_and_soc,25268.692659511897,18737.806518942416,6530.886140569481,35242.610330206095,31449.046282587056,3793.5640476190474,2584.6864233828583,1370.027533714287,35,13,3212.343868527108,6967.297613975239,19853.39663994457,16288.291079955106,10800.0,10569.955776000004,1200.0,10800.0,1.0222699000005375,1.1368683772161605e-13,0,2.0,2.0
2025-03-16,greedy,error_scaled_frozen_contract_and_soc,44467.27377175405,44344.445564973095,122.8282067809532,72639.90403957845,68719.60355624513,3920.300483333332,2611.990314041549,26.833980952381125,2,1,6196.483940681959,173.8796571428568,21760.240670883864,17625.794943415935,10800.0,10800.0,1384.889706349207,10800.0,0.0003445000038482,1.4210854715202006e-13,0,2.0,2.0
2025-03-16,mpc,error_scaled_frozen_contract_and_soc,55116.31713332153,44344.445564973095,10771.871568348432,72639.90403957845,68719.60355624513,3920.300483333332,2611.990314041549,2337.013502795237,48,18,6883.325303118117,2304.2468916666685,19766.566017971512,16139.1493656207,10800.0,10657.521232151366,1379.349522486773,10800.0,1.0691686999925878,2.273736754432321e-13,0,2.0,2.0
2025-03-17,greedy,error_scaled_frozen_contract_and_soc,44358.87827329205,44358.87827329205,0.0,72844.04200301201,68890.46627205962,3953.57573095238,2613.511236251985,0.0,0,0,12325.088781877395,6084.10699047619,18262.464071134626,14792.59589761905,10800.0,10800.0,1551.5970957407385,10800.0,0.0002502999996067,2.273736754432321e-13,0,2.0,2.0
2025-03-17,mpc,error_scaled_frozen_contract_and_soc,47998.65315038491,44358.87827329205,3639.774877092862,72844.04200301201,68890.46627205962,3953.57573095238,2613.511236251985,731.6406214285723,21,11,11881.47924350157,6855.1620970205495,20526.86385534314,16652.80062856753,10800.0,10771.06566028935,1591.8293986377898,10800.0,1.1548686000023736,2.273736754432321e-13,0,2.0,2.0
2025-03-18,greedy,error_scaled_frozen_contract_and_soc,47729.65912803941,43094.74766779219,4634.911460247227,70866.43233443717,67029.60842967525,3836.823904761904,2650.5504142322234,931.5500378887828,7,1,6443.646274171922,1842.5490833333329,21833.84080482069,17685.41105190476,10800.0,10800.0,1200.0,10800.0,0.0003116000007139,2.273736754432321e-13,0,2.0,2.0
2025-03-18,mpc,error_scaled_frozen_contract_and_soc,55315.29216498385,43094.74766779219,12220.54449719167,70866.43233443717,67029.60842967525,3836.823904761904,2650.5504142322234,2483.869235714287,39,13,7849.627179349274,2488.278420091531,20573.831548599424,16924.792839793547,10800.0,10511.123016191104,1516.780344673836,10800.0,1.0077413999970304,2.273736754432321e-13,0,2.0,2.0
2025-03-19,greedy,error_scaled_frozen_contract_and_soc,43281.09689063081,43281.09689063081,0.0,71080.79841378867,67257.13011855059,3823.668295238093,2696.961684803613,0.0,0,0,8255.568885296714,2949.053923903752,21472.567931416645,17392.780024447486,10800.0,10800.0,1371.5365886562336,10800.0,0.0003446000046096,2.273736754432321e-13,0,2.0,2.0
2025-03-19,mpc,error_scaled_frozen_contract_and_soc,51018.43387866177,43281.09689063081,7737.336988030955,71080.79841378867,67257.13011855059,3823.668295238093,2696.961684803613,1601.446473809524,31,14,9564.488180872022,3395.555456353119,20662.179662915776,16736.36611016177,10800.0,10799.999352000015,1515.2504587037242,10800.0,1.0344523999956436,2.273736754432321e-13,0,2.0,2.0
2025-03-20,greedy,error_scaled_frozen_contract_and_soc,43416.79839656383,43416.79839656383,0.0,70966.65184695611,67092.20890409898,3874.4429428571416,2651.217376471708,0.0,0,0,4232.341785803612,1185.3454462951474,21500.041657144007,17415.033742286647,10800.0,10800.0,1367.3714826455025,10800.0,0.0003236000047763,2.273736754432321e-13,0,2.0,2.0
2025-03-20,mpc,error_scaled_frozen_contract_and_soc,51673.40197891348,43416.79839656383,8256.60358234965,70966.65184695611,67092.20890409898,3874.4429428571416,2651.217376471708,1964.7553576089756,40,11,5979.405519860562,1638.0522240730986,20481.831727451965,16631.838966820527,10800.0,10753.827480461734,1388.7043452380956,10800.0,1.037585800004308,2.273736754432321e-13,0,2.0,2.0
2025-03-21,greedy,error_scaled_frozen_contract_and_soc,18341.6899050518,18341.6899050518,0.0,34384.14887370889,30513.686261804127,3870.4626119047607,2697.264311197898,0.0,0,0,2843.97852536743,19609.44777048129,21111.056963675088,17099.956140576825,10800.0,10800.0,1338.650073306878,10800.0,0.0003148999967379,2.273736754432321e-13,0,2.0,2.0
2025-03-21,mpc,error_scaled_frozen_contract_and_soc,23807.36827896965,18341.6899050518,5465.678373917855,34384.14887370889,30513.686261804127,3870.4626119047607,2697.264311197898,1447.2556785714278,39,13,4646.218229449562,19583.600526216494,20085.28506338156,16403.321021529202,10800.0,10650.844310899844,1641.53415454731,10800.0,1.0551169000100344,1.1368683772161605e-13,0,2.0,2.0
2025-03-22,greedy,error_scaled_frozen_contract_and_soc,18785.33593745049,18785.33593745049,0.0,35105.547491150646,31247.3263482935,3858.221142857141,2690.559770415002,0.0,0,0,4384.43711748971,11396.17617996259,19399.29258588103,15713.426994563635,10800.0,10800.0,2168.6219176806194,10800.0,0.0003657000052044,2.273736754432321e-13,0,2.0,2.0
2025-03-22,mpc,error_scaled_frozen_contract_and_soc,24034.931735477912,18785.33593745049,5249.595798027423,35105.547491150646,31247.3263482935,3858.221142857141,2690.559770415002,1162.445930304215,21,13,4181.529515696542,12868.819704761903,19207.801324779648,15629.225726164184,10800.0,10721.214829897037,1200.0,10800.0,1.0792752999986988,2.273736754432321e-13,0,2.0,2.0
2025-03-23,greedy,error_scaled_frozen_contract_and_soc,42685.720476849325,41807.56449410327,878.1559827460567,68759.08035308663,64886.9251888009,3872.155164285713,2724.636121769286,128.15231426190616,3,2,5061.644935920256,2990.226833715462,21419.19318345091,17349.54647859524,10800.0,10800.0,1200.0,10800.0,0.0002920999977504,1.1368683772161605e-13,0,2.0,2.0
2025-03-23,mpc,error_scaled_frozen_contract_and_soc,50721.61316819731,41807.56449410327,8914.048674094045,68759.08035308663,64886.9251888009,3872.155164285713,2724.636121769286,1871.155483333333,41,12,6214.835176495158,3712.605043478361,20721.48373468044,16784.402311091144,10800.0,10799.999460000012,1234.8113659334188,10800.0,1.0582506000064311,2.273736754432321e-13,0,2.0,2.0
2025-03-24,greedy,error_scaled_frozen_contract_and_soc,41434.24826551966,41434.24826551966,0.0,67906.36140706876,63954.115159449706,3952.2462476190462,2692.5570164508736,0.0,0,0,4545.365650029389,3186.1486214285715,21275.04186662323,17232.783911964812,10800.0,10800.0,1838.6542867989392,10800.0,0.0004251000063959,1.1368683772161605e-13,0,2.0,2.0
2025-03-24,mpc,error_scaled_frozen_contract_and_soc,47733.504521887095,41434.24826551966,6299.256256367437,67906.36140706876,63954.115159449706,3952.2462476190462,2692.5570164508736,1531.1344467084496,36,16,6195.174068208164,3700.196863984575,19813.56692255512,16404.031181923034,10800.0,10405.508917051804,1363.9433677248685,10800.0,1.1863385000033304,2.273736754432321e-13,0,2.0,2.0
2025-03-25,greedy,error_scaled_frozen_contract_and_soc,44454.820800734014,41072.93989494236,3381.880905791657,67488.91130383586,63584.89573002634,3904.015573809522,2738.4124738464698,733.12841357143,8,3,1199.7881003233415,396.8764190476154,22592.596631644898,18384.86169313237,10800.0,10705.712865,1200.0,10800.0,0.0005703000060748,1.1368683772161605e-13,0,2.0,2.0
2025-03-25,mpc,error_scaled_frozen_contract_and_soc,56858.59606058304,41072.93989494236,15785.656165640674,67488.91130383586,63584.89573002634,3904.015573809522,2738.4124738464698,3550.1431509921185,57,17,3433.2896342163167,1597.1828597578706,20019.787417755957,16428.845716425967,10800.0,10563.535657729284,1201.9881944444462,10800.0,1.1666013000067323,2.273736754432321e-13,0,2.0,2.0
2025-03-26,greedy,error_scaled_frozen_contract_and_soc,41106.754240449816,41106.754240449816,0.0,67573.34352416676,63470.383105119145,4102.960419047619,2718.9739521136107,0.0,0,0,7446.28861476053,4342.041554379781,20901.46812169312,16930.189178571425,10800.0,10800.0,1261.6332513227494,10800.0,0.0003245999978389,1.1368683772161605e-13,0,2.0,2.0
2025-03-26,mpc,error_scaled_frozen_contract_and_soc,46468.7752422891,41106.754240449816,5362.021001839283,67573.34352416676,63470.383105119145,4102.960419047619,2718.9739521136107,1230.4019142857132,35,11,7449.04132167127,5902.12552332611,20237.054764464287,16598.210582913947,10800.0,10570.893084780142,1267.139321612712,10800.0,1.2283705000008922,2.273736754432321e-13,0,2.0,2.0
2025-03-27,greedy,error_scaled_frozen_contract_and_soc,41091.23804540071,41091.23804540071,0.0,67338.45548452041,63213.204729758494,4125.250754761905,2721.8257832330946,0.0,0,0,4232.970752480425,847.3274522633843,20782.449141681354,16833.783804761897,10800.0,10800.0,1643.6445427777794,10800.0,0.0006280999950831,1.1368683772161605e-13,0,2.0,2.0
2025-03-27,mpc,error_scaled_frozen_contract_and_soc,49623.887486880456,41091.23804540071,8532.649441479754,67338.45548452041,63213.204729758494,4125.250754761905,2721.8257832330946,1878.7181595238085,39,16,5810.930560596211,1627.445316666669,19296.47916201943,15827.173338095236,10800.0,10581.083092378338,1224.812174690622,10800.0,1.224423100007698,2.273736754432321e-13,0,2.0,2.0
2025-03-28,greedy,error_scaled_frozen_contract_and_soc,18283.757797562463,18283.757797562463,0.0,34418.31225257664,30134.89665257664,4283.415600000001,2652.214482897062,0.0,0,0,3816.0134913874176,18617.405800300385,20360.294982121726,16491.838935518594,10800.0,10800.0,1918.5164809846283,10800.0,0.0004325000045355,2.273736754432321e-13,0,2.0,2.0
2025-03-28,mpc,error_scaled_frozen_contract_and_soc,22674.69151334699,18283.757797562463,4390.933715784524,34418.31225257664,30134.89665257664,4283.415600000001,2652.214482897062,1149.8288190476192,28,11,5377.748109796757,18353.374991197332,20001.925532339246,16281.344475994783,10800.0,10711.350228000008,1764.8584256653214,10800.0,1.177586000005249,1.1368683772161605e-13,0,2.0,2.0
2025-03-29,greedy,error_scaled_frozen_contract_and_soc,17973.70195855247,17973.70195855247,0.0,34052.12106396185,29812.580778247568,4239.540285714287,2723.15305937996,0.0,0,0,2316.9874251322763,25231.91235021746,20456.2821079836,16569.58850746671,10800.0,10800.0,1279.1787224074087,10800.0,0.0004782999894814,1.1368683772161605e-13,0,2.0,2.0
2025-03-29,mpc,error_scaled_frozen_contract_and_soc,23153.034193048465,17973.70195855247,5179.332234495997,34052.12106396185,29812.580778247568,4239.540285714287,2723.15305937996,1158.8396503238569,36,14,4260.382358589067,24536.2142236794,20160.06399273153,16362.227548809522,10800.0,10763.804761447802,1633.3014648922465,10800.0,1.053082500002347,1.1368683772161605e-13,0,2.0,2.0
2025-03-30,greedy,error_scaled_frozen_contract_and_soc,40159.722942748165,40159.722942748165,0.0,65732.45833577553,61469.564504823145,4262.893830952382,2692.1380937817858,0.0,0,0,4766.56260402705,3814.6092927101686,20354.556145314447,16487.19047770471,10800.0,10800.0,1724.730686216934,10800.0,0.000391200010199,1.1368683772161605e-13,0,2.0,2.0
2025-03-30,mpc,error_scaled_frozen_contract_and_soc,46664.14453541255,40159.722942748165,6504.421592664382,65732.45833577553,61469.564504823145,4262.893830952382,2692.1380937817858,1521.88477552859,35,15,6877.22986648484,3408.0402370101274,19988.436333794794,16303.284097414213,10800.0,10674.8325921773,1363.9130013227518,10800.0,1.039085000011255,2.273736754432321e-13,0,2.0,2.0
2025-03-31,greedy,error_scaled_frozen_contract_and_soc,45150.00794181027,39461.15513125522,5688.85281055505,64834.41783624546,60633.63344100736,4200.784395238095,2749.108714775556,821.502035492631,2,1,3663.9229019988175,1050.4979398001124,18977.28969391535,15371.604652071426,10800.0,10800.0,1200.0,10800.0,0.000389200009522,1.1368683772161605e-13,0,2.0,2.0
2025-03-31,mpc,error_scaled_frozen_contract_and_soc,64720.535289621126,39461.15513125522,25259.38015836591,64834.41783624546,60633.63344100736,4200.784395238095,2749.108714775556,4553.761310648617,47,15,4122.7016126552,4659.268475000004,17515.996332582894,14245.601261439251,10800.0,10735.950853280989,1244.4675185185183,10800.0,1.0963224000006448,2.273736754432321e-13,0,2.0,2.0
2025-04-01,greedy,error_scaled_frozen_contract_and_soc,54386.33436099556,39821.2656579408,14565.068703054769,65398.8819243918,61162.15455534417,4236.727369047619,2777.1384108645243,2143.8377762619057,4,1,899.6317802469124,0.0,17477.31342820612,14156.623876846948,10800.0,10800.0,1200.0,10800.0,0.000434600005974,2.273736754432321e-13,0,2.0,2.0
2025-04-01,mpc,error_scaled_frozen_contract_and_soc,76107.86540529499,39821.2656579408,36286.59974735419,65398.8819243918,61162.15455534417,4236.727369047619,2777.1384108645243,6432.317304919968,55,19,2969.955990951742,2646.2710166666684,15258.287307977476,12365.713455331745,10800.0,10792.77696014446,1200.0,10800.0,1.0862415000010517,2.273736754432321e-13,0,2.0,2.0
2025-04-02,greedy,error_scaled_frozen_contract_and_soc,60867.57351309245,39468.07979079585,21399.493722296604,64999.9227238157,60686.708561910935,4313.214161904762,2554.2528387165084,4143.328720523808,18,2,882.6464008230475,0.0,21279.428988432563,17236.33748063038,10800.0,10800.0,1200.0,10800.0,0.0005180000007385,1.1368683772161605e-13,0,2.0,2.0
2025-04-02,mpc,error_scaled_frozen_contract_and_soc,76907.50817305571,39468.07979079585,37439.428382259866,64999.9227238157,60686.708561910935,4313.214161904762,2554.2528387165084,7088.594382151852,59,16,4305.773576001009,296.1018685855686,17788.429522049984,14519.301396383293,10800.0,10677.029462752442,1200.0,10800.0,1.210744299998623,2.273736754432321e-13,0,2.0,2.0
2025-04-03,greedy,error_scaled_frozen_contract_and_soc,42611.72688883927,39891.59662046959,2720.1302683696917,66004.70851689085,61604.629188319406,4400.07932857143,2660.522227575635,534.7721080935353,4,1,4964.377054495248,3230.20616904762,21950.023892298646,17779.519352761905,10800.0,10800.0,1200.0,10800.0,0.0003880000003846,2.273736754432321e-13,0,2.0,2.0
2025-04-03,mpc,error_scaled_frozen_contract_and_soc,50923.61052150971,39891.59662046959,11032.013901040133,66004.70851689085,61604.629188319406,4400.07932857143,2660.522227575635,2323.5630567568533,49,19,6592.319305010102,3947.112797524628,19881.70980616393,16267.26319695573,10800.0,10618.801940041172,1262.6640502645516,10800.0,1.068610100002843,2.273736754432321e-13,0,2.0,2.0
2025-04-04,greedy,error_scaled_frozen_contract_and_soc,17695.706689484563,17695.706689484563,0.0,33554.74257446373,29090.55822446373,4464.184350000001,2628.8079829922217,0.0,0,0,3929.489729100535,23953.16611579885,20549.559955100616,16645.143563631504,10800.0,10800.0,1778.2545613618202,10800.0,0.0005609999934677,2.273736754432321e-13,0,2.0,2.0
2025-04-04,mpc,error_scaled_frozen_contract_and_soc,23487.499041180992,17695.706689484563,5791.792351696429,33554.74257446373,29090.55822446373,4464.184350000001,2628.8079829922217,1453.5338547619046,33,10,5616.394701982503,23860.68783586643,19966.26308357964,16202.739530298171,10800.0,10766.59285266815,1779.2058079679318,10800.0,1.1539362000039546,2.273736754432321e-13,0,2.0,2.0
2025-04-05,greedy,error_scaled_frozen_contract_and_soc,17829.22057207057,17829.22057207057,0.0,33794.75091386069,29322.40978528926,4472.341128571428,2652.847589672381,0.0,0,0,2705.62956987066,13829.554556835414,20456.695646678425,16569.923473809526,10800.0,10800.0,1590.3216649206306,10800.0,0.0004690000059781,1.1368683772161605e-13,0,2.0,2.0
2025-04-05,mpc,error_scaled_frozen_contract_and_soc,32489.547394504683,17829.22057207057,14660.326822434115,33794.75091386069,29322.40978528926,4472.341128571428,2652.847589672381,2868.971575847682,38,15,3716.0893915410034,16304.697363768348,17856.75121926562,14586.610099152322,10800.0,10663.731542725369,1200.0,10800.0,1.1459095000027446,1.1368683772161605e-13,0,2.0,2.0
2025-04-06,greedy,error_scaled_frozen_contract_and_soc,39979.32600276767,39771.26492424217,208.06107852551096,65920.00402092352,61200.85635901876,4719.147661904761,2615.240198946906,44.75990904761622,2,2,5579.355700553047,4727.3808973251,20947.82739948688,16967.740193584374,10800.0,10800.0,1200.0,10800.0,0.000678099997458,2.273736754432321e-13,0,2.0,2.0
2025-04-06,mpc,error_scaled_frozen_contract_and_soc,46827.6116904972,39771.26492424217,7056.346766255028,65920.00402092352,61200.85635901876,4719.147661904761,2615.240198946906,1589.3438496472668,36,14,7376.290599110126,4603.296699445611,20291.74720238072,16439.926756556153,10800.0,10795.98719708026,1368.513742363744,10800.0,1.1209384000103455,2.273736754432321e-13,0,2.0,2.0
2025-04-07,greedy,error_scaled_frozen_contract_and_soc,39263.235938385245,39263.235938385245,0.0,64907.03468133908,60174.04456229147,4732.990119047618,2622.4770863442877,0.0,0,0,7478.944308234461,3515.490506786108,19102.30537410748,15472.86735302706,10800.0,10800.0,1600.371293968257,10800.0,0.000390300003346,2.273736754432321e-13,0,2.0,2.0
2025-04-07,mpc,error_scaled_frozen_contract_and_soc,47534.85482910086,39263.235938385245,8271.618890715621,64907.03468133908,60174.04456229147,4732.990119047618,2622.4770863442877,1746.7849456723732,28,10,5815.88830072015,7251.110111360389,18558.246878237984,15254.58750854516,10800.0,10552.880514252894,1223.7580370370374,10800.0,1.1002378999983191,2.273736754432321e-13,0,2.0,2.0
2025-04-08,greedy,error_scaled_frozen_contract_and_soc,41508.96955742742,39602.51922914194,1906.4503282854864,65357.14411164224,60558.986283070815,4798.157828571427,2600.161607861312,337.4193654660821,5,3,5679.455815449011,3799.2627261904768,21609.52600534979,17527.474700833332,10800.0,10773.601514999998,1200.0,10800.0,0.0002499999973224,2.273736754432321e-13,0,2.0,2.0
2025-04-08,mpc,error_scaled_frozen_contract_and_soc,51037.62131287882,39602.51922914194,11435.102083736878,65357.14411164224,60558.986283070815,4798.157828571427,2600.161607861312,2360.079982110413,40,13,7924.97703956976,4165.53944341194,19487.06342115044,15994.14944133186,10800.0,10567.079922,1363.162505291008,10800.0,1.014727199988556,2.273736754432321e-13,0,2.0,2.0
2025-04-09,greedy,error_scaled_frozen_contract_and_soc,58733.36869704416,39334.56667160588,19398.802025438275,64738.39234973515,59819.40378783039,4918.988561904761,2576.9250820634134,2862.5905618683164,6,1,1683.8514878012966,0.0,18346.938354347258,14906.609621021284,10800.0,10749.34494,1200.0,10800.0,0.0005766999965999,1.1368683772161605e-13,0,2.0,2.0
2025-04-09,mpc,error_scaled_frozen_contract_and_soc,71953.38440354518,39334.56667160588,32618.8177319393,64738.39234973515,59819.40378783039,4918.988561904761,2576.9250820634134,5732.327321260285,46,19,4298.04551013536,929.2928090212832,15697.987020610955,12931.40835924836,10800.0,10559.956808273906,1246.824074074074,10800.0,1.0825850999972315,2.273736754432321e-13,0,2.0,2.0
2025-04-10,greedy,error_scaled_frozen_contract_and_soc,39946.39682429259,39369.21739105536,577.1794332372367,64604.59284097195,59528.96596716243,5075.626873809524,2578.2813853472626,97.8132704761901,4,2,5274.087542974723,2237.207954497356,20572.09596365851,16754.317652063393,10800.0,10698.977865,1200.0,10800.0,0.0005372000014176,2.273736754432321e-13,0,2.0,2.0
2025-04-10,mpc,error_scaled_frozen_contract_and_soc,48788.842728960575,39369.21739105536,9419.62533790521,64604.59284097195,59528.96596716243,5075.626873809524,2578.2813853472626,1994.398792685124,39,17,6552.380538272353,3067.1365402739425,19400.24030163191,15794.09804890208,10800.0,10711.218439355298,1337.1888888888857,10800.0,1.110889400006272,2.273736754432321e-13,0,2.0,2.0
2025-04-11,greedy,error_scaled_frozen_contract_and_soc,17787.111942489748,17787.111942489748,0.0,33552.33259064068,28455.604164450207,5096.728426190475,2616.921980421787,0.0,0,0,3327.755759964723,24950.54434914488,20370.42299803325,16500.042628406933,10800.0,10800.0,1782.3171865079364,10800.0,0.0002821999951265,2.273736754432321e-13,0,2.0,2.0
2025-04-11,mpc,error_scaled_frozen_contract_and_soc,24170.1381311838,17787.111942489748,6383.02618869405,33552.33259064068,28455.604164450207,5096.728426190475,2616.921980421787,1490.8838142857146,29,8,5734.432961812412,24451.294357049785,19584.046218042567,16130.209243883124,10800.0,10503.186880812616,1837.0481185866429,10800.0,1.1773223999916809,2.273736754432321e-13,0,2.0,2.0
2025-04-12,greedy,error_scaled_frozen_contract_and_soc,18058.75094924593,18058.75094924593,0.0,33983.00809509703,28899.86532128751,5083.142773809523,2643.116237928732,0.0,0,0,4678.121803115813,17617.971373635373,18543.031963725003,15019.855890617251,10800.0,10800.0,2006.79020531746,10800.0,0.0009015999967232,1.1368683772161605e-13,0,2.0,2.0
2025-04-12,mpc,error_scaled_frozen_contract_and_soc,20941.632235515823,18058.75094924593,2882.881286269892,33983.00809509703,28899.86532128751,5083.142773809523,2643.116237928732,659.8873754022281,22,10,4871.662017863991,17909.07556999782,19691.43539070961,15993.016353310262,10800.0,10752.273681293917,1200.0,10800.0,1.1682107000087854,1.1368683772161605e-13,0,2.0,2.0
2025-04-13,greedy,error_scaled_frozen_contract_and_soc,38634.40331521828,38305.56035841786,328.84295680041487,62892.10933303208,58036.78806874636,4855.321264285714,2554.5366614846826,70.96710778571125,2,1,3258.9925846560877,1475.3736649617888,20137.93747248078,16311.729352709435,10800.0,10800.0,1200.0,10800.0,0.0003489000082481,2.273736754432321e-13,0,2.0,2.0
2025-04-13,mpc,error_scaled_frozen_contract_and_soc,50565.62344073452,38305.56035841786,12260.06308231666,62892.10933303208,58036.78806874636,4855.321264285714,2554.5366614846826,2406.9404119047613,44,14,4591.339808140321,2858.857919439896,18412.625423089867,14966.275477161817,10800.0,10742.16790615664,1249.7261930049633,10800.0,0.9266744000051405,1.1368683772161605e-13,0,2.0,2.0
2025-04-14,greedy,error_scaled_frozen_contract_and_soc,38551.82617714634,37985.95555329397,565.8706238523725,62673.32474471408,57776.03287090454,4897.291873809523,2531.341017247143,86.59678809523689,2,1,4811.551517813047,3047.227988418579,19867.43158098533,16092.61958059812,10800.0,10800.0,1200.0,10800.0,0.0002696999872568,2.273736754432321e-13,0,2.0,2.0
2025-04-14,mpc,error_scaled_frozen_contract_and_soc,45632.70598543736,37985.95555329397,7646.750432143386,62673.32474471408,57776.03287090454,4897.291873809523,2531.341017247143,1619.9767788502186,34,14,6199.573259335199,3389.3299716846614,18994.340613339955,15416.272346985996,10800.0,10765.715055354847,1230.6320370370377,10800.0,1.1189706000004662,2.273736754432321e-13,0,2.0,2.0
2025-04-15,greedy,error_scaled_frozen_contract_and_soc,38456.005002223326,38456.005002223326,0.0,63066.31904882557,58260.71501073032,4805.604038095238,2534.0684422264294,0.0,0,0,7197.41522211891,6612.63424325694,17771.532281314296,14394.941147864582,10800.0,10800.0,1437.636121693124,10800.0,0.000405500002671,2.273736754432321e-13,0,2.0,2.0
2025-04-15,mpc,error_scaled_frozen_contract_and_soc,50287.0176966351,38456.005002223326,11831.012694411776,63066.31904882557,58260.71501073032,4805.604038095238,2534.0684422264294,2040.0297948169896,31,15,6747.857199942548,9130.754652141502,17621.36330293943,14273.304761380925,10800.0,10799.999460000012,1200.0,10800.0,1.1375451000058092,2.273736754432321e-13,0,2.0,2.0
2025-04-16,greedy,error_scaled_frozen_contract_and_soc,38174.78586727138,38027.9087058627,146.87716140868122,62461.52561905137,57695.96285952756,4765.562759523809,2527.567045991192,29.759327607877868,1,1,939.4647594062322,0.0,20517.71649456476,16669.865821597457,10800.0,10743.87171,1200.0,10800.0,0.0009281000093324,2.273736754432321e-13,0,2.0,2.0
2025-04-16,mpc,error_scaled_frozen_contract_and_soc,55235.62717813291,38027.9087058627,17207.718472270208,62461.52561905137,57695.96285952756,4765.562759523809,2527.567045991192,3367.5050391129566,47,17,3509.655314298369,1398.2760088616626,17384.766842715722,14167.637021997138,10800.0,10704.471245113997,1200.0,10800.0,0.9582113999931609,2.273736754432321e-13,0,2.0,2.0
2025-04-17,greedy,error_scaled_frozen_contract_and_soc,37945.83994895927,37945.83994895927,0.0,62202.97979448375,57198.25191829326,5004.7278761904745,2463.303325116707,0.0,0,0,4227.004507775139,1795.9012449585464,19869.467325000296,16094.268533250244,10800.0,10800.0,1315.837441798943,10800.0,0.0003410000063013,2.273736754432321e-13,0,2.0,2.0
2025-04-17,mpc,error_scaled_frozen_contract_and_soc,48593.08477013727,37945.83994895927,10647.244821177996,62202.97979448375,57198.25191829326,5004.7278761904745,2463.303325116707,1945.465611599772,38,14,5058.060720111043,3329.5006068015778,18168.50393058326,14812.495101412376,10800.0,10693.325647066744,1200.0,10800.0,1.0467300999880536,2.273736754432321e-13,0,2.0,2.0
2025-04-18,greedy,error_scaled_frozen_contract_and_soc,17561.849917685882,17561.849917685882,0.0,33322.58443788793,28312.14215217364,5010.4422857142845,2411.131681844009,0.0,0,0,5182.774130776011,19247.18507687516,19673.56177568216,15935.585038302546,10800.0,10800.0,2046.1074982804228,10800.0,0.0003236000047763,1.1368683772161605e-13,0,2.0,2.0
2025-04-18,mpc,error_scaled_frozen_contract_and_soc,22028.68598318749,17561.849917685882,4466.836065501607,33322.58443788793,28312.14215217364,5010.4422857142845,2411.131681844009,1162.8923829761904,27,8,5561.35801481487,19997.46609237412,19852.656351673504,16080.652130855528,10800.0,10799.999460000012,1200.0,10800.0,1.019805500007351,1.1368683772161605e-13,0,2.0,2.0
2025-04-19,greedy,error_scaled_frozen_contract_and_soc,17273.280662356286,17273.280662356286,0.0,32749.397890377957,27674.47208561605,5074.925804761904,2385.169605493533,0.0,0,0,4467.155735420348,18530.84017130729,20184.17521470093,16349.18192390776,10800.0,10800.0,1740.1538848908467,10800.0,0.0003424999886192,1.1368683772161605e-13,0,2.0,2.0
2025-04-19,mpc,error_scaled_frozen_contract_and_soc,21977.17700645509,17273.280662356286,4703.896344098807,32749.397890377957,27674.47208561605,5074.925804761904,2385.169605493533,1208.4213547619038,30,14,5773.840189843111,18649.96894772365,19887.351882671337,16269.75046795538,10800.0,10621.11617445378,1622.9149428726048,10800.0,1.0731424000114202,1.1368683772161605e-13,0,2.0,2.0
2025-04-20,greedy,error_scaled_frozen_contract_and_soc,37510.02849517279,37510.02849517279,0.0,61682.876440002256,56530.39846619273,5152.477973809523,2383.589678036667,0.0,0,0,3694.108731804824,2757.086762375073,20959.752672248025,16977.399664520904,10800.0,10800.0,1600.4664750032282,10800.0,0.0007872999995015,2.273736754432321e-13,0,2.0,2.0
2025-04-20,mpc,error_scaled_frozen_contract_and_soc,48916.38236664578,37510.02849517279,11406.353871472997,61682.876440002256,56530.39846619273,5152.477973809523,2383.589678036667,2545.499111582455,43,17,4897.672864813194,4775.808636834972,18547.122052874995,15241.555941033686,10800.0,10557.347690883396,1308.994425925926,10800.0,0.9802243999874918,2.273736754432321e-13,0,2.0,2.0
2025-04-21,greedy,error_scaled_frozen_contract_and_soc,37728.44055688006,37728.44055688006,0.0,62098.610422082216,56862.33076493937,5236.279657142855,2373.56950155512,0.0,0,0,6541.162106508107,8051.23479011153,18093.75018413891,14655.937649152518,10800.0,10800.0,1548.3479105291028,10800.0,0.000311399999191,2.273736754432321e-13,0,2.0,2.0
2025-04-21,mpc,error_scaled_frozen_contract_and_soc,41709.628668869336,37728.44055688006,3981.1881119892814,62098.610422082216,56862.33076493937,5236.279657142855,2373.56950155512,965.6151285714276,27,12,8633.558411807202,6943.365853076746,19074.88583611269,15655.985540819183,10800.0,10571.857762702326,1509.1713645707932,10800.0,1.0248030999937328,1.1368683772161605e-13,0,2.0,2.0
2025-04-22,greedy,error_scaled_frozen_contract_and_soc,36998.07820421194,36998.07820421194,0.0,60396.5498802813,55264.38065409083,5132.169226190476,2433.8269808015484,0.0,0,0,2643.130440652561,1175.9180605232154,19666.750692034133,15930.068060547648,10800.0,10800.0,1854.0615476190496,10800.0,0.0003454999969108,1.1368683772161605e-13,0,2.0,2.0
2025-04-22,mpc,error_scaled_frozen_contract_and_soc,53720.03212087952,36998.07820421194,16721.953916667582,60396.5498802813,55264.38065409083,5132.169226190476,2433.8269808015484,3335.2083998247303,39,15,4401.585663438304,3697.018302380952,16353.474744057316,13561.13917738958,10800.0,10450.194850329824,1268.8115648148153,10800.0,0.9920064000034472,1.1368683772161605e-13,0,2.0,2.0
2025-04-23,greedy,error_scaled_frozen_contract_and_soc,37321.57149707199,37321.57149707199,0.0,61523.39151484308,56308.537676747845,5214.853838095238,2435.674104277698,0.0,0,0,5926.323362345686,1790.803747619048,18522.977394096604,15003.61168921825,10800.0,10800.0,1722.6307176455032,10800.0,0.0005857000069227,1.1368683772161605e-13,0,2.0,2.0
2025-04-23,mpc,error_scaled_frozen_contract_and_soc,48700.21242157403,37321.57149707199,11378.640924502057,61523.39151484308,56308.537676747845,5214.853838095238,2435.674104277698,2157.5938377796247,28,15,5030.167349034202,5060.80551309524,17384.812493122372,14081.698702629104,10800.0,10799.999352000015,1220.7481481481482,10800.0,1.0393996000057086,2.273736754432321e-13,0,2.0,2.0
2025-04-24,greedy,error_scaled_frozen_contract_and_soc,36842.86087796576,36842.86087796576,0.0,60468.35803597771,55280.35914550151,5187.998890476189,2462.771297855595,0.0,0,0,5619.607640946505,8782.689380952379,17474.642455051468,14154.460388591688,10800.0,10800.0,1678.3771659523843,10800.0,0.0003687999997055,2.273736754432321e-13,0,2.0,2.0
2025-04-24,mpc,error_scaled_frozen_contract_and_soc,39746.537316411,36842.86087796576,2903.6764384452395,60468.35803597771,55280.35914550151,5187.998890476189,2462.771297855595,638.2775928571431,26,16,6603.185224983316,8218.088700863529,18956.27102372256,15416.788268353594,10800.0,10730.879178735197,1569.7093878585747,10800.0,1.0297731000027852,2.273736754432321e-13,0,2.0,2.0
2025-04-25,greedy,error_scaled_frozen_contract_and_soc,16509.89427334058,16509.89427334058,0.0,31832.87188169868,26833.242276936773,4999.629604761905,2459.8182904588884,0.0,0,0,3495.7486347736585,25202.491089663272,19707.2733088964,15962.891380206083,10800.0,10800.0,1551.175319232805,10800.0,0.0003829999914159,1.1368683772161605e-13,0,2.0,2.0
2025-04-25,mpc,error_scaled_frozen_contract_and_soc,20044.16827627272,16509.89427334058,3534.274002932144,31832.87188169868,26833.242276936773,4999.629604761905,2459.8182904588884,717.752173809524,22,11,5303.417713231896,24445.987681973056,19593.35357741409,16182.385145682272,10800.0,10453.590280025714,1657.6611075105302,10800.0,1.17972230000305,1.1368683772161605e-13,0,2.0,2.0
2025-04-26,greedy,error_scaled_frozen_contract_and_soc,16729.808695751366,16537.966482436692,191.8422133146675,31901.057844114486,26872.03567982877,5029.022164285714,2441.1909205162697,43.76110933333348,2,1,3130.649972516171,29236.066655961447,20386.05303818905,16583.614248933132,10800.0,10721.20968,1200.0,10800.0,0.0003060000017285,1.1368683772161605e-13,0,2.0,2.0
2025-04-26,mpc,error_scaled_frozen_contract_and_soc,29039.711635885466,16537.966482436692,12501.74515344877,31901.057844114486,26872.03567982877,5029.022164285714,2441.1909205162697,2651.646960335452,42,13,4016.596598393983,31438.295206228617,18436.35627156788,15114.206807454826,10800.0,10599.157525016846,1200.0,10800.0,0.9944054000079632,2.273736754432321e-13,0,2.0,2.0
2025-04-27,greedy,error_scaled_frozen_contract_and_soc,47541.10960063736,34909.03846157304,12632.071139064305,57570.42504417277,52506.80444417277,5063.620599999999,2418.917842835833,1852.1141137857169,3,1,2568.6480402410334,4430.871461353812,20768.73647459563,16822.67654442246,10800.0,10800.0,1200.0,10800.0,0.0003540000034263,2.273736754432321e-13,0,2.0,2.0
2025-04-27,mpc,error_scaled_frozen_contract_and_soc,54088.75675167874,34909.03846157304,19179.718290105677,57570.42504417277,52506.80444417277,5063.620599999999,2418.917842835833,4013.954224827591,50,14,3995.8259804781633,5608.241484602723,18620.3987206334,15117.046642904394,10800.0,10761.640356454069,1201.2649417989433,10800.0,1.1467845000006491,2.273736754432321e-13,0,2.0,2.0
2025-04-28,greedy,error_scaled_frozen_contract_and_soc,93997.56330906012,35696.7785121998,58300.78479686031,58479.81328218926,53382.4752202845,5097.338061904762,2488.683076800357,9288.810322690471,25,4,1422.7240042606954,0.0,13662.70985288216,11066.794980834557,10800.0,10800.0,1200.0,10800.0,0.0003068000078201,2.273736754432321e-13,0,2.0,2.0
2025-04-28,mpc,error_scaled_frozen_contract_and_soc,96908.53201835183,35696.7785121998,61211.75350615205,58479.81328218926,53382.4752202845,5097.338061904762,2488.683076800357,11234.977363239308,63,18,2914.4730339656426,750.4024511904755,12509.882708891502,10209.95227719048,10800.0,10714.503018901822,1222.973685185185,10800.0,0.894846499999403,2.273736754432321e-13,0,2.0,2.0
2025-04-29,greedy,error_scaled_frozen_contract_and_soc,45496.05956160863,36194.059421318976,9302.000140289649,59372.94290670932,53803.14362575693,5569.79928095238,2769.494728972777,1354.1013235238065,2,1,4501.136499435375,8270.082903204,16870.952664027296,13665.471657862112,10800.0,10800.0,1200.0,10800.0,0.0005670999962603,1.1368683772161605e-13,0,2.0,2.0
2025-04-29,mpc,error_scaled_frozen_contract_and_soc,47067.31299784301,36194.059421318976,10873.253576524028,59372.94290670932,53803.14362575693,5569.79928095238,2769.494728972777,2289.5334374451813,26,8,5560.882753893002,7940.820303296252,18089.41971423932,14678.99024870264,10800.0,10770.488577590231,1218.3500000000029,10800.0,0.9124492999981156,2.273736754432321e-13,0,2.0,2.0
2025-04-30,greedy,error_scaled_frozen_contract_and_soc,36130.63963290252,36130.63963290252,0.0,59090.43809259515,53504.15183783324,5586.286254761905,2786.621715913928,0.0,0,0,5200.829846913581,3586.93217845374,18579.30724606125,15049.23886930961,10800.0,10800.0,1223.0525714285736,10800.0,0.0003228000132367,1.1368683772161605e-13,0,2.0,2.0
2025-04-30,mpc,error_scaled_frozen_contract_and_soc,49651.77111387264,36130.63963290252,13521.131480970136,59090.43809259515,53504.15183783324,5586.286254761905,2786.621715913928,2414.5475035294803,28,11,6814.694848611365,4954.396791923256,16767.16261184633,13803.87634673251,10800.0,10552.805965403351,1200.0,10800.0,1.1947917999932542,1.1368683772161605e-13,0,2.0,2.0
2025-05-01,greedy,error_scaled_frozen_contract_and_soc,59339.61293398321,35866.998861478496,23472.61407250472,58257.78297497828,52667.65579640686,5590.127178571428,2787.128702656865,3628.421274738096,14,3,1899.4103978861956,4045.943673809524,20500.95418544714,17773.84242171218,10800.0,9502.144965,1200.0,10800.0,0.0003704999980982,2.273736754432321e-13,0,2.0,2.0
2025-05-01,mpc,error_scaled_frozen_contract_and_soc,69441.7588274571,35866.998861478496,33574.75996597861,58257.78297497828,52667.65579640686,5590.127178571428,2787.128702656865,6320.66605195009,68,13,3485.340285309685,5728.072427564864,17470.354901411163,15319.057001643045,10800.0,9502.144965,1200.0,10800.0,1.1618059999891557,2.273736754432321e-13,0,2.0,2.0
2025-05-02,greedy,error_scaled_frozen_contract_and_soc,42150.35938176175,17244.411845841958,24905.947535919797,32626.39090787427,27116.37225549332,5510.018652380953,2942.457000928729,4223.2847544352535,15,2,1774.9477690476192,6087.427964285715,20830.380542857143,17198.521797214285,10309.860375,9947.734199999995,1200.0,10800.0,0.0002335000026505,1.1368683772161605e-13,0,2.0,2.0
2025-05-02,mpc,error_scaled_frozen_contract_and_soc,68504.02821880739,17244.411845841958,51259.61637296542,32626.39090787427,27116.37225549332,5510.018652380953,2942.457000928729,9437.459126031974,60,9,2700.372401886428,11560.273471428573,14598.298038589764,12150.535061331848,10309.860375,9947.73409713984,1200.0000000000005,10452.43143,0.9357598000060534,1.1368683772161605e-13,0,2.0,2.0
2025-05-03,greedy,error_scaled_frozen_contract_and_soc,35053.360177712995,17579.30593216539,17474.05424554761,33082.14277313742,27249.201068375514,5832.9417047619045,3172.1409154365074,3045.6192919761884,10,1,2662.1816834215174,16796.996550316628,20666.22073054756,16841.71277774353,10499.603685,10386.188144999998,1200.0,10800.0,0.0002726000093389,1.1368683772161605e-13,0,2.0,2.0
2025-05-03,mpc,error_scaled_frozen_contract_and_soc,47432.4481462088,17579.30593216539,29853.14221404341,33082.14277313742,27249.201068375514,5832.9417047619045,3172.1409154365074,5635.817501590163,53,10,3130.72747865137,19412.72258232259,18065.834266406982,14735.399931224794,10499.603685,10386.187934516516,1200.0,10666.065495,1.0218544999952428,1.1368683772161605e-13,0,2.0,2.0
2025-05-04,greedy,error_scaled_frozen_contract_and_soc,54749.46630629389,37147.01007322366,17602.456233070232,60539.38468979237,54476.88889217332,6062.495797619047,3254.2240343076983,2851.1577357142846,13,2,3733.19946252921,4469.617690175076,16095.242476403417,13697.40726788676,10697.165265,9963.542085,1200.0,10800.0,0.0003635000030044,1.1368683772161605e-13,0,2.0,2.0
2025-05-04,mpc,error_scaled_frozen_contract_and_soc,67559.7305082338,37147.01007322366,30412.720435010124,60539.38468979237,54476.88889217332,6062.495797619047,3254.2240343076983,5393.883518853501,46,8,4099.968261027478,6737.12560522961,15613.395946183944,13307.111668080875,10697.165265,9963.54198536458,1200.0,10776.170365714286,1.1606774999963818,1.1368683772161605e-13,0,2.0,2.0
2025-05-05,greedy,error_scaled_frozen_contract_and_soc,61837.65204088984,37422.486460827495,24415.16558006234,61295.95152624548,55030.57135243596,6265.380173809524,3334.77718675508,3892.0788912746,19,3,2362.0642334371964,167.6395119047648,21677.59213051146,18055.10841071429,10515.888885,9964.490235,1200.0,10800.0,0.0004262000002199,2.273736754432321e-13,0,2.0,2.0
2025-05-05,mpc,error_scaled_frozen_contract_and_soc,80760.57306566398,37422.486460827495,43338.08660483648,61295.95152624548,55030.57135243596,6265.380173809524,3334.77718675508,8461.349542831384,66,10,4505.969477787957,3652.4038570719736,16121.367731469683,13558.282949633696,10515.888885,9960.361010396393,1200.0,10796.118492857142,1.017540699991514,1.1368683772161605e-13,0,2.0,2.0
2025-05-06,greedy,error_scaled_frozen_contract_and_soc,56257.86999669846,37341.47292905512,18916.39706764334,60672.03433855496,54081.88122903115,6590.153109523808,3351.258947767302,3081.6537870387965,15,4,2340.6272768556623,2821.4877023809518,20685.273097619043,17662.35377507143,10567.706235,9559.614495,1200.0,10800.0,0.0004709000058937,2.273736754432321e-13,0,2.0,2.0
2025-05-06,mpc,error_scaled_frozen_contract_and_soc,69877.27322982534,37341.47292905512,32535.80030077023,60672.03433855496,54081.88122903115,6590.153109523808,3351.258947767302,6443.72706190476,71,10,3760.951805333161,5529.715572566775,16634.746713241435,14378.306514491182,10567.706235,9563.08214970487,1203.4676547048707,10800.0,1.0875513999926625,1.1368683772161605e-13,0,2.0,2.0
2025-05-07,greedy,error_scaled_frozen_contract_and_soc,66852.2352436439,38111.65103005844,28740.584213585444,62069.38658636241,55045.1647673148,7024.221819047619,3290.511281549404,4379.244517095241,13,4,1500.4343806041538,2198.5111896192434,19792.287869904565,16337.741717622695,10365.689415,10025.702145,1200.0,10800.0,0.0005313000001478,2.273736754432321e-13,0,2.0,2.0
2025-05-07,mpc,error_scaled_frozen_contract_and_soc,75892.11898287057,38111.65103005844,37780.46795281213,62069.38658636241,55045.1647673148,7024.221819047619,3290.511281549404,7245.423856470717,74,12,3533.839552795339,3644.614723577411,16564.239520898067,13723.022735390075,10365.689415,10025.701944485956,1200.0,10800.0,1.0087811999983387,2.273736754432321e-13,0,2.0,2.0
2025-05-08,greedy,error_scaled_frozen_contract_and_soc,43020.83059132341,41409.27388036388,1611.5567109595263,65315.703019545,57988.14894811642,7327.554071428571,3296.268201040039,239.55088333333367,2,1,4096.821490106761,0.0,19016.27017661725,15212.370099559968,10587.990285,10800.0,1674.9682671957669,10800.0,0.0006517000001622,2.273736754432321e-13,0,2.0,2.0
2025-05-08,mpc,error_scaled_frozen_contract_and_soc,63711.58389809783,41409.27388036388,22302.310017733947,65315.703019545,57988.14894811642,7327.554071428571,3296.268201040039,4017.67601132304,32,15,6611.938264379778,1903.778673809525,15899.106921391858,12735.977164427404,10587.990285,10746.100776,1215.5726203703705,10800.0,1.1816187000076752,2.273736754432321e-13,0,2.0,2.0
2025-05-09,greedy,error_scaled_frozen_contract_and_soc,21080.839563201363,21080.839563201363,0.0,36972.76041320311,29467.640296536447,7505.120116666666,3302.334690922024,0.0,0,0,6188.092951352144,19091.427002955046,19819.60030997852,16053.876251082598,10800.0,10800.0,2173.994267195766,10800.0,0.0005822999955853,1.1368683772161605e-13,0,2.0,2.0
2025-05-09,mpc,error_scaled_frozen_contract_and_soc,26933.896756241837,21080.839563201363,5853.057193040474,36972.76041320311,29467.640296536447,7505.120116666666,3302.334690922024,1401.2070309523804,30,12,7551.443248420188,19221.261704256744,19335.508814097608,15661.762722619049,10800.0,10799.999352000015,1814.9053958368183,10800.0,1.149456099999952,1.2789769243681806e-13,0,2.0,2.0
2025-05-10,greedy,error_scaled_frozen_contract_and_soc,20976.847430508667,20976.847430508667,0.0,36680.3256406522,29377.506638271243,7302.819002380952,3338.5334529040474,0.0,0,0,5469.606498736031,11689.2773847558,19629.52656650816,15899.91651887161,10800.0,10800.0,2011.2126269945084,10800.0,0.0003160999913234,1.1368683772161605e-13,0,2.0,2.0
2025-05-10,mpc,error_scaled_frozen_contract_and_soc,35144.67166072203,20976.847430508667,14167.82423021336,36680.3256406522,29377.506638271243,7302.819002380952,3338.5334529040474,2686.5258747763714,30,11,5633.806868934309,14808.24223690476,17318.948440589495,14185.977740523813,10800.0,10624.856107059648,1240.0304576719566,10800.0,1.029250999999931,2.273736754432321e-13,0,2.0,2.0
2025-05-11,greedy,error_scaled_frozen_contract_and_soc,42326.49528080906,41667.62031042811,658.874970380952,66116.489247388,58487.95165691183,7628.537590476189,3261.133009974206,97.77575238095233,2,1,4609.926445825985,1951.549522516165,17948.577872171223,14538.348076458691,10800.0,10800.0,1455.9154767724867,10800.0,0.0003708000003825,1.1368683772161605e-13,0,2.0,2.0
2025-05-11,mpc,error_scaled_frozen_contract_and_soc,53580.67846649872,41667.62031042811,11913.05815607062,66116.489247388,58487.95165691183,7628.537590476189,3261.133009974206,2344.0919169362687,34,13,6692.481218063912,2475.80764817016,16880.217262374543,13830.484199998617,10800.0,10624.99086947196,1200.0,10800.0,1.040158200004953,2.273736754432321e-13,0,2.0,2.0
2025-05-12,greedy,error_scaled_frozen_contract_and_soc,41866.76463629457,41866.76463629457,0.0,66700.09981404469,58930.48891642562,7769.610897619046,3195.985649071588,0.0,0,0,8999.514201055099,6174.549331278819,15034.34302404158,12177.817849473682,10800.0,10800.0,1911.340055555554,10800.0,0.0003377999964868,2.273736754432321e-13,0,2.0,2.0000000000000004
2025-05-12,mpc,error_scaled_frozen_contract_and_soc,54934.64971570209,41866.76463629457,13067.88507940752,66700.09981404469,58930.48891642562,7769.610897619046,3195.985649071588,2452.8479253575097,33,11,7662.312187876256,9782.575195603653,16073.99939194321,13035.45014316379,10800.0,10782.765960344675,1200.0,10800.0,1.1236492000025464,2.273736754432321e-13,0,2.0,2.0000000000000004
2025-05-13,greedy,error_scaled_frozen_contract_and_soc,41888.0441153248,41888.0441153248,0.0,66739.80621830004,58870.03807544291,7869.768142857141,3201.7492765605166,0.0,0,0,9149.30741302143,3207.5811030573523,17350.024823721007,14053.520107214015,10800.0,10800.0,1495.5869312169332,10800.0,0.0003180999920004,2.273736754432321e-13,0,2.0,2.0
2025-05-13,mpc,error_scaled_frozen_contract_and_soc,46761.59391690099,41888.0441153248,4873.549801576187,66739.80621830004,58870.03807544291,7869.768142857141,3201.7492765605166,843.6146690476181,20,11,9861.204626239853,3305.451658869504,17534.304014214245,14203.95239769021,10800.0,10798.70428202592,1530.4446856537356,10800.0,0.9246366000006674,2.273736754432321e-13,0,2.0,2.0
2025-05-14,greedy,error_scaled_frozen_contract_and_soc,42142.23124684211,42142.23124684211,0.0,67000.44446254158,59161.372241113,7839.072221428569,3218.5113092927786,0.0,0,0,9184.127943212092,4028.294970044809,16939.863931072185,13721.289784168464,10800.0,10800.0,2261.9580687830703,10800.0,0.0003192000003764,1.1368683772161605e-13,0,2.0,2.0
2025-05-14,mpc,error_scaled_frozen_contract_and_soc,45537.33179126115,42142.23124684211,3395.100544419046,67000.44446254158,59161.372241113,7839.072221428569,3218.5113092927786,839.4593690476185,22,9,9513.493454732432,4550.484460509799,17294.477463610663,14087.998949644658,10800.0,10711.697550977757,1373.682516472894,10800.0,1.1083386999962386,2.273736754432321e-13,0,2.0,2.0
2025-05-15,greedy,error_scaled_frozen_contract_and_soc,41532.48771684821,41532.48771684821,0.0,65987.96025596315,58166.587796439344,7821.372459523807,3237.854073214208,0.0,0,0,7577.570900663019,3928.551758416621,18334.84775302109,14851.22667994709,10800.0,10800.0,2664.150020922988,10800.0,0.0004502000083448,1.1368683772161605e-13,0,2.0,2.0
2025-05-15,mpc,error_scaled_frozen_contract_and_soc,51322.96823668551,41532.48771684821,9790.4805198373,65987.96025596315,58166.587796439344,7821.372459523807,3237.854073214208,2463.7719574074067,36,11,7928.191581497753,6419.014773931232,16835.842998964392,13729.533664832328,10800.0,10697.221293698698,1244.5560462962967,10800.0,1.0786381999932928,2.273736754432321e-13,0,2.0,2.0
2025-05-16,greedy,error_scaled_frozen_contract_and_soc,20667.90625629116,20667.90625629116,0.0,36089.61964234847,28239.1318113961,7850.487830952379,3258.913887344921,0.0,0,0,5944.128550088182,29208.974806191534,18575.919362767894,15046.494683841996,10800.0,10800.0,2634.54946703704,10800.0,0.0006044999900041,1.1368683772161605e-13,0,2.0,2.0
2025-05-16,mpc,error_scaled_frozen_contract_and_soc,25147.632897751875,20667.90625629116,4479.726641460714,36089.61964234847,28239.1318113961,7850.487830952379,3258.913887344921,1044.525121428571,28,13,7907.23770754702,28737.744590440525,18615.57804129817,15533.50718265152,10800.0,10294.567812,2051.0616330327025,10800.0,1.01046450001013,1.1368683772161605e-13,0,2.0,2.0
2025-05-17,greedy,error_scaled_frozen_contract_and_soc,20731.30632743245,20731.30632743245,0.0,36413.69398336865,28657.179826225794,7756.514157142858,3322.310875460754,0.0,0,0,4748.479437860082,14393.733031995393,20550.65129919214,16646.027552345637,10800.0,10800.0,1455.2089667460343,10800.0,0.0009821999992709,2.273736754432321e-13,0,2.0,2.0
2025-05-17,mpc,error_scaled_frozen_contract_and_soc,40434.05634708717,20731.30632743245,19702.750019654723,36413.69398336865,28657.179826225794,7756.514157142858,3322.310875460754,3749.867735417064,38,12,5560.235686866085,18213.12563690476,16639.342884562484,13616.000256214284,10800.0,10646.519422534808,1200.0,10800.0,1.1067895000014687,2.273736754432321e-13,0,2.0,2.0
2025-05-18,greedy,error_scaled_frozen_contract_and_soc,41023.7620016313,41023.7620016313,0.0,64617.086879205584,56731.41501491987,7885.671864285714,3373.748891221984,0.0,0,0,6807.791720634921,219.4051818342183,18605.25806051766,15070.259029019307,10800.0,10800.0,2473.5894444444466,10800.0,0.0003225999971618,2.273736754432321e-13,0,2.0,2.0
2025-05-18,mpc,error_scaled_frozen_contract_and_soc,58708.82623303805,41023.7620016313,17685.06423140676,64617.086879205584,56731.41501491987,7885.671864285714,3373.748891221984,3472.149865373599,35,14,7219.208019240576,4111.443928668032,14818.754682935334,12115.060831502851,10800.0,10675.700512971973,1200.0,10800.0,1.0550934999919264,2.273736754432321e-13,0,2.0,2.0
2025-05-19,greedy,error_scaled_frozen_contract_and_soc,41689.15508407141,40457.2454356857,1231.9096483857152,64240.90443032802,56251.37195413754,7989.532476190476,3389.725063028769,182.38260476190487,3,1,8049.617089168804,10889.001231260354,16878.572119768447,13671.643417012445,10800.0,10800.0,1542.784193121692,10800.0,0.0005118000117363,1.1368683772161605e-13,0,2.0,2.0
2025-05-19,mpc,error_scaled_frozen_contract_and_soc,47263.21791208688,40457.2454356857,6805.972476401187,64240.90443032802,56251.37195413754,7989.532476190476,3389.725063028769,1192.0944499999996,24,11,9863.106095312589,10291.535368208995,16405.90986477126,13405.292459869588,10800.0,10670.54947843904,1591.7013325712755,10800.0,0.937011200003326,2.273736754432321e-13,0,2.0,2.0
2025-05-20,greedy,error_scaled_frozen_contract_and_soc,40124.34334441177,40124.34334441177,0.0,63477.08920440144,55535.960687734776,7941.128516666667,3405.099198673055,0.0,0,0,2813.147398206941,148.31899523809489,18197.08022057261,14739.634978663822,10800.0,10800.0,1565.5882777777751,10800.0,0.0005875000060768,1.1368683772161605e-13,0,2.0,2.0
2025-05-20,mpc,error_scaled_frozen_contract_and_soc,68600.36897562954,40124.34334441177,28476.025631217766,63477.08920440144,55535.960687734776,7941.128516666667,3405.099198673055,4902.523005404092,41,15,5164.771905996021,3916.8027320594574,13090.76965691455,10850.909654212111,10800.0,10525.126408765194,1200.0,10800.0,1.0451522000075784,2.273736754432321e-13,0,2.0,2.0
2025-05-21,greedy,error_scaled_frozen_contract_and_soc,40522.178841013534,40435.4719151802,86.70692583333418,64026.08839084242,55961.61189798528,8064.476492857144,3383.239139484522,12.861666666666792,1,1,3877.1063023838974,6790.118750790701,16532.77978471783,13391.551625621432,10800.0,10800.0,1478.254864999998,10800.0,0.0002682999911485,1.1368683772161605e-13,0,2.0,2.0
2025-05-21,mpc,error_scaled_frozen_contract_and_soc,49280.762283525866,40435.4719151802,8845.29036834566,64026.08839084242,55961.61189798528,8064.476492857144,3383.239139484522,2009.58681802334,30,12,6511.595264369184,6446.554521651609,16084.10841258592,13237.079834979046,10800.0,10567.831088017272,1200.0,10800.0,0.9920730000012554,2.842170943040401e-13,0,2.0,2.0
2025-05-22,greedy,error_scaled_frozen_contract_and_soc,39865.41628365742,39763.77666865742,101.63961500000036,62952.77165795244,54819.84415319053,8132.927504761905,3372.74332365492,15.07000000000005,1,1,5238.420342242266,4023.5936946208217,17798.985186184585,14417.17800080952,10800.0,10800.0,1342.457197724872,10800.0,0.0002641000028233,2.273736754432321e-13,0,2.0,2.0
2025-05-22,mpc,error_scaled_frozen_contract_and_soc,48668.48003244907,39763.77666865742,8904.703363791665,62952.77165795244,54819.84415319053,8132.927504761905,3372.74332365492,1720.6594095238097,30,13,6308.648785469745,4918.749704833472,16610.633789887317,13488.621648428569,10800.0,10762.213023755736,1296.674503159858,10800.0,1.0817799999931594,2.273736754432321e-13,0,2.0,2.0
2025-05-23,greedy,error_scaled_frozen_contract_and_soc,20604.50056839885,20604.50056839885,0.0,36151.99696270986,28030.506419852725,8121.490542857142,3371.825810806984,0.0,0,0,6977.9656742210445,18482.1531178076,20763.90832939993,16818.76574681394,10800.0,10800.0,1378.1175203125526,10800.0,0.0003957000008085,2.273736754432321e-13,0,2.0,2.0
2025-05-23,mpc,error_scaled_frozen_contract_and_soc,32204.42207915124,20604.50056839885,11599.921510752383,36151.99696270986,28030.506419852725,8121.490542857142,3371.825810806984,2446.087800000001,34,12,6857.161350841862,21566.254068397662,18468.91335857222,15040.979603197113,10800.0,10709.822463607092,1200.0,10800.0,1.0464961000106996,2.273736754432321e-13,0,2.0,2.0
2025-05-24,greedy,error_scaled_frozen_contract_and_soc,21162.81971982473,21162.81971982473,0.0,36856.57805296801,28644.570255348965,8212.007797619048,3327.570902364643,0.0,0,0,7586.935799529689,25386.821563246813,18675.61143960445,15127.245266079604,10800.0,10800.0,2276.1850147792748,10800.0,0.0002515000087441,1.1368683772161605e-13,0,2.0,2.0
2025-05-24,mpc,error_scaled_frozen_contract_and_soc,25046.90551243782,21162.81971982473,3884.085792613093,36856.57805296801,28644.570255348965,8212.007797619048,3327.570902364643,992.5285190476186,22,11,8274.463512045088,25603.516495503216,19198.41940673741,15561.747358936747,10800.0,10787.747067245064,1777.1382402285012,10800.0,1.0482172000047285,1.1368683772161605e-13,0,2.0,2.0
2025-05-25,greedy,error_scaled_frozen_contract_and_soc,40137.428681103134,40137.428681103134,0.0,63607.63710728133,55290.88521680514,8316.75189047619,3268.3231802429773,0.0,0,0,7125.655631863612,7961.068327948736,16550.412104473362,13405.833804623428,10800.0,10800.0,1468.9510846560884,10800.0,0.0010017000022344,2.273736754432321e-13,0,2.0,2.0
2025-05-25,mpc,error_scaled_frozen_contract_and_soc,46825.66518882218,40137.428681103134,6688.236507719045,63607.63710728133,55290.88521680514,8316.75189047619,3268.3231802429773,1264.7945714285715,31,16,8249.448829410156,8072.969803885309,16933.54606432358,13759.867866528188,10800.0,10751.449383971009,1299.616639429476,10800.0,1.0445841000037035,2.273736754432321e-13,0,2.0,2.0
2025-05-26,greedy,error_scaled_frozen_contract_and_soc,53330.4718899407,39802.41693028569,13528.054959655015,62412.14253299028,54103.553966323605,8308.588566666665,3274.6073700758343,2137.833681366868,6,2,2197.2838370370328,0.0,19007.85138439153,15396.35962135714,10800.0,10800.0,1200.0,10800.0,0.0003372999926796,2.273736754432321e-13,0,2.0,2.0
2025-05-26,mpc,error_scaled_frozen_contract_and_soc,64470.91621622568,39802.41693028569,24668.49928594,62412.14253299028,54103.553966323605,8308.588566666665,3274.6073700758343,5159.255016922488,46,12,5267.309916184454,745.2616378991177,15769.538343535472,12951.912961991997,10800.0,10601.570106968598,1245.6416666666669,10800.0,1.064037999996799,2.273736754432321e-13,0,2.0,2.0
2025-05-27,greedy,error_scaled_frozen_contract_and_soc,40695.05680315568,40695.05680315568,0.0,63910.61001446342,55388.48157160627,8522.128442857143,3359.6197785773006,0.0,0,0,7682.474122938136,6165.697055643739,16681.61639185773,13512.10927740476,10800.0,10800.0,1855.963859788361,10800.0,0.0003496999997878,1.1368683772161605e-13,0,2.0,2.0
2025-05-27,mpc,error_scaled_frozen_contract_and_soc,45821.31155466044,40695.05680315568,5126.25475150476,63910.61001446342,55388.48157160627,8522.128442857143,3359.6197785773006,1168.6896095238096,32,16,8305.36586380471,6904.188564822352,16285.9134537173,13309.099979785717,10800.0,10669.433241916997,1250.66574074074,10800.0,0.9589432000066154,2.273736754432321e-13,0,2.0,2.0
2025-05-28,greedy,error_scaled_frozen_contract_and_soc,40122.01598108336,40122.01598108336,0.0,63096.211204979496,54678.83294783664,8417.378257142858,3409.006403592697,0.0,0,0,4717.127441416815,1061.650182249832,20131.69596680954,16306.673733115733,10800.0,10800.0,1787.186716931218,10800.0,0.0003746000002138,2.273736754432321e-13,0,2.0,2.0
2025-05-28,mpc,error_scaled_frozen_contract_and_soc,52200.18891727383,40122.01598108336,12078.172936190467,63096.211204979496,54678.83294783664,8417.378257142858,3409.006403592697,2684.8094943095225,46,16,6801.996970421448,2284.137252216667,17082.341072599975,13879.865943568111,10800.0,10752.03369470874,1200.0,10800.0,0.971803699998418,1.1368683772161605e-13,0,2.0,2.0
2025-05-29,greedy,error_scaled_frozen_contract_and_soc,41724.7123685941,39481.598580840815,2243.1137877532924,62435.15183180275,54245.6555841837,8189.496247619048,3260.3096393546025,326.1618655305738,3,3,1264.0935775132327,0.0,20845.32618201058,16884.714207428573,10800.0,10800.0,1200.0,10800.0,0.0004139999946346,2.273736754432321e-13,0,2.0,2.0
2025-05-29,mpc,error_scaled_frozen_contract_and_soc,60608.58832526358,39481.598580840815,21126.98974442278,62435.15183180275,54245.6555841837,8189.496247619048,3260.3096393546025,4415.51457932465,57,14,4722.69565727448,1537.603787991118,16267.125695210592,13213.366874586882,10800.0,10758.89437614856,1200.0,10800.0,0.9889283000084106,2.273736754432321e-13,0,2.0,2.0
2025-05-30,greedy,error_scaled_frozen_contract_and_soc,20628.76659140298,20628.76659140298,0.0,36234.91679591559,27792.94746972512,8441.969326190476,3143.046539862262,0.0,0,0,5698.3205873443485,19872.194247619045,19886.32253884612,16107.921256465355,10800.0,10800.0,1799.088406772482,10800.0,0.0003387000033399,1.1368683772161605e-13,0,2.0,2.0
2025-05-30,mpc,error_scaled_frozen_contract_and_soc,35765.36306573934,20628.76659140298,15136.596474336358,36234.91679591559,27792.94746972512,8441.969326190476,3143.046539862262,2950.3983897917105,34,15,6184.446796083953,22933.24657738095,17071.72029677319,13890.09916310222,10800.0,10731.10475253785,1200.0,10800.0,0.9827993999933824,2.273736754432321e-13,0,2.0,2.0
2025-05-31,greedy,error_scaled_frozen_contract_and_soc,21787.74505982398,20921.658307418464,866.0867524055169,36627.48257587772,28065.13768063961,8562.344895238097,3116.868885933809,209.401064693718,3,1,7249.303727278071,15003.193105526158,20531.50771005291,16630.521245142856,10800.0,10800.0,1200.0,10800.0,0.0004734999965876,1.1368683772161605e-13,0,2.0,2.0
2025-05-31,mpc,error_scaled_frozen_contract_and_soc,36880.854265721406,20921.658307418464,15959.195958302938,36627.48257587772,28065.13768063961,8562.344895238097,3116.868885933809,3181.70159047125,35,13,7301.4189219047585,18795.05192954604,17134.26779021586,14104.954818174849,10800.0,10548.668991000002,1200.0,10800.0,0.9394973000016762,3.410605131648481e-13,0,2.0,2.0
2025-06-01,greedy,error_scaled_frozen_contract_and_soc,176436.2752127009,40747.305282975605,135688.96992972528,64470.60957356676,55942.53921166199,8528.070361904762,3091.450233253849,25610.17219395704,75,2,2.153683333333447,0.0,9483.362688095236,9483.341034857149,10800.0,8797.980824999999,1200.0,10800.0,0.0003220000071451,2.273736754432321e-13,0,2.0,2.0000000000000004
2025-06-01,mpc,error_scaled_frozen_contract_and_soc,163348.58024966368,40747.305282975605,122601.27496668808,64470.60957356676,55942.53921166199,8528.070361904762,3091.450233253849,26064.707323838,116,6,349.0741420691486,161.0524891906381,9202.11149254974,9255.527657357145,10800.0,8797.980724009049,1200.0,10800.0,1.2078154999908293,2.273736754432321e-13,0,2.0,2.0000000000000004
2025-06-02,greedy,error_scaled_frozen_contract_and_soc,156847.8960392988,41741.525254869535,115106.37078442922,66713.46153391639,58005.8045624878,8707.656971428572,3801.5270185602767,19269.317323714284,46,2,68.27573333333328,0.0,17527.31405482303,15327.983082906656,10028.644275,8772.13461,1200.0,10028.644275,0.0008574000094085,1.1368683772161605e-13,0,2.0,2.0
2025-06-02,mpc,error_scaled_frozen_contract_and_soc,162007.642709055,41741.525254869535,120266.11745418549,66713.46153391639,58005.8045624878,8707.656971428572,3801.5270185602767,24899.84972271428,107,5,2977.312052380951,4042.2382476190464,10576.039488156366,9697.450683906656,10028.644275,8772.13461,1200.0,10800.0,1.0192478000099072,2.273736754432321e-13,0,2.0,2.0
2025-06-03,greedy,error_scaled_frozen_contract_and_soc,136611.29389021345,43140.27092458055,93471.0229656329,68818.83643625505,59381.15820530266,9437.67823095238,4335.3198329473,15046.347218666671,35,2,77.68874761904772,0.0,16207.93354206919,13830.099158576042,10081.41045,9301.773795,1200.0,10081.41045,0.0004009999975096,2.273736754432321e-13,0,2.0,2.0
2025-06-03,mpc,error_scaled_frozen_contract_and_soc,129326.8003725812,43140.27092458055,86186.52944800066,68818.83643625505,59381.15820530266,9437.67823095238,4335.3198329473,17746.014435223806,101,8,2753.772298865366,649.1778523809519,12915.332557489535,11163.092361066523,10081.41045,9301.773795,1200.0,10800.0,1.0941840000014054,2.273736754432321e-13,0,2.0,2.0
2025-06-04,greedy,error_scaled_frozen_contract_and_soc,132640.78401564632,44240.824749153646,88399.95926649267,70649.31823552851,60616.42786171899,10032.89037380952,4425.744800588174,13921.572393404758,39,2,0.0,0.0,14723.177903784172,13053.860710565184,10305.44058,9052.011014999998,1200.0,10305.44058,0.0002202000032411,2.273736754432321e-13,0,2.0,2.0
2025-06-04,mpc,error_scaled_frozen_contract_and_soc,128209.2486614527,44240.824749153646,83968.42391229907,70649.31823552851,60616.42786171899,10032.89037380952,4425.744800588174,17292.34359444613,100,8,3799.427249974652,336.17232619047513,10702.170325238092,9797.68150714286,10305.44058,9051.081087,1200.0,10774.848805714286,0.9545378000038908,2.273736754432321e-13,0,2.0,2.0
2025-06-05,greedy,error_scaled_frozen_contract_and_soc,127407.57968053067,45869.89872456093,81537.68095596976,72931.54729567509,62541.97726472271,10389.570030952382,4667.602515098095,12828.307437384765,27,2,0.0,0.0,16310.375691668463,14692.250265751458,10213.056824999998,8567.67243,1200.0,10213.056824999998,0.0002124000020558,2.273736754432321e-13,0,2.0,2.0
2025-06-05,mpc,error_scaled_frozen_contract_and_soc,125962.1174908176,45869.89872456093,80092.21876625667,72931.54729567509,62541.97726472271,10389.570030952382,4667.602515098095,16581.81786360858,100,6,4336.086901510881,291.676428571428,11709.044618729013,10965.172096670496,10213.056824999998,8567.67243,1200.0,10782.405822857145,1.001515500000096,2.273736754432321e-13,0,2.0,2.0
2025-06-06,greedy,error_scaled_frozen_contract_and_soc,90745.66254848112,23193.097934749632,67552.56461373148,39961.239239068,28906.505922401324,11054.733316666669,4623.069104473253,11607.99163226534,34,3,302.35009047619087,16.639469047618732,19851.19544047619,16692.18682628571,10002.38067,9321.582315,1200.0,10800.0,0.000376399999368,1.1368683772161605e-13,0,2.0,2.0
2025-06-06,mpc,error_scaled_frozen_contract_and_soc,122268.12118500633,23193.097934749632,99075.0232502567,39961.239239068,28906.505922401324,11054.733316666669,4623.069104473253,19551.44248740819,83,7,3637.0846761904754,6442.188344047619,10288.91856904762,8946.742560428575,10002.38067,9321.582315,1200.0,10002.38067,1.1153324999904726,2.273736754432321e-13,0,2.0,2.0
2025-06-07,greedy,error_scaled_frozen_contract_and_soc,71448.22786306692,24080.411070672944,47367.81679239397,41261.1029948494,29341.48743770653,11919.61555714286,4950.25655933595,7764.012627055363,26,3,198.1928499999998,0.0,18962.36111190476,16300.231097142856,10377.666974999998,9332.42409,1200.0,10377.666974999998,0.0003681999951368,2.273736754432321e-13,0,2.0,2.0
2025-06-07,mpc,error_scaled_frozen_contract_and_soc,94108.81982358008,24080.411070672944,70028.40875290711,41261.1029948494,29341.48743770653,11919.61555714286,4950.25655933595,13371.48352424584,72,10,3658.54257274122,3408.858947619048,12321.636432020685,10921.24419042857,10377.666974999998,9332.42399667576,1200.0,10377.666974999998,1.0871866999950726,1.1368683772161605e-13,0,2.0,2.0
2025-06-08,greedy,error_scaled_frozen_contract_and_soc,57042.323109163975,57042.323109163975,0.0,89298.21156648526,76333.58121172336,12964.630354761905,4699.108273285831,0.0,0,0,22902.21920329978,4235.041738095237,15751.87782754262,12351.04064530952,10346.68845,10800.0,2230.0690793650783,10800.0,0.0003888000064762,2.273736754432321e-13,0,2.0,2.0
2025-06-08,mpc,error_scaled_frozen_contract_and_soc,60501.373930204456,57042.323109163975,3459.0508210404746,89298.21156648526,76333.58121172336,12964.630354761905,4699.108273285831,754.4842476190472,16,5,18481.797291143164,9034.606036196448,18116.866215407543,14340.687171499996,10346.68845,10717.771186644575,1485.2118415260757,10799.999926883796,1.0082844999997178,2.273736754432321e-13,0,2.0,2.0
2025-06-09,greedy,error_scaled_frozen_contract_and_soc,56740.715556594434,56133.94398038492,606.7715762095204,87752.67824051145,74785.5406476543,12967.137592857143,4708.115893179443,89.89258333333282,4,3,11531.35197211051,1202.0939808348026,20104.94470899471,16285.005214285711,10800.0,10800.0,1734.0223333333345,10800.0,0.0003058000002056,2.273736754432321e-13,0,2.0,2.0
2025-06-09,mpc,error_scaled_frozen_contract_and_soc,70017.95902879938,56133.94398038492,13884.015048414454,87752.67824051145,74785.5406476543,12967.137592857143,4708.115893179443,2859.877804926622,41,13,14299.59609001672,1798.0569714285748,17270.052402875677,14044.334795073371,10800.0,10738.230723617691,1200.0,10800.0,1.1086952000041492,2.273736754432321e-13,0,2.0,2.0
2025-06-10,greedy,error_scaled_frozen_contract_and_soc,56432.36501795467,56233.60293760942,198.7620803452373,87904.20962182472,75081.02197658662,12823.187645238097,4751.613121029881,29.476938095237983,2,2,11502.931677233306,428.7343523809519,19223.2965755438,15570.870226190476,10800.0,10800.0,1981.672179894178,10800.0,0.0004660000122385,2.273736754432321e-13,0,2.0,2.0
2025-06-10,mpc,error_scaled_frozen_contract_and_soc,68928.60716113652,56233.60293760942,12695.00422352708,87904.20962182472,75081.02197658662,12823.187645238097,4751.613121029881,2557.9779091428127,38,15,13141.264379064363,1737.2713845807418,17628.302617703426,14394.245031333376,10800.0,10671.866765562663,1200.0,10800.0,1.1940720999991754,1.1368683772161605e-13,0,2.0,2.0
2025-06-11,greedy,error_scaled_frozen_contract_and_soc,70020.80280775546,56621.69249536024,13399.110312395229,88954.10311748687,76160.18881748687,12793.9143,4777.29769160722,2759.255533333331,10,2,7091.620129747202,0.0,23090.54775502075,18703.34368156681,10800.0,10800.0,1200.0,10800.0,0.000395999988541,2.273736754432321e-13,0,2.0,2.0
2025-06-11,mpc,error_scaled_frozen_contract_and_soc,97025.88160610168,56621.69249536024,40404.18911074143,88954.10311748687,76160.18881748687,12793.9143,4777.29769160722,8077.957129336237,54,11,12741.19218259805,906.2311309523808,16836.80698788419,13686.704502230572,10800.0,10745.676842172916,1200.0,10800.0,1.1055711999943014,2.273736754432321e-13,0,2.0,2.0
2025-06-12,greedy,error_scaled_frozen_contract_and_soc,57700.90638861903,57700.90638861903,0.0,89990.571036829,77083.20264873377,12907.368388095238,4783.472884070317,0.0,0,0,13830.308055579604,491.09481190476254,18831.6509539442,15253.637272694805,10800.0,10800.0,2668.639896825399,10800.0,0.0002833000035025,2.273736754432321e-13,0,2.0,2.0
2025-06-12,mpc,error_scaled_frozen_contract_and_soc,68405.17819849215,57700.90638861903,10704.27180987312,89990.571036829,77083.20264873377,12907.368388095238,4783.472884070317,2218.6774536100597,28,15,15553.432139694118,1235.7923904761933,17598.25558173445,14269.38610956094,10800.0,10783.5565684933,1200.0,10800.0,1.152477700001327,2.273736754432321e-13,0,2.0,2.0
2025-06-13,greedy,error_scaled_frozen_contract_and_soc,30513.57937212477,30513.57937212477,0.0,48962.90201590694,36028.9639730498,12933.938042857142,4766.147983198888,0.0,0,0,9810.819341977998,6190.362583333333,19301.269862783905,15634.028588854964,10800.0,10800.0,2145.998077542099,10800.0,0.0006776999944122,2.273736754432321e-13,0,2.0,2.0
2025-06-13,mpc,error_scaled_frozen_contract_and_soc,36520.94650856644,30513.57937212477,6007.367136441668,48962.90201590694,36028.9639730498,12933.938042857142,4766.147983198888,1248.1619738095235,31,14,10490.087524550185,6926.614876823719,18663.75872362609,15163.875951950202,10800.0,10748.631793541046,1734.0586106362146,10800.0,1.1680917000048794,1.1368683772161605e-13,0,2.0,2.0
2025-06-14,greedy,error_scaled_frozen_contract_and_soc,30716.77612221756,30716.77612221756,0.0,49273.915704714185,36166.74083090466,13107.174873809525,4697.58678314115,0.0,0,0,10697.45396784232,10409.797816666667,17628.90614644339,14279.413978619144,10800.0,10800.0,2745.207566269844,10800.0,0.0006419999990612,1.1368683772161605e-13,0,2.0,2.0
2025-06-14,mpc,error_scaled_frozen_contract_and_soc,33355.81662220804,30716.77612221756,2639.040499990477,49273.915704714185,36166.74083090466,13107.174873809525,4697.58678314115,576.8422500000001,19,11,9856.669883264844,11815.836813203272,18480.217346389025,15119.137840523905,10800.0,10633.153566723568,1916.584784142812,10800.0,1.036094700000831,1.515824497307994e-13,0,2.0,2.0
2025-06-15,greedy,error_scaled_frozen_contract_and_soc,57499.932099373575,57499.932099373575,0.0,89420.75884556302,76348.86864318207,13071.890202380951,4701.117371921585,0.0,0,0,16809.873271253797,162.7267261904766,17359.254150499706,14060.99586190476,10800.0,10800.0,2711.266235449735,10800.0,0.0004429999971762,2.273736754432321e-13,0,2.0,2.0000000000000004
2025-06-15,mpc,error_scaled_frozen_contract_and_soc,66906.76963421406,57499.932099373575,9406.837534840475,89420.75884556302,76348.86864318207,13071.890202380951,4701.117371921585,1807.3101071428569,23,10,17828.01502895957,906.8199619047612,17715.851526127266,14372.51812380952,10800.0,10774.80179150396,1377.6616163595702,10800.0,1.1750060000049416,2.273736754432321e-13,0,2.0,2.0000000000000004
2025-06-16,greedy,error_scaled_frozen_contract_and_soc,58151.153034200135,58046.412982941794,104.74005125833486,90210.67711410989,77183.9844283956,13026.692685714286,4713.491057911546,15.502116666666891,1,1,13783.150143710134,219.75324761904744,19722.053177542613,15974.863073809522,10800.0,10800.0,2502.5521029100523,10800.0,0.0005614999972749,2.273736754432321e-13,0,2.0,2.0
2025-06-16,mpc,error_scaled_frozen_contract_and_soc,69209.27768394299,58046.412982941794,11162.864701001192,90210.67711410989,77183.9844283956,13026.692685714286,4713.491057911546,2406.086607142857,34,12,15549.31158951579,1265.354854761904,17737.6026088322,14411.591067571426,10800.0,10750.96338398073,1200.0,10800.0,1.060382000010577,2.273736754432321e-13,0,2.0,2.0
2025-06-17,greedy,error_scaled_frozen_contract_and_soc,58127.413195349385,57508.93384966843,618.4793456809541,89736.92145604783,76745.30604414307,12991.615411904762,4710.259314540751,91.53097857142882,2,2,8916.08436922399,103.5219404761906,21170.62238679224,17148.204133301715,10800.0,10800.0,1481.128719523813,10800.0,0.0003499000013107,2.273736754432321e-13,0,2.0,2.0
2025-06-17,mpc,error_scaled_frozen_contract_and_soc,80065.23711916385,57508.93384966843,22556.303269495427,89736.92145604783,76745.30604414307,12991.615411904762,4710.259314540751,4660.402551512008,42,16,13747.385609470322,663.7925833333325,16923.847456069714,13724.129512742087,10800.0,10782.429918527096,1200.0,10800.0,1.217946799995843,2.273736754432321e-13,0,2.0,2.0
2025-06-18,greedy,error_scaled_frozen_contract_and_soc,58942.45043942512,58734.11983442512,208.3306049999983,91259.9283181543,78046.76098720194,13213.167330952385,4588.671856838133,30.904999999999745,1,1,19985.491468213106,289.4247547619036,15341.136766607882,12426.32078095238,10800.0,10800.0,2335.4834894179894,10800.0,0.0003728000010596,2.273736754432321e-13,0,2.0,2.0
2025-06-18,mpc,error_scaled_frozen_contract_and_soc,62194.595390167975,58734.11983442512,3460.47555574286,91259.9283181543,78046.76098720194,13213.167330952385,4588.671856838133,670.0157380952388,17,8,18569.603587268542,1934.3467320313132,17690.02901421911,14365.13638679322,10800.0,10759.763460804732,1200.0,10800.0,0.8786281000066083,2.273736754432321e-13,0,2.0,2.0
2025-06-19,greedy,error_scaled_frozen_contract_and_soc,59040.69597494417,58077.524575182266,963.1713997619032,90227.82080805782,77027.75965567687,13200.061152380951,4595.191839188927,143.04857142857122,2,1,19123.18217301285,3913.3001351263993,18469.855776513818,14960.58317897619,10800.0,10800.0,2036.847878306879,10800.0,0.0002588000061223,2.273736754432321e-13,0,2.0,2.0
2025-06-19,mpc,error_scaled_frozen_contract_and_soc,66305.12161902394,58077.524575182266,8227.59704384167,90227.82080805782,77027.75965567687,13200.061152380951,4595.191839188927,1806.32331904762,31,13,20379.72624076926,4502.75154397143,17980.56106419809,14654.009195642857,10800.0,10700.272518175108,1276.4730309075592,10800.0,1.224801700009266,1.1368683772161605e-13,0,2.0,2.0
2025-06-20,greedy,error_scaled_frozen_contract_and_soc,29980.431223137133,29980.431223137133,0.0,47876.34237375091,34798.67635708424,13077.666016666668,4677.129226303054,0.0,0,0,11608.193488565556,14497.019729616046,17294.233412770776,14008.329064344332,10800.0,10800.0,3243.5208737973003,10800.0,0.0003003000019816,2.273736754432321e-13,0,2.0,2.0
2025-06-20,mpc,error_scaled_frozen_contract_and_soc,31926.59217429308,29980.431223137133,1946.160951155951,47876.34237375091,34798.67635708424,13077.666016666668,4677.129226303054,516.0965547619045,20,12,12119.97035544429,14325.84182679866,18527.84005704277,15066.43811791576,10800.0,10734.56925365431,2167.8776610715213,10800.0,0.9364695999975085,1.1368683772161605e-13,0,2.0,2.0
2025-06-21,greedy,error_scaled_frozen_contract_and_soc,30156.488819077487,30156.488819077487,0.0,48504.03960433393,35444.70299004821,13059.336614285716,4692.0582818054345,0.0,0,0,13562.44246800236,18684.59620714286,18554.09323633156,15028.815521428569,10800.0,10800.0,2082.259405091009,10800.0,0.0003559000033419,2.273736754432321e-13,0,2.0,2.0
2025-06-21,mpc,error_scaled_frozen_contract_and_soc,33715.678851021534,30156.488819077487,3559.1900319440483,48504.03960433393,35444.70299004821,13059.336614285716,4692.0582818054345,975.4413738095236,25,12,14571.111754629002,18650.828626873623,18628.38184111642,15102.564458761311,10800.0,10784.916480603328,2330.9012436249973,10800.0,1.063401999999769,2.273736754432321e-13,0,2.0,2.0
2025-06-22,greedy,error_scaled_frozen_contract_and_soc,56095.67201913891,56046.67339726391,48.99862187499957,87436.28180587375,74405.19622015946,13031.085585714289,4712.525094448132,7.288749999999936,1,1,18599.818814427534,910.873809523808,16908.462398589072,13695.85454285714,10800.0,10800.0,1800.1885026455027,10800.0,0.0006503000040538,2.273736754432321e-13,0,2.0,2.0
2025-06-22,mpc,error_scaled_frozen_contract_and_soc,65330.51870505796,56046.67339726391,9283.845307794048,87436.28180587375,74405.19622015946,13031.085585714289,4712.525094448132,2018.157842857143,24,8,17897.171012281728,3510.0081976190463,17510.47815073487,14183.487788095235,10800.0,10799.999460000012,1200.0,10800.0,0.99142039999424,1.1368683772161605e-13,0,2.0,2.0
2025-06-23,greedy,error_scaled_frozen_contract_and_soc,55965.499041070594,55965.499041070594,0.0,87301.87642648337,74284.07062410243,13017.805802380954,4720.456729174759,0.0,0,0,17061.149336625524,2842.999792122277,17815.78482517473,14430.785708391537,10800.0,10800.0,2295.0993386243413,10800.0,0.0002535000094212,2.273736754432321e-13,0,2.0,2.0
2025-06-23,mpc,error_scaled_frozen_contract_and_soc,63988.19391337733,55965.499041070594,8022.694872306733,87301.87642648337,74284.07062410243,13017.805802380954,4720.456729174759,1784.754008391533,28,14,17641.678971417954,4314.601003760152,17141.263143030137,14023.640864285711,10800.0,10645.313646187446,1200.0,10800.0,0.8928734000073746,2.273736754432321e-13,0,2.0,2.0
2025-06-24,greedy,error_scaled_frozen_contract_and_soc,79388.57289309765,55433.494663900434,23955.07822919722,86240.78777669225,73242.79265764463,12997.99511904762,4743.433991920752,4712.398650238094,16,2,3472.307300323335,0.0,21442.721292919083,17368.604247264455,10800.0,10800.0,1200.0,10800.0,0.0003438999992795,2.273736754432321e-13,0,2.0,2.0
2025-06-24,mpc,error_scaled_frozen_contract_and_soc,104542.24455346251,55433.494663900434,49108.74988956209,86240.78777669225,73242.79265764463,12997.99511904762,4743.433991920752,9909.739587154058,63,16,9714.648415746176,64.21584523809508,15707.455332258143,12742.554310348489,10800.0,10778.316120867345,1200.0,10800.0,1.0292179999960354,2.273736754432321e-13,0,2.0,2.0
2025-06-25,greedy,error_scaled_frozen_contract_and_soc,55542.51914342656,55542.51914342656,0.0,86549.86595626369,73144.81342293035,13405.052533333332,4681.207494807181,0.0,0,0,10927.17370177868,0.0,19671.17625167549,15933.652763857142,10800.0,10800.0,2178.276087301589,10800.0,0.000775499996962,2.273736754432321e-13,0,2.0,2.0
2025-06-25,mpc,error_scaled_frozen_contract_and_soc,68458.04846034292,55542.51914342656,12915.52931691637,86549.86595626369,73144.81342293035,13405.052533333332,4681.207494807181,2677.9624026451224,44,15,13716.245662569236,393.15974047619136,17017.12986945636,13783.875680259642,10800.0,10799.999460000012,1200.0,10800.0,1.0858977000025334,1.1368683772161605e-13,0,2.0,2.0
2025-06-26,greedy,error_scaled_frozen_contract_and_soc,56101.90718719144,55833.16487773666,268.7423094547605,86797.79607669837,73662.08831717455,13135.70775952381,4794.534746971467,39.88179523809504,2,2,16706.554115469684,822.4914738095241,19257.433768371546,15598.521352380954,10800.0,10800.0,2063.717304232805,10800.0,0.000528899996425,2.273736754432321e-13,0,2.0,2.0
2025-06-26,mpc,error_scaled_frozen_contract_and_soc,66021.52038663429,55833.16487773666,10188.355508897625,86797.79607669837,73662.08831717455,13135.70775952381,4794.534746971467,2128.4482714285723,29,10,17457.18481565773,2655.707076355612,17323.304048970745,14159.671459523808,10800.0,10658.005355713882,1337.912636390113,10800.0,0.91783160000341,2.273736754432321e-13,0,2.0,2.0
2025-06-27,greedy,error_scaled_frozen_contract_and_soc,28841.141203624087,28841.141203624087,0.0,46623.29965486439,33487.73828343582,13135.561371428572,4788.186215131586,0.0,0,0,11263.726713227516,15350.669570732052,19421.208230326145,15731.17866656418,10800.0,10800.0,2065.8604686588487,10800.0,0.0004027999966638,1.7053025658242404e-13,0,2.0,2.0
2025-06-27,mpc,error_scaled_frozen_contract_and_soc,33932.118279228845,28841.141203624087,5090.977075604763,46623.29965486439,33487.73828343582,13135.561371428572,4788.186215131586,1154.1672785714288,30,11,11660.350599907182,16241.864763570851,18768.78694961721,15212.409186802275,10800.0,10789.231380430736,2158.2113082043425,10800.0,1.0874610000028042,1.7053025658242404e-13,0,2.0,2.0
2025-06-28,greedy,error_scaled_frozen_contract_and_soc,28719.466009170534,28719.466009170534,0.0,46856.6681014682,33826.85687765867,13029.811223809524,4791.671331029602,0.0,0,0,9795.218777777776,13304.99689334698,18669.8587812562,15122.585612817518,10800.0,10800.0,2651.529279232802,10800.0,0.0003301000106148,1.1368683772161605e-13,0,2.0,2.0
2025-06-28,mpc,error_scaled_frozen_contract_and_soc,35509.340570658824,28719.466009170534,6789.874561488294,46856.6681014682,33826.85687765867,13029.811223809524,4791.671331029602,1483.176336985604,24,12,9595.416047832638,15124.578132165376,18418.93281643055,15008.261819879532,10800.0,10701.193068254688,1332.4206759259273,10800.0,0.9967899000039324,1.1368683772161605e-13,0,2.0,2.0
2025-06-29,greedy,error_scaled_frozen_contract_and_soc,55066.14926351918,55066.14926351918,0.0,86184.2712734869,73188.07310205832,12996.198171428572,4759.210906809721,0.0,0,0,12213.259499883125,607.7664428571427,19785.80915931805,16026.505419047618,10800.0,10800.0,2132.5187685185174,10800.0,0.0004040999920107,2.273736754432321e-13,0,2.0,2.0
2025-06-29,mpc,error_scaled_frozen_contract_and_soc,67857.02475689878,55066.14926351918,12790.875493379614,86184.2712734869,73188.07310205832,12996.198171428572,4759.210906809721,2757.878979576737,35,13,13770.59055694113,2248.186040979107,17470.697635090462,14151.265570423262,10800.0,10799.999460000012,1200.0,10800.0,1.0942482999962522,2.273736754432321e-13,0,2.0,2.0
2025-06-30,greedy,error_scaled_frozen_contract_and_soc,56433.89613821605,55648.19809678749,785.6980414285719,86693.87633978148,73666.86139454338,13027.014945238096,4763.395536869324,116.63357142857149,2,2,11739.68073015215,875.7268547619043,20018.246353938852,16214.779546690472,10800.0,10800.0,2321.891751322753,10800.0,0.0003635999892139,2.273736754432321e-13,0,2.0,2.0
2025-06-30,mpc,error_scaled_frozen_contract_and_soc,67602.97783269224,55648.19809678749,11954.779735904758,86693.87633978148,73666.86139454338,13027.014945238096,4763.395536869324,2814.4631095238087,33,11,13945.243736474751,2097.345069021307,17524.202357166374,14450.08723240476,10800.0,10516.129641000003,1200.0,10800.0,0.9069897000008496,2.273736754432321e-13,0,2.0,2.0
2025-07-01,greedy,error_scaled_frozen_contract_and_soc,96115.3286882621,56127.208129442224,39988.12055881988,87549.69229103794,74481.1053529427,13068.58693809524,4769.063415307936,7015.557507595236,30,5,4407.720083047344,331.01954523809513,20044.805123133447,17657.114283738094,10800.0,9221.30874,1200.0,10800.0,0.0007659999973839,2.273736754432321e-13,0,2.0,2.0
2025-07-01,mpc,error_scaled_frozen_contract_and_soc,106313.76281204348,56127.208129442224,50186.55468260126,87549.69229103794,74481.1053529427,13068.58693809524,4769.063415307936,11907.551942827402,85,13,10217.39153018876,477.846130952382,14442.154609325364,13118.967367553549,10800.0,9221.30874,1200.0,10800.0,1.112306199996965,2.273736754432321e-13,0,2.0,2.0
2025-07-02,greedy,error_scaled_frozen_contract_and_soc,91668.1490332122,53801.92878173876,37866.22025147342,84529.75973265764,72386.3801398005,12143.379592857144,4852.315540049167,6506.442435580611,30,4,7635.578969000167,2805.818897619048,19918.26215,17332.051896,10429.70898,9098.309475,1200.0,10800.0,0.0003345000004628,2.273736754432321e-13,0,2.0,2.0
2025-07-02,mpc,error_scaled_frozen_contract_and_soc,102812.04795336296,53801.92878173876,49010.11917162418,84529.75973265764,72386.3801398005,12143.379592857144,4852.315540049167,12071.271468979316,71,7,11777.07513495419,5021.210790681649,15749.53043622147,13955.379207839387,10429.70898,9098.309475,1200.0,10684.361629285717,0.976461099999142,2.273736754432321e-13,0,2.0,2.0
2025-07-03,greedy,error_scaled_frozen_contract_and_soc,130507.75067920066,52555.538027529874,77952.2126516708,82519.71954590306,70947.12233161734,11572.597214285714,4811.755584762897,13394.051847857136,38,2,277.3456000000009,0.0,18681.0815873344,16151.933010240868,10379.455215,9245.83641,1200.0,10379.455215,0.0002333000011276,2.273736754432321e-13,0,2.0,2.0
2025-07-03,mpc,error_scaled_frozen_contract_and_soc,129044.99503330984,52555.538027529874,76489.45700578,82519.71954590306,70947.12233161734,11572.597214285714,4811.755584762897,17418.893508833393,97,6,4655.66466472671,394.2251928571426,14745.80476308388,12964.358782597945,10379.455215,9245.83641,1200.0,10640.017497857143,1.1190656000107992,2.273736754432321e-13,0,2.0,2.0
2025-07-04,greedy,error_scaled_frozen_contract_and_soc,78816.76824796521,26846.981864763096,51969.78638320211,44482.83346062778,32948.210174913496,11534.623285714286,4994.552136729166,11834.659899419832,33,2,3298.184361904762,11950.620054761905,19284.36217142857,17077.331901857142,10448.936895,8830.049625,1200.0,10800.0,0.0008091999916359,1.1368683772161605e-13,0,2.0,2.0
2025-07-04,mpc,error_scaled_frozen_contract_and_soc,96721.17558528123,26846.981864763096,69874.19372051813,44482.83346062778,32948.210174913496,11534.623285714286,4994.552136729166,16166.100424033091,81,3,3535.642078571429,17060.619775889383,13936.904733634425,12745.891377243888,10448.936895,8830.049625,1200.0,10448.936895,1.0233312000054866,1.1368683772161605e-13,0,2.0,2.0
2025-07-05,greedy,error_scaled_frozen_contract_and_soc,84791.65702604069,26869.576215331483,57922.08081070921,45001.09055876802,33422.33338733945,11578.757171428571,4975.596823782063,12241.087566303397,34,2,3133.246276190476,12726.093999999996,19622.70880714286,16839.149567785716,10267.58037,9217.852109999998,1200.0,10800.0,0.0005818999925395,1.1368683772161605e-13,0,2.0,2.0
2025-07-05,mpc,error_scaled_frozen_contract_and_soc,95477.92622425075,26869.576215331483,68608.35000891928,45001.09055876802,33422.33338733945,11578.757171428571,4975.596823782063,15858.863182774572,83,4,3610.750572304603,16722.93193734235,15166.945145114949,13239.952522743111,10267.58037,9206.772641999998,1200.0,10267.58037,0.9661351999966428,1.1368683772161605e-13,0,2.0,2.0
2025-07-06,greedy,error_scaled_frozen_contract_and_soc,163099.2278849984,50568.24221845308,112530.98566654533,79377.80984098585,67722.2363386049,11655.573502380952,4912.504035782937,18686.49334021161,53,3,513.8534591677787,0.0,16408.31386619636,14912.86832511905,10457.356605,8654.98539,1200.0,10457.356605,0.0003432000085012,2.273736754432321e-13,0,2.0,2.0
2025-07-06,mpc,error_scaled_frozen_contract_and_soc,156994.58743880416,50568.24221845308,106426.3452203511,79377.80984098585,67722.2363386049,11655.573502380952,4912.504035782937,22647.162258080956,106,8,4391.499955741881,947.216928720204,11859.921721854427,11228.670688202088,10457.356605,8654.98539,1200.0,10702.763631428572,1.131865800009109,2.273736754432321e-13,0,2.0,2.0
2025-07-07,greedy,error_scaled_frozen_contract_and_soc,101808.1405106432,50111.81627454565,51696.32423609757,78786.10910134703,66887.79363944227,11898.31546190476,4746.059161942659,8774.54989957143,31,2,397.0272928571432,0.0,19133.40037814228,16312.342405795243,10215.098685,9310.334129999996,1200.0,10215.098685,0.0007577999931527,2.273736754432321e-13,0,2.0,2.0
2025-07-07,mpc,error_scaled_frozen_contract_and_soc,110382.45317725762,50111.81627454565,60270.63690271198,78786.10910134703,66887.79363944227,11898.31546190476,4746.059161942659,13756.64956237014,79,9,4935.994638326059,1431.1537895649517,13933.287807394128,12100.251307282246,10215.098685,9310.334036896656,1200.0,10701.48669,1.033246799997869,2.273736754432321e-13,0,2.0,2.0
2025-07-08,greedy,error_scaled_frozen_contract_and_soc,60088.49516069005,59514.47324569005,574.0219150000008,92796.17993279328,80875.24648041232,11920.93345238095,4438.170494052896,85.25500000000011,1,1,11011.810528964948,2577.772680952381,21987.000806114047,17478.61151895238,10432.378740000002,10800.0,1885.6731059259253,10800.0,0.0005432000034488,2.273736754432321e-13,0,2.0,2.0
2025-07-08,mpc,error_scaled_frozen_contract_and_soc,75189.20808586504,59514.47324569005,15674.734840174991,92796.17993279328,80875.24648041232,11920.93345238095,4438.170494052896,3388.374795238093,51,17,14619.577935152693,3020.4424618874577,18254.76182375312,14493.689928476191,10432.378740000002,10757.56446084871,1223.1928399203762,10757.56446084871,1.1122288999904413,3.2684965844964614e-13,0,2.0,2.0
2025-07-09,greedy,error_scaled_frozen_contract_and_soc,59439.40403186052,59021.26249852718,418.14153333333263,91613.3139376012,79644.02950902976,11969.284428571427,4434.904506940675,62.00616666666656,2,1,14468.47861987067,1125.9094380952374,18638.09952940878,15096.860618821116,10800.0,10800.0,2624.672753412696,10800.0,0.0005328999977791,2.273736754432321e-13,0,2.0,2.0
2025-07-09,mpc,error_scaled_frozen_contract_and_soc,69090.22923617718,59021.26249852718,10068.966737649997,91613.3139376012,79644.02950902976,11969.284428571427,4434.904506940675,2039.8895166666653,27,10,14391.61073614332,3354.242941916376,17735.843390267375,14368.186749773497,10800.0,10797.607107047865,1638.7574996001504,10800.0,1.1310271999973338,2.273736754432321e-13,0,2.0,2.0
2025-07-10,greedy,error_scaled_frozen_contract_and_soc,59912.88290987485,59729.37125797008,183.511651904762,92294.13744148676,80363.64414862961,11930.493292857142,4458.875050226587,27.22559523809525,2,2,16839.00358410875,2514.4213006172827,18194.89684009406,14737.866440476188,10800.0,10800.0,2064.1798794973565,10800.0,0.0004262000002199,2.273736754432321e-13,0,2.0,2.0
2025-07-10,mpc,error_scaled_frozen_contract_and_soc,66909.68207395461,59729.37125797008,7180.310815984524,92294.13744148676,80363.64414862961,11930.493292857142,4458.875050226587,1450.3457190476186,25,14,16186.624160656464,4622.405438770559,18198.56251348831,14774.016704761903,10800.0,10763.132145737358,1616.0891434285722,10800.0,1.0713328999991063,2.273736754432321e-13,0,2.0,2.0
2025-07-11,greedy,error_scaled_frozen_contract_and_soc,34311.766328988844,34311.766328988844,0.0,55126.64299067941,43248.65833591751,11877.984654761904,4479.774366942857,0.0,0,0,9388.947404673723,6695.590292872871,18953.474211977213,15352.314111701542,10800.0,10800.0,2190.650063585585,10800.0,0.0006043999892426,2.273736754432321e-13,0,2.0,2.0
2025-07-11,mpc,error_scaled_frozen_contract_and_soc,40796.20884803289,34311.766328988844,6484.442519044045,55126.64299067941,43248.65833591751,11877.984654761904,4479.774366942857,1736.5629357142857,24,6,9649.616318183407,8344.941708625369,18040.54311961979,14612.840412892016,10800.0,10799.999460000012,1217.148387566136,10800.0,1.035387100011576,1.5276668818842157e-13,0,2.0,2.0
2025-07-12,greedy,error_scaled_frozen_contract_and_soc,34180.40410921958,34180.40410921958,0.0,55144.83860375941,43185.61027994989,11959.22832380952,4454.7564859225,0.0,0,0,8121.75337134039,11744.547388591873,18182.62637102012,14727.9273605263,10800.0,10800.0,2594.058798941801,10800.0,0.0003629999991971,1.1368683772161605e-13,0,2.0,2.0
2025-07-12,mpc,error_scaled_frozen_contract_and_soc,39629.754982264814,34180.40410921958,5449.35087304524,55144.83860375941,43185.61027994989,11959.22832380952,4454.7564859225,1244.2461476190483,27,11,8998.284251298599,12169.00361966832,17883.99279093784,14486.034743859633,10800.0,10799.999352000015,1685.0044113246454,10800.0,1.0526908000028925,2.273736754432321e-13,0,2.0,2.0
2025-07-13,greedy,error_scaled_frozen_contract_and_soc,60195.5796032076,59493.19795864214,702.3816445654763,92349.52734328894,80262.58119328895,12086.946149999998,4387.450220445437,104.41595952380952,2,2,18606.966006423507,8464.387026145578,15634.12521932767,12663.64142765542,10800.0,10800.0,2710.6520343915377,10800.0,0.0003721000102814,1.2789769243681806e-13,0,2.0,2.0
2025-07-13,mpc,error_scaled_frozen_contract_and_soc,63461.10883641952,59493.19795864214,3967.910877777377,92349.52734328894,80262.58119328895,12086.946149999998,4387.450220445437,698.7253928571423,13,8,19649.645131717545,7524.516040757621,18269.811603231108,14807.82651813161,10800.0,10789.68986720621,1735.0822501448647,10800.0,0.9532914000010352,3.1263880373444413e-13,0,2.0,2.0
2025-07-14,greedy,error_scaled_frozen_contract_and_soc,58483.92538424796,58399.73643317652,84.1889510714285,91050.01088425552,79148.09987711266,11901.911007142857,4344.417517699326,12.50392857142856,1,1,16192.299004379776,3306.5036074074046,15851.503865121593,12839.71813074849,10800.0,10800.0,2116.55705044974,10800.0,0.0007983999967109,2.273736754432321e-13,0,2.0,2.0
2025-07-14,mpc,error_scaled_frozen_contract_and_soc,63167.51755315509,58399.73643317652,4767.781119978567,91050.01088425552,79148.09987711266,11901.911007142857,4344.417517699326,803.7315571428564,14,9,15831.098365550732,4053.098721306432,18114.77692100399,14697.158033129446,10800.0,10773.12363653754,1251.839377603107,10800.0,1.1077961999981198,2.273736754432321e-13,0,2.0,2.0
2025-07-15,greedy,error_scaled_frozen_contract_and_soc,58569.49863533383,58535.00196652431,34.49666880952336,90700.84935012928,78794.440714415,11906.408635714282,4292.775918274605,5.131523809523742,1,1,16646.06139883594,201.8096428571432,16033.14399176954,12986.84663333333,10800.0,10800.0,2917.3498968254,10800.0,0.0006452000088756,2.273736754432321e-13,0,2.0,2.0
2025-07-15,mpc,error_scaled_frozen_contract_and_soc,68911.31372457877,58535.00196652431,10376.311758054462,90700.84935012928,78794.440714415,11906.408635714282,4292.775918274605,1955.0253408009255,24,12,12900.527393642817,5712.475316340675,17005.578911248376,13774.519404111175,10800.0,10799.999460000012,1200.0,10800.0,1.0269428999890806,1.1368683772161605e-13,0,2.0,2.0
2025-07-16,greedy,error_scaled_frozen_contract_and_soc,58089.67231222726,57807.83405364512,281.8382585821409,89721.82633301965,77767.49013540059,11954.336197619046,4373.80398421881,51.93867380952349,3,3,13864.037727807176,2148.729006731326,17521.199290251607,14192.171425103805,10800.0,10800.0,2372.067380952382,10800.0,0.0004160999960731,2.273736754432321e-13,0,2.0,2.0
2025-07-16,mpc,error_scaled_frozen_contract_and_soc,67047.80938366891,57807.83405364512,9239.975330023794,89721.82633301965,77767.49013540059,11954.336197619046,4373.80398421881,1989.3103214285684,21,13,12610.158821867552,5411.903197324694,17351.44403178834,14094.339803675231,10800.0,10755.922068970352,1200.0,10800.0,1.0992950000072597,2.273736754432321e-13,0,2.0,2.0
2025-07-17,greedy,error_scaled_frozen_contract_and_soc,57657.92345552144,57657.92345552144,0.0,89222.0675821017,77355.34345114933,11866.72413095238,4445.885476039088,0.0,0,0,11425.765760817165,2077.2466164021157,19713.37966228847,15967.83752645366,10800.0,10800.0,2726.2095923001643,10800.0,0.0003777000092668,2.273736754432321e-13,0,2.0,2.0
2025-07-17,mpc,error_scaled_frozen_contract_and_soc,73832.50538696308,57657.92345552144,16174.581931441651,89222.0675821017,77355.34345114933,11866.72413095238,4445.885476039088,3462.7912428571403,40,18,13555.52732145027,4067.809551084021,17122.13786697346,14034.128983596518,10800.0,10616.447431835531,1200.0,10800.0,1.0802872000058414,2.273736754432321e-13,0,2.0,2.0
2025-07-18,greedy,error_scaled_frozen_contract_and_soc,33605.18820445317,33605.18820445317,0.0,54489.36480390252,42592.98716104538,11896.377642857142,4309.550831768969,0.0,0,0,8853.146128012932,7721.499513283543,16946.46081822733,13726.63326276414,10800.0,10800.0,3022.329582010584,10800.0,0.0003807000030064,2.273736754432321e-13,0,2.0,2.0
2025-07-18,mpc,error_scaled_frozen_contract_and_soc,40493.67616681884,33605.18820445317,6888.487962365674,54489.36480390252,42592.98716104538,11896.377642857142,4309.550831768969,1259.1620991741556,22,14,8813.992070623706,9011.009888189905,17257.161326900674,14028.52798978046,10800.0,10744.191872232315,1222.216400793652,10800.0,1.1271888000046602,2.273736754432321e-13,0,2.0,2.0
2025-07-19,greedy,error_scaled_frozen_contract_and_soc,33872.7797764174,33872.7797764174,0.0,54738.65519584145,42560.96700774621,12177.688188095235,4292.476615862937,0.0,0,0,9033.658255114638,16401.533062914197,17578.554620066396,14238.629242253784,10800.0,10800.0,2699.252074074075,10800.0,0.0004299000138416,2.273736754432321e-13,0,2.0,2.0
2025-07-19,mpc,error_scaled_frozen_contract_and_soc,37682.19314996622,33872.7797764174,3809.413373548812,54738.65519584145,42560.96700774621,12177.688188095235,4292.476615862937,1005.88920952381,21,13,9493.049207707223,16953.269493040592,17755.58658377599,14420.899379158544,10800.0,10756.806393000008,1636.0745685618913,10800.0,1.1048371999931987,1.1368683772161605e-13,0,2.0,2.0
2025-07-20,greedy,error_scaled_frozen_contract_and_soc,57494.43903554366,57494.43903554366,0.0,88535.96628321864,76358.03560940911,12177.930673809522,4299.661203891429,0.0,0,0,12478.91143401333,1085.6819070546744,17467.672828361738,14148.814990973004,10800.0,10800.0,2854.6456428571464,10800.0,0.0004170999891357,2.273736754432321e-13,0,2.0,2.0
2025-07-20,mpc,error_scaled_frozen_contract_and_soc,63640.33629070944,57494.43903554366,6145.89725516579,88535.96628321864,76358.03560940911,12177.930673809522,4299.661203891429,1440.9126815621782,25,13,13352.490014189432,1799.155742494566,16800.25204607908,13627.53394274416,10800.0,10778.522460644324,1244.8140035185197,10800.0,1.219982200011145,2.273736754432321e-13,0,2.0,2.0
2025-07-21,greedy,error_scaled_frozen_contract_and_soc,58657.380632682616,58657.380632682616,0.0,90477.394764848,78134.57489580038,12342.819869047617,4246.4479516935335,0.0,0,0,12629.626014961774,766.5432190476192,17708.76806957667,14344.1021363571,10800.0,10800.0,3021.997126269888,10800.0,0.0003543000057106,2.273736754432321e-13,0,2.0,2.0
2025-07-21,mpc,error_scaled_frozen_contract_and_soc,67125.7169835231,58657.380632682616,8468.336350840485,90477.394764848,78134.57489580038,12342.819869047617,4246.4479516935335,1756.824580952383,27,11,12249.556890308477,3090.735982130549,16779.9394733374,13602.57259759508,10800.0,10787.97597312024,1200.0,10800.0,1.0422394999914104,2.273736754432321e-13,0,2.0,2.0
2025-07-22,greedy,error_scaled_frozen_contract_and_soc,58272.46161840958,58029.83055840958,242.6310599999985,89808.30848165134,77343.88005784183,12464.42842380952,4202.715991152303,35.99333333333311,1,1,11784.009066510233,390.0671222022892,18481.937343788297,14970.369248468523,10800.0,10800.0,2357.3167010582038,10800.0,0.0002910000039264,2.273736754432321e-13,0,2.0,2.0
2025-07-22,mpc,error_scaled_frozen_contract_and_soc,70042.15815688814,58029.83055840958,12012.327598478563,89808.30848165134,77343.88005784183,12464.42842380952,4202.715991152303,2625.223826190475,35,14,13021.914359871223,2247.0226470229795,16823.12578274947,13817.18801275424,10800.0,10588.382079192032,1200.0,10800.0,1.0004615000070771,2.273736754432321e-13,0,2.0,2.0
2025-07-23,greedy,error_scaled_frozen_contract_and_soc,58642.66972044678,58642.66972044678,0.0,90867.62583455862,78355.13153455863,12512.494299999997,4207.61200108766,0.0,0,0,11105.060176895942,1925.5550095238088,20049.58926338758,16240.167303343944,10800.0,10800.0,2403.4299248559346,10800.0,0.0002583999885246,2.273736754432321e-13,0,2.0,2.0
2025-07-23,mpc,error_scaled_frozen_contract_and_soc,73752.47250776822,58642.66972044678,15109.802787321434,90867.62583455862,78355.13153455863,12512.494299999997,4207.61200108766,3094.791457142859,33,11,14034.262401011354,2624.499990946293,17242.45681499254,13966.390603343942,10800.0,10799.999352000015,1228.3293642543183,10800.0,0.9662013999914052,2.273736754432321e-13,0,2.0,2.0
2025-07-24,greedy,error_scaled_frozen_contract_and_soc,58525.94521774065,58525.94521774065,0.0,90616.45040767934,78073.24547434601,12543.204933333329,4211.436809933018,0.0,0,0,12715.320500149506,1434.1824137346152,17218.824090150316,13947.247513021752,10800.0,10800.0,2680.405982515508,10800.0,0.0006609999982174,2.273736754432321e-13,0,2.0,2.0
2025-07-24,mpc,error_scaled_frozen_contract_and_soc,74063.69576335099,58525.94521774065,15537.750545610348,90616.45040767934,78073.24547434601,12543.204933333329,4211.436809933018,3122.921541840802,28,15,12992.194089566798,4438.459960116067,16411.88939485927,13298.542411688652,10800.0,10794.542220163732,1200.0,10800.0,1.0516982999979518,2.273736754432321e-13,0,2.0,2.0
2025-07-25,greedy,error_scaled_frozen_contract_and_soc,33386.067688411,33386.067688411,0.0,54084.03373912489,41829.664005791565,12254.369733333331,4071.596640023135,0.0,0,0,10308.13477505131,15772.986580952378,17800.24018685345,14418.194551351296,10800.0,10800.0,2773.916823915344,10800.0,0.0003378999972483,2.273736754432321e-13,0,2.0,2.0
2025-07-25,mpc,error_scaled_frozen_contract_and_soc,37750.88787923481,33386.067688411,4364.820190823812,54084.03373912489,41829.664005791565,12254.369733333331,4071.596640023135,1155.8642547619047,26,12,11431.474472757462,15820.2995184314,17722.409163573044,14355.151908494152,10800.0,10799.999460000012,2354.148590734064,10800.0,0.9581845999928192,1.1368683772161605e-13,0,2.0,2.0
2025-07-26,greedy,error_scaled_frozen_contract_and_soc,33955.95726233352,33955.95726233352,0.0,54784.324456613205,42658.5197018513,12125.804754761904,4056.195429319841,0.0,0,0,11032.886436919463,12205.387061992396,17761.60214579659,14386.897738095236,10800.0,10800.0,2820.8700714285724,10800.0,0.0004208000027574,2.273736754432321e-13,0,2.0,2.0
2025-07-26,mpc,error_scaled_frozen_contract_and_soc,38311.341259924,33955.95726233352,4355.383997590477,54784.324456613205,42658.5197018513,12125.804754761904,4056.195429319841,1108.6018142857145,16,10,11101.403362878562,13256.87563130603,17738.686299333378,14375.385572619043,10800.0,10792.167033156658,2108.199582604506,10800.0,1.0918362000084016,2.273736754432321e-13,0,2.0,2.0
2025-07-27,greedy,error_scaled_frozen_contract_and_soc,64111.4412359179,57615.687661676224,6495.753574241666,89385.28194028982,77247.34664505172,12137.935295238094,4086.898890654445,1271.0332428571428,4,1,12087.660661336273,560.6935814814774,20899.35715461493,16928.479295238096,10800.0,10800.0,1200.0,10800.0,0.0003847000043606,2.273736754432321e-13,0,2.0,2.0
2025-07-27,mpc,error_scaled_frozen_contract_and_soc,79254.31984430124,57615.687661676224,21638.632182625,89385.28194028982,77247.34664505172,12137.935295238094,4086.898890654445,4640.333264285714,36,9,13656.946090041998,3095.080267131341,17275.340578354575,14038.834811904762,10800.0,10749.101173958272,1543.3895822151162,10800.0,0.9934381000057328,2.842170943040401e-13,0,2.0,2.0
2025-07-28,greedy,error_scaled_frozen_contract_and_soc,68838.97317871888,57691.70262311742,11147.27055560147,89552.84762162433,77327.49473591003,12225.352885714285,4134.478453481944,1731.5528127142804,7,2,4931.677983950616,0.0,19936.370540889216,16148.460138120265,10800.0,10800.0,1200.0,10800.0,0.0003845000028377,2.273736754432321e-13,0,2.0,2.0
2025-07-28,mpc,error_scaled_frozen_contract_and_soc,86042.78161340338,57691.70262311742,28351.078990285965,89552.84762162433,77327.49473591003,12225.352885714285,4134.478453481944,5464.361280361158,52,19,9271.396948189686,295.73703571428524,15812.474850459668,12927.211979997195,10800.0,10667.658498750154,1200.0,10800.0,0.978791799992905,2.273736754432321e-13,0,2.0,2.0
2025-07-29,greedy,error_scaled_frozen_contract_and_soc,59415.47248864473,58869.750635514974,545.7218531297619,91543.8868544694,79073.0698044694,12470.81705,4099.266264956825,81.0004119047619,2,1,10840.499750001443,0.0,19262.4726425632,15602.60284047619,10800.0,10800.0,2496.647243386244,10800.0,0.0003736999933607,2.273736754432321e-13,0,2.0,2.0
2025-07-29,mpc,error_scaled_frozen_contract_and_soc,71562.10872358998,58869.750635514974,12692.358088074998,91543.8868544694,79073.0698044694,12470.81705,4099.266264956825,2573.3455023809515,35,13,13118.418007970366,502.6013260992586,17745.767339447393,14374.07203095238,10800.0,10799.999460000012,1249.5450435202815,10800.0,1.0677876999980072,2.273736754432321e-13,0,2.0,2.0
2025-07-30,greedy,error_scaled_frozen_contract_and_soc,59225.44077745298,59225.44077745298,0.0,92032.768140365,79546.76180703167,12486.006333333333,4123.639435024681,0.0,0,0,12473.326981275726,3165.6040523809515,19119.97083731197,15487.176378222704,10800.0,10800.0,1941.6428839853545,10800.0,0.0003864000027533,2.273736754432321e-13,0,2.0,2.0
2025-07-30,mpc,error_scaled_frozen_contract_and_soc,68799.61986929465,59225.44077745298,9574.179091841665,92032.768140365,79546.76180703167,12486.006333333333,4123.639435024681,2116.484569047618,25,9,14344.97159671928,3599.832518283639,18123.192263108587,14679.78631631794,10800.0,10799.999352000015,1408.758339579269,10800.0,1.0346751000033692,1.1368683772161605e-13,0,2.0,2.0
2025-07-31,greedy,error_scaled_frozen_contract_and_soc,58712.75764022862,58712.75764022862,0.0,91561.4883066234,79078.65943281387,12482.828873809522,4067.496652938214,0.0,0,0,12379.495365167311,1081.5838915052418,19675.817292974472,15937.412007309324,10800.0,10800.0,2028.5827037037047,10800.0,0.0004031999997096,2.273736754432321e-13,0,2.0,2.0
2025-07-31,mpc,error_scaled_frozen_contract_and_soc,73157.39622846425,58712.75764022862,14444.638588235634,91561.4883066234,79078.65943281387,12482.828873809522,4067.496652938214,2820.696416370101,37,11,14307.2822111105,2388.806247619046,17830.627457584145,14506.53495760589,10800.0,10729.192536708077,1200.0,10800.0,1.0226571000093827,2.273736754432321e-13,0,2.0,2.0
2025-08-01,greedy,error_scaled_frozen_contract_and_soc,32892.11768292544,32892.11768292544,0.0,53344.86986262881,41654.92411977166,11689.945742857144,4407.55177447242,0.0,0,0,10263.91819456203,26040.838134256603,17807.115804514702,14423.763801656907,10800.0,10800.0,2522.982134100533,10800.0,0.0008890999888535,1.1368683772161605e-13,0,2.0,2.0
2025-08-01,mpc,error_scaled_frozen_contract_and_soc,36720.36578030639,32892.11768292544,3828.2480973809497,53344.86986262881,41654.92411977166,11689.945742857144,4407.55177447242,1076.1789238095234,16,8,11876.051947400963,25608.079939728068,17978.795846204303,14698.640477847384,10800.0,10649.093508420114,2103.087939652409,10800.0,0.9588581999996676,1.1368683772161605e-13,0,2.0,2.0
2025-08-02,greedy,error_scaled_frozen_contract_and_soc,32133.543242735395,32133.543242735395,0.0,52306.95465232722,41788.37046899389,10518.584183333332,4861.965758465753,0.0,0,0,10065.257003850673,25912.054834866904,17640.79900646679,14289.047195238098,10800.0,10800.0,2256.2886801587274,10800.0,0.0004864999937126,2.273736754432321e-13,0,2.0,2.0000000000000004
2025-08-02,mpc,error_scaled_frozen_contract_and_soc,35001.46379528064,32133.543242735395,2867.92055254524,52306.95465232722,41788.37046899389,10518.584183333332,4861.965758465753,603.9001523809527,19,11,11393.945508660245,25104.636319624813,18473.745282429227,15039.36330838706,10800.0,10715.967078200689,1820.6787731377624,10800.0,1.0251608999969903,1.1368683772161605e-13,0,2.0,2.0000000000000004
2025-08-03,greedy,error_scaled_frozen_contract_and_soc,57182.934743856094,55182.824243412055,2000.110500444049,86288.46622880522,77004.60736690045,9283.858861904762,4933.815809295157,296.6571214285716,7,1,17300.97240164208,13542.261613113942,16101.816119807863,13085.453096234844,10800.0,10752.24217867725,1435.89763867725,10800.0,0.0004196999943815,2.273736754432321e-13,0,2.0,2.0
2025-08-03,mpc,error_scaled_frozen_contract_and_soc,61184.38462722514,55182.824243412055,6001.560383813095,86288.46622880522,77004.60736690045,9283.858861904762,4933.815809295157,1061.5711904761902,17,7,16890.690758094584,14534.352127201031,18315.115437363507,15115.647215282464,10800.0,10488.440321091084,1438.743269142853,10800.0,1.0963028999976814,2.273736754432321e-13,0,2.0,2.0
2025-08-04,greedy,error_scaled_frozen_contract_and_soc,54225.49798307232,53660.66876577112,564.8292173011889,83773.35558807431,75402.37329997907,8370.982288095238,4811.136720297698,83.88747857142835,2,2,13341.742976502686,8180.987174202775,15962.45879316936,12929.591622467182,10800.0,10800.0,1845.163592592594,10800.0,0.0004025000089313,2.273736754432321e-13,0,2.0,2.0
2025-08-04,mpc,error_scaled_frozen_contract_and_soc,57821.20391428898,53660.66876577112,4160.535148517862,83773.35558807431,75402.37329997907,8370.982288095238,4811.136720297698,975.1487214285723,19,10,13121.456606667383,9077.667002404676,17963.83342527895,14716.098470086228,10800.0,10616.229560433025,1288.228983901252,10800.0,1.078567499993369,2.273736754432321e-13,0,2.0,2.0
2025-08-05,greedy,error_scaled_frozen_contract_and_soc,52555.9787875662,52305.71696248406,250.2618250821411,81315.96637201101,73594.83327915389,7721.133092857141,4404.89901265365,37.15012619047593,1,1,11112.525703521897,6559.786414285713,16781.08380658436,13592.677883333334,10800.0,10800.0,2308.987243386244,10800.0,0.0006235000037122,2.273736754432321e-13,0,2.0,2.0
2025-08-05,mpc,error_scaled_frozen_contract_and_soc,57973.98433991978,52305.71696248406,5668.267377435712,81315.96637201101,73594.83327915389,7721.133092857141,4404.89901265365,1319.4789857142855,28,14,11809.578972921629,7068.367796508163,17773.893855440274,14508.793724287616,10800.0,10675.622554021116,1219.679297202543,10800.0,1.0423795999959111,2.273736754432321e-13,0,2.0,2.0
2025-08-06,greedy,error_scaled_frozen_contract_and_soc,58313.85656218944,50965.21145899441,7348.645103195023,79215.82925329599,72364.93511996265,6850.894133333331,3594.2990238888888,1071.725032590534,5,4,6053.454897256965,3474.3043425725477,17994.55759290658,14836.104808754331,10800.0,10510.540935,1200.0,10800.0,0.0004084999964106,2.273736754432321e-13,0,2.0,2.0
2025-08-06,mpc,error_scaled_frozen_contract_and_soc,75256.5167612209,50965.21145899441,24291.305302226498,79215.82925329599,72364.93511996265,6850.894133333331,3594.2990238888888,4979.200090885768,41,17,8055.081502401033,5936.454783333329,15460.598120811255,12858.447324268622,10800.0,10427.37461509833,1200.0,10800.0,1.0407675000024028,2.273736754432321e-13,0,2.0,2.0
2025-08-07,greedy,error_scaled_frozen_contract_and_soc,50352.794028168806,50110.97369709857,241.82033107023813,77269.42425605941,70713.72454653561,6555.699709523808,3082.870094203095,35.79076904761905,1,1,7278.743965990834,6563.659423221386,19482.8185598474,15781.083033476389,10800.0,10800.0,1926.9891322751328,10800.0,0.0003264999977545,2.273736754432321e-13,0,2.0,2.0
2025-08-07,mpc,error_scaled_frozen_contract_and_soc,58573.75530961762,50110.97369709857,8462.781612519051,77269.42425605941,70713.72454653561,6555.699709523808,3082.870094203095,2204.213804761905,35,15,8613.902070537195,8126.488468078668,17398.225865205663,14426.054452524008,10800.0,10429.453886991754,1308.986384812394,10800.0,1.0516306999925291,2.273736754432321e-13,0,2.0,2.0
2025-08-08,greedy,error_scaled_frozen_contract_and_soc,28578.24921889621,28578.24921889621,0.0,47437.21148496075,40944.791101627416,6492.420383333332,3096.125355646705,0.0,0,0,5992.943843327453,26945.179872144374,19611.878598813884,15885.621665039247,10800.0,10800.0,2062.5589835978817,10800.0,0.0004599000094458,1.1368683772161605e-13,0,2.0,2.0
2025-08-08,mpc,error_scaled_frozen_contract_and_soc,34219.3530793355,28578.24921889621,5641.103860439295,47437.21148496075,40944.791101627416,6492.420383333332,3096.125355646705,1281.9898023809544,24,9,8204.084923735387,26208.70491231369,19002.54494252235,15468.96432694401,10800.0,10714.552307221216,1682.4622435830663,10800.0,1.0762241000047652,1.1368683772161605e-13,0,2.0,2.0
2025-08-09,greedy,error_scaled_frozen_contract_and_soc,27981.44659041965,27981.44659041965,0.0,46472.91377680119,40074.54465537262,6398.369121428572,3129.9384278748003,0.0,0,0,4189.309094562019,19657.099315539384,20572.08541370811,16663.389185103573,10800.0,10800.0,1804.538885291001,10800.0,0.0003421000001253,2.273736754432321e-13,0,2.0,2.0
2025-08-09,mpc,error_scaled_frozen_contract_and_soc,37024.39714724627,27981.44659041965,9042.95055682661,46472.91377680119,40074.54465537262,6398.369121428572,3129.9384278748003,2148.462511511814,28,11,6203.820987268533,20335.42381173269,18770.39648671306,15406.074135496518,10800.0,10575.496687490066,1508.8910317460309,10800.0,1.078646200010553,2.273736754432321e-13,0,2.0,2.0
2025-08-10,greedy,error_scaled_frozen_contract_and_soc,49705.56961360278,49446.2231639742,259.3464496285716,75839.71794379086,69256.31419140991,6583.403752380953,3076.1007221633718,38.3243904761905,2,1,6334.780488859492,1229.926793709582,16966.940422470616,13743.2217422012,10800.0,10800.0,2214.6665370370365,10800.0,0.0004058000049553,2.273736754432321e-13,0,2.0,2.0
2025-08-10,mpc,error_scaled_frozen_contract_and_soc,69898.82021810746,49446.2231639742,20452.59705413325,75839.71794379086,69256.31419140991,6583.403752380953,3076.1007221633718,3471.392023355871,24,16,6719.7148699342015,4844.423362804975,14659.762384205276,12002.40702122628,10800.0,10657.77834442222,1200.0,10800.0,1.1188200000033248,2.273736754432321e-13,0,2.0,2.0
2025-08-11,greedy,error_scaled_frozen_contract_and_soc,51653.66834195143,49447.823754574056,2205.844587377377,76529.98884902339,70054.75391807102,6475.23493095238,3001.927387038372,327.21426428571374,5,2,6262.098090828921,3975.7583057319257,20191.54778238432,16355.153703731296,10800.0,10800.0,1331.739357142856,10800.0,0.0004154999915044,2.273736754432321e-13,0,2.0,2.0
2025-08-11,mpc,error_scaled_frozen_contract_and_soc,62622.27332936932,49447.823754574056,13174.44957479525,76529.98884902339,70054.75391807102,6475.23493095238,3001.927387038372,2797.158468166669,35,12,7383.454470775482,5916.899254551674,17832.62359647515,14588.782642707482,10800.0,10639.602744930437,1200.0,10800.0,1.076317300001392,2.273736754432321e-13,0,2.0,2.0
2025-08-12,greedy,error_scaled_frozen_contract_and_soc,63651.83602642465,48239.45487587227,15412.381150552384,74577.84045015514,68321.93480015514,6255.905649999999,3144.4367844371427,2282.172117333333,9,2,2484.631506937094,22.83368571428582,18238.550932726557,14773.226255508504,10800.0,10800.0,1200.0,10800.0,0.0003536000003805,2.273736754432321e-13,0,2.0,2.0
2025-08-12,mpc,error_scaled_frozen_contract_and_soc,75728.72175044619,48239.45487587227,27489.26687457392,74577.84045015514,68321.93480015514,6255.905649999999,3144.4367844371427,5424.921792009523,54,18,4394.474427169907,1645.0228156989776,16189.698882509048,13113.656580832316,10800.0,10799.999460000012,1200.0,10800.0,0.9286710000014864,2.273736754432321e-13,0,2.0,2.0
2025-08-13,greedy,error_scaled_frozen_contract_and_soc,51240.395147379815,48963.62391303934,2276.7712343404773,75541.64676359427,68922.91336359427,6618.7334,3095.346068816665,336.6445404761906,6,2,5275.905060405645,0.0,18941.587773674542,15342.686096676383,10800.0,10800.0,1653.8732169312177,10800.0,0.0004341000021668,2.273736754432321e-13,0,2.0,2.0
2025-08-13,mpc,error_scaled_frozen_contract_and_soc,63779.68408488204,48963.62391303934,14816.060171842711,75541.64676359427,68922.91336359427,6618.7334,3095.346068816665,3005.425098026683,34,16,7315.964238606375,1086.0916914039922,16863.26100645077,13721.729641506843,10800.0,10730.568637464756,1200.0,10800.0,1.0961762000079034,1.1368683772161605e-13,0,2.0,2.0
2025-08-14,greedy,error_scaled_frozen_contract_and_soc,52504.82958615035,48943.301302675456,3561.528283474895,75705.20722500893,68866.99717738989,6838.210047619046,3070.4524939883327,597.876996234789,12,4,4280.742731981187,1068.9898747166778,22174.470176807758,17961.320843214286,10800.0,10800.0,1200.0,10800.0,0.0006766000005882,2.273736754432321e-13,0,2.0,2.0
2025-08-14,mpc,error_scaled_frozen_contract_and_soc,72322.82250161456,48943.301302675456,23379.52119893911,75705.20722500893,68866.99717738989,6838.210047619046,3070.4524939883327,4648.220084938259,51,13,6331.832279896211,4028.9075368032,17500.458842996686,14247.973630701294,10800.0,10719.331146806691,1200.0,10800.0,1.022434999991674,2.273736754432321e-13,0,2.0,2.0
2025-08-15,greedy,error_scaled_frozen_contract_and_soc,28469.79537697785,28157.88352274271,311.91185423514366,46569.299163774434,39852.83237091729,6716.466792857143,3112.091100464841,78.07250620175148,2,1,4811.093955144035,22886.7161904762,21517.028937713105,17428.79343954762,10800.0,10800.0,1200.0,10800.0,0.0004689000052167,1.1368683772161605e-13,0,2.0,2.0
2025-08-15,mpc,error_scaled_frozen_contract_and_soc,36318.64144132607,28157.88352274271,8160.757918583358,46569.299163774434,39852.83237091729,6716.466792857143,3112.091100464841,2162.534717189073,40,13,6074.393819988646,24433.712092238748,19223.50428896308,15861.10234641744,10800.0,10477.706808491836,1338.04342063492,10800.0,1.0567207999993116,1.1368683772161605e-13,0,2.0,2.0
2025-08-16,greedy,error_scaled_frozen_contract_and_soc,29038.562250696465,28249.71879500124,788.8434556952238,46815.9539790897,40108.24141956589,6707.7125595238085,3059.729410529285,113.07962380952176,1,1,5248.8659905643735,23107.35209675578,21451.6549441505,17375.840504761905,10800.0,10800.0,1200.0,10800.0,0.0004175999929429,2.273736754432321e-13,0,2.0,2.0
2025-08-16,mpc,error_scaled_frozen_contract_and_soc,36882.7094107311,28249.71879500124,8632.990615729861,46815.9539790897,40108.24141956589,6707.7125595238085,3059.729410529285,2024.0700918953644,34,11,6095.959361129737,24598.93022329354,19587.993075100527,15939.859664729216,10800.0,10718.238584558008,1358.8886058201056,10800.0,1.0040479000017513,2.273736754432321e-13,0,2.0,2.0
2025-08-17,greedy,error_scaled_frozen_contract_and_soc,51141.29356102607,49123.49589826416,2017.7976627619043,75642.71361485083,68984.688655327,6658.02495952381,3029.821726945633,299.43746666666664,5,1,5913.860932017512,5274.656038793769,19729.16486837848,15980.623543386566,10800.0,10800.0,1531.7861695502645,10800.0,0.000406599996495,2.273736754432321e-13,0,2.0,2.0
2025-08-17,mpc,error_scaled_frozen_contract_and_soc,61170.55891848082,49123.49589826416,12047.06302021666,75642.71361485083,68984.688655327,6658.02495952381,3029.821726945633,2728.9019404761893,36,15,6837.436044177463,7195.651712779784,17694.882089375376,14361.447076719904,10800.0,10768.230461860168,1213.4186903329903,10800.0,1.0375592000054894,1.1368683772161605e-13,0,2.0,2.0
2025-08-18,greedy,error_scaled_frozen_contract_and_soc,51121.70515959119,48748.472272509054,2373.232887082141,75220.12623825522,68827.58285254093,6392.543385714287,3031.34359460234,349.5144761904759,5,3,5121.400113384168,2823.5268155693902,20579.002542690447,16668.992059579265,10800.0,10800.0,1735.068573730164,10800.0,0.0002586000045994,2.273736754432321e-13,0,2.0,2.0
2025-08-18,mpc,error_scaled_frozen_contract_and_soc,70843.66169661013,48748.472272509054,22095.18942410108,75220.12623825522,68827.58285254093,6392.543385714287,3031.34359460234,4397.420992242174,49,19,6805.809685158709,5956.421060231354,16611.006754825376,13470.393572098998,10800.0,10782.802110343957,1200.0,10800.0,1.090272300003562,2.273736754432321e-13,0,2.0,2.0
2025-08-19,greedy,error_scaled_frozen_contract_and_soc,50793.683662242176,49204.25756202195,1589.4261002202363,75604.08062057942,69116.6483467699,6487.432273809525,3011.550582196387,235.5332833333331,3,2,4839.0199259223045,4274.977237341504,18194.778472087222,14737.770562390651,10800.0,10800.0,1805.8372305820108,10800.0,0.0009324999991804,2.273736754432321e-13,0,2.0,2.0
2025-08-19,mpc,error_scaled_frozen_contract_and_soc,60719.66429565249,49204.25756202195,11515.406733630538,75604.08062057942,69116.6483467699,6487.432273809525,3011.550582196387,2545.9519389024326,31,12,6418.591916756238,5159.082839527573,17583.160381448175,14279.411409202508,10800.0,10758.831666411686,1200.0,10800.0,1.024881599994842,2.273736754432321e-13,0,2.0,2.0
2025-08-20,greedy,error_scaled_frozen_contract_and_soc,90467.73505654457,48876.52866869521,41591.206387849335,75159.05805018978,68689.91450733264,6469.143542857144,3001.899159635077,6776.68437373809,17,3,2138.6183364491503,0.0,18225.718919061008,14762.832324439423,10800.0,10800.0,1200.0,10800.0,0.0004278000124031,2.273736754432321e-13,0,2.0,2.0
2025-08-20,mpc,error_scaled_frozen_contract_and_soc,101994.52430002144,48876.52866869521,53117.99563132624,75159.05805018978,68689.91450733264,6469.143542857144,3001.899159635077,9939.809502113583,58,14,5341.927168481088,1045.2233613983171,14185.033578011708,11807.55404844488,10800.0,10447.02572193845,1200.0,10800.0,1.0466523000068264,2.273736754432321e-13,0,2.0,2.0
2025-08-21,greedy,error_scaled_frozen_contract_and_soc,49629.73171830953,49505.864973275005,123.86674503452566,75828.45649821547,69065.9324625012,6762.524035714287,3174.501260490474,18.375173809524085,2,2,4648.662464961786,1276.5954714285715,18154.309987049517,14704.991089510106,10800.0,10800.0,1586.0697828042355,10800.0,0.0003387000033399,2.273736754432321e-13,0,2.0,2.0
2025-08-21,mpc,error_scaled_frozen_contract_and_soc,71572.86476007495,49505.864973275005,22066.999786799952,75828.45649821547,69065.9324625012,6762.524035714287,3174.501260490474,3969.3781856953688,36,16,6283.781219270437,4386.055038095238,15134.647956550389,12478.904368100451,10800.0,10555.733863005958,1200.0,10800.0,1.0603403999994043,1.1368683772161605e-13,0,2.0,2.0
2025-08-22,greedy,error_scaled_frozen_contract_and_soc,33486.22120055539,28403.09661765405,5083.124582901335,47117.07462685007,40388.45541494531,6728.619211904762,3229.108584894125,728.6589138333336,1,1,4039.375605173426,16864.777622301684,21001.669086810605,17146.588192649928,10800.0,10649.73751962963,1200.0,10800.0,0.0003419999993639,2.273736754432321e-13,0,2.0,2.0000000000000004
2025-08-22,mpc,error_scaled_frozen_contract_and_soc,50805.87078076195,28403.09661765405,22402.7741631079,47117.07462685007,40388.45541494531,6728.619211904762,3229.108584894125,4388.721765498158,41,12,5099.037457789049,20353.213235747386,17080.597119558814,14113.550839794623,10800.0,10490.81425227557,1200.0,10800.0,0.9703585999959614,2.273736754432321e-13,0,2.0,2.0000000000000004
2025-08-23,greedy,error_scaled_frozen_contract_and_soc,28716.863460037686,28716.863460037686,0.0,47431.83370451577,40584.09430689672,6847.739397619047,3203.658337546626,0.0,0,0,3886.377773015879,14762.64647280018,20073.333642279173,16259.400250246135,10800.0,10800.0,1815.0614020634976,10800.0,0.0005309999978635,1.1368683772161605e-13,0,2.0,2.0
2025-08-23,mpc,error_scaled_frozen_contract_and_soc,37717.39055691739,28716.863460037686,9000.527096879705,47431.83370451577,40584.09430689672,6847.739397619047,3203.658337546626,1851.0329428994623,28,15,5605.9801816328845,15338.560412515835,18588.583945136987,15219.13395853715,10800.0,10619.576707804232,1241.138825396825,10800.0,1.040874900005292,1.1368683772161605e-13,0,2.0,2.0
2025-08-24,greedy,error_scaled_frozen_contract_and_soc,50154.639582809,50021.54407114233,133.0955116666667,76914.22550328927,69918.34768662261,6995.877816666667,3125.440446739204,19.745000000000005,2,2,4962.077124676056,6892.689987493258,20113.373000631374,16355.039064273318,10800.0,10729.770073597883,1313.7370035978854,10800.0,0.0003105000068899,2.273736754432321e-13,0,2.0,2.0
2025-08-24,mpc,error_scaled_frozen_contract_and_soc,64743.94147510931,50021.54407114233,14722.39740396698,76914.22550328927,69918.34768662261,6995.877816666667,3125.440446739204,3121.0030206402216,54,23,7242.228717662467,8542.85273516785,16937.78639806561,14008.508781728337,10800.0,10478.998000783127,1200.0,10800.0,1.1559983999904944,2.273736754432321e-13,0,2.0,2.0
2025-08-25,greedy,error_scaled_frozen_contract_and_soc,73474.36118310914,50320.34409351288,23154.017089596266,77514.33939319411,70497.65883128936,7016.680561904762,3126.386767476705,3408.649344985883,7,2,2396.593301616696,0.0,18904.033751335766,15312.267338581978,10800.0,10800.0,1200.0,10800.0,0.000430400003097,2.273736754432321e-13,0,2.0,2.0
2025-08-25,mpc,error_scaled_frozen_contract_and_soc,87002.86463923438,50320.34409351288,36682.52054572153,77514.33939319411,70497.65883128936,7016.680561904762,3126.386767476705,7247.08820606684,54,14,5335.8611918181405,1737.8322380952363,15043.57928018194,12290.474134643877,10800.0,10683.13898033722,1200.0,10800.0,0.9628555999952368,1.1368683772161605e-13,0,2.0,2.0
2025-08-26,greedy,error_scaled_frozen_contract_and_soc,51368.64054217252,50823.7418074499,544.8987347226202,78395.72887084603,71182.08431846507,7213.644552380952,3153.9780252530145,78.75235476190494,2,2,7992.987358529378,3009.8225181020143,19802.06517005201,16039.672787742124,10800.0,10800.0,1405.4277606349226,10800.0,0.0003280999953858,2.273736754432321e-13,0,2.0,2.0
2025-08-26,mpc,error_scaled_frozen_contract_and_soc,64627.73921503778,50823.7418074499,13803.99740758788,78395.72887084603,71182.08431846507,7213.644552380952,3153.9780252530145,2790.689357296892,36,14,8755.938097296808,5441.113087715263,17422.511904528466,14142.42382806428,10800.0,10766.456460670868,1200.0,10800.0,1.0946170999959577,2.273736754432321e-13,0,2.0,2.0
2025-08-27,greedy,error_scaled_frozen_contract_and_soc,51233.26375886492,50956.20954830301,277.0542105619046,78298.74146327871,71213.21422042156,7085.527242857143,3123.0229000367444,41.015740476190444,2,2,4952.468889401277,738.8435369655678,21933.23810154119,17765.92286224837,10800.0,10800.0,1461.1943904118662,10800.0,0.0003685999981826,2.273736754432321e-13,0,2.0,2.0
2025-08-27,mpc,error_scaled_frozen_contract_and_soc,69772.34281794276,50956.20954830301,18816.133269639744,78298.74146327871,71213.21422042156,7085.527242857143,3123.0229000367444,3765.611577620356,51,21,6669.491260563684,3556.692562556804,17707.779180978025,14350.73950129468,10800.0,10791.73515033058,1200.0,10800.0,0.9489291999925626,2.273736754432321e-13,0,2.0,2.0
2025-08-28,greedy,error_scaled_frozen_contract_and_soc,68056.35401598291,50615.12671385595,17441.22730212697,77703.46177635944,70935.42298350229,6768.038792857143,3137.241299169166,3467.949303214285,15,4,2809.168262081131,0.0,20626.01572991089,16739.430969561156,10800.0,10764.046412962964,1200.0,10800.0,0.0008097999962046,2.273736754432321e-13,0,2.0,2.0
2025-08-28,mpc,error_scaled_frozen_contract_and_soc,79228.39947543555,50615.12671385595,28613.27276157961,77703.46177635944,70935.42298350229,6768.038792857143,3137.241299169166,6274.148148950197,55,15,6008.684836414398,319.0468588516676,17496.137982440243,14321.91780953953,10800.0,10633.282173596746,1200.0,10800.0,1.0840648000012152,2.273736754432321e-13,0,2.0,2.0
2025-08-29,greedy,error_scaled_frozen_contract_and_soc,29778.04504466061,29778.04504466061,0.0,48532.99436139666,41716.10264711095,6816.891714285714,3376.771525540396,0.0,0,0,6171.607125543795,16725.48981739153,20577.894533255152,16668.094571936672,10800.0,10800.0,1977.33140850952,10800.0,0.0006419999990612,1.1368683772161605e-13,0,2.0,2.0000000000000004
2025-08-29,mpc,error_scaled_frozen_contract_and_soc,38976.79203842966,29778.04504466061,9198.746993769048,48532.99436139666,41716.10264711095,6816.891714285714,3376.771525540396,2072.8447119047623,25,10,7782.010254863009,17567.98918943619,19045.015505700798,15515.273333841433,10800.0,10701.321361973574,1717.5690190017117,10800.0,1.0295558999932837,1.1368683772161605e-13,0,2.0,2.0000000000000004
2025-08-30,greedy,error_scaled_frozen_contract_and_soc,29471.328383162203,29471.328383162203,0.0,48244.5326239369,41372.97912631785,6871.55349761905,3399.764352042339,0.0,0,0,4752.255851793063,25875.89594918723,19182.6694942578,15537.962290348814,10800.0,10800.0,1555.7206041798934,10800.0,0.0005647999932989,1.1368683772161605e-13,0,2.0,2.0
2025-08-30,mpc,error_scaled_frozen_contract_and_soc,37536.85270400228,29471.328383162203,8065.52432084008,48244.5326239369,41372.97912631785,6871.55349761905,3399.764352042339,1715.4440083434115,29,13,5574.039555996596,27093.116230430514,18531.77231833479,15210.625091529211,10800.0,10577.900540357748,1295.7524947619008,10800.0,1.032218100008322,2.273736754432321e-13,0,2.0,2.0
2025-08-31,greedy,error_scaled_frozen_contract_and_soc,52567.55642189136,51219.45504318064,1348.1013787107136,78686.83231886855,71889.05537363046,6797.776945238096,3419.098695312063,199.38095714285703,4,3,7226.158593268663,2665.378933333333,19201.21647558839,15552.985345226598,10800.0,10800.0,1470.6181772486784,10800.0,0.0004399000026751,2.273736754432321e-13,0,2.0,2.0
2025-08-31,mpc,error_scaled_frozen_contract_and_soc,60732.11187878251,51219.45504318064,9512.656835601862,78686.83231886855,71889.05537363046,6797.776945238096,3419.098695312063,1975.69264549246,29,12,8503.929579703225,3450.7127508215544,18213.2723621418,14851.834347353188,10800.0,10689.906962201858,1200.0,10800.0,0.9972069000068586,2.273736754432321e-13,0,2.0,2.0
2025-09-01,greedy,error_scaled_frozen_contract_and_soc,51194.38123517647,51194.38123517647,0.0,78856.28735327742,71924.80447232505,6931.482880952382,3341.564184576348,0.0,0,0,29255.921684064844,8313.642507072673,11516.790314520871,9328.600154761903,10800.0,10800.0,4916.900598968252,10800.0,0.0006085000059101,2.273736754432321e-13,0,2.0,2.0
2025-09-01,mpc,error_scaled_frozen_contract_and_soc,51194.38123517647,51194.38123517647,0.0,78856.28735327742,71924.80447232505,6931.482880952382,3341.564184576348,0.0,0,0,27377.44272475694,9034.091675933822,17611.686506345868,14265.466556140143,10800.0,10799.999460000012,2142.22175770385,10800.0,1.0699198999936923,2.273736754432321e-13,0,2.0,2.0
2025-09-02,greedy,error_scaled_frozen_contract_and_soc,50770.06442770387,50770.06442770387,0.0,78078.62703016293,71167.21006349626,6911.416966666668,3342.0300248313474,0.0,0,0,27952.4559163391,6376.296387629151,15668.561591500777,12691.534889115625,10800.0,10800.0,2993.9064274376656,10800.0,0.000342899991665,1.1368683772161605e-13,0,2.0,2.0
2025-09-02,mpc,error_scaled_frozen_contract_and_soc,54504.01216004198,50770.06442770387,3733.947732338108,78078.62703016293,71167.21006349626,6911.416966666668,3342.0300248313474,863.221664285717,16,4,27251.44624245139,7576.503712060649,17584.480011195075,14243.429295068005,10800.0,10799.999460000012,1953.7002424853013,10800.0,0.9769500999973388,2.273736754432321e-13,0,2.0,2.0
2025-09-03,greedy,error_scaled_frozen_contract_and_soc,50461.11747770656,50461.11747770656,0.0,77658.07619948083,70802.09658757606,6855.979611904763,3345.6497491985697,0.0,0,0,24196.3499024131,6970.087558404068,12385.774301237318,10032.477184002226,10800.0,10800.0,4908.667761984128,10800.0,0.0007713999948464,1.1368683772161605e-13,0,2.0,2.0
2025-09-03,mpc,error_scaled_frozen_contract_and_soc,51232.53490695418,50461.11747770656,771.4174292476193,77658.07619948083,70802.09658757606,6855.979611904763,3345.6497491985697,187.9449428571428,5,4,22933.902900552173,7485.794194715303,17305.173219167962,14017.190793526035,10800.0,10799.999460000012,2143.6446560886006,10800.0,1.0308353000000352,1.1368683772161605e-13,0,2.0,2.0
2025-09-04,greedy,error_scaled_frozen_contract_and_soc,50948.66390758609,50948.66390758609,0.0,78269.7686243164,71484.82004098306,6784.948583333335,3351.21148894849,0.0,0,0,26041.82623677164,9332.858321164873,14498.944534831597,11744.145073213596,10800.0,10800.0,4032.126458334101,10800.0,0.0004724000027636,1.1368683772161605e-13,0,2.0,2.0
2025-09-04,mpc,error_scaled_frozen_contract_and_soc,52922.95769968965,50948.66390758609,1974.2937921035675,78269.7686243164,71484.82004098306,6784.948583333335,3351.21148894849,401.9663833333326,11,7,23960.33789687588,11293.93893904121,17248.285000898635,13971.111433927885,10800.0,10799.999352000015,1883.0830081323293,10800.0,1.011700099988957,1.7053025658242404e-13,0,2.0,2.0
2025-09-05,greedy,error_scaled_frozen_contract_and_soc,28941.90181707992,28941.90181707992,0.0,47451.70245357344,40711.09667976391,6740.605773809525,3352.77075621234,0.0,0,0,20698.82357192827,31524.80579571089,13657.744149027503,11062.772760712274,10800.0,10800.0,5225.649563492062,10800.0,0.0002976999967359,2.273736754432321e-13,0,2.0,2.0
2025-09-05,mpc,error_scaled_frozen_contract_and_soc,29147.3978335323,28941.90181707992,205.49601645238053,47451.70245357344,40711.09667976391,6740.605773809525,3352.77075621234,46.48216666666657,2,1,22006.356146988503,29694.450471817618,16654.087344289117,13489.811040474178,10800.0,10799.999676000003,3105.964823229749,10800.0,0.9535934000014096,2.273736754432321e-13,0,2.0,2.0
2025-09-06,greedy,error_scaled_frozen_contract_and_soc,29292.90194165217,29292.90194165217,0.0,47971.16771273655,41481.0056246413,6490.16208809524,3384.186913144364,0.0,0,0,21812.23448215755,29397.878184312096,14046.498965314517,11377.66416190476,10800.0,10800.0,4261.796409452314,10800.0,0.0004408999957377,1.8829382497642652e-13,0,2.0,2.0
2025-09-06,mpc,error_scaled_frozen_contract_and_soc,31613.41051354979,29292.90194165217,2320.508571897619,47971.16771273655,41481.0056246413,6490.16208809524,3384.186913144364,568.42155,13,3,22808.080834440138,28603.38711371197,15978.428228038363,12942.527156311073,10800.0,10799.999676000003,3199.472800097367,10800.0,1.1099475000082748,1.7053025658242404e-13,0,2.0,2.0
2025-09-07,greedy,error_scaled_frozen_contract_and_soc,49935.50672106884,49935.50672106884,0.0,76439.09461727123,69987.11733869978,6451.9772785714285,3449.9669688435306,0.0,0,0,25434.949752145803,4270.188623809524,14979.350518204015,12133.273919745254,10800.0,10800.0,3423.649819568766,10800.0,0.0002721999917412,2.273736754432321e-13,0,2.0,2.0
2025-09-07,mpc,error_scaled_frozen_contract_and_soc,54452.719427947406,49935.50672106884,4517.212706878568,76439.09461727123,69987.11733869978,6451.9772785714285,3449.9669688435306,893.0246428571423,11,4,23587.452953946857,6423.118646126628,18071.939490514436,14638.271473316683,10800.0,10799.999460000012,1962.33644976332,10800.0,1.0584157000121197,1.1368683772161605e-13,0,2.0,2.0
2025-09-08,greedy,error_scaled_frozen_contract_and_soc,74646.34548682113,41051.31687239432,33595.0286144268,64290.615614304574,57900.11786906648,6390.497745238097,3474.726002524166,5000.610067885889,11,3,1405.654626690182,0.0,17544.150920928867,14388.98457495238,10800.0,10601.97519,1200.0,10800.0,0.0003410999925108,2.273736754432321e-13,0,2.0,2.0
2025-09-08,mpc,error_scaled_frozen_contract_and_soc,84499.90755455724,41051.31687239432,43448.59068216292,64290.615614304574,57900.11786906648,6390.497745238097,3474.726002524166,8406.853905842861,64,18,3422.4038309345297,2109.9963607142868,14083.138321446424,11648.4737024716,10800.0,10532.075931000005,1230.3769629629633,10800.0,1.0562382000061916,1.1368683772161605e-13,0,2.0,2.0
2025-09-09,greedy,error_scaled_frozen_contract_and_soc,46859.17034904025,42213.78222539084,4645.38812364942,65769.05153926957,59044.90335117432,6724.148188095237,3403.585832358532,672.7334086666671,3,2,3090.149844244993,8451.819377271753,19952.139062734124,16115.986652981308,10749.726680185184,10800.0,1200.0,10800.0,0.0003468000068096,2.273736754432321e-13,0,2.0,2.0
2025-09-09,mpc,error_scaled_frozen_contract_and_soc,57890.81341716337,42213.78222539084,15677.031191772528,65769.05153926957,59044.90335117432,6724.148188095237,3403.585832358532,3337.430995651672,49,13,5720.064546688383,9072.078113795966,17548.870224023314,14298.19366625309,10749.726680185184,10656.828030413842,1241.1584074074078,10800.0,0.91173050001089,1.9895196601282805e-13,0,2.0,2.0
2025-09-10,greedy,error_scaled_frozen_contract_and_soc,86178.54513841386,42240.7280414149,43937.81709699895,65475.49683032826,58859.70544461397,6615.791385714286,3417.52139695992,7002.269868190476,16,2,1368.6888011757778,0.0,18147.002755439127,14699.072231905697,10800.0,10800.0,1200.0,10800.0,0.0002505000011296,2.273736754432321e-13,0,2.0,2.0
2025-09-10,mpc,error_scaled_frozen_contract_and_soc,98971.66226820092,42240.7280414149,56730.934226786,65475.49683032826,58859.70544461397,6615.791385714286,3417.52139695992,10523.135285680177,62,14,4132.4396110523085,1646.1532190642974,13892.223674117353,11333.331762035044,10800.0,10710.410460000012,1230.7762685185185,10800.0,0.9390783999988344,2.273736754432321e-13,0,2.0,2.0
2025-09-11,greedy,error_scaled_frozen_contract_and_soc,42985.11035839551,42762.04726172885,223.063096666667,66416.69135561865,59350.98391038054,7065.707445238096,3433.189610753928,33.07333333333338,1,1,4450.573356370272,6513.82593495836,20727.60289475945,16789.358344755154,10800.0,10800.0,1514.421301375662,10800.0,0.0002921000123023,2.273736754432321e-13,0,2.0,2.0
2025-09-11,mpc,error_scaled_frozen_contract_and_soc,54318.15697179313,42762.04726172885,11556.10971006429,66416.69135561865,59350.98391038054,7065.707445238096,3433.189610753928,2426.77737857143,37,18,6647.543455409736,7328.506256775207,18271.279306045995,14950.981131659915,10800.0,10631.950118041492,1213.925751376148,10800.0,1.0096266000036849,2.273736754432321e-13,0,2.0,2.0
2025-09-12,greedy,error_scaled_frozen_contract_and_soc,25370.0451720923,22773.286685659168,2596.758486433132,38684.28211643628,31790.80086405533,6893.481252380954,3421.547601404919,675.5591041827598,5,1,4010.7701923868335,17752.058249999995,21021.67256713697,17027.554779380953,10800.0,10800.0,1200.0,10800.0,0.0003797999961534,2.273736754432321e-13,0,2.0,2.0
2025-09-12,mpc,error_scaled_frozen_contract_and_soc,34812.686649099734,22773.286685659168,12039.399963440565,38684.28211643628,31790.80086405533,6893.481252380954,3421.547601404919,2903.8511858868405,46,15,5199.065844071563,19268.75003442205,18896.625963173057,15379.20352981973,10800.0,10718.959444833832,1623.140376984128,10800.0,0.9752819999994244,2.273736754432321e-13,0,2.0,2.0
2025-09-13,greedy,error_scaled_frozen_contract_and_soc,22801.81121894093,22801.81121894093,0.0,38953.23326572811,32177.309260966205,6775.924004761906,3465.8901389777766,0.0,0,0,3985.1519850382138,25700.844274326293,21278.99550968312,17235.98636284332,10800.0,10800.0,1309.4509019047632,10800.0,0.0010690999915823,2.273736754432321e-13,0,2.0,2.0
2025-09-13,mpc,error_scaled_frozen_contract_and_soc,32727.33948196712,22801.81121894093,9925.528263026192,38953.23326572811,32177.309260966205,6775.924004761906,3465.8901389777766,2308.6280642857146,37,11,6147.146824994826,26404.73605446868,18977.2249800603,15491.474389033796,10800.0,10666.753160905608,1688.009416821678,10800.0,1.0342448000010336,2.273736754432321e-13,0,2.0,2.0
2025-09-14,greedy,error_scaled_frozen_contract_and_soc,57434.29162045353,42548.47832507974,14885.813295373777,66471.1295498812,59906.075945119286,6565.053604761904,3534.8170305174604,2226.2391569761858,6,2,983.763606584362,0.0,19457.03077762744,16047.635370211565,10800.0,10480.621732962962,1200.0,10800.0,0.0002901999978348,2.273736754432321e-13,0,2.0,2.0
2025-09-14,mpc,error_scaled_frozen_contract_and_soc,73668.84739930404,42548.47832507974,31120.36907422429,66471.1295498812,59906.075945119286,6565.053604761904,3534.8170305174604,5629.2688943581,58,18,3331.281717216042,2008.4112807237352,15460.215708891075,13003.719955448698,10800.0,10265.61640972564,1200.0,10800.0,1.1312928999977885,2.273736754432321e-13,0,2.0,2.0
2025-09-15,greedy,error_scaled_frozen_contract_and_soc,44774.88196954701,43651.141213414805,1123.7407561322025,68169.34976386225,61241.74713052891,6927.602633333333,3374.097648620634,172.7813978187751,4,3,6430.497079987264,4733.9554761904765,22244.46490365144,18018.01657195768,10800.0,10800.0,1200.0,10800.0,0.000323300002492,2.273736754432321e-13,0,2.0,2.0
2025-09-15,mpc,error_scaled_frozen_contract_and_soc,58220.31798968719,43651.141213414805,14569.17677627238,68169.34976386225,61241.74713052891,6927.602633333333,3374.097648620634,3115.4529942132035,45,14,7214.462114235044,7732.529849818622,18750.341391013608,15363.760870801343,10800.0,10604.46183991076,1200.0,10800.0,1.0000992999994196,1.1368683772161605e-13,0,2.0,2.0
2025-09-16,greedy,error_scaled_frozen_contract_and_soc,43961.53138037968,43445.80555635468,515.7258240250004,67330.09638324095,60392.08636181238,6938.01002142857,3353.5466992850797,74.97800000000007,2,2,988.5364080247,0.0,20915.10015251662,17144.481765395612,10800.0,10574.165953492062,1266.068653492061,10800.0,0.0007465000089723,2.273736754432321e-13,0,2.0,2.0
2025-09-16,mpc,error_scaled_frozen_contract_and_soc,65698.00412499763,43445.80555635468,22252.19856864296,67330.09638324095,60392.08636181238,6938.01002142857,3353.5466992850797,4180.9920222472265,50,19,3782.0509379156247,2238.074849633588,16356.609205134964,13511.566175291244,10800.0,10508.096978742307,1200.0,10800.0,1.0227804000023752,2.273736754432321e-13,0,2.0,2.0
2025-09-17,greedy,error_scaled_frozen_contract_and_soc,45746.41147868802,43803.8710279101,1942.5404507779276,68502.02935162894,61397.98788496229,7104.041466666666,3345.7416682956346,393.8860021098998,8,2,2211.752809924031,0.0,21568.80224814815,17470.729820999997,10800.0,10800.0,1200.0,10800.0,0.0004011999990325,2.273736754432321e-13,0,2.0,2.0
2025-09-17,mpc,error_scaled_frozen_contract_and_soc,60547.90553603809,43803.8710279101,16744.03450812798,68502.02935162894,61397.98788496229,7104.041466666666,3345.7416682956346,3254.798068839098,49,15,4986.527774866079,1143.1211697677236,17933.220377724097,14892.132018556513,10800.0,10393.084986000003,1242.4148148148151,10800.0,1.0450974000123097,2.273736754432321e-13,0,2.0,2.0
2025-09-18,greedy,error_scaled_frozen_contract_and_soc,44980.001903433775,43545.01433867389,1434.987564759882,67836.99849655578,60718.32801798436,7118.670478571428,3344.711830088412,251.8706259999968,8,4,2803.30812419165,258.93437142857124,20850.394292518013,17073.431458439583,10800.0,10594.875465,1200.0,10800.0,0.000842499997816,2.273736754432321e-13,0,2.0,2.0
2025-09-18,mpc,error_scaled_frozen_contract_and_soc,62860.04205440319,43545.01433867389,19315.02771572929,67836.99849655578,60718.32801798436,7118.670478571428,3344.711830088412,3444.800015749119,42,19,3779.9338809513606,3146.532570734872,17348.33969359486,14242.67142583332,10800.0,10588.315251087237,1200.0,10800.0,1.0350965000106953,2.273736754432321e-13,0,2.0,2.0
2025-09-19,greedy,error_scaled_frozen_contract_and_soc,23471.49786165161,23471.49786165161,0.0,40019.56377690402,32819.89049118974,7199.673285714286,3278.031452539205,0.0,0,0,3956.329534037892,12181.844949999995,21313.676815962102,17260.301046905497,10795.803139973545,10800.0,1445.616998915341,10800.0,0.0003428000054555,1.1368683772161605e-13,0,2.0,2.0
2025-09-19,mpc,error_scaled_frozen_contract_and_soc,36802.96229838482,23471.49786165161,13331.464436733211,40019.56377690402,32819.89049118974,7199.673285714286,3278.031452539205,2966.2361420186,43,13,5902.5600071533245,13934.041573859322,18136.38171303497,14815.196898934517,10795.803139973545,10657.216794000002,1478.33828703704,10799.99997215541,0.9983131999906618,1.1368683772161605e-13,0,2.0,2.0
2025-09-20,greedy,error_scaled_frozen_contract_and_soc,24257.22175148464,23133.207800302956,1124.0139511816874,39573.03992208837,32565.73614351695,7007.303778571428,3208.361373838531,299.57850936400064,4,2,3709.522866666666,13150.000726190476,22002.04371190476,17821.65540664286,10800.0,10800.0,1200.0,10800.0,0.0002741999924182,1.1368683772161605e-13,0,2.0,2.0
2025-09-20,mpc,error_scaled_frozen_contract_and_soc,42994.48947864214,23133.207800302956,19861.2816783392,39573.03992208837,32565.73614351695,7007.303778571428,3208.361373838531,4048.424594957568,49,14,5315.040097959379,16288.306716870362,17664.254508979786,14478.843340096912,10800.0,10610.225346863012,1301.7977407407416,10800.0,1.0567155000026105,1.1368683772161605e-13,0,2.0,2.0
2025-09-21,greedy,error_scaled_frozen_contract_and_soc,45307.33618767375,45173.60380282851,133.7323848452384,70827.40522342833,63755.99686866641,7071.408354761906,3151.405941684483,19.38742380952385,2,2,6646.934641064076,3589.291894620812,19583.63919614341,15862.747748876156,10800.0,10800.0,1225.3584526455031,10800.0,0.0005590000073425,2.273736754432321e-13,0,2.0,2.0
2025-09-21,mpc,error_scaled_frozen_contract_and_soc,54801.98490063526,45173.60380282851,9628.381097806752,70827.40522342833,63755.99686866641,7071.408354761906,3151.405941684483,2003.3399089533889,39,14,8172.570383617432,4238.426442498635,18790.322673569368,15260.249031589432,10800.0,10755.458148890835,1200.0,10800.0,1.09362990000227,2.273736754432321e-13,0,2.0,2.0
2025-09-22,greedy,error_scaled_frozen_contract_and_soc,49083.08811322174,44603.13399616072,4479.954117061015,69937.23876455401,63070.11174788735,6867.127016666667,3192.382817850039,731.0567184285668,7,3,2451.195510934742,2254.500235714286,20382.43268584078,16645.44170903103,10800.0,10649.254185,1200.0,10800.0,0.0006139000033726,2.273736754432321e-13,0,2.0,2.0000000000000004
2025-09-22,mpc,error_scaled_frozen_contract_and_soc,62502.19174167799,44603.13399616072,17899.05774551726,69937.23876455401,63070.11174788735,6867.127016666667,3192.382817850039,3653.882747095293,52,16,5243.314993896418,3004.6214619047632,17582.93761954577,14465.361323221448,10800.0,10552.020165122918,1214.4425925925923,10800.0,1.024209900002461,2.273736754432321e-13,0,2.0,2.0000000000000004
2025-09-23,greedy,error_scaled_frozen_contract_and_soc,51555.97148409261,45554.47907242095,6001.492411671671,71627.96696480404,64883.19483623261,6744.772128571429,3240.7280806650783,920.8572558586112,6,4,4304.095107642565,743.447176190477,21477.92701088264,17397.120878814934,10800.0,10800.0,1200.0,10800.0,0.0002831000019796,2.273736754432321e-13,0,2.0,2.0
2025-09-23,mpc,error_scaled_frozen_contract_and_soc,66108.00080576449,45554.47907242095,20553.52173334355,71627.96696480404,64883.19483623261,6744.772128571429,3240.7280806650783,4062.949220073678,50,19,7337.20545996214,1558.8936595238083,17980.334341896396,14605.993081266532,10800.0,10753.419706299495,1259.4062499999998,10800.0,0.9769015000056244,2.273736754432321e-13,0,2.0,2.0
2025-09-24,greedy,error_scaled_frozen_contract_and_soc,49663.24485324472,45220.5207647978,4442.724088446908,71234.0608188967,64433.37920699194,6800.681611904763,3212.403541502499,843.2832096190484,6,2,4033.319866927278,2207.1823023809525,21442.11549958847,17368.113554666666,10800.0,10800.0,1200.0,10800.0,0.0004445999948075,2.273736754432321e-13,0,2.0,2.0
2025-09-24,mpc,error_scaled_frozen_contract_and_soc,60946.37585999403,45220.5207647978,15725.85509519623,71234.0608188967,64433.37920699194,6800.681611904763,3212.403541502499,3392.806087648335,53,13,5764.872502373406,3611.08650621192,18559.04209364471,15070.974109970712,10800.0,10757.611095423896,1200.0,10800.0,1.082006700002239,1.1368683772161605e-13,0,2.0,2.0
2025-09-25,greedy,error_scaled_frozen_contract_and_soc,45661.7578897405,45402.604719740506,259.1531700000001,71042.45664043503,64451.32243805407,6591.134202380954,3150.7444695545228,38.49000000000001,1,1,3627.4282427983617,3057.1938714285707,21648.283408614065,17535.1095609774,10800.0,10800.0,1488.9505329100552,10800.0,0.0002803999959724,2.273736754432321e-13,0,2.0,2.0
2025-09-25,mpc,error_scaled_frozen_contract_and_soc,59297.4766201313,45402.604719740506,13894.871900390786,71042.45664043503,64451.32243805407,6591.134202380954,3150.7444695545228,3156.004127335515,47,18,6616.128682876619,4175.130837949413,18142.16484725306,15018.11427887998,10800.0,10441.154719327777,1244.1999999999998,10800.0,1.041462799999863,2.273736754432321e-13,0,2.0,2.0
2025-09-26,greedy,error_scaled_frozen_contract_and_soc,23353.827473105644,23353.827473105644,0.0,40036.43295086977,33355.04575325072,6681.387197619048,3113.442867245754,0.0,0,0,4815.37947207525,11185.57439778162,19745.422644428843,15993.79234198737,10800.0,10800.0,2087.5188703703698,10800.0,0.0003628999984357,2.273736754432321e-13,0,2.0,2.0
2025-09-26,mpc,error_scaled_frozen_contract_and_soc,28999.14135259273,23353.827473105644,5645.313879487087,40036.43295086977,33355.04575325072,6681.387197619048,3113.442867245754,1279.9936646993065,29,14,5829.55342154419,11798.09857330863,18795.732302766228,15390.806460621396,10800.0,10615.2630051325,1263.110416666669,10800.0,1.0892582000087714,2.273736754432321e-13,0,2.0,2.0
2025-09-27,greedy,error_scaled_frozen_contract_and_soc,25946.291119335416,23356.35341644251,2589.9377028929075,39978.66456984139,33309.99310079377,6668.671469047619,3211.4105327946427,526.0379261347989,7,3,3048.1455664902965,13422.851659523809,22287.93521446208,18324.928780214286,10800.0,10498.109715,1200.0,10800.0,0.0008172000088961,1.1368683772161605e-13,0,2.0,2.0
2025-09-27,mpc,error_scaled_frozen_contract_and_soc,53701.57944613012,23356.35341644251,30345.22602968761,39978.66456984139,33309.99310079377,6668.671469047619,3211.4105327946427,5992.027256445734,51,13,5132.002603191371,18093.00583690476,15859.426496808628,13184.44194633192,10800.0,10424.103906758965,1258.6823611111115,10800.0,0.974139699988882,2.273736754432321e-13,0,2.0,2.0
2025-09-28,greedy,error_scaled_frozen_contract_and_soc,49953.77278508262,45936.013922620405,4017.7588624622176,72086.65679717762,65383.4946733681,6703.162123809524,3050.425883550595,777.1113651607686,9,2,2992.0626201279365,0.0,22000.13681363903,17820.11081904762,10800.0,10800.0,1200.0,10800.0,0.0002840999950421,2.273736754432321e-13,0,2.0,2.0
2025-09-28,mpc,error_scaled_frozen_contract_and_soc,67727.04992783972,45936.013922620405,21791.036005219317,72086.65679717762,65383.4946733681,6703.162123809524,3050.425883550595,4243.319769027436,50,13,6507.934105876362,1219.5925355055915,17442.7116530993,14531.94127589524,10800.0,10351.839070127997,1230.4649166666666,10800.0,1.064204399997834,2.273736754432321e-13,0,2.0,2.0
2025-09-29,greedy,error_scaled_frozen_contract_and_soc,47468.26276591135,46697.916325211365,770.3464406999906,73368.94636397372,66547.2534401642,6821.692923809524,2954.3690488812304,128.0750833333318,7,4,5643.709041339982,697.7457391534406,21502.745940623165,17417.224211904766,10800.0,10800.0,1200.0,10800.0,0.0004915000026812,1.2789769243681806e-13,0,2.0,2.0
2025-09-29,mpc,error_scaled_frozen_contract_and_soc,59296.20275996335,46697.916325211365,12598.286434751994,73368.94636397372,66547.2534401642,6821.692923809524,2954.3690488812304,2516.588919420873,43,16,7858.099468825876,1734.669610905146,18530.28829376652,15307.567028198171,10800.0,10468.851655280783,1200.0,10800.0,1.0632640999974683,1.1368683772161605e-13,0,2.0,2.0
2025-09-30,greedy,error_scaled_frozen_contract_and_soc,53565.3524004226,47196.58393836664,6368.768462055962,73630.46911423956,66835.54411900145,6794.924995238094,2977.2340101192067,1129.6572192142855,7,3,2321.782350940616,0.0,22788.19911849069,18458.441285977467,10800.0,10800.0,1200.0,10800.0,0.0004209999897284,1.1368683772161605e-13,0,2.0,2.0
2025-09-30,mpc,error_scaled_frozen_contract_and_soc,72565.21174527999,47196.58393836664,25368.627806913355,73630.46911423956,66835.54411900145,6794.924995238094,2977.2340101192067,5259.696594347131,56,15,6621.745651648966,1057.670733333331,17738.13906063949,14635.975887035096,10800.0,10502.129724536546,1270.386111111111,10800.0,1.0146542999864323,2.273736754432321e-13,0,2.0,2.0
2025-10-01,greedy,error_scaled_frozen_contract_and_soc,47102.49699559575,47102.49699559575,0.0,74124.15897640529,67162.50230259578,6961.656673809524,2911.490906224167,0.0,0,0,18617.532786605185,16347.96354159318,15334.173524397413,12420.680554761906,10800.0,10800.0,3285.4779100529117,10800.0,0.000311399999191,1.1368683772161605e-13,0,2.0,2.0
2025-10-01,mpc,error_scaled_frozen_contract_and_soc,47868.53470852433,47102.49699559575,766.0377129285719,74124.15897640529,67162.50230259578,6961.656673809524,2911.490906224167,279.2675452380954,7,6,19188.88222886842,15467.890505567197,18428.866287559707,14927.38217892336,10800.0,10799.999460000012,2365.4168719077284,10800.0,1.064858600002481,2.273736754432321e-13,0,2.0,2.0
2025-10-02,greedy,error_scaled_frozen_contract_and_soc,46340.76616200002,46333.4057209286,7.360441071428527,72563.62400611572,65617.49982992523,6946.124176190477,2919.3326498944043,1.6178571428571331,1,1,17055.104053822957,10322.37151190476,17103.477768959427,13853.816992857142,10800.0,10800.0,3401.9232328042344,10800.0,0.0004198999959044,1.1368683772161605e-13,0,2.0,2.0
2025-10-02,mpc,error_scaled_frozen_contract_and_soc,47947.82560975954,46333.4057209286,1614.419888830952,72563.62400611572,65617.49982992523,6946.124176190477,2919.3326498944043,612.8401809523807,15,7,18535.47870585944,9245.666267438395,18334.98372254933,14877.770030207634,10800.0,10770.6297611748,2454.7193095322477,10800.0,1.078741799996351,2.273736754432321e-13,0,2.0,2.0
2025-10-03,greedy,error_scaled_frozen_contract_and_soc,23177.22757646593,23177.22757646593,0.0,39889.23496112928,32902.59686351022,6986.6380976190485,2906.878992043849,0.0,0,0,10647.832582128158,24704.032433875054,17467.428833996786,14148.617355537395,10800.0,10800.0,2418.424251916122,10800.0,0.0008127999899443,1.1368683772161605e-13,0,2.0,2.0
2025-10-03,mpc,error_scaled_frozen_contract_and_soc,25270.788560513556,23177.22757646593,2093.560984047619,39889.23496112928,32902.59686351022,6986.6380976190485,2906.878992043849,751.0459523809527,19,7,11567.99666671572,24387.10570694769,18245.370852527067,14778.75077934692,10800.0,10799.999568000008,2268.294575805012,10800.0,1.159609399997862,2.273736754432321e-13,0,2.0,2.0
2025-10-04,greedy,error_scaled_frozen_contract_and_soc,24226.506819346745,24226.506819346745,0.0,41263.431303738005,34248.715294214206,7014.7160095238105,2902.5377871803566,0.0,0,0,11015.327223251032,15864.996224220944,17519.731185861354,14190.9822605477,10800.0,10800.0,1558.564347380861,10800.0,0.0004590000025928,1.1368683772161605e-13,0,2.0,2.0
2025-10-04,mpc,error_scaled_frozen_contract_and_soc,27980.28495506698,24226.506819346745,3753.778135720238,41263.431303738005,34248.715294214206,7014.7160095238105,2902.5377871803566,1056.1793095238093,20,8,10492.977830090564,17379.613019453707,17856.11220402716,14463.451371261986,10800.0,10799.999460000012,2193.9555736771563,10800.0,1.1720066999987466,1.1368683772161605e-13,0,2.0,2.0
2025-10-05,greedy,error_scaled_frozen_contract_and_soc,45078.37184755579,45078.37184755579,0.0,70565.3655464919,63495.26405363475,7070.101492857144,2884.046573928651,0.0,0,0,11751.04284369943,5441.116016666666,17460.304776602003,14142.846869047618,10800.0,10800.0,3007.4520876719585,10800.0,0.0003489999944576,1.1368683772161605e-13,0,2.0,2.0
2025-10-05,mpc,error_scaled_frozen_contract_and_soc,47765.74420148674,45078.37184755579,2687.372353930953,70565.3655464919,63495.26405363475,7070.101492857144,2884.046573928651,774.9372904761907,20,7,12050.186130705042,5776.7937689393,18249.13445714265,14791.56029839032,10800.0,10789.15401321692,2499.5571365892465,10800.0,1.1919196999951964,2.273736754432321e-13,0,2.0,2.0
2025-10-06,greedy,error_scaled_frozen_contract_and_soc,45321.26841693552,45321.26841693552,0.0,70438.65505250404,63363.103623932606,7075.551428571429,2889.589141006706,0.0,0,0,9380.687054238317,1498.9165584068214,17781.30914462081,14402.860407142856,10800.0,10800.0,2854.4713875661337,10800.0,0.0004688000044552,2.273736754432321e-13,0,2.0,2.0
2025-10-06,mpc,error_scaled_frozen_contract_and_soc,49090.00971998328,45321.26841693552,3768.741303047754,70438.65505250404,63363.103623932606,7075.551428571429,2889.589141006706,868.5336534559549,18,9,8033.966468134814,3660.780330667712,18140.87072989199,14709.031525115472,10800.0,10783.415295663372,1439.6326481481483,10800.0,1.1178058000077726,2.273736754432321e-13,0,2.0,2.0
2025-10-07,greedy,error_scaled_frozen_contract_and_soc,46810.28256889625,44879.47164715007,1930.8109217461783,69900.120997285,62892.32418538023,7007.796811904762,2889.099475697103,380.9217159047596,5,1,9742.51752010582,215.76102857142652,19007.93678064231,15396.42879232027,10800.0,10800.0,1200.0,10800.0,0.000619700003881,2.273736754432321e-13,0,2.0,2.0
2025-10-07,mpc,error_scaled_frozen_contract_and_soc,53911.706340342345,44879.47164715007,9032.23469319228,69900.120997285,62892.32418538023,7007.796811904762,2889.099475697103,1979.675067748841,31,7,9332.131488888152,2354.8789299816617,18323.84187354498,14842.312403571428,10800.0,10799.999460000012,2064.2463513917487,10800.0,1.1309194000059506,2.273736754432321e-13,0,2.0,2.0
2025-10-08,greedy,error_scaled_frozen_contract_and_soc,44430.3690132165,41116.03743873912,3314.331574477384,65671.4385672029,58606.04443625052,7065.394130952381,2840.33903894996,616.8367833333339,6,1,3060.381286779625,695.5224952380981,21709.3328042328,17584.559571428574,10800.0,10800.0,1200.0,10800.0,0.0004257999971741,2.273736754432321e-13,0,2.0,2.0
2025-10-08,mpc,error_scaled_frozen_contract_and_soc,61432.16352156773,41116.03743873912,20316.126082828618,65671.4385672029,58606.04443625052,7065.394130952381,2840.33903894996,3866.108958488279,40,12,4454.034214270685,3273.6222606872743,17956.35379224494,14554.061077226008,10800.0,10789.539438324891,1200.0,10800.0,1.1076084000087576,2.273736754432321e-13,0,2.0,2.0
2025-10-09,greedy,error_scaled_frozen_contract_and_soc,42727.32539331199,41553.560359860574,1173.7650334514128,66470.70306236047,59569.20521712238,6901.497845238095,2730.1529022600403,189.2591801679204,3,1,3128.067460514286,3413.7170004997038,21631.88259694298,17521.82490352381,10800.0,10800.0,1200.0,10800.0,0.0002970000059576,1.1368683772161605e-13,0,2.0,2.0
2025-10-09,mpc,error_scaled_frozen_contract_and_soc,54235.15875874507,41553.560359860574,12681.598398884496,66470.70306236047,59569.20521712238,6901.497845238095,2730.1529022600403,2531.007196924492,50,17,5286.961249577344,4141.161858695241,18958.4976389701,15393.030576052955,10800.0,10759.280568347584,1200.4854907407405,10800.0,1.1121735000051558,2.273736754432321e-13,0,2.0,2.0
2025-10-10,greedy,error_scaled_frozen_contract_and_soc,21515.85403456532,20631.806120904464,884.0479136608494,37140.35217305197,30371.032537337684,6769.319635714285,2754.0349878194843,183.60222583333672,3,2,2749.68035952381,22390.49719594894,21413.91800167011,17566.192846352787,10800.0,10554.53415,1200.0,10800.0,0.0003468999930191,2.273736754432321e-13,0,2.0,2.0
2025-10-10,mpc,error_scaled_frozen_contract_and_soc,30188.488808267877,20631.806120904464,9556.682687363407,37140.35217305197,30371.032537337684,6769.319635714285,2754.0349878194843,2424.3699302265395,49,14,4811.172070525611,23039.72942125801,19172.52219274019,15794.753269340536,10800.0,10505.544118643347,1200.0,10800.0,0.9942615999898408,2.273736754432321e-13,0,2.0,2.0
2025-10-11,greedy,error_scaled_frozen_contract_and_soc,21709.641186561,21004.969795865567,704.671390695428,38030.57832077572,31500.58696125191,6529.991359523807,2503.5987604614297,115.27423371428564,1,1,3168.2809037624934,14187.440771393009,20520.60235990593,16621.68791152381,10800.0,10800.0,1200.0,10800.0,0.0004435000009834,2.273736754432321e-13,0,2.0,2.0
2025-10-11,mpc,error_scaled_frozen_contract_and_soc,30471.18926763362,21004.969795865567,9466.219471768054,38030.57832077572,31500.58696125191,6529.991359523807,2503.5987604614297,1859.063759644584,38,15,5027.405879992606,14427.667664951792,18868.328642497985,15324.976537974464,10800.0,10753.744069387672,1200.0,10800.0,1.202431899990188,1.1368683772161605e-13,0,2.0,2.0
2025-10-12,greedy,error_scaled_frozen_contract_and_soc,43048.36645727044,42225.51877498702,822.8476822834208,67466.03420046369,60813.07997903512,6652.954221428568,2417.824016963017,126.33171557142748,2,2,3225.822682892412,99.40623571428593,21034.79253032505,17038.1819495633,10800.0,10800.0,1200.0,10800.0,0.0010242999996989,2.273736754432321e-13,0,2.0,2.0
2025-10-12,mpc,error_scaled_frozen_contract_and_soc,64396.54521779394,42225.51877498702,22171.026442806924,67466.03420046369,60813.07997903512,6652.954221428568,2417.824016963017,3688.541707546562,40,13,5034.042703637875,2926.165764285713,16560.330981008163,13636.489957588165,10800.0,10552.642374476056,1245.4055925925927,10800.0,1.2374301999952877,2.273736754432321e-13,0,2.0,2.0
2025-10-13,greedy,error_scaled_frozen_contract_and_soc,42819.72407344687,42819.72407344687,0.0,68329.9710602006,61637.92125543869,6692.049804761904,2380.2311676159134,0.0,0,0,5245.723642563194,2611.510026102293,21020.574930385286,17026.665693612078,10800.0,10800.0,1431.2462857142832,10800.0,0.0008372000011149,2.273736754432321e-13,0,2.0,2.0
2025-10-13,mpc,error_scaled_frozen_contract_and_soc,53317.52493746109,42819.72407344687,10497.800864014229,68329.9710602006,61637.92125543869,6692.049804761904,2380.2311676159134,2010.047508048304,36,15,5574.931080837698,4754.297811666666,18767.16106964165,15235.199548659011,10800.0,10762.445464167464,1200.0,10800.0,1.057712800000445,2.273736754432321e-13,0,2.0,2.0
2025-10-14,greedy,error_scaled_frozen_contract_and_soc,56989.13461914044,42342.42069934457,14646.713919795871,67662.83204901649,61023.86252758793,6638.96952142857,2347.4402849338894,2393.8819471263646,9,2,1640.256345061729,0.0,20931.03499303351,17094.84977052381,10800.0,10643.653970925923,1200.0,10800.0,0.000779699999839,2.273736754432321e-13,0,2.0,2.0
2025-10-14,mpc,error_scaled_frozen_contract_and_soc,71925.62068432203,42342.42069934457,29583.199984977466,67662.83204901649,61023.86252758793,6638.96952142857,2347.4402849338894,5632.970129780948,61,12,3643.2943452011614,2099.489064285713,16978.50272384646,14005.75638310732,10800.0,10518.7009146759,1200.0,10800.0,1.2030175999971109,2.273736754432321e-13,0,2.0,2.0
2025-10-15,greedy,error_scaled_frozen_contract_and_soc,63643.86862197806,42572.82852843288,21071.04009354518,67857.80737100467,61393.90627338563,6463.901097619047,2383.1624377083726,3139.8459188571446,9,3,849.518749176951,0.0,19237.04029959454,15595.223813671577,10800.0,10785.30981,1200.0,10800.0,0.000278999999864,2.273736754432321e-13,0,2.0,2.0
2025-10-15,mpc,error_scaled_frozen_contract_and_soc,77149.47469740063,42572.82852843288,34576.64616896775,67857.80737100467,61393.90627338563,6463.901097619047,2383.1624377083726,6145.553907547615,53,21,3120.755189756941,1411.474502380952,15759.039701871696,12794.2261702192,10800.0,10767.328875885418,1212.140166666666,10800.0,1.0785407000075793,1.1368683772161605e-13,0,2.0,2.0
2025-10-16,greedy,error_scaled_frozen_contract_and_soc,70294.10333216682,43335.049726941055,26959.05360522576,68815.09880206763,62238.7336734962,6576.365128571428,2455.263787594285,4072.55235390855,9,2,1087.4242813639005,0.0,21195.9945781599,17168.755608309526,10800.0,10800.0,1200.0,10800.0,0.0003782999992836,2.273736754432321e-13,0,2.0,2.0
2025-10-16,mpc,error_scaled_frozen_contract_and_soc,85112.29624325165,43335.049726941055,41777.24651631058,68815.09880206763,62238.7336734962,6576.365128571428,2455.263787594285,8173.171290346649,62,16,3376.207046318292,2811.872457142857,16224.801606062656,13197.598921871424,10800.0,10738.32264337703,1256.0772777777777,10800.0,1.071425200003432,2.273736754432321e-13,0,2.0,2.0
2025-10-17,greedy,error_scaled_frozen_contract_and_soc,21605.84638495456,21605.84638495456,0.0,38664.81656794344,32027.86504889582,6636.95151904762,2506.456637620555,0.0,0,0,4245.997597942379,12662.99864822529,20171.16175621328,16338.641022532753,10800.0,10800.0,1485.3151476190435,10800.0,0.0004293000092729,1.1368683772161605e-13,0,2.0,2.0
2025-10-17,mpc,error_scaled_frozen_contract_and_soc,32053.48405435985,21605.84638495456,10447.637669405289,38664.81656794344,32027.86504889582,6636.95151904762,2506.456637620555,1970.815946115791,30,18,4663.523463337948,14707.551926616332,18271.094036236194,14929.836500226484,10800.0,10655.277410138702,1200.0,10800.0,1.0846897000010358,2.273736754432321e-13,0,2.0,2.0
2025-10-18,greedy,error_scaled_frozen_contract_and_soc,21589.131362585194,21589.131362585194,0.0,38509.94789558935,31971.56945511316,6538.378440476192,2482.781738271189,0.0,0,0,3848.916127072312,13242.585611521155,19907.89405937684,16125.394188095235,10800.0,10800.0,2206.722676666669,10800.0,0.0005541999998968,1.1368683772161605e-13,0,2.0,2.0
2025-10-18,mpc,error_scaled_frozen_contract_and_soc,33670.54922933994,21589.131362585194,12081.417866754742,38509.94789558935,31971.56945511316,6538.378440476192,2482.781738271189,2614.3194663665613,34,16,4343.41319924345,15994.36946291487,17534.735635811987,14384.197221728677,10800.0,10598.82071475448,1200.0,10800.0,1.1839955000032203,1.1368683772161605e-13,0,2.0,2.0
2025-10-19,greedy,error_scaled_frozen_contract_and_soc,59461.27028971454,44730.82991377739,14730.440375937147,71394.55904646474,64860.81932979808,6533.739716666667,2443.676969922738,2183.614278142858,8,3,2213.088265490885,105.56499999999984,22233.598268534097,18009.21459751261,10800.0,10800.0,1200.0,10800.0,0.0005841999955009,2.273736754432321e-13,0,2.0,2.0
2025-10-19,mpc,error_scaled_frozen_contract_and_soc,72926.35664875283,44730.82991377739,28195.52673497544,71394.55904646474,64860.81932979808,6533.739716666667,2443.676969922738,5878.986553921365,62,18,4779.004413157358,2029.0287011904752,18088.64516610572,14658.269068162674,10800.0,10792.81501820329,1200.0,10800.0,1.1513741000089794,2.273736754432321e-13,0,2.0,2.0
2025-10-20,greedy,error_scaled_frozen_contract_and_soc,54584.47255242829,45358.75830151472,9225.714250913568,72151.45863970749,65566.4253539932,6585.033285714284,2358.7170343346834,1873.2229619999996,9,1,2428.3364821281584,0.0,21823.394250918795,17676.949343244225,10800.0,10800.0,1200.0,10800.0,0.0005167999916011,2.273736754432321e-13,0,2.0,2.0
2025-10-20,mpc,error_scaled_frozen_contract_and_soc,67554.9526119149,45358.75830151472,22196.19431040019,72151.45863970749,65566.4253539932,6585.033285714284,2358.7170343346834,4439.990531503966,52,16,4887.272801491095,886.3642600995477,18704.38670598012,15336.474808264067,10800.0,10593.42047064426,1200.6935185185189,10800.0,1.5735926000052132,2.273736754432321e-13,0,2.0,2.0
2025-10-21,greedy,error_scaled_frozen_contract_and_soc,58411.30497306207,46086.2018953668,12325.103077695265,73502.24367482154,66942.07826053585,6560.165414285714,2308.9285754739685,2088.4513691666675,14,4,1585.8799165490898,0.0,20487.494994040608,16594.870945172894,10800.0,10800.0,1200.0,10800.0,0.0004133999900659,2.273736754432321e-13,0,2.0,2.0
2025-10-21,mpc,error_scaled_frozen_contract_and_soc,71362.84259878707,46086.2018953668,25276.640703420264,73502.24367482154,66942.07826053585,6560.165414285714,2308.9285754739685,4689.324693938098,49,15,4672.191255591251,228.95965238095232,17424.160124046066,14245.933741830037,10800.0,10652.928842941426,1234.3277777777785,10800.0,1.2069645000010496,2.273736754432321e-13,0,2.0,2.0
2025-10-22,greedy,error_scaled_frozen_contract_and_soc,59768.90281242316,46244.72960278269,13524.173209640472,73830.3093896807,67141.13495158547,6689.174438095238,2257.328809043651,2729.8632071428574,12,2,3570.778561638377,695.609457142861,21857.618756613752,17704.671192857142,10800.0,10800.0,1200.0,10800.0,0.0003084000054514,2.273736754432321e-13,0,2.0,2.0
2025-10-22,mpc,error_scaled_frozen_contract_and_soc,72141.2016956993,46244.72960278269,25896.472092916607,73830.3093896807,67141.13495158547,6689.174438095238,2257.328809043651,5126.290868490495,50,14,5702.54684421277,1523.33061310927,19277.6557796566,15687.769993093152,10800.0,10719.034653809658,1249.385453703704,10800.0,1.282578199999989,2.273736754432321e-13,0,2.0,2.0
2025-10-23,greedy,error_scaled_frozen_contract_and_soc,47093.70261950368,47093.70261950368,0.0,74733.27715085003,67985.64148418335,6747.635666666667,2270.035947595992,0.0,0,0,6624.178331687243,1074.7939499999993,21617.147795092373,17509.889714024826,10800.0,10800.0,1463.479684074075,10800.0,0.0005898000090382,2.273736754432321e-13,0,2.0,2.0
2025-10-23,mpc,error_scaled_frozen_contract_and_soc,58909.82712208148,47093.70261950368,11816.124502577806,74733.27715085003,67985.64148418335,6747.635666666667,2270.035947595992,2311.016894942404,37,16,7229.232817675469,3630.767279761905,18675.463216247004,15418.216055987185,10800.0,10476.565721303212,1307.5651388888896,10800.0,1.4832195000053616,2.273736754432321e-13,0,2.0,2.0
2025-10-24,greedy,error_scaled_frozen_contract_and_soc,24306.199343676715,21902.11447396098,2404.0848697157294,39023.37647959759,32415.121265311875,6608.255214285713,2314.399745760556,437.16891673574094,6,2,3311.7026685479136,13372.220535714285,21641.228993356846,17529.39548461905,10800.0,10800.0,1200.0,10800.0,0.0005608000064967,1.1368683772161605e-13,0,2.0,2.0
2025-10-24,mpc,error_scaled_frozen_contract_and_soc,35396.60367459907,21902.11447396098,13494.48920063809,39023.37647959759,32415.121265311875,6608.255214285713,2314.399745760556,2971.087926190475,49,16,4815.559190443638,15057.101221296436,18927.06463230754,15470.049321592884,10800.0,10645.41447841803,1222.8916989723773,10800.0,1.4701154000067618,2.273736754432321e-13,0,2.0,2.0
2025-10-25,greedy,error_scaled_frozen_contract_and_soc,23794.75563446761,21918.10928539336,1876.6463490742503,39205.49666834599,32623.274594536462,6582.222073809522,2326.929367033573,380.1313360238072,4,3,3432.949725984713,11713.69186759352,20696.900849278907,16848.294609915916,10800.0,10706.88342,1200.0,10800.0,0.0003785000008065,1.1368683772161605e-13,0,2.0,2.0
2025-10-25,mpc,error_scaled_frozen_contract_and_soc,33626.1022204527,21918.10928539336,11707.992935059348,39205.49666834599,32623.274594536462,6582.222073809522,2326.929367033573,2477.121240907132,39,13,4537.814571243017,13116.658133333332,18692.17734304269,15254.412309794496,10800.0,10673.612597855656,1200.0,10800.0,1.3509883000078844,2.273736754432321e-13,0,2.0,2.0
2025-10-26,greedy,error_scaled_frozen_contract_and_soc,47811.386656930576,47811.386656930576,0.0,75753.33514264342,69147.01568788153,6606.319454761904,2271.1908744996035,0.0,0,0,6683.676227954143,1269.8078142857146,19324.482696359708,15652.830984051368,10800.0,10800.0,1889.3283602380973,10800.0,0.0007923000084701,1.1368683772161605e-13,0,2.0,2.0
2025-10-26,mpc,error_scaled_frozen_contract_and_soc,53457.26882612114,47811.386656930576,5645.882169190565,75753.33514264342,69147.01568788153,6606.319454761904,2271.1908744996035,1214.4180803686666,33,16,7660.0084857387965,1629.5644311405013,18932.855109815504,15382.87419177794,10800.0,10747.487163525131,1409.705216931217,10800.0,1.3384370999992825,2.273736754432321e-13,0,2.0,2.0
2025-10-27,greedy,error_scaled_frozen_contract_and_soc,53168.7027909657,47660.34900441864,5508.353786547063,75700.90979807102,69208.38684807104,6492.522949999999,2231.9811451516675,804.3467520476179,3,2,7436.601420135217,3060.524453674311,20793.785940474096,16842.966611784024,10800.0,10800.0,1200.0,10800.0,0.0005195000121602,2.273736754432321e-13,0,2.0,2.0
2025-10-27,mpc,error_scaled_frozen_contract_and_soc,62197.26395365146,47660.34900441864,14536.914949232823,75700.90979807102,69208.38684807104,6492.522949999999,2231.9811451516675,3134.000793062469,46,14,9065.322361120572,4234.11222974427,18820.709519847354,15342.544867197745,10800.0,10691.366493198457,1201.761111111111,10800.0,1.4187132000079146,2.273736754432321e-13,0,2.0,2.0
2025-10-28,greedy,error_scaled_frozen_contract_and_soc,47321.47266468915,47321.47266468915,0.0,75358.70216602224,69016.33370173653,6342.368464285714,2155.8738135367853,0.0,0,0,3955.527898383301,55.10216190476194,22304.38406526761,18066.551092866765,10800.0,10800.0,1302.1251402116409,10800.0,0.0002366000117035,1.1368683772161605e-13,0,2.0,2.0
2025-10-28,mpc,error_scaled_frozen_contract_and_soc,65829.2474291274,47321.47266468915,18507.774764438247,75358.70216602224,69016.33370173653,6342.368464285714,2155.8738135367853,3495.5366539831903,57,17,6349.858623305322,2046.9750093445064,18125.24798933442,14778.081935312146,10800.0,10692.63215116526,1200.0,10800.0,0.9781776000018,2.273736754432321e-13,0,2.0,2.0
2025-10-29,greedy,error_scaled_frozen_contract_and_soc,72795.75179671535,47350.657153303466,25445.094643411885,75025.76444658234,68830.59812991566,6195.166316666667,2230.307626822618,4137.325632023809,15,3,1471.7619177542606,0.0,19702.585846588878,15959.094535736986,10800.0,10800.0,1200.0,10800.0,0.0002621000021463,2.273736754432321e-13,0,2.0,2.0
2025-10-29,mpc,error_scaled_frozen_contract_and_soc,80926.92828754205,47350.657153303466,33576.27113423859,75025.76444658234,68830.59812991566,6195.166316666667,2230.307626822618,6311.68913000952,57,15,4183.128611787277,43.01979166666668,17107.631595413004,13944.163272275084,10800.0,10703.353688899384,1200.0,10800.0,1.1778744000039296,2.273736754432321e-13,0,2.0,2.0
2025-10-30,greedy,error_scaled_frozen_contract_and_soc,47440.11028935315,47440.11028935315,0.0,75330.8500409315,68949.04597188387,6381.804069047619,2192.001944521269,0.0,0,0,4257.239935890661,2127.777611904762,21666.204963874126,17549.626020738047,10800.0,10800.0,1220.755010925929,10800.0,0.0003264999977545,2.273736754432321e-13,0,2.0,2.0
2025-10-30,mpc,error_scaled_frozen_contract_and_soc,59117.99055991088,47440.11028935315,11677.88027055773,75330.8500409315,68949.04597188387,6381.804069047619,2192.001944521269,2459.476143386621,44,15,6752.33194390783,2632.456511957552,19331.30794747084,15755.023769018091,10800.0,10692.595187148094,1307.1207579365089,10800.0,1.1811482999910368,1.1368683772161605e-13,0,2.0,2.0
2025-10-31,greedy,error_scaled_frozen_contract_and_soc,22393.925860719988,22393.925860719988,0.0,39777.52021905631,33616.74070000868,6160.779519047621,2313.4649255526174,0.0,0,0,2869.0140598284884,5054.188016666668,20837.2909758858,16878.2056904675,10800.0,10800.0,1621.6162689682535,10800.0,0.0004933000018354,1.1368683772161605e-13,0,2.0,2.0
2025-10-31,mpc,error_scaled_frozen_contract_and_soc,39331.219888257794,22393.925860719988,16937.294027537806,39777.52021905631,33616.74070000868,6160.779519047621,2313.4649255526174,3306.8667975961853,40,16,4001.562639055216,7954.322582816133,17357.931185271515,14124.66224763322,10800.0,10728.06890270745,1200.0,10800.0,1.4911197000037646,2.273736754432321e-13,0,2.0,2.0
2025-11-01,greedy,error_scaled_frozen_contract_and_soc,22534.25563012005,22534.25563012005,0.0,40019.47477706321,33530.66603182512,6488.808745238095,2210.9040837983325,0.0,0,0,4124.985409465022,7546.204463070402,20628.99647746457,16709.48714674631,10800.0,10800.0,1336.6579703347902,10800.0,0.0003491999959805,2.273736754432321e-13,0,2.0,2.0
2025-11-01,mpc,error_scaled_frozen_contract_and_soc,35346.29153092249,22534.25563012005,12812.035900802444,40019.47477706321,33530.66603182512,6488.808745238095,2210.9040837983325,2881.062365381418,40,17,4263.108703093856,10855.65172393223,17834.16619797391,14481.165056364893,10800.0,10760.566182215533,1200.0,10800.0,1.1528865000000224,2.273736754432321e-13,0,2.0,2.0
2025-11-02,greedy,error_scaled_frozen_contract_and_soc,53389.56808442284,48662.99881414622,4726.569270276616,77331.38349639978,70741.49922259025,6589.884273809523,2158.5864599603165,803.6954394999959,5,3,2739.146262992356,0.0,22637.855158159407,18336.662678109125,10800.0,10800.0,1200.0,10800.0,0.000350399990566,2.273736754432321e-13,0,2.0,2.0
2025-11-02,mpc,error_scaled_frozen_contract_and_soc,67731.9339176448,48662.99881414622,19068.93510349857,77331.38349639978,70741.49922259025,6589.884273809523,2158.5864599603165,3710.2555357231217,55,16,5856.464778855613,534.2316988095232,19136.47540181996,15580.27304021933,10800.0,10711.413372505376,1207.8080462962962,10800.0,0.9340431000018724,2.273736754432321e-13,0,2.0,2.0
2025-11-03,greedy,error_scaled_frozen_contract_and_soc,49477.68392137831,49477.68392137831,0.0,78423.02759315632,71739.71783125155,6683.30976190476,2126.940651025079,0.0,0,0,2819.6646892710246,88.98572721928628,20621.4509047585,16703.375232854392,10800.0,10800.0,1714.2123319047653,10800.0,0.0003525000065565,2.273736754432321e-13,0,2.0,2.0
2025-11-03,mpc,error_scaled_frozen_contract_and_soc,61291.94855397207,49477.68392137831,11814.264632593744,78423.02759315632,71739.71783125155,6683.30976190476,2126.940651025079,2392.0514672705654,42,21,5566.781274542936,242.9430947591597,18671.74076385148,15262.687577488588,10800.0,10646.02493470123,1207.7685185185187,10800.0,1.0598994000029052,2.273736754432321e-13,0,2.0,2.0
2025-11-04,greedy,error_scaled_frozen_contract_and_soc,52967.13663285949,49767.25100969449,3199.885623164998,79115.04019740419,72295.72931883277,6819.310878571429,2088.4733752352768,480.3284157142855,4,3,6819.178434685478,1579.7635045855393,21163.87441122728,17142.738273094095,10800.0,10800.0,1200.0,10800.0,0.0005055000074207,2.273736754432321e-13,0,2.0,2.0
2025-11-04,mpc,error_scaled_frozen_contract_and_soc,58972.25632989607,49767.25100969449,9205.005320201575,79115.04019740419,72295.72931883277,6819.310878571429,2088.4733752352768,1910.6388504710376,51,12,9409.255163846936,715.5323911583263,20193.12684073113,16467.525883575436,10800.0,10676.56317490753,1214.8368333333342,10800.0,1.2164058000053046,2.273736754432321e-13,0,2.0,2.0
2025-11-05,greedy,error_scaled_frozen_contract_and_soc,50412.35122551776,50250.762549035615,161.58867648214363,79605.05630321268,72763.95455083172,6841.101752380952,2078.6035962876977,37.57439285714304,1,1,3555.323641563782,818.5311761904752,22902.7047730894,18551.190866202407,10800.0,10800.0,1243.4520014814814,10800.0,0.0006677999917883,1.1368683772161605e-13,0,2.0,2.0
2025-11-05,mpc,error_scaled_frozen_contract_and_soc,62722.215010738655,50250.762549035615,12471.452461703044,79605.05630321268,72763.95455083172,6841.101752380952,2078.6035962876977,2812.497462173995,55,17,6898.766733803754,998.0250551370068,19649.642559045747,16046.142554028414,10800.0,10655.631020887378,1353.197740740742,10800.0,1.1550997000013012,2.273736754432321e-13,0,2.0,2.0
2025-11-06,greedy,error_scaled_frozen_contract_and_soc,64683.84847627889,49715.14556564995,14968.702910628934,78794.67532223725,71945.921234142,6848.754088095237,2089.700535847698,3016.701284309525,13,2,2525.690064902997,0.0,22302.34086955369,18076.45062076706,10800.0,10787.1616484127,1200.0,10800.0,0.0003813000075751,1.1368683772161605e-13,0,2.0,2.0000000000000004
2025-11-06,mpc,error_scaled_frozen_contract_and_soc,78336.51218514366,49715.14556564995,28621.366619493696,78794.67532223725,71945.921234142,6848.754088095237,2089.700535847698,5786.830804297897,54,16,5822.329003559313,202.9136632042145,19170.291274836018,15673.824107921546,10800.0,10637.90202743958,1264.4252222222235,10800.0,1.236691799989785,2.273736754432321e-13,0,2.0,2.0000000000000004
2025-11-07,greedy,error_scaled_frozen_contract_and_soc,25270.200565855128,23201.977672113644,2068.222893741483,40894.91995371149,33849.13344180673,7045.786511904762,2095.518512562381,383.52930488374346,6,1,3642.363096061139,10245.10150714286,21540.759301557904,17448.0150342619,10800.0,10800.0,1200.0,10800.0,0.0003626000107033,1.1368683772161605e-13,0,2.0,2.0
2025-11-07,mpc,error_scaled_frozen_contract_and_soc,34870.28418164817,23201.977672113644,11668.30650953452,40894.91995371149,33849.13344180673,7045.786511904762,2095.518512562381,2490.662659523809,42,13,6104.695887049093,10568.841555415953,19251.31972182067,15837.514939145649,10800.0,10528.94892836566,1635.414955329756,10800.0,1.3296693000011146,1.1368683772161605e-13,0,2.0,2.0
2025-11-08,greedy,error_scaled_frozen_contract_and_soc,23087.36619097064,23087.36619097064,0.0,40927.10582241693,33867.98656289312,7059.119259523808,2091.0191038889293,0.0,0,0,3456.0346521902225,9332.118180952382,20897.65188590501,16927.098027583066,10800.0,10800.0,1462.8120131746025,10800.0,0.0004827000084333,2.273736754432321e-13,0,2.0,2.0
2025-11-08,mpc,error_scaled_frozen_contract_and_soc,29463.009774026592,23087.36619097064,6375.643583055953,40927.10582241693,33867.98656289312,7059.119259523808,2091.0191038889293,1387.7983619047625,40,13,5412.190322438664,9084.644420235203,19546.07708827851,15896.406777583066,10800.0,10728.795182136138,1441.110722188413,10800.0,1.443927700005588,1.1368683772161605e-13,0,2.0,2.0
2025-11-09,greedy,error_scaled_frozen_contract_and_soc,57194.38020246732,51157.004457432406,6037.375745034906,80803.58510356687,73798.72309642403,7004.862007142856,2113.0129793736905,913.1602585476172,5,2,3850.129638624334,480.84930952380967,21960.806974885578,17816.131406157314,10800.0,10769.024715,1200.0,10800.0,0.0005433999904198,2.273736754432321e-13,0,2.0,2.0
2025-11-09,mpc,error_scaled_frozen_contract_and_soc,69700.95088266266,51157.004457432406,18543.94642523025,80803.58510356687,73798.72309642403,7004.862007142856,2113.0129793736905,3719.464324429001,44,16,6942.153684331884,858.1526023809524,18996.86359584469,15515.21129979974,10800.0,10658.053569816071,1224.1455000000003,10800.0,0.986916800000472,2.273736754432321e-13,0,2.0,2.0
2025-11-10,greedy,error_scaled_frozen_contract_and_soc,67110.49213939095,51275.0592642404,15835.43287515054,81209.23184548825,74142.63040501205,7066.601440476191,2064.075010091587,2469.774874000006,9,4,1489.0082576425618,0.0,22372.436766606348,18121.67378095114,10800.0,10800.0,1200.0,10800.0,0.0011570999922696,1.1368683772161605e-13,0,2.0,2.0
2025-11-10,mpc,error_scaled_frozen_contract_and_soc,85059.13746402349,51275.0592642404,33784.07819978309,81209.23184548825,74142.63040501205,7066.601440476191,2064.075010091587,6288.314674771431,66,20,6199.170480908292,17.643600000000028,17786.69916000728,14445.20219684638,10800.0,10757.804580843907,1235.973277777778,10800.0,1.7640798999927938,2.273736754432321e-13,0,2.0,2.0
2025-11-11,greedy,error_scaled_frozen_contract_and_soc,51647.47538256731,51647.47538256731,0.0,81396.35070349099,74287.4566582529,7108.894045238096,2045.2043706457137,0.0,0,0,3771.8815507279096,59.53401904761836,22878.21101704879,18531.350923809525,10800.0,10800.0,1632.1848778571434,10800.0,0.0008362000080524,2.273736754432321e-13,0,2.0,2.0
2025-11-11,mpc,error_scaled_frozen_contract_and_soc,67924.1535893186,51647.47538256731,16276.67820675128,81396.35070349099,74287.4566582529,7108.894045238096,2045.2043706457137,3407.621789063979,45,15,7402.405972690425,669.3997107142857,19125.0561188958,15610.964350221737,10800.0,10667.03456231541,1218.5763796296292,10800.0,1.3038855000049807,2.273736754432321e-13,0,2.0,2.0
2025-11-12,greedy,error_scaled_frozen_contract_and_soc,52415.92291289351,52070.02784968399,345.8950632095191,82249.26798134524,75158.09974086905,7091.168240476191,2035.7392990665076,60.28102142857074,3,2,6443.100474368015,445.30456666666646,22448.26946028116,18183.09826282774,10800.0,10800.0,1200.0,10800.0,0.0004903000080958,2.273736754432321e-13,0,2.0,2.0
2025-11-12,mpc,error_scaled_frozen_contract_and_soc,65724.95459437538,52070.02784968399,13654.926744691384,82249.26798134524,75158.09974086905,7091.168240476191,2035.7392990665076,2583.940589573747,49,16,9263.468535076348,751.744395238095,19634.51484957283,15972.491973253997,10800.0,10723.850061,1200.0,10800.0,0.822801399990567,2.273736754432321e-13,0,2.0,2.0
2025-11-13,greedy,error_scaled_frozen_contract_and_soc,58223.14957819064,52318.09491027221,5905.054667918438,82418.05762104808,75329.81398771475,7088.243633333333,2042.6240492047616,851.6696505476222,2,1,5347.499413403884,70.3580119047615,21037.12535639808,17040.071538682445,10800.0,10800.0,1200.0,10800.0,0.0002812000020639,2.273736754432321e-13,0,2.0,2.0
2025-11-13,mpc,error_scaled_frozen_contract_and_soc,75435.40161192807,52318.09491027221,23117.30670165587,82418.05762104808,75329.81398771475,7088.243633333333,2042.6240492047616,4316.349539128567,51,13,8498.78884992214,942.1332666666656,18287.32096511792,14848.6519501015,10800.0,10760.086701826684,1200.0,10800.0,1.1451602000015555,2.273736754432321e-13,0,2.0,2.0
2025-11-14,greedy,error_scaled_frozen_contract_and_soc,23818.639911710365,23818.639911710365,0.0,41973.101137965554,34927.87313320364,7045.228004761906,2056.3166119264674,0.0,0,0,3536.8384967372194,4975.601426824026,20194.741278819707,16357.740435843967,10800.0,10800.0,1643.274345317466,10800.0,0.0004046000103699,1.1368683772161605e-13,0,2.0,2.0
2025-11-14,mpc,error_scaled_frozen_contract_and_soc,37916.35474039073,23818.639911710365,14097.714828680357,41973.101137965554,34927.87313320364,7045.228004761906,2056.3166119264674,2717.233523891586,42,18,4765.5261454461615,7028.446583333335,17554.85094979193,14282.149388142858,10800.0,10730.310979098453,1200.0,10800.0,1.1293418999994174,1.1368683772161605e-13,0,2.0,2.0
2025-11-15,greedy,error_scaled_frozen_contract_and_soc,24435.330571972703,23465.77867412245,969.5518978502508,41475.64590094351,34574.90144856255,6900.744452380952,2023.0739682424205,171.71050192856748,2,1,3235.063888832989,3967.944821428572,21555.387028777182,17459.863493309524,10800.0,10800.0,1200.0,10800.0,0.0003728000010596,2.273736754432321e-13,0,2.0,2.0
2025-11-15,mpc,error_scaled_frozen_contract_and_soc,36416.801217312015,23465.77867412245,12951.022543189563,41475.64590094351,34574.90144856255,6900.744452380952,2023.0739682424205,2779.2032189365336,48,13,3893.7435608873866,6571.49951673529,18527.35751855893,15086.575633444416,10800.0,10711.759951764798,1200.0,10800.0,1.0578573000093456,2.273736754432321e-13,0,2.0,2.0
2025-11-16,greedy,error_scaled_frozen_contract_and_soc,54676.08681988678,53194.70842292815,1481.3783969586325,83756.42577872,76950.79882633906,6805.626952380952,1897.498600425199,341.4593354329106,2,1,3160.445888012409,0.0,23978.416703997653,19422.51753023809,10800.0,10800.0,1200.0,10800.0,0.0003521000035107,2.273736754432321e-13,0,2.0,2.0
2025-11-16,mpc,error_scaled_frozen_contract_and_soc,70488.70970544264,53194.70842292815,17294.00128251449,83756.42577872,76950.79882633906,6805.626952380952,1897.498600425199,3644.6293627193927,54,19,7280.670851965134,65.51564746978957,20157.41257709894,16484.083987475417,10800.0,10626.02244441636,1233.9434298941828,10800.0,1.168044900012319,2.273736754432321e-13,0,2.0,2.0
2025-11-17,greedy,error_scaled_frozen_contract_and_soc,53923.77126910141,53923.77126910141,0.0,84666.64070325336,77829.24399611051,6837.396707142857,1901.542281973532,0.0,0,0,8260.725937771898,299.37202380952453,21669.349517571645,17552.173109233037,10800.0,10800.0,1680.074838624337,10800.0,0.0005324999947333,2.273736754432321e-13,0,2.0,2.0000000000000004
2025-11-17,mpc,error_scaled_frozen_contract_and_soc,62673.8119867264,53923.77126910141,8750.040717625003,84666.64070325336,77829.24399611051,6837.396707142857,1901.542281973532,1990.774780952382,37,15,10558.35968317932,446.3471916666675,20033.74134121184,16370.399065185416,10800.0,10641.034912440202,1325.9365000000007,10800.0,0.986996799998451,2.273736754432321e-13,0,2.0,2.0000000000000004
2025-11-18,greedy,error_scaled_frozen_contract_and_soc,53473.26678517408,53473.26678517408,0.0,84106.99638178817,77369.96907702627,6737.027304761904,1927.7677858507536,0.0,0,0,3013.250463580245,0.0,22372.592652222163,18121.80004829996,10800.0,10800.0,1317.631423333333,10800.0,0.0003646000113803,2.273736754432321e-13,0,2.0,2.0
2025-11-18,mpc,error_scaled_frozen_contract_and_soc,71694.52400744951,53473.26678517408,18221.257222275428,84106.99638178817,77369.96907702627,6737.027304761904,1927.7677858507536,3512.3336112476204,45,19,7260.971252912321,170.78828333333263,18594.761534318663,15250.14439181424,10800.0,10590.680501093191,1200.0,10800.0,1.098308700005873,2.273736754432321e-13,0,2.0,2.0
2025-11-19,greedy,error_scaled_frozen_contract_and_soc,55479.86508726546,53406.07897842432,2073.78610884113,84018.61857214294,77319.0790792858,6699.539492857143,1886.736526297102,430.3733974941189,5,2,2002.075352256112,0.0,24253.19111904762,19645.08480642857,10800.0,10800.0,1200.0,10800.0,0.0004378000012366,2.273736754432321e-13,0,2.0,2.0
2025-11-19,mpc,error_scaled_frozen_contract_and_soc,73028.33137005978,53406.07897842432,19622.25239163545,84018.61857214294,77319.0790792858,6699.539492857143,1886.736526297102,4168.757192935476,56,18,6633.821558793066,59.01163333333329,19946.335988701143,16290.603720511026,10800.0,10651.031589263215,1263.933824074075,10800.0,1.2533296000037808,2.273736754432321e-13,0,2.0,2.0
2025-11-20,greedy,error_scaled_frozen_contract_and_soc,54012.00753576149,54012.00753576149,0.0,84822.03550220793,78208.28658077934,6613.748921428571,1894.158618412539,0.0,0,0,4788.664974132854,5.755878571428411,22685.59231355295,18461.589640239785,10800.0,10704.155704153443,1200.9205691534448,10800.0,0.0005267999949865,1.1368683772161605e-13,0,2.0,2.0
2025-11-20,mpc,error_scaled_frozen_contract_and_soc,68125.24789462792,54012.00753576149,14113.240358866427,84822.03550220793,78208.28658077934,6613.748921428571,1894.158618412539,2979.472237967529,46,17,7835.364440979118,691.6218595238091,19515.390203849543,16044.480740367497,10800.0,10536.65036083404,1322.7384814814818,10800.0,1.1242195000086213,2.273736754432321e-13,0,2.0,2.0
2025-11-21,greedy,error_scaled_frozen_contract_and_soc,25220.15206784945,23468.256585370724,1751.895482478726,41461.60402760829,34979.49093713211,6482.11309047619,1953.2579415734915,303.5325705583627,3,1,3238.8931561434456,4902.402480952381,20886.200008142267,16917.82200659524,10800.0,10800.0,1200.0,10800.0,0.0003872999950544,2.273736754432321e-13,0,2.0,2.0
2025-11-21,mpc,error_scaled_frozen_contract_and_soc,32674.51036051477,23468.256585370724,9206.253775144049,41461.60402760829,34979.49093713211,6482.11309047619,1953.2579415734915,2343.549373809524,39,14,3899.634517864475,6900.160965476191,18767.61401070695,15417.719052153603,10800.0,10560.053662798924,1386.1560129788336,10800.0,1.054130200005602,1.1368683772161605e-13,0,2.0,2.0
2025-11-22,greedy,error_scaled_frozen_contract_and_soc,23504.761917027696,23504.761917027696,0.0,41820.89594264847,35443.76516169608,6377.13078095238,1889.5195229401984,0.0,0,0,2346.0602216637344,3931.965576638311,21311.16183741224,17262.041088303915,10800.0,10800.0,1476.394849794588,10800.0,0.0004492000007303,1.1368683772161605e-13,0,2.0,2.0
2025-11-22,mpc,error_scaled_frozen_contract_and_soc,31043.73157055688,23504.761917027696,7538.969653529181,41820.89594264847,35443.76516169608,6377.13078095238,1889.5195229401984,1780.454856842858,46,17,3830.873639690814,4623.839642185044,19530.206650267,15877.318527889627,10800.0,10735.720954251816,1294.7145806878325,10800.0,1.4041437999985646,1.1368683772161605e-13,0,2.0,2.0
2025-11-23,greedy,error_scaled_frozen_contract_and_soc,56987.93219411418,54674.36265984656,2313.5695342676217,85854.437321581,79537.28439539052,6317.152926190475,1933.7073629309125,491.4640800000006,5,2,5989.325112760613,556.0778595238095,23423.737748177533,18973.227576023808,10800.0,10800.0,1200.0,10800.0,0.000951800000621,1.1368683772161605e-13,0,2.0,2.0
2025-11-23,mpc,error_scaled_frozen_contract_and_soc,70309.45995565847,54674.36265984656,15635.097295811904,85854.437321581,79537.28439539052,6317.152926190475,1933.7073629309125,3389.4159833333338,46,16,9056.631535961253,915.1144359496216,20720.154134405188,16798.035058544585,10800.0,10783.655322581802,1423.5726936157143,10800.0,1.4597084999986691,2.273736754432321e-13,0,2.0,2.0
2025-11-24,greedy,error_scaled_frozen_contract_and_soc,55147.01166696542,53897.20059542732,1249.8110715381024,84962.1516500487,78643.70240957252,6318.449240476191,1926.0664553174188,238.0139595238104,6,2,6452.557816449625,611.286996189996,21851.96453661424,17819.439280157534,10800.0,10667.391104999995,1200.0,10800.0,0.0006323999987216,1.1368683772161605e-13,0,2.0,2.0
2025-11-24,mpc,error_scaled_frozen_contract_and_soc,66081.25834167676,53897.20059542732,12184.057746249438,84962.1516500487,78643.70240957252,6318.449240476191,1926.0664553174188,2536.181557146468,46,16,8709.135186230673,1218.9001178066887,19931.56053569268,16465.058173011064,10800.0,10443.895401000002,1303.4757936507926,10800.0,1.2140829999989364,2.273736754432321e-13,0,2.0,2.0
2025-11-25,greedy,error_scaled_frozen_contract_and_soc,54390.67065916518,54390.67065916518,0.0,85613.50520096297,79317.41803905819,6296.087161904761,1939.2092011848808,0.0,0,0,3727.425676389201,0.0,23112.77917695472,18721.351133333334,10800.0,10800.0,1337.9735794709036,10800.0,0.0005043999990448,2.273736754432321e-13,0,2.0,2.0
2025-11-25,mpc,error_scaled_frozen_contract_and_soc,66282.43604927626,54390.67065916518,11891.76539011107,85613.50520096297,79317.41803905819,6296.087161904761,1939.2092011848808,2587.313097003393,51,21,6645.893363184915,280.6043333333326,20615.23682349234,16835.567702996603,10800.0,10647.526804480212,1225.1974074074103,10800.0,1.6582339000015054,2.273736754432321e-13,0,2.0,2.0
2025-11-26,greedy,error_scaled_frozen_contract_and_soc,55155.00962947012,54828.563714136784,326.445915333333,86199.91481484554,79869.59393389316,6330.320880952381,1934.6051643617457,69.69383333333326,1,1,3732.292823456791,0.0,23461.70484189569,19003.98092193552,10800.0,10800.0,1653.4500740740746,10800.0,0.00048770000285,2.273736754432321e-13,0,2.0,2.0
2025-11-26,mpc,error_scaled_frozen_contract_and_soc,70575.71691522555,54828.563714136784,15747.15320108876,86199.91481484554,79869.59393389316,6330.320880952381,1934.6051643617457,3210.3196729451283,46,15,7551.348570077767,76.45286547619006,19839.82513336996,16136.983985895147,10800.0,10725.860413482797,1308.9479378306887,10800.0,1.2150462999998126,2.273736754432321e-13,0,2.0,2.0
2025-11-27,greedy,error_scaled_frozen_contract_and_soc,55806.472097253565,54911.70616906764,894.7659281859287,86148.90501916924,79835.1138405978,6313.791178571429,1916.3027877082536,128.26346447619392,1,1,5530.372265873021,454.4132595238093,21589.689141158084,17487.648204338046,10800.0,10800.0,1200.0,10800.0,0.0006011999939801,2.273736754432321e-13,0,2.0,2.0
2025-11-27,mpc,error_scaled_frozen_contract_and_soc,66679.80591215036,54911.70616906764,11768.099743082725,86148.90501916924,79835.1138405978,6313.791178571429,1916.3027877082536,2385.6403574057927,39,19,8136.48203820382,401.7855238095245,20184.635814065383,16378.700020932258,10800.0,10767.616653845227,1258.2415449735445,10800.0,1.2665287999989232,2.273736754432321e-13,0,2.0,2.0
2025-11-28,greedy,error_scaled_frozen_contract_and_soc,23680.38315312384,23680.38315312384,0.0,42196.29620267449,35867.109236007826,6329.186966666666,1882.2410944798407,0.0,0,0,2946.3653185869757,3017.0739404761907,21833.0333623654,17684.75702351598,10800.0,10800.0,1207.8628439153415,10800.0,0.0003479000006336,1.1368683772161605e-13,0,2.0,2.0
2025-11-28,mpc,error_scaled_frozen_contract_and_soc,35804.484724215654,23680.38315312384,12124.101571091818,42196.29620267449,35867.109236007826,6329.186966666666,1882.2410944798407,2447.747176296846,45,15,4810.051287533552,4207.37092666388,19094.054145326376,15552.013585314373,10800.0,10704.633636000002,1200.0,10800.0,1.095486099991831,2.273736754432321e-13,0,2.0,2.0
2025-11-29,greedy,error_scaled_frozen_contract_and_soc,33503.45683536385,23954.974562013544,9548.48227335031,42622.50972703158,36408.54185322206,6213.967873809524,1815.202339933849,1442.459193539847,4,1,1291.9337283950624,0.0,18706.28679065256,15223.949369904762,10800.0,10720.158811693123,1200.0,10800.0,0.0003735000063898,2.273736754432321e-13,0,2.0,2.0
2025-11-29,mpc,error_scaled_frozen_contract_and_soc,55074.89081049671,23954.974562013544,31119.91624848317,42622.50972703158,36408.54185322206,6213.967873809524,1815.202339933849,5517.730253682705,45,13,3862.6862078465656,2609.066895238096,13954.06188262962,11576.272776428574,10800.0,10496.130387223808,1200.0,10800.0,1.4064839000056963,1.1368683772161605e-13,0,2.0,2.0
2025-11-30,greedy,error_scaled_frozen_contract_and_soc,72236.84990694732,55698.0218602939,16538.828046653423,87375.76941048099,80982.65124857624,6393.118161904762,1874.0057551401983,2435.581782023813,5,2,1399.3664556437398,0.0,23433.475081223696,18981.11481579119,10800.0,10800.0,1200.0,10800.0,0.0003610999992815,2.273736754432321e-13,0,2.0,2.0
2025-11-30,mpc,error_scaled_frozen_contract_and_soc,86234.86260444579,55698.0218602939,30536.840744151898,87375.76941048099,80982.65124857624,6393.118161904762,1874.0057551401983,6023.899569057141,60,15,5906.290791631309,16.018816666666602,18992.097995236127,15474.363095424533,10800.0,10699.151423018591,1200.0,10800.0,1.2449383000057423,2.273736754432321e-13,0,2.0,2.0
2025-12-01,greedy,error_scaled_frozen_contract_and_soc,122512.0780387774,56233.99569057187,66278.08234820553,88220.65746476961,81876.96102905532,6343.696435714286,1882.467151936111,12073.918196166667,25,3,684.5000969429764,0.0,23258.136790441007,18839.090800257207,10800.0,10800.0,1200.0,10800.0,0.0003450000076554,2.273736754432321e-13,0,2.0,2.0
2025-12-01,mpc,error_scaled_frozen_contract_and_soc,118940.1604415828,56233.99569057187,62706.164751010925,88220.65746476961,81876.96102905532,6343.696435714286,1882.467151936111,14944.829874080951,95,12,4349.45635521136,36.98644047619071,19696.603025029763,16108.58805567626,10800.0,10628.51154955317,1233.4641944444447,10800.0,1.0177421999978833,2.273736754432321e-13,0,2.0,2.0
2025-12-02,greedy,error_scaled_frozen_contract_and_soc,138938.01160394202,56667.03141579642,82270.98018814562,88920.85032096932,82297.12137335027,6623.728947619049,2184.01991595869,14853.754597452376,31,4,223.555954761905,0.0,21583.361156229494,17505.647483045894,10800.0,10774.305615,1200.0,10800.0,0.0003159000043524,2.273736754432321e-13,0,2.0,2.0
2025-12-02,mpc,error_scaled_frozen_contract_and_soc,132269.99271445296,56667.03141579642,75602.96129865653,88920.85032096932,82297.12137335027,6623.728947619049,2184.01991595869,16982.69812570265,102,10,2863.640330967548,47.283158333333205,19036.53197288099,15517.2423059861,10800.0,10691.49843560834,1225.464814814815,10800.0,0.9092692999984138,2.273736754432321e-13,0,2.0,2.0
2025-12-03,greedy,error_scaled_frozen_contract_and_soc,113671.65604903646,57655.64496300536,56016.0110860311,90144.9749482067,83123.41321487338,7021.561733333334,2508.914765665674,9949.074292214287,28,4,277.5980238095236,0.0,22171.315190436275,18195.32939525338,10800.0,10537.15101,1200.0,10800.0,0.0009477000130573,1.1368683772161605e-13,0,2.0,2.0
2025-12-03,mpc,error_scaled_frozen_contract_and_soc,111834.58324208036,57655.64496300536,54178.938279075,90144.9749482067,83123.41321487338,7021.561733333334,2508.914765665674,12773.823171357144,97,11,3721.782355251961,23.607499999999657,18786.87910899384,15453.936266110526,10800.0,10537.150902416091,1200.0,10800.0,0.9673340000008466,2.273736754432321e-13,0,2.0,2.0
2025-12-04,greedy,error_scaled_frozen_contract_and_soc,108806.17527184333,58027.93627935938,50778.23899248394,90537.5371155328,83139.46003219945,7398.077083333334,2548.5113268615078,9654.671717599647,23,3,582.1999095238118,0.0,24389.19421172456,19829.353690496893,10754.182551111113,10671.84213,1200.0,10754.182551111113,0.0004228000034345,2.273736754432321e-13,0,2.0,2.0
2025-12-04,mpc,error_scaled_frozen_contract_and_soc,110744.1564350518,58027.93627935938,52716.22015569242,90537.5371155328,83139.46003219945,7398.077083333334,2548.5113268615078,12681.502279116605,90,11,4483.109141510883,11.611541666666769,20551.92846307082,16877.778153979936,10754.182551111113,10497.831330119368,1202.316305555557,10754.182551111113,1.272170800002641,2.273736754432321e-13,0,2.0,2.0
2025-12-05,greedy,error_scaled_frozen_contract_and_soc,59430.57475241535,25951.930932245697,33478.64382016965,45567.71520339204,37767.93672243967,7799.778480952381,2633.092531379444,6491.89379713176,20,2,260.4352590534997,0.0,18850.50269808936,15733.99748995238,10800.0,10283.232995,1200.0,10800.0,0.000376200012397,2.273736754432321e-13,0,2.0,2.0
2025-12-05,mpc,error_scaled_frozen_contract_and_soc,68865.24026168115,25951.930932245697,42913.30932943546,45567.71520339204,37767.93672243967,7799.778480952381,2633.092531379444,9997.914952887091,76,9,2247.724304193581,2307.42198288848,14819.448127203654,12491.632791339907,10800.0,10257.911324105611,1200.0,10800.0,1.1639468999928797,2.273736754432321e-13,0,2.0,2.0
2025-12-06,greedy,error_scaled_frozen_contract_and_soc,81360.2224257089,26273.32777695887,55086.89464875002,46409.33361770544,38146.53800818163,8262.795609523808,2552.953859644524,9775.130704389796,31,3,232.46336666666627,0.0,16327.003021428569,13309.164075523804,10800.0,10706.34263537037,1200.0,10800.0,0.0007563999970443,1.1368683772161605e-13,0,2.0,2.0
2025-12-06,mpc,error_scaled_frozen_contract_and_soc,69126.34949306473,26273.32777695887,42853.02171610585,46409.33361770544,38146.53800818163,8262.795609523808,2552.953859644524,10466.454471199317,87,11,1014.9435397793952,42.01979999999999,15649.81808641108,12765.155346809524,10800.0,10701.330336870502,1200.0,10800.0,1.3910382999893045,1.1368683772161605e-13,0,2.0,2.0
2025-12-07,greedy,error_scaled_frozen_contract_and_soc,93226.0623085044,60394.22383365179,32831.838474852615,93885.33562833969,85180.92427595872,8704.411352380952,2551.280656078968,6043.115007166667,21,4,435.441826190475,0.0,24359.92355742691,19721.606010015792,10788.964365,10800.0,1200.0,10800.0,0.0004470999992918,2.273736754432321e-13,0,2.0,2.0
2025-12-07,mpc,error_scaled_frozen_contract_and_soc,99942.25952868286,60394.22383365179,39548.03569503107,93885.33562833969,85180.92427595872,8704.411352380952,2551.280656078968,9377.324250414717,92,15,4742.328783652271,39.08583333333338,20128.045121393683,16501.491121529652,10788.964365,10569.214839221368,1200.0,10788.964365,1.1419510999985505,2.273736754432321e-13,0,2.0,2.0
2025-12-08,greedy,error_scaled_frozen_contract_and_soc,65618.92103728512,65618.92103728512,0.0,101552.03995169431,92512.67531598004,9039.364635714286,2453.238970230277,0.0,0,0,9459.183600764263,0.0,22008.167323190923,17826.615531784657,10800.0,10800.0,1335.7416269841272,10800.0,0.0003454999969108,2.273736754432321e-13,0,2.0,2.0
2025-12-08,mpc,error_scaled_frozen_contract_and_soc,75273.40272767103,65618.92103728512,9654.481690385914,101552.03995169431,92512.67531598004,9039.364635714286,2453.238970230277,1892.1436731319363,35,12,11385.354547488689,199.73449166666677,21191.276888371263,17243.48686222415,10800.0,10712.719352618416,1289.718731481481,10800.0,1.4226111000025412,2.273736754432321e-13,0,2.0,2.0
2025-12-09,greedy,error_scaled_frozen_contract_and_soc,66277.64944225336,66093.5009167486,184.14852550476195,102052.54773784944,93007.84726165896,9044.700476190475,2451.423318924603,31.68006666666668,2,1,11146.242592210478,32.252071428571526,22990.63219509238,18622.41207802484,10800.0,10800.0,1356.1144052645525,10800.0,0.0003729000018211,2.273736754432321e-13,0,2.0,2.0
2025-12-09,mpc,error_scaled_frozen_contract_and_soc,76005.59317915817,66093.5009167486,9912.092262409566,102052.54773784944,93007.84726165896,9044.700476190475,2451.423318924603,1940.759690428692,32,17,13108.961435811332,277.6177369047608,21653.1618229201,17583.946591167576,10800.0,10750.127205997456,1290.7532314814823,10800.0,1.2728164000000106,2.273736754432321e-13,0,2.0,2.0
2025-12-10,greedy,error_scaled_frozen_contract_and_soc,65181.70475544554,65181.70475544554,0.0,101157.41560498324,92158.29658593563,8999.11901904762,2463.23763098984,0.0,0,0,7476.492346766614,0.0,22577.678501892184,18287.919586532676,10800.0,10800.0,1511.9549000793668,10800.0,0.0004579000087687,1.7053025658242404e-13,0,2.0,2.0
2025-12-10,mpc,error_scaled_frozen_contract_and_soc,77784.6079038351,65181.70475544554,12602.903148389552,101157.41560498324,92158.29658593563,8999.11901904762,2463.23763098984,2420.1648213373246,35,16,10201.6632784739,132.61512738095146,20928.26091304204,17076.123235433442,10800.0,10661.964560145125,1333.7070277777802,10800.0,1.2394600000116045,2.273736754432321e-13,0,2.0,2.0
2025-12-11,greedy,error_scaled_frozen_contract_and_soc,66052.63903305982,66052.63903305982,0.0,101951.4263569448,93080.86779265906,8870.558564285715,2505.3478312481348,0.0,0,0,14384.087996766604,54.889947619047234,20511.54620645165,16614.352427225836,10800.0,10800.0,1773.7174867724914,10800.0,0.0009023999882629,2.273736754432321e-13,0,2.0,2.0
2025-12-11,mpc,error_scaled_frozen_contract_and_soc,69303.6596267515,66052.63903305982,3251.0205936916736,101951.4263569448,93080.86779265906,8870.558564285715,2505.3478312481348,598.7479619047631,22,12,14435.05593390725,486.35991651155626,21797.271953989926,17783.768118892505,10800.0,10657.802404265924,1539.0553656480397,10800.0,1.1908945999894058,2.273736754432321e-13,0,2.0,2.0
2025-12-12,greedy,error_scaled_frozen_contract_and_soc,30521.8843342114,30521.8843342114,0.0,54774.61454467815,45929.01872086863,8845.595823809525,2524.246709379365,0.0,0,0,4880.29996493239,848.8432525279215,18743.257712174094,15182.03874686102,10800.0,10800.0,1607.912708994708,10800.0,0.000440100004198,1.1368683772161605e-13,0,2.0,2.0
2025-12-12,mpc,error_scaled_frozen_contract_and_soc,41036.214489386606,30521.8843342114,10514.330155175208,54774.61454467815,45929.01872086863,8845.595823809525,2524.246709379365,2081.7183578133986,39,16,6899.654515040385,1482.1224392857137,16775.033186022596,13784.729599761906,10800.0,10581.163645462664,1200.0,10800.0,1.0800422000029355,1.1368683772161605e-13,0,2.0,2.0
2025-12-13,greedy,error_scaled_frozen_contract_and_soc,31011.08850279064,31011.08850279064,0.0,55826.25733460253,46868.25385126918,8958.003483333334,2490.7981961979367,0.0,0,0,6980.946019841271,572.2235190476191,18926.746694232148,15330.664822328044,10800.0,10800.0,1909.202751322751,10800.0,0.0006107999943196,2.273736754432321e-13,0,2.0,2.0
2025-12-13,mpc,error_scaled_frozen_contract_and_soc,43028.56540711957,31011.08850279064,12017.47690432893,55826.25733460253,46868.25385126918,8958.003483333334,2490.7981961979367,2256.755220693828,34,13,8230.883224996687,2016.018171428572,16752.851370029115,13593.74613496755,10800.0,10773.403860840031,1200.0,10800.0,1.0006205000099726,1.1368683772161605e-13,0,2.0,2.0
2025-12-14,greedy,error_scaled_frozen_contract_and_soc,66192.6211090874,66192.6211090874,0.0,102323.11247935383,93405.10787697288,8918.004602380954,2479.623642392539,0.0,0,0,8970.955860523227,0.0,23266.52298131404,18845.883614864382,10800.0,10800.0,1645.9811243386248,10800.0,0.0003584999940358,2.273736754432321e-13,0,2.0,2.0
2025-12-14,mpc,error_scaled_frozen_contract_and_soc,75223.7572228493,66192.6211090874,9031.136113761908,102323.11247935383,93405.10787697288,8918.004602380954,2479.623642392539,1779.9067547619056,30,12,10962.091871324714,53.58195000000015,21976.46234952671,17820.634189116627,10800.0,10778.111460000013,1298.2065555555564,10800.0,1.0142170000035549,2.273736754432321e-13,0,2.0,2.0
2025-12-15,greedy,error_scaled_frozen_contract_and_soc,65765.4827074071,65765.4827074071,0.0,101865.19624467072,92955.86804705166,8909.328197619048,2471.195945233294,0.0,0,0,6627.567653262779,0.0,23715.960731720945,19209.92819269397,10800.0,10800.0,1488.7339148148112,10800.0,0.0004118000069865,2.273736754432321e-13,0,2.0,2.0000000000000004
2025-12-15,mpc,error_scaled_frozen_contract_and_soc,74895.48896699998,65765.4827074071,9130.006259592868,101865.19624467072,92955.86804705166,8909.328197619048,2471.195945233294,1838.5169809523832,33,14,8854.998755399498,100.0660440476186,21868.629443869944,17851.577070074916,10800.0,10646.68086606638,1233.9823055555537,10800.0,1.4601321000081953,2.273736754432321e-13,0,2.0,2.0000000000000004
2025-12-16,greedy,error_scaled_frozen_contract_and_soc,66369.11325246419,66369.11325246419,0.0,102402.32652113948,93514.33055209188,8887.995969047619,2502.177168298333,0.0,0,0,7932.635382686659,0.0,23011.25099185703,18639.113303404192,10800.0,10800.0,1740.7721534391528,10800.0,0.0006030000076862,2.273736754432321e-13,0,2.0,2.0
2025-12-16,mpc,error_scaled_frozen_contract_and_soc,73371.97023549516,66369.11325246419,7002.856983030952,102402.32652113948,93514.33055209188,8887.995969047619,2502.177168298333,1428.6799428571428,31,14,9470.215519536285,235.6876700708644,22052.726658746065,18025.17683435658,10800.0,10619.47973247526,1298.744317552935,10800.0,1.257918499992229,1.1368683772161605e-13,0,2.0,2.0
2025-12-17,greedy,error_scaled_frozen_contract_and_soc,65899.23071118831,65899.23071118831,0.0,102218.69310806824,93460.16420330633,8758.528904761904,2530.4662895447227,0.0,0,0,10343.002039917694,0.0,22165.670571719613,17954.19316309289,10800.0,10800.0,1493.3573174603184,10800.0,0.0008885999995982,2.273736754432321e-13,0,2.0,2.0
2025-12-17,mpc,error_scaled_frozen_contract_and_soc,72164.39920422522,65899.23071118831,6265.168493036903,102218.69310806824,93460.16420330633,8758.528904761904,2530.4662895447227,1231.2535047619044,32,17,11499.728592502248,202.5399797619044,21868.77490961125,17785.310528569076,10800.0,10720.441275795594,1517.6407283183205,10800.0,1.1507609999971464,2.273736754432321e-13,0,2.0,2.0
2025-12-18,greedy,error_scaled_frozen_contract_and_soc,65724.3990648264,65724.3990648264,0.0,101599.14062324312,92815.86323514787,8783.277388095237,2524.456642858096,0.0,0,0,10358.611630540854,16.520833333333485,24102.528207204898,19523.04784783597,10800.0,10800.0,1575.947309629628,10800.0,0.0003824000013992,2.273736754432321e-13,0,2.0,2.0
2025-12-18,mpc,error_scaled_frozen_contract_and_soc,74438.2085149276,65724.3990648264,8713.809450101198,101599.14062324312,92815.86323514787,8783.277388095237,2524.456642858096,2048.0049642857152,39,15,12939.555397663697,40.917708333333394,21860.83162817729,17838.68694664549,10800.0,10653.985191309015,1373.8954189962446,10800.0,1.3343868999945698,2.273736754432321e-13,0,2.0,2.0
2025-12-19,greedy,error_scaled_frozen_contract_and_soc,30925.72991240377,30925.72991240377,0.0,55802.37997057437,47096.94656343151,8705.433407142857,2543.259752018333,0.0,0,0,7174.44813409759,2188.328902380953,19526.74455288537,15816.66308783715,10800.0,10800.0,1443.0232142857103,10800.0,0.0006308000010903,1.1368683772161605e-13,0,2.0,2.0
2025-12-19,mpc,error_scaled_frozen_contract_and_soc,42399.02923749502,30925.72991240377,11473.299325091251,55802.37997057437,47096.94656343151,8705.433407142857,2543.259752018333,2225.4814321910862,42,14,8082.841320587771,4159.247764028214,17072.385021414597,14016.134172312732,10800.0,10591.664105592325,1200.0,10800.0,1.2327015999908326,2.273736754432321e-13,0,2.0,2.0
2025-12-20,greedy,error_scaled_frozen_contract_and_soc,30919.079270504488,30919.079270504488,0.0,55861.45047389404,47208.04504532261,8653.40542857143,2564.025952879364,0.0,0,0,7043.568986948851,2616.9289952380964,19203.080445074946,15554.495160510702,10800.0,10800.0,1624.6978280423282,10800.0,0.0005177999992156,1.1368683772161605e-13,0,2.0,2.0
2025-12-20,mpc,error_scaled_frozen_contract_and_soc,39435.2821730736,30919.079270504488,8516.202902569106,55861.45047389404,47208.04504532261,8653.40542857143,2564.025952879364,1611.7080584619007,34,11,8219.274721547456,3518.4649692519283,17779.656957891075,14596.605323477372,10800.0,10583.240902682672,1328.8374497354496,10800.0,1.3656694000092102,1.1368683772161605e-13,0,2.0,2.0
2025-12-21,greedy,error_scaled_frozen_contract_and_soc,66355.2917341238,66167.82516257618,187.46657154762013,102127.98745849544,93499.20001801924,8628.787440476191,2564.5494414402374,32.274523809524,1,1,8572.081268459733,0.0,22343.710010212984,18098.40510827252,10800.0,10800.0,1397.8340582010592,10800.0,0.0008954999939305,2.273736754432321e-13,0,2.0,2.0
2025-12-21,mpc,error_scaled_frozen_contract_and_soc,72479.13495104984,66167.82516257618,6311.309788473663,102127.98745849544,93499.20001801924,8628.787440476191,2564.5494414402374,1356.964367896214,25,17,9732.40636702171,238.24768452380937,22187.46034736529,18016.03838442393,10800.0,10750.89388549107,1287.8105648148148,10800.0,1.2701720999903046,2.273736754432321e-13,0,2.0,2.0
2025-12-22,greedy,error_scaled_frozen_contract_and_soc,66888.92524617727,65883.62631539132,1005.298930785956,101987.691350217,93321.3616264075,8666.329723809526,2561.2685493907134,214.85623357142936,5,2,8472.261877395646,0.0,23335.868367982184,18907.22285206557,10800.0,10794.25614,1200.0,10800.0,0.0003022000018972,2.273736754432321e-13,0,2.0,2.0
2025-12-22,mpc,error_scaled_frozen_contract_and_soc,74947.41966913655,65883.62631539132,9063.793353745235,101987.691350217,93321.3616264075,8666.329723809526,2561.2685493907134,1898.0445214285712,41,15,10283.153739585408,169.04475714285653,22109.254334363857,17977.357149922715,10800.0,10723.487623235567,1225.7138888888896,10800.0,1.3864543000090634,2.273736754432321e-13,0,2.0,2.0
2025-12-23,greedy,error_scaled_frozen_contract_and_soc,66135.4643179783,66135.4643179783,0.0,102215.35254619594,93547.1228533388,8668.229692857143,2562.475922783015,0.0,0,0,12411.500528248089,0.0,21408.144793710508,17340.59728290551,10800.0,10800.0,1585.021005291008,10800.0,0.000668399996357,1.1368683772161605e-13,0,2.0,2.0
2025-12-23,mpc,error_scaled_frozen_contract_and_soc,68655.48599379855,66135.4643179783,2520.021675820239,102215.35254619594,93547.1228533388,8668.229692857143,2562.475922783015,484.3854190476192,21,12,12752.118576978548,90.77762499999956,22174.31719498005,18053.77993885789,10800.0,10697.129987862165,1278.737981181859,10800.0,1.2197686999861617,2.273736754432321e-13,0,2.0,2.0
2025-12-24,greedy,error_scaled_frozen_contract_and_soc,65690.65881586354,65677.79716937782,12.861646485719495,101745.68083943128,93167.88980609793,8577.791033333333,2620.838103392937,2.0854142857150464,2,2,10004.86313386243,0.0,23280.619703495133,18857.30195983106,10800.0,10800.0,1200.0,10800.0,0.0005739999905927,2.273736754432321e-13,0,2.0,2.0
2025-12-24,mpc,error_scaled_frozen_contract_and_soc,75579.22940158017,65677.79716937782,9901.432232202344,101745.68083943128,93167.88980609793,8577.791033333333,2620.838103392937,1808.3123651666667,36,13,11934.943035273598,235.9992892857151,21947.204103456115,17883.738599607972,10800.0,10681.663026879423,1230.0231759259264,10800.0,1.39733759999217,2.273736754432321e-13,0,2.0,2.0
2025-12-25,greedy,error_scaled_frozen_contract_and_soc,65988.14975450214,65646.2906173867,341.8591371154419,101602.81153989212,93042.12663513022,8560.684904761905,2608.245206371508,49.00503685714477,1,1,10135.77210714286,0.0,21865.633499181647,17711.163134337137,10800.0,10800.0,1200.0,10800.0,0.0010603999980958,2.273736754432321e-13,0,2.0,2.0000000000000004
2025-12-25,mpc,error_scaled_frozen_contract_and_soc,72355.54781746704,65646.2906173867,6709.257200080359,101602.81153989212,93042.12663513022,8560.684904761905,2608.245206371508,1391.0079372291598,28,15,11425.845314439288,168.45037357523188,22003.879906405225,17965.93022206036,10800.0,10641.347224586529,1212.650685185185,10800.0,1.2130223999993175,2.273736754432321e-13,0,2.0,2.0000000000000004
2025-12-26,greedy,error_scaled_frozen_contract_and_soc,30683.0942880343,30683.0942880343,0.0,55200.06842176237,46692.97177890522,8507.096642857143,2646.4441722607144,0.0,0,0,7209.845493650799,1113.901994767788,18637.773909829462,15096.596866961869,10800.0,10800.0,2379.501153439158,10800.0,0.0008537999965483,1.1368683772161605e-13,0,2.0,2.0
2025-12-26,mpc,error_scaled_frozen_contract_and_soc,39309.11054281404,30683.0942880343,8626.016254779746,55200.06842176237,46692.97177890522,8507.096642857143,2646.4441722607144,1784.647835714283,34,16,6931.285432539402,3481.558821428572,17240.818288270548,14004.090175238056,10800.0,10756.63626473454,1200.0,10800.0,1.532121600001119,1.1368683772161605e-13,0,2.0,2.0
2025-12-27,greedy,error_scaled_frozen_contract_and_soc,30584.19693266657,30584.19693266657,0.0,55277.98578964761,46821.49286345713,8456.492926190476,2688.2824582819444,0.0,0,0,6658.027121193421,1225.305385714285,18592.90569863108,15060.253615891172,10800.0,10800.0,1589.317301005292,10800.0,0.0005593999958364,2.273736754432321e-13,0,2.0,2.0
2025-12-27,mpc,error_scaled_frozen_contract_and_soc,39242.7402552261,30584.19693266657,8658.54332255952,55277.98578964761,46821.49286345713,8456.492926190476,2688.2824582819444,1757.919002380952,34,14,8276.916660651119,1642.212557009718,17404.59837716366,14149.824002795936,10800.0,10742.11186967403,1201.4100823159206,10800.0,1.7424937000032514,1.1368683772161605e-13,0,2.0,2.0
2025-12-28,greedy,error_scaled_frozen_contract_and_soc,65908.99432568898,65893.72892845565,15.265397233333712,101821.2000958148,93393.70310295766,8427.496992857145,2689.9883571017854,2.613266666666732,1,1,12900.90462278072,0.0,20704.776061081648,16770.868609476136,10800.0,10800.0,1734.9036420105842,10800.0,0.0011379999923519,2.273736754432321e-13,0,2.0,2.0
2025-12-28,mpc,error_scaled_frozen_contract_and_soc,71616.62240542826,65893.72892845565,5722.8934769726175,101821.2000958148,93393.70310295766,8427.496992857145,2689.9883571017854,1220.6105999999993,30,12,13004.915132028636,927.7663559047076,21991.950163786165,17871.822243999944,10800.0,10735.174876296502,1473.2362282722395,10800.0,1.487677299999632,2.273736754432321e-13,0,2.0,2.0
2025-12-29,greedy,error_scaled_frozen_contract_and_soc,65928.22967850791,65928.22967850791,0.0,101959.75211036696,93557.43140798603,8402.320702380952,2707.757340646944,0.0,0,0,11795.625347266314,0.0,20491.316647898275,16597.96648479761,10800.0,10800.0,1719.4789682539697,10800.0,0.0003923999902326,2.273736754432321e-13,0,2.0,2.0
2025-12-29,mpc,error_scaled_frozen_contract_and_soc,68734.89030656268,65928.22967850791,2806.660628054766,101959.75211036696,93557.43140798603,8402.320702380952,2707.757340646944,627.4186904761917,17,12,11719.933279938152,518.9715297619045,22238.80944855977,18161.32005741665,10800.0,10635.683995463069,1224.5977870370364,10800.0,1.3083880999911344,2.273736754432321e-13,0,2.0,2.0
2025-12-30,greedy,error_scaled_frozen_contract_and_soc,65292.39650634735,65162.17887319735,130.21763314999865,100954.39327681964,92724.2680292006,8230.125247619048,2644.8561130139287,22.291814285714054,1,1,12277.510874485595,73.25836904761888,21783.4270172971,17644.575884010654,10800.0,10800.0,1546.2795656613762,10800.0,0.0006219000060809,2.273736754432321e-13,0,2.0,2.0
2025-12-30,mpc,error_scaled_frozen_contract_and_soc,70943.65403706997,65162.17887319735,5781.4751638726175,100954.39327681964,92724.2680292006,8230.125247619048,2644.8561130139287,1176.4145738095233,26,13,12744.688526545013,749.9479857142862,22210.018972380534,18060.91234829637,10800.0,10721.33668814652,1448.1050759613786,10800.0,1.2053010999952676,2.273736754432321e-13,0,2.0,2.0
2025-12-31,greedy,error_scaled_frozen_contract_and_soc,64954.40580049608,64954.40580049608,0.0,100619.20416892016,92596.82033320588,8022.383835714285,2720.881589940992,0.0,0,0,6609.554179982357,0.0,24326.10328726665,19736.062593566945,10800.0,10764.534521243386,1372.8926662433853,10800.0,0.0002683000057004,2.273736754432321e-13,0,2.0,2.0
2025-12-31,mpc,error_scaled_frozen_contract_and_soc,75960.23663359729,64954.40580049608,11005.830833101212,100619.20416892016,92596.82033320588,8022.383835714285,2720.881589940992,2350.0432166666715,42,17,9582.301626307828,45.28023333333324,21790.71913179892,17868.66290109134,10800.0,10557.577328517536,1270.6932777777774,10800.0,1.811699300000328,2.273736754432321e-13,0,2.0,2.0
