date,plan_kwh,final_contract_kwh,cash_cost_yuan,alternative_cash_cost_yuan,emergency_kwh,unused_contract_kwh,pv_curtailed_kwh,charge_kwh,discharge_kwh,soc_start_kwh,soc_end_kwh,soc_min_kwh,soc_max_kwh,max_balance_residual_kwh,emergency_slots,settlement_yuan,emergency_yuan,soc_bound_slots
2025-01-01,62815.659004949586,62815.659004949586,216361.1689851971,216361.1689851971,34413.093111550406,21.217300000000137,0.0,14394.04228333333,9221.677483499996,6000.0,8708.329740000001,1200.0,9838.495830370372,1.1368683772161603e-13,83,36674.80453430289,179686.3644508942,75
2025-01-02,98412.07459462728,98412.07459462728,64902.56690271906,64902.56690271906,126.46650555555561,862.5596055555551,0.0,24297.176254220514,19506.43402625989,8708.329740000001,8901.97278406526,1280.7780254938323,10798.566555793654,2.2737367544323206e-13,8,64079.99652468454,822.5703780345242,0
2025-01-03,101622.51595082392,101622.51595082392,66611.76389606079,66611.76389606079,0.0,47133.4845801404,5470.793316666666,9500.379963204874,5987.083275854682,8901.97278406526,10800.0,5764.330460280636,10800.0,1.7053025658242404e-13,0,66611.76389606079,0.0,100
2025-01-04,98879.92531852407,98879.92531852407,65165.76680467161,65165.76680467161,0.0,46717.72108446646,5992.491348565187,7390.0553622409225,5985.944843415148,10800.0,10800.0,5550.6423373308,10800.0,2.2737367544323206e-13,0,65165.76680467161,0.0,103
2025-01-05,98202.21820762937,98202.21820762937,66736.1822378356,66736.1822378356,328.3080582769244,5238.492391123303,0.0,20579.214790567865,18322.891215784875,10800.0,8962.525293972334,1200.0,10800.0,2.2737367544323206e-13,11,64564.14670709961,2172.0355307359796,24
2025-01-06,99169.26665304252,99169.26665304252,66464.60517578395,66464.60517578395,272.6477692415498,4584.80210695391,0.0,22614.349378332554,18389.7181630024,8962.525293972334,8882.419553357857,1200.0,10800.0,2.2737367544323206e-13,12,64728.10043958243,1736.504736201521,15
2025-01-07,101465.92197321547,101465.92197321547,67326.0359500878,67326.0359500878,121.06553792475802,4397.511329627556,0.0,22362.53705412041,17739.961822607736,8882.419553357857,9297.634210279854,1404.4761704473194,10800.0,2.2737367544323206e-13,8,66510.13094790714,815.9050021806542,14
2025-01-08,103627.84088311002,103627.84088311002,68780.21152691386,68780.21152691386,45.799482942832356,10058.724095377656,0.0,20849.03505668994,16760.120102681394,9297.634210279854,9439.410091654809,1591.570991728477,10800.0,2.2737367544323206e-13,2,68467.13925202447,313.0722748893996,25
2025-01-09,105170.1991833533,105170.1991833533,69765.58807597651,69765.58807597651,0.0,10364.838840469565,0.0,20101.181652966574,16387.377426749506,9439.410091654809,9322.276438491941,1559.2227892544652,10800.0,3.410605131648481e-13,0,69765.58807597651,0.0,33
2025-01-10,105044.28376947911,105044.28376947911,69511.79810937447,69511.79810937447,0.0,51957.39174870473,4626.603016666667,8629.847800441023,5660.225512999975,9322.276438491941,10800.0,5550.929348272764,10800.0,2.2737367544323206e-13,0,69511.79810937447,0.0,106
2025-01-11,102784.51017085687,102784.51017085687,68290.97507861652,68290.97507861652,0.0,50989.97955512191,5610.417316666666,6938.035170534925,5619.808488133289,10800.0,10800.0,5367.253839533841,10800.0,2.2737367544323206e-13,0,68290.97507861652,0.0,112
2025-01-12,101755.42198486824,101755.42198486824,69957.82635694474,69957.82635694474,375.6633282794287,9477.921499002468,0.0,18491.03982807392,16703.764413928708,10800.0,8882.197607567965,1200.0,10800.0,2.2737367544323206e-13,12,67456.56600781827,2501.260349126467,50
2025-01-13,105807.56550686932,105807.56550686932,71037.51052787973,71037.51052787973,192.452663478799,14116.111360252646,0.0,19269.82903981761,15659.8791963888,8882.197607567965,8825.177969638476,1200.0,10800.0,2.2737367544323206e-13,12,69891.45374871074,1146.0567791689855,41
2025-01-14,107441.70120858954,107441.70120858954,72015.33546029628,72015.33546029628,121.12926169770458,14404.991406940879,0.0,19553.406896452594,15675.880766439563,8825.177969638476,9005.598880401847,1228.6700044411841,10800.0,3.410605131648481e-13,7,71195.26651754831,820.0689427479837,36
2025-01-15,109299.6677190616,109299.6677190616,73680.60552870951,73680.60552870951,134.22672331046374,15530.845592865124,0.0,19399.12296116744,15566.417044993823,9005.598880401847,9168.790606570516,1355.7345311961456,10800.0,3.410605131648481e-13,5,72777.02025214028,903.5852765692202,45
2025-01-16,108290.85243140935,108290.85243140935,72751.35365693364,72751.35365693364,76.66966448748076,15768.42755421125,0.0,18819.615753028876,15294.672661343298,9168.790606570516,9112.364049470612,1350.1292860526635,10800.0,3.410605131648481e-13,4,72234.54844482266,516.8052121109795,46
2025-01-17,106108.42884933106,106108.42884933106,70361.3622383785,70361.3622383785,0.0,53973.96690140412,6278.319716666666,8674.507416406068,5507.478651812463,9112.364049470612,10800.0,5271.36628891753,10800.0,2.2737367544323206e-13,0,70361.3622383785,0.0,110
2025-01-18,103358.12332831253,103358.12332831253,68810.4090376039,68810.4090376039,0.0,52822.8420506733,5987.215499999998,6871.351373539891,5565.794612567311,10800.0,10800.0,5283.222095240573,10800.0,2.2737367544323206e-13,0,68810.4090376039,0.0,115
2025-01-19,106303.87341460204,106303.87341460204,73415.0759290581,73415.0759290581,329.2274966160636,16591.529157625046,0.0,16331.622190625774,14973.189903699385,10800.0,8861.582300786109,1200.0,10800.0,3.410605131648481e-13,9,71204.88155231369,2210.19437674443,66
2025-01-20,110099.14685819819,110099.14685819819,74677.99689221456,74677.99689221456,189.56876361476395,18572.607626452766,0.0,18508.213159963623,14859.181714603414,8861.582300786109,9008.772239638463,1253.1991239458712,10800.0,3.410605131648481e-13,7,73408.72659986356,1269.270292351021,44
2025-01-21,111506.79440125264,111506.79440125264,74625.25049030076,74625.25049030076,1.9346976845897643,23951.78312265579,782.4998833333336,16751.076617978164,13452.535208363373,9008.772239638463,9137.479853192834,1361.9272281701558,10800.0,2.2737367544323206e-13,2,74612.66238893273,12.588101368021338,57
2025-01-22,110874.6621267882,110874.6621267882,75802.85664789076,75802.85664789076,275.9820501160917,19051.129047505136,0.0,17992.923301789608,14792.172539057117,9137.479853192834,8895.363559184458,1200.0,10800.0,3.410605131648481e-13,11,74190.46592453297,1612.3907233577936,59
2025-01-23,111833.22742201493,111833.22742201493,75196.7414401008,75196.7414401008,48.39205875965081,18614.215350039776,0.0,18343.10348509562,14641.624954360825,8895.363559184458,9135.68452425849,1363.19621637216,10800.0,3.410605131648481e-13,6,74865.08676507499,331.65467502580617,53
2025-01-24,106976.92478768076,106976.92478768076,70942.20441355894,70942.20441355894,0.0,55451.39953927049,8562.285383333334,8610.225194260915,5476.398479183978,9135.68452425849,10800.0,5334.949856850295,10800.0,2.2737367544323206e-13,0,70942.20441355894,0.0,109
2025-01-25,103546.8251911933,103546.8251911933,68880.39816001304,68880.39816001304,0.0,53901.68840165598,9857.2905,7096.162225635038,5747.891402764378,10800.0,10800.0,5031.09320110759,10800.0,2.2737367544323206e-13,0,68880.39816001304,0.0,114
2025-01-26,104647.73605134085,104647.73605134085,72091.7300993542,72091.7300993542,308.5370873861133,15832.109244796498,0.0,16182.023665879742,14756.8498052826,10800.0,8967.32151564443,1200.0,10800.0,3.410605131648481e-13,8,70001.66550740256,2090.0645919516387,68
2025-01-27,107279.41339180537,107279.41339180537,72169.33432346734,72169.33432346734,125.9754262625139,19821.821892803076,198.49428333333344,17184.08159329521,13993.925734697066,8967.32151564443,8884.188577724495,1211.6576995081307,10800.0,3.410605131648481e-13,6,71320.45351810817,848.8808053591699,47
2025-01-28,107754.2446180263,107754.2446180263,72739.9767834141,72739.9767834141,156.6765588054717,17320.059968139278,0.0,18384.945410591477,14774.483568565627,8884.188577724495,9014.546593295021,1200.0,10800.0,3.410605131648481e-13,9,71675.19007317828,1064.7867102358173,39
2025-01-29,108494.7510850147,108494.7510850147,72657.13733906034,72657.13733906034,43.65190071583481,23559.23869573666,130.00299999999982,16534.753276414478,13070.793036420617,9014.546593295021,9372.721168267362,1628.4271952412964,10800.0,2.2737367544323206e-13,2,72363.14984666066,293.98749239967896,56
2025-01-30,108278.8220112698,108278.8220112698,72980.03109497191,72980.03109497191,94.44473553615148,21370.13409750101,227.56126666666626,17159.734940640854,14126.746341335907,9372.721168267362,9120.097791137568,1275.5754520304997,10800.0,3.410605131648481e-13,5,72343.61140564195,636.4196893299677,53
2025-01-31,103615.19780788149,103615.19780788149,68366.63832712297,68366.63832712297,0.0,53367.094149744524,8315.396966666665,8718.271860495333,5549.888219025028,9120.097791137568,10800.0,5266.130097199903,10800.0,2.2737367544323206e-13,0,68366.63832712297,0.0,109
2025-02-01,98735.49338974201,98735.49338974201,65137.31336548694,65137.31336548694,0.0,52598.411666834145,10472.001883333332,6773.178453901061,5486.274547659861,10800.0,10800.0,5312.831999125138,10800.0,2.2737367544323206e-13,0,65137.31336548694,0.0,115
2025-02-02,102317.61682343096,102317.61682343096,68429.07409207003,68429.07409207003,41.714313184032676,22081.71955610786,437.19255,15130.857548047697,13646.716467540547,10800.0,9254.75349597565,1275.4869906922067,10800.0,3.410605131648481e-13,4,68153.84078459447,275.2333074755559,77
2025-02-03,104165.08458139088,104165.08458139088,69207.50806746981,69207.50806746981,33.418707845020776,20822.179934703563,80.66648333333308,16410.77810915778,13332.03773795877,9254.75349597565,9211.07852981902,1323.3860032331381,10800.0,2.2737367544323206e-13,3,68982.45076185893,225.05730561087069,59
2025-02-04,104445.64660270598,104445.64660270598,69424.30321771684,69424.30321771684,32.58936857916001,19436.15663408284,319.0483499999997,17549.070057434263,14020.90302023196,9211.07852981902,9426.46044791879,1547.8701252226138,10800.0,2.2737367544323206e-13,1,69204.61828412472,219.68493359211763,58
2025-02-05,102528.79691300786,102528.79691300786,67951.06437726019,67951.06437726019,10.086954959274976,18458.631032493577,41.182350000000156,17626.435333560745,14335.79183142051,9426.46044791879,9361.59465765622,1429.0870324486168,10800.0,1.1368683772161603e-13,1,67886.09934384498,64.96503341521048,55
2025-02-06,102817.12796380633,102817.12796380633,68305.55920879985,68305.55920879985,29.323243101270577,19188.968043136305,1.4008166666668558,17390.87019014566,14005.845059707692,9361.59465765622,9451.327762445433,1551.1064631399333,10800.0,2.2737367544323206e-13,3,68106.77307289088,198.78613590896532,59
2025-02-07,97597.91472239728,97597.91472239728,63811.365394748325,63811.365394748325,0.0,50540.86532882353,12399.403233333334,8621.902525129764,5769.936031555997,9451.327762445433,10800.0,5158.334343122638,10800.0,2.2737367544323206e-13,0,63811.365394748325,0.0,108
2025-02-08,94732.36663913872,94732.36663913872,62110.483179162526,62110.483179162526,0.0,50160.28597671896,11655.549033333333,7049.310065367157,5709.9411529474,10800.0,10800.0,5056.609661193461,10800.0,2.2737367544323206e-13,0,62110.483179162526,0.0,116
2025-02-09,98573.19509245841,98573.19509245841,65657.58431767607,65657.58431767607,47.1894093071586,17452.936395695142,52.42941666666627,15919.814732972278,14360.212010235175,10800.0,9172.04213719152,1282.8976227490464,10800.0,2.8421709430404007e-13,4,65339.43088177144,318.1534359046334,73
2025-02-10,98518.88301071263,98518.88301071263,64939.85945339489,64939.85945339489,59.22723195102026,19873.98440261514,1234.473516666667,16580.9550445231,13437.940304474583,9172.04213719152,9163.856894512774,1388.1549476557593,10800.0,2.2737367544323206e-13,3,64547.897790436036,391.9616629588634,59
2025-02-11,98561.81356281563,98561.81356281563,64932.389814514565,64932.389814514565,50.10529536577292,19430.72291809775,747.3689333333336,17181.16166877104,13967.931795354047,9163.856894512774,9106.978179346657,1265.4560280448597,10800.0,2.2737367544323206e-13,5,64594.86436885383,337.5254456607383,56
2025-02-12,98912.24925145411,98912.24925145411,65184.64303281979,65184.64303281979,43.10206932859069,19321.4574691988,1047.5794833333334,17064.530100422806,13744.951865505574,9106.978179346657,9192.886530276546,1382.6807526974922,10800.0,3.410605131648481e-13,4,64894.182093960684,290.4609388591033,60
2025-02-13,98911.59753649763,98911.59753649763,65279.93121214781,65279.93121214781,46.64385563016367,22835.80539747527,1784.2059833333333,15406.809812101521,12398.05881744898,9192.886530276546,9283.394452891267,1424.4136681186192,10800.0,3.410605131648481e-13,4,64965.74905240342,314.1821597443858,59
2025-02-14,93388.71584422742,93388.71584422742,60460.39708173075,60460.39708173075,0.0,47781.99673126255,12807.300316666666,8593.01045912464,5595.393479493101,9283.394452891267,10800.0,5239.508337823045,10800.0,2.2737367544323206e-13,0,60460.39708173075,0.0,110
2025-02-15,90451.56522728206,90451.56522728206,58780.729400172495,58780.729400172495,0.0,46461.43132323422,13355.802533333332,7127.580372181605,5773.340101467099,10800.0,10800.0,5073.252887129176,10800.0,2.2737367544323206e-13,0,58780.729400172495,0.0,114
2025-02-16,93072.63299354109,93072.63299354109,61885.12489087341,61885.12489087341,125.46370007442204,15887.171595554755,462.55345026362613,15608.020530442387,14137.027982645257,10800.0,9139.409607792308,1271.2569620928493,10800.0,2.2737367544323206e-13,6,61040.259451832324,844.8654390410873,67
2025-02-17,95082.25788540137,95082.25788540137,62893.465967859076,62893.465967859076,143.22855796547594,19617.592978735705,1475.096116666667,15654.632103818856,12705.697922521034,9139.409607792308,9111.136365094791,1319.2937521898057,10800.0,2.2737367544323206e-13,8,61937.255321635545,956.2106462235304,56
2025-02-18,95112.55662931323,95112.55662931323,62403.69907168679,62403.69907168679,63.70699498442559,18803.094667595044,1023.8811529477643,16531.11887435767,13273.218853936152,9111.136365094791,9241.122403198744,1339.0661430329712,10800.0,2.2737367544323206e-13,6,61973.567040777416,430.13203090936685,58
2025-02-19,95173.78969651644,95173.78969651644,62664.25807179465,62664.25807179465,83.10515226580901,17964.060054647394,1416.893366666666,16933.216840950266,13936.602796815403,9241.122403198744,8995.903341370198,1284.9060921550229,10800.0,2.8421709430404007e-13,4,62103.84557470386,560.412497090788,51
2025-02-20,94143.14187630227,94143.14187630227,61470.017603093205,61470.017603093205,30.977257619771308,18436.590365339543,1408.4893166666661,16427.235677897505,13091.329959315004,8995.903341370198,9234.493274461276,1407.6342073409198,10800.0,2.2737367544323206e-13,2,61262.02922818631,207.9883749068919,59
2025-02-21,88470.3307429273,88470.3307429273,56738.26276319411,56738.26276319411,0.0,43978.51413657565,15911.988999999998,8476.892210702497,5457.326637684172,9234.493274461276,10800.0,5351.577842777939,10800.0,2.2737367544323206e-13,0,56738.26276319411,0.0,109
2025-02-22,85579.00595219656,85579.00595219656,55092.22663491322,55092.22663491322,0.0,42605.732597363356,13789.871816666666,7045.466604385283,5706.827949552078,10800.0,10800.0,5097.234762260935,10800.0,2.2737367544323206e-13,0,55092.22663491322,0.0,116
2025-02-23,89794.51733034242,89794.51733034242,59349.56721567042,59349.56721567042,110.47393521736274,16319.692108910367,841.5362333333334,14732.359130869067,13520.449890886319,10800.0,9036.401116797362,1259.7705171182665,10800.0,3.410605131648481e-13,9,58601.70827015631,747.8589455141073,70
2025-02-24,91855.27722718971,91855.27722718971,60092.50255226699,60092.50255226699,89.5105007706627,18106.672604647698,2536.7609,15806.049030643899,12707.728423997873,9036.401116797362,9142.146995490355,1364.047130983688,10800.0,2.2737367544323206e-13,4,59489.754288807715,602.7482634592777,55
2025-02-25,90442.82897567768,90442.82897567768,58891.26685526068,58891.26685526068,69.05170288215731,18348.372511837722,3590.5248999999994,14886.236956029177,12134.576922640383,9142.146995490355,9056.897008538406,1295.8337029088468,10800.0,2.2737367544323206e-13,3,58427.74541949484,463.52143576584024,55
2025-02-26,90629.12193184061,90629.12193184061,58759.6751461295,58759.6751461295,28.69942720284837,16751.79697468716,1996.6930666666667,15643.184547293935,12548.701262937644,9056.897008538406,9192.76169783889,1387.5766574500199,10800.0,2.8421709430404007e-13,4,58566.12412842097,193.55101770852525,52
2025-02-27,90481.57271308346,90481.57271308346,58540.59695111567,58540.59695111567,3.4927386457426337,17785.46833263544,2676.7434499999995,16611.20549644172,13544.936027347947,9192.76169783889,9092.917725360941,1263.0375059404014,10800.0,3.410605131648481e-13,2,58516.249120086424,24.347831029255545,58
2025-02-28,85179.08955298222,85179.08955298222,54122.179342980715,54122.179342980715,0.0,41498.87086617596,17169.857016666665,8849.442489286565,5631.674369146963,9092.917725360941,10800.0,5180.453702291258,10800.0,2.2737367544323206e-13,0,54122.179342980715,0.0,110
2025-03-01,82213.00664572313,82213.00664572313,52479.593407213775,52479.593407213775,0.0,41580.01564729496,15634.3189218107,7052.137596232355,5712.231452948209,10800.0,10800.0,5090.683632564504,10800.0,2.2737367544323206e-13,0,52479.593407213775,0.0,113
2025-03-02,84499.86529032963,84499.86529032963,55810.068855562626,55810.068855562626,233.93831387817113,10850.353039919384,33.96490000000006,16436.30647414791,14945.127876526163,10800.0,8986.978186148497,1200.0,10800.0,2.2737367544323206e-13,12,54400.11194296294,1409.956912599688,69
2025-03-03,85323.89493118052,85323.89493118052,54935.98750983657,54935.98750983657,96.73523414977774,9253.026161156773,439.1954999999996,19679.46024030377,15968.198369463582,8986.978186148497,8956.049769684576,1200.4717143831056,10800.0,2.2737367544323206e-13,6,54276.751480326966,659.2360295095987,47
2025-03-04,84225.91408794324,84225.91408794324,53697.06909920031,53697.06909920031,45.049265423198904,10502.013026779921,964.0056499999998,18380.485256939464,14774.998513686292,8956.049769684576,9081.821485723103,1337.8343162312171,10800.0,1.1368683772161603e-13,5,53391.177042049065,305.8920571512357,48
2025-03-05,84306.67915447184,84306.67915447184,54042.0271900379,54042.0271900379,77.54416225201442,13766.909066400438,1223.187266666666,16737.855455173318,13474.200488183218,9081.821485723103,9174.557519619959,1334.572105003509,10800.0,2.2737367544323206e-13,8,53514.071659195244,527.9555308426546,55
2025-03-06,84162.83532443503,84162.83532443503,53482.12222372416,53482.12222372416,1.2391735906102213,13336.534993793193,1709.4246166666667,16545.115257496145,13367.6545032637,9174.557519619959,9212.211803295715,1370.1269474256965,10800.0,2.2737367544323206e-13,1,53473.81976066707,8.302463057088483,53
2025-03-07,77746.80152246158,77746.80152246158,48453.77480334825,48453.77480334825,0.0,36466.54579555737,17219.938466666666,8994.854473001853,5856.822746097643,9212.211803295715,10800.0,5334.8084869852755,10800.0,1.1368683772161603e-13,0,48453.77480334825,0.0,108
2025-03-08,74076.30848716904,74076.30848716904,46353.19924831955,46353.19924831955,0.0,34198.81215812588,19412.774149999997,7376.75085461312,5975.168192236628,10800.0,10800.0,5208.5338598224835,10800.0,2.2737367544323206e-13,0,46353.19924831955,0.0,113
2025-03-09,77885.20800385051,77885.20800385051,49942.383053166166,49942.383053166166,88.80811205613486,10377.878665511878,2951.5839183846783,15269.09238952232,13958.063907512214,10800.0,9033.223253334296,1251.458676550836,10800.0,2.8421709430404007e-13,6,49356.88689990432,585.4961532618464,69
2025-03-10,79114.66497679074,79114.66497679074,50561.660018286755,50561.660018286755,133.21483135674202,7318.926212358295,439.6050999999994,18049.745640490255,14602.468594701068,9033.223253334296,9053.029224552125,1328.2975091817623,10800.0,1.4210854715202004e-13,8,49662.15616996473,899.503848322026,40
2025-03-11,78606.93200123232,78606.93200123232,49470.3564592116,49470.3564592116,24.884035560416578,8966.46310686004,2426.5429833333333,16574.024657047077,13274.133510447718,9053.029224552125,9220.614182063699,1384.921331599591,10800.0,2.2737367544323206e-13,3,49302.595032698955,167.7614265126449,47
2025-03-12,78525.84599062137,78525.84599062137,49628.29622671663,49628.29622671663,44.95048371382222,9924.58524004383,3291.2501999999995,15965.666667052132,13046.240316094108,9220.614182063699,9093.891608972717,1285.924618259392,10800.0,1.1368683772161603e-13,4,49325.86268934481,302.43353737182167,46
2025-03-13,78596.45130918793,78596.45130918793,50135.73017030633,50135.73017030633,115.05752092544401,7345.462595743658,389.01481956199143,17961.701389954265,14530.287991813211,9093.891608972717,9114.65842458354,1243.8164668669592,10800.0,2.2737367544323206e-13,7,49359.99202400689,775.7381462994434,36
2025-03-14,72816.80831156639,72816.80831156639,44781.51516428063,44781.51516428063,0.0,31983.913241712962,21395.21013333333,9955.008080589294,6546.749127402518,9114.65842458354,10800.0,5243.258357909388,10800.0,2.2737367544323206e-13,0,44781.51516428063,0.0,103
2025-03-15,69266.41643790794,69266.41643790794,42764.56782078107,42764.56782078107,0.0,29431.528178213193,17283.510316666667,8564.488384358356,6937.23559133027,10800.0,10800.0,5154.157543726662,10800.0,1.1368683772161603e-13,0,42764.56782078107,0.0,106
2025-03-16,73128.37790137238,73128.37790137238,45947.89810833166,45947.89810833166,7.480785898568115,7026.062754997547,1220.08095,15551.304622286305,14012.63657334623,10800.0,9226.577967450754,1421.4241674294835,10800.0,2.2737367544323206e-13,1,45897.529976876605,50.36813145505912,52
2025-03-17,74453.12874396637,74453.12874396637,47157.55447378756,47157.55447378756,125.94641464405834,9513.946253160992,4153.108799999999,15872.123085212637,12818.234413096527,9226.577967450754,9269.00606292377,1409.2954848723211,10800.0,2.2737367544323206e-13,5,46305.69514471057,851.8593290769944,44
2025-03-18,73807.6664294319,73807.6664294319,45982.26369800726,45982.26369800726,16.491251246074512,7006.238469691705,2163.6289969192558,18437.949073927135,14909.617226526785,9269.00606292377,9296.918866650656,1426.6811605784028,10800.0,2.2737367544323206e-13,2,45871.0895317884,111.17416621884973,37
2025-03-19,73875.9836019802,73875.9836019802,45963.38442040811,45963.38442040811,1.7576704438704382,7748.2633584669975,3121.7711333333327,18301.183586869858,14758.947256246105,9296.918866650656,9369.153810115633,1516.0051227050876,10800.0,1.1368683772161603e-13,1,45952.064143914366,11.320276493747558,38
2025-03-20,73715.3064940601,73715.3064940601,46688.608951466114,46688.608951466114,120.75990475044671,6372.934770510332,2031.4348190902742,17680.68254818294,14457.947555639665,9369.153810115633,9217.38193054732,1371.7274710299544,10800.0,2.2737367544323206e-13,5,45879.9595630736,808.6493883925223,34
2025-03-21,67998.62197706701,67998.62197706701,41428.4351161861,41428.4351161861,0.0,27629.639811726425,24935.485433333335,10398.294488595737,6998.262273255137,9217.38193054732,10800.0,5025.697482980648,10800.0,2.2737367544323206e-13,0,41428.4351161861,0.0,99
2025-03-22,64739.23534681112,64739.23534681112,39581.190867455356,39581.190867455356,0.0,26777.77862143777,20430.970881178782,8680.453215059131,7031.167104197893,10800.0,10800.0,5251.7830352970395,10800.0,2.2737367544323206e-13,0,39581.190867455356,0.0,101
2025-03-23,68813.4690745771,68813.4690745771,43459.30486608011,43459.30486608011,101.83965583381962,5820.299543258427,2648.6455666666666,16973.271410577356,15296.627906758196,10800.0,9079.691039788286,1259.6505090168591,10800.0,2.2737367544323206e-13,8,42774.77210409552,684.5327619845849,50
2025-03-24,70184.22565747518,70184.22565747518,43266.51388510298,43266.51388510298,5.422610154909307,5720.091131884399,2787.3149166666662,18765.79643733551,15082.051301589809,9079.691039788286,9211.073053846021,1469.8798891772533,10800.0,2.2737367544323206e-13,1,43228.68575666232,37.828128440647326,34
2025-03-25,69636.45605689214,69636.45605689214,43312.24045102393,43312.24045102393,65.30146001038531,3332.4384687139172,1865.1181874526183,19350.36761030152,15796.291466232185,9211.073053846021,9074.968940637187,1314.7757901843008,10800.0,2.2737367544323206e-13,6,42872.52656193394,439.7138890899913,31
2025-03-26,69993.81853233447,69993.81853233447,43310.89655936984,43310.89655936984,31.17373787758072,7525.984294609971,3302.2049166666666,18243.52605943039,14639.27786716164,9074.968940637187,9228.278097278271,1414.9780868361945,10800.0,2.2737367544323206e-13,3,43100.933300522476,209.96325884735984,36
2025-03-27,69730.87258932515,69730.87258932515,43246.215428840886,43246.215428840886,39.453970584833314,5903.927240833658,1723.4225194954133,18311.071171008593,14885.083771427673,9228.278097278271,9169.260182933034,1440.8487768481104,10800.0,2.2737367544323206e-13,4,42980.16025789744,266.0551709434426,33
2025-03-28,63918.74995739035,63918.74995739035,38569.218109106034,38569.218109106034,0.0,25354.885043514914,24218.00745371633,10822.688727011428,7298.712033518989,9169.260182933034,10800.0,5230.706945412166,10800.0,2.2737367544323206e-13,0,38569.218109106034,0.0,91
2025-03-29,60821.19394838769,60821.19394838769,36920.36009778533,36920.36009778533,0.0,23839.647392758863,27553.158095932355,9058.838296648166,7337.659020285019,10800.0,10800.0,5133.105294894644,10800.0,2.2737367544323206e-13,0,36920.36009778533,0.0,100
2025-03-30,64906.52137816742,64906.52137816742,40225.62178289344,40225.62178289344,30.244532371812397,5228.982787191987,2514.7413743733923,17666.569016668196,15819.146967694334,10800.0,9123.08215089657,1323.9814720851293,10800.0,2.2737367544323206e-13,3,40019.60070025115,206.02108264229395,32
2025-03-31,66498.33461452421,66498.33461452421,40619.799173552485,40619.799173552485,0.8684915534614674,4056.7782808948796,1873.6297922858057,18380.97229355644,14763.566743992791,9123.08215089657,9261.994166216493,1450.4540984578807,10800.0,2.2737367544323206e-13,1,40613.94423774483,5.854935807660483,26
2025-04-01,66111.26851047372,66111.26851047372,41101.506559903704,41101.506559903704,104.35470111342852,1736.878820684572,803.4463907285037,18713.287906959788,15246.841423452372,9261.994166216493,9163.01836753322,1369.7170870779607,10800.0,1.1368683772161603e-13,6,40399.13448710595,702.3720727977515,26
2025-04-02,66261.19612678856,66261.19612678856,41274.74561952318,41274.74561952318,121.5530365510424,1903.1556203750324,0.0,21180.863981200946,17136.605838236363,9163.01836753322,9185.122797018117,1361.269362663273,10800.0,2.2737367544323206e-13,5,40451.694619250076,823.0510002731005,15
2025-04-03,66328.42431871546,66328.42431871546,41084.443075792784,41084.443075792784,86.68218714446368,4701.861512950155,2141.030166666667,19636.617001255305,15927.932441678859,9185.122797018117,9160.375385171385,1411.456102419011,10800.0,2.2737367544323206e-13,5,40498.43340515711,586.0096706356726,31
2025-04-04,60881.911268697244,60881.911268697244,36390.042066097696,36390.042066097696,0.0,24231.75304201257,26644.201306037678,11049.960617374985,7474.805946727985,9160.375385171385,10800.0,5222.57288808804,10800.0,2.2737367544323206e-13,0,36390.042066097696,0.0,91
2025-04-05,57807.02261847786,57807.02261847786,34815.64749902079,34815.64749902079,0.0,22459.166578223754,21580.858555565173,9067.802638713689,7344.920137358085,10800.0,10800.0,5159.066272436008,10800.0,2.2737367544323206e-13,0,34815.64749902079,0.0,97
2025-04-06,61745.48512462241,61745.48512462241,38278.7111838729,38278.7111838729,71.39924325807988,2733.5398428687286,2859.681366450712,17589.020850133158,15775.433958238777,10800.0,9101.858811521208,1322.7162194477849,10800.0,2.2737367544323206e-13,5,37797.784776116736,480.9264077561701,34
2025-04-07,63166.56062658902,63166.56062658902,38322.05383923478,38322.05383923478,9.154153546866155,3657.0697382209814,2562.933566666667,18810.018289563082,15097.026097648177,9101.858811521208,9256.401830296683,1493.198145381585,10800.0,1.7053025658242404e-13,2,38260.22385144808,61.829987786707484,32
2025-04-08,62599.2593801003,62599.2593801003,38182.25329896288,38182.25329896288,44.03381053164651,2654.8842163990103,2080.757805232243,20027.188045136794,16472.730492802766,9256.401830296683,8977.83719002783,1248.098507169842,10800.0,2.2737367544323206e-13,5,37885.86085218601,296.3924467768732,31
2025-04-09,62817.01090155772,62817.01090155772,39885.06365898096,39885.06365898096,276.9280892425158,72.16007893408131,0.0,20446.22513732272,16558.757242123233,8977.83719002783,8980.82065570358,1200.0,10800.0,1.1368683772161603e-13,4,37974.21837907672,1910.8452799042375,3
2025-04-10,62962.74898444164,62962.74898444164,38518.600973892026,38518.600973892026,68.03045220343017,2982.8707497611827,1517.9246481583032,20529.018702201094,16459.6725634755,8980.82065570358,9168.412417156233,1390.0037647432482,10800.0,1.1368683772161603e-13,2,38060.15180297335,458.44917091868103,17
2025-04-11,57068.67272634689,57068.67272634689,34103.73293456725,34103.73293456725,0.0,20867.507484974234,27343.505557673052,10908.3194340714,7367.309917038448,9168.412417156233,10800.0,5148.7870643903225,10800.0,1.1368683772161603e-13,0,34103.73293456725,0.0,92
2025-04-12,54061.06294663383,54061.06294663383,32654.891045885157,32654.891045885157,0.0,19847.04665052631,23571.41327797486,8512.855095435025,6895.412627302371,10800.0,10800.0,5209.313624283525,10800.0,1.7053025658242404e-13,0,32654.891045885157,0.0,101
2025-04-13,58268.675517533455,58268.675517533455,35772.39144385867,35772.39144385867,48.0170815190811,1191.9904945814085,798.4334752308305,18458.55315270532,16408.643006798357,10800.0,9180.872274325506,1387.6125273563189,10800.0,2.2737367544323206e-13,4,35445.527835949004,326.8636079096725,29
2025-04-14,59878.06788504545,59878.06788504545,36601.55413783314,36601.55413783314,80.03592753716157,2268.5063650153975,1301.5372187372222,20173.60849854476,16313.58006971477,9180.872274325506,9210.919845554936,1394.0266723483667,10800.0,2.2737367544323206e-13,4,36069.06502025356,532.4891175795691,28
2025-04-15,59696.740741502086,59696.740741502086,36554.88648326612,36554.88648326612,85.52833069391511,3012.817145094502,3122.4736951616387,18663.31867659091,15155.769277984378,9210.919845554936,9168.163012281882,1381.7685763804268,10800.0,2.2737367544323206e-13,6,35976.25893715749,578.627546108638,27
2025-04-16,59597.21263618917,59597.21263618917,36119.38555595131,36119.38555595131,26.634434907688274,99.04649418500048,0.0,19907.12475366291,16161.91612675105,9168.163012281882,9126.890705299555,1409.3555257387486,10761.56634960261,1.1368683772161603e-13,1,35947.84647792834,171.53907802296632,0
2025-04-17,59728.30698483736,59728.30698483736,36227.97501372549,36227.97501372549,31.48279340920601,1786.322750207935,1319.609088576357,19631.02207610257,15845.50648664029,9126.890705299555,9188.692255302652,1329.3705686486321,10800.0,2.2737367544323206e-13,5,36015.03405283105,212.94096089444196,23
2025-04-18,54081.79514304994,54081.79514304994,32355.863039281252,32355.863039281252,0.0,19172.033436462327,25051.807970927097,10808.734642629315,7304.898090302136,9188.692255302652,10800.0,5276.101821735823,10800.0,2.2737367544323206e-13,0,32355.863039281252,0.0,90
2025-04-19,51288.93776428606,51288.93776428606,31039.436435545074,31039.436435545074,0.0,18242.849067863222,24530.04750070316,9112.431293261452,7381.069347541775,10800.0,10800.0,5210.649031980215,10800.0,1.7053025658242404e-13,0,31039.436435545074,0.0,96
2025-04-20,55447.81967991313,55447.81967991313,33802.20721865504,33802.20721865504,0.0,1006.6988190056225,169.31896948269883,18592.782368979213,16278.725360887736,10800.0,9446.031508872698,1573.819859919699,10800.0,2.2737367544323206e-13,0,33802.20721865504,0.0,23
2025-04-21,56788.37493044382,56788.37493044382,34763.81800035002,34763.81800035002,68.40015761619452,2345.5333213272997,2728.602292586859,18594.17329405446,15328.444203241941,9446.031508872698,9149.182803252887,1429.8059843924011,10800.0,2.2737367544323206e-13,6,34303.87355511889,459.9444452311291,30
2025-04-22,56919.420902292106,56919.420902292106,34412.394791444094,34412.394791444094,11.300190385579754,836.0805729935913,207.95164370511662,19520.723728750843,15786.964169438526,9149.182803252887,9176.762859752504,1454.4306190300777,10800.0,2.2737367544323206e-13,2,34336.21149543552,76.18329600858165,13
2025-04-23,56965.446815230316,56965.446815230316,34603.0101706626,34603.0101706626,36.07485836866613,1472.108831184542,295.8853531437734,19226.335710210376,15392.724937606374,9176.762859752504,9377.437290490321,1583.2991999463825,10800.0,1.1368683772161603e-13,2,34359.52524013059,243.4849305320102,24
2025-04-24,56757.15498338798,56757.15498338798,34498.82422981353,34498.82422981353,33.18333446332281,2212.5096649987636,4125.046661360175,18458.658897554917,15095.983606062542,9377.437290490321,9216.91518044248,1417.193540765438,10800.0,2.2737367544323206e-13,4,34273.66374466359,225.16048514995248,31
2025-04-25,51301.581308432134,51301.581308432134,30805.086254524707,30805.086254524707,0.0,16872.714783242533,29000.554560636672,10543.041983953466,7115.0876694005365,9216.91518044248,10800.0,5073.020876507537,10800.0,1.1368683772161603e-13,0,30805.086254524707,0.0,87
2025-04-26,48868.59855861914,48868.59855861914,29616.691490639925,29616.691490639925,0.0,15916.86543830442,31013.518261867197,9831.690658495685,7963.669433381501,10800.0,10800.0,5099.652982960422,10800.0,1.1368683772161603e-13,0,29616.691490639925,0.0,92
2025-04-27,52766.70671630569,52766.70671630569,32360.48754303358,32360.48754303358,30.54789937109217,467.57732976610157,1871.9938939230096,18498.90582804797,16614.69361939362,10800.0,8988.244557028042,1200.0,10800.0,2.2737367544323206e-13,5,32154.312150618687,206.17539241489365,20
2025-04-28,54620.42269756527,54620.42269756527,67241.00500106768,67241.00500106768,5088.067622665701,207.94003561995214,0.0,15165.492754956473,12286.909787012117,8988.244557028042,8985.066050919851,1200.0,10342.455822646174,1.1368683772161603e-13,12,32917.345316427134,34323.65968464055,11
2025-04-29,54842.84963707882,54842.84963707882,35519.23907952286,35519.23907952286,359.2045665257926,504.12965385364737,3618.333769527082,18562.631900640383,14916.254837083165,8985.066050919851,9117.818275848233,1200.0,10800.0,1.1368683772161603e-13,6,33027.536620592335,2491.70245893053,14
2025-04-30,54622.32074461322,54622.32074461322,33304.02587613424,33304.02587613424,50.86977908146412,1531.694841644311,1268.670320936515,18490.222926693623,14874.251998913094,9117.818275848233,9232.072244413495,1465.2369463993539,10800.0,2.2737367544323206e-13,4,32961.06061031691,342.96526581732417,25
2025-05-01,54466.05942574187,54466.05942574187,44065.915601046814,44065.915601046814,1753.4849766237403,457.7497056849253,1796.1427395148899,19418.258593137645,16463.98543597184,9232.072244413495,8415.187827157548,1200.0,10800.0,1.5276668818842154e-13,20,32905.7326350263,11160.182966020519,20
2025-05-02,49930.7977147332,49930.7977147332,30038.66227468433,30038.66227468433,0.0,11011.068926873482,20017.64570162393,12975.958143917127,8364.195141014667,8415.187827157548,10800.0,4454.806871331044,10800.0,1.1368683772161603e-13,0,30038.66227468433,0.0,72
2025-05-03,47052.92925745516,47052.92925745516,28660.228380224577,28660.228380224577,0.0,12846.097185342194,22937.632474259484,12642.252357123583,10240.224409270108,10800.0,10800.0,4172.317460713945,10800.0,1.1368683772161603e-13,0,28660.228380224577,0.0,81
2025-05-04,50943.70037843913,50943.70037843913,43733.56900921755,43733.56900921755,1974.434094135945,0.0,0.0,16884.128119754263,15700.660980512523,10800.0,8550.536440542699,1200.0,10800.0,0.0,19,31223.249271757148,12510.319737460395,10
2025-05-05,53233.13442859077,53233.13442859077,64385.6845923023,64385.6845923023,5117.318471488394,5.254471149339793,0.0,17086.49202215022,13817.300393220392,8550.536440542699,8575.823268010798,1200.0,8917.427558228374,1.1368683772161603e-13,27,32225.905473403935,32159.779118898357,20
2025-05-06,53467.14445943758,53467.14445943758,50130.932862878995,50130.932862878995,2974.807225775915,80.04106576940046,0.0,19086.820649691603,15594.992396914173,8575.823268010798,8426.192522828607,1200.0,10187.734131817582,1.1368683772161603e-13,29,32397.658362169364,17733.27450070963,19
2025-05-07,53834.04245414479,53834.04245414479,64300.78690657995,64300.78690657995,4880.640782594903,148.36639133786605,0.0,17651.074711408786,14152.603816006962,8426.192522828607,8587.044411977666,1200.0,8982.107050333963,2.2737367544323206e-13,25,32624.853176133336,31675.93373044662,18
2025-05-08,54088.1699519387,54088.1699519387,66206.91197577883,66206.91197577883,5026.686039427617,151.86594720303287,0.0,15945.381078076382,12808.903433913101,8587.044411977666,8705.772455676295,1200.0,9372.012655185425,1.1368683772161603e-13,19,32872.02022511937,33334.89175065945,14
2025-05-09,49337.76712027566,49337.76712027566,29917.945797243417,29917.945797243417,0.0,12144.158383885906,24322.71833363999,13087.893488728558,8716.388935978797,8705.772455676295,10800.0,4562.508877723648,10800.0,1.1368683772161603e-13,0,29917.945797243417,0.0,70
2025-05-10,46998.9718164235,46998.9718164235,28782.987396557954,28782.987396557954,0.0,13430.672281199175,19100.4120341495,12351.801146007876,10004.958928266384,10800.0,10800.0,4592.681921711087,10800.0,1.1368683772161603e-13,0,28782.987396557954,0.0,78
2025-05-11,50704.05274520144,50704.05274520144,68933.8538442615,68933.8538442615,5627.9651990659495,62.05464624284775,0.0,14389.668926590157,13603.784711898945,10800.0,8635.385687376764,1200.0,10800.0,1.1368683772161603e-13,19,31230.44297331294,37703.41087094856,20
2025-05-12,53232.315768213964,53232.315768213964,46796.28243007325,46796.28243007325,2162.312298140401,108.88863350497013,0.0,16701.816133161876,13347.271933645814,8635.385687376764,8836.718058727092,1200.0,9851.957409254434,1.1368683772161603e-13,14,32358.0078765316,14438.274553541654,7
2025-05-13,53023.99120883881,53023.99120883881,54513.1654241345,54513.1654241345,3320.1019013695545,101.60804779589967,0.0,16288.213265711987,13174.940969966181,8836.718058727092,8857.286697905452,1200.0,9272.371520365064,1.1368683772161603e-13,20,32369.25063386971,22143.914790264796,11
2025-05-14,53523.50100741851,53523.50100741851,49749.761068330685,49749.761068330685,2564.7608907673753,28.881934782151006,0.0,16744.87899880894,13699.64781873853,8857.286697905452,8705.846887124018,1200.0,9444.554042679132,1.1368683772161603e-13,16,32647.275141997452,17102.48592633324,10
2025-05-15,54222.16532221381,54222.16532221381,48784.270964998585,48784.270964998585,2388.025299531713,334.5235445236382,0.0,18122.47905520109,14611.87026131253,8705.846887124018,8780.666635346632,1200.0,9622.404540695938,1.1368683772161603e-13,16,33036.7401320625,15747.530832936089,11
2025-05-16,49374.05317921395,49374.05317921395,30065.04309866977,30065.04309866977,0.0,12714.471617419746,29881.13667249916,11818.622777756278,7755.684421794555,8780.666635346632,10800.0,4936.983415510162,10800.0,1.1368683772161603e-13,0,30065.04309866977,0.0,76
2025-05-17,46930.54830475026,46930.54830475026,28879.874707712217,28879.874707712217,0.0,13247.168698070513,20938.17120301746,12086.36484383663,9789.955523507673,10800.0,10800.0,4575.452529435917,10800.0,1.1368683772161603e-13,0,28879.874707712217,0.0,83
2025-05-18,51012.74733087227,51012.74733087227,56663.68596735775,56663.68596735775,3838.052208716998,62.96706706863381,0.0,15475.933977348224,14364.26960482759,10800.0,8768.041018693853,1200.0,10800.0,1.1368683772161603e-13,19,31509.338750987663,25154.347216370086,16
2025-05-19,53356.10044105505,53356.10044105505,35296.62798140132,35296.62798140132,405.6492826128067,317.9145790194135,2212.1103390725007,18677.911468453025,14961.403212877072,8768.041018693853,8954.379992660382,1294.7848989220438,10800.0,2.2737367544323206e-13,10,32553.724768214823,2742.903213186493,19
2025-05-20,53232.26850807134,53232.26850807134,59519.11108522527,59519.11108522527,3990.6377096372075,43.94204189079767,0.0,14795.430593590883,12143.861234439803,8954.379992660382,8777.088377514621,1200.0,9411.993789819626,1.1368683772161603e-13,15,32558.278579686747,26960.832505538514,9
2025-05-21,53944.91124401152,53944.91124401152,42957.52527035258,42957.52527035258,1513.2330970406365,107.257931243038,649.5154066964045,17630.11415462794,14291.358434848553,8777.088377514621,8764.903966848044,1200.0,10800.0,1.1368683772161603e-13,13,32939.077113898944,10018.448156453627,13
2025-05-22,54235.99158305152,54235.99158305152,38515.257617263276,38515.257617263276,770.3098623236527,340.5933132132694,0.0,18561.06240925728,14711.98509376204,8764.903966848044,9123.210030999555,1200.0,10655.341186186743,1.1368683772161603e-13,6,33162.01241735525,5353.245199908037,2
2025-05-23,49273.18902670534,49273.18902670534,30153.815954843405,30153.815954843405,0.0,13165.211079388415,25938.05966824537,11788.728545462258,8039.759149724028,9123.210030999555,10800.0,5054.924629936263,10800.0,1.1368683772161603e-13,0,30153.815954843405,0.0,76
2025-05-24,47146.12130337063,47146.12130337063,29124.737158046788,29124.737158046788,0.0,14648.039671731729,26526.294621502297,11669.924351596197,9452.638724792927,10800.0,10800.0,4972.950448445741,10800.0,1.1368683772161603e-13,0,29124.737158046788,0.0,82
2025-05-25,51160.943765538366,51160.943765538366,34781.69411279161,34781.69411279161,497.6316881424041,339.09832123539263,1022.389653279934,17928.322015517882,16176.24471968577,10800.0,8961.884569870792,1200.0,10800.0,1.1368683772161603e-13,11,31699.862665390185,3081.831447401425,26
2025-05-26,52987.43488872793,52987.43488872793,63354.154068710915,63354.154068710915,4548.118224043651,210.75219452066278,0.0,14563.869443809206,11818.90147555829,8961.884569870792,8937.254318678759,1200.0,9277.983572507976,1.1368683772161603e-13,11,32569.02378144714,30785.130287263783,8
2025-05-27,53550.47132050114,53550.47132050114,34234.69683208979,34234.69683208979,197.3215201005545,328.68995293375224,328.7505046334296,18480.535154151672,14780.550071117152,8937.254318678759,9146.902545062878,1409.3830248516774,10800.0,1.1368683772161603e-13,9,32902.06881251335,1332.628019576433,9
2025-05-28,53624.0405978348,53624.0405978348,46010.05645812,46010.05645812,1907.9997874379997,125.47376212598522,0.0,16959.916306018586,13827.17378287178,9146.902545062878,9047.300795066509,1200.0,9382.202470566417,1.1368683772161603e-13,8,33017.80693784225,12992.249520277757,3
2025-05-29,54110.39719084525,54110.39719084525,57717.09516254997,57717.09516254997,3604.7694533755152,506.504826813803,0.0,16126.443777111152,13027.905459704187,9047.300795066509,9085.64968368412,1200.0,9496.45703289821,1.1368683772161603e-13,9,33284.227286638066,24432.867875911907,6
2025-05-30,49638.85139773089,49638.85139773089,30462.16324018927,30462.16324018927,0.0,13362.086505464567,25936.88957057935,11582.7724754527,7839.130420432399,9085.64968368412,10800.0,5326.021368607695,10800.0,1.1368683772161603e-13,0,30462.16324018927,0.0,78
2025-05-31,47536.98624841127,47536.98624841127,29455.969951440704,29455.969951440704,0.0,15157.904868000829,21743.2703182158,11824.365853655992,9577.736341461357,10800.0,10800.0,5191.210602079974,10800.0,1.1368683772161603e-13,0,29455.969951440704,0.0,82
2025-06-01,51643.7976094382,51643.7976094382,138294.10106563242,138294.10106563242,18595.701699358942,0.0,0.0,8137.339297768888,9122.666288971737,10800.0,7987.309491356737,1200.0,10800.0,1.1368683772161603e-13,69,32086.233427303458,106207.86763832899,70
2025-06-02,55402.10034613732,55402.10034613732,129397.7699816321,129397.7699816321,15732.99668738214,27.895541655611737,0.0,13035.31571297293,10568.921671109081,7987.309491356737,7975.847331800063,1200.0,8490.76383185826,1.1368683772161603e-13,46,33829.89215392344,95567.87782770865,45
2025-06-03,56372.83669341988,56372.83669341988,123691.2237106623,123691.2237106623,14415.332748948214,0.0,0.0,12912.46013495084,10316.657525916069,7975.847331800063,8134.10864668241,1200.0,8937.110086781062,1.1368683772161603e-13,45,34435.76688527044,89255.45682539186,44
2025-06-04,57325.95274551251,57325.95274551251,121939.03154283909,121939.03154283909,14477.316688193148,0.0,0.0,11504.543722590055,9346.535105551058,8134.10864668241,8103.158990845616,1200.0,9448.603246324206,0.0,53,35013.592604557016,86925.43893828207,53
2025-06-05,58405.20913144987,58405.20913144987,126676.04456184543,126676.04456184543,15272.727604727646,51.95331071438329,0.0,12670.111282158894,10193.44587336242,8103.158990845616,8180.208174385929,1200.0,9850.96167649697,1.1368683772161603e-13,51,35679.1957366012,90996.84882524422,51
2025-06-06,54261.508004684045,54261.508004684045,33094.9872955405,33094.9872955405,0.0,8200.088448456341,10332.405115107016,13243.191568779139,8369.172527658446,8180.208174385929,10800.0,4224.973967132125,10800.0,1.1368683772161603e-13,0,33094.9872955405,0.0,59
2025-06-07,51637.0746756933,51637.0746756933,31979.436702767853,31979.436702767853,0.0,10018.68186129197,8281.876120740517,11631.597510495514,9421.593983501365,10800.0,10800.0,4125.460720884743,10800.0,1.1368683772161603e-13,0,31979.436702767853,0.0,74
2025-06-08,56703.468947105335,56703.468947105335,92419.87417878436,92419.87417878436,8620.427302511345,0.0,0.0,12741.194709136542,12602.221726186524,10800.0,8264.606653571194,1200.0,10800.0,1.1368683772161603e-13,20,35153.39869009782,57266.47548868654,20
2025-06-09,60483.97740088754,60483.97740088754,119308.02271582883,119308.02271582883,13306.451582989794,0.0,0.0,14268.808991459638,11411.092740915632,8264.606653571194,8427.542811534167,1200.0,9949.743978287297,0.0,41,36925.53784506433,82382.48487076449,41
2025-06-10,61389.16323291231,61389.16323291231,116210.07881125333,116210.07881125333,12838.137127169237,0.2768539482625556,0.0,13904.360298353684,11295.781025553726,8427.542811534167,8390.599273881673,1200.0,10028.007120941087,1.1368683772161603e-13,42,37556.840795399345,78653.23801585397,42
2025-06-11,62898.787426589246,62898.787426589246,131205.43465892048,131205.43465892048,16073.938768163076,46.01071607264532,0.0,14314.010739831718,11471.741577818699,8390.599273881673,8526.829408820555,1200.0,9997.525459569451,1.1368683772161603e-13,54,38511.465153690595,92693.96950522988,54
2025-06-12,64139.097864328316,64139.097864328316,111531.84971650504,111531.84971650504,11664.539994945297,222.89862600847152,0.0,15443.149740435112,12314.80194050331,8526.829408820555,8742.550907986257,1200.0,10225.404386700886,1.1368683772161603e-13,41,39306.51166669186,72225.33804981317,40
2025-06-13,60001.302535672854,60001.302535672854,36641.25128574249,36641.25128574249,0.0,16351.032335737824,11176.721850202197,11981.739299581379,7853.504649848544,8742.550907986257,10800.0,4848.085455541863,10800.0,1.1368683772161603e-13,0,36641.25128574249,0.0,79
2025-06-14,57514.55667987367,57514.55667987367,35582.02472861836,35582.02472861836,0.0,15708.61416284648,13835.76086801112,9351.783679031945,7574.944780015873,10800.0,10800.0,4821.2198669205,10800.0,1.1368683772161603e-13,0,35582.02472861836,0.0,95
2025-06-15,62606.09744712408,62606.09744712408,96824.06879215247,96824.06879215247,8676.56908394014,0.0,0.0,13355.85636301139,12700.164165280497,10800.0,8708.977209731918,1200.0,10800.0,0.0,17,38911.423077132895,57912.645715019564,18
2025-06-16,66652.4992005094,66652.4992005094,103676.58061476916,103676.58061476916,9699.300130134548,268.98971300197957,0.0,16828.05252252941,13439.295721554096,8708.977209731918,8921.673678281615,1200.0,10254.425296567051,1.1368683772161603e-13,29,40908.06252064947,62768.5180941197,28
2025-06-17,68725.8361820755,68725.8361820755,102521.77126576344,102521.77126576344,9036.421589568443,4.775086947749628,0.0,17227.135472813512,14106.664004783981,8921.673678281615,8752.02448738713,1200.0,10581.19326164936,1.1368683772161603e-13,23,42284.814659119045,60236.956606644395,23
2025-06-18,71191.73577102872,71191.73577102872,69858.96664092015,69858.96664092015,3822.3503204533645,247.48056160978507,0.0,19044.872532270947,15206.657902398652,8752.02448738713,8996.12320821026,1200.0,10800.0,1.1368683772161603e-13,7,43967.11114704114,25891.85549387901,8
2025-06-19,72309.02598207748,72309.02598207748,52482.22989677621,52482.22989677621,1123.3830260798545,1144.1975102188976,0.0,21140.91428721582,17112.20698927737,8996.12320821026,9009.382745285198,1200.0,10762.500083274852,2.2737367544323206e-13,9,44845.12285145512,7637.1070453210905,5
2025-06-20,67994.16074431107,67994.16074431107,41775.61949645859,41775.61949645859,0.0,25593.473772546364,16503.09211748971,9923.465658061454,6426.451653786453,9009.382745285198,10800.0,5490.946424979746,10800.0,2.2737367544323206e-13,0,41775.61949645859,0.0,94
2025-06-21,65667.00792295238,65667.00792295238,40748.906962223875,40748.906962223875,0.0,25503.36701997806,19251.978580864197,8299.589063737514,6722.6671416273875,10800.0,10800.0,5295.362900341051,10800.0,2.2737367544323206e-13,0,40748.906962223875,0.0,98
2025-06-22,70679.15120374275,70679.15120374275,46909.59471035595,46909.59471035595,378.3016190668073,1508.6484724413885,194.05945000000008,18572.22895680606,16674.825156437902,10800.0,8987.42255397223,1200.0,10800.0,2.5579538487363607e-13,4,44278.370182132196,2631.224528223759,10
2025-06-23,73490.0524634979,73490.0524634979,49546.727783162554,49546.727783162554,556.2131772195738,2759.3713100285213,195.40660491024647,20923.1270096001,16892.925283821394,8987.42255397223,9048.31988058855,1200.0,10800.0,2.2737367544323206e-13,2,45670.60057743641,3876.127205726145,7
2025-06-24,74101.40096723454,74101.40096723454,84008.7028785974,84008.7028785974,6182.268510586953,406.87464020649963,0.0,19131.427013010438,15523.424425395442,9048.31988058855,9018.354830747445,1200.0,10800.0,1.1368683772161603e-13,21,46187.43122548028,37821.27165311713,20
2025-06-25,75451.31459603974,75451.31459603974,49925.14308390334,49925.14308390334,397.24051398637005,1256.0030937944243,0.0,21323.17844546013,17168.0477958951,9018.354830747445,9133.606769555896,1200.0,10800.0,2.2737367544323206e-13,2,47155.77997471485,2769.3631091885004,3
2025-06-26,75968.95890953911,75968.95890953911,48057.138114249385,48057.138114249385,68.44412472931538,4007.6492515173927,0.0,21202.032621924096,16719.662672506383,9133.606769555896,9638.033159836048,1708.6341953688511,10800.0,2.2737367544323206e-13,4,47595.375423700854,461.7626905485264,15
2025-06-27,70890.65798021678,70890.65798021678,43881.99527534647,43881.99527534647,0.0,29801.792512723303,18519.207231704306,9222.327436710242,6424.315067587741,9638.033159836048,10800.0,5566.200002696285,10800.0,1.7053025658242404e-13,0,43881.99527534647,0.0,96
2025-06-28,69252.85889525738,69252.85889525738,43107.277205729755,43107.277205729755,0.0,29065.423419017476,16946.743150382266,7704.032679952338,6240.2664707613885,10800.0,10800.0,5733.558672123039,10800.0,2.2737367544323206e-13,0,43107.277205729755,0.0,97
2025-06-29,74149.94444471467,74149.94444471467,46874.78424852733,46874.78424852733,0.0,2224.6581179536743,0.0,19027.100784579612,16369.582991151965,10800.0,9735.965160397245,1805.1323616089521,10800.0,2.2737367544323206e-13,0,46874.78424852733,0.0,26
2025-06-30,75997.38005486439,75997.38005486439,47990.39305789308,47990.39305789308,22.982123717588593,2057.961524142016,0.0,20710.595760106153,16625.879088999518,9735.965160397245,9902.302356715541,2025.835545291291,10800.0,2.2737367544323206e-13,2,47835.50471481674,154.88834307633914,14
2025-07-01,76372.63766364324,76372.63766364324,78531.32882432382,78531.32882432382,5128.823461970236,728.3705722746369,0.0,18765.190190057037,16858.64367005154,9902.302356715541,8059.147227709609,1200.0,9975.133730803876,1.1368683772161603e-13,29,48185.889680639724,30345.43914368408,20
2025-07-02,79441.06523314297,79441.06523314297,60971.95375838423,60971.95375838423,1749.1633200427132,4256.384550484678,0.0,20957.79074258921,16928.713106554867,8059.147227709609,8111.477666534485,1200.0,10800.0,2.2737367544323206e-13,21,49786.97668627361,11184.977072110616,15
2025-07-03,80101.28684934857,80101.28684934857,79178.98968350119,79178.98968350119,4732.997440470549,820.6727850957366,0.0,21288.55814119374,17035.365569803686,8111.477666534485,8342.996027160305,1200.0,9726.039743869074,2.2737367544323206e-13,31,50301.653928892614,28877.335754608575,21
2025-07-04,75503.02234722096,75503.02234722096,46814.96239527469,46814.96239527469,0.0,22714.650630580243,19320.39720994466,12504.228760387778,7917.121720358374,8342.996027160305,10800.0,4253.292589090121,10800.0,3.410605131648481e-13,0,46814.96239527469,0.0,80
2025-07-05,72551.93185526381,72551.93185526381,45512.57999749424,45512.57999749424,0.0,22204.831685222358,19741.418669705687,9555.797545626941,7740.196011957825,10800.0,10800.0,4459.287050340645,10800.0,2.2737367544323206e-13,0,45512.57999749424,0.0,97
2025-07-06,77551.71739107039,77551.71739107039,82609.79994079217,82609.79994079217,5055.000098156726,1561.3188550534992,0.0,18287.646661529972,17036.229577356353,10800.0,8329.738020536586,1200.0,10800.0,1.1368683772161603e-13,24,49377.03599721752,33232.76394357465,16
2025-07-07,81419.82949556774,81419.82949556774,57429.487968958034,57429.487968958034,992.2714976228056,4884.6373696449755,151.2332833333336,20506.928126808147,16540.180553262573,8329.738020536586,8407.994942149944,1200.0,10800.0,2.2737367544323206e-13,18,51368.12160085729,6061.36636810074,24
2025-07-08,82299.39393855311,82299.39393855311,62831.96249921298,62831.96249921298,1661.5132389838088,3973.1194906268897,0.0,22509.860107563392,18093.459437320027,8407.994942149944,8563.025219712523,1200.0,10800.0,1.1368683772161603e-13,20,52029.34810598353,10802.61439322945,11
2025-07-09,82906.61373899187,82906.61373899187,57815.88597760872,57815.88597760872,821.2407578546699,5194.443175611075,351.54589999999985,21080.947132439534,16957.806727870713,8563.025219712523,8693.870163496194,1200.0,10800.0,2.2737367544323206e-13,18,52528.69641882587,5287.189558782845,27
2025-07-10,83526.02043237136,83526.02043237136,56998.37473505919,56998.37473505919,623.7753113692133,6372.851077314248,1096.6060193144294,20318.42150531287,16491.70624153431,8693.870163496194,8656.331472128546,1200.0,10800.0,1.758593271006248e-13,18,53060.12753216333,3938.2472028958528,22
2025-07-11,78848.34608830666,78848.34608830666,49461.939873472664,49461.939873472664,0.0,26540.39231088457,15707.77768822519,11326.827705855772,7245.428766658872,8656.331472128546,10800.0,5088.271303100574,10800.0,2.2737367544323206e-13,0,49461.939873472664,0.0,90
2025-07-12,76311.93475716499,76311.93475716499,48335.933950859355,48335.933950859355,0.0,25800.446924906453,17739.95587690035,8880.466431709729,7193.177809684875,10800.0,10800.0,5001.7098154353425,10800.0,2.2737367544323206e-13,0,48335.933950859355,0.0,98
2025-07-13,81415.02105960333,81415.02105960333,55506.07042922151,55506.07042922151,494.0277359815039,8235.149177471765,2979.0924902217075,16854.15957472512,15427.072846833766,10800.0,8827.551565215073,1200.0,10800.0,2.8421709430404007e-13,12,52236.519427912935,3269.551001308566,32
2025-07-14,84135.26783807733,84135.26783807733,57213.48507745992,57213.48507745992,580.8642172441669,8163.459763836929,1148.3002804494363,18553.13350907468,14956.440714706208,8827.551565215073,8907.104262597612,1200.0,10800.0,2.2737367544323206e-13,15,53512.52861050304,3700.9564669568845,33
2025-07-15,84866.59686420838,84866.59686420838,54985.23193196795,54985.23193196795,157.5101695812508,8210.911241360307,472.0048500000005,18443.840482382348,14851.700123286364,8907.104262597612,9004.671670867983,1246.5468563930112,10800.0,2.2737367544323206e-13,8,54084.990932327964,900.2409996399997,26
2025-07-16,85343.41545842301,85343.41545842301,55820.66470366999,55820.66470366999,255.89194304540138,8098.181918123575,1579.9122166666662,18293.894533673272,14507.244650328425,9004.671670867983,9350.01602858679,1352.0278167500437,10800.0,2.2737367544323206e-13,5,54466.13927626448,1354.5254274055035,30
2025-07-17,85483.86296641406,85483.86296641406,55015.13401427346,55015.13401427346,64.96118332866683,7583.00331420776,1831.9784638026129,19219.594134613726,15806.167829548036,9350.01602858679,9085.242050241322,1277.2512787423861,10800.0,2.2737367544323206e-13,4,54696.25929153392,318.8747227395439,17
2025-07-18,80996.22717978992,80996.22717978992,51155.251422040485,51155.251422040485,0.0,29841.853472787534,16485.46147456039,9744.115671890379,6349.451539448396,9085.242050241322,10800.0,5600.255399595416,10800.0,1.1368683772161603e-13,0,51155.251422040485,0.0,96
2025-07-19,78907.05248639586,78907.05248639586,50210.993178271296,50210.993178271296,0.0,28792.836343913055,21411.32725,8000.367592014765,6480.297749531959,10800.0,10800.0,5389.139331992261,10800.0,2.2737367544323206e-13,0,50210.993178271296,0.0,106
2025-07-20,83912.27728838475,83912.27728838475,54075.78986996083,54075.78986996083,5.3112908157148695,8168.117675472968,1611.662094024431,16346.18882540268,14298.358232366274,10800.0,9624.50524023322,1688.2069823245347,10800.0,2.2737367544323206e-13,1,54038.7383052304,37.05156473042693,42
2025-07-21,85740.8192702203,85740.8192702203,55126.17385053135,55126.17385053135,38.05928755511286,7381.87313590687,987.6135500000001,18544.26156783588,15124.619045967327,9624.50524023322,9509.208377988482,1539.1980640999984,10800.0,2.2737367544323206e-13,3,54932.51861560318,193.6552349281783,26
2025-07-22,86546.50939161357,86546.50939161357,55993.39603414801,55993.39603414801,104.31333326648326,8001.534044939418,1053.1115833333329,18372.64914031883,14571.616660378188,9509.208377988482,9853.907426077443,1723.3615085499073,10800.0,2.2737367544323206e-13,4,55493.107109460776,500.2889246872339,27
2025-07-23,86666.3804729768,86666.3804729768,55736.78860760153,55736.78860760153,9.553556970246632,7100.491657847461,1834.6388242529856,18651.999761189836,15127.743330009906,9853.907426077443,9832.10351113729,1707.7527179534145,10800.0,2.2737367544323206e-13,3,55688.714497845525,48.07410975600897,29
2025-07-24,87178.80970272949,87178.80970272949,56558.888316614866,56558.888316614866,102.61295221000057,8706.20817394706,1264.040583333333,17425.40394216423,13730.702044505122,9832.10351113729,10258.631454079405,2073.029203669056,10800.0,2.8421709430404007e-13,2,56088.161898760474,470.7264178543976,25
2025-07-25,81864.56993370937,81864.56993370937,52170.688344606904,52170.688344606904,0.0,32358.342079131413,20978.29973742176,8080.9308376894905,6058.322287199948,10258.631454079405,10800.0,5955.150668018004,10800.0,2.2737367544323206e-13,0,52170.688344606904,0.0,100
2025-07-26,80959.47366316608,80959.47366316608,51695.76130689494,51695.76130689494,0.0,31797.65559267512,19173.163750983607,7997.698699161548,6478.13594632085,10800.0,10800.0,5712.634655762503,10800.0,1.1368683772161603e-13,0,51695.76130689494,0.0,105
2025-07-27,85977.86134538392,85977.86134538392,55921.281008058126,55921.281008058126,88.94618425623958,8417.665730711644,842.3709166666667,18943.535786959405,15821.954704697533,10800.0,10269.232536377312,2075.8189347251173,10800.0,2.2737367544323206e-13,3,55512.9639274427,408.3170806154286,46
2025-07-28,87033.46048149337,87033.46048149337,56086.87777148937,56086.87777148937,0.0,5445.836273979521,159.0865666666669,19124.2761037693,15650.615696255443,10269.232536377312,10091.508033930302,2159.132182956825,10800.0,2.2737367544323206e-13,0,56086.87777148937,0.0,36
2025-07-29,88036.74097049344,88036.74097049344,56778.26177237368,56778.26177237368,0.0,7867.862647476133,421.29678074121693,18538.14449752253,14859.808905246431,10091.508033930302,10264.939298093434,1967.1801764128809,10800.0,2.2737367544323206e-13,0,56778.26177237368,0.0,40
2025-07-30,88327.52692131628,88327.52692131628,57207.41493389913,57207.41493389913,26.839446181224275,8730.855384227689,1880.9368,18055.0538708247,14415.733737554881,10264.939298093434,10497.005851219128,2246.8853185782236,10800.0,2.2737367544323206e-13,2,57060.055196974616,147.35973692451228,47
2025-07-31,88461.89789155891,88461.89789155891,57275.289966415534,57275.289966415534,0.0,9434.90025517353,843.0444833333333,18386.116384844936,14897.159498459547,10497.005851219128,10492.111154846738,2167.343922964655,10800.0,2.2737367544323206e-13,0,57275.289966415534,0.0,47
2025-08-01,83105.74036084487,83105.74036084487,53166.37231454924,53166.37231454924,0.0,34421.201330580516,25764.742506755974,7322.825769493623,5654.388912651901,10492.111154846738,10800.0,6050.845650307289,10800.0,3.410605131648481e-13,0,53166.37231454924,0.0,108
2025-08-02,82071.050641622,82071.050641622,52489.2506144176,52489.2506144176,0.0,34049.52093875892,25707.75835,7298.665365946042,5911.918946416291,10800.0,10800.0,5978.461332575475,10800.0,2.2737367544323206e-13,0,52489.2506144176,0.0,108
2025-08-03,86646.01124044365,86646.01124044365,56179.30155627568,56179.30155627568,39.46306863946336,15123.069334877096,6644.944849999999,14490.821783260151,12412.84164238747,10800.0,10049.693335614726,1960.30282952186,10800.0,2.2737367544323206e-13,2,55994.101889752856,185.19966652281477,72
2025-08-04,87263.6981876488,87263.6981876488,56286.93792301179,56286.93792301179,23.352385259361768,13381.698025787933,4933.658183333334,15636.059514617229,12080.020234163658,10049.693335614726,10699.90219414395,2462.9590190571103,10800.0,2.2737367544323206e-13,1,56180.696246274325,106.24167673746636,60
2025-08-05,86373.09669132956,86373.09669132956,55890.55760287988,55890.55760287988,17.226489437968667,13199.291507147755,5028.96180388042,15565.317345770032,12555.557209364,10699.90219414395,10758.068683821424,2485.150071570594,10800.0,2.2737367544323206e-13,1,55812.185689181846,78.37191369803845,69
2025-08-06,86473.58293150488,86473.58293150488,55909.03236854385,55909.03236854385,0.0,11432.794396446068,3926.923416666667,15658.732226930199,12659.266375204712,10758.068683821424,10785.076160053366,2620.9931412011033,10800.0,2.2737367544323206e-13,0,55909.03236854385,0.0,68
2025-08-07,86632.2972981431,86632.2972981431,56065.45802138026,56065.45802138026,0.0,13901.527713416192,6401.7339497503945,15408.520679076471,12467.470294099974,10785.076160053366,10800.0,2418.1402445065996,10800.0,2.5224267119483557e-13,0,56065.45802138026,0.0,69
2025-08-08,81198.58205287771,81198.58205287771,51945.22924699853,51945.22924699853,0.0,34285.58685876011,29734.367119700106,7386.614865355205,5983.1580409377175,10800.0,10800.0,6329.661345346411,10800.0,2.2737367544323206e-13,0,51945.22924699853,0.0,104
2025-08-09,80225.21285769664,80225.21285769664,51209.572923939675,51209.572923939675,0.0,33139.22901007751,26768.067154614626,7347.303647392066,5951.3159543875745,10800.0,10800.0,6307.574878342819,10800.0,2.2737367544323206e-13,0,51209.572923939675,0.0,105
2025-08-10,84315.26580797236,84315.26580797236,54431.958235682265,54431.958235682265,0.0,12757.896366766028,3572.2050666666664,14883.706668344652,12203.161343804983,10800.0,10636.267841726874,2325.3350319661945,10800.0,2.2737367544323206e-13,0,54431.958235682265,0.0,74
2025-08-11,84130.51073685387,84130.51073685387,54253.73763627169,54253.73763627169,0.0,11696.890990258564,4763.273014746306,16062.35065273446,12953.257254218788,10636.267841726874,10699.875368944793,2318.853636725258,10800.0,2.2737367544323206e-13,0,54253.73763627169,0.0,66
2025-08-12,83726.8181997021,83726.8181997021,54032.69359221717,54032.69359221717,0.0,9434.006244234397,3753.7664317686817,15246.348633659327,12467.846759960303,10699.875368944793,10568.426072615632,2208.8095775562215,10800.0,2.7000623958883807e-13,0,54032.69359221717,0.0,64
2025-08-13,84101.07659870695,84101.07659870695,54460.3716287591,54460.3716287591,41.898764551188265,11519.527628074971,3388.279247256253,15293.539490952582,12179.350453025661,10568.426072615632,10800.0,2540.098409310689,10800.0,3.2862601528904634e-13,2,54267.90619805977,192.46543069933682,62
2025-08-14,84042.23935071475,84042.23935071475,54554.62526799501,54554.62526799501,44.62298026089218,11504.007475137305,3603.7706667429484,16612.80458592483,13560.011380162758,10800.0,10684.844816040393,2404.4367653367344,10800.0,2.2737367544323206e-13,2,54351.49638917958,203.12887881543577,69
2025-08-15,78815.44235006408,78815.44235006408,50351.60935359956,50351.60935359956,0.0,32216.186260371494,27855.393968251952,7792.08196075613,6207.94672264882,10684.844816040393,10800.0,6360.891470203696,10800.0,2.2737367544323206e-13,0,50351.60935359956,0.0,102
2025-08-16,77637.13739520678,77637.13739520678,49582.33541797903,49582.33541797903,0.0,31235.424018744627,28015.911234779305,7665.904079032562,6209.382304016373,10800.0,10800.0,6124.758618132425,10800.0,2.2737367544323206e-13,0,49582.33541797903,0.0,104
2025-08-17,81840.56240235173,81840.56240235173,52845.32083049112,52845.32083049112,15.784097961510838,11226.042550095968,4583.552716666665,16206.573598167619,13325.215981283678,10800.0,10580.120703591216,2185.435275138276,10800.0,2.2737367544323206e-13,1,52771.3881156394,73.93271485171677,73
2025-08-18,81942.63578433722,81942.63578433722,53262.663007331736,53262.663007331736,99.99580555806187,10935.261750844998,3265.3791391934524,17259.97220509918,13812.097121909006,10580.120703591216,10767.321108281585,2445.7604913931623,10800.0,2.8421709430404007e-13,2,52800.96242259919,461.70058473255244,58
2025-08-19,81686.86158805463,81686.86158805463,52738.70182607245,52738.70182607245,0.0,9962.390107618636,4524.753749999998,15878.620237041174,12996.562556605177,10767.321108281585,10617.454258724,2372.3274583303005,10800.0,2.2737367544323206e-13,0,52738.70182607245,0.0,70
2025-08-20,82034.61755770982,82034.61755770982,53111.58180719896,53111.58180719896,36.341443420303335,6954.0451485861695,555.7923914820217,19716.522248667752,15806.091854272481,10617.454258724,10800.0,2101.6220364672363,10800.0,2.2737367544323206e-13,2,52943.05212595829,168.52968124066524,54
2025-08-21,82228.68361409371,82228.68361409371,53336.64145361948,53336.64145361948,25.32740051900271,10703.30506401056,2679.095290915631,15932.590401858899,12905.398225505705,10800.0,10800.0,2434.129676499792,10800.0,2.5579538487363607e-13,1,53177.57271465988,159.06873895959652,65
2025-08-22,76950.58808354943,76950.58808354943,49311.95795834409,49311.95795834409,0.0,29750.745525106075,24508.606824162976,7687.717548844158,6227.051214563768,10800.0,10800.0,6189.856596408307,10800.0,2.2737367544323206e-13,0,49311.95795834409,0.0,103
2025-08-23,76297.17044866731,76297.17044866731,48907.95772046238,48907.95772046238,0.0,29815.251773611766,22525.913045713438,7505.260417590029,6079.260938247925,10800.0,10800.0,6272.431335973661,10800.0,2.2737367544323206e-13,0,48907.95772046238,0.0,102
2025-08-24,80629.38468468329,80629.38468468329,52215.68936174301,52215.68936174301,31.95968874824848,9309.858466889564,4287.153502346415,17530.225899274854,14199.48297841263,10800.0,10800.0,2560.557636084652,10800.0,2.2737367544323206e-13,1,52065.990179646215,149.69918209679588,64
2025-08-25,80415.80323134954,80415.80323134954,52166.416837570476,52166.416837570476,43.51130659844728,5521.561832839481,671.1679166666668,18386.83037776406,14893.332605988897,10800.0,10800.0,2674.873938857212,10800.0,1.2434497875801753e-13,3,51966.12044104238,200.29639652809817,47
2025-08-26,80746.50754538647,80746.50754538647,52243.150675083765,52243.150675083765,5.039486678959747,9771.569921903916,2133.3512833333343,17462.144439446623,14144.336995951768,10800.0,10800.0,2814.9193436035052,10800.0,2.2737367544323206e-13,1,52219.545719479516,23.604955604247458,66
2025-08-27,80947.49919693096,80947.49919693096,52575.54391716224,52575.54391716224,39.529420635041674,7541.336787469388,1953.091707227215,18833.95398001441,15255.502723811675,10800.0,10800.0,2725.2728315044933,10800.0,2.2737367544323206e-13,2,52392.920403594515,182.62351356772092,60
2025-08-28,81221.71114515088,81221.71114515088,52818.051614227355,52818.051614227355,41.61864670011619,6951.94559632586,0.0,18650.4695378516,15106.880325659797,10800.0,10800.0,2529.4009248879975,10800.0,2.2737367544323206e-13,2,52628.04351999596,190.00809423139296,50
2025-08-29,76066.01718599616,76066.01718599616,49022.35154835692,49022.35154835692,0.0,30070.343724667386,21820.744774511604,8524.78072009038,6905.072383273209,10800.0,10800.0,6449.991309924363,10800.0,2.2737367544323206e-13,0,49022.35154835692,0.0,98
2025-08-30,75263.38734685676,75263.38734685676,48550.29890028939,48550.29890028939,0.0,28267.26135448424,27095.897664458695,7302.676287265836,5915.167792685329,10800.0,10800.0,6377.257585292162,10800.0,2.2737367544323206e-13,0,48550.29890028939,0.0,104
2025-08-31,79106.66849363587,79106.66849363587,51585.52293573569,51585.52293573569,81.35218875714997,6806.9102401291,2265.3840333333337,18258.438555775083,14789.335230177818,10800.0,10800.0,2530.005190192923,10800.0,2.2737367544323206e-13,3,51213.5195037759,372.0034319597905,65
2025-09-01,78779.86776120464,78779.86776120464,50989.34845533663,50989.34845533663,0.0,17849.57831687703,4632.029282018591,14337.503310398346,11613.377681422662,10800.0,10800.0,4520.736744519814,10800.0,2.2737367544323206e-13,0,50989.34845533663,0.0,76
2025-09-02,78203.77685108871,78203.77685108871,50592.744142075804,50592.744142075804,3.8422435004148383,17978.13788839434,3044.168069118249,16460.827826718618,13333.270539642082,10800.0,10800.0,2754.525197206424,10800.0,2.2737367544323206e-13,1,50575.26385527066,17.480286805137307,72
2025-09-03,78105.07189929238,78105.07189929238,50520.06381957272,50520.06381957272,0.0,15698.196787925594,4125.204330059099,14389.22911214575,11655.275580838057,10800.0,10800.0,4624.177049645785,10800.0,2.2737367544323206e-13,0,50520.06381957272,0.0,74
2025-09-04,78020.13233194512,78020.13233194512,50485.37210329395,50485.37210329395,0.0,16627.529323873398,4452.533215765536,15865.811801611522,12851.307559305335,10800.0,10800.0,3382.113014188981,10800.0,2.2737367544323206e-13,0,50485.37210329395,0.0,74
2025-09-05,71910.4789996778,71910.4789996778,46467.598914628084,46467.598914628084,0.0,34995.445696669136,28900.951033275895,6262.2137003478765,5072.393097281782,10800.0,10800.0,7545.171686176519,10800.0,2.2737367544323206e-13,0,46467.598914628084,0.0,107
2025-09-06,70649.75873110858,70649.75873110858,45611.43456029074,45611.43456029074,0.0,33737.92239091874,27941.923058652577,6572.787271248732,5323.95768971147,10800.0,10800.0,7751.513225144769,10800.0,2.2737367544323206e-13,0,45611.43456029074,0.0,101
2025-09-07,74615.21814303943,74615.21814303943,48264.36472827324,48264.36472827324,0.0,14399.448694953395,2092.1080545467357,16645.67250985599,13482.994732983356,10800.0,10800.0,2829.7200535650873,10800.0,2.2737367544323206e-13,0,48264.36472827324,0.0,71
2025-09-08,73937.77703557118,73937.77703557118,47888.36586685077,47888.36586685077,16.054029079028965,10746.365010924179,672.223433849977,16524.595192330155,13384.922105787424,10800.0,10800.0,3280.268092524161,10800.0,2.2737367544323206e-13,1,47813.1687946446,75.19707220617167,56
2025-09-09,73811.72141088275,73811.72141088275,47738.82358401392,47738.82358401392,0.0,12805.065692831451,4803.067832346735,16319.75588967319,13219.002270635288,10800.0,10800.0,3419.787809112061,10800.0,2.2737367544323206e-13,0,47738.82358401392,0.0,71
2025-09-10,73693.90292266462,73693.90292266462,48241.99338921723,48241.99338921723,121.70959147510996,8898.214069191776,0.0,18954.735762884087,15353.335967936113,10800.0,10800.0,1200.0,10800.0,2.2737367544323206e-13,6,47685.96374920348,556.0296400137538,40
2025-09-11,74037.24726279498,74037.24726279498,47899.52060212435,47899.52060212435,7.907269441313133,13555.149884936827,3731.3270101641256,17171.53607264215,13908.944218840146,10800.0,10800.0,2352.8935904511964,10800.0,2.2737367544323206e-13,1,47864.894669240835,34.62593288351021,71
2025-09-12,68422.25622104172,68422.25622104172,44111.1503883503,44111.1503883503,0.0,31214.21391728561,24219.777687562542,7561.096927334532,6124.488511140973,10800.0,10800.0,7490.080262520088,10800.0,1.1368683772161603e-13,0,44111.1503883503,0.0,100
2025-09-13,67313.45426084047,67313.45426084047,43389.34084395581,43389.34084395581,0.0,30095.512578521782,27785.6237220151,7501.139352475019,6075.922875504765,10800.0,10800.0,7471.958041612991,10800.0,1.1368683772161603e-13,0,43389.34084395581,0.0,101
2025-09-14,71333.79671354528,71333.79671354528,46197.48859486275,46197.48859486275,17.69221550729867,7787.311953701817,0.0,18236.064343951373,14771.21211860061,10800.0,10800.0,1653.311393310072,10800.0,1.1368683772161603e-13,1,46120.01438315629,77.47421170646088,38
2025-09-15,70961.18794909469,70961.18794909469,46317.133358894185,46317.133358894185,111.26508798803832,10284.192561420872,2168.107922574171,18700.641682917714,15147.519763163345,10800.0,10800.0,1591.5009953167535,10800.0,2.2737367544323206e-13,4,45812.40240913285,504.73094976134234,65
2025-09-16,70723.74092426471,70723.74092426471,45760.91186562583,45760.91186562583,20.463120370227443,7766.493855610697,24.169642012770225,18219.84507199026,14758.074508312111,10800.0,10800.0,2169.48563913592,10800.0,2.2737367544323206e-13,2,45669.71327429525,91.19859133057327,56
2025-09-17,70909.3592968695,70909.3592968695,46940.59550335513,46940.59550335513,243.49691128675087,7602.619963885083,0.0,18895.35707511143,15305.239230840256,10800.0,10800.0,1200.0,10800.0,1.1368683772161603e-13,6,45773.13181551629,1167.463687838847,42
2025-09-18,71202.21110830404,71202.21110830404,46258.27198696435,46258.27198696435,72.80770901465723,8689.224429176329,0.0,19103.91195513523,15474.168683659535,10800.0,10800.0,1276.5649162204543,10800.0,2.2737367544323206e-13,3,45926.56291554965,331.7090714147047,48
2025-09-19,65819.02638232359,65819.02638232359,42298.2420705011,42298.2420705011,0.0,28272.93885740974,19906.54076849635,8095.760209214908,6557.565769464074,10800.0,10800.0,7191.499367239026,10800.0,1.7053025658242404e-13,0,42298.2420705011,0.0,96
2025-09-20,64738.67098491671,64738.67098491671,41583.70065621706,41583.70065621706,0.0,27267.08247304432,20135.45399423771,8898.42518053338,7207.724396232038,10800.0,10800.0,6851.860813790269,10800.0,1.1368683772161603e-13,0,41583.70065621706,0.0,94
2025-09-21,68803.3852825487,68803.3852825487,44791.38043795374,44791.38043795374,110.61846562825201,7176.458551608106,0.0,18158.198490713192,14708.140777477685,10800.0,10800.0,2477.8915143934714,10800.0,1.1368683772161603e-13,4,44294.03102821757,497.3494097361699,46
2025-09-22,68451.33124729525,68451.33124729525,44316.871548547904,44316.871548547904,67.67301861079125,4436.051659869432,0.0,19324.012589379898,15855.079866676617,10800.0,10574.855923023442,1447.3555837880617,10800.0,1.1368683772161603e-13,2,44011.637448301146,305.2341002467535,36
2025-09-23,68725.73151898573,68725.73151898573,50751.40320693463,50751.40320693463,1020.4450843398968,4969.041746252697,0.0,18655.693617348436,15995.174343608822,10574.855923023442,9592.564241293898,1200.0,10800.0,2.2737367544323206e-13,9,44103.50649540096,6647.896711533673,39
2025-09-24,70291.9556075291,70291.9556075291,49752.27042510861,49752.27042510861,974.3842237571047,5186.85392400242,0.0,20681.940128675295,15665.679321391497,9592.564241293898,10800.0,1200.0,10800.0,1.1368683772161603e-13,11,44826.385905181545,4925.884519927067,37
2025-09-25,69356.29103350386,69356.29103350386,45623.49365352927,45623.49365352927,227.44135757011495,5485.98583357955,0.0,19801.566618391807,16039.268960897372,10800.0,10800.0,1200.0,10800.0,1.1368683772161603e-13,6,44519.59716288248,1103.8964906467945,39
2025-09-26,63993.93119687315,63993.93119687315,40945.369823417335,40945.369823417335,0.0,26739.645621860247,17910.707104488,8680.710371183704,7031.375400658798,10800.0,10800.0,6707.013932119218,10800.0,1.1368683772161603e-13,0,40945.369823417335,0.0,93
2025-09-27,62869.57643490785,62869.57643490785,40219.1582617402,40219.1582617402,0.0,24182.032100198834,19064.46113200106,9588.320803726103,7766.539851018141,10800.0,10800.0,6424.7456999548385,10800.0,1.1368683772161603e-13,0,40219.1582617402,0.0,96
2025-09-28,67031.15044853697,67031.15044853697,57403.30920393084,57403.30920393084,2395.045427894347,3653.719070670274,0.0,17384.41685107638,15099.569211981998,10800.0,9668.6760415443,1200.0,10800.0,1.1368683772161603e-13,15,43031.46978463541,14371.839419295437,47
2025-09-29,68208.55623427172,68208.55623427172,53174.39081217445,53174.39081217445,1698.0791632840414,3422.882246782591,0.0,19764.94262711899,16041.08107634582,9668.6760415443,9633.700987789374,1200.0,10800.0,1.1368683772161603e-13,14,43432.004787608035,9742.386024566416,37
2025-09-30,68247.40062906445,68247.40062906445,68086.52616721124,68086.52616721124,4029.933748964013,3292.695553557202,0.0,18828.87136288091,15266.407305076315,9633.700987789374,9617.010430964068,1200.0,10800.0,2.2737367544323206e-13,15,43429.5120297236,24657.01413748764,34
2025-10-01,68855.70699632764,68855.70699632764,43943.80308113463,43943.80308113463,40.424744176257946,10104.391315184152,4497.02878132427,18781.576308051648,14148.3861973895,9617.010430964068,10800.0,2249.7702881918435,10800.0,1.1368683772161603e-13,3,43765.132751946476,178.67032918815664,65
2025-10-02,67372.15481346866,67372.15481346866,43335.75704451209,43335.75704451209,41.90300877988477,9502.691522020772,2690.4120210626024,18369.321907886842,14879.150745388339,10800.0,10800.0,1412.7791561939398,10800.0,2.2737367544323206e-13,2,43148.92007466514,186.83696984694984,68
2025-10-03,61814.91191118958,61814.91191118958,39424.55283058501,39424.55283058501,0.0,27384.09405127143,25094.236970170725,7996.985209196995,6477.558019449566,10800.0,10800.0,7140.151904709809,10800.0,2.2737367544323206e-13,0,39424.55283058501,0.0,99
2025-10-04,60866.87531341114,60866.87531341114,38741.27573861128,38741.27573861128,0.0,25658.874758054,20385.80039038129,9085.356482329,7359.138750686492,10800.0,10800.0,6732.600396343164,10800.0,1.1368683772161603e-13,0,38741.27573861128,0.0,96
2025-10-05,65135.833690456624,65135.833690456624,42006.79145668191,42006.79145668191,91.64131577904948,5742.289358946404,1163.4191104156457,18872.660369510326,15286.854899303362,10800.0,10800.0,1359.6760126861977,10800.0,2.2737367544323206e-13,4,41602.53179694845,404.2596597334526,61
2025-10-06,64708.402075141494,64708.402075141494,42188.8383720938,42188.8383720938,202.75077024533866,3443.1428311621703,0.0,19657.372443287648,15922.47167906299,10800.0,10800.0,1200.0,10800.0,1.1368683772161603e-13,5,41257.250064827786,931.5883072660142,37
2025-10-07,64694.80959325997,64694.80959325997,45719.67060446473,45719.67060446473,892.3139276652335,4117.780708853521,0.0,19461.999010903583,15764.2191988319,10800.0,10800.0,1200.0,10800.0,2.2737367544323206e-13,10,41189.560007056,4530.110597408727,48
2025-10-08,64957.46656106739,64957.46656106739,43454.80599857161,43454.80599857161,435.8879102400935,4540.354345309006,674.9086842598658,19471.55671090499,15771.960935833045,10800.0,10800.0,1200.0,10800.0,2.2737367544323206e-13,9,41312.214192876854,2142.591805694757,62
2025-10-09,65077.8508501527,65077.8508501527,43393.3180486384,43393.3180486384,401.04530175679673,4493.110368088224,1492.4567257212434,19649.196709298427,15915.849334531726,10800.0,10800.0,1200.0,10800.0,2.526381881473583e-13,8,41398.586190929745,1994.7318577086537,57
2025-10-10,59540.073943879135,59540.073943879135,37583.65027199447,37583.65027199447,0.0,23489.525738969118,24985.794206745162,9058.647797358884,7337.504715860696,10800.0,10800.0,6601.498904133335,10800.0,2.2737367544323206e-13,0,37583.65027199447,0.0,96
2025-10-11,58474.79338483952,58474.79338483952,36839.60138306474,36839.60138306474,0.0,22484.281467858775,20013.23187704943,9847.191876831486,7976.225420233501,10800.0,10800.0,6118.724222587316,10800.0,1.1368683772161603e-13,0,36839.60138306474,0.0,93
2025-10-12,62422.484511146205,62422.484511146205,41543.5700363514,41543.5700363514,421.6798706484638,1113.4261921454513,0.0,19921.35397232033,16705.571766004443,10800.0,10167.472168416693,1200.0,10800.0,1.1368683772161603e-13,8,39481.817271618056,2061.7527647333477,28
2025-10-13,62634.81038892396,62634.81038892396,40620.88291391803,40620.88291391803,276.84710448814633,1573.336241590241,341.4767232612435,21142.970458067168,17173.521229506536,10167.472168416693,10114.455325669878,1200.0,10800.0,2.0250467969162855e-13,7,39279.703361578744,1341.1795523392864,10
2025-10-14,62420.307277813336,62420.307277813336,49680.83924852651,49680.83924852651,1898.4971762616622,483.23537805567594,0.0,20089.822233938285,17028.08244125229,10114.455325669878,9275.203734822902,1200.0,10792.429298452433,1.1368683772161603e-13,13,39005.34447557248,10675.494772954022,8
2025-10-15,63766.20358374855,63766.20358374855,53877.527880774214,53877.527880774214,2266.9014871717573,447.6802746274102,0.0,19493.7831615508,15828.382015257894,9275.203734822902,9232.517452154298,1200.0,10795.824022500763,1.1368683772161603e-13,11,39642.89548685758,14234.63239391664,7
2025-10-16,64332.7846672887,64332.7846672887,60215.67551868736,60215.67551868736,3239.2645573963932,679.966089901704,0.0,20728.447438651543,16802.837253868143,9232.517452154298,9218.300975976079,1200.0,10744.966522088558,1.1368683772161603e-13,15,39989.088301104224,20226.587217583132,11
2025-10-17,59396.892818486216,59396.892818486216,36350.31093298504,36350.31093298504,0.0,20845.29259699069,18827.730875336823,12084.952146686886,8365.282117194849,9218.300975976079,10800.0,5499.55896161018,10800.0,2.2737367544323206e-13,0,36350.31093298504,0.0,87
2025-10-18,56815.52992829698,56815.52992829698,35005.98260079911,35005.98260079911,0.0,19814.534475686054,18955.33962201239,10363.487178588788,8394.424614656922,10800.0,10800.0,5503.876174566771,10800.0,1.1368683772161603e-13,0,35005.98260079911,0.0,93
2025-10-19,61171.87423912123,61171.87423912123,67895.63263375997,67895.63263375997,4680.351388659757,219.90217971792333,0.0,18006.41141352275,16259.810498793013,10800.0,8939.31416240046,1200.0,10800.0,1.1368683772161603e-13,22,38076.83662411553,29818.796009644437,17
2025-10-20,63430.37648171926,63430.37648171926,66952.39101418153,66952.39101418153,4637.829393487339,34.133795652669846,0.0,19250.359420827765,15657.069707940509,8939.31416240046,8867.893521211554,1200.0,10654.369914638424,2.2737367544323206e-13,23,39022.20175418307,27930.189259998464,14
2025-10-21,63942.39342135317,63942.39342135317,76206.32922255993,76206.32922255993,5939.531913447922,70.0035118232779,0.0,17767.16727788219,14417.826804904373,8867.893521211554,8838.536510300672,1200.0,10441.195523511107,1.1368683772161603e-13,22,39341.63850794967,36864.69071461027,17
2025-10-22,64565.55873450639,64565.55873450639,68243.22709815181,68243.22709815181,4850.445953126832,53.61056692959505,0.0,19693.807923365413,15886.310502661776,8838.536510300672,8911.507527260901,1200.0,10522.421193520826,1.1368683772161603e-13,25,39719.27824430265,28523.94885384917,17
2025-10-23,65122.71994255837,65122.71994255837,56510.77002784422,56510.77002784422,2674.5787040270407,372.1138328413482,0.0,20731.28566196251,16685.597881551774,8911.507527260901,9030.111421302965,1200.0,10521.14247329143,1.1368683772161603e-13,18,40182.94818104262,16327.821846801602,8
2025-10-24,60279.573411946316,60279.573411946316,36572.22000852635,36572.22000852635,0.0,19848.20382872983,17978.13164254994,12843.618437750247,8810.43121375037,9030.111421302965,10800.0,5007.067571621139,10800.0,1.1368683772161603e-13,0,36572.22000852635,0.0,82
2025-10-25,57544.56451148601,57544.56451148601,35212.10357683808,35212.10357683808,0.0,19132.66554745882,16967.417809843893,10768.675899210342,8722.62747836038,10800.0,10800.0,4919.9390866411695,10800.0,1.1368683772161603e-13,0,35212.10357683808,0.0,89
2025-10-26,62038.20644746135,62038.20644746135,63728.451550078964,63728.451550078964,3978.8243241369073,0.33397855481280203,0.0,17232.608982607257,15760.224206230465,10800.0,8797.987855201563,1200.0,10800.0,0.0,24,38548.29166406927,25180.159886009704,19
2025-10-27,64658.402000625814,64658.402000625814,64198.7575395664,64198.7575395664,3857.4010939803266,1125.451306592623,0.0,20701.544317289707,16863.774195942846,8797.987855201563,8691.850856381352,1200.0,10275.479054350442,1.1368683772161603e-13,26,39696.68038775658,24502.07715180982,15
2025-10-28,65108.024485901566,65108.024485901566,69290.15107482807,69290.15107482807,4763.575587740939,60.27907543507217,0.0,19837.06202937063,15998.162731163193,8691.850856381352,8769.470314855822,1200.0,10099.146317803568,1.1368683772161603e-13,30,39988.69610999756,29301.45496483051,18
2025-10-29,65620.36385150565,65620.36385150565,84320.0653393721,84320.0653393721,7125.492440303287,5.838989347407164,0.0,18104.377205755452,14676.616703293916,8769.470314855822,8756.057907486933,1200.0,10320.239545299426,2.2737367544323206e-13,34,40358.12604877208,43961.93929060003,24
2025-10-30,66535.55765857887,66535.55765857887,57271.101615712774,57271.101615712774,2618.97576523284,301.30379946761025,0.0,21380.266627690213,17314.854653346112,8756.057907486933,8759.570479801336,1200.0,10405.775125664677,2.2737367544323206e-13,25,41008.710753384694,16262.390862328079,13
2025-10-31,61806.68453847821,61806.68453847821,37439.797710861996,37439.797710861996,0.0,19928.024835789278,13664.396093766412,13018.868284616081,8708.896742360233,8759.570479801336,10800.0,4836.543817245079,10800.0,1.1368683772161603e-13,0,37439.797710861996,0.0,80
2025-11-01,59216.51452850231,59216.51452850231,36245.644505223114,36245.644505223114,0.0,19763.628301983706,14928.393476250747,10423.443773339615,8442.989456405088,10800.0,10800.0,4992.684405195533,10800.0,1.1368683772161603e-13,0,36245.644505223114,0.0,89
2025-11-02,64031.22918099636,64031.22918099636,77519.35534760046,77519.35534760046,6171.014728980708,6.238517964288917,0.0,17269.05670275619,15869.435244076734,10800.0,8709.445205728647,1200.0,10800.0,1.1368683772161603e-13,35,39843.80737090337,37675.54797669708,22
2025-11-03,67054.99672188844,67054.99672188844,78155.70093524296,78155.70093524296,5813.296182853685,27.153775032912336,0.0,18193.135860226866,14856.92701385098,8709.445205728647,8575.570797876178,1200.0,10097.314192569593,1.1368683772161603e-13,28,41322.869607636385,36832.83132760658,20
2025-11-04,68009.03934778935,68009.03934778935,65405.241691623305,65405.241691623305,3698.8573016524488,186.189950171826,0.0,20346.61943164269,16404.984765706045,8575.570797876178,8659.767435570107,1200.0,10225.078968599311,1.1368683772161603e-13,29,41987.457030578546,23417.78466104476,14
2025-11-05,68533.44752708387,68533.44752708387,72766.23605117784,72766.23605117784,4829.027354242539,28.226534938765667,0.0,19399.740654907415,15743.51237518642,8659.767435570107,8626.742497001866,1200.0,10114.031719253977,1.1368683772161603e-13,29,42411.594527409965,30354.641523767896,18
2025-11-06,69342.12328338611,69342.12328338611,78108.12367677361,78108.12367677361,5826.641874859202,198.5098533506798,0.0,18899.27836811231,15298.60761321766,8626.742497001866,8637.64012472776,1200.0,10186.301325585571,2.2737367544323206e-13,31,42966.67172980006,35141.451946973546,22
2025-11-07,65128.699495673776,65128.699495673776,39656.94811102074,39656.94811102074,0.0,22284.874124459093,15038.490412262605,13372.364673019623,8885.491497400879,8637.64012472776,10800.0,4734.794612926274,10800.0,1.1368683772161603e-13,0,39656.94811102074,0.0,77
2025-11-08,62377.074732479836,62377.074732479836,38390.87510026098,38390.87510026098,0.0,22025.265241616915,14589.727210542624,10373.027264843682,8402.152084523386,10800.0,10800.0,4764.389388563342,10800.0,1.1368683772161603e-13,0,38390.87510026098,0.0,90
2025-11-09,67138.37793143847,67138.37793143847,78581.46709054244,78581.46709054244,5671.156050667974,49.87324900933265,0.0,17418.16442553589,16005.320875772108,10800.0,8692.65812101329,1200.0,10800.0,1.1368683772161603e-13,30,42046.95261733208,36534.514473210365,23
2025-11-10,70209.882985506,70209.882985506,89067.51865484302,89067.51865484302,7132.76860405156,0.8090236086358118,0.0,18409.22406681794,14925.824600868997,8692.65812101329,8676.710224628328,1200.0,10158.280704779045,1.1368683772161603e-13,34,43572.21758387318,45495.30107096984,24
2025-11-11,71091.23671361228,71091.23671361228,71436.53230575705,71436.53230575705,4163.748535872761,0.0,0.0,20055.186483050842,16359.220900232467,8676.710224628328,8549.465948004681,1200.0,10324.213044653969,0.0,26,44225.46326430031,27211.069041456736,14
2025-11-12,72147.74796981673,72147.74796981673,65532.18837178454,65532.18837178454,3104.4820555538445,173.36172053300595,0.0,20981.36090390691,16858.480349069327,8549.465948004681,8701.045929221644,1200.0,10421.817499635963,2.2737367544323206e-13,21,44993.660002635675,20538.528369148866,9
2025-11-13,72692.75555026978,72692.75555026978,69729.32299465318,69729.32299465318,3640.6238615692264,222.9695127826468,0.0,19468.644294310776,15754.105711921075,8701.045929221644,8718.26389196682,1200.0,10273.153214505066,1.1368683772161603e-13,21,45498.58343059827,24230.739564054908,12
2025-11-14,68500.11556215724,68500.11556215724,42107.595736353185,42107.595736353185,0.0,23324.045646481954,13410.947629992821,12068.97099185591,7902.304006173428,8718.26389196682,10800.0,4748.719002786283,10800.0,1.1368683772161603e-13,0,42107.595736353185,0.0,86
2025-11-15,65898.60524818869,65898.60524818869,40908.54973701526,40908.54973701526,0.0,22958.55261546545,12806.47167595616,10114.179158423234,8192.485118322824,10800.0,10800.0,4653.253060194448,10800.0,1.1368683772161603e-13,0,40908.54973701526,0.0,90
2025-11-16,70631.31833756345,70631.31833756345,78531.77612649892,78531.77612649892,5119.193713923427,27.344127859788614,0.0,17386.854652726714,16098.231112432944,10800.0,8561.245729195212,1200.0,10800.0,1.1368683772161603e-13,24,44695.61008015816,33836.16604634077,16
2025-11-17,73939.14027430705,73939.14027430705,65166.074918246755,65166.074918246755,2840.354045844032,102.64980172738422,0.0,20535.571731698168,16554.481546607807,8561.245729195212,8649.391902603777,1200.0,10269.444848678238,2.2737367544323206e-13,21,46355.277872073435,18810.79704617333,10
2025-11-18,74608.97140640489,74608.97140640489,73197.42868733473,73197.42868733473,3954.111844721844,87.69764016320573,0.0,18977.130620952918,15392.296843322714,8649.391902603777,8626.257413325056,1200.0,10347.160740256244,1.1368683772161603e-13,22,46923.29863675381,26274.130050580927,13
2025-11-19,75423.65411417032,75423.65411417032,72517.00656010701,72517.00656010701,3777.703608643459,29.983781543791906,0.0,20134.148913962697,16331.086572692695,8626.257413325056,8601.339688455158,1200.0,10171.933767769422,2.2737367544323206e-13,23,47514.17005403624,25002.836506070766,12
2025-11-20,76411.2585654181,76411.2585654181,65596.30623841172,65596.30623841172,2646.8324340411446,243.74823175507595,0.0,20574.126345430155,16552.859611059324,8601.339688455158,8725.987164831931,1200.0,10327.768718242127,2.2737367544323206e-13,22,48208.44271089816,17387.86352751357,10
2025-11-21,71874.36377596005,71874.36377596005,44625.65642800697,44625.65642800697,0.0,26082.447052082833,12943.777075407925,11142.863316586201,7159.107734783561,8725.987164831931,10800.0,4953.885254903167,10800.0,2.2737367544323206e-13,0,44625.65642800697,0.0,90
2025-11-22,69266.6567235425,69266.6567235425,43420.692410456126,43420.692410456126,0.0,25394.002293104328,11881.833621252554,9321.006978169964,7550.015652317674,10800.0,10800.0,4758.06468473913,10800.0,1.1368683772161603e-13,0,43420.692410456126,0.0,94
2025-11-23,74190.50917520795,74190.50917520795,66308.58586389264,66308.58586389264,2936.4256307266164,180.33597821659066,0.0,19119.50707210374,17405.004527719102,10800.0,8668.662445205471,1200.0,10800.0,2.2737367544323206e-13,25,47280.7261026848,19027.859761207845,13
2025-11-24,77292.46202017629,77292.46202017629,55797.73799915497,55797.73799915497,1116.1175732662455,275.49135169857954,0.0,21671.557574020222,17700.41303227625,8668.662445205471,8505.938670405614,1200.0,10800.0,1.1368683772161603e-13,20,48774.080896456806,7023.6571026981655,9
2025-11-25,78075.60590752968,78075.60590752968,64631.45580738654,64631.45580738654,2326.5948354034213,50.149588783221816,0.0,21460.850676760485,17277.45998927727,8505.938670405614,8623.526513626412,1200.0,10333.44791955896,2.2737367544323206e-13,21,49292.11131395502,15339.344493431518,10
2025-11-26,78706.07850610523,78706.07850610523,65299.46292689365,65299.46292689365,2347.296768202342,114.69560611852046,0.0,21579.222207067105,17398.209422211385,8623.526513626412,8713.482697529706,1200.0,10684.478540245196,1.1368683772161603e-13,24,49763.54194781867,15535.920979074986,10
2025-11-27,79241.09208722279,79241.09208722279,57038.77530082879,57038.77530082879,1034.2988920002472,247.62222855561902,0.0,21982.55610013417,17735.680082800074,8713.482697529706,8791.47198453927,1200.0,10710.128061251435,2.2737367544323206e-13,19,50221.41729279556,6817.35800803323,8
2025-11-28,74496.85513717873,74496.85513717873,46509.54145442207,46509.54145442207,0.0,28511.473093868473,11108.038506328963,11307.525121403458,7351.420134422149,8791.47198453927,10800.0,4637.069081469553,10800.0,1.1368683772161603e-13,0,46509.54145442207,0.0,90
2025-11-29,72002.08228377868,72002.08228377868,45371.86103922171,45371.86103922171,0.0,27975.29958082363,7407.721683494126,8892.689049794324,7203.078130333395,10800.0,10800.0,4767.744157088153,10800.0,1.1368683772161603e-13,0,45371.86103922171,0.0,97
2025-11-30,77063.18894553848,77063.18894553848,80394.58371110959,80394.58371110959,4675.153593887692,26.140441792996057,0.0,18059.260863644617,16591.886882678085,10800.0,8617.904907637829,1200.0,10800.0,1.1368683772161603e-13,22,49315.09117502826,31079.492536081325,13
2025-12-01,80354.71089474956,80354.71089474956,108109.541509039,108109.541509039,9697.727517268668,10.554256132761907,0.0,20218.04238387479,16475.08596132266,8617.904907637829,8508.491984988845,1200.0,9996.335468830248,2.2737367544323206e-13,36,50995.786284659334,57113.75522437967,25
2025-12-02,81574.79358255756,81574.79358255756,115838.67262684148,115838.67262684148,10870.957702100779,0.0,0.0,19675.332512279634,15867.39117762129,8508.491984988845,8585.856604239085,1200.0,10057.774620341102,2.2737367544323206e-13,36,51860.476699260034,63978.195927581444,26
2025-12-03,82681.72366702023,82681.72366702023,103062.5114921183,103062.5114921183,8331.354917305418,0.0,0.0,20165.310643802623,16314.980626143637,8585.856604239085,8606.879932390739,1200.0,10080.483598740357,2.2737367544323206e-13,34,52682.112541220806,50380.39895089749,24
2025-12-04,83670.49291431179,83670.49291431179,96160.08603295067,96160.08603295067,7375.827040458932,173.06976516757481,0.0,21409.329064155656,17307.28762455251,8606.879932390739,8644.956507294712,1200.0,10118.88286062231,2.2737367544323206e-13,36,53465.59252332577,42694.493509624874,22
2025-12-05,79492.33826826718,79492.33826826718,50066.44563976109,50066.44563976109,0.0,28537.95097768978,5364.249966408219,12310.37103895314,8031.861398117282,8644.956507294712,10800.0,4810.087053167753,10800.0,2.2737367544323206e-13,0,50066.44563976109,0.0,82
2025-12-06,77063.08217064416,77063.08217064416,49014.156553605884,49014.156553605884,0.0,27062.655765259206,4422.136133333333,10071.891870447214,8158.232415062243,10800.0,10800.0,4687.526528758409,10800.0,1.1368683772161603e-13,0,49014.156553605884,0.0,92
2025-12-07,82256.80633108465,82256.80633108465,95076.2165377273,95076.2165377273,6917.658235815587,0.0,0.0,18656.182971741022,17134.39965484078,10800.0,8552.34283585494,1200.0,10800.0,2.2737367544323206e-13,30,53180.13541905339,41896.08111867391,20
2025-12-08,85953.37898043978,85953.37898043978,93166.95525426941,93166.95525426941,6180.07315968297,5.541336733336493,0.0,21429.452098107144,17148.752411384383,8552.34283585494,8784.68037816872,1200.0,10187.175381939425,2.2737367544323206e-13,29,55109.853724672015,38057.10152959739,18
2025-12-09,86860.80787339865,86860.80787339865,85653.45997083129,85653.45997083129,4847.024454159344,58.224293169638145,0.0,22313.197611210024,18052.04384348834,8784.68037816872,8808.73173549291,1200.0,10089.35193166259,2.2737367544323206e-13,31,55872.74245907547,29780.71751175582,18
2025-12-10,87805.88213670727,87805.88213670727,85093.53069178347,85093.53069178347,4496.73234243885,10.827859794237042,0.0,21257.59778599742,17353.429633312204,8808.73173549291,8658.981261432584,1200.0,10106.515877009113,1.1368683772161603e-13,26,56631.418895504365,28462.111796279103,18
2025-12-11,88974.47518206907,88974.47518206907,70003.39407335759,70003.39407335759,1925.8103046659382,522.833563950581,0.0,22570.0877214951,18153.89049871067,8658.981261432584,8801.070767766309,1200.0,10085.215717358336,1.1368683772161603e-13,19,57471.55695568921,12531.837117668369,10
2025-12-12,84456.67361746525,84456.67361746525,53735.50324855001,53735.50324855001,0.0,33202.90617113032,3575.1112722212515,11395.82306194751,7431.580371167161,8801.070767766309,10800.0,4883.614867159485,10800.0,2.2737367544323206e-13,0,53735.50324855001,0.0,86
2025-12-13,82203.80694773374,82203.80694773374,52755.8794303895,52755.8794303895,0.0,32839.481901433915,3769.9650666666666,9451.71892789392,7655.892331594077,10800.0,10800.0,4892.372583988976,10800.0,2.2737367544323206e-13,0,52755.8794303895,0.0,92
2025-12-14,87228.4457620531,87228.4457620531,79465.44897789363,79465.44897789363,3512.462922116586,17.567601247062612,0.0,19813.578659277046,17868.959376354418,10800.0,8777.821486288878,1200.0,10800.0,1.1368683772161603e-13,24,56899.937057950854,22565.511919942757,15
2025-12-15,90627.64131331071,90627.64131331071,78503.38835255186,78503.38835255186,3067.5296072038554,49.20834546614299,0.0,21827.066916133448,17650.662307751685,8777.821486288878,8810.334702195996,1200.0,10168.959305754619,1.1368683772161603e-13,20,58693.6744147774,19809.71393777446,10
2025-12-16,91595.97129846844,91595.97129846844,74861.21290643411,74861.21290643411,2365.4479648669007,299.80776299635113,0.0,22386.117580519745,18142.59741351407,8810.334702195996,8799.398954092574,1200.0,10128.92631438938,2.2737367544323206e-13,24,59428.41486882812,15432.798037606004,11
2025-12-17,92548.58650411382,92548.58650411382,62844.42499164206,62844.42499164206,431.4023507492553,312.71130784579043,0.0,23317.0181851065,18841.587704755882,8799.398954092574,8849.617870959666,1200.0,10586.04418768141,1.1368683772161603e-13,9,60088.470666563335,2755.9543250787215,6
2025-12-18,93425.82120633841,93425.82120633841,62130.54758142232,62130.54758142232,225.83169332581247,1774.8170154685463,0.0,23798.45654871044,19287.887631181427,8849.617870959666,8837.242507930818,1200.0,10800.0,1.1368683772161603e-13,15,60727.20610199153,1403.3414794307905,9
2025-12-19,88945.53208340576,88945.53208340576,56997.53322535448,56997.53322535448,0.0,36904.29551493641,5236.257529845768,11211.084188217423,7314.496449593852,8837.242507930818,10800.0,4813.512991884412,10800.0,2.2737367544323206e-13,0,56997.53322535448,0.0,91
2025-12-20,86637.86939439812,86637.86939439812,55968.28044958052,55968.28044958052,0.0,36602.69962290116,5383.344476814754,9449.858129906426,7654.385085224205,10800.0,10800.0,4919.991081562303,10800.0,2.2737367544323206e-13,0,55968.28044958052,0.0,95
2025-12-21,91711.55783689838,91711.55783689838,63301.94701906619,63301.94701906619,472.7868164569609,837.4150047199295,0.0,21195.040726853113,18885.89294488435,10800.0,8891.211159851864,1200.0,10800.0,1.1368683772161603e-13,11,60093.16675806886,3208.780260997332,12
2025-12-22,94702.52853166091,94702.52853166091,65460.75873112139,65460.75873112139,603.0868135096997,1922.6963713577304,0.0,23280.909454309236,18835.417563829687,8891.211159851864,8915.787931141642,1200.0,10800.0,3.410605131648481e-13,21,61580.571318184855,3880.1874129365274,17
2025-12-23,95361.96953773678,95361.96953773678,64066.96696488124,64066.96696488124,296.33983700779055,4184.378907825275,0.0,22360.317445788023,18144.47951220207,8915.787931141642,8879.540841015232,1200.0,10800.0,1.7053025658242404e-13,9,62101.08845963662,1965.878505244621,22
2025-12-24,95950.89312956124,95950.89312956124,63893.60477078872,63893.60477078872,202.66713676388676,4028.0294243779167,0.0,22488.033279384268,18217.06175410372,8879.540841015232,8877.591065679144,1200.0,10800.0,1.1368683772161603e-13,12,62531.53635880657,1362.0684119821494,16
2025-12-25,96526.52636433899,96526.52636433899,64893.15824679962,64893.15824679962,286.5899986098184,4795.9730408449295,0.0,21878.10978340395,17673.414994633407,8877.591065679144,8930.762098927804,1200.0,10800.0,2.2737367544323206e-13,13,63017.65932646005,1875.498920339564,27
2025-12-26,91845.85306343072,91845.85306343072,59186.55648461505,59186.55648461505,0.0,39780.68576703681,5338.06265,10721.937379450585,7002.455166389999,8930.762098927804,10800.0,5208.810778112332,10800.0,1.4210854715202004e-13,0,59186.55648461505,0.0,92
2025-12-27,89590.68324164815,89590.68324164815,58160.45336392078,58160.45336392078,0.0,39849.96713943724,4783.270483333334,8519.139748478472,6900.503196267569,10800.0,10800.0,4993.527575813321,10800.0,2.2737367544323206e-13,0,58160.45336392078,0.0,100
2025-12-28,94584.4022306196,94584.4022306196,64260.40922475492,64260.40922475492,313.765634446433,6038.616597161002,0.0,19419.197397867756,17368.900879962723,10800.0,8978.49890256685,1200.0,10800.0,1.1368683772161603e-13,11,62244.08988394847,2016.319340806447,34
2025-12-29,97203.96101927935,97203.96101927935,64938.48753034693,64938.48753034693,222.80223399457617,6041.106155477789,0.0,20885.162638282756,17023.271807153273,8978.49890256685,8860.39882462881,1200.0,10800.0,2.2737367544323206e-13,9,63519.12054720447,1419.3669831424609,27
2025-12-30,97829.98144561233,97829.98144561233,64800.41616865175,64800.41616865175,146.0076642726066,7684.975287501271,0.0,21138.298024964693,17071.686802581014,8860.39882462881,8916.326155340346,1200.0,10800.0,2.2737367544323206e-13,10,63958.47230187946,841.9438667722847,31
2025-12-31,98274.12025374452,98274.12025374452,65664.19600470783,65664.19600470783,233.5642222538229,5834.813952961039,0.0,21525.97268273792,17499.525093033946,8916.326155340346,8845.78479976676,1200.0,10800.0,3.410605131648481e-13,13,64322.98614340437,1341.2098613034673,31
