variant,date,decision_hour,risk_mode,horizon_slots,simultaneous_flow_slots,simultaneous_flow_max_kwh,max_eq_residual_kwh,solver_status
q2_fixed_clustered,2025-02-01,0,clustered,144,0,0.0,9.094947017729282e-13,optimal
q2_fixed_clustered,2025-02-02,0,clustered,144,0,0.0,1.8189894035458565e-12,optimal
q2_fixed_clustered,2025-02-03,0,clustered,144,0,0.0,1.8189894035458565e-12,optimal
q2_fixed_clustered,2025-02-04,0,clustered,144,0,0.0,9.094947017729282e-13,optimal
q2_fixed_clustered,2025-02-05,0,clustered,144,0,0.0,1.8189894035458565e-12,optimal
q2_fixed_clustered,2025-02-06,0,clustered,144,0,0.0,9.094947017729282e-13,optimal
q2_fixed_clustered,2025-02-07,0,clustered,144,0,0.0,1.8189894035458565e-12,optimal
q2_fixed_clustered,2025-02-08,0,clustered,144,0,0.0,9.094947017729282e-13,optimal
q2_fixed_clustered,2025-02-09,0,clustered,144,0,0.0,9.094947017729282e-13,optimal
q2_fixed_clustered,2025-02-10,0,clustered,144,0,0.0,9.094947017729282e-13,optimal
q2_fixed_clustered,2025-02-11,0,clustered,144,0,0.0,1.8189894035458565e-12,optimal
q2_fixed_clustered,2025-02-12,0,clustered,144,0,0.0,9.094947017729282e-13,optimal
q2_fixed_clustered,2025-02-13,0,clustered,144,0,0.0,1.8189894035458565e-12,optimal
q2_fixed_clustered,2025-02-14,0,clustered,144,0,0.0,9.094947017729282e-13,optimal
q2_fixed_clustered,2025-02-15,0,clustered,144,0,0.0,1.8189894035458565e-12,optimal
q2_fixed_clustered,2025-02-16,0,clustered,144,0,0.0,9.094947017729282e-13,optimal
q2_fixed_clustered,2025-02-17,0,clustered,144,0,0.0,2.2737367544323206e-13,optimal
q2_fixed_clustered,2025-02-18,0,clustered,144,0,0.0,9.094947017729282e-13,optimal
q2_fixed_clustered,2025-02-19,0,clustered,144,0,0.0,2.2737367544323206e-13,optimal
q2_fixed_clustered,2025-02-20,0,clustered,144,0,0.0,4.547473508864641e-13,optimal
q2_fixed_clustered,2025-02-21,0,clustered,144,0,0.0,4.547473508864641e-13,optimal
q2_fixed_clustered,2025-02-22,0,clustered,144,0,0.0,9.094947017729282e-13,optimal
q2_fixed_clustered,2025-02-23,0,clustered,144,0,0.0,4.547473508864641e-13,optimal
q2_fixed_clustered,2025-02-24,0,clustered,144,0,0.0,9.094947017729282e-13,optimal
q2_fixed_clustered,2025-02-25,0,clustered,144,0,0.0,1.8189894035458565e-12,optimal
q2_fixed_clustered,2025-02-26,0,clustered,144,0,0.0,9.094947017729282e-13,optimal
q2_fixed_clustered,2025-02-27,0,clustered,144,0,0.0,1.1368683772161603e-13,optimal
q2_fixed_clustered,2025-02-28,0,clustered,144,0,0.0,4.547473508864641e-13,optimal
q2_fixed_clustered,2025-03-01,0,clustered,144,0,0.0,4.547473508864641e-13,optimal
q2_fixed_clustered,2025-03-02,0,clustered,144,0,0.0,9.094947017729282e-13,optimal
q2_fixed_clustered,2025-03-03,0,clustered,144,0,0.0,2.2737367544323206e-13,optimal
q2_fixed_clustered,2025-03-04,0,clustered,144,0,0.0,1.8189894035458565e-12,optimal
q2_fixed_clustered,2025-03-05,0,clustered,144,0,0.0,4.547473508864641e-13,optimal
q2_fixed_clustered,2025-03-06,0,clustered,144,0,0.0,4.547473508864641e-13,optimal
q2_fixed_clustered,2025-03-07,0,clustered,144,0,0.0,4.547473508864641e-13,optimal
q2_fixed_clustered,2025-03-08,0,clustered,144,0,0.0,4.547473508864641e-13,optimal
q2_fixed_clustered,2025-03-09,0,clustered,144,0,0.0,9.094947017729282e-13,optimal
q2_fixed_clustered,2025-03-10,0,clustered,144,0,0.0,1.8189894035458565e-12,optimal
q2_fixed_clustered,2025-03-11,0,clustered,144,0,0.0,1.8189894035458565e-12,optimal
q2_fixed_clustered,2025-03-12,0,clustered,144,0,0.0,9.094947017729282e-13,optimal
q2_fixed_clustered,2025-03-13,0,clustered,144,0,0.0,9.094947017729282e-13,optimal
q2_fixed_clustered,2025-03-14,0,clustered,144,0,0.0,9.094947017729282e-13,optimal
q2_fixed_clustered,2025-03-15,0,clustered,144,0,0.0,9.094947017729282e-13,optimal
q2_fixed_clustered,2025-03-16,0,clustered,144,0,0.0,9.094947017729282e-13,optimal
q2_fixed_clustered,2025-03-17,0,clustered,144,0,0.0,9.094947017729282e-13,optimal
q2_fixed_clustered,2025-03-18,0,clustered,144,0,0.0,9.094947017729282e-13,optimal
q2_fixed_clustered,2025-03-19,0,clustered,144,0,0.0,4.547473508864641e-13,optimal
q2_fixed_clustered,2025-03-20,0,clustered,144,0,0.0,9.094947017729282e-13,optimal
q2_fixed_clustered,2025-03-21,0,clustered,144,0,0.0,9.094947017729282e-13,optimal
q2_fixed_clustered,2025-03-22,0,clustered,144,0,0.0,9.094947017729282e-13,optimal
q2_fixed_clustered,2025-03-23,0,clustered,144,0,0.0,9.094947017729282e-13,optimal
q2_fixed_clustered,2025-03-24,0,clustered,144,0,0.0,1.8189894035458565e-12,optimal
q2_fixed_clustered,2025-03-25,0,clustered,144,0,0.0,4.547473508864641e-13,optimal
q2_fixed_clustered,2025-03-26,0,clustered,144,0,0.0,9.094947017729282e-13,optimal
q2_fixed_clustered,2025-03-27,0,clustered,144,0,0.0,9.094947017729282e-13,optimal
q2_fixed_clustered,2025-03-28,0,clustered,144,0,0.0,4.547473508864641e-13,optimal
q2_fixed_clustered,2025-03-29,0,clustered,144,0,0.0,1.8189894035458565e-12,optimal
q2_fixed_clustered,2025-03-30,0,clustered,144,0,0.0,9.094947017729282e-13,optimal
q2_fixed_clustered,2025-03-31,0,clustered,144,0,0.0,9.094947017729282e-13,optimal
q2_fixed_clustered,2025-04-01,0,clustered,144,0,0.0,2.2737367544323206e-13,optimal
q2_fixed_clustered,2025-04-02,0,clustered,144,0,0.0,9.094947017729282e-13,optimal
q2_fixed_clustered,2025-04-03,0,clustered,144,0,0.0,9.094947017729282e-13,optimal
q2_fixed_clustered,2025-04-04,0,clustered,144,0,0.0,9.094947017729282e-13,optimal
q2_fixed_clustered,2025-04-05,0,clustered,144,0,0.0,9.094947017729282e-13,optimal
q2_fixed_clustered,2025-04-06,0,clustered,144,0,0.0,1.1368683772161603e-13,optimal
q2_fixed_clustered,2025-04-07,0,clustered,144,0,0.0,1.8189894035458565e-12,optimal
q2_fixed_clustered,2025-04-08,0,clustered,144,0,0.0,1.8189894035458565e-12,optimal
q2_fixed_clustered,2025-04-09,0,clustered,144,0,0.0,9.094947017729282e-13,optimal
q2_fixed_clustered,2025-04-10,0,clustered,144,0,0.0,1.1368683772161603e-13,optimal
q2_fixed_clustered,2025-04-11,0,clustered,144,0,0.0,9.094947017729282e-13,optimal
q2_fixed_clustered,2025-04-12,0,clustered,144,0,0.0,2.2737367544323206e-13,optimal
q2_fixed_clustered,2025-04-13,0,clustered,144,0,0.0,9.094947017729282e-13,optimal
q2_fixed_clustered,2025-04-14,0,clustered,144,0,0.0,9.094947017729282e-13,optimal
q2_fixed_clustered,2025-04-15,0,clustered,144,0,0.0,9.094947017729282e-13,optimal
q2_fixed_clustered,2025-04-16,0,clustered,144,0,0.0,9.094947017729282e-13,optimal
q2_fixed_clustered,2025-04-17,0,clustered,144,0,0.0,9.094947017729282e-13,optimal
q2_fixed_clustered,2025-04-18,0,clustered,144,0,0.0,4.547473508864641e-13,optimal
q2_fixed_clustered,2025-04-19,0,clustered,144,0,0.0,9.094947017729282e-13,optimal
q2_fixed_clustered,2025-04-20,0,clustered,144,0,0.0,1.8189894035458565e-12,optimal
q2_fixed_clustered,2025-04-21,0,clustered,144,0,0.0,9.094947017729282e-13,optimal
q2_fixed_clustered,2025-04-22,0,clustered,144,0,0.0,1.8189894035458565e-12,optimal
q2_fixed_clustered,2025-04-23,0,clustered,144,0,0.0,9.094947017729282e-13,optimal
q2_fixed_clustered,2025-04-24,0,clustered,144,0,0.0,1.8189894035458565e-12,optimal
q2_fixed_clustered,2025-04-25,0,clustered,144,0,0.0,4.547473508864641e-13,optimal
q2_fixed_clustered,2025-04-26,0,clustered,144,0,0.0,9.094947017729282e-13,optimal
q2_fixed_clustered,2025-04-27,0,clustered,144,0,0.0,2.2737367544323206e-13,optimal
q2_fixed_clustered,2025-04-28,0,clustered,144,0,0.0,9.094947017729282e-13,optimal
q2_fixed_clustered,2025-04-29,0,clustered,144,0,0.0,9.094947017729282e-13,optimal
q2_fixed_clustered,2025-04-30,0,clustered,144,0,0.0,9.094947017729282e-13,optimal
q2_fixed_clustered,2025-05-01,0,clustered,144,0,0.0,9.094947017729282e-13,optimal
q2_fixed_clustered,2025-05-02,0,clustered,144,0,0.0,1.1368683772161603e-13,optimal
q2_fixed_clustered,2025-05-03,0,clustered,144,0,0.0,9.094947017729282e-13,optimal
q2_fixed_clustered,2025-05-04,0,clustered,144,0,0.0,1.1368683772161603e-13,optimal
q2_fixed_clustered,2025-05-05,0,clustered,144,0,0.0,9.094947017729282e-13,optimal
q2_fixed_clustered,2025-05-06,0,clustered,144,0,0.0,9.094947017729282e-13,optimal
q2_fixed_clustered,2025-05-07,0,clustered,144,0,0.0,4.547473508864641e-13,optimal
q2_fixed_clustered,2025-05-08,0,clustered,144,0,0.0,9.094947017729282e-13,optimal
q2_fixed_clustered,2025-05-09,0,clustered,144,0,0.0,9.094947017729282e-13,optimal
q2_fixed_clustered,2025-05-10,0,clustered,144,0,0.0,4.547473508864641e-13,optimal
q2_fixed_clustered,2025-05-11,0,clustered,144,0,0.0,9.094947017729282e-13,optimal
q2_fixed_clustered,2025-05-12,0,clustered,144,0,0.0,4.547473508864641e-13,optimal
q2_fixed_clustered,2025-05-13,0,clustered,144,0,0.0,1.8189894035458565e-12,optimal
q2_fixed_clustered,2025-05-14,0,clustered,144,0,0.0,9.094947017729282e-13,optimal
q2_fixed_clustered,2025-05-15,0,clustered,144,0,0.0,2.2737367544323206e-13,optimal
q2_fixed_clustered,2025-05-16,0,clustered,144,0,0.0,1.1368683772161603e-13,optimal
q2_fixed_clustered,2025-05-17,0,clustered,144,0,0.0,9.094947017729282e-13,optimal
q2_fixed_clustered,2025-05-18,0,clustered,144,0,0.0,9.094947017729282e-13,optimal
q2_fixed_clustered,2025-05-19,0,clustered,144,0,0.0,9.094947017729282e-13,optimal
q2_fixed_clustered,2025-05-20,0,clustered,144,0,0.0,9.094947017729282e-13,optimal
q2_fixed_clustered,2025-05-21,0,clustered,144,0,0.0,1.1368683772161603e-13,optimal
q2_fixed_clustered,2025-05-22,0,clustered,144,0,0.0,4.547473508864641e-13,optimal
q2_fixed_clustered,2025-05-23,0,clustered,144,0,0.0,1.8189894035458565e-12,optimal
q2_fixed_clustered,2025-05-24,0,clustered,144,0,0.0,2.2737367544323206e-13,optimal
q2_fixed_clustered,2025-05-25,0,clustered,144,0,0.0,9.094947017729282e-13,optimal
q2_fixed_clustered,2025-05-26,0,clustered,144,0,0.0,4.547473508864641e-13,optimal
q2_fixed_clustered,2025-05-27,0,clustered,144,0,0.0,1.8189894035458565e-12,optimal
q2_fixed_clustered,2025-05-28,0,clustered,144,0,0.0,1.8189894035458565e-12,optimal
q2_fixed_clustered,2025-05-29,0,clustered,144,0,0.0,2.2737367544323206e-13,optimal
q2_fixed_clustered,2025-05-30,0,clustered,144,0,0.0,1.8189894035458565e-12,optimal
q2_fixed_clustered,2025-05-31,0,clustered,144,0,0.0,9.094947017729282e-13,optimal
q2_fixed_clustered,2025-06-01,0,clustered,144,0,0.0,4.547473508864641e-13,optimal
q2_fixed_clustered,2025-06-02,0,clustered,144,0,0.0,4.547473508864641e-13,optimal
q2_fixed_clustered,2025-06-03,0,clustered,144,0,0.0,4.547473508864641e-13,optimal
q2_fixed_clustered,2025-06-04,0,clustered,144,0,0.0,9.094947017729282e-13,optimal
q2_fixed_clustered,2025-06-05,0,clustered,144,0,0.0,9.094947017729282e-13,optimal
q2_fixed_clustered,2025-06-06,0,clustered,144,0,0.0,2.2737367544323206e-13,optimal
q2_fixed_clustered,2025-06-07,0,clustered,144,0,0.0,9.094947017729282e-13,optimal
q2_fixed_clustered,2025-06-08,0,clustered,144,0,0.0,1.1368683772161603e-13,optimal
q2_fixed_clustered,2025-06-09,0,clustered,144,0,0.0,2.2737367544323206e-13,optimal
q2_fixed_clustered,2025-06-10,0,clustered,144,0,0.0,1.8189894035458565e-12,optimal
q2_fixed_clustered,2025-06-11,0,clustered,144,0,0.0,2.2737367544323206e-13,optimal
q2_fixed_clustered,2025-06-12,0,clustered,144,0,0.0,2.2737367544323206e-13,optimal
q2_fixed_clustered,2025-06-13,0,clustered,144,0,0.0,9.094947017729282e-13,optimal
q2_fixed_clustered,2025-06-14,0,clustered,144,0,0.0,9.094947017729282e-13,optimal
q2_fixed_clustered,2025-06-15,0,clustered,144,0,0.0,9.094947017729282e-13,optimal
q2_fixed_clustered,2025-06-16,0,clustered,144,0,0.0,1.8189894035458565e-12,optimal
q2_fixed_clustered,2025-06-17,0,clustered,144,0,0.0,2.2737367544323206e-13,optimal
q2_fixed_clustered,2025-06-18,0,clustered,144,0,0.0,9.094947017729282e-13,optimal
q2_fixed_clustered,2025-06-19,0,clustered,144,0,0.0,2.2737367544323206e-13,optimal
q2_fixed_clustered,2025-06-20,0,clustered,144,0,0.0,1.8189894035458565e-12,optimal
q2_fixed_clustered,2025-06-21,0,clustered,144,0,0.0,2.2737367544323206e-13,optimal
q2_fixed_clustered,2025-06-22,0,clustered,144,0,0.0,2.2737367544323206e-13,optimal
q2_fixed_clustered,2025-06-23,0,clustered,144,0,0.0,2.2737367544323206e-13,optimal
q2_fixed_clustered,2025-06-24,0,clustered,144,0,0.0,4.547473508864641e-13,optimal
q2_fixed_clustered,2025-06-25,0,clustered,144,0,0.0,2.2737367544323206e-13,optimal
q2_fixed_clustered,2025-06-26,0,clustered,144,0,0.0,2.2737367544323206e-13,optimal
q2_fixed_clustered,2025-06-27,0,clustered,144,0,0.0,2.2737367544323206e-13,optimal
q2_fixed_clustered,2025-06-28,0,clustered,144,0,0.0,2.2737367544323206e-13,optimal
q2_fixed_clustered,2025-06-29,0,clustered,144,0,0.0,2.2737367544323206e-13,optimal
q2_fixed_clustered,2025-06-30,0,clustered,144,0,0.0,2.2737367544323206e-13,optimal
q2_fixed_clustered,2025-07-01,0,clustered,144,0,0.0,4.547473508864641e-13,optimal
q2_fixed_clustered,2025-07-02,0,clustered,144,0,0.0,4.547473508864641e-13,optimal
q2_fixed_clustered,2025-07-03,0,clustered,144,0,0.0,2.2737367544323206e-13,optimal
q2_fixed_clustered,2025-07-04,0,clustered,144,0,0.0,4.547473508864641e-13,optimal
q2_fixed_clustered,2025-07-05,0,clustered,144,0,0.0,2.2737367544323206e-13,optimal
q2_fixed_clustered,2025-07-06,0,clustered,144,0,0.0,4.547473508864641e-13,optimal
q2_fixed_clustered,2025-07-07,0,clustered,144,0,0.0,4.547473508864641e-13,optimal
q2_fixed_clustered,2025-07-08,0,clustered,144,0,0.0,2.2737367544323206e-13,optimal
q2_fixed_clustered,2025-07-09,0,clustered,144,0,0.0,2.2737367544323206e-13,optimal
q2_fixed_clustered,2025-07-10,0,clustered,144,0,0.0,9.094947017729282e-13,optimal
q2_fixed_clustered,2025-07-11,0,clustered,144,0,0.0,2.2737367544323206e-13,optimal
q2_fixed_clustered,2025-07-12,0,clustered,144,0,0.0,2.2737367544323206e-13,optimal
q2_fixed_clustered,2025-07-13,0,clustered,144,0,0.0,4.547473508864641e-13,optimal
q2_fixed_clustered,2025-07-14,0,clustered,144,0,0.0,2.2737367544323206e-13,optimal
q2_fixed_clustered,2025-07-15,0,clustered,144,0,0.0,9.094947017729282e-13,optimal
q2_fixed_clustered,2025-07-16,0,clustered,144,0,0.0,4.547473508864641e-13,optimal
q2_fixed_clustered,2025-07-17,0,clustered,144,0,0.0,4.547473508864641e-13,optimal
q2_fixed_clustered,2025-07-18,0,clustered,144,0,0.0,2.2737367544323206e-13,optimal
q2_fixed_clustered,2025-07-19,0,clustered,144,0,0.0,1.8189894035458565e-12,optimal
q2_fixed_clustered,2025-07-20,0,clustered,144,0,0.0,4.547473508864641e-13,optimal
q2_fixed_clustered,2025-07-21,0,clustered,144,0,0.0,1.8189894035458565e-12,optimal
q2_fixed_clustered,2025-07-22,0,clustered,144,0,0.0,4.547473508864641e-13,optimal
q2_fixed_clustered,2025-07-23,0,clustered,144,0,0.0,1.8189894035458565e-12,optimal
q2_fixed_clustered,2025-07-24,0,clustered,144,0,0.0,4.547473508864641e-13,optimal
q2_fixed_clustered,2025-07-25,0,clustered,144,0,0.0,2.2737367544323206e-13,optimal
q2_fixed_clustered,2025-07-26,0,clustered,144,0,0.0,2.2737367544323206e-13,optimal
q2_fixed_clustered,2025-07-27,0,clustered,144,0,0.0,4.547473508864641e-13,optimal
q2_fixed_clustered,2025-07-28,0,clustered,144,0,0.0,1.8189894035458565e-12,optimal
q2_fixed_clustered,2025-07-29,0,clustered,144,0,0.0,9.094947017729282e-13,optimal
q2_fixed_clustered,2025-07-30,0,clustered,144,0,0.0,4.547473508864641e-13,optimal
q2_fixed_clustered,2025-07-31,0,clustered,144,0,0.0,1.8189894035458565e-12,optimal
q2_fixed_clustered,2025-08-01,0,clustered,144,0,0.0,2.2737367544323206e-13,optimal
q2_fixed_clustered,2025-08-02,0,clustered,144,0,0.0,4.547473508864641e-13,optimal
q2_fixed_clustered,2025-08-03,0,clustered,144,0,0.0,9.094947017729282e-13,optimal
q2_fixed_clustered,2025-08-04,0,clustered,144,0,0.0,1.8189894035458565e-12,optimal
q2_fixed_clustered,2025-08-05,0,clustered,144,0,0.0,2.2737367544323206e-13,optimal
q2_fixed_clustered,2025-08-06,0,clustered,144,0,0.0,2.2737367544323206e-13,optimal
q2_fixed_clustered,2025-08-07,0,clustered,144,0,0.0,9.094947017729282e-13,optimal
q2_fixed_clustered,2025-08-08,0,clustered,144,0,0.0,2.2737367544323206e-13,optimal
q2_fixed_clustered,2025-08-09,0,clustered,144,0,0.0,2.2737367544323206e-13,optimal
q2_fixed_clustered,2025-08-10,0,clustered,144,0,0.0,9.094947017729282e-13,optimal
q2_fixed_clustered,2025-08-11,0,clustered,144,0,0.0,4.547473508864641e-13,optimal
q2_fixed_clustered,2025-08-12,0,clustered,144,0,0.0,2.2737367544323206e-13,optimal
q2_fixed_clustered,2025-08-13,0,clustered,144,0,0.0,4.547473508864641e-13,optimal
q2_fixed_clustered,2025-08-14,0,clustered,144,0,0.0,4.547473508864641e-13,optimal
q2_fixed_clustered,2025-08-15,0,clustered,144,0,0.0,9.094947017729282e-13,optimal
q2_fixed_clustered,2025-08-16,0,clustered,144,0,0.0,2.2737367544323206e-13,optimal
q2_fixed_clustered,2025-08-17,0,clustered,144,0,0.0,9.094947017729282e-13,optimal
q2_fixed_clustered,2025-08-18,0,clustered,144,0,0.0,1.8189894035458565e-12,optimal
q2_fixed_clustered,2025-08-19,0,clustered,144,0,0.0,9.094947017729282e-13,optimal
q2_fixed_clustered,2025-08-20,0,clustered,144,0,0.0,4.547473508864641e-13,optimal
q2_fixed_clustered,2025-08-21,0,clustered,144,0,0.0,2.2737367544323206e-13,optimal
q2_fixed_clustered,2025-08-22,0,clustered,144,0,0.0,9.094947017729282e-13,optimal
q2_fixed_clustered,2025-08-23,0,clustered,144,0,0.0,2.2737367544323206e-13,optimal
q2_fixed_clustered,2025-08-24,0,clustered,144,0,0.0,9.094947017729282e-13,optimal
q2_fixed_clustered,2025-08-25,0,clustered,144,0,0.0,4.547473508864641e-13,optimal
q2_fixed_clustered,2025-08-26,0,clustered,144,0,0.0,2.2737367544323206e-13,optimal
q2_fixed_clustered,2025-08-27,0,clustered,144,0,0.0,4.547473508864641e-13,optimal
q2_fixed_clustered,2025-08-28,0,clustered,144,0,0.0,4.547473508864641e-13,optimal
q2_fixed_clustered,2025-08-29,0,clustered,144,0,0.0,1.8189894035458565e-12,optimal
q2_fixed_clustered,2025-08-30,0,clustered,144,0,0.0,9.094947017729282e-13,optimal
q2_fixed_clustered,2025-08-31,0,clustered,144,0,0.0,2.2737367544323206e-13,optimal
q2_fixed_clustered,2025-09-01,0,clustered,144,0,0.0,1.8189894035458565e-12,optimal
q2_fixed_clustered,2025-09-02,0,clustered,144,0,0.0,1.8189894035458565e-12,optimal
q2_fixed_clustered,2025-09-03,0,clustered,144,0,0.0,9.094947017729282e-13,optimal
q2_fixed_clustered,2025-09-04,0,clustered,144,0,0.0,9.094947017729282e-13,optimal
q2_fixed_clustered,2025-09-05,0,clustered,144,0,0.0,9.094947017729282e-13,optimal
q2_fixed_clustered,2025-09-06,0,clustered,144,0,0.0,2.2737367544323206e-13,optimal
q2_fixed_clustered,2025-09-07,0,clustered,144,0,0.0,1.8189894035458565e-12,optimal
q2_fixed_clustered,2025-09-08,0,clustered,144,0,0.0,1.8189894035458565e-12,optimal
q2_fixed_clustered,2025-09-09,0,clustered,144,0,0.0,2.7284841053187847e-12,optimal
q2_fixed_clustered,2025-09-10,0,clustered,144,0,0.0,9.094947017729282e-13,optimal
q2_fixed_clustered,2025-09-11,0,clustered,144,0,0.0,2.2737367544323206e-13,optimal
q2_fixed_clustered,2025-09-12,0,clustered,144,0,0.0,2.2737367544323206e-13,optimal
q2_fixed_clustered,2025-09-13,0,clustered,144,0,0.0,1.8189894035458565e-12,optimal
q2_fixed_clustered,2025-09-14,0,clustered,144,0,0.0,1.8189894035458565e-12,optimal
q2_fixed_clustered,2025-09-15,0,clustered,144,0,0.0,1.8189894035458565e-12,optimal
q2_fixed_clustered,2025-09-16,0,clustered,144,0,0.0,1.8189894035458565e-12,optimal
q2_fixed_clustered,2025-09-17,0,clustered,144,0,0.0,1.8189894035458565e-12,optimal
q2_fixed_clustered,2025-09-18,0,clustered,144,0,0.0,9.094947017729282e-13,optimal
q2_fixed_clustered,2025-09-19,0,clustered,144,0,0.0,1.8189894035458565e-12,optimal
q2_fixed_clustered,2025-09-20,0,clustered,144,0,0.0,1.8189894035458565e-12,optimal
q2_fixed_clustered,2025-09-21,0,clustered,144,0,0.0,4.547473508864641e-13,optimal
q2_fixed_clustered,2025-09-22,0,clustered,144,0,0.0,9.094947017729282e-13,optimal
q2_fixed_clustered,2025-09-23,0,clustered,144,0,0.0,2.2737367544323206e-13,optimal
q2_fixed_clustered,2025-09-24,0,clustered,144,0,0.0,1.8189894035458565e-12,optimal
q2_fixed_clustered,2025-09-25,0,clustered,144,0,0.0,9.094947017729282e-13,optimal
q2_fixed_clustered,2025-09-26,0,clustered,144,0,0.0,1.8189894035458565e-12,optimal
q2_fixed_clustered,2025-09-27,0,clustered,144,0,0.0,1.8189894035458565e-12,optimal
q2_fixed_clustered,2025-09-28,0,clustered,144,0,0.0,2.2737367544323206e-13,optimal
q2_fixed_clustered,2025-09-29,0,clustered,144,0,0.0,4.547473508864641e-13,optimal
q2_fixed_clustered,2025-09-30,0,clustered,144,0,0.0,2.2737367544323206e-13,optimal
q2_fixed_clustered,2025-10-01,0,clustered,144,0,0.0,4.547473508864641e-13,optimal
q2_fixed_clustered,2025-10-02,0,clustered,144,0,0.0,1.8189894035458565e-12,optimal
q2_fixed_clustered,2025-10-03,0,clustered,144,0,0.0,9.094947017729282e-13,optimal
q2_fixed_clustered,2025-10-04,0,clustered,144,0,0.0,9.094947017729282e-13,optimal
q2_fixed_clustered,2025-10-05,0,clustered,144,0,0.0,1.8189894035458565e-12,optimal
q2_fixed_clustered,2025-10-06,0,clustered,144,0,0.0,2.2737367544323206e-13,optimal
q2_fixed_clustered,2025-10-07,0,clustered,144,0,0.0,4.547473508864641e-13,optimal
q2_fixed_clustered,2025-10-08,0,clustered,144,0,0.0,4.547473508864641e-13,optimal
q2_fixed_clustered,2025-10-09,0,clustered,144,0,0.0,4.547473508864641e-13,optimal
q2_fixed_clustered,2025-10-10,0,clustered,144,0,0.0,9.094947017729282e-13,optimal
q2_fixed_clustered,2025-10-11,0,clustered,144,0,0.0,1.8189894035458565e-12,optimal
q2_fixed_clustered,2025-10-12,0,clustered,144,0,0.0,4.547473508864641e-13,optimal
q2_fixed_clustered,2025-10-13,0,clustered,144,0,0.0,1.1368683772161603e-13,optimal
q2_fixed_clustered,2025-10-14,0,clustered,144,0,0.0,1.8189894035458565e-12,optimal
q2_fixed_clustered,2025-10-15,0,clustered,144,0,0.0,1.8189894035458565e-12,optimal
q2_fixed_clustered,2025-10-16,0,clustered,144,0,0.0,9.094947017729282e-13,optimal
q2_fixed_clustered,2025-10-17,0,clustered,144,0,0.0,9.094947017729282e-13,optimal
q2_fixed_clustered,2025-10-18,0,clustered,144,0,0.0,4.547473508864641e-13,optimal
q2_fixed_clustered,2025-10-19,0,clustered,144,0,0.0,1.8189894035458565e-12,optimal
q2_fixed_clustered,2025-10-20,0,clustered,144,0,0.0,4.547473508864641e-13,optimal
q2_fixed_clustered,2025-10-21,0,clustered,144,0,0.0,1.8189894035458565e-12,optimal
q2_fixed_clustered,2025-10-22,0,clustered,144,0,0.0,9.094947017729282e-13,optimal
q2_fixed_clustered,2025-10-23,0,clustered,144,0,0.0,9.094947017729282e-13,optimal
q2_fixed_clustered,2025-10-24,0,clustered,144,0,0.0,1.8189894035458565e-12,optimal
q2_fixed_clustered,2025-10-25,0,clustered,144,0,0.0,9.094947017729282e-13,optimal
q2_fixed_clustered,2025-10-26,0,clustered,144,0,0.0,9.094947017729282e-13,optimal
q2_fixed_clustered,2025-10-27,0,clustered,144,0,0.0,9.094947017729282e-13,optimal
q2_fixed_clustered,2025-10-28,0,clustered,144,0,0.0,9.094947017729282e-13,optimal
q2_fixed_clustered,2025-10-29,0,clustered,144,0,0.0,4.547473508864641e-13,optimal
q2_fixed_clustered,2025-10-30,0,clustered,144,0,0.0,9.094947017729282e-13,optimal
q2_fixed_clustered,2025-10-31,0,clustered,144,0,0.0,9.094947017729282e-13,optimal
q2_fixed_clustered,2025-11-01,0,clustered,144,0,0.0,4.547473508864641e-13,optimal
q2_fixed_clustered,2025-11-02,0,clustered,144,0,0.0,2.2737367544323206e-13,optimal
q2_fixed_clustered,2025-11-03,0,clustered,144,0,0.0,2.2737367544323206e-13,optimal
q2_fixed_clustered,2025-11-04,0,clustered,144,0,0.0,9.094947017729282e-13,optimal
q2_fixed_clustered,2025-11-05,0,clustered,144,0,0.0,9.094947017729282e-13,optimal
q2_fixed_clustered,2025-11-06,0,clustered,144,0,0.0,9.094947017729282e-13,optimal
q2_fixed_clustered,2025-11-07,0,clustered,144,0,0.0,4.547473508864641e-13,optimal
q2_fixed_clustered,2025-11-08,0,clustered,144,0,0.0,9.094947017729282e-13,optimal
q2_fixed_clustered,2025-11-09,0,clustered,144,0,0.0,9.094947017729282e-13,optimal
q2_fixed_clustered,2025-11-10,0,clustered,144,0,0.0,4.547473508864641e-13,optimal
q2_fixed_clustered,2025-11-11,0,clustered,144,0,0.0,9.094947017729282e-13,optimal
q2_fixed_clustered,2025-11-12,0,clustered,144,0,0.0,9.094947017729282e-13,optimal
q2_fixed_clustered,2025-11-13,0,clustered,144,0,0.0,9.094947017729282e-13,optimal
q2_fixed_clustered,2025-11-14,0,clustered,144,0,0.0,1.1368683772161603e-13,optimal
q2_fixed_clustered,2025-11-15,0,clustered,144,0,0.0,9.094947017729282e-13,optimal
q2_fixed_clustered,2025-11-16,0,clustered,144,0,0.0,9.094947017729282e-13,optimal
q2_fixed_clustered,2025-11-17,0,clustered,144,0,0.0,4.547473508864641e-13,optimal
q2_fixed_clustered,2025-11-18,0,clustered,144,0,0.0,9.094947017729282e-13,optimal
q2_fixed_clustered,2025-11-19,0,clustered,144,0,0.0,9.094947017729282e-13,optimal
q2_fixed_clustered,2025-11-20,0,clustered,144,0,0.0,1.8189894035458565e-12,optimal
q2_fixed_clustered,2025-11-21,0,clustered,144,0,0.0,9.094947017729282e-13,optimal
q2_fixed_clustered,2025-11-22,0,clustered,144,0,0.0,9.094947017729282e-13,optimal
q2_fixed_clustered,2025-11-23,0,clustered,144,0,0.0,9.094947017729282e-13,optimal
q2_fixed_clustered,2025-11-24,0,clustered,144,0,0.0,9.094947017729282e-13,optimal
q2_fixed_clustered,2025-11-25,0,clustered,144,0,0.0,9.094947017729282e-13,optimal
q2_fixed_clustered,2025-11-26,0,clustered,144,0,0.0,9.094947017729282e-13,optimal
q2_fixed_clustered,2025-11-27,0,clustered,144,0,0.0,1.8189894035458565e-12,optimal
q2_fixed_clustered,2025-11-28,0,clustered,144,0,0.0,9.094947017729282e-13,optimal
q2_fixed_clustered,2025-11-29,0,clustered,144,0,0.0,9.094947017729282e-13,optimal
q2_fixed_clustered,2025-11-30,0,clustered,144,0,0.0,1.1368683772161603e-13,optimal
q2_fixed_clustered,2025-12-01,0,clustered,144,0,0.0,9.094947017729282e-13,optimal
q2_fixed_clustered,2025-12-02,0,clustered,144,0,0.0,9.094947017729282e-13,optimal
q2_fixed_clustered,2025-12-03,0,clustered,144,0,0.0,9.094947017729282e-13,optimal
q2_fixed_clustered,2025-12-04,0,clustered,144,0,0.0,9.094947017729282e-13,optimal
q2_fixed_clustered,2025-12-05,0,clustered,144,0,0.0,1.8189894035458565e-12,optimal
q2_fixed_clustered,2025-12-06,0,clustered,144,0,0.0,9.094947017729282e-13,optimal
q2_fixed_clustered,2025-12-07,0,clustered,144,0,0.0,9.094947017729282e-13,optimal
q2_fixed_clustered,2025-12-08,0,clustered,144,0,0.0,9.094947017729282e-13,optimal
q2_fixed_clustered,2025-12-09,0,clustered,144,0,0.0,4.547473508864641e-13,optimal
q2_fixed_clustered,2025-12-10,0,clustered,144,0,0.0,9.094947017729282e-13,optimal
q2_fixed_clustered,2025-12-11,0,clustered,144,0,0.0,1.8189894035458565e-12,optimal
q2_fixed_clustered,2025-12-12,0,clustered,144,0,0.0,9.094947017729282e-13,optimal
q2_fixed_clustered,2025-12-13,0,clustered,144,0,0.0,1.8189894035458565e-12,optimal
q2_fixed_clustered,2025-12-14,0,clustered,144,0,0.0,4.547473508864641e-13,optimal
q2_fixed_clustered,2025-12-15,0,clustered,144,0,0.0,1.8189894035458565e-12,optimal
q2_fixed_clustered,2025-12-16,0,clustered,144,0,0.0,4.547473508864641e-13,optimal
q2_fixed_clustered,2025-12-17,0,clustered,144,0,0.0,9.094947017729282e-13,optimal
q2_fixed_clustered,2025-12-18,0,clustered,144,0,0.0,1.8189894035458565e-12,optimal
q2_fixed_clustered,2025-12-19,0,clustered,144,0,0.0,4.547473508864641e-13,optimal
q2_fixed_clustered,2025-12-20,0,clustered,144,0,0.0,9.094947017729282e-13,optimal
q2_fixed_clustered,2025-12-21,0,clustered,144,0,0.0,9.094947017729282e-13,optimal
q2_fixed_clustered,2025-12-22,0,clustered,144,0,0.0,9.094947017729282e-13,optimal
q2_fixed_clustered,2025-12-23,0,clustered,144,0,0.0,1.8189894035458565e-12,optimal
q2_fixed_clustered,2025-12-24,0,clustered,144,0,0.0,1.8189894035458565e-12,optimal
q2_fixed_clustered,2025-12-25,0,clustered,144,0,0.0,1.8189894035458565e-12,optimal
q2_fixed_clustered,2025-12-26,0,clustered,144,0,0.0,9.094947017729282e-13,optimal
q2_fixed_clustered,2025-12-27,0,clustered,144,0,0.0,4.547473508864641e-13,optimal
q2_fixed_clustered,2025-12-28,0,clustered,144,0,0.0,1.8189894035458565e-12,optimal
q2_fixed_clustered,2025-12-29,0,clustered,144,0,0.0,4.547473508864641e-13,optimal
q2_fixed_clustered,2025-12-30,0,clustered,144,0,0.0,9.094947017729282e-13,optimal
q2_fixed_clustered,2025-12-31,0,clustered,144,0,0.0,9.094947017729282e-13,optimal
q3_fixed_clustered,2025-02-01,0,clustered,144,0,0.0,9.094947017729282e-13,optimal
q3_fixed_clustered,2025-02-01,6,clustered,108,0,0.0,1.8189894035458565e-12,optimal
q3_fixed_clustered,2025-02-01,12,clustered,72,0,0.0,1.8189894035458565e-12,optimal
q3_fixed_clustered,2025-02-01,18,clustered,36,0,0.0,9.094947017729282e-13,optimal
q3_fixed_clustered,2025-02-02,0,clustered,144,0,0.0,9.094947017729282e-13,optimal
q3_fixed_clustered,2025-02-02,6,clustered,108,0,0.0,1.8189894035458565e-12,optimal
q3_fixed_clustered,2025-02-02,12,clustered,72,0,0.0,9.094947017729282e-13,optimal
q3_fixed_clustered,2025-02-02,18,clustered,36,0,0.0,1.8189894035458565e-12,optimal
q3_fixed_clustered,2025-02-03,0,clustered,144,0,0.0,1.8189894035458565e-12,optimal
q3_fixed_clustered,2025-02-03,6,clustered,108,0,0.0,4.547473508864641e-13,optimal
q3_fixed_clustered,2025-02-03,12,clustered,72,0,0.0,4.547473508864641e-13,optimal
q3_fixed_clustered,2025-02-03,18,clustered,36,0,0.0,6.821210263296962e-13,optimal
q3_fixed_clustered,2025-02-04,0,clustered,144,0,0.0,1.8189894035458565e-12,optimal
q3_fixed_clustered,2025-02-04,6,clustered,108,0,0.0,1.8189894035458565e-12,optimal
q3_fixed_clustered,2025-02-04,12,clustered,72,0,0.0,9.094947017729282e-13,optimal
q3_fixed_clustered,2025-02-04,18,clustered,36,0,0.0,6.59383658785373e-12,optimal
q3_fixed_clustered,2025-02-05,0,clustered,144,0,0.0,1.8189894035458565e-12,optimal
q3_fixed_clustered,2025-02-05,6,clustered,108,0,0.0,1.1368683772161603e-12,optimal
q3_fixed_clustered,2025-02-05,12,clustered,72,0,0.0,1.8189894035458565e-12,optimal
q3_fixed_clustered,2025-02-05,18,clustered,36,0,0.0,1.8189894035458565e-12,optimal
q3_fixed_clustered,2025-02-06,0,clustered,144,0,0.0,1.8189894035458565e-12,optimal
q3_fixed_clustered,2025-02-06,6,clustered,108,0,0.0,9.094947017729282e-13,optimal
q3_fixed_clustered,2025-02-06,12,clustered,72,0,0.0,9.094947017729282e-13,optimal
q3_fixed_clustered,2025-02-06,18,clustered,36,0,0.0,1.3642420526593924e-12,optimal
q3_fixed_clustered,2025-02-07,0,clustered,144,0,0.0,9.094947017729282e-13,optimal
q3_fixed_clustered,2025-02-07,6,clustered,108,0,0.0,1.1368683772161603e-13,optimal
q3_fixed_clustered,2025-02-07,12,clustered,72,0,0.0,9.094947017729282e-13,optimal
q3_fixed_clustered,2025-02-07,18,clustered,36,0,0.0,6.821210263296962e-13,optimal
q3_fixed_clustered,2025-02-08,0,clustered,144,0,0.0,9.094947017729282e-13,optimal
q3_fixed_clustered,2025-02-08,6,clustered,108,0,0.0,1.8189894035458565e-12,optimal
q3_fixed_clustered,2025-02-08,12,clustered,72,0,0.0,9.094947017729282e-13,optimal
q3_fixed_clustered,2025-02-08,18,clustered,36,0,0.0,9.094947017729282e-13,optimal
q3_fixed_clustered,2025-02-09,0,clustered,144,0,0.0,9.094947017729282e-13,optimal
q3_fixed_clustered,2025-02-09,6,clustered,108,0,0.0,4.547473508864641e-13,optimal
q3_fixed_clustered,2025-02-09,12,clustered,72,0,0.0,4.547473508864641e-13,optimal
q3_fixed_clustered,2025-02-09,18,clustered,36,0,0.0,2.2737367544323206e-12,optimal
q3_fixed_clustered,2025-02-10,0,clustered,144,0,0.0,9.094947017729282e-13,optimal
q3_fixed_clustered,2025-02-10,6,clustered,108,0,0.0,9.094947017729282e-13,optimal
q3_fixed_clustered,2025-02-10,12,clustered,72,0,0.0,2.2737367544323206e-13,optimal
q3_fixed_clustered,2025-02-10,18,clustered,36,0,0.0,2.2737367544323206e-13,optimal
q3_fixed_clustered,2025-02-11,0,clustered,144,0,0.0,4.547473508864641e-13,optimal
q3_fixed_clustered,2025-02-11,6,clustered,108,0,0.0,9.094947017729282e-13,optimal
q3_fixed_clustered,2025-02-11,12,clustered,72,0,0.0,2.2737367544323206e-13,optimal
q3_fixed_clustered,2025-02-11,18,clustered,36,0,0.0,2.2737367544323206e-12,optimal
q3_fixed_clustered,2025-02-12,0,clustered,144,0,0.0,4.547473508864641e-13,optimal
q3_fixed_clustered,2025-02-12,6,clustered,108,0,0.0,1.8189894035458565e-12,optimal
q3_fixed_clustered,2025-02-12,12,clustered,72,0,0.0,2.2737367544323206e-13,optimal
q3_fixed_clustered,2025-02-12,18,clustered,36,0,0.0,9.094947017729282e-13,optimal
q3_fixed_clustered,2025-02-13,0,clustered,144,0,0.0,1.8189894035458565e-12,optimal
q3_fixed_clustered,2025-02-13,6,clustered,108,0,0.0,9.094947017729282e-13,optimal
q3_fixed_clustered,2025-02-13,12,clustered,72,0,0.0,2.2737367544323206e-13,optimal
q3_fixed_clustered,2025-02-13,18,clustered,36,0,0.0,9.094947017729282e-13,optimal
q3_fixed_clustered,2025-02-14,0,clustered,144,0,0.0,9.094947017729282e-13,optimal
q3_fixed_clustered,2025-02-14,6,clustered,108,0,0.0,1.8189894035458565e-12,optimal
q3_fixed_clustered,2025-02-14,12,clustered,72,0,0.0,9.094947017729282e-13,optimal
q3_fixed_clustered,2025-02-14,18,clustered,36,0,0.0,9.094947017729282e-13,optimal
q3_fixed_clustered,2025-02-15,0,clustered,144,0,0.0,9.094947017729282e-13,optimal
q3_fixed_clustered,2025-02-15,6,clustered,108,0,0.0,9.094947017729282e-13,optimal
q3_fixed_clustered,2025-02-15,12,clustered,72,0,0.0,2.2737367544323206e-13,optimal
q3_fixed_clustered,2025-02-15,18,clustered,36,0,0.0,6.821210263296962e-13,optimal
q3_fixed_clustered,2025-02-16,0,clustered,144,0,0.0,9.094947017729282e-13,optimal
q3_fixed_clustered,2025-02-16,6,clustered,108,0,0.0,1.8189894035458565e-12,optimal
q3_fixed_clustered,2025-02-16,12,clustered,72,0,0.0,1.8189894035458565e-12,optimal
q3_fixed_clustered,2025-02-16,18,clustered,36,0,0.0,1.8189894035458565e-12,optimal
q3_fixed_clustered,2025-02-17,0,clustered,144,0,0.0,9.094947017729282e-13,optimal
q3_fixed_clustered,2025-02-17,6,clustered,108,0,0.0,1.8189894035458565e-12,optimal
q3_fixed_clustered,2025-02-17,12,clustered,72,0,0.0,9.094947017729282e-13,optimal
q3_fixed_clustered,2025-02-17,18,clustered,36,0,0.0,1.8189894035458565e-12,optimal
q3_fixed_clustered,2025-02-18,0,clustered,144,0,0.0,9.094947017729282e-13,optimal
q3_fixed_clustered,2025-02-18,6,clustered,108,0,0.0,4.547473508864641e-13,optimal
q3_fixed_clustered,2025-02-18,12,clustered,72,0,0.0,2.2737367544323206e-13,optimal
q3_fixed_clustered,2025-02-18,18,clustered,36,0,0.0,2.2737367544323206e-12,optimal
q3_fixed_clustered,2025-02-19,0,clustered,144,0,0.0,1.8189894035458565e-12,optimal
q3_fixed_clustered,2025-02-19,6,clustered,108,0,0.0,9.094947017729282e-13,optimal
q3_fixed_clustered,2025-02-19,12,clustered,72,0,0.0,4.547473508864641e-13,optimal
q3_fixed_clustered,2025-02-19,18,clustered,36,0,0.0,9.094947017729282e-13,optimal
q3_fixed_clustered,2025-02-20,0,clustered,144,0,0.0,1.8189894035458565e-12,optimal
q3_fixed_clustered,2025-02-20,6,clustered,108,0,0.0,1.8189894035458565e-12,optimal
q3_fixed_clustered,2025-02-20,12,clustered,72,0,0.0,9.094947017729282e-13,optimal
q3_fixed_clustered,2025-02-20,18,clustered,36,0,0.0,2.7284841053187847e-12,optimal
q3_fixed_clustered,2025-02-21,0,clustered,144,0,0.0,9.094947017729282e-13,optimal
q3_fixed_clustered,2025-02-21,6,clustered,108,0,0.0,9.094947017729282e-13,optimal
q3_fixed_clustered,2025-02-21,12,clustered,72,0,0.0,9.094947017729282e-13,optimal
q3_fixed_clustered,2025-02-21,18,clustered,36,0,0.0,4.547473508864641e-13,optimal
q3_fixed_clustered,2025-02-22,0,clustered,144,0,0.0,9.094947017729282e-13,optimal
q3_fixed_clustered,2025-02-22,6,clustered,108,0,0.0,9.094947017729282e-13,optimal
q3_fixed_clustered,2025-02-22,12,clustered,72,0,0.0,1.1368683772161603e-13,optimal
q3_fixed_clustered,2025-02-22,18,clustered,36,0,0.0,1.1368683772161603e-12,optimal
q3_fixed_clustered,2025-02-23,0,clustered,144,0,0.0,9.094947017729282e-13,optimal
q3_fixed_clustered,2025-02-23,6,clustered,108,0,0.0,9.094947017729282e-13,optimal
q3_fixed_clustered,2025-02-23,12,clustered,72,0,0.0,9.094947017729282e-13,optimal
q3_fixed_clustered,2025-02-23,18,clustered,36,0,0.0,9.094947017729282e-13,optimal
q3_fixed_clustered,2025-02-24,0,clustered,144,0,0.0,1.8189894035458565e-12,optimal
q3_fixed_clustered,2025-02-24,6,clustered,108,0,0.0,1.5916157281026244e-12,optimal
q3_fixed_clustered,2025-02-24,12,clustered,72,0,0.0,1.1368683772161603e-12,optimal
q3_fixed_clustered,2025-02-24,18,clustered,36,0,0.0,2.5011104298755527e-12,optimal
q3_fixed_clustered,2025-02-25,0,clustered,144,0,0.0,9.094947017729282e-13,optimal
q3_fixed_clustered,2025-02-25,6,clustered,108,0,0.0,4.547473508864641e-13,optimal
q3_fixed_clustered,2025-02-25,12,clustered,72,0,0.0,4.547473508864641e-13,optimal
q3_fixed_clustered,2025-02-25,18,clustered,36,0,0.0,1.1368683772161603e-12,optimal
q3_fixed_clustered,2025-02-26,0,clustered,144,0,0.0,9.094947017729282e-13,optimal
q3_fixed_clustered,2025-02-26,6,clustered,108,0,0.0,2.0463630789890885e-12,optimal
q3_fixed_clustered,2025-02-26,12,clustered,72,0,0.0,9.094947017729282e-13,optimal
q3_fixed_clustered,2025-02-26,18,clustered,36,0,0.0,9.094947017729282e-13,optimal
q3_fixed_clustered,2025-02-27,0,clustered,144,0,0.0,9.094947017729282e-13,optimal
q3_fixed_clustered,2025-02-27,6,clustered,108,0,0.0,9.094947017729282e-13,optimal
q3_fixed_clustered,2025-02-27,12,clustered,72,0,0.0,4.547473508864641e-13,optimal
q3_fixed_clustered,2025-02-27,18,clustered,36,0,0.0,4.547473508864641e-13,optimal
q3_fixed_clustered,2025-02-28,0,clustered,144,0,0.0,1.8189894035458565e-12,optimal
q3_fixed_clustered,2025-02-28,6,clustered,108,0,0.0,9.094947017729282e-13,optimal
q3_fixed_clustered,2025-02-28,12,clustered,72,0,0.0,9.094947017729282e-13,optimal
q3_fixed_clustered,2025-02-28,18,clustered,36,0,0.0,6.821210263296962e-13,optimal
q3_fixed_clustered,2025-03-01,0,clustered,144,0,0.0,9.094947017729282e-13,optimal
q3_fixed_clustered,2025-03-01,6,clustered,108,0,0.0,4.547473508864641e-13,optimal
q3_fixed_clustered,2025-03-01,12,clustered,72,0,0.0,1.1368683772161603e-13,optimal
q3_fixed_clustered,2025-03-01,18,clustered,36,0,0.0,1.8189894035458565e-12,optimal
q3_fixed_clustered,2025-03-02,0,clustered,144,0,0.0,1.8189894035458565e-12,optimal
q3_fixed_clustered,2025-03-02,6,clustered,108,0,0.0,9.094947017729282e-13,optimal
q3_fixed_clustered,2025-03-02,12,clustered,72,0,0.0,1.8189894035458565e-12,optimal
q3_fixed_clustered,2025-03-02,18,clustered,36,0,0.0,1.3642420526593924e-12,optimal
q3_fixed_clustered,2025-03-03,0,clustered,144,0,0.0,1.8189894035458565e-12,optimal
q3_fixed_clustered,2025-03-03,6,clustered,108,0,0.0,9.094947017729282e-13,optimal
q3_fixed_clustered,2025-03-03,12,clustered,72,0,0.0,9.094947017729282e-13,optimal
q3_fixed_clustered,2025-03-03,18,clustered,36,0,0.0,3.637978807091713e-12,optimal
q3_fixed_clustered,2025-03-04,0,clustered,144,0,0.0,1.8189894035458565e-12,optimal
q3_fixed_clustered,2025-03-04,6,clustered,108,0,0.0,9.094947017729282e-13,optimal
q3_fixed_clustered,2025-03-04,12,clustered,72,0,0.0,3.183231456205249e-12,optimal
q3_fixed_clustered,2025-03-04,18,clustered,36,0,0.0,2.7284841053187847e-12,optimal
q3_fixed_clustered,2025-03-05,0,clustered,144,0,0.0,9.094947017729282e-13,optimal
q3_fixed_clustered,2025-03-05,6,clustered,108,0,0.0,2.2737367544323206e-13,optimal
q3_fixed_clustered,2025-03-05,12,clustered,72,0,0.0,9.094947017729282e-13,optimal
q3_fixed_clustered,2025-03-05,18,clustered,36,0,0.0,1.5916157281026244e-12,optimal
q3_fixed_clustered,2025-03-06,0,clustered,144,0,0.0,9.094947017729282e-13,optimal
q3_fixed_clustered,2025-03-06,6,clustered,108,0,0.0,4.547473508864641e-13,optimal
q3_fixed_clustered,2025-03-06,12,clustered,72,0,0.0,2.0463630789890885e-12,optimal
q3_fixed_clustered,2025-03-06,18,clustered,36,0,0.0,3.183231456205249e-12,optimal
q3_fixed_clustered,2025-03-07,0,clustered,144,0,0.0,9.094947017729282e-13,optimal
q3_fixed_clustered,2025-03-07,6,clustered,108,0,0.0,2.2737367544323206e-13,optimal
q3_fixed_clustered,2025-03-07,12,clustered,72,0,0.0,2.2737367544323206e-13,optimal
q3_fixed_clustered,2025-03-07,18,clustered,36,0,0.0,9.094947017729282e-13,optimal
q3_fixed_clustered,2025-03-08,0,clustered,144,0,0.0,1.8189894035458565e-12,optimal
q3_fixed_clustered,2025-03-08,6,clustered,108,0,0.0,1.3642420526593924e-12,optimal
q3_fixed_clustered,2025-03-08,12,clustered,72,0,0.0,1.1368683772161603e-12,optimal
q3_fixed_clustered,2025-03-08,18,clustered,36,0,0.0,1.3642420526593924e-12,optimal
q3_fixed_clustered,2025-03-09,0,clustered,144,0,0.0,4.547473508864641e-13,optimal
q3_fixed_clustered,2025-03-09,6,clustered,108,0,0.0,9.094947017729282e-13,optimal
q3_fixed_clustered,2025-03-09,12,clustered,72,0,0.0,9.094947017729282e-13,optimal
q3_fixed_clustered,2025-03-09,18,clustered,36,0,0.0,9.094947017729282e-13,optimal
q3_fixed_clustered,2025-03-10,0,clustered,144,0,0.0,1.8189894035458565e-12,optimal
q3_fixed_clustered,2025-03-10,6,clustered,108,0,0.0,9.094947017729282e-13,optimal
q3_fixed_clustered,2025-03-10,12,clustered,72,0,0.0,2.9558577807620168e-12,optimal
q3_fixed_clustered,2025-03-10,18,clustered,36,0,0.0,1.8189894035458565e-12,optimal
q3_fixed_clustered,2025-03-11,0,clustered,144,0,0.0,4.547473508864641e-13,optimal
q3_fixed_clustered,2025-03-11,6,clustered,108,0,0.0,9.094947017729282e-13,optimal
q3_fixed_clustered,2025-03-11,12,clustered,72,0,0.0,2.2737367544323206e-13,optimal
q3_fixed_clustered,2025-03-11,18,clustered,36,0,0.0,2.5011104298755527e-12,optimal
q3_fixed_clustered,2025-03-12,0,clustered,144,0,0.0,4.547473508864641e-13,optimal
q3_fixed_clustered,2025-03-12,6,clustered,108,0,0.0,1.1368683772161603e-12,optimal
q3_fixed_clustered,2025-03-12,12,clustered,72,0,0.0,5.6843418860808015e-12,optimal
q3_fixed_clustered,2025-03-12,18,clustered,36,0,0.0,9.094947017729282e-13,optimal
q3_fixed_clustered,2025-03-13,0,clustered,144,0,0.0,9.094947017729282e-13,optimal
q3_fixed_clustered,2025-03-13,6,clustered,108,0,0.0,4.547473508864641e-13,optimal
q3_fixed_clustered,2025-03-13,12,clustered,72,0,0.0,4.547473508864641e-13,optimal
q3_fixed_clustered,2025-03-13,18,clustered,36,0,0.0,9.094947017729282e-13,optimal
q3_fixed_clustered,2025-03-14,0,clustered,144,0,0.0,1.8189894035458565e-12,optimal
q3_fixed_clustered,2025-03-14,6,clustered,108,0,0.0,9.094947017729282e-13,optimal
q3_fixed_clustered,2025-03-14,12,clustered,72,0,0.0,4.547473508864641e-13,optimal
q3_fixed_clustered,2025-03-14,18,clustered,36,0,0.0,4.547473508864641e-13,optimal
q3_fixed_clustered,2025-03-15,0,clustered,144,0,0.0,9.094947017729282e-13,optimal
q3_fixed_clustered,2025-03-15,6,clustered,108,0,0.0,1.8189894035458565e-12,optimal
q3_fixed_clustered,2025-03-15,12,clustered,72,0,0.0,9.094947017729282e-13,optimal
q3_fixed_clustered,2025-03-15,18,clustered,36,0,0.0,9.094947017729282e-13,optimal
q3_fixed_clustered,2025-03-16,0,clustered,144,0,0.0,9.094947017729282e-13,optimal
q3_fixed_clustered,2025-03-16,6,clustered,108,0,0.0,1.8189894035458565e-12,optimal
q3_fixed_clustered,2025-03-16,12,clustered,72,0,0.0,9.094947017729282e-13,optimal
q3_fixed_clustered,2025-03-16,18,clustered,36,0,0.0,4.547473508864641e-13,optimal
q3_fixed_clustered,2025-03-17,0,clustered,144,0,0.0,9.094947017729282e-13,optimal
q3_fixed_clustered,2025-03-17,6,clustered,108,0,0.0,1.8189894035458565e-12,optimal
q3_fixed_clustered,2025-03-17,12,clustered,72,0,0.0,4.547473508864641e-13,optimal
q3_fixed_clustered,2025-03-17,18,clustered,36,0,0.0,1.8189894035458565e-12,optimal
q3_fixed_clustered,2025-03-18,0,clustered,144,0,0.0,4.547473508864641e-13,optimal
q3_fixed_clustered,2025-03-18,6,clustered,108,0,0.0,2.2737367544323206e-13,optimal
q3_fixed_clustered,2025-03-18,12,clustered,72,0,0.0,3.865352482534945e-12,optimal
q3_fixed_clustered,2025-03-18,18,clustered,36,0,0.0,2.0463630789890885e-12,optimal
q3_fixed_clustered,2025-03-19,0,clustered,144,0,0.0,4.547473508864641e-13,optimal
q3_fixed_clustered,2025-03-19,6,clustered,108,0,0.0,9.094947017729282e-13,optimal
q3_fixed_clustered,2025-03-19,12,clustered,72,0,0.0,9.094947017729282e-13,optimal
q3_fixed_clustered,2025-03-19,18,clustered,36,0,0.0,1.1368683772161603e-12,optimal
q3_fixed_clustered,2025-03-20,0,clustered,144,0,0.0,1.8189894035458565e-12,optimal
q3_fixed_clustered,2025-03-20,6,clustered,108,0,0.0,3.637978807091713e-12,optimal
q3_fixed_clustered,2025-03-20,12,clustered,72,0,0.0,4.547473508864641e-13,optimal
q3_fixed_clustered,2025-03-20,18,clustered,36,0,0.0,2.7284841053187847e-12,optimal
q3_fixed_clustered,2025-03-21,0,clustered,144,0,0.0,9.094947017729282e-13,optimal
q3_fixed_clustered,2025-03-21,6,clustered,108,0,0.0,1.8189894035458565e-12,optimal
q3_fixed_clustered,2025-03-21,12,clustered,72,0,0.0,1.5916157281026244e-12,optimal
q3_fixed_clustered,2025-03-21,18,clustered,36,0,0.0,1.8189894035458565e-12,optimal
q3_fixed_clustered,2025-03-22,0,clustered,144,0,0.0,9.094947017729282e-13,optimal
q3_fixed_clustered,2025-03-22,6,clustered,108,0,0.0,9.094947017729282e-13,optimal
q3_fixed_clustered,2025-03-22,12,clustered,72,0,0.0,1.3642420526593924e-12,optimal
q3_fixed_clustered,2025-03-22,18,clustered,36,0,0.0,1.1368683772161603e-13,optimal
q3_fixed_clustered,2025-03-23,0,clustered,144,0,0.0,9.094947017729282e-13,optimal
q3_fixed_clustered,2025-03-23,6,clustered,108,0,0.0,9.094947017729282e-13,optimal
q3_fixed_clustered,2025-03-23,12,clustered,72,0,0.0,9.094947017729282e-13,optimal
q3_fixed_clustered,2025-03-23,18,clustered,36,0,0.0,1.3642420526593924e-12,optimal
q3_fixed_clustered,2025-03-24,0,clustered,144,0,0.0,9.094947017729282e-13,optimal
q3_fixed_clustered,2025-03-24,6,clustered,108,0,0.0,2.2737367544323206e-13,optimal
q3_fixed_clustered,2025-03-24,12,clustered,72,0,0.0,1.3642420526593924e-12,optimal
q3_fixed_clustered,2025-03-24,18,clustered,36,0,0.0,2.5011104298755527e-12,optimal
q3_fixed_clustered,2025-03-25,0,clustered,144,0,0.0,9.094947017729282e-13,optimal
q3_fixed_clustered,2025-03-25,6,clustered,108,0,0.0,4.547473508864641e-13,optimal
q3_fixed_clustered,2025-03-25,12,clustered,72,0,0.0,2.2737367544323206e-12,optimal
q3_fixed_clustered,2025-03-25,18,clustered,36,0,0.0,2.7284841053187847e-12,optimal
q3_fixed_clustered,2025-03-26,0,clustered,144,0,0.0,9.094947017729282e-13,optimal
q3_fixed_clustered,2025-03-26,6,clustered,108,0,0.0,1.3642420526593924e-12,optimal
q3_fixed_clustered,2025-03-26,12,clustered,72,0,0.0,2.2737367544323206e-12,optimal
q3_fixed_clustered,2025-03-26,18,clustered,36,0,0.0,1.3642420526593924e-12,optimal
q3_fixed_clustered,2025-03-27,0,clustered,144,0,0.0,1.1368683772161603e-13,optimal
q3_fixed_clustered,2025-03-27,6,clustered,108,0,0.0,2.2737367544323206e-12,optimal
q3_fixed_clustered,2025-03-27,12,clustered,72,0,0.0,2.7284841053187847e-12,optimal
q3_fixed_clustered,2025-03-27,18,clustered,36,0,0.0,9.094947017729282e-13,optimal
q3_fixed_clustered,2025-03-28,0,clustered,144,0,0.0,1.8189894035458565e-12,optimal
q3_fixed_clustered,2025-03-28,6,clustered,108,0,0.0,9.094947017729282e-13,optimal
q3_fixed_clustered,2025-03-28,12,clustered,72,0,0.0,1.8189894035458565e-12,optimal
q3_fixed_clustered,2025-03-28,18,clustered,36,0,0.0,3.183231456205249e-12,optimal
q3_fixed_clustered,2025-03-29,0,clustered,144,0,0.0,9.094947017729282e-13,optimal
q3_fixed_clustered,2025-03-29,6,clustered,108,0,0.0,9.094947017729282e-13,optimal
q3_fixed_clustered,2025-03-29,12,clustered,72,0,0.0,9.094947017729282e-13,optimal
q3_fixed_clustered,2025-03-29,18,clustered,36,0,0.0,2.0463630789890885e-12,optimal
q3_fixed_clustered,2025-03-30,0,clustered,144,0,0.0,9.094947017729282e-13,optimal
q3_fixed_clustered,2025-03-30,6,clustered,108,0,0.0,9.094947017729282e-13,optimal
q3_fixed_clustered,2025-03-30,12,clustered,72,0,0.0,1.8189894035458565e-12,optimal
q3_fixed_clustered,2025-03-30,18,clustered,36,0,0.0,2.2737367544323206e-13,optimal
q3_fixed_clustered,2025-03-31,0,clustered,144,0,0.0,9.094947017729282e-13,optimal
q3_fixed_clustered,2025-03-31,6,clustered,108,0,0.0,9.094947017729282e-13,optimal
q3_fixed_clustered,2025-03-31,12,clustered,72,0,0.0,4.092726157978177e-12,optimal
q3_fixed_clustered,2025-03-31,18,clustered,36,0,0.0,4.547473508864641e-13,optimal
q3_fixed_clustered,2025-04-01,0,clustered,144,0,0.0,9.094947017729282e-13,optimal
q3_fixed_clustered,2025-04-01,6,clustered,108,0,0.0,9.094947017729282e-13,optimal
q3_fixed_clustered,2025-04-01,12,clustered,72,0,0.0,1.1368683772161603e-13,optimal
q3_fixed_clustered,2025-04-01,18,clustered,36,0,0.0,3.637978807091713e-12,optimal
q3_fixed_clustered,2025-04-02,0,clustered,144,0,0.0,2.2737367544323206e-13,optimal
q3_fixed_clustered,2025-04-02,6,clustered,108,0,0.0,9.094947017729282e-13,optimal
q3_fixed_clustered,2025-04-02,12,clustered,72,0,0.0,9.094947017729282e-13,optimal
q3_fixed_clustered,2025-04-02,18,clustered,36,0,0.0,9.094947017729282e-13,optimal
q3_fixed_clustered,2025-04-03,0,clustered,144,0,0.0,1.8189894035458565e-12,optimal
q3_fixed_clustered,2025-04-03,6,clustered,108,0,0.0,4.547473508864641e-13,optimal
q3_fixed_clustered,2025-04-03,12,clustered,72,0,0.0,2.2737367544323206e-13,optimal
q3_fixed_clustered,2025-04-03,18,clustered,36,0,0.0,3.865352482534945e-12,optimal
q3_fixed_clustered,2025-04-04,0,clustered,144,0,0.0,9.094947017729282e-13,optimal
q3_fixed_clustered,2025-04-04,6,clustered,108,0,0.0,9.094947017729282e-13,optimal
q3_fixed_clustered,2025-04-04,12,clustered,72,0,0.0,9.094947017729282e-13,optimal
q3_fixed_clustered,2025-04-04,18,clustered,36,0,0.0,9.094947017729282e-13,optimal
q3_fixed_clustered,2025-04-05,0,clustered,144,0,0.0,1.8189894035458565e-12,optimal
q3_fixed_clustered,2025-04-05,6,clustered,108,0,0.0,1.8189894035458565e-12,optimal
q3_fixed_clustered,2025-04-05,12,clustered,72,0,0.0,9.094947017729282e-13,optimal
q3_fixed_clustered,2025-04-05,18,clustered,36,0,0.0,2.2737367544323206e-12,optimal
q3_fixed_clustered,2025-04-06,0,clustered,144,0,0.0,9.094947017729282e-13,optimal
q3_fixed_clustered,2025-04-06,6,clustered,108,0,0.0,1.5916157281026244e-12,optimal
q3_fixed_clustered,2025-04-06,12,clustered,72,0,0.0,9.094947017729282e-13,optimal
q3_fixed_clustered,2025-04-06,18,clustered,36,0,0.0,9.094947017729282e-13,optimal
q3_fixed_clustered,2025-04-07,0,clustered,144,0,0.0,9.094947017729282e-13,optimal
q3_fixed_clustered,2025-04-07,6,clustered,108,0,0.0,4.547473508864641e-13,optimal
q3_fixed_clustered,2025-04-07,12,clustered,72,0,0.0,4.547473508864641e-13,optimal
q3_fixed_clustered,2025-04-07,18,clustered,36,0,0.0,4.547473508864641e-13,optimal
q3_fixed_clustered,2025-04-08,0,clustered,144,0,0.0,9.094947017729282e-13,optimal
q3_fixed_clustered,2025-04-08,6,clustered,108,0,0.0,9.094947017729282e-13,optimal
q3_fixed_clustered,2025-04-08,12,clustered,72,0,0.0,9.094947017729282e-13,optimal
q3_fixed_clustered,2025-04-08,18,clustered,36,0,0.0,9.094947017729282e-13,optimal
q3_fixed_clustered,2025-04-09,0,clustered,144,0,0.0,2.2737367544323206e-13,optimal
q3_fixed_clustered,2025-04-09,6,clustered,108,0,0.0,3.865352482534945e-12,optimal
q3_fixed_clustered,2025-04-09,12,clustered,72,0,0.0,3.410605131648481e-12,optimal
q3_fixed_clustered,2025-04-09,18,clustered,36,0,0.0,9.094947017729282e-13,optimal
q3_fixed_clustered,2025-04-10,0,clustered,144,0,0.0,9.094947017729282e-13,optimal
q3_fixed_clustered,2025-04-10,6,clustered,108,0,0.0,9.094947017729282e-13,optimal
q3_fixed_clustered,2025-04-10,12,clustered,72,0,0.0,2.0463630789890885e-12,optimal
q3_fixed_clustered,2025-04-10,18,clustered,36,0,0.0,2.7284841053187847e-12,optimal
q3_fixed_clustered,2025-04-11,0,clustered,144,0,0.0,2.2737367544323206e-13,optimal
q3_fixed_clustered,2025-04-11,6,clustered,108,0,0.0,5.6843418860808015e-12,optimal
q3_fixed_clustered,2025-04-11,12,clustered,72,0,0.0,4.547473508864641e-13,optimal
q3_fixed_clustered,2025-04-11,18,clustered,36,0,0.0,9.094947017729282e-13,optimal
q3_fixed_clustered,2025-04-12,0,clustered,144,0,0.0,4.547473508864641e-13,optimal
q3_fixed_clustered,2025-04-12,6,clustered,108,0,0.0,2.2737367544323206e-13,optimal
q3_fixed_clustered,2025-04-12,12,clustered,72,0,0.0,2.2737367544323206e-13,optimal
q3_fixed_clustered,2025-04-12,18,clustered,36,0,0.0,2.0463630789890885e-12,optimal
q3_fixed_clustered,2025-04-13,0,clustered,144,0,0.0,1.8189894035458565e-12,optimal
q3_fixed_clustered,2025-04-13,6,clustered,108,0,0.0,4.547473508864641e-13,optimal
q3_fixed_clustered,2025-04-13,12,clustered,72,0,0.0,2.7284841053187847e-12,optimal
q3_fixed_clustered,2025-04-13,18,clustered,36,0,0.0,1.5916157281026244e-12,optimal
q3_fixed_clustered,2025-04-14,0,clustered,144,0,0.0,4.547473508864641e-13,optimal
q3_fixed_clustered,2025-04-14,6,clustered,108,0,0.0,1.1368683772161603e-13,optimal
q3_fixed_clustered,2025-04-14,12,clustered,72,0,0.0,4.774847184307873e-12,optimal
q3_fixed_clustered,2025-04-14,18,clustered,36,0,0.0,6.821210263296962e-13,optimal
q3_fixed_clustered,2025-04-15,0,clustered,144,0,0.0,4.547473508864641e-13,optimal
q3_fixed_clustered,2025-04-15,6,clustered,108,0,0.0,9.094947017729282e-13,optimal
q3_fixed_clustered,2025-04-15,12,clustered,72,0,0.0,9.094947017729282e-13,optimal
q3_fixed_clustered,2025-04-15,18,clustered,36,0,0.0,9.094947017729282e-13,optimal
q3_fixed_clustered,2025-04-16,0,clustered,144,0,0.0,4.547473508864641e-13,optimal
q3_fixed_clustered,2025-04-16,6,clustered,108,0,0.0,9.094947017729282e-13,optimal
q3_fixed_clustered,2025-04-16,12,clustered,72,0,0.0,9.094947017729282e-13,optimal
q3_fixed_clustered,2025-04-16,18,clustered,36,0,0.0,9.094947017729282e-13,optimal
q3_fixed_clustered,2025-04-17,0,clustered,144,0,0.0,9.094947017729282e-13,optimal
q3_fixed_clustered,2025-04-17,6,clustered,108,0,0.0,9.094947017729282e-13,optimal
q3_fixed_clustered,2025-04-17,12,clustered,72,0,0.0,1.5916157281026244e-12,optimal
q3_fixed_clustered,2025-04-17,18,clustered,36,0,0.0,2.5011104298755527e-12,optimal
q3_fixed_clustered,2025-04-18,0,clustered,144,0,0.0,2.2737367544323206e-13,optimal
q3_fixed_clustered,2025-04-18,6,clustered,108,0,0.0,1.8189894035458565e-12,optimal
q3_fixed_clustered,2025-04-18,12,clustered,72,0,0.0,1.1368683772161603e-12,optimal
q3_fixed_clustered,2025-04-18,18,clustered,36,0,0.0,4.547473508864641e-13,optimal
q3_fixed_clustered,2025-04-19,0,clustered,144,0,0.0,9.094947017729282e-13,optimal
q3_fixed_clustered,2025-04-19,6,clustered,108,0,0.0,7.958078640513122e-12,optimal
q3_fixed_clustered,2025-04-19,12,clustered,72,0,0.0,2.0463630789890885e-12,optimal
q3_fixed_clustered,2025-04-19,18,clustered,36,0,0.0,1.8189894035458565e-12,optimal
q3_fixed_clustered,2025-04-20,0,clustered,144,0,0.0,1.8189894035458565e-12,optimal
q3_fixed_clustered,2025-04-20,6,clustered,108,0,0.0,9.094947017729282e-13,optimal
q3_fixed_clustered,2025-04-20,12,clustered,72,0,0.0,2.2737367544323206e-13,optimal
q3_fixed_clustered,2025-04-20,18,clustered,36,0,0.0,2.0463630789890885e-12,optimal
q3_fixed_clustered,2025-04-21,0,clustered,144,0,0.0,1.8189894035458565e-12,optimal
q3_fixed_clustered,2025-04-21,6,clustered,108,0,0.0,9.094947017729282e-13,optimal
q3_fixed_clustered,2025-04-21,12,clustered,72,0,0.0,1.8189894035458565e-12,optimal
q3_fixed_clustered,2025-04-21,18,clustered,36,0,0.0,6.821210263296962e-13,optimal
q3_fixed_clustered,2025-04-22,0,clustered,144,0,0.0,2.2737367544323206e-13,optimal
q3_fixed_clustered,2025-04-22,6,clustered,108,0,0.0,9.094947017729282e-13,optimal
q3_fixed_clustered,2025-04-22,12,clustered,72,0,0.0,1.1368683772161603e-13,optimal
q3_fixed_clustered,2025-04-22,18,clustered,36,0,0.0,1.5916157281026244e-12,optimal
q3_fixed_clustered,2025-04-23,0,clustered,144,0,0.0,1.8189894035458565e-12,optimal
q3_fixed_clustered,2025-04-23,6,clustered,108,0,0.0,2.7284841053187847e-12,optimal
q3_fixed_clustered,2025-04-23,12,clustered,72,0,0.0,2.5011104298755527e-12,optimal
q3_fixed_clustered,2025-04-23,18,clustered,36,0,0.0,1.1368683772161603e-12,optimal
q3_fixed_clustered,2025-04-24,0,clustered,144,0,0.0,4.547473508864641e-13,optimal
q3_fixed_clustered,2025-04-24,6,clustered,108,0,0.0,1.8189894035458565e-12,optimal
q3_fixed_clustered,2025-04-24,12,clustered,72,0,0.0,1.8189894035458565e-12,optimal
q3_fixed_clustered,2025-04-24,18,clustered,36,0,0.0,2.5011104298755527e-12,optimal
q3_fixed_clustered,2025-04-25,0,clustered,144,0,0.0,4.547473508864641e-13,optimal
q3_fixed_clustered,2025-04-25,6,clustered,108,0,0.0,9.094947017729282e-13,optimal
q3_fixed_clustered,2025-04-25,12,clustered,72,0,0.0,1.3642420526593924e-12,optimal
q3_fixed_clustered,2025-04-25,18,clustered,36,0,0.0,1.7053025658242404e-12,optimal
q3_fixed_clustered,2025-04-26,0,clustered,144,0,0.0,4.547473508864641e-13,optimal
q3_fixed_clustered,2025-04-26,6,clustered,108,0,0.0,1.8189894035458565e-12,optimal
q3_fixed_clustered,2025-04-26,12,clustered,72,0,0.0,2.6147972675971687e-12,optimal
q3_fixed_clustered,2025-04-26,18,clustered,36,0,0.0,5.002220859751105e-12,optimal
q3_fixed_clustered,2025-04-27,0,clustered,144,0,0.0,9.094947017729282e-13,optimal
q3_fixed_clustered,2025-04-27,6,clustered,108,0,0.0,4.547473508864641e-13,optimal
q3_fixed_clustered,2025-04-27,12,clustered,72,0,0.0,4.547473508864641e-13,optimal
q3_fixed_clustered,2025-04-27,18,clustered,36,0,0.0,3.410605131648481e-12,optimal
q3_fixed_clustered,2025-04-28,0,clustered,144,0,0.0,9.094947017729282e-13,optimal
q3_fixed_clustered,2025-04-28,6,clustered,108,0,0.0,4.547473508864641e-13,optimal
q3_fixed_clustered,2025-04-28,12,clustered,72,0,0.0,2.7284841053187847e-12,optimal
q3_fixed_clustered,2025-04-28,18,clustered,36,0,0.0,1.8189894035458565e-12,optimal
q3_fixed_clustered,2025-04-29,0,clustered,144,0,0.0,9.094947017729282e-13,optimal
q3_fixed_clustered,2025-04-29,6,clustered,108,0,0.0,3.410605131648481e-12,optimal
q3_fixed_clustered,2025-04-29,12,clustered,72,0,0.0,5.229594535194337e-12,optimal
q3_fixed_clustered,2025-04-29,18,clustered,36,0,0.0,9.094947017729282e-13,optimal
q3_fixed_clustered,2025-04-30,0,clustered,144,0,0.0,9.094947017729282e-13,optimal
q3_fixed_clustered,2025-04-30,6,clustered,108,0,0.0,1.8189894035458565e-12,optimal
q3_fixed_clustered,2025-04-30,12,clustered,72,0,0.0,6.821210263296962e-13,optimal
q3_fixed_clustered,2025-04-30,18,clustered,36,0,0.0,9.094947017729282e-13,optimal
q3_fixed_clustered,2025-05-01,0,clustered,144,0,0.0,9.094947017729282e-13,optimal
q3_fixed_clustered,2025-05-01,6,clustered,108,0,0.0,3.183231456205249e-12,optimal
q3_fixed_clustered,2025-05-01,12,clustered,72,0,0.0,2.0463630789890885e-12,optimal
q3_fixed_clustered,2025-05-01,18,clustered,36,0,0.0,9.094947017729282e-13,optimal
q3_fixed_clustered,2025-05-02,0,clustered,144,0,0.0,1.8189894035458565e-12,optimal
q3_fixed_clustered,2025-05-02,6,clustered,108,0,0.0,9.094947017729282e-13,optimal
q3_fixed_clustered,2025-05-02,12,clustered,72,0,0.0,1.1368683772161603e-12,optimal
q3_fixed_clustered,2025-05-02,18,clustered,36,0,0.0,4.547473508864641e-13,optimal
q3_fixed_clustered,2025-05-03,0,clustered,144,0,0.0,9.094947017729282e-13,optimal
q3_fixed_clustered,2025-05-03,6,clustered,108,0,0.0,1.8189894035458565e-12,optimal
q3_fixed_clustered,2025-05-03,12,clustered,72,0,0.0,3.865352482534945e-12,optimal
q3_fixed_clustered,2025-05-03,18,clustered,36,0,0.0,3.410605131648481e-13,optimal
q3_fixed_clustered,2025-05-04,0,clustered,144,0,0.0,2.7284841053187847e-12,optimal
q3_fixed_clustered,2025-05-04,6,clustered,108,0,0.0,9.094947017729282e-13,optimal
q3_fixed_clustered,2025-05-04,12,clustered,72,0,0.0,4.092726157978177e-12,optimal
q3_fixed_clustered,2025-05-04,18,clustered,36,0,0.0,1.5916157281026244e-12,optimal
q3_fixed_clustered,2025-05-05,0,clustered,144,0,0.0,9.094947017729282e-13,optimal
q3_fixed_clustered,2025-05-05,6,clustered,108,0,0.0,9.094947017729282e-13,optimal
q3_fixed_clustered,2025-05-05,12,clustered,72,0,0.0,4.547473508864641e-13,optimal
q3_fixed_clustered,2025-05-05,18,clustered,36,0,0.0,2.2737367544323206e-13,optimal
q3_fixed_clustered,2025-05-06,0,clustered,144,0,0.0,9.094947017729282e-13,optimal
q3_fixed_clustered,2025-05-06,6,clustered,108,0,0.0,2.2737367544323206e-13,optimal
q3_fixed_clustered,2025-05-06,12,clustered,72,0,0.0,1.8189894035458565e-12,optimal
q3_fixed_clustered,2025-05-06,18,clustered,36,0,0.0,1.3642420526593924e-12,optimal
q3_fixed_clustered,2025-05-07,0,clustered,144,0,0.0,1.8189894035458565e-12,optimal
q3_fixed_clustered,2025-05-07,6,clustered,108,0,0.0,1.8189894035458565e-12,optimal
q3_fixed_clustered,2025-05-07,12,clustered,72,0,0.0,5.4569682106375694e-12,optimal
q3_fixed_clustered,2025-05-07,18,clustered,36,0,0.0,4.547473508864641e-13,optimal
q3_fixed_clustered,2025-05-08,0,clustered,144,0,0.0,9.094947017729282e-13,optimal
q3_fixed_clustered,2025-05-08,6,clustered,108,0,0.0,4.547473508864641e-13,optimal
q3_fixed_clustered,2025-05-08,12,clustered,72,0,0.0,1.5916157281026244e-12,optimal
q3_fixed_clustered,2025-05-08,18,clustered,36,0,0.0,9.094947017729282e-13,optimal
q3_fixed_clustered,2025-05-09,0,clustered,144,0,0.0,9.094947017729282e-13,optimal
q3_fixed_clustered,2025-05-09,6,clustered,108,0,0.0,4.547473508864641e-13,optimal
q3_fixed_clustered,2025-05-09,12,clustered,72,0,0.0,6.821210263296962e-13,optimal
q3_fixed_clustered,2025-05-09,18,clustered,36,0,0.0,1.1368683772161603e-13,optimal
q3_fixed_clustered,2025-05-10,0,clustered,144,0,0.0,9.094947017729282e-13,optimal
q3_fixed_clustered,2025-05-10,6,clustered,108,0,0.0,1.8189894035458565e-12,optimal
q3_fixed_clustered,2025-05-10,12,clustered,72,0,0.0,9.094947017729282e-13,optimal
q3_fixed_clustered,2025-05-10,18,clustered,36,0,0.0,4.547473508864641e-13,optimal
q3_fixed_clustered,2025-05-11,0,clustered,144,0,0.0,1.8189894035458565e-12,optimal
q3_fixed_clustered,2025-05-11,6,clustered,108,0,0.0,2.2737367544323206e-13,optimal
q3_fixed_clustered,2025-05-11,12,clustered,72,0,0.0,2.0463630789890885e-12,optimal
q3_fixed_clustered,2025-05-11,18,clustered,36,0,0.0,1.3642420526593924e-12,optimal
q3_fixed_clustered,2025-05-12,0,clustered,144,0,0.0,4.547473508864641e-13,optimal
q3_fixed_clustered,2025-05-12,6,clustered,108,0,0.0,9.094947017729282e-13,optimal
q3_fixed_clustered,2025-05-12,12,clustered,72,0,0.0,2.6147972675971687e-12,optimal
q3_fixed_clustered,2025-05-12,18,clustered,36,0,0.0,1.8189894035458565e-12,optimal
q3_fixed_clustered,2025-05-13,0,clustered,144,0,0.0,9.094947017729282e-13,optimal
q3_fixed_clustered,2025-05-13,6,clustered,108,0,0.0,9.094947017729282e-13,optimal
q3_fixed_clustered,2025-05-13,12,clustered,72,0,0.0,1.8189894035458565e-12,optimal
q3_fixed_clustered,2025-05-13,18,clustered,36,0,0.0,9.094947017729282e-13,optimal
q3_fixed_clustered,2025-05-14,0,clustered,144,0,0.0,2.7284841053187847e-12,optimal
q3_fixed_clustered,2025-05-14,6,clustered,108,0,0.0,9.094947017729282e-13,optimal
q3_fixed_clustered,2025-05-14,12,clustered,72,0,0.0,4.547473508864641e-13,optimal
q3_fixed_clustered,2025-05-14,18,clustered,36,0,0.0,5.115907697472721e-12,optimal
q3_fixed_clustered,2025-05-15,0,clustered,144,0,0.0,9.094947017729282e-13,optimal
q3_fixed_clustered,2025-05-15,6,clustered,108,0,0.0,9.094947017729282e-13,optimal
q3_fixed_clustered,2025-05-15,12,clustered,72,0,0.0,9.094947017729282e-13,optimal
q3_fixed_clustered,2025-05-15,18,clustered,36,0,0.0,1.2505552149377763e-12,optimal
q3_fixed_clustered,2025-05-16,0,clustered,144,0,0.0,9.094947017729282e-13,optimal
q3_fixed_clustered,2025-05-16,6,clustered,108,0,0.0,2.2737367544323206e-13,optimal
q3_fixed_clustered,2025-05-16,12,clustered,72,0,0.0,4.547473508864641e-13,optimal
q3_fixed_clustered,2025-05-16,18,clustered,36,0,0.0,2.2737367544323206e-12,optimal
q3_fixed_clustered,2025-05-17,0,clustered,144,0,0.0,4.547473508864641e-13,optimal
q3_fixed_clustered,2025-05-17,6,clustered,108,0,0.0,9.094947017729282e-13,optimal
q3_fixed_clustered,2025-05-17,12,clustered,72,0,0.0,1.8189894035458565e-12,optimal
q3_fixed_clustered,2025-05-17,18,clustered,36,0,0.0,1.5916157281026244e-12,optimal
q3_fixed_clustered,2025-05-18,0,clustered,144,0,0.0,9.094947017729282e-13,optimal
q3_fixed_clustered,2025-05-18,6,clustered,108,0,0.0,1.8189894035458565e-12,optimal
q3_fixed_clustered,2025-05-18,12,clustered,72,0,0.0,9.094947017729282e-13,optimal
q3_fixed_clustered,2025-05-18,18,clustered,36,0,0.0,1.8189894035458565e-12,optimal
q3_fixed_clustered,2025-05-19,0,clustered,144,0,0.0,1.8189894035458565e-12,optimal
q3_fixed_clustered,2025-05-19,6,clustered,108,0,0.0,1.8189894035458565e-12,optimal
q3_fixed_clustered,2025-05-19,12,clustered,72,0,0.0,4.547473508864641e-13,optimal
q3_fixed_clustered,2025-05-19,18,clustered,36,0,0.0,1.8189894035458565e-12,optimal
q3_fixed_clustered,2025-05-20,0,clustered,144,0,0.0,3.637978807091713e-12,optimal
q3_fixed_clustered,2025-05-20,6,clustered,108,0,0.0,9.094947017729282e-13,optimal
q3_fixed_clustered,2025-05-20,12,clustered,72,0,0.0,4.547473508864641e-13,optimal
q3_fixed_clustered,2025-05-20,18,clustered,36,0,0.0,9.094947017729282e-13,optimal
q3_fixed_clustered,2025-05-21,0,clustered,144,0,0.0,2.2737367544323206e-13,optimal
q3_fixed_clustered,2025-05-21,6,clustered,108,0,0.0,4.547473508864641e-13,optimal
q3_fixed_clustered,2025-05-21,12,clustered,72,0,0.0,1.8189894035458565e-12,optimal
q3_fixed_clustered,2025-05-21,18,clustered,36,0,0.0,2.2737367544323206e-12,optimal
q3_fixed_clustered,2025-05-22,0,clustered,144,0,0.0,9.094947017729282e-13,optimal
q3_fixed_clustered,2025-05-22,6,clustered,108,0,0.0,9.094947017729282e-13,optimal
q3_fixed_clustered,2025-05-22,12,clustered,72,0,0.0,4.547473508864641e-13,optimal
q3_fixed_clustered,2025-05-22,18,clustered,36,0,0.0,2.5011104298755527e-12,optimal
q3_fixed_clustered,2025-05-23,0,clustered,144,0,0.0,1.8189894035458565e-12,optimal
q3_fixed_clustered,2025-05-23,6,clustered,108,0,0.0,1.1368683772161603e-12,optimal
q3_fixed_clustered,2025-05-23,12,clustered,72,0,0.0,9.094947017729282e-13,optimal
q3_fixed_clustered,2025-05-23,18,clustered,36,0,0.0,2.0463630789890885e-12,optimal
q3_fixed_clustered,2025-05-24,0,clustered,144,0,0.0,1.8189894035458565e-12,optimal
q3_fixed_clustered,2025-05-24,6,clustered,108,0,0.0,9.094947017729282e-13,optimal
q3_fixed_clustered,2025-05-24,12,clustered,72,0,0.0,9.094947017729282e-13,optimal
q3_fixed_clustered,2025-05-24,18,clustered,36,0,0.0,1.1368683772161603e-12,optimal
q3_fixed_clustered,2025-05-25,0,clustered,144,0,0.0,1.8189894035458565e-12,optimal
q3_fixed_clustered,2025-05-25,6,clustered,108,0,0.0,1.1368683772161603e-12,optimal
q3_fixed_clustered,2025-05-25,12,clustered,72,0,0.0,9.094947017729282e-13,optimal
q3_fixed_clustered,2025-05-25,18,clustered,36,0,0.0,1.3642420526593924e-12,optimal
q3_fixed_clustered,2025-05-26,0,clustered,144,0,0.0,4.547473508864641e-13,optimal
q3_fixed_clustered,2025-05-26,6,clustered,108,0,0.0,9.094947017729282e-13,optimal
q3_fixed_clustered,2025-05-26,12,clustered,72,0,0.0,9.094947017729282e-13,optimal
q3_fixed_clustered,2025-05-26,18,clustered,36,0,0.0,4.547473508864641e-13,optimal
q3_fixed_clustered,2025-05-27,0,clustered,144,0,0.0,9.094947017729282e-13,optimal
q3_fixed_clustered,2025-05-27,6,clustered,108,0,0.0,1.8189894035458565e-12,optimal
q3_fixed_clustered,2025-05-27,12,clustered,72,0,0.0,1.5916157281026244e-12,optimal
q3_fixed_clustered,2025-05-27,18,clustered,36,0,0.0,2.2737367544323206e-13,optimal
q3_fixed_clustered,2025-05-28,0,clustered,144,0,0.0,9.094947017729282e-13,optimal
q3_fixed_clustered,2025-05-28,6,clustered,108,0,0.0,9.094947017729282e-13,optimal
q3_fixed_clustered,2025-05-28,12,clustered,72,0,0.0,8.86757334228605e-12,optimal
q3_fixed_clustered,2025-05-28,18,clustered,36,0,0.0,2.7284841053187847e-12,optimal
q3_fixed_clustered,2025-05-29,0,clustered,144,0,0.0,9.094947017729282e-13,optimal
q3_fixed_clustered,2025-05-29,6,clustered,108,0,0.0,2.2737367544323206e-13,optimal
q3_fixed_clustered,2025-05-29,12,clustered,72,0,0.0,3.183231456205249e-12,optimal
q3_fixed_clustered,2025-05-29,18,clustered,36,0,0.0,3.410605131648481e-12,optimal
q3_fixed_clustered,2025-05-30,0,clustered,144,0,0.0,1.8189894035458565e-12,optimal
q3_fixed_clustered,2025-05-30,6,clustered,108,0,0.0,9.094947017729282e-13,optimal
q3_fixed_clustered,2025-05-30,12,clustered,72,0,0.0,3.183231456205249e-12,optimal
q3_fixed_clustered,2025-05-30,18,clustered,36,0,0.0,9.094947017729282e-13,optimal
q3_fixed_clustered,2025-05-31,0,clustered,144,0,0.0,1.8189894035458565e-12,optimal
q3_fixed_clustered,2025-05-31,6,clustered,108,0,0.0,4.547473508864641e-13,optimal
q3_fixed_clustered,2025-05-31,12,clustered,72,0,0.0,1.1368683772161603e-12,optimal
q3_fixed_clustered,2025-05-31,18,clustered,36,0,0.0,9.094947017729282e-13,optimal
q3_fixed_clustered,2025-06-01,0,clustered,144,0,0.0,2.2737367544323206e-13,optimal
q3_fixed_clustered,2025-06-01,6,clustered,108,0,0.0,4.547473508864641e-13,optimal
q3_fixed_clustered,2025-06-01,12,clustered,72,0,0.0,1.1368683772161603e-13,optimal
q3_fixed_clustered,2025-06-01,18,clustered,36,0,0.0,3.183231456205249e-12,optimal
q3_fixed_clustered,2025-06-02,0,clustered,144,0,0.0,4.547473508864641e-13,optimal
q3_fixed_clustered,2025-06-02,6,clustered,108,0,0.0,1.8189894035458565e-12,optimal
q3_fixed_clustered,2025-06-02,12,clustered,72,0,0.0,1.8189894035458565e-12,optimal
q3_fixed_clustered,2025-06-02,18,clustered,36,0,0.0,1.5916157281026244e-12,optimal
q3_fixed_clustered,2025-06-03,0,clustered,144,0,0.0,2.2737367544323206e-13,optimal
q3_fixed_clustered,2025-06-03,6,clustered,108,0,0.0,4.547473508864641e-13,optimal
q3_fixed_clustered,2025-06-03,12,clustered,72,0,0.0,2.2737367544323206e-12,optimal
q3_fixed_clustered,2025-06-03,18,clustered,36,0,0.0,1.1368683772161603e-12,optimal
q3_fixed_clustered,2025-06-04,0,clustered,144,0,0.0,4.547473508864641e-13,optimal
q3_fixed_clustered,2025-06-04,6,clustered,108,0,0.0,1.8189894035458565e-12,optimal
q3_fixed_clustered,2025-06-04,12,clustered,72,0,0.0,1.1368683772161603e-13,optimal
q3_fixed_clustered,2025-06-04,18,clustered,36,0,0.0,2.2737367544323206e-12,optimal
q3_fixed_clustered,2025-06-05,0,clustered,144,0,0.0,1.8189894035458565e-12,optimal
q3_fixed_clustered,2025-06-05,6,clustered,108,0,0.0,2.2737367544323206e-13,optimal
q3_fixed_clustered,2025-06-05,12,clustered,72,0,0.0,1.8189894035458565e-12,optimal
q3_fixed_clustered,2025-06-05,18,clustered,36,0,0.0,2.5011104298755527e-12,optimal
q3_fixed_clustered,2025-06-06,0,clustered,144,0,0.0,9.094947017729282e-13,optimal
q3_fixed_clustered,2025-06-06,6,clustered,108,0,0.0,9.094947017729282e-13,optimal
q3_fixed_clustered,2025-06-06,12,clustered,72,0,0.0,1.1368683772161603e-13,optimal
q3_fixed_clustered,2025-06-06,18,clustered,36,0,0.0,1.1368683772161603e-13,optimal
q3_fixed_clustered,2025-06-07,0,clustered,144,0,0.0,9.094947017729282e-13,optimal
q3_fixed_clustered,2025-06-07,6,clustered,108,0,0.0,4.547473508864641e-13,optimal
q3_fixed_clustered,2025-06-07,12,clustered,72,0,0.0,1.8189894035458565e-12,optimal
q3_fixed_clustered,2025-06-07,18,clustered,36,0,0.0,2.5011104298755527e-12,optimal
q3_fixed_clustered,2025-06-08,0,clustered,144,0,0.0,9.094947017729282e-13,optimal
q3_fixed_clustered,2025-06-08,6,clustered,108,0,0.0,2.2737367544323206e-13,optimal
q3_fixed_clustered,2025-06-08,12,clustered,72,0,0.0,2.2737367544323206e-12,optimal
q3_fixed_clustered,2025-06-08,18,clustered,36,0,0.0,9.094947017729282e-13,optimal
q3_fixed_clustered,2025-06-09,0,clustered,144,0,0.0,1.8189894035458565e-12,optimal
q3_fixed_clustered,2025-06-09,6,clustered,108,0,0.0,2.2737367544323206e-13,optimal
q3_fixed_clustered,2025-06-09,12,clustered,72,0,0.0,3.637978807091713e-12,optimal
q3_fixed_clustered,2025-06-09,18,clustered,36,0,0.0,1.3642420526593924e-12,optimal
q3_fixed_clustered,2025-06-10,0,clustered,144,0,0.0,2.2737367544323206e-13,optimal
q3_fixed_clustered,2025-06-10,6,clustered,108,0,0.0,1.8189894035458565e-12,optimal
q3_fixed_clustered,2025-06-10,12,clustered,72,0,0.0,2.2737367544323206e-13,optimal
q3_fixed_clustered,2025-06-10,18,clustered,36,0,0.0,2.2737367544323206e-13,optimal
q3_fixed_clustered,2025-06-11,0,clustered,144,0,0.0,2.2737367544323206e-13,optimal
q3_fixed_clustered,2025-06-11,6,clustered,108,0,0.0,2.2737367544323206e-13,optimal
q3_fixed_clustered,2025-06-11,12,clustered,72,0,0.0,1.8189894035458565e-12,optimal
q3_fixed_clustered,2025-06-11,18,clustered,36,0,0.0,5.229594535194337e-12,optimal
q3_fixed_clustered,2025-06-12,0,clustered,144,0,0.0,2.2737367544323206e-13,optimal
q3_fixed_clustered,2025-06-12,6,clustered,108,0,0.0,1.8189894035458565e-12,optimal
q3_fixed_clustered,2025-06-12,12,clustered,72,0,0.0,4.547473508864641e-13,optimal
q3_fixed_clustered,2025-06-12,18,clustered,36,0,0.0,6.821210263296962e-13,optimal
q3_fixed_clustered,2025-06-13,0,clustered,144,0,0.0,1.1368683772161603e-13,optimal
q3_fixed_clustered,2025-06-13,6,clustered,108,0,0.0,1.8189894035458565e-12,optimal
q3_fixed_clustered,2025-06-13,12,clustered,72,0,0.0,9.094947017729282e-13,optimal
q3_fixed_clustered,2025-06-13,18,clustered,36,0,0.0,3.410605131648481e-13,optimal
q3_fixed_clustered,2025-06-14,0,clustered,144,0,0.0,4.547473508864641e-13,optimal
q3_fixed_clustered,2025-06-14,6,clustered,108,0,0.0,1.1368683772161603e-13,optimal
q3_fixed_clustered,2025-06-14,12,clustered,72,0,0.0,2.2737367544323206e-13,optimal
q3_fixed_clustered,2025-06-14,18,clustered,36,0,0.0,4.547473508864641e-13,optimal
q3_fixed_clustered,2025-06-15,0,clustered,144,0,0.0,2.2737367544323206e-13,optimal
q3_fixed_clustered,2025-06-15,6,clustered,108,0,0.0,4.547473508864641e-13,optimal
q3_fixed_clustered,2025-06-15,12,clustered,72,0,0.0,1.8189894035458565e-12,optimal
q3_fixed_clustered,2025-06-15,18,clustered,36,0,0.0,8.071765478234738e-12,optimal
q3_fixed_clustered,2025-06-16,0,clustered,144,0,0.0,2.2737367544323206e-13,optimal
q3_fixed_clustered,2025-06-16,6,clustered,108,0,0.0,9.094947017729282e-13,optimal
q3_fixed_clustered,2025-06-16,12,clustered,72,0,0.0,2.5011104298755527e-12,optimal
q3_fixed_clustered,2025-06-16,18,clustered,36,0,0.0,3.183231456205249e-12,optimal
q3_fixed_clustered,2025-06-17,0,clustered,144,0,0.0,2.2737367544323206e-13,optimal
q3_fixed_clustered,2025-06-17,6,clustered,108,0,0.0,9.094947017729282e-13,optimal
q3_fixed_clustered,2025-06-17,12,clustered,72,0,0.0,1.8189894035458565e-12,optimal
q3_fixed_clustered,2025-06-17,18,clustered,36,0,0.0,4.547473508864641e-13,optimal
q3_fixed_clustered,2025-06-18,0,clustered,144,0,0.0,4.547473508864641e-13,optimal
q3_fixed_clustered,2025-06-18,6,clustered,108,0,0.0,9.094947017729282e-13,optimal
q3_fixed_clustered,2025-06-18,12,clustered,72,0,0.0,2.2737367544323206e-13,optimal
q3_fixed_clustered,2025-06-18,18,clustered,36,0,0.0,2.2737367544323206e-13,optimal
q3_fixed_clustered,2025-06-19,0,clustered,144,0,0.0,2.2737367544323206e-13,optimal
q3_fixed_clustered,2025-06-19,6,clustered,108,0,0.0,4.547473508864641e-13,optimal
q3_fixed_clustered,2025-06-19,12,clustered,72,0,0.0,9.094947017729282e-13,optimal
q3_fixed_clustered,2025-06-19,18,clustered,36,0,0.0,2.2737367544323206e-13,optimal
q3_fixed_clustered,2025-06-20,0,clustered,144,0,0.0,2.2737367544323206e-13,optimal
q3_fixed_clustered,2025-06-20,6,clustered,108,0,0.0,6.821210263296962e-13,optimal
q3_fixed_clustered,2025-06-20,12,clustered,72,0,0.0,2.2737367544323206e-12,optimal
q3_fixed_clustered,2025-06-20,18,clustered,36,0,0.0,6.821210263296962e-13,optimal
q3_fixed_clustered,2025-06-21,0,clustered,144,0,0.0,2.2737367544323206e-13,optimal
q3_fixed_clustered,2025-06-21,6,clustered,108,0,0.0,9.094947017729282e-13,optimal
q3_fixed_clustered,2025-06-21,12,clustered,72,0,0.0,9.094947017729282e-13,optimal
q3_fixed_clustered,2025-06-21,18,clustered,36,0,0.0,2.9558577807620168e-12,optimal
q3_fixed_clustered,2025-06-22,0,clustered,144,0,0.0,1.8189894035458565e-12,optimal
q3_fixed_clustered,2025-06-22,6,clustered,108,0,0.0,2.2737367544323206e-13,optimal
q3_fixed_clustered,2025-06-22,12,clustered,72,0,0.0,2.2737367544323206e-13,optimal
q3_fixed_clustered,2025-06-22,18,clustered,36,0,0.0,9.094947017729282e-13,optimal
q3_fixed_clustered,2025-06-23,0,clustered,144,0,0.0,2.2737367544323206e-13,optimal
q3_fixed_clustered,2025-06-23,6,clustered,108,0,0.0,2.2737367544323206e-13,optimal
q3_fixed_clustered,2025-06-23,12,clustered,72,0,0.0,2.2737367544323206e-13,optimal
q3_fixed_clustered,2025-06-23,18,clustered,36,0,0.0,1.5916157281026244e-12,optimal
q3_fixed_clustered,2025-06-24,0,clustered,144,0,0.0,9.094947017729282e-13,optimal
q3_fixed_clustered,2025-06-24,6,clustered,108,0,0.0,4.547473508864641e-13,optimal
q3_fixed_clustered,2025-06-24,12,clustered,72,0,0.0,2.2737367544323206e-13,optimal
q3_fixed_clustered,2025-06-24,18,clustered,36,0,0.0,2.0463630789890885e-12,optimal
q3_fixed_clustered,2025-06-25,0,clustered,144,0,0.0,9.094947017729282e-13,optimal
q3_fixed_clustered,2025-06-25,6,clustered,108,0,0.0,4.547473508864641e-13,optimal
q3_fixed_clustered,2025-06-25,12,clustered,72,0,0.0,1.8189894035458565e-12,optimal
q3_fixed_clustered,2025-06-25,18,clustered,36,0,0.0,1.3642420526593924e-12,optimal
q3_fixed_clustered,2025-06-26,0,clustered,144,0,0.0,2.2737367544323206e-13,optimal
q3_fixed_clustered,2025-06-26,6,clustered,108,0,0.0,4.547473508864641e-13,optimal
q3_fixed_clustered,2025-06-26,12,clustered,72,0,0.0,4.547473508864641e-13,optimal
q3_fixed_clustered,2025-06-26,18,clustered,36,0,0.0,9.094947017729282e-13,optimal
q3_fixed_clustered,2025-06-27,0,clustered,144,0,0.0,2.2737367544323206e-13,optimal
q3_fixed_clustered,2025-06-27,6,clustered,108,0,0.0,1.8189894035458565e-12,optimal
q3_fixed_clustered,2025-06-27,12,clustered,72,0,0.0,9.094947017729282e-13,optimal
q3_fixed_clustered,2025-06-27,18,clustered,36,0,0.0,2.2737367544323206e-13,optimal
q3_fixed_clustered,2025-06-28,0,clustered,144,0,0.0,2.2737367544323206e-13,optimal
q3_fixed_clustered,2025-06-28,6,clustered,108,0,0.0,2.2737367544323206e-13,optimal
q3_fixed_clustered,2025-06-28,12,clustered,72,0,0.0,2.9558577807620168e-12,optimal
q3_fixed_clustered,2025-06-28,18,clustered,36,0,0.0,4.547473508864641e-13,optimal
q3_fixed_clustered,2025-06-29,0,clustered,144,0,0.0,9.094947017729282e-13,optimal
q3_fixed_clustered,2025-06-29,6,clustered,108,0,0.0,9.094947017729282e-13,optimal
q3_fixed_clustered,2025-06-29,12,clustered,72,0,0.0,4.547473508864641e-13,optimal
q3_fixed_clustered,2025-06-29,18,clustered,36,0,0.0,2.2737367544323206e-13,optimal
q3_fixed_clustered,2025-06-30,0,clustered,144,0,0.0,4.547473508864641e-13,optimal
q3_fixed_clustered,2025-06-30,6,clustered,108,0,0.0,1.8189894035458565e-12,optimal
q3_fixed_clustered,2025-06-30,12,clustered,72,0,0.0,9.094947017729282e-13,optimal
q3_fixed_clustered,2025-06-30,18,clustered,36,0,0.0,2.2737367544323206e-13,optimal
q3_fixed_clustered,2025-07-01,0,clustered,144,0,0.0,1.8189894035458565e-12,optimal
q3_fixed_clustered,2025-07-01,6,clustered,108,0,0.0,2.2737367544323206e-13,optimal
q3_fixed_clustered,2025-07-01,12,clustered,72,0,0.0,2.2737367544323206e-13,optimal
q3_fixed_clustered,2025-07-01,18,clustered,36,0,0.0,3.637978807091713e-12,optimal
q3_fixed_clustered,2025-07-02,0,clustered,144,0,0.0,1.8189894035458565e-12,optimal
q3_fixed_clustered,2025-07-02,6,clustered,108,0,0.0,1.8189894035458565e-12,optimal
q3_fixed_clustered,2025-07-02,12,clustered,72,0,0.0,1.8189894035458565e-12,optimal
q3_fixed_clustered,2025-07-02,18,clustered,36,0,0.0,4.547473508864641e-13,optimal
q3_fixed_clustered,2025-07-03,0,clustered,144,0,0.0,2.2737367544323206e-13,optimal
q3_fixed_clustered,2025-07-03,6,clustered,108,0,0.0,9.094947017729282e-13,optimal
q3_fixed_clustered,2025-07-03,12,clustered,72,0,0.0,1.8189894035458565e-12,optimal
q3_fixed_clustered,2025-07-03,18,clustered,36,0,0.0,1.1368683772161603e-12,optimal
q3_fixed_clustered,2025-07-04,0,clustered,144,0,0.0,1.8189894035458565e-12,optimal
q3_fixed_clustered,2025-07-04,6,clustered,108,0,0.0,2.2737367544323206e-13,optimal
q3_fixed_clustered,2025-07-04,12,clustered,72,0,0.0,2.2737367544323206e-13,optimal
q3_fixed_clustered,2025-07-04,18,clustered,36,0,0.0,9.094947017729282e-13,optimal
q3_fixed_clustered,2025-07-05,0,clustered,144,0,0.0,1.8189894035458565e-12,optimal
q3_fixed_clustered,2025-07-05,6,clustered,108,0,0.0,2.9558577807620168e-12,optimal
q3_fixed_clustered,2025-07-05,12,clustered,72,0,0.0,2.7284841053187847e-12,optimal
q3_fixed_clustered,2025-07-05,18,clustered,36,0,0.0,1.5916157281026244e-12,optimal
q3_fixed_clustered,2025-07-06,0,clustered,144,0,0.0,2.2737367544323206e-13,optimal
q3_fixed_clustered,2025-07-06,6,clustered,108,0,0.0,4.547473508864641e-13,optimal
q3_fixed_clustered,2025-07-06,12,clustered,72,0,0.0,4.547473508864641e-13,optimal
q3_fixed_clustered,2025-07-06,18,clustered,36,0,0.0,9.094947017729282e-13,optimal
q3_fixed_clustered,2025-07-07,0,clustered,144,0,0.0,2.2737367544323206e-13,optimal
q3_fixed_clustered,2025-07-07,6,clustered,108,0,0.0,2.2737367544323206e-13,optimal
q3_fixed_clustered,2025-07-07,12,clustered,72,0,0.0,2.2737367544323206e-13,optimal
q3_fixed_clustered,2025-07-07,18,clustered,36,0,0.0,1.8189894035458565e-12,optimal
q3_fixed_clustered,2025-07-08,0,clustered,144,0,0.0,4.547473508864641e-13,optimal
q3_fixed_clustered,2025-07-08,6,clustered,108,0,0.0,1.8189894035458565e-12,optimal
q3_fixed_clustered,2025-07-08,12,clustered,72,0,0.0,4.547473508864641e-13,optimal
q3_fixed_clustered,2025-07-08,18,clustered,36,0,0.0,2.5011104298755527e-12,optimal
q3_fixed_clustered,2025-07-09,0,clustered,144,0,0.0,2.2737367544323206e-13,optimal
q3_fixed_clustered,2025-07-09,6,clustered,108,0,0.0,4.547473508864641e-13,optimal
q3_fixed_clustered,2025-07-09,12,clustered,72,0,0.0,2.0463630789890885e-12,optimal
q3_fixed_clustered,2025-07-09,18,clustered,36,0,0.0,2.9558577807620168e-12,optimal
q3_fixed_clustered,2025-07-10,0,clustered,144,0,0.0,2.2737367544323206e-13,optimal
q3_fixed_clustered,2025-07-10,6,clustered,108,0,0.0,2.2737367544323206e-13,optimal
q3_fixed_clustered,2025-07-10,12,clustered,72,0,0.0,9.094947017729282e-13,optimal
q3_fixed_clustered,2025-07-10,18,clustered,36,0,0.0,1.1368683772161603e-12,optimal
q3_fixed_clustered,2025-07-11,0,clustered,144,0,0.0,2.2737367544323206e-13,optimal
q3_fixed_clustered,2025-07-11,6,clustered,108,0,0.0,1.8189894035458565e-12,optimal
q3_fixed_clustered,2025-07-11,12,clustered,72,0,0.0,2.0463630789890885e-12,optimal
q3_fixed_clustered,2025-07-11,18,clustered,36,0,0.0,1.3642420526593924e-12,optimal
q3_fixed_clustered,2025-07-12,0,clustered,144,0,0.0,9.094947017729282e-13,optimal
q3_fixed_clustered,2025-07-12,6,clustered,108,0,0.0,1.1368683772161603e-13,optimal
q3_fixed_clustered,2025-07-12,12,clustered,72,0,0.0,4.547473508864641e-13,optimal
q3_fixed_clustered,2025-07-12,18,clustered,36,0,0.0,1.1368683772161603e-13,optimal
q3_fixed_clustered,2025-07-13,0,clustered,144,0,0.0,9.094947017729282e-13,optimal
q3_fixed_clustered,2025-07-13,6,clustered,108,0,0.0,2.2737367544323206e-13,optimal
q3_fixed_clustered,2025-07-13,12,clustered,72,0,0.0,2.2737367544323206e-13,optimal
q3_fixed_clustered,2025-07-13,18,clustered,36,0,0.0,2.2737367544323206e-12,optimal
q3_fixed_clustered,2025-07-14,0,clustered,144,0,0.0,1.8189894035458565e-12,optimal
q3_fixed_clustered,2025-07-14,6,clustered,108,0,0.0,1.8189894035458565e-12,optimal
q3_fixed_clustered,2025-07-14,12,clustered,72,0,0.0,4.547473508864641e-13,optimal
q3_fixed_clustered,2025-07-14,18,clustered,36,0,0.0,2.0463630789890885e-12,optimal
q3_fixed_clustered,2025-07-15,0,clustered,144,0,0.0,2.2737367544323206e-13,optimal
q3_fixed_clustered,2025-07-15,6,clustered,108,0,0.0,2.7284841053187847e-12,optimal
q3_fixed_clustered,2025-07-15,12,clustered,72,0,0.0,1.1368683772161603e-12,optimal
q3_fixed_clustered,2025-07-15,18,clustered,36,0,0.0,2.9558577807620168e-12,optimal
q3_fixed_clustered,2025-07-16,0,clustered,144,0,0.0,2.2737367544323206e-13,optimal
q3_fixed_clustered,2025-07-16,6,clustered,108,0,0.0,1.8189894035458565e-12,optimal
q3_fixed_clustered,2025-07-16,12,clustered,72,0,0.0,2.5011104298755527e-12,optimal
q3_fixed_clustered,2025-07-16,18,clustered,36,0,0.0,2.2737367544323206e-12,optimal
q3_fixed_clustered,2025-07-17,0,clustered,144,0,0.0,2.2737367544323206e-13,optimal
q3_fixed_clustered,2025-07-17,6,clustered,108,0,0.0,9.094947017729282e-13,optimal
q3_fixed_clustered,2025-07-17,12,clustered,72,0,0.0,3.637978807091713e-12,optimal
q3_fixed_clustered,2025-07-17,18,clustered,36,0,0.0,6.821210263296962e-13,optimal
q3_fixed_clustered,2025-07-18,0,clustered,144,0,0.0,1.8189894035458565e-12,optimal
q3_fixed_clustered,2025-07-18,6,clustered,108,0,0.0,5.4569682106375694e-12,optimal
q3_fixed_clustered,2025-07-18,12,clustered,72,0,0.0,2.2737367544323206e-13,optimal
q3_fixed_clustered,2025-07-18,18,clustered,36,0,0.0,6.821210263296962e-13,optimal
q3_fixed_clustered,2025-07-19,0,clustered,144,0,0.0,2.2737367544323206e-13,optimal
q3_fixed_clustered,2025-07-19,6,clustered,108,0,0.0,4.547473508864641e-13,optimal
q3_fixed_clustered,2025-07-19,12,clustered,72,0,0.0,1.1368683772161603e-13,optimal
q3_fixed_clustered,2025-07-19,18,clustered,36,0,0.0,2.5011104298755527e-12,optimal
q3_fixed_clustered,2025-07-20,0,clustered,144,0,0.0,2.2737367544323206e-13,optimal
q3_fixed_clustered,2025-07-20,6,clustered,108,0,0.0,1.1368683772161603e-13,optimal
q3_fixed_clustered,2025-07-20,12,clustered,72,0,0.0,1.9326762412674725e-12,optimal
q3_fixed_clustered,2025-07-20,18,clustered,36,0,0.0,4.547473508864641e-13,optimal
q3_fixed_clustered,2025-07-21,0,clustered,144,0,0.0,1.8189894035458565e-12,optimal
q3_fixed_clustered,2025-07-21,6,clustered,108,0,0.0,1.8189894035458565e-12,optimal
q3_fixed_clustered,2025-07-21,12,clustered,72,0,0.0,9.094947017729282e-13,optimal
q3_fixed_clustered,2025-07-21,18,clustered,36,0,0.0,2.2737367544323206e-13,optimal
q3_fixed_clustered,2025-07-22,0,clustered,144,0,0.0,2.2737367544323206e-13,optimal
q3_fixed_clustered,2025-07-22,6,clustered,108,0,0.0,1.8189894035458565e-12,optimal
q3_fixed_clustered,2025-07-22,12,clustered,72,0,0.0,2.2737367544323206e-13,optimal
q3_fixed_clustered,2025-07-22,18,clustered,36,0,0.0,9.094947017729282e-13,optimal
q3_fixed_clustered,2025-07-23,0,clustered,144,0,0.0,4.547473508864641e-13,optimal
q3_fixed_clustered,2025-07-23,6,clustered,108,0,0.0,2.2737367544323206e-13,optimal
q3_fixed_clustered,2025-07-23,12,clustered,72,0,0.0,4.547473508864641e-13,optimal
q3_fixed_clustered,2025-07-23,18,clustered,36,0,0.0,2.2737367544323206e-12,optimal
q3_fixed_clustered,2025-07-24,0,clustered,144,0,0.0,3.637978807091713e-12,optimal
q3_fixed_clustered,2025-07-24,6,clustered,108,0,0.0,2.2737367544323206e-13,optimal
q3_fixed_clustered,2025-07-24,12,clustered,72,0,0.0,4.547473508864641e-13,optimal
q3_fixed_clustered,2025-07-24,18,clustered,36,0,0.0,1.8189894035458565e-12,optimal
q3_fixed_clustered,2025-07-25,0,clustered,144,0,0.0,1.8189894035458565e-12,optimal
q3_fixed_clustered,2025-07-25,6,clustered,108,0,0.0,9.094947017729282e-13,optimal
q3_fixed_clustered,2025-07-25,12,clustered,72,0,0.0,1.8189894035458565e-12,optimal
q3_fixed_clustered,2025-07-25,18,clustered,36,0,0.0,1.1368683772161603e-13,optimal
q3_fixed_clustered,2025-07-26,0,clustered,144,0,0.0,2.2737367544323206e-13,optimal
q3_fixed_clustered,2025-07-26,6,clustered,108,0,0.0,9.094947017729282e-13,optimal
q3_fixed_clustered,2025-07-26,12,clustered,72,0,0.0,4.547473508864641e-13,optimal
q3_fixed_clustered,2025-07-26,18,clustered,36,0,0.0,4.092726157978177e-12,optimal
q3_fixed_clustered,2025-07-27,0,clustered,144,0,0.0,1.8189894035458565e-12,optimal
q3_fixed_clustered,2025-07-27,6,clustered,108,0,0.0,1.8189894035458565e-12,optimal
q3_fixed_clustered,2025-07-27,12,clustered,72,0,0.0,9.094947017729282e-13,optimal
q3_fixed_clustered,2025-07-27,18,clustered,36,0,0.0,1.8189894035458565e-12,optimal
q3_fixed_clustered,2025-07-28,0,clustered,144,0,0.0,9.094947017729282e-13,optimal
q3_fixed_clustered,2025-07-28,6,clustered,108,0,0.0,4.547473508864641e-13,optimal
q3_fixed_clustered,2025-07-28,12,clustered,72,0,0.0,2.2737367544323206e-13,optimal
q3_fixed_clustered,2025-07-28,18,clustered,36,0,0.0,1.3642420526593924e-12,optimal
q3_fixed_clustered,2025-07-29,0,clustered,144,0,0.0,2.2737367544323206e-13,optimal
q3_fixed_clustered,2025-07-29,6,clustered,108,0,0.0,2.2737367544323206e-13,optimal
q3_fixed_clustered,2025-07-29,12,clustered,72,0,0.0,9.094947017729282e-13,optimal
q3_fixed_clustered,2025-07-29,18,clustered,36,0,0.0,1.5916157281026244e-12,optimal
q3_fixed_clustered,2025-07-30,0,clustered,144,0,0.0,2.2737367544323206e-13,optimal
q3_fixed_clustered,2025-07-30,6,clustered,108,0,0.0,2.2737367544323206e-13,optimal
q3_fixed_clustered,2025-07-30,12,clustered,72,0,0.0,9.094947017729282e-13,optimal
q3_fixed_clustered,2025-07-30,18,clustered,36,0,0.0,9.094947017729282e-13,optimal
q3_fixed_clustered,2025-07-31,0,clustered,144,0,0.0,2.2737367544323206e-13,optimal
q3_fixed_clustered,2025-07-31,6,clustered,108,0,0.0,4.547473508864641e-13,optimal
q3_fixed_clustered,2025-07-31,12,clustered,72,0,0.0,4.547473508864641e-13,optimal
q3_fixed_clustered,2025-07-31,18,clustered,36,0,0.0,1.1368683772161603e-12,optimal
q3_fixed_clustered,2025-08-01,0,clustered,144,0,0.0,1.8189894035458565e-12,optimal
q3_fixed_clustered,2025-08-01,6,clustered,108,0,0.0,2.2737367544323206e-13,optimal
q3_fixed_clustered,2025-08-01,12,clustered,72,0,0.0,4.547473508864641e-13,optimal
q3_fixed_clustered,2025-08-01,18,clustered,36,0,0.0,1.1368683772161603e-12,optimal
q3_fixed_clustered,2025-08-02,0,clustered,144,0,0.0,2.2737367544323206e-13,optimal
q3_fixed_clustered,2025-08-02,6,clustered,108,0,0.0,9.094947017729282e-13,optimal
q3_fixed_clustered,2025-08-02,12,clustered,72,0,0.0,2.2737367544323206e-13,optimal
q3_fixed_clustered,2025-08-02,18,clustered,36,0,0.0,4.547473508864641e-13,optimal
q3_fixed_clustered,2025-08-03,0,clustered,144,0,0.0,1.8189894035458565e-12,optimal
q3_fixed_clustered,2025-08-03,6,clustered,108,0,0.0,1.8189894035458565e-12,optimal
q3_fixed_clustered,2025-08-03,12,clustered,72,0,0.0,4.547473508864641e-13,optimal
q3_fixed_clustered,2025-08-03,18,clustered,36,0,0.0,1.1368683772161603e-12,optimal
q3_fixed_clustered,2025-08-04,0,clustered,144,0,0.0,2.2737367544323206e-13,optimal
q3_fixed_clustered,2025-08-04,6,clustered,108,0,0.0,2.2737367544323206e-13,optimal
q3_fixed_clustered,2025-08-04,12,clustered,72,0,0.0,2.2737367544323206e-13,optimal
q3_fixed_clustered,2025-08-04,18,clustered,36,0,0.0,1.5916157281026244e-12,optimal
q3_fixed_clustered,2025-08-05,0,clustered,144,0,0.0,9.094947017729282e-13,optimal
q3_fixed_clustered,2025-08-05,6,clustered,108,0,0.0,1.1368683772161603e-13,optimal
q3_fixed_clustered,2025-08-05,12,clustered,72,0,0.0,4.547473508864641e-12,optimal
q3_fixed_clustered,2025-08-05,18,clustered,36,0,0.0,4.547473508864641e-13,optimal
q3_fixed_clustered,2025-08-06,0,clustered,144,0,0.0,2.2737367544323206e-13,optimal
q3_fixed_clustered,2025-08-06,6,clustered,108,0,0.0,2.2737367544323206e-13,optimal
q3_fixed_clustered,2025-08-06,12,clustered,72,0,0.0,2.0463630789890885e-12,optimal
q3_fixed_clustered,2025-08-06,18,clustered,36,0,0.0,2.2737367544323206e-13,optimal
q3_fixed_clustered,2025-08-07,0,clustered,144,0,0.0,1.8189894035458565e-12,optimal
q3_fixed_clustered,2025-08-07,6,clustered,108,0,0.0,9.094947017729282e-13,optimal
q3_fixed_clustered,2025-08-07,12,clustered,72,0,0.0,1.8189894035458565e-12,optimal
q3_fixed_clustered,2025-08-07,18,clustered,36,0,0.0,2.2737367544323206e-13,optimal
q3_fixed_clustered,2025-08-08,0,clustered,144,0,0.0,2.2737367544323206e-13,optimal
q3_fixed_clustered,2025-08-08,6,clustered,108,0,0.0,1.8189894035458565e-12,optimal
q3_fixed_clustered,2025-08-08,12,clustered,72,0,0.0,2.2737367544323206e-13,optimal
q3_fixed_clustered,2025-08-08,18,clustered,36,0,0.0,1.1368683772161603e-13,optimal
q3_fixed_clustered,2025-08-09,0,clustered,144,0,0.0,2.2737367544323206e-13,optimal
q3_fixed_clustered,2025-08-09,6,clustered,108,0,0.0,2.5011104298755527e-12,optimal
q3_fixed_clustered,2025-08-09,12,clustered,72,0,0.0,2.7284841053187847e-12,optimal
q3_fixed_clustered,2025-08-09,18,clustered,36,0,0.0,9.094947017729282e-13,optimal
q3_fixed_clustered,2025-08-10,0,clustered,144,0,0.0,3.637978807091713e-12,optimal
q3_fixed_clustered,2025-08-10,6,clustered,108,0,0.0,4.547473508864641e-13,optimal
q3_fixed_clustered,2025-08-10,12,clustered,72,0,0.0,9.094947017729282e-13,optimal
q3_fixed_clustered,2025-08-10,18,clustered,36,0,0.0,4.547473508864641e-13,optimal
q3_fixed_clustered,2025-08-11,0,clustered,144,0,0.0,2.2737367544323206e-13,optimal
q3_fixed_clustered,2025-08-11,6,clustered,108,0,0.0,9.094947017729282e-13,optimal
q3_fixed_clustered,2025-08-11,12,clustered,72,0,0.0,1.1368683772161603e-13,optimal
q3_fixed_clustered,2025-08-11,18,clustered,36,0,0.0,9.094947017729282e-13,optimal
q3_fixed_clustered,2025-08-12,0,clustered,144,0,0.0,2.2737367544323206e-13,optimal
q3_fixed_clustered,2025-08-12,6,clustered,108,0,0.0,2.0463630789890885e-12,optimal
q3_fixed_clustered,2025-08-12,12,clustered,72,0,0.0,1.8189894035458565e-12,optimal
q3_fixed_clustered,2025-08-12,18,clustered,36,0,0.0,9.094947017729282e-13,optimal
q3_fixed_clustered,2025-08-13,0,clustered,144,0,0.0,9.094947017729282e-13,optimal
q3_fixed_clustered,2025-08-13,6,clustered,108,0,0.0,2.2737367544323206e-13,optimal
q3_fixed_clustered,2025-08-13,12,clustered,72,0,0.0,6.821210263296962e-13,optimal
q3_fixed_clustered,2025-08-13,18,clustered,36,0,0.0,2.2737367544323206e-13,optimal
q3_fixed_clustered,2025-08-14,0,clustered,144,0,0.0,2.2737367544323206e-13,optimal
q3_fixed_clustered,2025-08-14,6,clustered,108,0,0.0,9.094947017729282e-13,optimal
q3_fixed_clustered,2025-08-14,12,clustered,72,0,0.0,4.547473508864641e-13,optimal
q3_fixed_clustered,2025-08-14,18,clustered,36,0,0.0,9.094947017729282e-13,optimal
q3_fixed_clustered,2025-08-15,0,clustered,144,0,0.0,2.2737367544323206e-13,optimal
q3_fixed_clustered,2025-08-15,6,clustered,108,0,0.0,1.9326762412674725e-12,optimal
q3_fixed_clustered,2025-08-15,12,clustered,72,0,0.0,9.094947017729282e-13,optimal
q3_fixed_clustered,2025-08-15,18,clustered,36,0,0.0,9.094947017729282e-13,optimal
q3_fixed_clustered,2025-08-16,0,clustered,144,0,0.0,2.2737367544323206e-13,optimal
q3_fixed_clustered,2025-08-16,6,clustered,108,0,0.0,6.821210263296962e-13,optimal
q3_fixed_clustered,2025-08-16,12,clustered,72,0,0.0,9.094947017729282e-13,optimal
q3_fixed_clustered,2025-08-16,18,clustered,36,0,0.0,4.547473508864641e-13,optimal
q3_fixed_clustered,2025-08-17,0,clustered,144,0,0.0,2.2737367544323206e-13,optimal
q3_fixed_clustered,2025-08-17,6,clustered,108,0,0.0,2.2737367544323206e-13,optimal
q3_fixed_clustered,2025-08-17,12,clustered,72,0,0.0,2.5011104298755527e-12,optimal
q3_fixed_clustered,2025-08-17,18,clustered,36,0,0.0,6.821210263296962e-13,optimal
q3_fixed_clustered,2025-08-18,0,clustered,144,0,0.0,2.2737367544323206e-13,optimal
q3_fixed_clustered,2025-08-18,6,clustered,108,0,0.0,9.094947017729282e-13,optimal
q3_fixed_clustered,2025-08-18,12,clustered,72,0,0.0,4.547473508864641e-13,optimal
q3_fixed_clustered,2025-08-18,18,clustered,36,0,0.0,4.547473508864641e-13,optimal
q3_fixed_clustered,2025-08-19,0,clustered,144,0,0.0,9.094947017729282e-13,optimal
q3_fixed_clustered,2025-08-19,6,clustered,108,0,0.0,9.094947017729282e-13,optimal
q3_fixed_clustered,2025-08-19,12,clustered,72,0,0.0,2.5011104298755527e-12,optimal
q3_fixed_clustered,2025-08-19,18,clustered,36,0,0.0,2.0463630789890885e-12,optimal
q3_fixed_clustered,2025-08-20,0,clustered,144,0,0.0,4.547473508864641e-13,optimal
q3_fixed_clustered,2025-08-20,6,clustered,108,0,0.0,1.8189894035458565e-12,optimal
q3_fixed_clustered,2025-08-20,12,clustered,72,0,0.0,9.094947017729282e-13,optimal
q3_fixed_clustered,2025-08-20,18,clustered,36,0,0.0,9.094947017729282e-13,optimal
q3_fixed_clustered,2025-08-21,0,clustered,144,0,0.0,2.2737367544323206e-13,optimal
q3_fixed_clustered,2025-08-21,6,clustered,108,0,0.0,1.8189894035458565e-12,optimal
q3_fixed_clustered,2025-08-21,12,clustered,72,0,0.0,4.547473508864641e-13,optimal
q3_fixed_clustered,2025-08-21,18,clustered,36,0,0.0,2.2737367544323206e-13,optimal
q3_fixed_clustered,2025-08-22,0,clustered,144,0,0.0,2.2737367544323206e-13,optimal
q3_fixed_clustered,2025-08-22,6,clustered,108,0,0.0,4.547473508864641e-13,optimal
q3_fixed_clustered,2025-08-22,12,clustered,72,0,0.0,1.1368683772161603e-13,optimal
q3_fixed_clustered,2025-08-22,18,clustered,36,0,0.0,4.547473508864641e-13,optimal
q3_fixed_clustered,2025-08-23,0,clustered,144,0,0.0,9.094947017729282e-13,optimal
q3_fixed_clustered,2025-08-23,6,clustered,108,0,0.0,2.7284841053187847e-12,optimal
q3_fixed_clustered,2025-08-23,12,clustered,72,0,0.0,2.9558577807620168e-12,optimal
q3_fixed_clustered,2025-08-23,18,clustered,36,0,0.0,2.2737367544323206e-12,optimal
q3_fixed_clustered,2025-08-24,0,clustered,144,0,0.0,2.7284841053187847e-12,optimal
q3_fixed_clustered,2025-08-24,6,clustered,108,0,0.0,2.2737367544323206e-13,optimal
q3_fixed_clustered,2025-08-24,12,clustered,72,0,0.0,2.2737367544323206e-13,optimal
q3_fixed_clustered,2025-08-24,18,clustered,36,0,0.0,2.2737367544323206e-13,optimal
q3_fixed_clustered,2025-08-25,0,clustered,144,0,0.0,1.8189894035458565e-12,optimal
q3_fixed_clustered,2025-08-25,6,clustered,108,0,0.0,9.094947017729282e-13,optimal
q3_fixed_clustered,2025-08-25,12,clustered,72,0,0.0,2.2737367544323206e-13,optimal
q3_fixed_clustered,2025-08-25,18,clustered,36,0,0.0,9.094947017729282e-13,optimal
q3_fixed_clustered,2025-08-26,0,clustered,144,0,0.0,2.2737367544323206e-13,optimal
q3_fixed_clustered,2025-08-26,6,clustered,108,0,0.0,9.094947017729282e-13,optimal
q3_fixed_clustered,2025-08-26,12,clustered,72,0,0.0,1.8189894035458565e-12,optimal
q3_fixed_clustered,2025-08-26,18,clustered,36,0,0.0,4.547473508864641e-13,optimal
q3_fixed_clustered,2025-08-27,0,clustered,144,0,0.0,4.547473508864641e-13,optimal
q3_fixed_clustered,2025-08-27,6,clustered,108,0,0.0,1.8189894035458565e-12,optimal
q3_fixed_clustered,2025-08-27,12,clustered,72,0,0.0,2.2737367544323206e-13,optimal
q3_fixed_clustered,2025-08-27,18,clustered,36,0,0.0,2.2737367544323206e-13,optimal
q3_fixed_clustered,2025-08-28,0,clustered,144,0,0.0,6.821210263296962e-13,optimal
q3_fixed_clustered,2025-08-28,6,clustered,108,0,0.0,9.094947017729282e-13,optimal
q3_fixed_clustered,2025-08-28,12,clustered,72,0,0.0,2.2737367544323206e-13,optimal
q3_fixed_clustered,2025-08-28,18,clustered,36,0,0.0,1.1368683772161603e-12,optimal
q3_fixed_clustered,2025-08-29,0,clustered,144,0,0.0,2.2737367544323206e-13,optimal
q3_fixed_clustered,2025-08-29,6,clustered,108,0,0.0,9.094947017729282e-13,optimal
q3_fixed_clustered,2025-08-29,12,clustered,72,0,0.0,1.1368683772161603e-12,optimal
q3_fixed_clustered,2025-08-29,18,clustered,36,0,0.0,4.547473508864641e-13,optimal
q3_fixed_clustered,2025-08-30,0,clustered,144,0,0.0,4.547473508864641e-13,optimal
q3_fixed_clustered,2025-08-30,6,clustered,108,0,0.0,9.094947017729282e-13,optimal
q3_fixed_clustered,2025-08-30,12,clustered,72,0,0.0,9.094947017729282e-13,optimal
q3_fixed_clustered,2025-08-30,18,clustered,36,0,0.0,1.1368683772161603e-12,optimal
q3_fixed_clustered,2025-08-31,0,clustered,144,0,0.0,9.094947017729282e-13,optimal
q3_fixed_clustered,2025-08-31,6,clustered,108,0,0.0,4.547473508864641e-13,optimal
q3_fixed_clustered,2025-08-31,12,clustered,72,0,0.0,4.547473508864641e-13,optimal
q3_fixed_clustered,2025-08-31,18,clustered,36,0,0.0,2.2737367544323206e-13,optimal
q3_fixed_clustered,2025-09-01,0,clustered,144,0,0.0,2.2737367544323206e-13,optimal
q3_fixed_clustered,2025-09-01,6,clustered,108,0,0.0,4.547473508864641e-13,optimal
q3_fixed_clustered,2025-09-01,12,clustered,72,0,0.0,4.547473508864641e-13,optimal
q3_fixed_clustered,2025-09-01,18,clustered,36,0,0.0,9.094947017729282e-13,optimal
q3_fixed_clustered,2025-09-02,0,clustered,144,0,0.0,9.094947017729282e-13,optimal
q3_fixed_clustered,2025-09-02,6,clustered,108,0,0.0,1.1368683772161603e-13,optimal
q3_fixed_clustered,2025-09-02,12,clustered,72,0,0.0,4.547473508864641e-13,optimal
q3_fixed_clustered,2025-09-02,18,clustered,36,0,0.0,9.094947017729282e-13,optimal
q3_fixed_clustered,2025-09-03,0,clustered,144,0,0.0,4.547473508864641e-13,optimal
q3_fixed_clustered,2025-09-03,6,clustered,108,0,0.0,9.094947017729282e-13,optimal
q3_fixed_clustered,2025-09-03,12,clustered,72,0,0.0,3.865352482534945e-12,optimal
q3_fixed_clustered,2025-09-03,18,clustered,36,0,0.0,4.547473508864641e-13,optimal
q3_fixed_clustered,2025-09-04,0,clustered,144,0,0.0,1.8189894035458565e-12,optimal
q3_fixed_clustered,2025-09-04,6,clustered,108,0,0.0,4.547473508864641e-13,optimal
q3_fixed_clustered,2025-09-04,12,clustered,72,0,0.0,2.2737367544323206e-13,optimal
q3_fixed_clustered,2025-09-04,18,clustered,36,0,0.0,4.547473508864641e-13,optimal
q3_fixed_clustered,2025-09-05,0,clustered,144,0,0.0,1.8189894035458565e-12,optimal
q3_fixed_clustered,2025-09-05,6,clustered,108,0,0.0,6.821210263296962e-13,optimal
q3_fixed_clustered,2025-09-05,12,clustered,72,0,0.0,2.0463630789890885e-12,optimal
q3_fixed_clustered,2025-09-05,18,clustered,36,0,0.0,1.3642420526593924e-12,optimal
q3_fixed_clustered,2025-09-06,0,clustered,144,0,0.0,9.094947017729282e-13,optimal
q3_fixed_clustered,2025-09-06,6,clustered,108,0,0.0,1.3642420526593924e-12,optimal
q3_fixed_clustered,2025-09-06,12,clustered,72,0,0.0,9.094947017729282e-13,optimal
q3_fixed_clustered,2025-09-06,18,clustered,36,0,0.0,2.2737367544323206e-13,optimal
q3_fixed_clustered,2025-09-07,0,clustered,144,0,0.0,9.094947017729282e-13,optimal
q3_fixed_clustered,2025-09-07,6,clustered,108,0,0.0,9.094947017729282e-13,optimal
q3_fixed_clustered,2025-09-07,12,clustered,72,0,0.0,4.547473508864641e-13,optimal
q3_fixed_clustered,2025-09-07,18,clustered,36,0,0.0,2.2737367544323206e-13,optimal
q3_fixed_clustered,2025-09-08,0,clustered,144,0,0.0,2.2737367544323206e-13,optimal
q3_fixed_clustered,2025-09-08,6,clustered,108,0,0.0,9.094947017729282e-13,optimal
q3_fixed_clustered,2025-09-08,12,clustered,72,0,0.0,1.8189894035458565e-12,optimal
q3_fixed_clustered,2025-09-08,18,clustered,36,0,0.0,6.821210263296962e-13,optimal
q3_fixed_clustered,2025-09-09,0,clustered,144,0,0.0,9.094947017729282e-13,optimal
q3_fixed_clustered,2025-09-09,6,clustered,108,0,0.0,4.547473508864641e-13,optimal
q3_fixed_clustered,2025-09-09,12,clustered,72,0,0.0,2.2737367544323206e-13,optimal
q3_fixed_clustered,2025-09-09,18,clustered,36,0,0.0,4.547473508864641e-13,optimal
q3_fixed_clustered,2025-09-10,0,clustered,144,0,0.0,4.547473508864641e-13,optimal
q3_fixed_clustered,2025-09-10,6,clustered,108,0,0.0,1.8189894035458565e-12,optimal
q3_fixed_clustered,2025-09-10,12,clustered,72,0,0.0,9.094947017729282e-13,optimal
q3_fixed_clustered,2025-09-10,18,clustered,36,0,0.0,1.8189894035458565e-12,optimal
q3_fixed_clustered,2025-09-11,0,clustered,144,0,0.0,2.2737367544323206e-13,optimal
q3_fixed_clustered,2025-09-11,6,clustered,108,0,0.0,3.183231456205249e-12,optimal
q3_fixed_clustered,2025-09-11,12,clustered,72,0,0.0,3.183231456205249e-12,optimal
q3_fixed_clustered,2025-09-11,18,clustered,36,0,0.0,6.821210263296962e-13,optimal
q3_fixed_clustered,2025-09-12,0,clustered,144,0,0.0,9.094947017729282e-13,optimal
q3_fixed_clustered,2025-09-12,6,clustered,108,0,0.0,6.821210263296962e-13,optimal
q3_fixed_clustered,2025-09-12,12,clustered,72,0,0.0,2.9558577807620168e-12,optimal
q3_fixed_clustered,2025-09-12,18,clustered,36,0,0.0,2.2737367544323206e-13,optimal
q3_fixed_clustered,2025-09-13,0,clustered,144,0,0.0,9.094947017729282e-13,optimal
q3_fixed_clustered,2025-09-13,6,clustered,108,0,0.0,9.094947017729282e-13,optimal
q3_fixed_clustered,2025-09-13,12,clustered,72,0,0.0,1.1368683772161603e-13,optimal
q3_fixed_clustered,2025-09-13,18,clustered,36,0,0.0,4.547473508864641e-13,optimal
q3_fixed_clustered,2025-09-14,0,clustered,144,0,0.0,9.094947017729282e-13,optimal
q3_fixed_clustered,2025-09-14,6,clustered,108,0,0.0,2.2737367544323206e-13,optimal
q3_fixed_clustered,2025-09-14,12,clustered,72,0,0.0,1.5916157281026244e-12,optimal
q3_fixed_clustered,2025-09-14,18,clustered,36,0,0.0,6.821210263296962e-13,optimal
q3_fixed_clustered,2025-09-15,0,clustered,144,0,0.0,1.8189894035458565e-12,optimal
q3_fixed_clustered,2025-09-15,6,clustered,108,0,0.0,2.2737367544323206e-13,optimal
q3_fixed_clustered,2025-09-15,12,clustered,72,0,0.0,1.8189894035458565e-12,optimal
q3_fixed_clustered,2025-09-15,18,clustered,36,0,0.0,4.092726157978177e-12,optimal
q3_fixed_clustered,2025-09-16,0,clustered,144,0,0.0,4.547473508864641e-13,optimal
q3_fixed_clustered,2025-09-16,6,clustered,108,0,0.0,4.547473508864641e-13,optimal
q3_fixed_clustered,2025-09-16,12,clustered,72,0,0.0,4.547473508864641e-13,optimal
q3_fixed_clustered,2025-09-16,18,clustered,36,0,0.0,3.637978807091713e-12,optimal
q3_fixed_clustered,2025-09-17,0,clustered,144,0,0.0,2.2737367544323206e-13,optimal
q3_fixed_clustered,2025-09-17,6,clustered,108,0,0.0,4.547473508864641e-12,optimal
q3_fixed_clustered,2025-09-17,12,clustered,72,0,0.0,2.2737367544323206e-13,optimal
q3_fixed_clustered,2025-09-17,18,clustered,36,0,0.0,9.094947017729282e-13,optimal
q3_fixed_clustered,2025-09-18,0,clustered,144,0,0.0,4.547473508864641e-13,optimal
q3_fixed_clustered,2025-09-18,6,clustered,108,0,0.0,1.8189894035458565e-12,optimal
q3_fixed_clustered,2025-09-18,12,clustered,72,0,0.0,1.5916157281026244e-12,optimal
q3_fixed_clustered,2025-09-18,18,clustered,36,0,0.0,4.547473508864641e-13,optimal
q3_fixed_clustered,2025-09-19,0,clustered,144,0,0.0,9.094947017729282e-13,optimal
q3_fixed_clustered,2025-09-19,6,clustered,108,0,0.0,4.547473508864641e-13,optimal
q3_fixed_clustered,2025-09-19,12,clustered,72,0,0.0,1.1368683772161603e-13,optimal
q3_fixed_clustered,2025-09-19,18,clustered,36,0,0.0,1.5916157281026244e-12,optimal
q3_fixed_clustered,2025-09-20,0,clustered,144,0,0.0,1.8189894035458565e-12,optimal
q3_fixed_clustered,2025-09-20,6,clustered,108,0,0.0,1.3642420526593924e-12,optimal
q3_fixed_clustered,2025-09-20,12,clustered,72,0,0.0,4.547473508864641e-13,optimal
q3_fixed_clustered,2025-09-20,18,clustered,36,0,0.0,2.7284841053187847e-12,optimal
q3_fixed_clustered,2025-09-21,0,clustered,144,0,0.0,4.547473508864641e-13,optimal
q3_fixed_clustered,2025-09-21,6,clustered,108,0,0.0,1.3642420526593924e-12,optimal
q3_fixed_clustered,2025-09-21,12,clustered,72,0,0.0,2.5011104298755527e-12,optimal
q3_fixed_clustered,2025-09-21,18,clustered,36,0,0.0,2.9558577807620168e-12,optimal
q3_fixed_clustered,2025-09-22,0,clustered,144,0,0.0,2.2737367544323206e-13,optimal
q3_fixed_clustered,2025-09-22,6,clustered,108,0,0.0,2.2737367544323206e-13,optimal
q3_fixed_clustered,2025-09-22,12,clustered,72,0,0.0,2.2737367544323206e-13,optimal
q3_fixed_clustered,2025-09-22,18,clustered,36,0,0.0,2.2737367544323206e-12,optimal
q3_fixed_clustered,2025-09-23,0,clustered,144,0,0.0,2.2737367544323206e-13,optimal
q3_fixed_clustered,2025-09-23,6,clustered,108,0,0.0,1.8189894035458565e-12,optimal
q3_fixed_clustered,2025-09-23,12,clustered,72,0,0.0,6.821210263296962e-13,optimal
q3_fixed_clustered,2025-09-23,18,clustered,36,0,0.0,4.774847184307873e-12,optimal
q3_fixed_clustered,2025-09-24,0,clustered,144,0,0.0,4.547473508864641e-13,optimal
q3_fixed_clustered,2025-09-24,6,clustered,108,0,0.0,1.1368683772161603e-13,optimal
q3_fixed_clustered,2025-09-24,12,clustered,72,0,0.0,4.547473508864641e-13,optimal
q3_fixed_clustered,2025-09-24,18,clustered,36,0,0.0,1.8189894035458565e-12,optimal
q3_fixed_clustered,2025-09-25,0,clustered,144,0,0.0,4.547473508864641e-13,optimal
q3_fixed_clustered,2025-09-25,6,clustered,108,0,0.0,5.229594535194337e-12,optimal
q3_fixed_clustered,2025-09-25,12,clustered,72,0,0.0,3.865352482534945e-12,optimal
q3_fixed_clustered,2025-09-25,18,clustered,36,0,0.0,2.2737367544323206e-12,optimal
q3_fixed_clustered,2025-09-26,0,clustered,144,0,0.0,1.8189894035458565e-12,optimal
q3_fixed_clustered,2025-09-26,6,clustered,108,0,0.0,9.094947017729282e-13,optimal
q3_fixed_clustered,2025-09-26,12,clustered,72,0,0.0,6.139089236967266e-12,optimal
q3_fixed_clustered,2025-09-26,18,clustered,36,0,0.0,2.0463630789890885e-12,optimal
q3_fixed_clustered,2025-09-27,0,clustered,144,0,0.0,9.094947017729282e-13,optimal
q3_fixed_clustered,2025-09-27,6,clustered,108,0,0.0,9.094947017729282e-13,optimal
q3_fixed_clustered,2025-09-27,12,clustered,72,0,0.0,4.547473508864641e-13,optimal
q3_fixed_clustered,2025-09-27,18,clustered,36,0,0.0,6.821210263296962e-13,optimal
q3_fixed_clustered,2025-09-28,0,clustered,144,0,0.0,4.547473508864641e-13,optimal
q3_fixed_clustered,2025-09-28,6,clustered,108,0,0.0,9.094947017729282e-13,optimal
q3_fixed_clustered,2025-09-28,12,clustered,72,0,0.0,4.547473508864641e-13,optimal
q3_fixed_clustered,2025-09-28,18,clustered,36,0,0.0,2.2737367544323206e-13,optimal
q3_fixed_clustered,2025-09-29,0,clustered,144,0,0.0,2.2737367544323206e-13,optimal
q3_fixed_clustered,2025-09-29,6,clustered,108,0,0.0,2.2737367544323206e-13,optimal
q3_fixed_clustered,2025-09-29,12,clustered,72,0,0.0,4.547473508864641e-13,optimal
q3_fixed_clustered,2025-09-29,18,clustered,36,0,0.0,4.547473508864641e-13,optimal
q3_fixed_clustered,2025-09-30,0,clustered,144,0,0.0,2.2737367544323206e-13,optimal
q3_fixed_clustered,2025-09-30,6,clustered,108,0,0.0,6.821210263296962e-13,optimal
q3_fixed_clustered,2025-09-30,12,clustered,72,0,0.0,1.8189894035458565e-12,optimal
q3_fixed_clustered,2025-09-30,18,clustered,36,0,0.0,2.2737367544323206e-13,optimal
q3_fixed_clustered,2025-10-01,0,clustered,144,0,0.0,4.547473508864641e-13,optimal
q3_fixed_clustered,2025-10-01,6,clustered,108,0,0.0,9.094947017729282e-13,optimal
q3_fixed_clustered,2025-10-01,12,clustered,72,0,0.0,1.8189894035458565e-12,optimal
q3_fixed_clustered,2025-10-01,18,clustered,36,0,0.0,2.2737367544323206e-13,optimal
q3_fixed_clustered,2025-10-02,0,clustered,144,0,0.0,2.2737367544323206e-13,optimal
q3_fixed_clustered,2025-10-02,6,clustered,108,0,0.0,1.8189894035458565e-12,optimal
q3_fixed_clustered,2025-10-02,12,clustered,72,0,0.0,2.2737367544323206e-13,optimal
q3_fixed_clustered,2025-10-02,18,clustered,36,0,0.0,1.8189894035458565e-12,optimal
q3_fixed_clustered,2025-10-03,0,clustered,144,0,0.0,2.2737367544323206e-13,optimal
q3_fixed_clustered,2025-10-03,6,clustered,108,0,0.0,9.094947017729282e-13,optimal
q3_fixed_clustered,2025-10-03,12,clustered,72,0,0.0,9.094947017729282e-13,optimal
q3_fixed_clustered,2025-10-03,18,clustered,36,0,0.0,1.1368683772161603e-12,optimal
q3_fixed_clustered,2025-10-04,0,clustered,144,0,0.0,1.8189894035458565e-12,optimal
q3_fixed_clustered,2025-10-04,6,clustered,108,0,0.0,4.547473508864641e-13,optimal
q3_fixed_clustered,2025-10-04,12,clustered,72,0,0.0,2.9558577807620168e-12,optimal
q3_fixed_clustered,2025-10-04,18,clustered,36,0,0.0,1.1368683772161603e-12,optimal
q3_fixed_clustered,2025-10-05,0,clustered,144,0,0.0,9.094947017729282e-13,optimal
q3_fixed_clustered,2025-10-05,6,clustered,108,0,0.0,9.094947017729282e-13,optimal
q3_fixed_clustered,2025-10-05,12,clustered,72,0,0.0,1.1368683772161603e-12,optimal
q3_fixed_clustered,2025-10-05,18,clustered,36,0,0.0,4.547473508864641e-13,optimal
q3_fixed_clustered,2025-10-06,0,clustered,144,0,0.0,4.547473508864641e-13,optimal
q3_fixed_clustered,2025-10-06,6,clustered,108,0,0.0,9.094947017729282e-13,optimal
q3_fixed_clustered,2025-10-06,12,clustered,72,0,0.0,9.094947017729282e-13,optimal
q3_fixed_clustered,2025-10-06,18,clustered,36,0,0.0,9.094947017729282e-13,optimal
q3_fixed_clustered,2025-10-07,0,clustered,144,0,0.0,2.2737367544323206e-13,optimal
q3_fixed_clustered,2025-10-07,6,clustered,108,0,0.0,9.094947017729282e-13,optimal
q3_fixed_clustered,2025-10-07,12,clustered,72,0,0.0,9.094947017729282e-13,optimal
q3_fixed_clustered,2025-10-07,18,clustered,36,0,0.0,3.183231456205249e-12,optimal
q3_fixed_clustered,2025-10-08,0,clustered,144,0,0.0,4.547473508864641e-13,optimal
q3_fixed_clustered,2025-10-08,6,clustered,108,0,0.0,2.0463630789890885e-12,optimal
q3_fixed_clustered,2025-10-08,12,clustered,72,0,0.0,2.2737367544323206e-13,optimal
q3_fixed_clustered,2025-10-08,18,clustered,36,0,0.0,1.3642420526593924e-12,optimal
q3_fixed_clustered,2025-10-09,0,clustered,144,0,0.0,2.2737367544323206e-13,optimal
q3_fixed_clustered,2025-10-09,6,clustered,108,0,0.0,4.547473508864641e-13,optimal
q3_fixed_clustered,2025-10-09,12,clustered,72,0,0.0,1.3642420526593924e-12,optimal
q3_fixed_clustered,2025-10-09,18,clustered,36,0,0.0,4.547473508864641e-13,optimal
q3_fixed_clustered,2025-10-10,0,clustered,144,0,0.0,4.547473508864641e-13,optimal
q3_fixed_clustered,2025-10-10,6,clustered,108,0,0.0,9.094947017729282e-13,optimal
q3_fixed_clustered,2025-10-10,12,clustered,72,0,0.0,3.183231456205249e-12,optimal
q3_fixed_clustered,2025-10-10,18,clustered,36,0,0.0,1.1368683772161603e-13,optimal
q3_fixed_clustered,2025-10-11,0,clustered,144,0,0.0,2.2737367544323206e-13,optimal
q3_fixed_clustered,2025-10-11,6,clustered,108,0,0.0,9.094947017729282e-13,optimal
q3_fixed_clustered,2025-10-11,12,clustered,72,0,0.0,6.821210263296962e-13,optimal
q3_fixed_clustered,2025-10-11,18,clustered,36,0,0.0,9.094947017729282e-13,optimal
q3_fixed_clustered,2025-10-12,0,clustered,144,0,0.0,4.547473508864641e-13,optimal
q3_fixed_clustered,2025-10-12,6,clustered,108,0,0.0,1.1368683772161603e-13,optimal
q3_fixed_clustered,2025-10-12,12,clustered,72,0,0.0,2.0463630789890885e-12,optimal
q3_fixed_clustered,2025-10-12,18,clustered,36,0,0.0,1.1368683772161603e-12,optimal
q3_fixed_clustered,2025-10-13,0,clustered,144,0,0.0,1.8189894035458565e-12,optimal
q3_fixed_clustered,2025-10-13,6,clustered,108,0,0.0,9.094947017729282e-13,optimal
q3_fixed_clustered,2025-10-13,12,clustered,72,0,0.0,1.8189894035458565e-12,optimal
q3_fixed_clustered,2025-10-13,18,clustered,36,0,0.0,2.2737367544323206e-13,optimal
q3_fixed_clustered,2025-10-14,0,clustered,144,0,0.0,9.094947017729282e-13,optimal
q3_fixed_clustered,2025-10-14,6,clustered,108,0,0.0,4.092726157978177e-12,optimal
q3_fixed_clustered,2025-10-14,12,clustered,72,0,0.0,1.1368683772161603e-13,optimal
q3_fixed_clustered,2025-10-14,18,clustered,36,0,0.0,6.821210263296962e-13,optimal
q3_fixed_clustered,2025-10-15,0,clustered,144,0,0.0,9.094947017729282e-13,optimal
q3_fixed_clustered,2025-10-15,6,clustered,108,0,0.0,2.2737367544323206e-13,optimal
q3_fixed_clustered,2025-10-15,12,clustered,72,0,0.0,1.3642420526593924e-12,optimal
q3_fixed_clustered,2025-10-15,18,clustered,36,0,0.0,7.16227077646181e-12,optimal
q3_fixed_clustered,2025-10-16,0,clustered,144,0,0.0,9.094947017729282e-13,optimal
q3_fixed_clustered,2025-10-16,6,clustered,108,0,0.0,9.094947017729282e-13,optimal
q3_fixed_clustered,2025-10-16,12,clustered,72,0,0.0,6.59383658785373e-12,optimal
q3_fixed_clustered,2025-10-16,18,clustered,36,0,0.0,4.547473508864641e-13,optimal
q3_fixed_clustered,2025-10-17,0,clustered,144,0,0.0,9.094947017729282e-13,optimal
q3_fixed_clustered,2025-10-17,6,clustered,108,0,0.0,9.094947017729282e-13,optimal
q3_fixed_clustered,2025-10-17,12,clustered,72,0,0.0,9.094947017729282e-13,optimal
q3_fixed_clustered,2025-10-17,18,clustered,36,0,0.0,9.094947017729282e-13,optimal
q3_fixed_clustered,2025-10-18,0,clustered,144,0,0.0,9.094947017729282e-13,optimal
q3_fixed_clustered,2025-10-18,6,clustered,108,0,0.0,2.2737367544323206e-13,optimal
q3_fixed_clustered,2025-10-18,12,clustered,72,0,0.0,1.5916157281026244e-12,optimal
q3_fixed_clustered,2025-10-18,18,clustered,36,0,0.0,2.2737367544323206e-12,optimal
q3_fixed_clustered,2025-10-19,0,clustered,144,0,0.0,9.094947017729282e-13,optimal
q3_fixed_clustered,2025-10-19,6,clustered,108,0,0.0,2.2737367544323206e-13,optimal
q3_fixed_clustered,2025-10-19,12,clustered,72,0,0.0,9.094947017729282e-13,optimal
q3_fixed_clustered,2025-10-19,18,clustered,36,0,0.0,2.2737367544323206e-13,optimal
q3_fixed_clustered,2025-10-20,0,clustered,144,0,0.0,1.8189894035458565e-12,optimal
q3_fixed_clustered,2025-10-20,6,clustered,108,0,0.0,9.094947017729282e-13,optimal
q3_fixed_clustered,2025-10-20,12,clustered,72,0,0.0,4.547473508864641e-13,optimal
q3_fixed_clustered,2025-10-20,18,clustered,36,0,0.0,1.5916157281026244e-12,optimal
q3_fixed_clustered,2025-10-21,0,clustered,144,0,0.0,1.8189894035458565e-12,optimal
q3_fixed_clustered,2025-10-21,6,clustered,108,0,0.0,9.094947017729282e-13,optimal
q3_fixed_clustered,2025-10-21,12,clustered,72,0,0.0,9.094947017729282e-13,optimal
q3_fixed_clustered,2025-10-21,18,clustered,36,0,0.0,2.9558577807620168e-12,optimal
q3_fixed_clustered,2025-10-22,0,clustered,144,0,0.0,1.8189894035458565e-12,optimal
q3_fixed_clustered,2025-10-22,6,clustered,108,0,0.0,2.0463630789890885e-12,optimal
q3_fixed_clustered,2025-10-22,12,clustered,72,0,0.0,3.637978807091713e-12,optimal
q3_fixed_clustered,2025-10-22,18,clustered,36,0,0.0,2.7284841053187847e-12,optimal
q3_fixed_clustered,2025-10-23,0,clustered,144,0,0.0,1.1368683772161603e-13,optimal
q3_fixed_clustered,2025-10-23,6,clustered,108,0,0.0,9.094947017729282e-13,optimal
q3_fixed_clustered,2025-10-23,12,clustered,72,0,0.0,9.094947017729282e-13,optimal
q3_fixed_clustered,2025-10-23,18,clustered,36,0,0.0,9.094947017729282e-13,optimal
q3_fixed_clustered,2025-10-24,0,clustered,144,0,0.0,9.094947017729282e-13,optimal
q3_fixed_clustered,2025-10-24,6,clustered,108,0,0.0,9.094947017729282e-13,optimal
q3_fixed_clustered,2025-10-24,12,clustered,72,0,0.0,9.094947017729282e-13,optimal
q3_fixed_clustered,2025-10-24,18,clustered,36,0,0.0,9.094947017729282e-13,optimal
q3_fixed_clustered,2025-10-25,0,clustered,144,0,0.0,9.094947017729282e-13,optimal
q3_fixed_clustered,2025-10-25,6,clustered,108,0,0.0,4.547473508864641e-13,optimal
q3_fixed_clustered,2025-10-25,12,clustered,72,0,0.0,4.547473508864641e-13,optimal
q3_fixed_clustered,2025-10-25,18,clustered,36,0,0.0,2.2737367544323206e-13,optimal
q3_fixed_clustered,2025-10-26,0,clustered,144,0,0.0,9.094947017729282e-13,optimal
q3_fixed_clustered,2025-10-26,6,clustered,108,0,0.0,4.547473508864641e-13,optimal
q3_fixed_clustered,2025-10-26,12,clustered,72,0,0.0,4.547473508864641e-13,optimal
q3_fixed_clustered,2025-10-26,18,clustered,36,0,0.0,2.2737367544323206e-13,optimal
q3_fixed_clustered,2025-10-27,0,clustered,144,0,0.0,9.094947017729282e-13,optimal
q3_fixed_clustered,2025-10-27,6,clustered,108,0,0.0,9.094947017729282e-13,optimal
q3_fixed_clustered,2025-10-27,12,clustered,72,0,0.0,1.1368683772161603e-13,optimal
q3_fixed_clustered,2025-10-27,18,clustered,36,0,0.0,1.3642420526593924e-12,optimal
q3_fixed_clustered,2025-10-28,0,clustered,144,0,0.0,1.8189894035458565e-12,optimal
q3_fixed_clustered,2025-10-28,6,clustered,108,0,0.0,4.547473508864641e-13,optimal
q3_fixed_clustered,2025-10-28,12,clustered,72,0,0.0,9.094947017729282e-13,optimal
q3_fixed_clustered,2025-10-28,18,clustered,36,0,0.0,2.2737367544323206e-12,optimal
q3_fixed_clustered,2025-10-29,0,clustered,144,0,0.0,9.094947017729282e-13,optimal
q3_fixed_clustered,2025-10-29,6,clustered,108,0,0.0,9.094947017729282e-13,optimal
q3_fixed_clustered,2025-10-29,12,clustered,72,0,0.0,6.821210263296962e-13,optimal
q3_fixed_clustered,2025-10-29,18,clustered,36,0,0.0,4.547473508864641e-13,optimal
q3_fixed_clustered,2025-10-30,0,clustered,144,0,0.0,9.094947017729282e-13,optimal
q3_fixed_clustered,2025-10-30,6,clustered,108,0,0.0,1.8189894035458565e-12,optimal
q3_fixed_clustered,2025-10-30,12,clustered,72,0,0.0,1.1368683772161603e-13,optimal
q3_fixed_clustered,2025-10-30,18,clustered,36,0,0.0,2.2737367544323206e-13,optimal
q3_fixed_clustered,2025-10-31,0,clustered,144,0,0.0,1.8189894035458565e-12,optimal
q3_fixed_clustered,2025-10-31,6,clustered,108,0,0.0,4.547473508864641e-13,optimal
q3_fixed_clustered,2025-10-31,12,clustered,72,0,0.0,9.094947017729282e-13,optimal
q3_fixed_clustered,2025-10-31,18,clustered,36,0,0.0,1.8189894035458565e-12,optimal
q3_fixed_clustered,2025-11-01,0,clustered,144,0,0.0,4.547473508864641e-13,optimal
q3_fixed_clustered,2025-11-01,6,clustered,108,0,0.0,9.094947017729282e-13,optimal
q3_fixed_clustered,2025-11-01,12,clustered,72,0,0.0,4.547473508864641e-13,optimal
q3_fixed_clustered,2025-11-01,18,clustered,36,0,0.0,1.3642420526593924e-12,optimal
q3_fixed_clustered,2025-11-02,0,clustered,144,0,0.0,9.094947017729282e-13,optimal
q3_fixed_clustered,2025-11-02,6,clustered,108,0,0.0,1.8189894035458565e-12,optimal
q3_fixed_clustered,2025-11-02,12,clustered,72,0,0.0,6.821210263296962e-13,optimal
q3_fixed_clustered,2025-11-02,18,clustered,36,0,0.0,1.1368683772161603e-12,optimal
q3_fixed_clustered,2025-11-03,0,clustered,144,0,0.0,1.8189894035458565e-12,optimal
q3_fixed_clustered,2025-11-03,6,clustered,108,0,0.0,9.094947017729282e-13,optimal
q3_fixed_clustered,2025-11-03,12,clustered,72,0,0.0,1.1368683772161603e-12,optimal
q3_fixed_clustered,2025-11-03,18,clustered,36,0,0.0,1.1368683772161603e-12,optimal
q3_fixed_clustered,2025-11-04,0,clustered,144,0,0.0,9.094947017729282e-13,optimal
q3_fixed_clustered,2025-11-04,6,clustered,108,0,0.0,9.094947017729282e-13,optimal
q3_fixed_clustered,2025-11-04,12,clustered,72,0,0.0,2.2737367544323206e-12,optimal
q3_fixed_clustered,2025-11-04,18,clustered,36,0,0.0,1.1368683772161603e-12,optimal
q3_fixed_clustered,2025-11-05,0,clustered,144,0,0.0,9.094947017729282e-13,optimal
q3_fixed_clustered,2025-11-05,6,clustered,108,0,0.0,1.1368683772161603e-13,optimal
q3_fixed_clustered,2025-11-05,12,clustered,72,0,0.0,1.3642420526593924e-12,optimal
q3_fixed_clustered,2025-11-05,18,clustered,36,0,0.0,2.7284841053187847e-12,optimal
q3_fixed_clustered,2025-11-06,0,clustered,144,0,0.0,9.094947017729282e-13,optimal
q3_fixed_clustered,2025-11-06,6,clustered,108,0,0.0,1.8189894035458565e-12,optimal
q3_fixed_clustered,2025-11-06,12,clustered,72,0,0.0,3.296918293926865e-12,optimal
q3_fixed_clustered,2025-11-06,18,clustered,36,0,0.0,2.0463630789890885e-12,optimal
q3_fixed_clustered,2025-11-07,0,clustered,144,0,0.0,4.547473508864641e-13,optimal
q3_fixed_clustered,2025-11-07,6,clustered,108,0,0.0,2.2737367544323206e-13,optimal
q3_fixed_clustered,2025-11-07,12,clustered,72,0,0.0,4.547473508864641e-13,optimal
q3_fixed_clustered,2025-11-07,18,clustered,36,0,0.0,2.9558577807620168e-12,optimal
q3_fixed_clustered,2025-11-08,0,clustered,144,0,0.0,1.8189894035458565e-12,optimal
q3_fixed_clustered,2025-11-08,6,clustered,108,0,0.0,9.094947017729282e-13,optimal
q3_fixed_clustered,2025-11-08,12,clustered,72,0,0.0,1.1368683772161603e-13,optimal
q3_fixed_clustered,2025-11-08,18,clustered,36,0,0.0,9.094947017729282e-13,optimal
q3_fixed_clustered,2025-11-09,0,clustered,144,0,0.0,9.094947017729282e-13,optimal
q3_fixed_clustered,2025-11-09,6,clustered,108,0,0.0,9.094947017729282e-13,optimal
q3_fixed_clustered,2025-11-09,12,clustered,72,0,0.0,9.094947017729282e-13,optimal
q3_fixed_clustered,2025-11-09,18,clustered,36,0,0.0,1.8189894035458565e-12,optimal
q3_fixed_clustered,2025-11-10,0,clustered,144,0,0.0,2.2737367544323206e-13,optimal
q3_fixed_clustered,2025-11-10,6,clustered,108,0,0.0,9.094947017729282e-13,optimal
q3_fixed_clustered,2025-11-10,12,clustered,72,0,0.0,1.1368683772161603e-12,optimal
q3_fixed_clustered,2025-11-10,18,clustered,36,0,0.0,7.73070496506989e-12,optimal
q3_fixed_clustered,2025-11-11,0,clustered,144,0,0.0,4.547473508864641e-13,optimal
q3_fixed_clustered,2025-11-11,6,clustered,108,0,0.0,1.8189894035458565e-12,optimal
q3_fixed_clustered,2025-11-11,12,clustered,72,0,0.0,9.094947017729282e-13,optimal
q3_fixed_clustered,2025-11-11,18,clustered,36,0,0.0,1.1368683772161603e-12,optimal
q3_fixed_clustered,2025-11-12,0,clustered,144,0,0.0,9.094947017729282e-13,optimal
q3_fixed_clustered,2025-11-12,6,clustered,108,0,0.0,4.547473508864641e-13,optimal
q3_fixed_clustered,2025-11-12,12,clustered,72,0,0.0,9.094947017729282e-13,optimal
q3_fixed_clustered,2025-11-12,18,clustered,36,0,0.0,1.8189894035458565e-12,optimal
q3_fixed_clustered,2025-11-13,0,clustered,144,0,0.0,9.094947017729282e-13,optimal
q3_fixed_clustered,2025-11-13,6,clustered,108,0,0.0,9.094947017729282e-13,optimal
q3_fixed_clustered,2025-11-13,12,clustered,72,0,0.0,4.547473508864641e-13,optimal
q3_fixed_clustered,2025-11-13,18,clustered,36,0,0.0,1.8189894035458565e-12,optimal
q3_fixed_clustered,2025-11-14,0,clustered,144,0,0.0,9.094947017729282e-13,optimal
q3_fixed_clustered,2025-11-14,6,clustered,108,0,0.0,9.094947017729282e-13,optimal
q3_fixed_clustered,2025-11-14,12,clustered,72,0,0.0,1.8189894035458565e-12,optimal
q3_fixed_clustered,2025-11-14,18,clustered,36,0,0.0,1.1368683772161603e-12,optimal
q3_fixed_clustered,2025-11-15,0,clustered,144,0,0.0,1.8189894035458565e-12,optimal
q3_fixed_clustered,2025-11-15,6,clustered,108,0,0.0,9.094947017729282e-13,optimal
q3_fixed_clustered,2025-11-15,12,clustered,72,0,0.0,1.8189894035458565e-12,optimal
q3_fixed_clustered,2025-11-15,18,clustered,36,0,0.0,1.5916157281026244e-12,optimal
q3_fixed_clustered,2025-11-16,0,clustered,144,0,0.0,1.8189894035458565e-12,optimal
q3_fixed_clustered,2025-11-16,6,clustered,108,0,0.0,9.094947017729282e-13,optimal
q3_fixed_clustered,2025-11-16,12,clustered,72,0,0.0,9.094947017729282e-13,optimal
q3_fixed_clustered,2025-11-16,18,clustered,36,0,0.0,1.3642420526593924e-12,optimal
q3_fixed_clustered,2025-11-17,0,clustered,144,0,0.0,9.094947017729282e-13,optimal
q3_fixed_clustered,2025-11-17,6,clustered,108,0,0.0,1.8189894035458565e-12,optimal
q3_fixed_clustered,2025-11-17,12,clustered,72,0,0.0,9.094947017729282e-13,optimal
q3_fixed_clustered,2025-11-17,18,clustered,36,0,0.0,9.094947017729282e-13,optimal
q3_fixed_clustered,2025-11-18,0,clustered,144,0,0.0,9.094947017729282e-13,optimal
q3_fixed_clustered,2025-11-18,6,clustered,108,0,0.0,1.1368683772161603e-13,optimal
q3_fixed_clustered,2025-11-18,12,clustered,72,0,0.0,4.547473508864641e-13,optimal
q3_fixed_clustered,2025-11-18,18,clustered,36,0,0.0,1.8189894035458565e-12,optimal
q3_fixed_clustered,2025-11-19,0,clustered,144,0,0.0,9.094947017729282e-13,optimal
q3_fixed_clustered,2025-11-19,6,clustered,108,0,0.0,9.094947017729282e-13,optimal
q3_fixed_clustered,2025-11-19,12,clustered,72,0,0.0,4.547473508864641e-13,optimal
q3_fixed_clustered,2025-11-19,18,clustered,36,0,0.0,9.094947017729282e-13,optimal
q3_fixed_clustered,2025-11-20,0,clustered,144,0,0.0,9.094947017729282e-13,optimal
q3_fixed_clustered,2025-11-20,6,clustered,108,0,0.0,9.094947017729282e-13,optimal
q3_fixed_clustered,2025-11-20,12,clustered,72,0,0.0,1.8189894035458565e-12,optimal
q3_fixed_clustered,2025-11-20,18,clustered,36,0,0.0,1.1368683772161603e-13,optimal
q3_fixed_clustered,2025-11-21,0,clustered,144,0,0.0,9.094947017729282e-13,optimal
q3_fixed_clustered,2025-11-21,6,clustered,108,0,0.0,2.2737367544323206e-13,optimal
q3_fixed_clustered,2025-11-21,12,clustered,72,0,0.0,2.2737367544323206e-13,optimal
q3_fixed_clustered,2025-11-21,18,clustered,36,0,0.0,2.2737367544323206e-12,optimal
q3_fixed_clustered,2025-11-22,0,clustered,144,0,0.0,9.094947017729282e-13,optimal
q3_fixed_clustered,2025-11-22,6,clustered,108,0,0.0,9.094947017729282e-13,optimal
q3_fixed_clustered,2025-11-22,12,clustered,72,0,0.0,9.094947017729282e-13,optimal
q3_fixed_clustered,2025-11-22,18,clustered,36,0,0.0,1.3642420526593924e-12,optimal
q3_fixed_clustered,2025-11-23,0,clustered,144,0,0.0,2.2737367544323206e-13,optimal
q3_fixed_clustered,2025-11-23,6,clustered,108,0,0.0,1.8189894035458565e-12,optimal
q3_fixed_clustered,2025-11-23,12,clustered,72,0,0.0,3.183231456205249e-12,optimal
q3_fixed_clustered,2025-11-23,18,clustered,36,0,0.0,1.5916157281026244e-12,optimal
q3_fixed_clustered,2025-11-24,0,clustered,144,0,0.0,9.094947017729282e-13,optimal
q3_fixed_clustered,2025-11-24,6,clustered,108,0,0.0,9.094947017729282e-13,optimal
q3_fixed_clustered,2025-11-24,12,clustered,72,0,0.0,9.094947017729282e-13,optimal
q3_fixed_clustered,2025-11-24,18,clustered,36,0,0.0,9.094947017729282e-13,optimal
q3_fixed_clustered,2025-11-25,0,clustered,144,0,0.0,4.547473508864641e-13,optimal
q3_fixed_clustered,2025-11-25,6,clustered,108,0,0.0,9.094947017729282e-13,optimal
q3_fixed_clustered,2025-11-25,12,clustered,72,0,0.0,2.2737367544323206e-13,optimal
q3_fixed_clustered,2025-11-25,18,clustered,36,0,0.0,1.3642420526593924e-12,optimal
q3_fixed_clustered,2025-11-26,0,clustered,144,0,0.0,9.094947017729282e-13,optimal
q3_fixed_clustered,2025-11-26,6,clustered,108,0,0.0,9.094947017729282e-13,optimal
q3_fixed_clustered,2025-11-26,12,clustered,72,0,0.0,9.094947017729282e-13,optimal
q3_fixed_clustered,2025-11-26,18,clustered,36,0,0.0,9.094947017729282e-13,optimal
q3_fixed_clustered,2025-11-27,0,clustered,144,0,0.0,9.094947017729282e-13,optimal
q3_fixed_clustered,2025-11-27,6,clustered,108,0,0.0,9.094947017729282e-13,optimal
q3_fixed_clustered,2025-11-27,12,clustered,72,0,0.0,4.547473508864641e-13,optimal
q3_fixed_clustered,2025-11-27,18,clustered,36,0,0.0,9.094947017729282e-13,optimal
q3_fixed_clustered,2025-11-28,0,clustered,144,0,0.0,9.094947017729282e-13,optimal
q3_fixed_clustered,2025-11-28,6,clustered,108,0,0.0,9.094947017729282e-13,optimal
q3_fixed_clustered,2025-11-28,12,clustered,72,0,0.0,4.774847184307873e-12,optimal
q3_fixed_clustered,2025-11-28,18,clustered,36,0,0.0,1.3642420526593924e-12,optimal
q3_fixed_clustered,2025-11-29,0,clustered,144,0,0.0,9.094947017729282e-13,optimal
q3_fixed_clustered,2025-11-29,6,clustered,108,0,0.0,9.094947017729282e-13,optimal
q3_fixed_clustered,2025-11-29,12,clustered,72,0,0.0,1.8189894035458565e-12,optimal
q3_fixed_clustered,2025-11-29,18,clustered,36,0,0.0,1.5916157281026244e-12,optimal
q3_fixed_clustered,2025-11-30,0,clustered,144,0,0.0,9.094947017729282e-13,optimal
q3_fixed_clustered,2025-11-30,6,clustered,108,0,0.0,9.094947017729282e-13,optimal
q3_fixed_clustered,2025-11-30,12,clustered,72,0,0.0,9.094947017729282e-13,optimal
q3_fixed_clustered,2025-11-30,18,clustered,36,0,0.0,2.7284841053187847e-12,optimal
q3_fixed_clustered,2025-12-01,0,clustered,144,0,0.0,9.094947017729282e-13,optimal
q3_fixed_clustered,2025-12-01,6,clustered,108,0,0.0,9.094947017729282e-13,optimal
q3_fixed_clustered,2025-12-01,12,clustered,72,0,0.0,1.8189894035458565e-12,optimal
q3_fixed_clustered,2025-12-01,18,clustered,36,0,0.0,4.547473508864641e-13,optimal
q3_fixed_clustered,2025-12-02,0,clustered,144,0,0.0,2.2737367544323206e-13,optimal
q3_fixed_clustered,2025-12-02,6,clustered,108,0,0.0,1.1368683772161603e-12,optimal
q3_fixed_clustered,2025-12-02,12,clustered,72,0,0.0,4.547473508864641e-13,optimal
q3_fixed_clustered,2025-12-02,18,clustered,36,0,0.0,4.547473508864641e-13,optimal
q3_fixed_clustered,2025-12-03,0,clustered,144,0,0.0,1.8189894035458565e-12,optimal
q3_fixed_clustered,2025-12-03,6,clustered,108,0,0.0,9.094947017729282e-13,optimal
q3_fixed_clustered,2025-12-03,12,clustered,72,0,0.0,4.547473508864641e-13,optimal
q3_fixed_clustered,2025-12-03,18,clustered,36,0,0.0,9.094947017729282e-13,optimal
q3_fixed_clustered,2025-12-04,0,clustered,144,0,0.0,9.094947017729282e-13,optimal
q3_fixed_clustered,2025-12-04,6,clustered,108,0,0.0,1.8189894035458565e-12,optimal
q3_fixed_clustered,2025-12-04,12,clustered,72,0,0.0,9.094947017729282e-13,optimal
q3_fixed_clustered,2025-12-04,18,clustered,36,0,0.0,6.821210263296962e-13,optimal
q3_fixed_clustered,2025-12-05,0,clustered,144,0,0.0,9.094947017729282e-13,optimal
q3_fixed_clustered,2025-12-05,6,clustered,108,0,0.0,1.8189894035458565e-12,optimal
q3_fixed_clustered,2025-12-05,12,clustered,72,0,0.0,2.2737367544323206e-13,optimal
q3_fixed_clustered,2025-12-05,18,clustered,36,0,0.0,9.094947017729282e-13,optimal
q3_fixed_clustered,2025-12-06,0,clustered,144,0,0.0,4.547473508864641e-13,optimal
q3_fixed_clustered,2025-12-06,6,clustered,108,0,0.0,9.094947017729282e-13,optimal
q3_fixed_clustered,2025-12-06,12,clustered,72,0,0.0,1.8189894035458565e-12,optimal
q3_fixed_clustered,2025-12-06,18,clustered,36,0,0.0,9.094947017729282e-13,optimal
q3_fixed_clustered,2025-12-07,0,clustered,144,0,0.0,2.2737367544323206e-13,optimal
q3_fixed_clustered,2025-12-07,6,clustered,108,0,0.0,9.094947017729282e-13,optimal
q3_fixed_clustered,2025-12-07,12,clustered,72,0,0.0,4.320099833421409e-12,optimal
q3_fixed_clustered,2025-12-07,18,clustered,36,0,0.0,9.094947017729282e-13,optimal
q3_fixed_clustered,2025-12-08,0,clustered,144,0,0.0,9.094947017729282e-13,optimal
q3_fixed_clustered,2025-12-08,6,clustered,108,0,0.0,9.094947017729282e-13,optimal
q3_fixed_clustered,2025-12-08,12,clustered,72,0,0.0,9.094947017729282e-13,optimal
q3_fixed_clustered,2025-12-08,18,clustered,36,0,0.0,2.2737367544323206e-12,optimal
q3_fixed_clustered,2025-12-09,0,clustered,144,0,0.0,9.094947017729282e-13,optimal
q3_fixed_clustered,2025-12-09,6,clustered,108,0,0.0,9.094947017729282e-13,optimal
q3_fixed_clustered,2025-12-09,12,clustered,72,0,0.0,2.7284841053187847e-12,optimal
q3_fixed_clustered,2025-12-09,18,clustered,36,0,0.0,2.0463630789890885e-12,optimal
q3_fixed_clustered,2025-12-10,0,clustered,144,0,0.0,3.637978807091713e-12,optimal
q3_fixed_clustered,2025-12-10,6,clustered,108,0,0.0,9.094947017729282e-13,optimal
q3_fixed_clustered,2025-12-10,12,clustered,72,0,0.0,9.094947017729282e-13,optimal
q3_fixed_clustered,2025-12-10,18,clustered,36,0,0.0,6.821210263296962e-13,optimal
q3_fixed_clustered,2025-12-11,0,clustered,144,0,0.0,2.2737367544323206e-13,optimal
q3_fixed_clustered,2025-12-11,6,clustered,108,0,0.0,9.094947017729282e-13,optimal
q3_fixed_clustered,2025-12-11,12,clustered,72,0,0.0,1.8189894035458565e-12,optimal
q3_fixed_clustered,2025-12-11,18,clustered,36,0,0.0,1.1368683772161603e-12,optimal
q3_fixed_clustered,2025-12-12,0,clustered,144,0,0.0,1.8189894035458565e-12,optimal
q3_fixed_clustered,2025-12-12,6,clustered,108,0,0.0,9.094947017729282e-13,optimal
q3_fixed_clustered,2025-12-12,12,clustered,72,0,0.0,9.094947017729282e-13,optimal
q3_fixed_clustered,2025-12-12,18,clustered,36,0,0.0,2.2737367544323206e-12,optimal
q3_fixed_clustered,2025-12-13,0,clustered,144,0,0.0,9.094947017729282e-13,optimal
q3_fixed_clustered,2025-12-13,6,clustered,108,0,0.0,9.094947017729282e-13,optimal
q3_fixed_clustered,2025-12-13,12,clustered,72,0,0.0,9.094947017729282e-13,optimal
q3_fixed_clustered,2025-12-13,18,clustered,36,0,0.0,1.5916157281026244e-12,optimal
q3_fixed_clustered,2025-12-14,0,clustered,144,0,0.0,9.094947017729282e-13,optimal
q3_fixed_clustered,2025-12-14,6,clustered,108,0,0.0,9.094947017729282e-13,optimal
q3_fixed_clustered,2025-12-14,12,clustered,72,0,0.0,9.094947017729282e-13,optimal
q3_fixed_clustered,2025-12-14,18,clustered,36,0,0.0,9.094947017729282e-13,optimal
q3_fixed_clustered,2025-12-15,0,clustered,144,0,0.0,9.094947017729282e-13,optimal
q3_fixed_clustered,2025-12-15,6,clustered,108,0,0.0,9.094947017729282e-13,optimal
q3_fixed_clustered,2025-12-15,12,clustered,72,0,0.0,9.094947017729282e-13,optimal
q3_fixed_clustered,2025-12-15,18,clustered,36,0,0.0,2.9558577807620168e-12,optimal
q3_fixed_clustered,2025-12-16,0,clustered,144,0,0.0,9.094947017729282e-13,optimal
q3_fixed_clustered,2025-12-16,6,clustered,108,0,0.0,1.8189894035458565e-12,optimal
q3_fixed_clustered,2025-12-16,12,clustered,72,0,0.0,9.094947017729282e-13,optimal
q3_fixed_clustered,2025-12-16,18,clustered,36,0,0.0,1.5916157281026244e-12,optimal
q3_fixed_clustered,2025-12-17,0,clustered,144,0,0.0,1.8189894035458565e-12,optimal
q3_fixed_clustered,2025-12-17,6,clustered,108,0,0.0,1.8189894035458565e-12,optimal
q3_fixed_clustered,2025-12-17,12,clustered,72,0,0.0,6.821210263296962e-13,optimal
q3_fixed_clustered,2025-12-17,18,clustered,36,0,0.0,4.547473508864641e-13,optimal
q3_fixed_clustered,2025-12-18,0,clustered,144,0,0.0,1.8189894035458565e-12,optimal
q3_fixed_clustered,2025-12-18,6,clustered,108,0,0.0,1.8189894035458565e-12,optimal
q3_fixed_clustered,2025-12-18,12,clustered,72,0,0.0,9.094947017729282e-13,optimal
q3_fixed_clustered,2025-12-18,18,clustered,36,0,0.0,2.9558577807620168e-12,optimal
q3_fixed_clustered,2025-12-19,0,clustered,144,0,0.0,4.547473508864641e-13,optimal
q3_fixed_clustered,2025-12-19,6,clustered,108,0,0.0,9.094947017729282e-13,optimal
q3_fixed_clustered,2025-12-19,12,clustered,72,0,0.0,9.094947017729282e-13,optimal
q3_fixed_clustered,2025-12-19,18,clustered,36,0,0.0,9.094947017729282e-13,optimal
q3_fixed_clustered,2025-12-20,0,clustered,144,0,0.0,1.8189894035458565e-12,optimal
q3_fixed_clustered,2025-12-20,6,clustered,108,0,0.0,9.094947017729282e-13,optimal
q3_fixed_clustered,2025-12-20,12,clustered,72,0,0.0,9.094947017729282e-13,optimal
q3_fixed_clustered,2025-12-20,18,clustered,36,0,0.0,9.094947017729282e-13,optimal
q3_fixed_clustered,2025-12-21,0,clustered,144,0,0.0,2.2737367544323206e-13,optimal
q3_fixed_clustered,2025-12-21,6,clustered,108,0,0.0,1.8189894035458565e-12,optimal
q3_fixed_clustered,2025-12-21,12,clustered,72,0,0.0,9.094947017729282e-13,optimal
q3_fixed_clustered,2025-12-21,18,clustered,36,0,0.0,2.7284841053187847e-12,optimal
q3_fixed_clustered,2025-12-22,0,clustered,144,0,0.0,9.094947017729282e-13,optimal
q3_fixed_clustered,2025-12-22,6,clustered,108,0,0.0,9.094947017729282e-13,optimal
q3_fixed_clustered,2025-12-22,12,clustered,72,0,0.0,1.3642420526593924e-12,optimal
q3_fixed_clustered,2025-12-22,18,clustered,36,0,0.0,1.3642420526593924e-12,optimal
q3_fixed_clustered,2025-12-23,0,clustered,144,0,0.0,2.2737367544323206e-13,optimal
q3_fixed_clustered,2025-12-23,6,clustered,108,0,0.0,9.094947017729282e-13,optimal
q3_fixed_clustered,2025-12-23,12,clustered,72,0,0.0,1.8189894035458565e-12,optimal
q3_fixed_clustered,2025-12-23,18,clustered,36,0,0.0,1.8189894035458565e-12,optimal
q3_fixed_clustered,2025-12-24,0,clustered,144,0,0.0,9.094947017729282e-13,optimal
q3_fixed_clustered,2025-12-24,6,clustered,108,0,0.0,9.094947017729282e-13,optimal
q3_fixed_clustered,2025-12-24,12,clustered,72,0,0.0,1.8189894035458565e-12,optimal
q3_fixed_clustered,2025-12-24,18,clustered,36,0,0.0,4.547473508864641e-13,optimal
q3_fixed_clustered,2025-12-25,0,clustered,144,0,0.0,1.8189894035458565e-12,optimal
q3_fixed_clustered,2025-12-25,6,clustered,108,0,0.0,9.094947017729282e-13,optimal
q3_fixed_clustered,2025-12-25,12,clustered,72,0,0.0,1.1368683772161603e-13,optimal
q3_fixed_clustered,2025-12-25,18,clustered,36,0,0.0,2.9558577807620168e-12,optimal
q3_fixed_clustered,2025-12-26,0,clustered,144,0,0.0,1.8189894035458565e-12,optimal
q3_fixed_clustered,2025-12-26,6,clustered,108,0,0.0,2.2737367544323206e-13,optimal
q3_fixed_clustered,2025-12-26,12,clustered,72,0,0.0,1.1368683772161603e-13,optimal
q3_fixed_clustered,2025-12-26,18,clustered,36,0,0.0,1.1368683772161603e-12,optimal
q3_fixed_clustered,2025-12-27,0,clustered,144,0,0.0,9.094947017729282e-13,optimal
q3_fixed_clustered,2025-12-27,6,clustered,108,0,0.0,1.8189894035458565e-12,optimal
q3_fixed_clustered,2025-12-27,12,clustered,72,0,0.0,1.8189894035458565e-12,optimal
q3_fixed_clustered,2025-12-27,18,clustered,36,0,0.0,9.094947017729282e-13,optimal
q3_fixed_clustered,2025-12-28,0,clustered,144,0,0.0,1.8189894035458565e-12,optimal
q3_fixed_clustered,2025-12-28,6,clustered,108,0,0.0,9.094947017729282e-13,optimal
q3_fixed_clustered,2025-12-28,12,clustered,72,0,0.0,1.1368683772161603e-13,optimal
q3_fixed_clustered,2025-12-28,18,clustered,36,0,0.0,1.1368683772161603e-12,optimal
q3_fixed_clustered,2025-12-29,0,clustered,144,0,0.0,9.094947017729282e-13,optimal
q3_fixed_clustered,2025-12-29,6,clustered,108,0,0.0,9.094947017729282e-13,optimal
q3_fixed_clustered,2025-12-29,12,clustered,72,0,0.0,1.8189894035458565e-12,optimal
q3_fixed_clustered,2025-12-29,18,clustered,36,0,0.0,1.1368683772161603e-12,optimal
q3_fixed_clustered,2025-12-30,0,clustered,144,0,0.0,9.094947017729282e-13,optimal
q3_fixed_clustered,2025-12-30,6,clustered,108,0,0.0,9.094947017729282e-13,optimal
q3_fixed_clustered,2025-12-30,12,clustered,72,0,0.0,9.094947017729282e-13,optimal
q3_fixed_clustered,2025-12-30,18,clustered,36,0,0.0,1.3642420526593924e-12,optimal
q3_fixed_clustered,2025-12-31,0,clustered,144,0,0.0,4.547473508864641e-13,optimal
q3_fixed_clustered,2025-12-31,6,clustered,108,0,0.0,1.8189894035458565e-12,optimal
q3_fixed_clustered,2025-12-31,12,clustered,72,0,0.0,2.2737367544323206e-12,optimal
q3_fixed_clustered,2025-12-31,18,clustered,36,0,0.0,1.5916157281026244e-12,optimal
q2_fixed_unclustered,2025-02-01,0,unclustered,144,0,0.0,2.2737367544323206e-13,optimal
q2_fixed_unclustered,2025-02-02,0,unclustered,144,0,0.0,9.094947017729282e-13,optimal
q2_fixed_unclustered,2025-02-03,0,unclustered,144,0,0.0,4.547473508864641e-13,optimal
q2_fixed_unclustered,2025-02-04,0,unclustered,144,0,0.0,4.547473508864641e-13,optimal
q2_fixed_unclustered,2025-02-05,0,unclustered,144,0,0.0,9.094947017729282e-13,optimal
q2_fixed_unclustered,2025-02-06,0,unclustered,144,0,0.0,1.8189894035458565e-12,optimal
q2_fixed_unclustered,2025-02-07,0,unclustered,144,0,0.0,4.547473508864641e-13,optimal
q2_fixed_unclustered,2025-02-08,0,unclustered,144,0,0.0,1.8189894035458565e-12,optimal
q2_fixed_unclustered,2025-02-09,0,unclustered,144,0,0.0,9.094947017729282e-13,optimal
q2_fixed_unclustered,2025-02-10,0,unclustered,144,0,0.0,9.094947017729282e-13,optimal
q2_fixed_unclustered,2025-02-11,0,unclustered,144,0,0.0,4.547473508864641e-13,optimal
q2_fixed_unclustered,2025-02-12,0,unclustered,144,0,0.0,9.094947017729282e-13,optimal
q2_fixed_unclustered,2025-02-13,0,unclustered,144,0,0.0,9.094947017729282e-13,optimal
q2_fixed_unclustered,2025-02-14,0,unclustered,144,0,0.0,2.2737367544323206e-13,optimal
q2_fixed_unclustered,2025-02-15,0,unclustered,144,0,0.0,4.547473508864641e-13,optimal
q2_fixed_unclustered,2025-02-16,0,unclustered,144,0,0.0,1.8189894035458565e-12,optimal
q2_fixed_unclustered,2025-02-17,0,unclustered,144,0,0.0,9.094947017729282e-13,optimal
q2_fixed_unclustered,2025-02-18,0,unclustered,144,0,0.0,1.1368683772161603e-13,optimal
q2_fixed_unclustered,2025-02-19,0,unclustered,144,0,0.0,9.094947017729282e-13,optimal
q2_fixed_unclustered,2025-02-20,0,unclustered,144,0,0.0,1.8189894035458565e-12,optimal
q2_fixed_unclustered,2025-02-21,0,unclustered,144,0,0.0,1.8189894035458565e-12,optimal
q2_fixed_unclustered,2025-02-22,0,unclustered,144,0,0.0,9.094947017729282e-13,optimal
q2_fixed_unclustered,2025-02-23,0,unclustered,144,0,0.0,2.2737367544323206e-13,optimal
q2_fixed_unclustered,2025-02-24,0,unclustered,144,0,0.0,1.1368683772161603e-13,optimal
q2_fixed_unclustered,2025-02-25,0,unclustered,144,0,0.0,1.8189894035458565e-12,optimal
q2_fixed_unclustered,2025-02-26,0,unclustered,144,0,0.0,4.547473508864641e-13,optimal
q2_fixed_unclustered,2025-02-27,0,unclustered,144,0,0.0,1.8189894035458565e-12,optimal
q2_fixed_unclustered,2025-02-28,0,unclustered,144,0,0.0,2.2737367544323206e-13,optimal
q2_fixed_unclustered,2025-03-01,0,unclustered,144,0,0.0,1.8189894035458565e-12,optimal
q2_fixed_unclustered,2025-03-02,0,unclustered,144,0,0.0,1.1368683772161603e-13,optimal
q2_fixed_unclustered,2025-03-03,0,unclustered,144,0,0.0,1.8189894035458565e-12,optimal
q2_fixed_unclustered,2025-03-04,0,unclustered,144,0,0.0,4.547473508864641e-13,optimal
q2_fixed_unclustered,2025-03-05,0,unclustered,144,0,0.0,9.094947017729282e-13,optimal
q2_fixed_unclustered,2025-03-06,0,unclustered,144,0,0.0,2.2737367544323206e-13,optimal
q2_fixed_unclustered,2025-03-07,0,unclustered,144,0,0.0,1.8189894035458565e-12,optimal
q2_fixed_unclustered,2025-03-08,0,unclustered,144,0,0.0,4.547473508864641e-13,optimal
q2_fixed_unclustered,2025-03-09,0,unclustered,144,0,0.0,9.094947017729282e-13,optimal
q2_fixed_unclustered,2025-03-10,0,unclustered,144,0,0.0,1.8189894035458565e-12,optimal
q2_fixed_unclustered,2025-03-11,0,unclustered,144,0,0.0,9.094947017729282e-13,optimal
q2_fixed_unclustered,2025-03-12,0,unclustered,144,0,0.0,9.094947017729282e-13,optimal
q2_fixed_unclustered,2025-03-13,0,unclustered,144,0,0.0,9.094947017729282e-13,optimal
q2_fixed_unclustered,2025-03-14,0,unclustered,144,0,0.0,4.547473508864641e-13,optimal
q2_fixed_unclustered,2025-03-15,0,unclustered,144,0,0.0,1.8189894035458565e-12,optimal
q2_fixed_unclustered,2025-03-16,0,unclustered,144,0,0.0,4.547473508864641e-13,optimal
q2_fixed_unclustered,2025-03-17,0,unclustered,144,0,0.0,9.094947017729282e-13,optimal
q2_fixed_unclustered,2025-03-18,0,unclustered,144,0,0.0,9.094947017729282e-13,optimal
q2_fixed_unclustered,2025-03-19,0,unclustered,144,0,0.0,9.094947017729282e-13,optimal
q2_fixed_unclustered,2025-03-20,0,unclustered,144,0,0.0,4.547473508864641e-13,optimal
q2_fixed_unclustered,2025-03-21,0,unclustered,144,0,0.0,4.547473508864641e-13,optimal
q2_fixed_unclustered,2025-03-22,0,unclustered,144,0,0.0,9.094947017729282e-13,optimal
q2_fixed_unclustered,2025-03-23,0,unclustered,144,0,0.0,1.8189894035458565e-12,optimal
q2_fixed_unclustered,2025-03-24,0,unclustered,144,0,0.0,9.094947017729282e-13,optimal
q2_fixed_unclustered,2025-03-25,0,unclustered,144,0,0.0,9.094947017729282e-13,optimal
q2_fixed_unclustered,2025-03-26,0,unclustered,144,0,0.0,9.094947017729282e-13,optimal
q2_fixed_unclustered,2025-03-27,0,unclustered,144,0,0.0,9.094947017729282e-13,optimal
q2_fixed_unclustered,2025-03-28,0,unclustered,144,0,0.0,9.094947017729282e-13,optimal
q2_fixed_unclustered,2025-03-29,0,unclustered,144,0,0.0,9.094947017729282e-13,optimal
q2_fixed_unclustered,2025-03-30,0,unclustered,144,0,0.0,4.547473508864641e-13,optimal
q2_fixed_unclustered,2025-03-31,0,unclustered,144,0,0.0,1.8189894035458565e-12,optimal
q2_fixed_unclustered,2025-04-01,0,unclustered,144,0,0.0,4.547473508864641e-13,optimal
q2_fixed_unclustered,2025-04-02,0,unclustered,144,0,0.0,9.094947017729282e-13,optimal
q2_fixed_unclustered,2025-04-03,0,unclustered,144,0,0.0,9.094947017729282e-13,optimal
q2_fixed_unclustered,2025-04-04,0,unclustered,144,0,0.0,4.547473508864641e-13,optimal
q2_fixed_unclustered,2025-04-05,0,unclustered,144,0,0.0,9.094947017729282e-13,optimal
q2_fixed_unclustered,2025-04-06,0,unclustered,144,0,0.0,1.8189894035458565e-12,optimal
q2_fixed_unclustered,2025-04-07,0,unclustered,144,0,0.0,1.8189894035458565e-12,optimal
q2_fixed_unclustered,2025-04-08,0,unclustered,144,0,0.0,1.8189894035458565e-12,optimal
q2_fixed_unclustered,2025-04-09,0,unclustered,144,0,0.0,9.094947017729282e-13,optimal
q2_fixed_unclustered,2025-04-10,0,unclustered,144,0,0.0,9.094947017729282e-13,optimal
q2_fixed_unclustered,2025-04-11,0,unclustered,144,0,0.0,9.094947017729282e-13,optimal
q2_fixed_unclustered,2025-04-12,0,unclustered,144,0,0.0,9.094947017729282e-13,optimal
q2_fixed_unclustered,2025-04-13,0,unclustered,144,0,0.0,1.8189894035458565e-12,optimal
q2_fixed_unclustered,2025-04-14,0,unclustered,144,0,0.0,9.094947017729282e-13,optimal
q2_fixed_unclustered,2025-04-15,0,unclustered,144,0,0.0,9.094947017729282e-13,optimal
q2_fixed_unclustered,2025-04-16,0,unclustered,144,0,0.0,9.094947017729282e-13,optimal
q2_fixed_unclustered,2025-04-17,0,unclustered,144,0,0.0,9.094947017729282e-13,optimal
q2_fixed_unclustered,2025-04-18,0,unclustered,144,0,0.0,9.094947017729282e-13,optimal
q2_fixed_unclustered,2025-04-19,0,unclustered,144,0,0.0,9.094947017729282e-13,optimal
q2_fixed_unclustered,2025-04-20,0,unclustered,144,0,0.0,1.8189894035458565e-12,optimal
q2_fixed_unclustered,2025-04-21,0,unclustered,144,0,0.0,9.094947017729282e-13,optimal
q2_fixed_unclustered,2025-04-22,0,unclustered,144,0,0.0,1.1368683772161603e-13,optimal
q2_fixed_unclustered,2025-04-23,0,unclustered,144,0,0.0,1.1368683772161603e-13,optimal
q2_fixed_unclustered,2025-04-24,0,unclustered,144,0,0.0,1.8189894035458565e-12,optimal
q2_fixed_unclustered,2025-04-25,0,unclustered,144,0,0.0,9.094947017729282e-13,optimal
q2_fixed_unclustered,2025-04-26,0,unclustered,144,0,0.0,9.094947017729282e-13,optimal
q2_fixed_unclustered,2025-04-27,0,unclustered,144,0,0.0,9.094947017729282e-13,optimal
q2_fixed_unclustered,2025-04-28,0,unclustered,144,0,0.0,9.094947017729282e-13,optimal
q2_fixed_unclustered,2025-04-29,0,unclustered,144,0,0.0,1.1368683772161603e-13,optimal
q2_fixed_unclustered,2025-04-30,0,unclustered,144,0,0.0,1.8189894035458565e-12,optimal
q2_fixed_unclustered,2025-05-01,0,unclustered,144,0,0.0,2.2737367544323206e-13,optimal
q2_fixed_unclustered,2025-05-02,0,unclustered,144,0,0.0,1.8189894035458565e-12,optimal
q2_fixed_unclustered,2025-05-03,0,unclustered,144,0,0.0,9.094947017729282e-13,optimal
q2_fixed_unclustered,2025-05-04,0,unclustered,144,0,0.0,9.094947017729282e-13,optimal
q2_fixed_unclustered,2025-05-05,0,unclustered,144,0,0.0,9.094947017729282e-13,optimal
q2_fixed_unclustered,2025-05-06,0,unclustered,144,0,0.0,1.1368683772161603e-13,optimal
q2_fixed_unclustered,2025-05-07,0,unclustered,144,0,0.0,9.094947017729282e-13,optimal
q2_fixed_unclustered,2025-05-08,0,unclustered,144,0,0.0,1.8189894035458565e-12,optimal
q2_fixed_unclustered,2025-05-09,0,unclustered,144,0,0.0,1.8189894035458565e-12,optimal
q2_fixed_unclustered,2025-05-10,0,unclustered,144,0,0.0,9.094947017729282e-13,optimal
q2_fixed_unclustered,2025-05-11,0,unclustered,144,0,0.0,9.094947017729282e-13,optimal
q2_fixed_unclustered,2025-05-12,0,unclustered,144,0,0.0,1.1368683772161603e-13,optimal
q2_fixed_unclustered,2025-05-13,0,unclustered,144,0,0.0,4.547473508864641e-13,optimal
q2_fixed_unclustered,2025-05-14,0,unclustered,144,0,0.0,9.094947017729282e-13,optimal
q2_fixed_unclustered,2025-05-15,0,unclustered,144,0,0.0,9.094947017729282e-13,optimal
q2_fixed_unclustered,2025-05-16,0,unclustered,144,0,0.0,4.547473508864641e-13,optimal
q2_fixed_unclustered,2025-05-17,0,unclustered,144,0,0.0,9.094947017729282e-13,optimal
q2_fixed_unclustered,2025-05-18,0,unclustered,144,0,0.0,4.547473508864641e-13,optimal
q2_fixed_unclustered,2025-05-19,0,unclustered,144,0,0.0,9.094947017729282e-13,optimal
q2_fixed_unclustered,2025-05-20,0,unclustered,144,0,0.0,9.094947017729282e-13,optimal
q2_fixed_unclustered,2025-05-21,0,unclustered,144,0,0.0,4.547473508864641e-13,optimal
q2_fixed_unclustered,2025-05-22,0,unclustered,144,0,0.0,9.094947017729282e-13,optimal
q2_fixed_unclustered,2025-05-23,0,unclustered,144,0,0.0,9.094947017729282e-13,optimal
q2_fixed_unclustered,2025-05-24,0,unclustered,144,0,0.0,9.094947017729282e-13,optimal
q2_fixed_unclustered,2025-05-25,0,unclustered,144,0,0.0,9.094947017729282e-13,optimal
q2_fixed_unclustered,2025-05-26,0,unclustered,144,0,0.0,9.094947017729282e-13,optimal
q2_fixed_unclustered,2025-05-27,0,unclustered,144,0,0.0,1.1368683772161603e-13,optimal
q2_fixed_unclustered,2025-05-28,0,unclustered,144,0,0.0,2.2737367544323206e-13,optimal
q2_fixed_unclustered,2025-05-29,0,unclustered,144,0,0.0,1.1368683772161603e-13,optimal
q2_fixed_unclustered,2025-05-30,0,unclustered,144,0,0.0,1.8189894035458565e-12,optimal
q2_fixed_unclustered,2025-05-31,0,unclustered,144,0,0.0,9.094947017729282e-13,optimal
q2_fixed_unclustered,2025-06-01,0,unclustered,144,0,0.0,1.8189894035458565e-12,optimal
q2_fixed_unclustered,2025-06-02,0,unclustered,144,0,0.0,2.2737367544323206e-13,optimal
q2_fixed_unclustered,2025-06-03,0,unclustered,144,0,0.0,2.2737367544323206e-13,optimal
q2_fixed_unclustered,2025-06-04,0,unclustered,144,0,0.0,9.094947017729282e-13,optimal
q2_fixed_unclustered,2025-06-05,0,unclustered,144,0,0.0,4.547473508864641e-13,optimal
q2_fixed_unclustered,2025-06-06,0,unclustered,144,0,0.0,1.8189894035458565e-12,optimal
q2_fixed_unclustered,2025-06-07,0,unclustered,144,0,0.0,4.547473508864641e-13,optimal
q2_fixed_unclustered,2025-06-08,0,unclustered,144,0,0.0,9.094947017729282e-13,optimal
q2_fixed_unclustered,2025-06-09,0,unclustered,144,0,0.0,2.2737367544323206e-13,optimal
q2_fixed_unclustered,2025-06-10,0,unclustered,144,0,0.0,2.2737367544323206e-13,optimal
q2_fixed_unclustered,2025-06-11,0,unclustered,144,0,0.0,2.2737367544323206e-13,optimal
q2_fixed_unclustered,2025-06-12,0,unclustered,144,0,0.0,9.094947017729282e-13,optimal
q2_fixed_unclustered,2025-06-13,0,unclustered,144,0,0.0,2.2737367544323206e-13,optimal
q2_fixed_unclustered,2025-06-14,0,unclustered,144,0,0.0,2.2737367544323206e-13,optimal
q2_fixed_unclustered,2025-06-15,0,unclustered,144,0,0.0,2.2737367544323206e-13,optimal
q2_fixed_unclustered,2025-06-16,0,unclustered,144,0,0.0,9.094947017729282e-13,optimal
q2_fixed_unclustered,2025-06-17,0,unclustered,144,0,0.0,2.2737367544323206e-13,optimal
q2_fixed_unclustered,2025-06-18,0,unclustered,144,0,0.0,2.2737367544323206e-13,optimal
q2_fixed_unclustered,2025-06-19,0,unclustered,144,0,0.0,2.2737367544323206e-13,optimal
q2_fixed_unclustered,2025-06-20,0,unclustered,144,0,0.0,2.2737367544323206e-13,optimal
q2_fixed_unclustered,2025-06-21,0,unclustered,144,0,0.0,2.2737367544323206e-13,optimal
q2_fixed_unclustered,2025-06-22,0,unclustered,144,0,0.0,2.2737367544323206e-13,optimal
q2_fixed_unclustered,2025-06-23,0,unclustered,144,0,0.0,2.2737367544323206e-13,optimal
q2_fixed_unclustered,2025-06-24,0,unclustered,144,0,0.0,2.2737367544323206e-13,optimal
q2_fixed_unclustered,2025-06-25,0,unclustered,144,0,0.0,2.2737367544323206e-13,optimal
q2_fixed_unclustered,2025-06-26,0,unclustered,144,0,0.0,2.2737367544323206e-13,optimal
q2_fixed_unclustered,2025-06-27,0,unclustered,144,0,0.0,2.2737367544323206e-13,optimal
q2_fixed_unclustered,2025-06-28,0,unclustered,144,0,0.0,1.8189894035458565e-12,optimal
q2_fixed_unclustered,2025-06-29,0,unclustered,144,0,0.0,2.2737367544323206e-13,optimal
q2_fixed_unclustered,2025-06-30,0,unclustered,144,0,0.0,2.2737367544323206e-13,optimal
q2_fixed_unclustered,2025-07-01,0,unclustered,144,0,0.0,4.547473508864641e-13,optimal
q2_fixed_unclustered,2025-07-02,0,unclustered,144,0,0.0,9.094947017729282e-13,optimal
q2_fixed_unclustered,2025-07-03,0,unclustered,144,0,0.0,4.547473508864641e-13,optimal
q2_fixed_unclustered,2025-07-04,0,unclustered,144,0,0.0,4.547473508864641e-13,optimal
q2_fixed_unclustered,2025-07-05,0,unclustered,144,0,0.0,1.8189894035458565e-12,optimal
q2_fixed_unclustered,2025-07-06,0,unclustered,144,0,0.0,4.547473508864641e-13,optimal
q2_fixed_unclustered,2025-07-07,0,unclustered,144,0,0.0,2.2737367544323206e-13,optimal
q2_fixed_unclustered,2025-07-08,0,unclustered,144,0,0.0,9.094947017729282e-13,optimal
q2_fixed_unclustered,2025-07-09,0,unclustered,144,0,0.0,2.2737367544323206e-13,optimal
q2_fixed_unclustered,2025-07-10,0,unclustered,144,0,0.0,9.094947017729282e-13,optimal
q2_fixed_unclustered,2025-07-11,0,unclustered,144,0,0.0,1.8189894035458565e-12,optimal
q2_fixed_unclustered,2025-07-12,0,unclustered,144,0,0.0,2.2737367544323206e-13,optimal
q2_fixed_unclustered,2025-07-13,0,unclustered,144,0,0.0,1.8189894035458565e-12,optimal
q2_fixed_unclustered,2025-07-14,0,unclustered,144,0,0.0,4.547473508864641e-13,optimal
q2_fixed_unclustered,2025-07-15,0,unclustered,144,0,0.0,4.547473508864641e-13,optimal
q2_fixed_unclustered,2025-07-16,0,unclustered,144,0,0.0,4.547473508864641e-13,optimal
q2_fixed_unclustered,2025-07-17,0,unclustered,144,0,0.0,1.8189894035458565e-12,optimal
q2_fixed_unclustered,2025-07-18,0,unclustered,144,0,0.0,2.2737367544323206e-13,optimal
q2_fixed_unclustered,2025-07-19,0,unclustered,144,0,0.0,2.2737367544323206e-13,optimal
q2_fixed_unclustered,2025-07-20,0,unclustered,144,0,0.0,4.547473508864641e-13,optimal
q2_fixed_unclustered,2025-07-21,0,unclustered,144,0,0.0,2.2737367544323206e-13,optimal
q2_fixed_unclustered,2025-07-22,0,unclustered,144,0,0.0,4.547473508864641e-13,optimal
q2_fixed_unclustered,2025-07-23,0,unclustered,144,0,0.0,4.547473508864641e-13,optimal
q2_fixed_unclustered,2025-07-24,0,unclustered,144,0,0.0,4.547473508864641e-13,optimal
q2_fixed_unclustered,2025-07-25,0,unclustered,144,0,0.0,2.2737367544323206e-13,optimal
q2_fixed_unclustered,2025-07-26,0,unclustered,144,0,0.0,2.2737367544323206e-13,optimal
q2_fixed_unclustered,2025-07-27,0,unclustered,144,0,0.0,4.547473508864641e-13,optimal
q2_fixed_unclustered,2025-07-28,0,unclustered,144,0,0.0,9.094947017729282e-13,optimal
q2_fixed_unclustered,2025-07-29,0,unclustered,144,0,0.0,4.547473508864641e-13,optimal
q2_fixed_unclustered,2025-07-30,0,unclustered,144,0,0.0,4.547473508864641e-13,optimal
q2_fixed_unclustered,2025-07-31,0,unclustered,144,0,0.0,4.547473508864641e-13,optimal
q2_fixed_unclustered,2025-08-01,0,unclustered,144,0,0.0,2.2737367544323206e-13,optimal
q2_fixed_unclustered,2025-08-02,0,unclustered,144,0,0.0,2.2737367544323206e-13,optimal
q2_fixed_unclustered,2025-08-03,0,unclustered,144,0,0.0,4.547473508864641e-13,optimal
q2_fixed_unclustered,2025-08-04,0,unclustered,144,0,0.0,4.547473508864641e-13,optimal
q2_fixed_unclustered,2025-08-05,0,unclustered,144,0,0.0,9.094947017729282e-13,optimal
q2_fixed_unclustered,2025-08-06,0,unclustered,144,0,0.0,9.094947017729282e-13,optimal
q2_fixed_unclustered,2025-08-07,0,unclustered,144,0,0.0,1.8189894035458565e-12,optimal
q2_fixed_unclustered,2025-08-08,0,unclustered,144,0,0.0,2.2737367544323206e-13,optimal
q2_fixed_unclustered,2025-08-09,0,unclustered,144,0,0.0,2.2737367544323206e-13,optimal
q2_fixed_unclustered,2025-08-10,0,unclustered,144,0,0.0,9.094947017729282e-13,optimal
q2_fixed_unclustered,2025-08-11,0,unclustered,144,0,0.0,4.547473508864641e-13,optimal
q2_fixed_unclustered,2025-08-12,0,unclustered,144,0,0.0,1.8189894035458565e-12,optimal
q2_fixed_unclustered,2025-08-13,0,unclustered,144,0,0.0,4.547473508864641e-13,optimal
q2_fixed_unclustered,2025-08-14,0,unclustered,144,0,0.0,9.094947017729282e-13,optimal
q2_fixed_unclustered,2025-08-15,0,unclustered,144,0,0.0,1.8189894035458565e-12,optimal
q2_fixed_unclustered,2025-08-16,0,unclustered,144,0,0.0,9.094947017729282e-13,optimal
q2_fixed_unclustered,2025-08-17,0,unclustered,144,0,0.0,2.2737367544323206e-13,optimal
q2_fixed_unclustered,2025-08-18,0,unclustered,144,0,0.0,9.094947017729282e-13,optimal
q2_fixed_unclustered,2025-08-19,0,unclustered,144,0,0.0,4.547473508864641e-13,optimal
q2_fixed_unclustered,2025-08-20,0,unclustered,144,0,0.0,1.3642420526593924e-12,optimal
q2_fixed_unclustered,2025-08-21,0,unclustered,144,0,0.0,1.8189894035458565e-12,optimal
q2_fixed_unclustered,2025-08-22,0,unclustered,144,0,0.0,2.2737367544323206e-13,optimal
q2_fixed_unclustered,2025-08-23,0,unclustered,144,0,0.0,2.2737367544323206e-13,optimal
q2_fixed_unclustered,2025-08-24,0,unclustered,144,0,0.0,4.547473508864641e-13,optimal
q2_fixed_unclustered,2025-08-25,0,unclustered,144,0,0.0,2.2737367544323206e-13,optimal
q2_fixed_unclustered,2025-08-26,0,unclustered,144,0,0.0,9.094947017729282e-13,optimal
q2_fixed_unclustered,2025-08-27,0,unclustered,144,0,0.0,2.2737367544323206e-13,optimal
q2_fixed_unclustered,2025-08-28,0,unclustered,144,0,0.0,4.547473508864641e-13,optimal
q2_fixed_unclustered,2025-08-29,0,unclustered,144,0,0.0,2.2737367544323206e-13,optimal
q2_fixed_unclustered,2025-08-30,0,unclustered,144,0,0.0,1.8189894035458565e-12,optimal
q2_fixed_unclustered,2025-08-31,0,unclustered,144,0,0.0,9.094947017729282e-13,optimal
q2_fixed_unclustered,2025-09-01,0,unclustered,144,0,0.0,1.8189894035458565e-12,optimal
q2_fixed_unclustered,2025-09-02,0,unclustered,144,0,0.0,2.2737367544323206e-13,optimal
q2_fixed_unclustered,2025-09-03,0,unclustered,144,0,0.0,9.094947017729282e-13,optimal
q2_fixed_unclustered,2025-09-04,0,unclustered,144,0,0.0,2.2737367544323206e-13,optimal
q2_fixed_unclustered,2025-09-05,0,unclustered,144,0,0.0,1.8189894035458565e-12,optimal
q2_fixed_unclustered,2025-09-06,0,unclustered,144,0,0.0,2.2737367544323206e-13,optimal
q2_fixed_unclustered,2025-09-07,0,unclustered,144,0,0.0,2.2737367544323206e-13,optimal
q2_fixed_unclustered,2025-09-08,0,unclustered,144,0,0.0,4.547473508864641e-13,optimal
q2_fixed_unclustered,2025-09-09,0,unclustered,144,0,0.0,4.547473508864641e-13,optimal
q2_fixed_unclustered,2025-09-10,0,unclustered,144,0,0.0,1.8189894035458565e-12,optimal
q2_fixed_unclustered,2025-09-11,0,unclustered,144,0,0.0,2.2737367544323206e-13,optimal
q2_fixed_unclustered,2025-09-12,0,unclustered,144,0,0.0,2.2737367544323206e-13,optimal
q2_fixed_unclustered,2025-09-13,0,unclustered,144,0,0.0,9.094947017729282e-13,optimal
q2_fixed_unclustered,2025-09-14,0,unclustered,144,0,0.0,2.2737367544323206e-13,optimal
q2_fixed_unclustered,2025-09-15,0,unclustered,144,0,0.0,2.2737367544323206e-13,optimal
q2_fixed_unclustered,2025-09-16,0,unclustered,144,0,0.0,2.2737367544323206e-13,optimal
q2_fixed_unclustered,2025-09-17,0,unclustered,144,0,0.0,9.094947017729282e-13,optimal
q2_fixed_unclustered,2025-09-18,0,unclustered,144,0,0.0,2.2737367544323206e-13,optimal
q2_fixed_unclustered,2025-09-19,0,unclustered,144,0,0.0,9.094947017729282e-13,optimal
q2_fixed_unclustered,2025-09-20,0,unclustered,144,0,0.0,1.8189894035458565e-12,optimal
q2_fixed_unclustered,2025-09-21,0,unclustered,144,0,0.0,1.8189894035458565e-12,optimal
q2_fixed_unclustered,2025-09-22,0,unclustered,144,0,0.0,9.094947017729282e-13,optimal
q2_fixed_unclustered,2025-09-23,0,unclustered,144,0,0.0,2.2737367544323206e-13,optimal
q2_fixed_unclustered,2025-09-24,0,unclustered,144,0,0.0,4.547473508864641e-13,optimal
q2_fixed_unclustered,2025-09-25,0,unclustered,144,0,0.0,1.8189894035458565e-12,optimal
q2_fixed_unclustered,2025-09-26,0,unclustered,144,0,0.0,1.8189894035458565e-12,optimal
q2_fixed_unclustered,2025-09-27,0,unclustered,144,0,0.0,9.094947017729282e-13,optimal
q2_fixed_unclustered,2025-09-28,0,unclustered,144,0,0.0,2.2737367544323206e-13,optimal
q2_fixed_unclustered,2025-09-29,0,unclustered,144,0,0.0,4.547473508864641e-13,optimal
q2_fixed_unclustered,2025-09-30,0,unclustered,144,0,0.0,4.547473508864641e-13,optimal
q2_fixed_unclustered,2025-10-01,0,unclustered,144,0,0.0,4.547473508864641e-13,optimal
q2_fixed_unclustered,2025-10-02,0,unclustered,144,0,0.0,4.547473508864641e-13,optimal
q2_fixed_unclustered,2025-10-03,0,unclustered,144,0,0.0,3.637978807091713e-12,optimal
q2_fixed_unclustered,2025-10-04,0,unclustered,144,0,0.0,2.7284841053187847e-12,optimal
q2_fixed_unclustered,2025-10-05,0,unclustered,144,0,0.0,4.547473508864641e-13,optimal
q2_fixed_unclustered,2025-10-06,0,unclustered,144,0,0.0,4.547473508864641e-13,optimal
q2_fixed_unclustered,2025-10-07,0,unclustered,144,0,0.0,2.2737367544323206e-13,optimal
q2_fixed_unclustered,2025-10-08,0,unclustered,144,0,0.0,4.547473508864641e-13,optimal
q2_fixed_unclustered,2025-10-09,0,unclustered,144,0,0.0,2.2737367544323206e-13,optimal
q2_fixed_unclustered,2025-10-10,0,unclustered,144,0,0.0,4.547473508864641e-13,optimal
q2_fixed_unclustered,2025-10-11,0,unclustered,144,0,0.0,4.547473508864641e-13,optimal
q2_fixed_unclustered,2025-10-12,0,unclustered,144,0,0.0,4.547473508864641e-13,optimal
q2_fixed_unclustered,2025-10-13,0,unclustered,144,0,0.0,4.547473508864641e-13,optimal
q2_fixed_unclustered,2025-10-14,0,unclustered,144,0,0.0,9.094947017729282e-13,optimal
q2_fixed_unclustered,2025-10-15,0,unclustered,144,0,0.0,4.547473508864641e-13,optimal
q2_fixed_unclustered,2025-10-16,0,unclustered,144,0,0.0,1.1368683772161603e-13,optimal
q2_fixed_unclustered,2025-10-17,0,unclustered,144,0,0.0,9.094947017729282e-13,optimal
q2_fixed_unclustered,2025-10-18,0,unclustered,144,0,0.0,9.094947017729282e-13,optimal
q2_fixed_unclustered,2025-10-19,0,unclustered,144,0,0.0,9.094947017729282e-13,optimal
q2_fixed_unclustered,2025-10-20,0,unclustered,144,0,0.0,9.094947017729282e-13,optimal
q2_fixed_unclustered,2025-10-21,0,unclustered,144,0,0.0,9.094947017729282e-13,optimal
q2_fixed_unclustered,2025-10-22,0,unclustered,144,0,0.0,4.547473508864641e-13,optimal
q2_fixed_unclustered,2025-10-23,0,unclustered,144,0,0.0,9.094947017729282e-13,optimal
q2_fixed_unclustered,2025-10-24,0,unclustered,144,0,0.0,1.8189894035458565e-12,optimal
q2_fixed_unclustered,2025-10-25,0,unclustered,144,0,0.0,4.547473508864641e-13,optimal
q2_fixed_unclustered,2025-10-26,0,unclustered,144,0,0.0,1.8189894035458565e-12,optimal
q2_fixed_unclustered,2025-10-27,0,unclustered,144,0,0.0,9.094947017729282e-13,optimal
q2_fixed_unclustered,2025-10-28,0,unclustered,144,0,0.0,4.547473508864641e-13,optimal
q2_fixed_unclustered,2025-10-29,0,unclustered,144,0,0.0,4.547473508864641e-13,optimal
q2_fixed_unclustered,2025-10-30,0,unclustered,144,0,0.0,1.1368683772161603e-13,optimal
q2_fixed_unclustered,2025-10-31,0,unclustered,144,0,0.0,9.094947017729282e-13,optimal
q2_fixed_unclustered,2025-11-01,0,unclustered,144,0,0.0,4.547473508864641e-13,optimal
q2_fixed_unclustered,2025-11-02,0,unclustered,144,0,0.0,9.094947017729282e-13,optimal
q2_fixed_unclustered,2025-11-03,0,unclustered,144,0,0.0,1.8189894035458565e-12,optimal
q2_fixed_unclustered,2025-11-04,0,unclustered,144,0,0.0,1.8189894035458565e-12,optimal
q2_fixed_unclustered,2025-11-05,0,unclustered,144,0,0.0,9.094947017729282e-13,optimal
q2_fixed_unclustered,2025-11-06,0,unclustered,144,0,0.0,9.094947017729282e-13,optimal
q2_fixed_unclustered,2025-11-07,0,unclustered,144,0,0.0,2.2737367544323206e-13,optimal
q2_fixed_unclustered,2025-11-08,0,unclustered,144,0,0.0,9.094947017729282e-13,optimal
q2_fixed_unclustered,2025-11-09,0,unclustered,144,0,0.0,9.094947017729282e-13,optimal
q2_fixed_unclustered,2025-11-10,0,unclustered,144,0,0.0,9.094947017729282e-13,optimal
q2_fixed_unclustered,2025-11-11,0,unclustered,144,0,0.0,4.547473508864641e-13,optimal
q2_fixed_unclustered,2025-11-12,0,unclustered,144,0,0.0,4.547473508864641e-13,optimal
q2_fixed_unclustered,2025-11-13,0,unclustered,144,0,0.0,4.547473508864641e-13,optimal
q2_fixed_unclustered,2025-11-14,0,unclustered,144,0,0.0,9.094947017729282e-13,optimal
q2_fixed_unclustered,2025-11-15,0,unclustered,144,0,0.0,9.094947017729282e-13,optimal
q2_fixed_unclustered,2025-11-16,0,unclustered,144,0,0.0,9.094947017729282e-13,optimal
q2_fixed_unclustered,2025-11-17,0,unclustered,144,0,0.0,9.094947017729282e-13,optimal
q2_fixed_unclustered,2025-11-18,0,unclustered,144,0,0.0,9.094947017729282e-13,optimal
q2_fixed_unclustered,2025-11-19,0,unclustered,144,0,0.0,9.094947017729282e-13,optimal
q2_fixed_unclustered,2025-11-20,0,unclustered,144,0,0.0,9.094947017729282e-13,optimal
q2_fixed_unclustered,2025-11-21,0,unclustered,144,0,0.0,9.094947017729282e-13,optimal
q2_fixed_unclustered,2025-11-22,0,unclustered,144,0,0.0,9.094947017729282e-13,optimal
q2_fixed_unclustered,2025-11-23,0,unclustered,144,0,0.0,1.8189894035458565e-12,optimal
q2_fixed_unclustered,2025-11-24,0,unclustered,144,0,0.0,9.094947017729282e-13,optimal
q2_fixed_unclustered,2025-11-25,0,unclustered,144,0,0.0,9.094947017729282e-13,optimal
q2_fixed_unclustered,2025-11-26,0,unclustered,144,0,0.0,9.094947017729282e-13,optimal
q2_fixed_unclustered,2025-11-27,0,unclustered,144,0,0.0,9.094947017729282e-13,optimal
q2_fixed_unclustered,2025-11-28,0,unclustered,144,0,0.0,1.8189894035458565e-12,optimal
q2_fixed_unclustered,2025-11-29,0,unclustered,144,0,0.0,9.094947017729282e-13,optimal
q2_fixed_unclustered,2025-11-30,0,unclustered,144,0,0.0,9.094947017729282e-13,optimal
q2_fixed_unclustered,2025-12-01,0,unclustered,144,0,0.0,1.1368683772161603e-13,optimal
q2_fixed_unclustered,2025-12-02,0,unclustered,144,0,0.0,9.094947017729282e-13,optimal
q2_fixed_unclustered,2025-12-03,0,unclustered,144,0,0.0,1.8189894035458565e-12,optimal
q2_fixed_unclustered,2025-12-04,0,unclustered,144,0,0.0,1.8189894035458565e-12,optimal
q2_fixed_unclustered,2025-12-05,0,unclustered,144,0,0.0,9.094947017729282e-13,optimal
q2_fixed_unclustered,2025-12-06,0,unclustered,144,0,0.0,9.094947017729282e-13,optimal
q2_fixed_unclustered,2025-12-07,0,unclustered,144,0,0.0,1.8189894035458565e-12,optimal
q2_fixed_unclustered,2025-12-08,0,unclustered,144,0,0.0,1.8189894035458565e-12,optimal
q2_fixed_unclustered,2025-12-09,0,unclustered,144,0,0.0,1.8189894035458565e-12,optimal
q2_fixed_unclustered,2025-12-10,0,unclustered,144,0,0.0,9.094947017729282e-13,optimal
q2_fixed_unclustered,2025-12-11,0,unclustered,144,0,0.0,4.547473508864641e-13,optimal
q2_fixed_unclustered,2025-12-12,0,unclustered,144,0,0.0,9.094947017729282e-13,optimal
q2_fixed_unclustered,2025-12-13,0,unclustered,144,0,0.0,9.094947017729282e-13,optimal
q2_fixed_unclustered,2025-12-14,0,unclustered,144,0,0.0,9.094947017729282e-13,optimal
q2_fixed_unclustered,2025-12-15,0,unclustered,144,0,0.0,1.8189894035458565e-12,optimal
q2_fixed_unclustered,2025-12-16,0,unclustered,144,0,0.0,1.8189894035458565e-12,optimal
q2_fixed_unclustered,2025-12-17,0,unclustered,144,0,0.0,9.094947017729282e-13,optimal
q2_fixed_unclustered,2025-12-18,0,unclustered,144,0,0.0,1.8189894035458565e-12,optimal
q2_fixed_unclustered,2025-12-19,0,unclustered,144,0,0.0,9.094947017729282e-13,optimal
q2_fixed_unclustered,2025-12-20,0,unclustered,144,0,0.0,2.2737367544323206e-13,optimal
q2_fixed_unclustered,2025-12-21,0,unclustered,144,0,0.0,4.547473508864641e-13,optimal
q2_fixed_unclustered,2025-12-22,0,unclustered,144,0,0.0,9.094947017729282e-13,optimal
q2_fixed_unclustered,2025-12-23,0,unclustered,144,0,0.0,9.094947017729282e-13,optimal
q2_fixed_unclustered,2025-12-24,0,unclustered,144,0,0.0,1.8189894035458565e-12,optimal
q2_fixed_unclustered,2025-12-25,0,unclustered,144,0,0.0,9.094947017729282e-13,optimal
q2_fixed_unclustered,2025-12-26,0,unclustered,144,0,0.0,9.094947017729282e-13,optimal
q2_fixed_unclustered,2025-12-27,0,unclustered,144,0,0.0,1.8189894035458565e-12,optimal
q2_fixed_unclustered,2025-12-28,0,unclustered,144,0,0.0,9.094947017729282e-13,optimal
q2_fixed_unclustered,2025-12-29,0,unclustered,144,0,0.0,9.094947017729282e-13,optimal
q2_fixed_unclustered,2025-12-30,0,unclustered,144,0,0.0,9.094947017729282e-13,optimal
q2_fixed_unclustered,2025-12-31,0,unclustered,144,0,0.0,1.8189894035458565e-12,optimal
q3_fixed_unclustered,2025-02-01,0,unclustered,144,0,0.0,1.8189894035458565e-12,optimal
q3_fixed_unclustered,2025-02-01,6,unclustered,108,0,0.0,4.547473508864641e-13,optimal
q3_fixed_unclustered,2025-02-01,12,unclustered,72,0,0.0,1.1368683772161603e-13,optimal
q3_fixed_unclustered,2025-02-01,18,unclustered,36,0,0.0,7.958078640513122e-12,optimal
q3_fixed_unclustered,2025-02-02,0,unclustered,144,0,0.0,9.094947017729282e-13,optimal
q3_fixed_unclustered,2025-02-02,6,unclustered,108,0,0.0,1.8189894035458565e-12,optimal
q3_fixed_unclustered,2025-02-02,12,unclustered,72,0,0.0,1.8189894035458565e-12,optimal
q3_fixed_unclustered,2025-02-02,18,unclustered,36,0,0.0,1.546140993013978e-11,optimal
q3_fixed_unclustered,2025-02-03,0,unclustered,144,0,0.0,1.8189894035458565e-12,optimal
q3_fixed_unclustered,2025-02-03,6,unclustered,108,0,0.0,9.094947017729282e-13,optimal
q3_fixed_unclustered,2025-02-03,12,unclustered,72,0,0.0,4.547473508864641e-13,optimal
q3_fixed_unclustered,2025-02-03,18,unclustered,36,0,0.0,1.8417267710901797e-11,optimal
q3_fixed_unclustered,2025-02-04,0,unclustered,144,0,0.0,4.547473508864641e-13,optimal
q3_fixed_unclustered,2025-02-04,6,unclustered,108,0,0.0,1.3642420526593924e-12,optimal
q3_fixed_unclustered,2025-02-04,12,unclustered,72,0,0.0,4.547473508864641e-13,optimal
q3_fixed_unclustered,2025-02-04,18,unclustered,36,0,0.0,1.4097167877480388e-11,optimal
q3_fixed_unclustered,2025-02-05,0,unclustered,144,0,0.0,1.8189894035458565e-12,optimal
q3_fixed_unclustered,2025-02-05,6,unclustered,108,0,0.0,9.094947017729282e-13,optimal
q3_fixed_unclustered,2025-02-05,12,unclustered,72,0,0.0,9.094947017729282e-13,optimal
q3_fixed_unclustered,2025-02-05,18,unclustered,36,0,0.0,2.2737367544323206e-11,optimal
q3_fixed_unclustered,2025-02-06,0,unclustered,144,0,0.0,4.547473508864641e-13,optimal
q3_fixed_unclustered,2025-02-06,6,unclustered,108,0,0.0,4.547473508864641e-13,optimal
q3_fixed_unclustered,2025-02-06,12,unclustered,72,0,0.0,4.547473508864641e-13,optimal
q3_fixed_unclustered,2025-02-06,18,unclustered,36,0,0.0,8.640199666842818e-12,optimal
q3_fixed_unclustered,2025-02-07,0,unclustered,144,0,0.0,4.547473508864641e-13,optimal
q3_fixed_unclustered,2025-02-07,6,unclustered,108,0,0.0,4.547473508864641e-13,optimal
q3_fixed_unclustered,2025-02-07,12,unclustered,72,0,0.0,4.547473508864641e-13,optimal
q3_fixed_unclustered,2025-02-07,18,unclustered,36,0,0.0,1.5006662579253316e-11,optimal
q3_fixed_unclustered,2025-02-08,0,unclustered,144,0,0.0,9.094947017729282e-13,optimal
q3_fixed_unclustered,2025-02-08,6,unclustered,108,0,0.0,9.094947017729282e-13,optimal
q3_fixed_unclustered,2025-02-08,12,unclustered,72,0,0.0,4.547473508864641e-13,optimal
q3_fixed_unclustered,2025-02-08,18,unclustered,36,0,0.0,8.640199666842818e-12,optimal
q3_fixed_unclustered,2025-02-09,0,unclustered,144,0,0.0,1.8189894035458565e-12,optimal
q3_fixed_unclustered,2025-02-09,6,unclustered,108,0,0.0,9.094947017729282e-13,optimal
q3_fixed_unclustered,2025-02-09,12,unclustered,72,0,0.0,9.094947017729282e-13,optimal
q3_fixed_unclustered,2025-02-09,18,unclustered,36,0,0.0,1.750777300912887e-11,optimal
q3_fixed_unclustered,2025-02-10,0,unclustered,144,0,0.0,9.094947017729282e-13,optimal
q3_fixed_unclustered,2025-02-10,6,unclustered,108,0,0.0,9.094947017729282e-13,optimal
q3_fixed_unclustered,2025-02-10,12,unclustered,72,0,0.0,9.094947017729282e-13,optimal
q3_fixed_unclustered,2025-02-10,18,unclustered,36,0,0.0,1.0913936421275139e-11,optimal
q3_fixed_unclustered,2025-02-11,0,unclustered,144,0,0.0,1.8189894035458565e-12,optimal
q3_fixed_unclustered,2025-02-11,6,unclustered,108,0,0.0,4.547473508864641e-13,optimal
q3_fixed_unclustered,2025-02-11,12,unclustered,72,0,0.0,1.8189894035458565e-12,optimal
q3_fixed_unclustered,2025-02-11,18,unclustered,36,0,0.0,2.2509993868879974e-11,optimal
q3_fixed_unclustered,2025-02-12,0,unclustered,144,0,0.0,9.094947017729282e-13,optimal
q3_fixed_unclustered,2025-02-12,6,unclustered,108,0,0.0,9.094947017729282e-13,optimal
q3_fixed_unclustered,2025-02-12,12,unclustered,72,0,0.0,9.094947017729282e-13,optimal
q3_fixed_unclustered,2025-02-12,18,unclustered,36,0,0.0,7.048583938740194e-12,optimal
q3_fixed_unclustered,2025-02-13,0,unclustered,144,0,0.0,1.1368683772161603e-13,optimal
q3_fixed_unclustered,2025-02-13,6,unclustered,108,0,0.0,9.094947017729282e-13,optimal
q3_fixed_unclustered,2025-02-13,12,unclustered,72,0,0.0,1.1368683772161603e-13,optimal
q3_fixed_unclustered,2025-02-13,18,unclustered,36,0,0.0,2.2737367544323206e-11,optimal
q3_fixed_unclustered,2025-02-14,0,unclustered,144,0,0.0,9.094947017729282e-13,optimal
q3_fixed_unclustered,2025-02-14,6,unclustered,108,0,0.0,9.094947017729282e-13,optimal
q3_fixed_unclustered,2025-02-14,12,unclustered,72,0,0.0,9.094947017729282e-13,optimal
q3_fixed_unclustered,2025-02-14,18,unclustered,36,0,0.0,1.5234036254696548e-11,optimal
q3_fixed_unclustered,2025-02-15,0,unclustered,144,0,0.0,9.094947017729282e-13,optimal
q3_fixed_unclustered,2025-02-15,6,unclustered,108,0,0.0,1.8189894035458565e-12,optimal
q3_fixed_unclustered,2025-02-15,12,unclustered,72,0,0.0,4.547473508864641e-13,optimal
q3_fixed_unclustered,2025-02-15,18,unclustered,36,0,0.0,1.6143530956469476e-11,optimal
q3_fixed_unclustered,2025-02-16,0,unclustered,144,0,0.0,3.637978807091713e-12,optimal
q3_fixed_unclustered,2025-02-16,6,unclustered,108,0,0.0,1.8189894035458565e-12,optimal
q3_fixed_unclustered,2025-02-16,12,unclustered,72,0,0.0,1.8189894035458565e-12,optimal
q3_fixed_unclustered,2025-02-16,18,unclustered,36,0,0.0,9.094947017729282e-12,optimal
q3_fixed_unclustered,2025-02-17,0,unclustered,144,0,0.0,9.094947017729282e-13,optimal
q3_fixed_unclustered,2025-02-17,6,unclustered,108,0,0.0,1.8189894035458565e-12,optimal
q3_fixed_unclustered,2025-02-17,12,unclustered,72,0,0.0,4.547473508864641e-13,optimal
q3_fixed_unclustered,2025-02-17,18,unclustered,36,0,0.0,1.887201506178826e-11,optimal
q3_fixed_unclustered,2025-02-18,0,unclustered,144,0,0.0,1.1368683772161603e-13,optimal
q3_fixed_unclustered,2025-02-18,6,unclustered,108,0,0.0,1.1368683772161603e-13,optimal
q3_fixed_unclustered,2025-02-18,12,unclustered,72,0,0.0,1.1368683772161603e-13,optimal
q3_fixed_unclustered,2025-02-18,18,unclustered,36,0,0.0,1.5688783605583012e-11,optimal
q3_fixed_unclustered,2025-02-19,0,unclustered,144,0,0.0,9.094947017729282e-13,optimal
q3_fixed_unclustered,2025-02-19,6,unclustered,108,0,0.0,1.8189894035458565e-12,optimal
q3_fixed_unclustered,2025-02-19,12,unclustered,72,0,0.0,9.094947017729282e-13,optimal
q3_fixed_unclustered,2025-02-19,18,unclustered,36,0,0.0,1.2278178473934531e-11,optimal
q3_fixed_unclustered,2025-02-20,0,unclustered,144,0,0.0,9.094947017729282e-13,optimal
q3_fixed_unclustered,2025-02-20,6,unclustered,108,0,0.0,1.8189894035458565e-12,optimal
q3_fixed_unclustered,2025-02-20,12,unclustered,72,0,0.0,9.094947017729282e-13,optimal
q3_fixed_unclustered,2025-02-20,18,unclustered,36,0,0.0,1.0913936421275139e-11,optimal
q3_fixed_unclustered,2025-02-21,0,unclustered,144,0,0.0,1.8189894035458565e-12,optimal
q3_fixed_unclustered,2025-02-21,6,unclustered,108,0,0.0,9.094947017729282e-13,optimal
q3_fixed_unclustered,2025-02-21,12,unclustered,72,0,0.0,1.8189894035458565e-12,optimal
q3_fixed_unclustered,2025-02-21,18,unclustered,36,0,0.0,1.5006662579253316e-11,optimal
q3_fixed_unclustered,2025-02-22,0,unclustered,144,0,0.0,9.094947017729282e-13,optimal
q3_fixed_unclustered,2025-02-22,6,unclustered,108,0,0.0,9.094947017729282e-13,optimal
q3_fixed_unclustered,2025-02-22,12,unclustered,72,0,0.0,9.094947017729282e-13,optimal
q3_fixed_unclustered,2025-02-22,18,unclustered,36,0,0.0,2.2737367544323206e-11,optimal
q3_fixed_unclustered,2025-02-23,0,unclustered,144,0,0.0,9.094947017729282e-13,optimal
q3_fixed_unclustered,2025-02-23,6,unclustered,108,0,0.0,1.8189894035458565e-12,optimal
q3_fixed_unclustered,2025-02-23,12,unclustered,72,0,0.0,2.2737367544323206e-13,optimal
q3_fixed_unclustered,2025-02-23,18,unclustered,36,0,0.0,1.978150976356119e-11,optimal
q3_fixed_unclustered,2025-02-24,0,unclustered,144,0,0.0,9.094947017729282e-13,optimal
q3_fixed_unclustered,2025-02-24,6,unclustered,108,0,0.0,1.1368683772161603e-13,optimal
q3_fixed_unclustered,2025-02-24,12,unclustered,72,0,0.0,1.8189894035458565e-12,optimal
q3_fixed_unclustered,2025-02-24,18,unclustered,36,0,0.0,1.5234036254696548e-11,optimal
q3_fixed_unclustered,2025-02-25,0,unclustered,144,0,0.0,1.8189894035458565e-12,optimal
q3_fixed_unclustered,2025-02-25,6,unclustered,108,0,0.0,9.094947017729282e-13,optimal
q3_fixed_unclustered,2025-02-25,12,unclustered,72,0,0.0,9.094947017729282e-13,optimal
q3_fixed_unclustered,2025-02-25,18,unclustered,36,0,0.0,2.1373125491663814e-11,optimal
q3_fixed_unclustered,2025-02-26,0,unclustered,144,0,0.0,9.094947017729282e-13,optimal
q3_fixed_unclustered,2025-02-26,6,unclustered,108,0,0.0,1.8189894035458565e-12,optimal
q3_fixed_unclustered,2025-02-26,12,unclustered,72,0,0.0,9.094947017729282e-13,optimal
q3_fixed_unclustered,2025-02-26,18,unclustered,36,0,0.0,1.4097167877480388e-11,optimal
q3_fixed_unclustered,2025-02-27,0,unclustered,144,0,0.0,4.547473508864641e-13,optimal
q3_fixed_unclustered,2025-02-27,6,unclustered,108,0,0.0,4.547473508864641e-13,optimal
q3_fixed_unclustered,2025-02-27,12,unclustered,72,0,0.0,4.547473508864641e-13,optimal
q3_fixed_unclustered,2025-02-27,18,unclustered,36,0,0.0,1.8417267710901797e-11,optimal
q3_fixed_unclustered,2025-02-28,0,unclustered,144,0,0.0,2.2737367544323206e-13,optimal
q3_fixed_unclustered,2025-02-28,6,unclustered,108,0,0.0,2.2737367544323206e-13,optimal
q3_fixed_unclustered,2025-02-28,12,unclustered,72,0,0.0,2.2737367544323206e-13,optimal
q3_fixed_unclustered,2025-02-28,18,unclustered,36,0,0.0,1.4779288903810084e-11,optimal
q3_fixed_unclustered,2025-03-01,0,unclustered,144,0,0.0,3.637978807091713e-12,optimal
q3_fixed_unclustered,2025-03-01,6,unclustered,108,0,0.0,9.094947017729282e-13,optimal
q3_fixed_unclustered,2025-03-01,12,unclustered,72,0,0.0,9.094947017729282e-13,optimal
q3_fixed_unclustered,2025-03-01,18,unclustered,36,0,0.0,1.546140993013978e-11,optimal
q3_fixed_unclustered,2025-03-02,0,unclustered,144,0,0.0,9.094947017729282e-13,optimal
q3_fixed_unclustered,2025-03-02,6,unclustered,108,0,0.0,9.094947017729282e-13,optimal
q3_fixed_unclustered,2025-03-02,12,unclustered,72,0,0.0,1.1368683772161603e-13,optimal
q3_fixed_unclustered,2025-03-02,18,unclustered,36,0,0.0,1.546140993013978e-11,optimal
q3_fixed_unclustered,2025-03-03,0,unclustered,144,0,0.0,1.8189894035458565e-12,optimal
q3_fixed_unclustered,2025-03-03,6,unclustered,108,0,0.0,1.8189894035458565e-12,optimal
q3_fixed_unclustered,2025-03-03,12,unclustered,72,0,0.0,1.8189894035458565e-12,optimal
q3_fixed_unclustered,2025-03-03,18,unclustered,36,0,0.0,2.0236257114447653e-11,optimal
q3_fixed_unclustered,2025-03-04,0,unclustered,144,0,0.0,9.094947017729282e-13,optimal
q3_fixed_unclustered,2025-03-04,6,unclustered,108,0,0.0,1.8189894035458565e-12,optimal
q3_fixed_unclustered,2025-03-04,12,unclustered,72,0,0.0,4.547473508864641e-13,optimal
q3_fixed_unclustered,2025-03-04,18,unclustered,36,0,0.0,1.1596057447604835e-11,optimal
q3_fixed_unclustered,2025-03-05,0,unclustered,144,0,0.0,9.094947017729282e-13,optimal
q3_fixed_unclustered,2025-03-05,6,unclustered,108,0,0.0,9.094947017729282e-13,optimal
q3_fixed_unclustered,2025-03-05,12,unclustered,72,0,0.0,1.8189894035458565e-12,optimal
q3_fixed_unclustered,2025-03-05,18,unclustered,36,0,0.0,1.1823431123048067e-11,optimal
q3_fixed_unclustered,2025-03-06,0,unclustered,144,0,0.0,2.2737367544323206e-13,optimal
q3_fixed_unclustered,2025-03-06,6,unclustered,108,0,0.0,2.2737367544323206e-13,optimal
q3_fixed_unclustered,2025-03-06,12,unclustered,72,0,0.0,2.2737367544323206e-13,optimal
q3_fixed_unclustered,2025-03-06,18,unclustered,36,0,0.0,1.5916157281026244e-11,optimal
q3_fixed_unclustered,2025-03-07,0,unclustered,144,0,0.0,9.094947017729282e-13,optimal
q3_fixed_unclustered,2025-03-07,6,unclustered,108,0,0.0,9.094947017729282e-13,optimal
q3_fixed_unclustered,2025-03-07,12,unclustered,72,0,0.0,9.094947017729282e-13,optimal
q3_fixed_unclustered,2025-03-07,18,unclustered,36,0,0.0,1.5006662579253316e-11,optimal
q3_fixed_unclustered,2025-03-08,0,unclustered,144,0,0.0,9.094947017729282e-13,optimal
q3_fixed_unclustered,2025-03-08,6,unclustered,108,0,0.0,9.094947017729282e-13,optimal
q3_fixed_unclustered,2025-03-08,12,unclustered,72,0,0.0,9.094947017729282e-13,optimal
q3_fixed_unclustered,2025-03-08,18,unclustered,36,0,0.0,1.546140993013978e-11,optimal
q3_fixed_unclustered,2025-03-09,0,unclustered,144,0,0.0,9.094947017729282e-13,optimal
q3_fixed_unclustered,2025-03-09,6,unclustered,108,0,0.0,9.094947017729282e-13,optimal
q3_fixed_unclustered,2025-03-09,12,unclustered,72,0,0.0,9.094947017729282e-13,optimal
q3_fixed_unclustered,2025-03-09,18,unclustered,36,0,0.0,1.1596057447604835e-11,optimal
q3_fixed_unclustered,2025-03-10,0,unclustered,144,0,0.0,4.547473508864641e-13,optimal
q3_fixed_unclustered,2025-03-10,6,unclustered,108,0,0.0,4.547473508864641e-13,optimal
q3_fixed_unclustered,2025-03-10,12,unclustered,72,0,0.0,1.8189894035458565e-12,optimal
q3_fixed_unclustered,2025-03-10,18,unclustered,36,0,0.0,1.3415046851150692e-11,optimal
q3_fixed_unclustered,2025-03-11,0,unclustered,144,0,0.0,2.2737367544323206e-13,optimal
q3_fixed_unclustered,2025-03-11,6,unclustered,108,0,0.0,1.8189894035458565e-12,optimal
q3_fixed_unclustered,2025-03-11,12,unclustered,72,0,0.0,2.2737367544323206e-13,optimal
q3_fixed_unclustered,2025-03-11,18,unclustered,36,0,0.0,1.2278178473934531e-11,optimal
q3_fixed_unclustered,2025-03-12,0,unclustered,144,0,0.0,9.094947017729282e-13,optimal
q3_fixed_unclustered,2025-03-12,6,unclustered,108,0,0.0,9.094947017729282e-13,optimal
q3_fixed_unclustered,2025-03-12,12,unclustered,72,0,0.0,9.094947017729282e-13,optimal
q3_fixed_unclustered,2025-03-12,18,unclustered,36,0,0.0,1.8417267710901797e-11,optimal
q3_fixed_unclustered,2025-03-13,0,unclustered,144,0,0.0,9.094947017729282e-13,optimal
q3_fixed_unclustered,2025-03-13,6,unclustered,108,0,0.0,9.094947017729282e-13,optimal
q3_fixed_unclustered,2025-03-13,12,unclustered,72,0,0.0,9.094947017729282e-13,optimal
q3_fixed_unclustered,2025-03-13,18,unclustered,36,0,0.0,1.659827830735594e-11,optimal
q3_fixed_unclustered,2025-03-14,0,unclustered,144,0,0.0,4.547473508864641e-13,optimal
q3_fixed_unclustered,2025-03-14,6,unclustered,108,0,0.0,9.094947017729282e-13,optimal
q3_fixed_unclustered,2025-03-14,12,unclustered,72,0,0.0,4.547473508864641e-13,optimal
q3_fixed_unclustered,2025-03-14,18,unclustered,36,0,0.0,1.5916157281026244e-11,optimal
q3_fixed_unclustered,2025-03-15,0,unclustered,144,0,0.0,9.094947017729282e-13,optimal
q3_fixed_unclustered,2025-03-15,6,unclustered,108,0,0.0,9.094947017729282e-13,optimal
q3_fixed_unclustered,2025-03-15,12,unclustered,72,0,0.0,9.094947017729282e-13,optimal
q3_fixed_unclustered,2025-03-15,18,unclustered,36,0,0.0,2.2964741219766438e-11,optimal
q3_fixed_unclustered,2025-03-16,0,unclustered,144,0,0.0,1.8189894035458565e-12,optimal
q3_fixed_unclustered,2025-03-16,6,unclustered,108,0,0.0,4.547473508864641e-13,optimal
q3_fixed_unclustered,2025-03-16,12,unclustered,72,0,0.0,4.547473508864641e-13,optimal
q3_fixed_unclustered,2025-03-16,18,unclustered,36,0,0.0,6.821210263296962e-12,optimal
q3_fixed_unclustered,2025-03-17,0,unclustered,144,0,0.0,1.1368683772161603e-13,optimal
q3_fixed_unclustered,2025-03-17,6,unclustered,108,0,0.0,1.1368683772161603e-13,optimal
q3_fixed_unclustered,2025-03-17,12,unclustered,72,0,0.0,1.1368683772161603e-13,optimal
q3_fixed_unclustered,2025-03-17,18,unclustered,36,0,0.0,1.1141310096718371e-11,optimal
q3_fixed_unclustered,2025-03-18,0,unclustered,144,0,0.0,9.094947017729282e-13,optimal
q3_fixed_unclustered,2025-03-18,6,unclustered,108,0,0.0,9.094947017729282e-13,optimal
q3_fixed_unclustered,2025-03-18,12,unclustered,72,0,0.0,9.094947017729282e-13,optimal
q3_fixed_unclustered,2025-03-18,18,unclustered,36,0,0.0,1.3642420526593924e-11,optimal
q3_fixed_unclustered,2025-03-19,0,unclustered,144,0,0.0,9.094947017729282e-13,optimal
q3_fixed_unclustered,2025-03-19,6,unclustered,108,0,0.0,9.094947017729282e-13,optimal
q3_fixed_unclustered,2025-03-19,12,unclustered,72,0,0.0,1.8189894035458565e-12,optimal
q3_fixed_unclustered,2025-03-19,18,unclustered,36,0,0.0,9.322320693172514e-12,optimal
q3_fixed_unclustered,2025-03-20,0,unclustered,144,0,0.0,9.094947017729282e-13,optimal
q3_fixed_unclustered,2025-03-20,6,unclustered,108,0,0.0,9.094947017729282e-13,optimal
q3_fixed_unclustered,2025-03-20,12,unclustered,72,0,0.0,9.094947017729282e-13,optimal
q3_fixed_unclustered,2025-03-20,18,unclustered,36,0,0.0,1.2960299500264227e-11,optimal
q3_fixed_unclustered,2025-03-21,0,unclustered,144,0,0.0,1.8189894035458565e-12,optimal
q3_fixed_unclustered,2025-03-21,6,unclustered,108,0,0.0,1.8189894035458565e-12,optimal
q3_fixed_unclustered,2025-03-21,12,unclustered,72,0,0.0,1.8189894035458565e-12,optimal
q3_fixed_unclustered,2025-03-21,18,unclustered,36,0,0.0,8.412825991399586e-12,optimal
q3_fixed_unclustered,2025-03-22,0,unclustered,144,0,0.0,1.8189894035458565e-12,optimal
q3_fixed_unclustered,2025-03-22,6,unclustered,108,0,0.0,9.094947017729282e-13,optimal
q3_fixed_unclustered,2025-03-22,12,unclustered,72,0,0.0,9.094947017729282e-13,optimal
q3_fixed_unclustered,2025-03-22,18,unclustered,36,0,0.0,7.958078640513122e-12,optimal
q3_fixed_unclustered,2025-03-23,0,unclustered,144,0,0.0,9.094947017729282e-13,optimal
q3_fixed_unclustered,2025-03-23,6,unclustered,108,0,0.0,4.547473508864641e-13,optimal
q3_fixed_unclustered,2025-03-23,12,unclustered,72,0,0.0,4.547473508864641e-13,optimal
q3_fixed_unclustered,2025-03-23,18,unclustered,36,0,0.0,4.547473508864641e-13,optimal
q3_fixed_unclustered,2025-03-24,0,unclustered,144,0,0.0,9.094947017729282e-13,optimal
q3_fixed_unclustered,2025-03-24,6,unclustered,108,0,0.0,9.094947017729282e-13,optimal
q3_fixed_unclustered,2025-03-24,12,unclustered,72,0,0.0,9.094947017729282e-13,optimal
q3_fixed_unclustered,2025-03-24,18,unclustered,36,0,0.0,1.7962520360015333e-11,optimal
q3_fixed_unclustered,2025-03-25,0,unclustered,144,0,0.0,9.094947017729282e-13,optimal
q3_fixed_unclustered,2025-03-25,6,unclustered,108,0,0.0,9.094947017729282e-13,optimal
q3_fixed_unclustered,2025-03-25,12,unclustered,72,0,0.0,9.094947017729282e-13,optimal
q3_fixed_unclustered,2025-03-25,18,unclustered,36,0,0.0,1.8189894035458565e-11,optimal
q3_fixed_unclustered,2025-03-26,0,unclustered,144,0,0.0,9.094947017729282e-13,optimal
q3_fixed_unclustered,2025-03-26,6,unclustered,108,0,0.0,9.094947017729282e-13,optimal
q3_fixed_unclustered,2025-03-26,12,unclustered,72,0,0.0,9.094947017729282e-13,optimal
q3_fixed_unclustered,2025-03-26,18,unclustered,36,0,0.0,9.094947017729282e-13,optimal
q3_fixed_unclustered,2025-03-27,0,unclustered,144,0,0.0,9.094947017729282e-13,optimal
q3_fixed_unclustered,2025-03-27,6,unclustered,108,0,0.0,9.094947017729282e-13,optimal
q3_fixed_unclustered,2025-03-27,12,unclustered,72,0,0.0,9.094947017729282e-13,optimal
q3_fixed_unclustered,2025-03-27,18,unclustered,36,0,0.0,9.094947017729282e-13,optimal
q3_fixed_unclustered,2025-03-28,0,unclustered,144,0,0.0,1.8189894035458565e-12,optimal
q3_fixed_unclustered,2025-03-28,6,unclustered,108,0,0.0,1.8189894035458565e-12,optimal
q3_fixed_unclustered,2025-03-28,12,unclustered,72,0,0.0,1.8189894035458565e-12,optimal
q3_fixed_unclustered,2025-03-28,18,unclustered,36,0,0.0,3.183231456205249e-12,optimal
q3_fixed_unclustered,2025-03-29,0,unclustered,144,0,0.0,9.094947017729282e-13,optimal
q3_fixed_unclustered,2025-03-29,6,unclustered,108,0,0.0,9.094947017729282e-13,optimal
q3_fixed_unclustered,2025-03-29,12,unclustered,72,0,0.0,6.59383658785373e-12,optimal
q3_fixed_unclustered,2025-03-29,18,unclustered,36,0,0.0,1.0231815394945443e-11,optimal
q3_fixed_unclustered,2025-03-30,0,unclustered,144,0,0.0,9.094947017729282e-13,optimal
q3_fixed_unclustered,2025-03-30,6,unclustered,108,0,0.0,9.094947017729282e-13,optimal
q3_fixed_unclustered,2025-03-30,12,unclustered,72,0,0.0,9.094947017729282e-13,optimal
q3_fixed_unclustered,2025-03-30,18,unclustered,36,0,0.0,1.0231815394945443e-11,optimal
q3_fixed_unclustered,2025-03-31,0,unclustered,144,0,0.0,9.094947017729282e-13,optimal
q3_fixed_unclustered,2025-03-31,6,unclustered,108,0,0.0,9.094947017729282e-13,optimal
q3_fixed_unclustered,2025-03-31,12,unclustered,72,0,0.0,9.094947017729282e-13,optimal
q3_fixed_unclustered,2025-03-31,18,unclustered,36,0,0.0,1.2960299500264227e-11,optimal
q3_fixed_unclustered,2025-04-01,0,unclustered,144,0,0.0,9.094947017729282e-13,optimal
q3_fixed_unclustered,2025-04-01,6,unclustered,108,0,0.0,9.094947017729282e-13,optimal
q3_fixed_unclustered,2025-04-01,12,unclustered,72,0,0.0,9.094947017729282e-13,optimal
q3_fixed_unclustered,2025-04-01,18,unclustered,36,0,0.0,9.094947017729282e-13,optimal
q3_fixed_unclustered,2025-04-02,0,unclustered,144,0,0.0,1.8189894035458565e-12,optimal
q3_fixed_unclustered,2025-04-02,6,unclustered,108,0,0.0,1.8189894035458565e-12,optimal
q3_fixed_unclustered,2025-04-02,12,unclustered,72,0,0.0,1.8189894035458565e-12,optimal
q3_fixed_unclustered,2025-04-02,18,unclustered,36,0,0.0,1.3869794202037156e-11,optimal
q3_fixed_unclustered,2025-04-03,0,unclustered,144,0,0.0,4.547473508864641e-13,optimal
q3_fixed_unclustered,2025-04-03,6,unclustered,108,0,0.0,4.547473508864641e-13,optimal
q3_fixed_unclustered,2025-04-03,12,unclustered,72,0,0.0,4.547473508864641e-13,optimal
q3_fixed_unclustered,2025-04-03,18,unclustered,36,0,0.0,1.8189894035458565e-12,optimal
q3_fixed_unclustered,2025-04-04,0,unclustered,144,0,0.0,4.547473508864641e-13,optimal
q3_fixed_unclustered,2025-04-04,6,unclustered,108,0,0.0,4.547473508864641e-13,optimal
q3_fixed_unclustered,2025-04-04,12,unclustered,72,0,0.0,1.8189894035458565e-12,optimal
q3_fixed_unclustered,2025-04-04,18,unclustered,36,0,0.0,4.547473508864641e-13,optimal
q3_fixed_unclustered,2025-04-05,0,unclustered,144,0,0.0,1.8189894035458565e-12,optimal
q3_fixed_unclustered,2025-04-05,6,unclustered,108,0,0.0,1.8189894035458565e-12,optimal
q3_fixed_unclustered,2025-04-05,12,unclustered,72,0,0.0,9.094947017729282e-13,optimal
q3_fixed_unclustered,2025-04-05,18,unclustered,36,0,0.0,1.2505552149377763e-11,optimal
q3_fixed_unclustered,2025-04-06,0,unclustered,144,0,0.0,9.094947017729282e-13,optimal
q3_fixed_unclustered,2025-04-06,6,unclustered,108,0,0.0,9.094947017729282e-13,optimal
q3_fixed_unclustered,2025-04-06,12,unclustered,72,0,0.0,9.094947017729282e-13,optimal
q3_fixed_unclustered,2025-04-06,18,unclustered,36,0,0.0,1.2960299500264227e-11,optimal
q3_fixed_unclustered,2025-04-07,0,unclustered,144,0,0.0,1.8189894035458565e-12,optimal
q3_fixed_unclustered,2025-04-07,6,unclustered,108,0,0.0,9.094947017729282e-13,optimal
q3_fixed_unclustered,2025-04-07,12,unclustered,72,0,0.0,9.094947017729282e-13,optimal
q3_fixed_unclustered,2025-04-07,18,unclustered,36,0,0.0,9.094947017729282e-13,optimal
q3_fixed_unclustered,2025-04-08,0,unclustered,144,0,0.0,9.094947017729282e-13,optimal
q3_fixed_unclustered,2025-04-08,6,unclustered,108,0,0.0,9.094947017729282e-13,optimal
q3_fixed_unclustered,2025-04-08,12,unclustered,72,0,0.0,1.1368683772161603e-12,optimal
q3_fixed_unclustered,2025-04-08,18,unclustered,36,0,0.0,5.002220859751105e-12,optimal
q3_fixed_unclustered,2025-04-09,0,unclustered,144,0,0.0,2.2737367544323206e-13,optimal
q3_fixed_unclustered,2025-04-09,6,unclustered,108,0,0.0,2.2737367544323206e-13,optimal
q3_fixed_unclustered,2025-04-09,12,unclustered,72,0,0.0,2.2737367544323206e-13,optimal
q3_fixed_unclustered,2025-04-09,18,unclustered,36,0,0.0,7.958078640513122e-12,optimal
q3_fixed_unclustered,2025-04-10,0,unclustered,144,0,0.0,9.094947017729282e-13,optimal
q3_fixed_unclustered,2025-04-10,6,unclustered,108,0,0.0,9.094947017729282e-13,optimal
q3_fixed_unclustered,2025-04-10,12,unclustered,72,0,0.0,9.094947017729282e-13,optimal
q3_fixed_unclustered,2025-04-10,18,unclustered,36,0,0.0,9.094947017729282e-13,optimal
q3_fixed_unclustered,2025-04-11,0,unclustered,144,0,0.0,9.094947017729282e-13,optimal
q3_fixed_unclustered,2025-04-11,6,unclustered,108,0,0.0,9.094947017729282e-13,optimal
q3_fixed_unclustered,2025-04-11,12,unclustered,72,0,0.0,7.275957614183426e-12,optimal
q3_fixed_unclustered,2025-04-11,18,unclustered,36,0,0.0,1.0913936421275139e-11,optimal
q3_fixed_unclustered,2025-04-12,0,unclustered,144,0,0.0,4.547473508864641e-13,optimal
q3_fixed_unclustered,2025-04-12,6,unclustered,108,0,0.0,4.547473508864641e-13,optimal
q3_fixed_unclustered,2025-04-12,12,unclustered,72,0,0.0,4.547473508864641e-13,optimal
q3_fixed_unclustered,2025-04-12,18,unclustered,36,0,0.0,2.2737367544323206e-13,optimal
q3_fixed_unclustered,2025-04-13,0,unclustered,144,0,0.0,1.1368683772161603e-13,optimal
q3_fixed_unclustered,2025-04-13,6,unclustered,108,0,0.0,1.1368683772161603e-13,optimal
q3_fixed_unclustered,2025-04-13,12,unclustered,72,0,0.0,1.1368683772161603e-13,optimal
q3_fixed_unclustered,2025-04-13,18,unclustered,36,0,0.0,1.1368683772161603e-13,optimal
q3_fixed_unclustered,2025-04-14,0,unclustered,144,0,0.0,4.547473508864641e-13,optimal
q3_fixed_unclustered,2025-04-14,6,unclustered,108,0,0.0,9.094947017729282e-13,optimal
q3_fixed_unclustered,2025-04-14,12,unclustered,72,0,0.0,2.2737367544323206e-13,optimal
q3_fixed_unclustered,2025-04-14,18,unclustered,36,0,0.0,4.547473508864641e-13,optimal
q3_fixed_unclustered,2025-04-15,0,unclustered,144,0,0.0,9.094947017729282e-13,optimal
q3_fixed_unclustered,2025-04-15,6,unclustered,108,0,0.0,9.094947017729282e-13,optimal
q3_fixed_unclustered,2025-04-15,12,unclustered,72,0,0.0,9.094947017729282e-13,optimal
q3_fixed_unclustered,2025-04-15,18,unclustered,36,0,0.0,7.73070496506989e-12,optimal
q3_fixed_unclustered,2025-04-16,0,unclustered,144,0,0.0,1.8189894035458565e-12,optimal
q3_fixed_unclustered,2025-04-16,6,unclustered,108,0,0.0,9.094947017729282e-13,optimal
q3_fixed_unclustered,2025-04-16,12,unclustered,72,0,0.0,1.8189894035458565e-12,optimal
q3_fixed_unclustered,2025-04-16,18,unclustered,36,0,0.0,1.2732925824820995e-11,optimal
q3_fixed_unclustered,2025-04-17,0,unclustered,144,0,0.0,9.094947017729282e-13,optimal
q3_fixed_unclustered,2025-04-17,6,unclustered,108,0,0.0,4.547473508864641e-13,optimal
q3_fixed_unclustered,2025-04-17,12,unclustered,72,0,0.0,4.547473508864641e-13,optimal
q3_fixed_unclustered,2025-04-17,18,unclustered,36,0,0.0,4.547473508864641e-13,optimal
q3_fixed_unclustered,2025-04-18,0,unclustered,144,0,0.0,4.547473508864641e-13,optimal
q3_fixed_unclustered,2025-04-18,6,unclustered,108,0,0.0,9.094947017729282e-13,optimal
q3_fixed_unclustered,2025-04-18,12,unclustered,72,0,0.0,4.547473508864641e-13,optimal
q3_fixed_unclustered,2025-04-18,18,unclustered,36,0,0.0,9.094947017729282e-13,optimal
q3_fixed_unclustered,2025-04-19,0,unclustered,144,0,0.0,4.547473508864641e-13,optimal
q3_fixed_unclustered,2025-04-19,6,unclustered,108,0,0.0,1.1368683772161603e-13,optimal
q3_fixed_unclustered,2025-04-19,12,unclustered,72,0,0.0,5.002220859751105e-12,optimal
q3_fixed_unclustered,2025-04-19,18,unclustered,36,0,0.0,1.0686562745831907e-11,optimal
q3_fixed_unclustered,2025-04-20,0,unclustered,144,0,0.0,9.094947017729282e-13,optimal
q3_fixed_unclustered,2025-04-20,6,unclustered,108,0,0.0,1.8189894035458565e-12,optimal
q3_fixed_unclustered,2025-04-20,12,unclustered,72,0,0.0,1.8189894035458565e-12,optimal
q3_fixed_unclustered,2025-04-20,18,unclustered,36,0,0.0,1.6143530956469476e-11,optimal
q3_fixed_unclustered,2025-04-21,0,unclustered,144,0,0.0,9.094947017729282e-13,optimal
q3_fixed_unclustered,2025-04-21,6,unclustered,108,0,0.0,9.094947017729282e-13,optimal
q3_fixed_unclustered,2025-04-21,12,unclustered,72,0,0.0,9.094947017729282e-13,optimal
q3_fixed_unclustered,2025-04-21,18,unclustered,36,0,0.0,9.094947017729282e-13,optimal
q3_fixed_unclustered,2025-04-22,0,unclustered,144,0,0.0,9.094947017729282e-13,optimal
q3_fixed_unclustered,2025-04-22,6,unclustered,108,0,0.0,9.094947017729282e-13,optimal
q3_fixed_unclustered,2025-04-22,12,unclustered,72,0,0.0,9.094947017729282e-13,optimal
q3_fixed_unclustered,2025-04-22,18,unclustered,36,0,0.0,1.5916157281026244e-11,optimal
q3_fixed_unclustered,2025-04-23,0,unclustered,144,0,0.0,9.094947017729282e-13,optimal
q3_fixed_unclustered,2025-04-23,6,unclustered,108,0,0.0,1.8189894035458565e-12,optimal
q3_fixed_unclustered,2025-04-23,12,unclustered,72,0,0.0,9.094947017729282e-13,optimal
q3_fixed_unclustered,2025-04-23,18,unclustered,36,0,0.0,9.094947017729282e-13,optimal
q3_fixed_unclustered,2025-04-24,0,unclustered,144,0,0.0,1.8189894035458565e-12,optimal
q3_fixed_unclustered,2025-04-24,6,unclustered,108,0,0.0,1.1368683772161603e-13,optimal
q3_fixed_unclustered,2025-04-24,12,unclustered,72,0,0.0,2.9558577807620168e-12,optimal
q3_fixed_unclustered,2025-04-24,18,unclustered,36,0,0.0,2.2737367544323206e-13,optimal
q3_fixed_unclustered,2025-04-25,0,unclustered,144,0,0.0,4.547473508864641e-13,optimal
q3_fixed_unclustered,2025-04-25,6,unclustered,108,0,0.0,9.094947017729282e-13,optimal
q3_fixed_unclustered,2025-04-25,12,unclustered,72,0,0.0,9.094947017729282e-13,optimal
q3_fixed_unclustered,2025-04-25,18,unclustered,36,0,0.0,1.1368683772161603e-13,optimal
q3_fixed_unclustered,2025-04-26,0,unclustered,144,0,0.0,1.8189894035458565e-12,optimal
q3_fixed_unclustered,2025-04-26,6,unclustered,108,0,0.0,1.8189894035458565e-12,optimal
q3_fixed_unclustered,2025-04-26,12,unclustered,72,0,0.0,4.547473508864641e-13,optimal
q3_fixed_unclustered,2025-04-26,18,unclustered,36,0,0.0,1.3642420526593924e-12,optimal
q3_fixed_unclustered,2025-04-27,0,unclustered,144,0,0.0,4.547473508864641e-13,optimal
q3_fixed_unclustered,2025-04-27,6,unclustered,108,0,0.0,4.547473508864641e-13,optimal
q3_fixed_unclustered,2025-04-27,12,unclustered,72,0,0.0,4.092726157978177e-12,optimal
q3_fixed_unclustered,2025-04-27,18,unclustered,36,0,0.0,9.549694368615746e-12,optimal
q3_fixed_unclustered,2025-04-28,0,unclustered,144,0,0.0,9.094947017729282e-13,optimal
q3_fixed_unclustered,2025-04-28,6,unclustered,108,0,0.0,9.094947017729282e-13,optimal
q3_fixed_unclustered,2025-04-28,12,unclustered,72,0,0.0,9.094947017729282e-13,optimal
q3_fixed_unclustered,2025-04-28,18,unclustered,36,0,0.0,7.275957614183426e-12,optimal
q3_fixed_unclustered,2025-04-29,0,unclustered,144,0,0.0,9.094947017729282e-13,optimal
q3_fixed_unclustered,2025-04-29,6,unclustered,108,0,0.0,9.094947017729282e-13,optimal
q3_fixed_unclustered,2025-04-29,12,unclustered,72,0,0.0,9.094947017729282e-13,optimal
q3_fixed_unclustered,2025-04-29,18,unclustered,36,0,0.0,1.5006662579253316e-11,optimal
q3_fixed_unclustered,2025-04-30,0,unclustered,144,0,0.0,9.094947017729282e-13,optimal
q3_fixed_unclustered,2025-04-30,6,unclustered,108,0,0.0,1.8189894035458565e-12,optimal
q3_fixed_unclustered,2025-04-30,12,unclustered,72,0,0.0,9.094947017729282e-13,optimal
q3_fixed_unclustered,2025-04-30,18,unclustered,36,0,0.0,9.094947017729282e-13,optimal
q3_fixed_unclustered,2025-05-01,0,unclustered,144,0,0.0,9.094947017729282e-13,optimal
q3_fixed_unclustered,2025-05-01,6,unclustered,108,0,0.0,9.094947017729282e-13,optimal
q3_fixed_unclustered,2025-05-01,12,unclustered,72,0,0.0,9.094947017729282e-13,optimal
q3_fixed_unclustered,2025-05-01,18,unclustered,36,0,0.0,9.094947017729282e-13,optimal
q3_fixed_unclustered,2025-05-02,0,unclustered,144,0,0.0,4.547473508864641e-13,optimal
q3_fixed_unclustered,2025-05-02,6,unclustered,108,0,0.0,4.547473508864641e-13,optimal
q3_fixed_unclustered,2025-05-02,12,unclustered,72,0,0.0,4.547473508864641e-13,optimal
q3_fixed_unclustered,2025-05-02,18,unclustered,36,0,0.0,4.547473508864641e-13,optimal
q3_fixed_unclustered,2025-05-03,0,unclustered,144,0,0.0,2.2737367544323206e-13,optimal
q3_fixed_unclustered,2025-05-03,6,unclustered,108,0,0.0,1.1368683772161603e-13,optimal
q3_fixed_unclustered,2025-05-03,12,unclustered,72,0,0.0,2.2737367544323206e-13,optimal
q3_fixed_unclustered,2025-05-03,18,unclustered,36,0,0.0,9.094947017729282e-13,optimal
q3_fixed_unclustered,2025-05-04,0,unclustered,144,0,0.0,9.094947017729282e-13,optimal
q3_fixed_unclustered,2025-05-04,6,unclustered,108,0,0.0,9.094947017729282e-13,optimal
q3_fixed_unclustered,2025-05-04,12,unclustered,72,0,0.0,9.094947017729282e-13,optimal
q3_fixed_unclustered,2025-05-04,18,unclustered,36,0,0.0,4.547473508864641e-13,optimal
q3_fixed_unclustered,2025-05-05,0,unclustered,144,0,0.0,3.637978807091713e-12,optimal
q3_fixed_unclustered,2025-05-05,6,unclustered,108,0,0.0,1.8189894035458565e-12,optimal
q3_fixed_unclustered,2025-05-05,12,unclustered,72,0,0.0,9.094947017729282e-13,optimal
q3_fixed_unclustered,2025-05-05,18,unclustered,36,0,0.0,1.8189894035458565e-12,optimal
q3_fixed_unclustered,2025-05-06,0,unclustered,144,0,0.0,4.547473508864641e-13,optimal
q3_fixed_unclustered,2025-05-06,6,unclustered,108,0,0.0,1.8189894035458565e-12,optimal
q3_fixed_unclustered,2025-05-06,12,unclustered,72,0,0.0,4.547473508864641e-13,optimal
q3_fixed_unclustered,2025-05-06,18,unclustered,36,0,0.0,1.8189894035458565e-12,optimal
q3_fixed_unclustered,2025-05-07,0,unclustered,144,0,0.0,1.8189894035458565e-12,optimal
q3_fixed_unclustered,2025-05-07,6,unclustered,108,0,0.0,1.8189894035458565e-12,optimal
q3_fixed_unclustered,2025-05-07,12,unclustered,72,0,0.0,1.8189894035458565e-12,optimal
q3_fixed_unclustered,2025-05-07,18,unclustered,36,0,0.0,9.094947017729282e-13,optimal
q3_fixed_unclustered,2025-05-08,0,unclustered,144,0,0.0,9.094947017729282e-13,optimal
q3_fixed_unclustered,2025-05-08,6,unclustered,108,0,0.0,9.094947017729282e-13,optimal
q3_fixed_unclustered,2025-05-08,12,unclustered,72,0,0.0,9.094947017729282e-13,optimal
q3_fixed_unclustered,2025-05-08,18,unclustered,36,0,0.0,1.7053025658242404e-11,optimal
q3_fixed_unclustered,2025-05-09,0,unclustered,144,0,0.0,9.094947017729282e-13,optimal
q3_fixed_unclustered,2025-05-09,6,unclustered,108,0,0.0,9.094947017729282e-13,optimal
q3_fixed_unclustered,2025-05-09,12,unclustered,72,0,0.0,3.865352482534945e-12,optimal
q3_fixed_unclustered,2025-05-09,18,unclustered,36,0,0.0,1.0913936421275139e-11,optimal
q3_fixed_unclustered,2025-05-10,0,unclustered,144,0,0.0,9.094947017729282e-13,optimal
q3_fixed_unclustered,2025-05-10,6,unclustered,108,0,0.0,1.8189894035458565e-12,optimal
q3_fixed_unclustered,2025-05-10,12,unclustered,72,0,0.0,4.547473508864641e-13,optimal
q3_fixed_unclustered,2025-05-10,18,unclustered,36,0,0.0,2.7284841053187847e-12,optimal
q3_fixed_unclustered,2025-05-11,0,unclustered,144,0,0.0,1.8189894035458565e-12,optimal
q3_fixed_unclustered,2025-05-11,6,unclustered,108,0,0.0,9.094947017729282e-13,optimal
q3_fixed_unclustered,2025-05-11,12,unclustered,72,0,0.0,1.8189894035458565e-12,optimal
q3_fixed_unclustered,2025-05-11,18,unclustered,36,0,0.0,7.958078640513122e-12,optimal
q3_fixed_unclustered,2025-05-12,0,unclustered,144,0,0.0,4.547473508864641e-13,optimal
q3_fixed_unclustered,2025-05-12,6,unclustered,108,0,0.0,1.1368683772161603e-13,optimal
q3_fixed_unclustered,2025-05-12,12,unclustered,72,0,0.0,1.1368683772161603e-13,optimal
q3_fixed_unclustered,2025-05-12,18,unclustered,36,0,0.0,1.2960299500264227e-11,optimal
q3_fixed_unclustered,2025-05-13,0,unclustered,144,0,0.0,6.821210263296962e-13,optimal
q3_fixed_unclustered,2025-05-13,6,unclustered,108,0,0.0,2.2737367544323206e-13,optimal
q3_fixed_unclustered,2025-05-13,12,unclustered,72,0,0.0,2.2737367544323206e-13,optimal
q3_fixed_unclustered,2025-05-13,18,unclustered,36,0,0.0,2.7284841053187847e-12,optimal
q3_fixed_unclustered,2025-05-14,0,unclustered,144,0,0.0,1.8189894035458565e-12,optimal
q3_fixed_unclustered,2025-05-14,6,unclustered,108,0,0.0,9.094947017729282e-13,optimal
q3_fixed_unclustered,2025-05-14,12,unclustered,72,0,0.0,4.547473508864641e-13,optimal
q3_fixed_unclustered,2025-05-14,18,unclustered,36,0,0.0,1.1368683772161603e-13,optimal
q3_fixed_unclustered,2025-05-15,0,unclustered,144,0,0.0,9.094947017729282e-13,optimal
q3_fixed_unclustered,2025-05-15,6,unclustered,108,0,0.0,1.8189894035458565e-12,optimal
q3_fixed_unclustered,2025-05-15,12,unclustered,72,0,0.0,9.094947017729282e-13,optimal
q3_fixed_unclustered,2025-05-15,18,unclustered,36,0,0.0,9.094947017729282e-13,optimal
q3_fixed_unclustered,2025-05-16,0,unclustered,144,0,0.0,1.8189894035458565e-12,optimal
q3_fixed_unclustered,2025-05-16,6,unclustered,108,0,0.0,1.3642420526593924e-12,optimal
q3_fixed_unclustered,2025-05-16,12,unclustered,72,0,0.0,4.547473508864641e-13,optimal
q3_fixed_unclustered,2025-05-16,18,unclustered,36,0,0.0,9.094947017729282e-13,optimal
q3_fixed_unclustered,2025-05-17,0,unclustered,144,0,0.0,9.094947017729282e-13,optimal
q3_fixed_unclustered,2025-05-17,6,unclustered,108,0,0.0,9.094947017729282e-13,optimal
q3_fixed_unclustered,2025-05-17,12,unclustered,72,0,0.0,9.094947017729282e-13,optimal
q3_fixed_unclustered,2025-05-17,18,unclustered,36,0,0.0,1.887201506178826e-11,optimal
q3_fixed_unclustered,2025-05-18,0,unclustered,144,0,0.0,9.094947017729282e-13,optimal
q3_fixed_unclustered,2025-05-18,6,unclustered,108,0,0.0,9.094947017729282e-13,optimal
q3_fixed_unclustered,2025-05-18,12,unclustered,72,0,0.0,9.094947017729282e-13,optimal
q3_fixed_unclustered,2025-05-18,18,unclustered,36,0,0.0,9.094947017729282e-13,optimal
q3_fixed_unclustered,2025-05-19,0,unclustered,144,0,0.0,1.8189894035458565e-12,optimal
q3_fixed_unclustered,2025-05-19,6,unclustered,108,0,0.0,9.094947017729282e-13,optimal
q3_fixed_unclustered,2025-05-19,12,unclustered,72,0,0.0,9.094947017729282e-13,optimal
q3_fixed_unclustered,2025-05-19,18,unclustered,36,0,0.0,9.094947017729282e-13,optimal
q3_fixed_unclustered,2025-05-20,0,unclustered,144,0,0.0,3.637978807091713e-12,optimal
q3_fixed_unclustered,2025-05-20,6,unclustered,108,0,0.0,9.094947017729282e-13,optimal
q3_fixed_unclustered,2025-05-20,12,unclustered,72,0,0.0,9.094947017729282e-13,optimal
q3_fixed_unclustered,2025-05-20,18,unclustered,36,0,0.0,9.094947017729282e-13,optimal
q3_fixed_unclustered,2025-05-21,0,unclustered,144,0,0.0,9.094947017729282e-13,optimal
q3_fixed_unclustered,2025-05-21,6,unclustered,108,0,0.0,9.094947017729282e-13,optimal
q3_fixed_unclustered,2025-05-21,12,unclustered,72,0,0.0,9.094947017729282e-13,optimal
q3_fixed_unclustered,2025-05-21,18,unclustered,36,0,0.0,1.5688783605583012e-11,optimal
q3_fixed_unclustered,2025-05-22,0,unclustered,144,0,0.0,9.094947017729282e-13,optimal
q3_fixed_unclustered,2025-05-22,6,unclustered,108,0,0.0,9.094947017729282e-13,optimal
q3_fixed_unclustered,2025-05-22,12,unclustered,72,0,0.0,9.094947017729282e-13,optimal
q3_fixed_unclustered,2025-05-22,18,unclustered,36,0,0.0,9.094947017729282e-13,optimal
q3_fixed_unclustered,2025-05-23,0,unclustered,144,0,0.0,4.547473508864641e-13,optimal
q3_fixed_unclustered,2025-05-23,6,unclustered,108,0,0.0,9.094947017729282e-13,optimal
q3_fixed_unclustered,2025-05-23,12,unclustered,72,0,0.0,4.547473508864641e-13,optimal
q3_fixed_unclustered,2025-05-23,18,unclustered,36,0,0.0,1.5916157281026244e-11,optimal
q3_fixed_unclustered,2025-05-24,0,unclustered,144,0,0.0,2.2737367544323206e-13,optimal
q3_fixed_unclustered,2025-05-24,6,unclustered,108,0,0.0,2.2737367544323206e-13,optimal
q3_fixed_unclustered,2025-05-24,12,unclustered,72,0,0.0,2.2737367544323206e-13,optimal
q3_fixed_unclustered,2025-05-24,18,unclustered,36,0,0.0,2.2737367544323206e-12,optimal
q3_fixed_unclustered,2025-05-25,0,unclustered,144,0,0.0,2.2737367544323206e-13,optimal
q3_fixed_unclustered,2025-05-25,6,unclustered,108,0,0.0,2.2737367544323206e-13,optimal
q3_fixed_unclustered,2025-05-25,12,unclustered,72,0,0.0,3.410605131648481e-13,optimal
q3_fixed_unclustered,2025-05-25,18,unclustered,36,0,0.0,1.4551915228366852e-11,optimal
q3_fixed_unclustered,2025-05-26,0,unclustered,144,0,0.0,1.8189894035458565e-12,optimal
q3_fixed_unclustered,2025-05-26,6,unclustered,108,0,0.0,9.094947017729282e-13,optimal
q3_fixed_unclustered,2025-05-26,12,unclustered,72,0,0.0,9.094947017729282e-13,optimal
q3_fixed_unclustered,2025-05-26,18,unclustered,36,0,0.0,1.1368683772161603e-11,optimal
q3_fixed_unclustered,2025-05-27,0,unclustered,144,0,0.0,1.1368683772161603e-13,optimal
q3_fixed_unclustered,2025-05-27,6,unclustered,108,0,0.0,9.094947017729282e-13,optimal
q3_fixed_unclustered,2025-05-27,12,unclustered,72,0,0.0,3.637978807091713e-12,optimal
q3_fixed_unclustered,2025-05-27,18,unclustered,36,0,0.0,2.7284841053187847e-12,optimal
q3_fixed_unclustered,2025-05-28,0,unclustered,144,0,0.0,4.547473508864641e-13,optimal
q3_fixed_unclustered,2025-05-28,6,unclustered,108,0,0.0,2.2737367544323206e-13,optimal
q3_fixed_unclustered,2025-05-28,12,unclustered,72,0,0.0,9.094947017729282e-13,optimal
q3_fixed_unclustered,2025-05-28,18,unclustered,36,0,0.0,2.2737367544323206e-13,optimal
q3_fixed_unclustered,2025-05-29,0,unclustered,144,0,0.0,1.1368683772161603e-13,optimal
q3_fixed_unclustered,2025-05-29,6,unclustered,108,0,0.0,1.1368683772161603e-13,optimal
q3_fixed_unclustered,2025-05-29,12,unclustered,72,0,0.0,1.8189894035458565e-12,optimal
q3_fixed_unclustered,2025-05-29,18,unclustered,36,0,0.0,4.547473508864641e-13,optimal
q3_fixed_unclustered,2025-05-30,0,unclustered,144,0,0.0,9.094947017729282e-13,optimal
q3_fixed_unclustered,2025-05-30,6,unclustered,108,0,0.0,9.094947017729282e-13,optimal
q3_fixed_unclustered,2025-05-30,12,unclustered,72,0,0.0,9.094947017729282e-13,optimal
q3_fixed_unclustered,2025-05-30,18,unclustered,36,0,0.0,1.7053025658242404e-11,optimal
q3_fixed_unclustered,2025-05-31,0,unclustered,144,0,0.0,9.094947017729282e-13,optimal
q3_fixed_unclustered,2025-05-31,6,unclustered,108,0,0.0,9.094947017729282e-13,optimal
q3_fixed_unclustered,2025-05-31,12,unclustered,72,0,0.0,9.094947017729282e-13,optimal
q3_fixed_unclustered,2025-05-31,18,unclustered,36,0,0.0,2.2737367544323206e-12,optimal
q3_fixed_unclustered,2025-06-01,0,unclustered,144,0,0.0,1.1368683772161603e-13,optimal
q3_fixed_unclustered,2025-06-01,6,unclustered,108,0,0.0,4.547473508864641e-13,optimal
q3_fixed_unclustered,2025-06-01,12,unclustered,72,0,0.0,1.1368683772161603e-13,optimal
q3_fixed_unclustered,2025-06-01,18,unclustered,36,0,0.0,1.8189894035458565e-12,optimal
q3_fixed_unclustered,2025-06-02,0,unclustered,144,0,0.0,1.8189894035458565e-12,optimal
q3_fixed_unclustered,2025-06-02,6,unclustered,108,0,0.0,4.547473508864641e-13,optimal
q3_fixed_unclustered,2025-06-02,12,unclustered,72,0,0.0,2.2737367544323206e-13,optimal
q3_fixed_unclustered,2025-06-02,18,unclustered,36,0,0.0,9.094947017729282e-13,optimal
q3_fixed_unclustered,2025-06-03,0,unclustered,144,0,0.0,1.1368683772161603e-13,optimal
q3_fixed_unclustered,2025-06-03,6,unclustered,108,0,0.0,4.547473508864641e-13,optimal
q3_fixed_unclustered,2025-06-03,12,unclustered,72,0,0.0,1.1368683772161603e-13,optimal
q3_fixed_unclustered,2025-06-03,18,unclustered,36,0,0.0,1.2960299500264227e-11,optimal
q3_fixed_unclustered,2025-06-04,0,unclustered,144,0,0.0,1.8189894035458565e-12,optimal
q3_fixed_unclustered,2025-06-04,6,unclustered,108,0,0.0,1.1368683772161603e-13,optimal
q3_fixed_unclustered,2025-06-04,12,unclustered,72,0,0.0,1.1368683772161603e-13,optimal
q3_fixed_unclustered,2025-06-04,18,unclustered,36,0,0.0,4.547473508864641e-13,optimal
q3_fixed_unclustered,2025-06-05,0,unclustered,144,0,0.0,4.547473508864641e-13,optimal
q3_fixed_unclustered,2025-06-05,6,unclustered,108,0,0.0,1.8189894035458565e-12,optimal
q3_fixed_unclustered,2025-06-05,12,unclustered,72,0,0.0,4.547473508864641e-13,optimal
q3_fixed_unclustered,2025-06-05,18,unclustered,36,0,0.0,8.640199666842818e-12,optimal
q3_fixed_unclustered,2025-06-06,0,unclustered,144,0,0.0,1.8189894035458565e-12,optimal
q3_fixed_unclustered,2025-06-06,6,unclustered,108,0,0.0,1.1368683772161603e-13,optimal
q3_fixed_unclustered,2025-06-06,12,unclustered,72,0,0.0,1.8189894035458565e-12,optimal
q3_fixed_unclustered,2025-06-06,18,unclustered,36,0,0.0,1.5234036254696548e-11,optimal
q3_fixed_unclustered,2025-06-07,0,unclustered,144,0,0.0,9.094947017729282e-13,optimal
q3_fixed_unclustered,2025-06-07,6,unclustered,108,0,0.0,4.547473508864641e-13,optimal
q3_fixed_unclustered,2025-06-07,12,unclustered,72,0,0.0,1.1368683772161603e-13,optimal
q3_fixed_unclustered,2025-06-07,18,unclustered,36,0,0.0,1.1823431123048067e-11,optimal
q3_fixed_unclustered,2025-06-08,0,unclustered,144,0,0.0,1.8189894035458565e-12,optimal
q3_fixed_unclustered,2025-06-08,6,unclustered,108,0,0.0,2.2737367544323206e-13,optimal
q3_fixed_unclustered,2025-06-08,12,unclustered,72,0,0.0,2.2737367544323206e-13,optimal
q3_fixed_unclustered,2025-06-08,18,unclustered,36,0,0.0,9.094947017729282e-13,optimal
q3_fixed_unclustered,2025-06-09,0,unclustered,144,0,0.0,4.547473508864641e-13,optimal
q3_fixed_unclustered,2025-06-09,6,unclustered,108,0,0.0,2.2737367544323206e-13,optimal
q3_fixed_unclustered,2025-06-09,12,unclustered,72,0,0.0,2.2737367544323206e-13,optimal
q3_fixed_unclustered,2025-06-09,18,unclustered,36,0,0.0,9.094947017729282e-13,optimal
q3_fixed_unclustered,2025-06-10,0,unclustered,144,0,0.0,2.2737367544323206e-13,optimal
q3_fixed_unclustered,2025-06-10,6,unclustered,108,0,0.0,9.094947017729282e-13,optimal
q3_fixed_unclustered,2025-06-10,12,unclustered,72,0,0.0,2.2737367544323206e-13,optimal
q3_fixed_unclustered,2025-06-10,18,unclustered,36,0,0.0,1.4097167877480388e-11,optimal
q3_fixed_unclustered,2025-06-11,0,unclustered,144,0,0.0,2.2737367544323206e-13,optimal
q3_fixed_unclustered,2025-06-11,6,unclustered,108,0,0.0,4.547473508864641e-13,optimal
q3_fixed_unclustered,2025-06-11,12,unclustered,72,0,0.0,2.2737367544323206e-13,optimal
q3_fixed_unclustered,2025-06-11,18,unclustered,36,0,0.0,2.2737367544323206e-13,optimal
q3_fixed_unclustered,2025-06-12,0,unclustered,144,0,0.0,2.2737367544323206e-13,optimal
q3_fixed_unclustered,2025-06-12,6,unclustered,108,0,0.0,2.2737367544323206e-13,optimal
q3_fixed_unclustered,2025-06-12,12,unclustered,72,0,0.0,2.2737367544323206e-13,optimal
q3_fixed_unclustered,2025-06-12,18,unclustered,36,0,0.0,2.2737367544323206e-13,optimal
q3_fixed_unclustered,2025-06-13,0,unclustered,144,0,0.0,4.547473508864641e-13,optimal
q3_fixed_unclustered,2025-06-13,6,unclustered,108,0,0.0,2.2737367544323206e-13,optimal
q3_fixed_unclustered,2025-06-13,12,unclustered,72,0,0.0,2.2737367544323206e-13,optimal
q3_fixed_unclustered,2025-06-13,18,unclustered,36,0,0.0,1.659827830735594e-11,optimal
q3_fixed_unclustered,2025-06-14,0,unclustered,144,0,0.0,2.2737367544323206e-13,optimal
q3_fixed_unclustered,2025-06-14,6,unclustered,108,0,0.0,2.2737367544323206e-13,optimal
q3_fixed_unclustered,2025-06-14,12,unclustered,72,0,0.0,2.2737367544323206e-13,optimal
q3_fixed_unclustered,2025-06-14,18,unclustered,36,0,0.0,2.2737367544323206e-13,optimal
q3_fixed_unclustered,2025-06-15,0,unclustered,144,0,0.0,2.2737367544323206e-13,optimal
q3_fixed_unclustered,2025-06-15,6,unclustered,108,0,0.0,1.8189894035458565e-12,optimal
q3_fixed_unclustered,2025-06-15,12,unclustered,72,0,0.0,1.8189894035458565e-12,optimal
q3_fixed_unclustered,2025-06-15,18,unclustered,36,0,0.0,9.094947017729282e-13,optimal
q3_fixed_unclustered,2025-06-16,0,unclustered,144,0,0.0,2.2737367544323206e-13,optimal
q3_fixed_unclustered,2025-06-16,6,unclustered,108,0,0.0,2.2737367544323206e-13,optimal
q3_fixed_unclustered,2025-06-16,12,unclustered,72,0,0.0,2.2737367544323206e-13,optimal
q3_fixed_unclustered,2025-06-16,18,unclustered,36,0,0.0,8.86757334228605e-12,optimal
q3_fixed_unclustered,2025-06-17,0,unclustered,144,0,0.0,1.8189894035458565e-12,optimal
q3_fixed_unclustered,2025-06-17,6,unclustered,108,0,0.0,9.094947017729282e-13,optimal
q3_fixed_unclustered,2025-06-17,12,unclustered,72,0,0.0,9.094947017729282e-13,optimal
q3_fixed_unclustered,2025-06-17,18,unclustered,36,0,0.0,9.094947017729282e-13,optimal
q3_fixed_unclustered,2025-06-18,0,unclustered,144,0,0.0,4.547473508864641e-13,optimal
q3_fixed_unclustered,2025-06-18,6,unclustered,108,0,0.0,4.547473508864641e-13,optimal
q3_fixed_unclustered,2025-06-18,12,unclustered,72,0,0.0,2.2737367544323206e-13,optimal
q3_fixed_unclustered,2025-06-18,18,unclustered,36,0,0.0,9.094947017729282e-13,optimal
q3_fixed_unclustered,2025-06-19,0,unclustered,144,0,0.0,4.547473508864641e-13,optimal
q3_fixed_unclustered,2025-06-19,6,unclustered,108,0,0.0,9.094947017729282e-13,optimal
q3_fixed_unclustered,2025-06-19,12,unclustered,72,0,0.0,2.2737367544323206e-13,optimal
q3_fixed_unclustered,2025-06-19,18,unclustered,36,0,0.0,1.0686562745831907e-11,optimal
q3_fixed_unclustered,2025-06-20,0,unclustered,144,0,0.0,4.547473508864641e-13,optimal
q3_fixed_unclustered,2025-06-20,6,unclustered,108,0,0.0,2.2737367544323206e-13,optimal
q3_fixed_unclustered,2025-06-20,12,unclustered,72,0,0.0,2.2737367544323206e-13,optimal
q3_fixed_unclustered,2025-06-20,18,unclustered,36,0,0.0,4.547473508864641e-13,optimal
q3_fixed_unclustered,2025-06-21,0,unclustered,144,0,0.0,9.094947017729282e-13,optimal
q3_fixed_unclustered,2025-06-21,6,unclustered,108,0,0.0,1.8189894035458565e-12,optimal
q3_fixed_unclustered,2025-06-21,12,unclustered,72,0,0.0,2.2737367544323206e-13,optimal
q3_fixed_unclustered,2025-06-21,18,unclustered,36,0,0.0,9.094947017729282e-13,optimal
q3_fixed_unclustered,2025-06-22,0,unclustered,144,0,0.0,1.8189894035458565e-12,optimal
q3_fixed_unclustered,2025-06-22,6,unclustered,108,0,0.0,2.2737367544323206e-13,optimal
q3_fixed_unclustered,2025-06-22,12,unclustered,72,0,0.0,2.2737367544323206e-13,optimal
q3_fixed_unclustered,2025-06-22,18,unclustered,36,0,0.0,1.5688783605583012e-11,optimal
q3_fixed_unclustered,2025-06-23,0,unclustered,144,0,0.0,9.094947017729282e-13,optimal
q3_fixed_unclustered,2025-06-23,6,unclustered,108,0,0.0,9.094947017729282e-13,optimal
q3_fixed_unclustered,2025-06-23,12,unclustered,72,0,0.0,2.2737367544323206e-13,optimal
q3_fixed_unclustered,2025-06-23,18,unclustered,36,0,0.0,2.2737367544323206e-13,optimal
q3_fixed_unclustered,2025-06-24,0,unclustered,144,0,0.0,9.094947017729282e-13,optimal
q3_fixed_unclustered,2025-06-24,6,unclustered,108,0,0.0,2.2737367544323206e-13,optimal
q3_fixed_unclustered,2025-06-24,12,unclustered,72,0,0.0,9.094947017729282e-13,optimal
q3_fixed_unclustered,2025-06-24,18,unclustered,36,0,0.0,2.2737367544323206e-13,optimal
q3_fixed_unclustered,2025-06-25,0,unclustered,144,0,0.0,2.2737367544323206e-13,optimal
q3_fixed_unclustered,2025-06-25,6,unclustered,108,0,0.0,1.8189894035458565e-12,optimal
q3_fixed_unclustered,2025-06-25,12,unclustered,72,0,0.0,9.094947017729282e-13,optimal
q3_fixed_unclustered,2025-06-25,18,unclustered,36,0,0.0,1.1596057447604835e-11,optimal
q3_fixed_unclustered,2025-06-26,0,unclustered,144,0,0.0,9.094947017729282e-13,optimal
q3_fixed_unclustered,2025-06-26,6,unclustered,108,0,0.0,1.8189894035458565e-12,optimal
q3_fixed_unclustered,2025-06-26,12,unclustered,72,0,0.0,1.8189894035458565e-12,optimal
q3_fixed_unclustered,2025-06-26,18,unclustered,36,0,0.0,9.094947017729282e-13,optimal
q3_fixed_unclustered,2025-06-27,0,unclustered,144,0,0.0,9.094947017729282e-13,optimal
q3_fixed_unclustered,2025-06-27,6,unclustered,108,0,0.0,9.094947017729282e-13,optimal
q3_fixed_unclustered,2025-06-27,12,unclustered,72,0,0.0,2.2737367544323206e-13,optimal
q3_fixed_unclustered,2025-06-27,18,unclustered,36,0,0.0,1.8189894035458565e-12,optimal
q3_fixed_unclustered,2025-06-28,0,unclustered,144,0,0.0,2.2737367544323206e-13,optimal
q3_fixed_unclustered,2025-06-28,6,unclustered,108,0,0.0,1.8189894035458565e-12,optimal
q3_fixed_unclustered,2025-06-28,12,unclustered,72,0,0.0,9.094947017729282e-13,optimal
q3_fixed_unclustered,2025-06-28,18,unclustered,36,0,0.0,4.547473508864641e-13,optimal
q3_fixed_unclustered,2025-06-29,0,unclustered,144,0,0.0,2.2737367544323206e-13,optimal
q3_fixed_unclustered,2025-06-29,6,unclustered,108,0,0.0,1.8189894035458565e-12,optimal
q3_fixed_unclustered,2025-06-29,12,unclustered,72,0,0.0,2.2737367544323206e-13,optimal
q3_fixed_unclustered,2025-06-29,18,unclustered,36,0,0.0,1.2732925824820995e-11,optimal
q3_fixed_unclustered,2025-06-30,0,unclustered,144,0,0.0,4.547473508864641e-13,optimal
q3_fixed_unclustered,2025-06-30,6,unclustered,108,0,0.0,2.2737367544323206e-13,optimal
q3_fixed_unclustered,2025-06-30,12,unclustered,72,0,0.0,1.8189894035458565e-12,optimal
q3_fixed_unclustered,2025-06-30,18,unclustered,36,0,0.0,1.3642420526593924e-11,optimal
q3_fixed_unclustered,2025-07-01,0,unclustered,144,0,0.0,2.2737367544323206e-13,optimal
q3_fixed_unclustered,2025-07-01,6,unclustered,108,0,0.0,2.2737367544323206e-13,optimal
q3_fixed_unclustered,2025-07-01,12,unclustered,72,0,0.0,2.2737367544323206e-13,optimal
q3_fixed_unclustered,2025-07-01,18,unclustered,36,0,0.0,5.684341886080801e-13,optimal
q3_fixed_unclustered,2025-07-02,0,unclustered,144,0,0.0,2.2737367544323206e-13,optimal
q3_fixed_unclustered,2025-07-02,6,unclustered,108,0,0.0,9.094947017729282e-13,optimal
q3_fixed_unclustered,2025-07-02,12,unclustered,72,0,0.0,4.547473508864641e-13,optimal
q3_fixed_unclustered,2025-07-02,18,unclustered,36,0,0.0,4.547473508864641e-13,optimal
q3_fixed_unclustered,2025-07-03,0,unclustered,144,0,0.0,1.8189894035458565e-12,optimal
q3_fixed_unclustered,2025-07-03,6,unclustered,108,0,0.0,9.094947017729282e-13,optimal
q3_fixed_unclustered,2025-07-03,12,unclustered,72,0,0.0,2.2737367544323206e-13,optimal
q3_fixed_unclustered,2025-07-03,18,unclustered,36,0,0.0,9.094947017729282e-13,optimal
q3_fixed_unclustered,2025-07-04,0,unclustered,144,0,0.0,2.2737367544323206e-13,optimal
q3_fixed_unclustered,2025-07-04,6,unclustered,108,0,0.0,9.094947017729282e-13,optimal
q3_fixed_unclustered,2025-07-04,12,unclustered,72,0,0.0,2.2737367544323206e-13,optimal
q3_fixed_unclustered,2025-07-04,18,unclustered,36,0,0.0,2.2737367544323206e-13,optimal
q3_fixed_unclustered,2025-07-05,0,unclustered,144,0,0.0,1.8189894035458565e-12,optimal
q3_fixed_unclustered,2025-07-05,6,unclustered,108,0,0.0,9.094947017729282e-13,optimal
q3_fixed_unclustered,2025-07-05,12,unclustered,72,0,0.0,2.2737367544323206e-13,optimal
q3_fixed_unclustered,2025-07-05,18,unclustered,36,0,0.0,9.777068044058979e-12,optimal
q3_fixed_unclustered,2025-07-06,0,unclustered,144,0,0.0,1.8189894035458565e-12,optimal
q3_fixed_unclustered,2025-07-06,6,unclustered,108,0,0.0,9.094947017729282e-13,optimal
q3_fixed_unclustered,2025-07-06,12,unclustered,72,0,0.0,2.2737367544323206e-13,optimal
q3_fixed_unclustered,2025-07-06,18,unclustered,36,0,0.0,8.185452315956354e-12,optimal
q3_fixed_unclustered,2025-07-07,0,unclustered,144,0,0.0,2.2737367544323206e-13,optimal
q3_fixed_unclustered,2025-07-07,6,unclustered,108,0,0.0,9.094947017729282e-13,optimal
q3_fixed_unclustered,2025-07-07,12,unclustered,72,0,0.0,2.2737367544323206e-13,optimal
q3_fixed_unclustered,2025-07-07,18,unclustered,36,0,0.0,2.2737367544323206e-13,optimal
q3_fixed_unclustered,2025-07-08,0,unclustered,144,0,0.0,2.2737367544323206e-13,optimal
q3_fixed_unclustered,2025-07-08,6,unclustered,108,0,0.0,9.094947017729282e-13,optimal
q3_fixed_unclustered,2025-07-08,12,unclustered,72,0,0.0,2.2737367544323206e-13,optimal
q3_fixed_unclustered,2025-07-08,18,unclustered,36,0,0.0,1.432454155292362e-11,optimal
q3_fixed_unclustered,2025-07-09,0,unclustered,144,0,0.0,2.2737367544323206e-13,optimal
q3_fixed_unclustered,2025-07-09,6,unclustered,108,0,0.0,1.8189894035458565e-12,optimal
q3_fixed_unclustered,2025-07-09,12,unclustered,72,0,0.0,2.2737367544323206e-13,optimal
q3_fixed_unclustered,2025-07-09,18,unclustered,36,0,0.0,1.887201506178826e-11,optimal
q3_fixed_unclustered,2025-07-10,0,unclustered,144,0,0.0,2.2737367544323206e-13,optimal
q3_fixed_unclustered,2025-07-10,6,unclustered,108,0,0.0,4.547473508864641e-13,optimal
q3_fixed_unclustered,2025-07-10,12,unclustered,72,0,0.0,2.2737367544323206e-13,optimal
q3_fixed_unclustered,2025-07-10,18,unclustered,36,0,0.0,9.322320693172514e-12,optimal
q3_fixed_unclustered,2025-07-11,0,unclustered,144,0,0.0,2.2737367544323206e-13,optimal
q3_fixed_unclustered,2025-07-11,6,unclustered,108,0,0.0,9.094947017729282e-13,optimal
q3_fixed_unclustered,2025-07-11,12,unclustered,72,0,0.0,2.2737367544323206e-13,optimal
q3_fixed_unclustered,2025-07-11,18,unclustered,36,0,0.0,1.2732925824820995e-11,optimal
q3_fixed_unclustered,2025-07-12,0,unclustered,144,0,0.0,2.7284841053187847e-12,optimal
q3_fixed_unclustered,2025-07-12,6,unclustered,108,0,0.0,9.094947017729282e-13,optimal
q3_fixed_unclustered,2025-07-12,12,unclustered,72,0,0.0,3.410605131648481e-13,optimal
q3_fixed_unclustered,2025-07-12,18,unclustered,36,0,0.0,2.2737367544323206e-13,optimal
q3_fixed_unclustered,2025-07-13,0,unclustered,144,0,0.0,1.8189894035458565e-12,optimal
q3_fixed_unclustered,2025-07-13,6,unclustered,108,0,0.0,2.2737367544323206e-13,optimal
q3_fixed_unclustered,2025-07-13,12,unclustered,72,0,0.0,2.2737367544323206e-13,optimal
q3_fixed_unclustered,2025-07-13,18,unclustered,36,0,0.0,2.2737367544323206e-13,optimal
q3_fixed_unclustered,2025-07-14,0,unclustered,144,0,0.0,2.2737367544323206e-13,optimal
q3_fixed_unclustered,2025-07-14,6,unclustered,108,0,0.0,9.094947017729282e-13,optimal
q3_fixed_unclustered,2025-07-14,12,unclustered,72,0,0.0,2.2737367544323206e-13,optimal
q3_fixed_unclustered,2025-07-14,18,unclustered,36,0,0.0,8.640199666842818e-12,optimal
q3_fixed_unclustered,2025-07-15,0,unclustered,144,0,0.0,2.2737367544323206e-13,optimal
q3_fixed_unclustered,2025-07-15,6,unclustered,108,0,0.0,2.2737367544323206e-13,optimal
q3_fixed_unclustered,2025-07-15,12,unclustered,72,0,0.0,2.2737367544323206e-13,optimal
q3_fixed_unclustered,2025-07-15,18,unclustered,36,0,0.0,2.2737367544323206e-13,optimal
q3_fixed_unclustered,2025-07-16,0,unclustered,144,0,0.0,4.547473508864641e-13,optimal
q3_fixed_unclustered,2025-07-16,6,unclustered,108,0,0.0,9.094947017729282e-13,optimal
q3_fixed_unclustered,2025-07-16,12,unclustered,72,0,0.0,1.8189894035458565e-12,optimal
q3_fixed_unclustered,2025-07-16,18,unclustered,36,0,0.0,2.2737367544323206e-13,optimal
q3_fixed_unclustered,2025-07-17,0,unclustered,144,0,0.0,4.547473508864641e-13,optimal
q3_fixed_unclustered,2025-07-17,6,unclustered,108,0,0.0,9.094947017729282e-13,optimal
q3_fixed_unclustered,2025-07-17,12,unclustered,72,0,0.0,2.2737367544323206e-13,optimal
q3_fixed_unclustered,2025-07-17,18,unclustered,36,0,0.0,7.503331289626658e-12,optimal
q3_fixed_unclustered,2025-07-18,0,unclustered,144,0,0.0,2.2737367544323206e-13,optimal
q3_fixed_unclustered,2025-07-18,6,unclustered,108,0,0.0,2.2737367544323206e-13,optimal
q3_fixed_unclustered,2025-07-18,12,unclustered,72,0,0.0,2.2737367544323206e-13,optimal
q3_fixed_unclustered,2025-07-18,18,unclustered,36,0,0.0,2.2737367544323206e-13,optimal
q3_fixed_unclustered,2025-07-19,0,unclustered,144,0,0.0,2.2737367544323206e-13,optimal
q3_fixed_unclustered,2025-07-19,6,unclustered,108,0,0.0,2.2737367544323206e-13,optimal
q3_fixed_unclustered,2025-07-19,12,unclustered,72,0,0.0,2.2737367544323206e-13,optimal
q3_fixed_unclustered,2025-07-19,18,unclustered,36,0,0.0,2.2737367544323206e-13,optimal
q3_fixed_unclustered,2025-07-20,0,unclustered,144,0,0.0,4.547473508864641e-13,optimal
q3_fixed_unclustered,2025-07-20,6,unclustered,108,0,0.0,2.2737367544323206e-13,optimal
q3_fixed_unclustered,2025-07-20,12,unclustered,72,0,0.0,2.2737367544323206e-13,optimal
q3_fixed_unclustered,2025-07-20,18,unclustered,36,0,0.0,1.0686562745831907e-11,optimal
q3_fixed_unclustered,2025-07-21,0,unclustered,144,0,0.0,2.2737367544323206e-13,optimal
q3_fixed_unclustered,2025-07-21,6,unclustered,108,0,0.0,2.2737367544323206e-13,optimal
q3_fixed_unclustered,2025-07-21,12,unclustered,72,0,0.0,2.2737367544323206e-13,optimal
q3_fixed_unclustered,2025-07-21,18,unclustered,36,0,0.0,1.5916157281026244e-11,optimal
q3_fixed_unclustered,2025-07-22,0,unclustered,144,0,0.0,2.2737367544323206e-13,optimal
q3_fixed_unclustered,2025-07-22,6,unclustered,108,0,0.0,3.410605131648481e-13,optimal
q3_fixed_unclustered,2025-07-22,12,unclustered,72,0,0.0,2.2737367544323206e-13,optimal
q3_fixed_unclustered,2025-07-22,18,unclustered,36,0,0.0,6.366462912410498e-12,optimal
q3_fixed_unclustered,2025-07-23,0,unclustered,144,0,0.0,2.2737367544323206e-13,optimal
q3_fixed_unclustered,2025-07-23,6,unclustered,108,0,0.0,1.8189894035458565e-12,optimal
q3_fixed_unclustered,2025-07-23,12,unclustered,72,0,0.0,2.2737367544323206e-13,optimal
q3_fixed_unclustered,2025-07-23,18,unclustered,36,0,0.0,2.2737367544323206e-13,optimal
q3_fixed_unclustered,2025-07-24,0,unclustered,144,0,0.0,2.2737367544323206e-13,optimal
q3_fixed_unclustered,2025-07-24,6,unclustered,108,0,0.0,2.2737367544323206e-13,optimal
q3_fixed_unclustered,2025-07-24,12,unclustered,72,0,0.0,2.2737367544323206e-13,optimal
q3_fixed_unclustered,2025-07-24,18,unclustered,36,0,0.0,9.094947017729282e-13,optimal
q3_fixed_unclustered,2025-07-25,0,unclustered,144,0,0.0,1.8189894035458565e-12,optimal
q3_fixed_unclustered,2025-07-25,6,unclustered,108,0,0.0,2.2737367544323206e-13,optimal
q3_fixed_unclustered,2025-07-25,12,unclustered,72,0,0.0,3.410605131648481e-13,optimal
q3_fixed_unclustered,2025-07-25,18,unclustered,36,0,0.0,1.8189894035458565e-12,optimal
q3_fixed_unclustered,2025-07-26,0,unclustered,144,0,0.0,2.2737367544323206e-13,optimal
q3_fixed_unclustered,2025-07-26,6,unclustered,108,0,0.0,2.2737367544323206e-13,optimal
q3_fixed_unclustered,2025-07-26,12,unclustered,72,0,0.0,2.2737367544323206e-13,optimal
q3_fixed_unclustered,2025-07-26,18,unclustered,36,0,0.0,1.9554136088117957e-11,optimal
q3_fixed_unclustered,2025-07-27,0,unclustered,144,0,0.0,1.8189894035458565e-12,optimal
q3_fixed_unclustered,2025-07-27,6,unclustered,108,0,0.0,2.2737367544323206e-13,optimal
q3_fixed_unclustered,2025-07-27,12,unclustered,72,0,0.0,2.2737367544323206e-13,optimal
q3_fixed_unclustered,2025-07-27,18,unclustered,36,0,0.0,1.2278178473934531e-11,optimal
q3_fixed_unclustered,2025-07-28,0,unclustered,144,0,0.0,2.2737367544323206e-13,optimal
q3_fixed_unclustered,2025-07-28,6,unclustered,108,0,0.0,2.2737367544323206e-13,optimal
q3_fixed_unclustered,2025-07-28,12,unclustered,72,0,0.0,2.2737367544323206e-13,optimal
q3_fixed_unclustered,2025-07-28,18,unclustered,36,0,0.0,9.322320693172514e-12,optimal
q3_fixed_unclustered,2025-07-29,0,unclustered,144,0,0.0,4.547473508864641e-13,optimal
q3_fixed_unclustered,2025-07-29,6,unclustered,108,0,0.0,9.094947017729282e-13,optimal
q3_fixed_unclustered,2025-07-29,12,unclustered,72,0,0.0,1.8189894035458565e-12,optimal
q3_fixed_unclustered,2025-07-29,18,unclustered,36,0,0.0,2.2737367544323206e-13,optimal
q3_fixed_unclustered,2025-07-30,0,unclustered,144,0,0.0,1.8189894035458565e-12,optimal
q3_fixed_unclustered,2025-07-30,6,unclustered,108,0,0.0,9.094947017729282e-13,optimal
q3_fixed_unclustered,2025-07-30,12,unclustered,72,0,0.0,2.2737367544323206e-13,optimal
q3_fixed_unclustered,2025-07-30,18,unclustered,36,0,0.0,1.3415046851150692e-11,optimal
q3_fixed_unclustered,2025-07-31,0,unclustered,144,0,0.0,2.2737367544323206e-13,optimal
q3_fixed_unclustered,2025-07-31,6,unclustered,108,0,0.0,9.094947017729282e-13,optimal
q3_fixed_unclustered,2025-07-31,12,unclustered,72,0,0.0,1.8189894035458565e-12,optimal
q3_fixed_unclustered,2025-07-31,18,unclustered,36,0,0.0,2.2737367544323206e-13,optimal
q3_fixed_unclustered,2025-08-01,0,unclustered,144,0,0.0,2.2737367544323206e-13,optimal
q3_fixed_unclustered,2025-08-01,6,unclustered,108,0,0.0,2.2737367544323206e-13,optimal
q3_fixed_unclustered,2025-08-01,12,unclustered,72,0,0.0,2.2737367544323206e-13,optimal
q3_fixed_unclustered,2025-08-01,18,unclustered,36,0,0.0,7.275957614183426e-12,optimal
q3_fixed_unclustered,2025-08-02,0,unclustered,144,0,0.0,2.2737367544323206e-13,optimal
q3_fixed_unclustered,2025-08-02,6,unclustered,108,0,0.0,1.8189894035458565e-12,optimal
q3_fixed_unclustered,2025-08-02,12,unclustered,72,0,0.0,2.2737367544323206e-13,optimal
q3_fixed_unclustered,2025-08-02,18,unclustered,36,0,0.0,2.2737367544323206e-13,optimal
q3_fixed_unclustered,2025-08-03,0,unclustered,144,0,0.0,9.094947017729282e-13,optimal
q3_fixed_unclustered,2025-08-03,6,unclustered,108,0,0.0,9.094947017729282e-13,optimal
q3_fixed_unclustered,2025-08-03,12,unclustered,72,0,0.0,7.048583938740194e-12,optimal
q3_fixed_unclustered,2025-08-03,18,unclustered,36,0,0.0,2.2737367544323206e-13,optimal
q3_fixed_unclustered,2025-08-04,0,unclustered,144,0,0.0,9.094947017729282e-13,optimal
q3_fixed_unclustered,2025-08-04,6,unclustered,108,0,0.0,9.094947017729282e-13,optimal
q3_fixed_unclustered,2025-08-04,12,unclustered,72,0,0.0,2.2737367544323206e-13,optimal
q3_fixed_unclustered,2025-08-04,18,unclustered,36,0,0.0,4.547473508864641e-13,optimal
q3_fixed_unclustered,2025-08-05,0,unclustered,144,0,0.0,9.094947017729282e-13,optimal
q3_fixed_unclustered,2025-08-05,6,unclustered,108,0,0.0,9.094947017729282e-13,optimal
q3_fixed_unclustered,2025-08-05,12,unclustered,72,0,0.0,2.2737367544323206e-13,optimal
q3_fixed_unclustered,2025-08-05,18,unclustered,36,0,0.0,2.2737367544323206e-13,optimal
q3_fixed_unclustered,2025-08-06,0,unclustered,144,0,0.0,1.8189894035458565e-12,optimal
q3_fixed_unclustered,2025-08-06,6,unclustered,108,0,0.0,2.2737367544323206e-13,optimal
q3_fixed_unclustered,2025-08-06,12,unclustered,72,0,0.0,2.2737367544323206e-13,optimal
q3_fixed_unclustered,2025-08-06,18,unclustered,36,0,0.0,6.366462912410498e-12,optimal
q3_fixed_unclustered,2025-08-07,0,unclustered,144,0,0.0,4.547473508864641e-13,optimal
q3_fixed_unclustered,2025-08-07,6,unclustered,108,0,0.0,1.8189894035458565e-12,optimal
q3_fixed_unclustered,2025-08-07,12,unclustered,72,0,0.0,2.2737367544323206e-13,optimal
q3_fixed_unclustered,2025-08-07,18,unclustered,36,0,0.0,2.2737367544323206e-13,optimal
q3_fixed_unclustered,2025-08-08,0,unclustered,144,0,0.0,9.094947017729282e-13,optimal
q3_fixed_unclustered,2025-08-08,6,unclustered,108,0,0.0,1.8189894035458565e-12,optimal
q3_fixed_unclustered,2025-08-08,12,unclustered,72,0,0.0,2.2737367544323206e-13,optimal
q3_fixed_unclustered,2025-08-08,18,unclustered,36,0,0.0,1.0913936421275139e-11,optimal
q3_fixed_unclustered,2025-08-09,0,unclustered,144,0,0.0,2.2737367544323206e-13,optimal
q3_fixed_unclustered,2025-08-09,6,unclustered,108,0,0.0,9.094947017729282e-13,optimal
q3_fixed_unclustered,2025-08-09,12,unclustered,72,0,0.0,2.2737367544323206e-13,optimal
q3_fixed_unclustered,2025-08-09,18,unclustered,36,0,0.0,7.958078640513122e-12,optimal
q3_fixed_unclustered,2025-08-10,0,unclustered,144,0,0.0,1.8189894035458565e-12,optimal
q3_fixed_unclustered,2025-08-10,6,unclustered,108,0,0.0,9.094947017729282e-13,optimal
q3_fixed_unclustered,2025-08-10,12,unclustered,72,0,0.0,2.2737367544323206e-13,optimal
q3_fixed_unclustered,2025-08-10,18,unclustered,36,0,0.0,4.547473508864641e-13,optimal
q3_fixed_unclustered,2025-08-11,0,unclustered,144,0,0.0,4.547473508864641e-13,optimal
q3_fixed_unclustered,2025-08-11,6,unclustered,108,0,0.0,9.094947017729282e-13,optimal
q3_fixed_unclustered,2025-08-11,12,unclustered,72,0,0.0,2.2737367544323206e-13,optimal
q3_fixed_unclustered,2025-08-11,18,unclustered,36,0,0.0,1.978150976356119e-11,optimal
q3_fixed_unclustered,2025-08-12,0,unclustered,144,0,0.0,2.2737367544323206e-13,optimal
q3_fixed_unclustered,2025-08-12,6,unclustered,108,0,0.0,2.2737367544323206e-13,optimal
q3_fixed_unclustered,2025-08-12,12,unclustered,72,0,0.0,2.2737367544323206e-13,optimal
q3_fixed_unclustered,2025-08-12,18,unclustered,36,0,0.0,4.547473508864641e-13,optimal
q3_fixed_unclustered,2025-08-13,0,unclustered,144,0,0.0,2.2737367544323206e-13,optimal
q3_fixed_unclustered,2025-08-13,6,unclustered,108,0,0.0,9.094947017729282e-13,optimal
q3_fixed_unclustered,2025-08-13,12,unclustered,72,0,0.0,1.8189894035458565e-12,optimal
q3_fixed_unclustered,2025-08-13,18,unclustered,36,0,0.0,7.503331289626658e-12,optimal
q3_fixed_unclustered,2025-08-14,0,unclustered,144,0,0.0,2.2737367544323206e-13,optimal
q3_fixed_unclustered,2025-08-14,6,unclustered,108,0,0.0,1.8189894035458565e-12,optimal
q3_fixed_unclustered,2025-08-14,12,unclustered,72,0,0.0,2.2737367544323206e-13,optimal
q3_fixed_unclustered,2025-08-14,18,unclustered,36,0,0.0,1.0231815394945443e-11,optimal
q3_fixed_unclustered,2025-08-15,0,unclustered,144,0,0.0,1.8189894035458565e-12,optimal
q3_fixed_unclustered,2025-08-15,6,unclustered,108,0,0.0,9.094947017729282e-13,optimal
q3_fixed_unclustered,2025-08-15,12,unclustered,72,0,0.0,2.2737367544323206e-13,optimal
q3_fixed_unclustered,2025-08-15,18,unclustered,36,0,0.0,1.4779288903810084e-11,optimal
q3_fixed_unclustered,2025-08-16,0,unclustered,144,0,0.0,2.2737367544323206e-13,optimal
q3_fixed_unclustered,2025-08-16,6,unclustered,108,0,0.0,1.8189894035458565e-12,optimal
q3_fixed_unclustered,2025-08-16,12,unclustered,72,0,0.0,2.2737367544323206e-13,optimal
q3_fixed_unclustered,2025-08-16,18,unclustered,36,0,0.0,1.0913936421275139e-11,optimal
q3_fixed_unclustered,2025-08-17,0,unclustered,144,0,0.0,2.2737367544323206e-13,optimal
q3_fixed_unclustered,2025-08-17,6,unclustered,108,0,0.0,9.094947017729282e-13,optimal
q3_fixed_unclustered,2025-08-17,12,unclustered,72,0,0.0,2.2737367544323206e-13,optimal
q3_fixed_unclustered,2025-08-17,18,unclustered,36,0,0.0,1.8189894035458565e-12,optimal
q3_fixed_unclustered,2025-08-18,0,unclustered,144,0,0.0,4.547473508864641e-13,optimal
q3_fixed_unclustered,2025-08-18,6,unclustered,108,0,0.0,2.2737367544323206e-13,optimal
q3_fixed_unclustered,2025-08-18,12,unclustered,72,0,0.0,1.1368683772161603e-13,optimal
q3_fixed_unclustered,2025-08-18,18,unclustered,36,0,0.0,9.549694368615746e-12,optimal
q3_fixed_unclustered,2025-08-19,0,unclustered,144,0,0.0,9.094947017729282e-13,optimal
q3_fixed_unclustered,2025-08-19,6,unclustered,108,0,0.0,9.094947017729282e-13,optimal
q3_fixed_unclustered,2025-08-19,12,unclustered,72,0,0.0,2.2737367544323206e-13,optimal
q3_fixed_unclustered,2025-08-19,18,unclustered,36,0,0.0,1.1596057447604835e-11,optimal
q3_fixed_unclustered,2025-08-20,0,unclustered,144,0,0.0,2.2737367544323206e-13,optimal
q3_fixed_unclustered,2025-08-20,6,unclustered,108,0,0.0,1.1368683772161603e-12,optimal
q3_fixed_unclustered,2025-08-20,12,unclustered,72,0,0.0,2.2737367544323206e-13,optimal
q3_fixed_unclustered,2025-08-20,18,unclustered,36,0,0.0,2.2737367544323206e-13,optimal
q3_fixed_unclustered,2025-08-21,0,unclustered,144,0,0.0,2.2737367544323206e-13,optimal
q3_fixed_unclustered,2025-08-21,6,unclustered,108,0,0.0,2.2737367544323206e-13,optimal
q3_fixed_unclustered,2025-08-21,12,unclustered,72,0,0.0,2.2737367544323206e-13,optimal
q3_fixed_unclustered,2025-08-21,18,unclustered,36,0,0.0,2.2737367544323206e-13,optimal
q3_fixed_unclustered,2025-08-22,0,unclustered,144,0,0.0,2.2737367544323206e-13,optimal
q3_fixed_unclustered,2025-08-22,6,unclustered,108,0,0.0,1.8189894035458565e-12,optimal
q3_fixed_unclustered,2025-08-22,12,unclustered,72,0,0.0,2.2737367544323206e-13,optimal
q3_fixed_unclustered,2025-08-22,18,unclustered,36,0,0.0,1.2278178473934531e-11,optimal
q3_fixed_unclustered,2025-08-23,0,unclustered,144,0,0.0,2.2737367544323206e-13,optimal
q3_fixed_unclustered,2025-08-23,6,unclustered,108,0,0.0,1.8189894035458565e-12,optimal
q3_fixed_unclustered,2025-08-23,12,unclustered,72,0,0.0,2.2737367544323206e-13,optimal
q3_fixed_unclustered,2025-08-23,18,unclustered,36,0,0.0,1.8189894035458565e-12,optimal
q3_fixed_unclustered,2025-08-24,0,unclustered,144,0,0.0,1.8189894035458565e-12,optimal
q3_fixed_unclustered,2025-08-24,6,unclustered,108,0,0.0,2.2737367544323206e-13,optimal
q3_fixed_unclustered,2025-08-24,12,unclustered,72,0,0.0,1.8189894035458565e-12,optimal
q3_fixed_unclustered,2025-08-24,18,unclustered,36,0,0.0,1.5234036254696548e-11,optimal
q3_fixed_unclustered,2025-08-25,0,unclustered,144,0,0.0,4.547473508864641e-13,optimal
q3_fixed_unclustered,2025-08-25,6,unclustered,108,0,0.0,2.2737367544323206e-13,optimal
q3_fixed_unclustered,2025-08-25,12,unclustered,72,0,0.0,2.2737367544323206e-13,optimal
q3_fixed_unclustered,2025-08-25,18,unclustered,36,0,0.0,1.2050804798491299e-11,optimal
q3_fixed_unclustered,2025-08-26,0,unclustered,144,0,0.0,9.094947017729282e-13,optimal
q3_fixed_unclustered,2025-08-26,6,unclustered,108,0,0.0,9.094947017729282e-13,optimal
q3_fixed_unclustered,2025-08-26,12,unclustered,72,0,0.0,2.2737367544323206e-13,optimal
q3_fixed_unclustered,2025-08-26,18,unclustered,36,0,0.0,1.8189894035458565e-12,optimal
q3_fixed_unclustered,2025-08-27,0,unclustered,144,0,0.0,9.094947017729282e-13,optimal
q3_fixed_unclustered,2025-08-27,6,unclustered,108,0,0.0,9.094947017729282e-13,optimal
q3_fixed_unclustered,2025-08-27,12,unclustered,72,0,0.0,2.2737367544323206e-13,optimal
q3_fixed_unclustered,2025-08-27,18,unclustered,36,0,0.0,1.8189894035458565e-12,optimal
q3_fixed_unclustered,2025-08-28,0,unclustered,144,0,0.0,4.547473508864641e-13,optimal
q3_fixed_unclustered,2025-08-28,6,unclustered,108,0,0.0,2.2737367544323206e-13,optimal
q3_fixed_unclustered,2025-08-28,12,unclustered,72,0,0.0,2.2737367544323206e-13,optimal
q3_fixed_unclustered,2025-08-28,18,unclustered,36,0,0.0,2.2737367544323206e-13,optimal
q3_fixed_unclustered,2025-08-29,0,unclustered,144,0,0.0,4.547473508864641e-13,optimal
q3_fixed_unclustered,2025-08-29,6,unclustered,108,0,0.0,1.8189894035458565e-12,optimal
q3_fixed_unclustered,2025-08-29,12,unclustered,72,0,0.0,2.2737367544323206e-13,optimal
q3_fixed_unclustered,2025-08-29,18,unclustered,36,0,0.0,7.275957614183426e-12,optimal
q3_fixed_unclustered,2025-08-30,0,unclustered,144,0,0.0,2.2737367544323206e-13,optimal
q3_fixed_unclustered,2025-08-30,6,unclustered,108,0,0.0,3.410605131648481e-13,optimal
q3_fixed_unclustered,2025-08-30,12,unclustered,72,0,0.0,1.8189894035458565e-12,optimal
q3_fixed_unclustered,2025-08-30,18,unclustered,36,0,0.0,2.2737367544323206e-13,optimal
q3_fixed_unclustered,2025-08-31,0,unclustered,144,0,0.0,2.7284841053187847e-12,optimal
q3_fixed_unclustered,2025-08-31,6,unclustered,108,0,0.0,1.8189894035458565e-12,optimal
q3_fixed_unclustered,2025-08-31,12,unclustered,72,0,0.0,2.2737367544323206e-13,optimal
q3_fixed_unclustered,2025-08-31,18,unclustered,36,0,0.0,1.2278178473934531e-11,optimal
q3_fixed_unclustered,2025-09-01,0,unclustered,144,0,0.0,1.8189894035458565e-12,optimal
q3_fixed_unclustered,2025-09-01,6,unclustered,108,0,0.0,4.547473508864641e-13,optimal
q3_fixed_unclustered,2025-09-01,12,unclustered,72,0,0.0,2.2737367544323206e-13,optimal
q3_fixed_unclustered,2025-09-01,18,unclustered,36,0,0.0,2.2737367544323206e-13,optimal
q3_fixed_unclustered,2025-09-02,0,unclustered,144,0,0.0,4.547473508864641e-13,optimal
q3_fixed_unclustered,2025-09-02,6,unclustered,108,0,0.0,2.2737367544323206e-13,optimal
q3_fixed_unclustered,2025-09-02,12,unclustered,72,0,0.0,2.2737367544323206e-13,optimal
q3_fixed_unclustered,2025-09-02,18,unclustered,36,0,0.0,6.59383658785373e-12,optimal
q3_fixed_unclustered,2025-09-03,0,unclustered,144,0,0.0,1.8189894035458565e-12,optimal
q3_fixed_unclustered,2025-09-03,6,unclustered,108,0,0.0,2.2737367544323206e-13,optimal
q3_fixed_unclustered,2025-09-03,12,unclustered,72,0,0.0,2.2737367544323206e-13,optimal
q3_fixed_unclustered,2025-09-03,18,unclustered,36,0,0.0,1.4551915228366852e-11,optimal
q3_fixed_unclustered,2025-09-04,0,unclustered,144,0,0.0,2.2737367544323206e-13,optimal
q3_fixed_unclustered,2025-09-04,6,unclustered,108,0,0.0,3.410605131648481e-13,optimal
q3_fixed_unclustered,2025-09-04,12,unclustered,72,0,0.0,2.2737367544323206e-13,optimal
q3_fixed_unclustered,2025-09-04,18,unclustered,36,0,0.0,1.8189894035458565e-11,optimal
q3_fixed_unclustered,2025-09-05,0,unclustered,144,0,0.0,2.2737367544323206e-13,optimal
q3_fixed_unclustered,2025-09-05,6,unclustered,108,0,0.0,2.2737367544323206e-13,optimal
q3_fixed_unclustered,2025-09-05,12,unclustered,72,0,0.0,2.2737367544323206e-13,optimal
q3_fixed_unclustered,2025-09-05,18,unclustered,36,0,0.0,1.1596057447604835e-11,optimal
q3_fixed_unclustered,2025-09-06,0,unclustered,144,0,0.0,9.094947017729282e-13,optimal
q3_fixed_unclustered,2025-09-06,6,unclustered,108,0,0.0,2.2737367544323206e-13,optimal
q3_fixed_unclustered,2025-09-06,12,unclustered,72,0,0.0,2.2737367544323206e-13,optimal
q3_fixed_unclustered,2025-09-06,18,unclustered,36,0,0.0,1.1823431123048067e-11,optimal
q3_fixed_unclustered,2025-09-07,0,unclustered,144,0,0.0,2.2737367544323206e-13,optimal
q3_fixed_unclustered,2025-09-07,6,unclustered,108,0,0.0,2.2737367544323206e-13,optimal
q3_fixed_unclustered,2025-09-07,12,unclustered,72,0,0.0,2.2737367544323206e-13,optimal
q3_fixed_unclustered,2025-09-07,18,unclustered,36,0,0.0,1.3642420526593924e-11,optimal
q3_fixed_unclustered,2025-09-08,0,unclustered,144,0,0.0,1.8189894035458565e-12,optimal
q3_fixed_unclustered,2025-09-08,6,unclustered,108,0,0.0,2.2737367544323206e-13,optimal
q3_fixed_unclustered,2025-09-08,12,unclustered,72,0,0.0,2.2737367544323206e-13,optimal
q3_fixed_unclustered,2025-09-08,18,unclustered,36,0,0.0,2.2737367544323206e-13,optimal
q3_fixed_unclustered,2025-09-09,0,unclustered,144,0,0.0,2.2737367544323206e-13,optimal
q3_fixed_unclustered,2025-09-09,6,unclustered,108,0,0.0,2.2737367544323206e-13,optimal
q3_fixed_unclustered,2025-09-09,12,unclustered,72,0,0.0,2.2737367544323206e-13,optimal
q3_fixed_unclustered,2025-09-09,18,unclustered,36,0,0.0,2.2737367544323206e-13,optimal
q3_fixed_unclustered,2025-09-10,0,unclustered,144,0,0.0,4.547473508864641e-13,optimal
q3_fixed_unclustered,2025-09-10,6,unclustered,108,0,0.0,2.2737367544323206e-13,optimal
q3_fixed_unclustered,2025-09-10,12,unclustered,72,0,0.0,2.2737367544323206e-13,optimal
q3_fixed_unclustered,2025-09-10,18,unclustered,36,0,0.0,2.2737367544323206e-13,optimal
q3_fixed_unclustered,2025-09-11,0,unclustered,144,0,0.0,2.2737367544323206e-13,optimal
q3_fixed_unclustered,2025-09-11,6,unclustered,108,0,0.0,9.094947017729282e-13,optimal
q3_fixed_unclustered,2025-09-11,12,unclustered,72,0,0.0,2.2737367544323206e-13,optimal
q3_fixed_unclustered,2025-09-11,18,unclustered,36,0,0.0,2.2737367544323206e-13,optimal
q3_fixed_unclustered,2025-09-12,0,unclustered,144,0,0.0,9.094947017729282e-13,optimal
q3_fixed_unclustered,2025-09-12,6,unclustered,108,0,0.0,4.547473508864641e-13,optimal
q3_fixed_unclustered,2025-09-12,12,unclustered,72,0,0.0,2.2737367544323206e-13,optimal
q3_fixed_unclustered,2025-09-12,18,unclustered,36,0,0.0,2.2737367544323206e-13,optimal
q3_fixed_unclustered,2025-09-13,0,unclustered,144,0,0.0,4.547473508864641e-13,optimal
q3_fixed_unclustered,2025-09-13,6,unclustered,108,0,0.0,2.2737367544323206e-13,optimal
q3_fixed_unclustered,2025-09-13,12,unclustered,72,0,0.0,2.2737367544323206e-13,optimal
q3_fixed_unclustered,2025-09-13,18,unclustered,36,0,0.0,3.410605131648481e-13,optimal
q3_fixed_unclustered,2025-09-14,0,unclustered,144,0,0.0,9.094947017729282e-13,optimal
q3_fixed_unclustered,2025-09-14,6,unclustered,108,0,0.0,4.547473508864641e-13,optimal
q3_fixed_unclustered,2025-09-14,12,unclustered,72,0,0.0,2.2737367544323206e-13,optimal
q3_fixed_unclustered,2025-09-14,18,unclustered,36,0,0.0,2.2737367544323206e-13,optimal
q3_fixed_unclustered,2025-09-15,0,unclustered,144,0,0.0,2.2737367544323206e-13,optimal
q3_fixed_unclustered,2025-09-15,6,unclustered,108,0,0.0,1.8189894035458565e-12,optimal
q3_fixed_unclustered,2025-09-15,12,unclustered,72,0,0.0,2.2737367544323206e-13,optimal
q3_fixed_unclustered,2025-09-15,18,unclustered,36,0,0.0,3.410605131648481e-13,optimal
q3_fixed_unclustered,2025-09-16,0,unclustered,144,0,0.0,2.2737367544323206e-13,optimal
q3_fixed_unclustered,2025-09-16,6,unclustered,108,0,0.0,4.547473508864641e-13,optimal
q3_fixed_unclustered,2025-09-16,12,unclustered,72,0,0.0,5.684341886080801e-13,optimal
q3_fixed_unclustered,2025-09-16,18,unclustered,36,0,0.0,3.410605131648481e-13,optimal
q3_fixed_unclustered,2025-09-17,0,unclustered,144,0,0.0,4.547473508864641e-13,optimal
q3_fixed_unclustered,2025-09-17,6,unclustered,108,0,0.0,9.094947017729282e-13,optimal
q3_fixed_unclustered,2025-09-17,12,unclustered,72,0,0.0,2.2737367544323206e-13,optimal
q3_fixed_unclustered,2025-09-17,18,unclustered,36,0,0.0,2.2737367544323206e-13,optimal
q3_fixed_unclustered,2025-09-18,0,unclustered,144,0,0.0,4.547473508864641e-13,optimal
q3_fixed_unclustered,2025-09-18,6,unclustered,108,0,0.0,1.8189894035458565e-12,optimal
q3_fixed_unclustered,2025-09-18,12,unclustered,72,0,0.0,2.2737367544323206e-13,optimal
q3_fixed_unclustered,2025-09-18,18,unclustered,36,0,0.0,3.410605131648481e-13,optimal
q3_fixed_unclustered,2025-09-19,0,unclustered,144,0,0.0,4.547473508864641e-13,optimal
q3_fixed_unclustered,2025-09-19,6,unclustered,108,0,0.0,4.547473508864641e-13,optimal
q3_fixed_unclustered,2025-09-19,12,unclustered,72,0,0.0,2.2737367544323206e-13,optimal
q3_fixed_unclustered,2025-09-19,18,unclustered,36,0,0.0,2.2737367544323206e-13,optimal
q3_fixed_unclustered,2025-09-20,0,unclustered,144,0,0.0,2.2737367544323206e-13,optimal
q3_fixed_unclustered,2025-09-20,6,unclustered,108,0,0.0,2.2737367544323206e-13,optimal
q3_fixed_unclustered,2025-09-20,12,unclustered,72,0,0.0,2.2737367544323206e-13,optimal
q3_fixed_unclustered,2025-09-20,18,unclustered,36,0,0.0,2.2737367544323206e-13,optimal
q3_fixed_unclustered,2025-09-21,0,unclustered,144,0,0.0,2.2737367544323206e-13,optimal
q3_fixed_unclustered,2025-09-21,6,unclustered,108,0,0.0,2.2737367544323206e-13,optimal
q3_fixed_unclustered,2025-09-21,12,unclustered,72,0,0.0,2.2737367544323206e-13,optimal
q3_fixed_unclustered,2025-09-21,18,unclustered,36,0,0.0,1.5916157281026244e-11,optimal
q3_fixed_unclustered,2025-09-22,0,unclustered,144,0,0.0,4.547473508864641e-13,optimal
q3_fixed_unclustered,2025-09-22,6,unclustered,108,0,0.0,9.094947017729282e-13,optimal
q3_fixed_unclustered,2025-09-22,12,unclustered,72,0,0.0,2.2737367544323206e-13,optimal
q3_fixed_unclustered,2025-09-22,18,unclustered,36,0,0.0,2.000888343900442e-11,optimal
q3_fixed_unclustered,2025-09-23,0,unclustered,144,0,0.0,1.8189894035458565e-12,optimal
q3_fixed_unclustered,2025-09-23,6,unclustered,108,0,0.0,1.8189894035458565e-12,optimal
q3_fixed_unclustered,2025-09-23,12,unclustered,72,0,0.0,2.2737367544323206e-13,optimal
q3_fixed_unclustered,2025-09-23,18,unclustered,36,0,0.0,1.4097167877480388e-11,optimal
q3_fixed_unclustered,2025-09-24,0,unclustered,144,0,0.0,4.547473508864641e-13,optimal
q3_fixed_unclustered,2025-09-24,6,unclustered,108,0,0.0,2.2737367544323206e-13,optimal
q3_fixed_unclustered,2025-09-24,12,unclustered,72,0,0.0,2.2737367544323206e-13,optimal
q3_fixed_unclustered,2025-09-24,18,unclustered,36,0,0.0,1.432454155292362e-11,optimal
q3_fixed_unclustered,2025-09-25,0,unclustered,144,0,0.0,1.8189894035458565e-12,optimal
q3_fixed_unclustered,2025-09-25,6,unclustered,108,0,0.0,1.8189894035458565e-12,optimal
q3_fixed_unclustered,2025-09-25,12,unclustered,72,0,0.0,2.2737367544323206e-13,optimal
q3_fixed_unclustered,2025-09-25,18,unclustered,36,0,0.0,1.1596057447604835e-11,optimal
q3_fixed_unclustered,2025-09-26,0,unclustered,144,0,0.0,4.547473508864641e-13,optimal
q3_fixed_unclustered,2025-09-26,6,unclustered,108,0,0.0,2.2737367544323206e-13,optimal
q3_fixed_unclustered,2025-09-26,12,unclustered,72,0,0.0,2.2737367544323206e-13,optimal
q3_fixed_unclustered,2025-09-26,18,unclustered,36,0,0.0,1.2278178473934531e-11,optimal
q3_fixed_unclustered,2025-09-27,0,unclustered,144,0,0.0,1.8189894035458565e-12,optimal
q3_fixed_unclustered,2025-09-27,6,unclustered,108,0,0.0,2.2737367544323206e-13,optimal
q3_fixed_unclustered,2025-09-27,12,unclustered,72,0,0.0,2.2737367544323206e-13,optimal
q3_fixed_unclustered,2025-09-27,18,unclustered,36,0,0.0,9.094947017729282e-12,optimal
q3_fixed_unclustered,2025-09-28,0,unclustered,144,0,0.0,2.2737367544323206e-13,optimal
q3_fixed_unclustered,2025-09-28,6,unclustered,108,0,0.0,1.8189894035458565e-12,optimal
q3_fixed_unclustered,2025-09-28,12,unclustered,72,0,0.0,2.2737367544323206e-13,optimal
q3_fixed_unclustered,2025-09-28,18,unclustered,36,0,0.0,7.73070496506989e-12,optimal
q3_fixed_unclustered,2025-09-29,0,unclustered,144,0,0.0,2.2737367544323206e-13,optimal
q3_fixed_unclustered,2025-09-29,6,unclustered,108,0,0.0,4.547473508864641e-13,optimal
q3_fixed_unclustered,2025-09-29,12,unclustered,72,0,0.0,2.2737367544323206e-13,optimal
q3_fixed_unclustered,2025-09-29,18,unclustered,36,0,0.0,1.2050804798491299e-11,optimal
q3_fixed_unclustered,2025-09-30,0,unclustered,144,0,0.0,4.547473508864641e-13,optimal
q3_fixed_unclustered,2025-09-30,6,unclustered,108,0,0.0,2.2737367544323206e-13,optimal
q3_fixed_unclustered,2025-09-30,12,unclustered,72,0,0.0,2.2737367544323206e-13,optimal
q3_fixed_unclustered,2025-09-30,18,unclustered,36,0,0.0,1.8189894035458565e-11,optimal
q3_fixed_unclustered,2025-10-01,0,unclustered,144,0,0.0,2.2737367544323206e-13,optimal
q3_fixed_unclustered,2025-10-01,6,unclustered,108,0,0.0,9.094947017729282e-13,optimal
q3_fixed_unclustered,2025-10-01,12,unclustered,72,0,0.0,1.8189894035458565e-12,optimal
q3_fixed_unclustered,2025-10-01,18,unclustered,36,0,0.0,7.73070496506989e-12,optimal
q3_fixed_unclustered,2025-10-02,0,unclustered,144,0,0.0,2.2737367544323206e-13,optimal
q3_fixed_unclustered,2025-10-02,6,unclustered,108,0,0.0,2.2737367544323206e-13,optimal
q3_fixed_unclustered,2025-10-02,12,unclustered,72,0,0.0,2.2737367544323206e-13,optimal
q3_fixed_unclustered,2025-10-02,18,unclustered,36,0,0.0,1.546140993013978e-11,optimal
q3_fixed_unclustered,2025-10-03,0,unclustered,144,0,0.0,9.094947017729282e-13,optimal
q3_fixed_unclustered,2025-10-03,6,unclustered,108,0,0.0,9.094947017729282e-13,optimal
q3_fixed_unclustered,2025-10-03,12,unclustered,72,0,0.0,2.2737367544323206e-13,optimal
q3_fixed_unclustered,2025-10-03,18,unclustered,36,0,0.0,1.432454155292362e-11,optimal
q3_fixed_unclustered,2025-10-04,0,unclustered,144,0,0.0,4.547473508864641e-13,optimal
q3_fixed_unclustered,2025-10-04,6,unclustered,108,0,0.0,9.094947017729282e-13,optimal
q3_fixed_unclustered,2025-10-04,12,unclustered,72,0,0.0,9.094947017729282e-13,optimal
q3_fixed_unclustered,2025-10-04,18,unclustered,36,0,0.0,1.0459189070388675e-11,optimal
q3_fixed_unclustered,2025-10-05,0,unclustered,144,0,0.0,1.8189894035458565e-12,optimal
q3_fixed_unclustered,2025-10-05,6,unclustered,108,0,0.0,2.2737367544323206e-13,optimal
q3_fixed_unclustered,2025-10-05,12,unclustered,72,0,0.0,2.2737367544323206e-13,optimal
q3_fixed_unclustered,2025-10-05,18,unclustered,36,0,0.0,1.5234036254696548e-11,optimal
q3_fixed_unclustered,2025-10-06,0,unclustered,144,0,0.0,2.2737367544323206e-13,optimal
q3_fixed_unclustered,2025-10-06,6,unclustered,108,0,0.0,2.2737367544323206e-13,optimal
q3_fixed_unclustered,2025-10-06,12,unclustered,72,0,0.0,2.2737367544323206e-13,optimal
q3_fixed_unclustered,2025-10-06,18,unclustered,36,0,0.0,8.412825991399586e-12,optimal
q3_fixed_unclustered,2025-10-07,0,unclustered,144,0,0.0,4.547473508864641e-13,optimal
q3_fixed_unclustered,2025-10-07,6,unclustered,108,0,0.0,4.547473508864641e-13,optimal
q3_fixed_unclustered,2025-10-07,12,unclustered,72,0,0.0,2.2737367544323206e-13,optimal
q3_fixed_unclustered,2025-10-07,18,unclustered,36,0,0.0,3.637978807091713e-12,optimal
q3_fixed_unclustered,2025-10-08,0,unclustered,144,0,0.0,4.547473508864641e-13,optimal
q3_fixed_unclustered,2025-10-08,6,unclustered,108,0,0.0,4.547473508864641e-13,optimal
q3_fixed_unclustered,2025-10-08,12,unclustered,72,0,0.0,2.2737367544323206e-13,optimal
q3_fixed_unclustered,2025-10-08,18,unclustered,36,0,0.0,7.048583938740194e-12,optimal
q3_fixed_unclustered,2025-10-09,0,unclustered,144,0,0.0,1.8189894035458565e-12,optimal
q3_fixed_unclustered,2025-10-09,6,unclustered,108,0,0.0,1.8189894035458565e-12,optimal
q3_fixed_unclustered,2025-10-09,12,unclustered,72,0,0.0,2.2737367544323206e-13,optimal
q3_fixed_unclustered,2025-10-09,18,unclustered,36,0,0.0,1.3415046851150692e-11,optimal
q3_fixed_unclustered,2025-10-10,0,unclustered,144,0,0.0,4.547473508864641e-13,optimal
q3_fixed_unclustered,2025-10-10,6,unclustered,108,0,0.0,9.094947017729282e-13,optimal
q3_fixed_unclustered,2025-10-10,12,unclustered,72,0,0.0,2.2737367544323206e-13,optimal
q3_fixed_unclustered,2025-10-10,18,unclustered,36,0,0.0,1.0459189070388675e-11,optimal
q3_fixed_unclustered,2025-10-11,0,unclustered,144,0,0.0,2.2737367544323206e-13,optimal
q3_fixed_unclustered,2025-10-11,6,unclustered,108,0,0.0,2.2737367544323206e-13,optimal
q3_fixed_unclustered,2025-10-11,12,unclustered,72,0,0.0,2.2737367544323206e-13,optimal
q3_fixed_unclustered,2025-10-11,18,unclustered,36,0,0.0,1.3642420526593924e-11,optimal
q3_fixed_unclustered,2025-10-12,0,unclustered,144,0,0.0,4.547473508864641e-13,optimal
q3_fixed_unclustered,2025-10-12,6,unclustered,108,0,0.0,1.1368683772161603e-13,optimal
q3_fixed_unclustered,2025-10-12,12,unclustered,72,0,0.0,1.1368683772161603e-13,optimal
q3_fixed_unclustered,2025-10-12,18,unclustered,36,0,0.0,1.887201506178826e-11,optimal
q3_fixed_unclustered,2025-10-13,0,unclustered,144,0,0.0,4.547473508864641e-13,optimal
q3_fixed_unclustered,2025-10-13,6,unclustered,108,0,0.0,1.8189894035458565e-12,optimal
q3_fixed_unclustered,2025-10-13,12,unclustered,72,0,0.0,4.547473508864641e-13,optimal
q3_fixed_unclustered,2025-10-13,18,unclustered,36,0,0.0,1.0459189070388675e-11,optimal
q3_fixed_unclustered,2025-10-14,0,unclustered,144,0,0.0,9.094947017729282e-13,optimal
q3_fixed_unclustered,2025-10-14,6,unclustered,108,0,0.0,9.094947017729282e-13,optimal
q3_fixed_unclustered,2025-10-14,12,unclustered,72,0,0.0,9.094947017729282e-13,optimal
q3_fixed_unclustered,2025-10-14,18,unclustered,36,0,0.0,7.503331289626658e-12,optimal
q3_fixed_unclustered,2025-10-15,0,unclustered,144,0,0.0,4.547473508864641e-13,optimal
q3_fixed_unclustered,2025-10-15,6,unclustered,108,0,0.0,4.547473508864641e-13,optimal
q3_fixed_unclustered,2025-10-15,12,unclustered,72,0,0.0,2.2737367544323206e-13,optimal
q3_fixed_unclustered,2025-10-15,18,unclustered,36,0,0.0,2.114575181622058e-11,optimal
q3_fixed_unclustered,2025-10-16,0,unclustered,144,0,0.0,9.094947017729282e-13,optimal
q3_fixed_unclustered,2025-10-16,6,unclustered,108,0,0.0,4.547473508864641e-13,optimal
q3_fixed_unclustered,2025-10-16,12,unclustered,72,0,0.0,1.1368683772161603e-13,optimal
q3_fixed_unclustered,2025-10-16,18,unclustered,36,0,0.0,1.5006662579253316e-11,optimal
q3_fixed_unclustered,2025-10-17,0,unclustered,144,0,0.0,9.094947017729282e-13,optimal
q3_fixed_unclustered,2025-10-17,6,unclustered,108,0,0.0,1.3642420526593924e-12,optimal
q3_fixed_unclustered,2025-10-17,12,unclustered,72,0,0.0,9.094947017729282e-13,optimal
q3_fixed_unclustered,2025-10-17,18,unclustered,36,0,0.0,9.094947017729282e-13,optimal
q3_fixed_unclustered,2025-10-18,0,unclustered,144,0,0.0,9.094947017729282e-13,optimal
q3_fixed_unclustered,2025-10-18,6,unclustered,108,0,0.0,9.094947017729282e-13,optimal
q3_fixed_unclustered,2025-10-18,12,unclustered,72,0,0.0,9.094947017729282e-13,optimal
q3_fixed_unclustered,2025-10-18,18,unclustered,36,0,0.0,1.4551915228366852e-11,optimal
q3_fixed_unclustered,2025-10-19,0,unclustered,144,0,0.0,9.094947017729282e-13,optimal
q3_fixed_unclustered,2025-10-19,6,unclustered,108,0,0.0,1.8189894035458565e-12,optimal
q3_fixed_unclustered,2025-10-19,12,unclustered,72,0,0.0,9.094947017729282e-13,optimal
q3_fixed_unclustered,2025-10-19,18,unclustered,36,0,0.0,1.6825651982799172e-11,optimal
q3_fixed_unclustered,2025-10-20,0,unclustered,144,0,0.0,9.094947017729282e-13,optimal
q3_fixed_unclustered,2025-10-20,6,unclustered,108,0,0.0,9.094947017729282e-13,optimal
q3_fixed_unclustered,2025-10-20,12,unclustered,72,0,0.0,9.094947017729282e-13,optimal
q3_fixed_unclustered,2025-10-20,18,unclustered,36,0,0.0,9.094947017729282e-12,optimal
q3_fixed_unclustered,2025-10-21,0,unclustered,144,0,0.0,9.094947017729282e-13,optimal
q3_fixed_unclustered,2025-10-21,6,unclustered,108,0,0.0,9.094947017729282e-13,optimal
q3_fixed_unclustered,2025-10-21,12,unclustered,72,0,0.0,9.094947017729282e-13,optimal
q3_fixed_unclustered,2025-10-21,18,unclustered,36,0,0.0,1.000444171950221e-11,optimal
q3_fixed_unclustered,2025-10-22,0,unclustered,144,0,0.0,4.547473508864641e-13,optimal
q3_fixed_unclustered,2025-10-22,6,unclustered,108,0,0.0,4.547473508864641e-13,optimal
q3_fixed_unclustered,2025-10-22,12,unclustered,72,0,0.0,1.1368683772161603e-13,optimal
q3_fixed_unclustered,2025-10-22,18,unclustered,36,0,0.0,1.7053025658242404e-11,optimal
q3_fixed_unclustered,2025-10-23,0,unclustered,144,0,0.0,1.8189894035458565e-12,optimal
q3_fixed_unclustered,2025-10-23,6,unclustered,108,0,0.0,1.8189894035458565e-12,optimal
q3_fixed_unclustered,2025-10-23,12,unclustered,72,0,0.0,4.547473508864641e-13,optimal
q3_fixed_unclustered,2025-10-23,18,unclustered,36,0,0.0,1.4551915228366852e-11,optimal
q3_fixed_unclustered,2025-10-24,0,unclustered,144,0,0.0,1.8189894035458565e-12,optimal
q3_fixed_unclustered,2025-10-24,6,unclustered,108,0,0.0,1.8189894035458565e-12,optimal
q3_fixed_unclustered,2025-10-24,12,unclustered,72,0,0.0,1.8189894035458565e-12,optimal
q3_fixed_unclustered,2025-10-24,18,unclustered,36,0,0.0,1.0231815394945443e-11,optimal
q3_fixed_unclustered,2025-10-25,0,unclustered,144,0,0.0,4.547473508864641e-13,optimal
q3_fixed_unclustered,2025-10-25,6,unclustered,108,0,0.0,2.2737367544323206e-13,optimal
q3_fixed_unclustered,2025-10-25,12,unclustered,72,0,0.0,1.1368683772161603e-13,optimal
q3_fixed_unclustered,2025-10-25,18,unclustered,36,0,0.0,1.4779288903810084e-11,optimal
q3_fixed_unclustered,2025-10-26,0,unclustered,144,0,0.0,1.8189894035458565e-12,optimal
q3_fixed_unclustered,2025-10-26,6,unclustered,108,0,0.0,9.094947017729282e-13,optimal
q3_fixed_unclustered,2025-10-26,12,unclustered,72,0,0.0,9.094947017729282e-13,optimal
q3_fixed_unclustered,2025-10-26,18,unclustered,36,0,0.0,1.4779288903810084e-11,optimal
q3_fixed_unclustered,2025-10-27,0,unclustered,144,0,0.0,9.094947017729282e-13,optimal
q3_fixed_unclustered,2025-10-27,6,unclustered,108,0,0.0,9.094947017729282e-13,optimal
q3_fixed_unclustered,2025-10-27,12,unclustered,72,0,0.0,9.094947017729282e-13,optimal
q3_fixed_unclustered,2025-10-27,18,unclustered,36,0,0.0,1.0686562745831907e-11,optimal
q3_fixed_unclustered,2025-10-28,0,unclustered,144,0,0.0,9.094947017729282e-13,optimal
q3_fixed_unclustered,2025-10-28,6,unclustered,108,0,0.0,9.094947017729282e-13,optimal
q3_fixed_unclustered,2025-10-28,12,unclustered,72,0,0.0,9.094947017729282e-13,optimal
q3_fixed_unclustered,2025-10-28,18,unclustered,36,0,0.0,1.318767317570746e-11,optimal
q3_fixed_unclustered,2025-10-29,0,unclustered,144,0,0.0,4.547473508864641e-13,optimal
q3_fixed_unclustered,2025-10-29,6,unclustered,108,0,0.0,4.547473508864641e-13,optimal
q3_fixed_unclustered,2025-10-29,12,unclustered,72,0,0.0,4.547473508864641e-13,optimal
q3_fixed_unclustered,2025-10-29,18,unclustered,36,0,0.0,1.0231815394945443e-11,optimal
q3_fixed_unclustered,2025-10-30,0,unclustered,144,0,0.0,4.547473508864641e-13,optimal
q3_fixed_unclustered,2025-10-30,6,unclustered,108,0,0.0,4.547473508864641e-13,optimal
q3_fixed_unclustered,2025-10-30,12,unclustered,72,0,0.0,1.8189894035458565e-12,optimal
q3_fixed_unclustered,2025-10-30,18,unclustered,36,0,0.0,1.8417267710901797e-11,optimal
q3_fixed_unclustered,2025-10-31,0,unclustered,144,0,0.0,9.094947017729282e-13,optimal
q3_fixed_unclustered,2025-10-31,6,unclustered,108,0,0.0,9.094947017729282e-13,optimal
q3_fixed_unclustered,2025-10-31,12,unclustered,72,0,0.0,9.094947017729282e-13,optimal
q3_fixed_unclustered,2025-10-31,18,unclustered,36,0,0.0,1.5234036254696548e-11,optimal
q3_fixed_unclustered,2025-11-01,0,unclustered,144,0,0.0,4.547473508864641e-13,optimal
q3_fixed_unclustered,2025-11-01,6,unclustered,108,0,0.0,4.547473508864641e-13,optimal
q3_fixed_unclustered,2025-11-01,12,unclustered,72,0,0.0,4.547473508864641e-13,optimal
q3_fixed_unclustered,2025-11-01,18,unclustered,36,0,0.0,2.0463630789890885e-11,optimal
q3_fixed_unclustered,2025-11-02,0,unclustered,144,0,0.0,9.094947017729282e-13,optimal
q3_fixed_unclustered,2025-11-02,6,unclustered,108,0,0.0,9.094947017729282e-13,optimal
q3_fixed_unclustered,2025-11-02,12,unclustered,72,0,0.0,9.094947017729282e-13,optimal
q3_fixed_unclustered,2025-11-02,18,unclustered,36,0,0.0,9.549694368615746e-12,optimal
q3_fixed_unclustered,2025-11-03,0,unclustered,144,0,0.0,1.8189894035458565e-12,optimal
q3_fixed_unclustered,2025-11-03,6,unclustered,108,0,0.0,1.8189894035458565e-12,optimal
q3_fixed_unclustered,2025-11-03,12,unclustered,72,0,0.0,9.094947017729282e-13,optimal
q3_fixed_unclustered,2025-11-03,18,unclustered,36,0,0.0,1.5234036254696548e-11,optimal
q3_fixed_unclustered,2025-11-04,0,unclustered,144,0,0.0,1.8189894035458565e-12,optimal
q3_fixed_unclustered,2025-11-04,6,unclustered,108,0,0.0,1.8189894035458565e-12,optimal
q3_fixed_unclustered,2025-11-04,12,unclustered,72,0,0.0,1.8189894035458565e-12,optimal
q3_fixed_unclustered,2025-11-04,18,unclustered,36,0,0.0,2.2282620193436742e-11,optimal
q3_fixed_unclustered,2025-11-05,0,unclustered,144,0,0.0,9.094947017729282e-13,optimal
q3_fixed_unclustered,2025-11-05,6,unclustered,108,0,0.0,1.8189894035458565e-12,optimal
q3_fixed_unclustered,2025-11-05,12,unclustered,72,0,0.0,9.094947017729282e-13,optimal
q3_fixed_unclustered,2025-11-05,18,unclustered,36,0,0.0,1.7280399333685637e-11,optimal
q3_fixed_unclustered,2025-11-06,0,unclustered,144,0,0.0,9.094947017729282e-13,optimal
q3_fixed_unclustered,2025-11-06,6,unclustered,108,0,0.0,3.637978807091713e-12,optimal
q3_fixed_unclustered,2025-11-06,12,unclustered,72,0,0.0,9.094947017729282e-13,optimal
q3_fixed_unclustered,2025-11-06,18,unclustered,36,0,0.0,1.5234036254696548e-11,optimal
q3_fixed_unclustered,2025-11-07,0,unclustered,144,0,0.0,2.2737367544323206e-13,optimal
q3_fixed_unclustered,2025-11-07,6,unclustered,108,0,0.0,1.8189894035458565e-12,optimal
q3_fixed_unclustered,2025-11-07,12,unclustered,72,0,0.0,2.2737367544323206e-13,optimal
q3_fixed_unclustered,2025-11-07,18,unclustered,36,0,0.0,2.2964741219766438e-11,optimal
q3_fixed_unclustered,2025-11-08,0,unclustered,144,0,0.0,9.094947017729282e-13,optimal
q3_fixed_unclustered,2025-11-08,6,unclustered,108,0,0.0,9.094947017729282e-13,optimal
q3_fixed_unclustered,2025-11-08,12,unclustered,72,0,0.0,9.094947017729282e-13,optimal
q3_fixed_unclustered,2025-11-08,18,unclustered,36,0,0.0,1.6143530956469476e-11,optimal
q3_fixed_unclustered,2025-11-09,0,unclustered,144,0,0.0,9.094947017729282e-13,optimal
q3_fixed_unclustered,2025-11-09,6,unclustered,108,0,0.0,9.094947017729282e-13,optimal
q3_fixed_unclustered,2025-11-09,12,unclustered,72,0,0.0,9.094947017729282e-13,optimal
q3_fixed_unclustered,2025-11-09,18,unclustered,36,0,0.0,1.546140993013978e-11,optimal
q3_fixed_unclustered,2025-11-10,0,unclustered,144,0,0.0,9.094947017729282e-13,optimal
q3_fixed_unclustered,2025-11-10,6,unclustered,108,0,0.0,1.8189894035458565e-12,optimal
q3_fixed_unclustered,2025-11-10,12,unclustered,72,0,0.0,9.094947017729282e-13,optimal
q3_fixed_unclustered,2025-11-10,18,unclustered,36,0,0.0,1.3869794202037156e-11,optimal
q3_fixed_unclustered,2025-11-11,0,unclustered,144,0,0.0,2.2737367544323206e-13,optimal
q3_fixed_unclustered,2025-11-11,6,unclustered,108,0,0.0,1.1368683772161603e-13,optimal
q3_fixed_unclustered,2025-11-11,12,unclustered,72,0,0.0,1.1368683772161603e-13,optimal
q3_fixed_unclustered,2025-11-11,18,unclustered,36,0,0.0,1.6143530956469476e-11,optimal
q3_fixed_unclustered,2025-11-12,0,unclustered,144,0,0.0,1.8189894035458565e-12,optimal
q3_fixed_unclustered,2025-11-12,6,unclustered,108,0,0.0,9.094947017729282e-13,optimal
q3_fixed_unclustered,2025-11-12,12,unclustered,72,0,0.0,2.2737367544323206e-13,optimal
q3_fixed_unclustered,2025-11-12,18,unclustered,36,0,0.0,1.2732925824820995e-11,optimal
q3_fixed_unclustered,2025-11-13,0,unclustered,144,0,0.0,9.094947017729282e-13,optimal
q3_fixed_unclustered,2025-11-13,6,unclustered,108,0,0.0,1.1368683772161603e-13,optimal
q3_fixed_unclustered,2025-11-13,12,unclustered,72,0,0.0,1.8189894035458565e-12,optimal
q3_fixed_unclustered,2025-11-13,18,unclustered,36,0,0.0,7.958078640513122e-12,optimal
q3_fixed_unclustered,2025-11-14,0,unclustered,144,0,0.0,9.094947017729282e-13,optimal
q3_fixed_unclustered,2025-11-14,6,unclustered,108,0,0.0,1.8189894035458565e-12,optimal
q3_fixed_unclustered,2025-11-14,12,unclustered,72,0,0.0,9.094947017729282e-13,optimal
q3_fixed_unclustered,2025-11-14,18,unclustered,36,0,0.0,1.5006662579253316e-11,optimal
q3_fixed_unclustered,2025-11-15,0,unclustered,144,0,0.0,2.2737367544323206e-13,optimal
q3_fixed_unclustered,2025-11-15,6,unclustered,108,0,0.0,2.2737367544323206e-13,optimal
q3_fixed_unclustered,2025-11-15,12,unclustered,72,0,0.0,2.2737367544323206e-13,optimal
q3_fixed_unclustered,2025-11-15,18,unclustered,36,0,0.0,1.6143530956469476e-11,optimal
q3_fixed_unclustered,2025-11-16,0,unclustered,144,0,0.0,9.094947017729282e-13,optimal
q3_fixed_unclustered,2025-11-16,6,unclustered,108,0,0.0,9.094947017729282e-13,optimal
q3_fixed_unclustered,2025-11-16,12,unclustered,72,0,0.0,9.094947017729282e-13,optimal
q3_fixed_unclustered,2025-11-16,18,unclustered,36,0,0.0,1.9099388737231493e-11,optimal
q3_fixed_unclustered,2025-11-17,0,unclustered,144,0,0.0,9.094947017729282e-13,optimal
q3_fixed_unclustered,2025-11-17,6,unclustered,108,0,0.0,4.547473508864641e-13,optimal
q3_fixed_unclustered,2025-11-17,12,unclustered,72,0,0.0,4.547473508864641e-13,optimal
q3_fixed_unclustered,2025-11-17,18,unclustered,36,0,0.0,8.412825991399586e-12,optimal
q3_fixed_unclustered,2025-11-18,0,unclustered,144,0,0.0,9.094947017729282e-13,optimal
q3_fixed_unclustered,2025-11-18,6,unclustered,108,0,0.0,9.094947017729282e-13,optimal
q3_fixed_unclustered,2025-11-18,12,unclustered,72,0,0.0,9.094947017729282e-13,optimal
q3_fixed_unclustered,2025-11-18,18,unclustered,36,0,0.0,1.1368683772161603e-11,optimal
q3_fixed_unclustered,2025-11-19,0,unclustered,144,0,0.0,1.8189894035458565e-12,optimal
q3_fixed_unclustered,2025-11-19,6,unclustered,108,0,0.0,9.094947017729282e-13,optimal
q3_fixed_unclustered,2025-11-19,12,unclustered,72,0,0.0,9.094947017729282e-13,optimal
q3_fixed_unclustered,2025-11-19,18,unclustered,36,0,0.0,1.2732925824820995e-11,optimal
q3_fixed_unclustered,2025-11-20,0,unclustered,144,0,0.0,9.094947017729282e-13,optimal
q3_fixed_unclustered,2025-11-20,6,unclustered,108,0,0.0,1.8189894035458565e-12,optimal
q3_fixed_unclustered,2025-11-20,12,unclustered,72,0,0.0,9.094947017729282e-13,optimal
q3_fixed_unclustered,2025-11-20,18,unclustered,36,0,0.0,6.366462912410498e-12,optimal
q3_fixed_unclustered,2025-11-21,0,unclustered,144,0,0.0,9.094947017729282e-13,optimal
q3_fixed_unclustered,2025-11-21,6,unclustered,108,0,0.0,1.8189894035458565e-12,optimal
q3_fixed_unclustered,2025-11-21,12,unclustered,72,0,0.0,9.094947017729282e-13,optimal
q3_fixed_unclustered,2025-11-21,18,unclustered,36,0,0.0,1.6143530956469476e-11,optimal
q3_fixed_unclustered,2025-11-22,0,unclustered,144,0,0.0,1.8189894035458565e-12,optimal
q3_fixed_unclustered,2025-11-22,6,unclustered,108,0,0.0,9.094947017729282e-13,optimal
q3_fixed_unclustered,2025-11-22,12,unclustered,72,0,0.0,1.1368683772161603e-13,optimal
q3_fixed_unclustered,2025-11-22,18,unclustered,36,0,0.0,1.5916157281026244e-11,optimal
q3_fixed_unclustered,2025-11-23,0,unclustered,144,0,0.0,9.094947017729282e-13,optimal
q3_fixed_unclustered,2025-11-23,6,unclustered,108,0,0.0,9.094947017729282e-13,optimal
q3_fixed_unclustered,2025-11-23,12,unclustered,72,0,0.0,9.094947017729282e-13,optimal
q3_fixed_unclustered,2025-11-23,18,unclustered,36,0,0.0,9.322320693172514e-12,optimal
q3_fixed_unclustered,2025-11-24,0,unclustered,144,0,0.0,9.094947017729282e-13,optimal
q3_fixed_unclustered,2025-11-24,6,unclustered,108,0,0.0,9.094947017729282e-13,optimal
q3_fixed_unclustered,2025-11-24,12,unclustered,72,0,0.0,9.094947017729282e-13,optimal
q3_fixed_unclustered,2025-11-24,18,unclustered,36,0,0.0,1.4779288903810084e-11,optimal
q3_fixed_unclustered,2025-11-25,0,unclustered,144,0,0.0,9.094947017729282e-13,optimal
q3_fixed_unclustered,2025-11-25,6,unclustered,108,0,0.0,9.094947017729282e-13,optimal
q3_fixed_unclustered,2025-11-25,12,unclustered,72,0,0.0,9.094947017729282e-13,optimal
q3_fixed_unclustered,2025-11-25,18,unclustered,36,0,0.0,1.0686562745831907e-11,optimal
q3_fixed_unclustered,2025-11-26,0,unclustered,144,0,0.0,9.094947017729282e-13,optimal
q3_fixed_unclustered,2025-11-26,6,unclustered,108,0,0.0,9.094947017729282e-13,optimal
q3_fixed_unclustered,2025-11-26,12,unclustered,72,0,0.0,9.094947017729282e-13,optimal
q3_fixed_unclustered,2025-11-26,18,unclustered,36,0,0.0,7.958078640513122e-12,optimal
q3_fixed_unclustered,2025-11-27,0,unclustered,144,0,0.0,9.094947017729282e-13,optimal
q3_fixed_unclustered,2025-11-27,6,unclustered,108,0,0.0,9.094947017729282e-13,optimal
q3_fixed_unclustered,2025-11-27,12,unclustered,72,0,0.0,9.094947017729282e-13,optimal
q3_fixed_unclustered,2025-11-27,18,unclustered,36,0,0.0,1.4779288903810084e-11,optimal
q3_fixed_unclustered,2025-11-28,0,unclustered,144,0,0.0,9.094947017729282e-13,optimal
q3_fixed_unclustered,2025-11-28,6,unclustered,108,0,0.0,9.094947017729282e-13,optimal
q3_fixed_unclustered,2025-11-28,12,unclustered,72,0,0.0,9.094947017729282e-13,optimal
q3_fixed_unclustered,2025-11-28,18,unclustered,36,0,0.0,1.5234036254696548e-11,optimal
q3_fixed_unclustered,2025-11-29,0,unclustered,144,0,0.0,9.094947017729282e-13,optimal
q3_fixed_unclustered,2025-11-29,6,unclustered,108,0,0.0,9.094947017729282e-13,optimal
q3_fixed_unclustered,2025-11-29,12,unclustered,72,0,0.0,9.094947017729282e-13,optimal
q3_fixed_unclustered,2025-11-29,18,unclustered,36,0,0.0,2.2964741219766438e-11,optimal
q3_fixed_unclustered,2025-11-30,0,unclustered,144,0,0.0,9.094947017729282e-13,optimal
q3_fixed_unclustered,2025-11-30,6,unclustered,108,0,0.0,9.094947017729282e-13,optimal
q3_fixed_unclustered,2025-11-30,12,unclustered,72,0,0.0,9.094947017729282e-13,optimal
q3_fixed_unclustered,2025-11-30,18,unclustered,36,0,0.0,1.887201506178826e-11,optimal
q3_fixed_unclustered,2025-12-01,0,unclustered,144,0,0.0,4.547473508864641e-13,optimal
q3_fixed_unclustered,2025-12-01,6,unclustered,108,0,0.0,1.8189894035458565e-12,optimal
q3_fixed_unclustered,2025-12-01,12,unclustered,72,0,0.0,1.1368683772161603e-13,optimal
q3_fixed_unclustered,2025-12-01,18,unclustered,36,0,0.0,1.6370904631912708e-11,optimal
q3_fixed_unclustered,2025-12-02,0,unclustered,144,0,0.0,9.094947017729282e-13,optimal
q3_fixed_unclustered,2025-12-02,6,unclustered,108,0,0.0,9.094947017729282e-13,optimal
q3_fixed_unclustered,2025-12-02,12,unclustered,72,0,0.0,9.094947017729282e-13,optimal
q3_fixed_unclustered,2025-12-02,18,unclustered,36,0,0.0,5.002220859751105e-12,optimal
q3_fixed_unclustered,2025-12-03,0,unclustered,144,0,0.0,4.547473508864641e-13,optimal
q3_fixed_unclustered,2025-12-03,6,unclustered,108,0,0.0,4.547473508864641e-13,optimal
q3_fixed_unclustered,2025-12-03,12,unclustered,72,0,0.0,4.547473508864641e-13,optimal
q3_fixed_unclustered,2025-12-03,18,unclustered,36,0,0.0,8.412825991399586e-12,optimal
q3_fixed_unclustered,2025-12-04,0,unclustered,144,0,0.0,9.094947017729282e-13,optimal
q3_fixed_unclustered,2025-12-04,6,unclustered,108,0,0.0,9.094947017729282e-13,optimal
q3_fixed_unclustered,2025-12-04,12,unclustered,72,0,0.0,9.094947017729282e-13,optimal
q3_fixed_unclustered,2025-12-04,18,unclustered,36,0,0.0,1.3415046851150692e-11,optimal
q3_fixed_unclustered,2025-12-05,0,unclustered,144,0,0.0,9.094947017729282e-13,optimal
q3_fixed_unclustered,2025-12-05,6,unclustered,108,0,0.0,9.094947017729282e-13,optimal
q3_fixed_unclustered,2025-12-05,12,unclustered,72,0,0.0,9.094947017729282e-13,optimal
q3_fixed_unclustered,2025-12-05,18,unclustered,36,0,0.0,1.5916157281026244e-11,optimal
q3_fixed_unclustered,2025-12-06,0,unclustered,144,0,0.0,9.094947017729282e-13,optimal
q3_fixed_unclustered,2025-12-06,6,unclustered,108,0,0.0,1.8189894035458565e-12,optimal
q3_fixed_unclustered,2025-12-06,12,unclustered,72,0,0.0,9.094947017729282e-13,optimal
q3_fixed_unclustered,2025-12-06,18,unclustered,36,0,0.0,1.5006662579253316e-11,optimal
q3_fixed_unclustered,2025-12-07,0,unclustered,144,0,0.0,9.094947017729282e-13,optimal
q3_fixed_unclustered,2025-12-07,6,unclustered,108,0,0.0,9.094947017729282e-13,optimal
q3_fixed_unclustered,2025-12-07,12,unclustered,72,0,0.0,9.094947017729282e-13,optimal
q3_fixed_unclustered,2025-12-07,18,unclustered,36,0,0.0,9.322320693172514e-12,optimal
q3_fixed_unclustered,2025-12-08,0,unclustered,144,0,0.0,9.094947017729282e-13,optimal
q3_fixed_unclustered,2025-12-08,6,unclustered,108,0,0.0,9.094947017729282e-13,optimal
q3_fixed_unclustered,2025-12-08,12,unclustered,72,0,0.0,1.8189894035458565e-12,optimal
q3_fixed_unclustered,2025-12-08,18,unclustered,36,0,0.0,9.322320693172514e-12,optimal
q3_fixed_unclustered,2025-12-09,0,unclustered,144,0,0.0,1.8189894035458565e-12,optimal
q3_fixed_unclustered,2025-12-09,6,unclustered,108,0,0.0,1.8189894035458565e-12,optimal
q3_fixed_unclustered,2025-12-09,12,unclustered,72,0,0.0,1.8189894035458565e-12,optimal
q3_fixed_unclustered,2025-12-09,18,unclustered,36,0,0.0,1.318767317570746e-11,optimal
q3_fixed_unclustered,2025-12-10,0,unclustered,144,0,0.0,1.8189894035458565e-12,optimal
q3_fixed_unclustered,2025-12-10,6,unclustered,108,0,0.0,9.094947017729282e-13,optimal
q3_fixed_unclustered,2025-12-10,12,unclustered,72,0,0.0,1.8189894035458565e-12,optimal
q3_fixed_unclustered,2025-12-10,18,unclustered,36,0,0.0,9.322320693172514e-12,optimal
q3_fixed_unclustered,2025-12-11,0,unclustered,144,0,0.0,4.547473508864641e-13,optimal
q3_fixed_unclustered,2025-12-11,6,unclustered,108,0,0.0,9.094947017729282e-13,optimal
q3_fixed_unclustered,2025-12-11,12,unclustered,72,0,0.0,4.547473508864641e-13,optimal
q3_fixed_unclustered,2025-12-11,18,unclustered,36,0,0.0,1.3415046851150692e-11,optimal
q3_fixed_unclustered,2025-12-12,0,unclustered,144,0,0.0,9.094947017729282e-13,optimal
q3_fixed_unclustered,2025-12-12,6,unclustered,108,0,0.0,9.094947017729282e-13,optimal
q3_fixed_unclustered,2025-12-12,12,unclustered,72,0,0.0,9.094947017729282e-13,optimal
q3_fixed_unclustered,2025-12-12,18,unclustered,36,0,0.0,8.86757334228605e-12,optimal
q3_fixed_unclustered,2025-12-13,0,unclustered,144,0,0.0,1.8189894035458565e-12,optimal
q3_fixed_unclustered,2025-12-13,6,unclustered,108,0,0.0,1.8189894035458565e-12,optimal
q3_fixed_unclustered,2025-12-13,12,unclustered,72,0,0.0,9.094947017729282e-13,optimal
q3_fixed_unclustered,2025-12-13,18,unclustered,36,0,0.0,1.5234036254696548e-11,optimal
q3_fixed_unclustered,2025-12-14,0,unclustered,144,0,0.0,1.8189894035458565e-12,optimal
q3_fixed_unclustered,2025-12-14,6,unclustered,108,0,0.0,9.094947017729282e-13,optimal
q3_fixed_unclustered,2025-12-14,12,unclustered,72,0,0.0,9.094947017729282e-13,optimal
q3_fixed_unclustered,2025-12-14,18,unclustered,36,0,0.0,7.73070496506989e-12,optimal
q3_fixed_unclustered,2025-12-15,0,unclustered,144,0,0.0,1.8189894035458565e-12,optimal
q3_fixed_unclustered,2025-12-15,6,unclustered,108,0,0.0,1.8189894035458565e-12,optimal
q3_fixed_unclustered,2025-12-15,12,unclustered,72,0,0.0,1.8189894035458565e-12,optimal
q3_fixed_unclustered,2025-12-15,18,unclustered,36,0,0.0,1.9554136088117957e-11,optimal
q3_fixed_unclustered,2025-12-16,0,unclustered,144,0,0.0,2.2737367544323206e-13,optimal
q3_fixed_unclustered,2025-12-16,6,unclustered,108,0,0.0,1.8189894035458565e-12,optimal
q3_fixed_unclustered,2025-12-16,12,unclustered,72,0,0.0,1.8189894035458565e-12,optimal
q3_fixed_unclustered,2025-12-16,18,unclustered,36,0,0.0,1.432454155292362e-11,optimal
q3_fixed_unclustered,2025-12-17,0,unclustered,144,0,0.0,9.094947017729282e-13,optimal
q3_fixed_unclustered,2025-12-17,6,unclustered,108,0,0.0,1.8189894035458565e-12,optimal
q3_fixed_unclustered,2025-12-17,12,unclustered,72,0,0.0,9.094947017729282e-13,optimal
q3_fixed_unclustered,2025-12-17,18,unclustered,36,0,0.0,1.4097167877480388e-11,optimal
q3_fixed_unclustered,2025-12-18,0,unclustered,144,0,0.0,9.094947017729282e-13,optimal
q3_fixed_unclustered,2025-12-18,6,unclustered,108,0,0.0,1.8189894035458565e-12,optimal
q3_fixed_unclustered,2025-12-18,12,unclustered,72,0,0.0,9.094947017729282e-13,optimal
q3_fixed_unclustered,2025-12-18,18,unclustered,36,0,0.0,1.7280399333685637e-11,optimal
q3_fixed_unclustered,2025-12-19,0,unclustered,144,0,0.0,9.094947017729282e-13,optimal
q3_fixed_unclustered,2025-12-19,6,unclustered,108,0,0.0,3.637978807091713e-12,optimal
q3_fixed_unclustered,2025-12-19,12,unclustered,72,0,0.0,9.094947017729282e-13,optimal
q3_fixed_unclustered,2025-12-19,18,unclustered,36,0,0.0,1.5916157281026244e-11,optimal
q3_fixed_unclustered,2025-12-20,0,unclustered,144,0,0.0,2.2737367544323206e-13,optimal
q3_fixed_unclustered,2025-12-20,6,unclustered,108,0,0.0,2.2737367544323206e-13,optimal
q3_fixed_unclustered,2025-12-20,12,unclustered,72,0,0.0,2.2737367544323206e-13,optimal
q3_fixed_unclustered,2025-12-20,18,unclustered,36,0,0.0,1.5234036254696548e-11,optimal
q3_fixed_unclustered,2025-12-21,0,unclustered,144,0,0.0,1.8189894035458565e-12,optimal
q3_fixed_unclustered,2025-12-21,6,unclustered,108,0,0.0,1.8189894035458565e-12,optimal
q3_fixed_unclustered,2025-12-21,12,unclustered,72,0,0.0,4.547473508864641e-13,optimal
q3_fixed_unclustered,2025-12-21,18,unclustered,36,0,0.0,1.2050804798491299e-11,optimal
q3_fixed_unclustered,2025-12-22,0,unclustered,144,0,0.0,9.094947017729282e-13,optimal
q3_fixed_unclustered,2025-12-22,6,unclustered,108,0,0.0,9.094947017729282e-13,optimal
q3_fixed_unclustered,2025-12-22,12,unclustered,72,0,0.0,9.094947017729282e-13,optimal
q3_fixed_unclustered,2025-12-22,18,unclustered,36,0,0.0,2.1600499167107046e-11,optimal
q3_fixed_unclustered,2025-12-23,0,unclustered,144,0,0.0,9.094947017729282e-13,optimal
q3_fixed_unclustered,2025-12-23,6,unclustered,108,0,0.0,9.094947017729282e-13,optimal
q3_fixed_unclustered,2025-12-23,12,unclustered,72,0,0.0,9.094947017729282e-13,optimal
q3_fixed_unclustered,2025-12-23,18,unclustered,36,0,0.0,2.1373125491663814e-11,optimal
q3_fixed_unclustered,2025-12-24,0,unclustered,144,0,0.0,1.8189894035458565e-12,optimal
q3_fixed_unclustered,2025-12-24,6,unclustered,108,0,0.0,1.8189894035458565e-12,optimal
q3_fixed_unclustered,2025-12-24,12,unclustered,72,0,0.0,1.8189894035458565e-12,optimal
q3_fixed_unclustered,2025-12-24,18,unclustered,36,0,0.0,1.0913936421275139e-11,optimal
q3_fixed_unclustered,2025-12-25,0,unclustered,144,0,0.0,9.094947017729282e-13,optimal
q3_fixed_unclustered,2025-12-25,6,unclustered,108,0,0.0,1.8189894035458565e-12,optimal
q3_fixed_unclustered,2025-12-25,12,unclustered,72,0,0.0,9.094947017729282e-13,optimal
q3_fixed_unclustered,2025-12-25,18,unclustered,36,0,0.0,1.5234036254696548e-11,optimal
q3_fixed_unclustered,2025-12-26,0,unclustered,144,0,0.0,1.8189894035458565e-12,optimal
q3_fixed_unclustered,2025-12-26,6,unclustered,108,0,0.0,9.094947017729282e-13,optimal
q3_fixed_unclustered,2025-12-26,12,unclustered,72,0,0.0,1.8189894035458565e-12,optimal
q3_fixed_unclustered,2025-12-26,18,unclustered,36,0,0.0,1.5234036254696548e-11,optimal
q3_fixed_unclustered,2025-12-27,0,unclustered,144,0,0.0,9.094947017729282e-13,optimal
q3_fixed_unclustered,2025-12-27,6,unclustered,108,0,0.0,9.094947017729282e-13,optimal
q3_fixed_unclustered,2025-12-27,12,unclustered,72,0,0.0,1.8189894035458565e-12,optimal
q3_fixed_unclustered,2025-12-27,18,unclustered,36,0,0.0,2.2737367544323206e-11,optimal
q3_fixed_unclustered,2025-12-28,0,unclustered,144,0,0.0,9.094947017729282e-13,optimal
q3_fixed_unclustered,2025-12-28,6,unclustered,108,0,0.0,9.094947017729282e-13,optimal
q3_fixed_unclustered,2025-12-28,12,unclustered,72,0,0.0,1.8189894035458565e-12,optimal
q3_fixed_unclustered,2025-12-28,18,unclustered,36,0,0.0,1.000444171950221e-11,optimal
q3_fixed_unclustered,2025-12-29,0,unclustered,144,0,0.0,9.094947017729282e-13,optimal
q3_fixed_unclustered,2025-12-29,6,unclustered,108,0,0.0,9.094947017729282e-13,optimal
q3_fixed_unclustered,2025-12-29,12,unclustered,72,0,0.0,9.094947017729282e-13,optimal
q3_fixed_unclustered,2025-12-29,18,unclustered,36,0,0.0,1.864464138634503e-11,optimal
q3_fixed_unclustered,2025-12-30,0,unclustered,144,0,0.0,9.094947017729282e-13,optimal
q3_fixed_unclustered,2025-12-30,6,unclustered,108,0,0.0,9.094947017729282e-13,optimal
q3_fixed_unclustered,2025-12-30,12,unclustered,72,0,0.0,9.094947017729282e-13,optimal
q3_fixed_unclustered,2025-12-30,18,unclustered,36,0,0.0,1.1596057447604835e-11,optimal
q3_fixed_unclustered,2025-12-31,0,unclustered,144,0,0.0,1.8189894035458565e-12,optimal
q3_fixed_unclustered,2025-12-31,6,unclustered,108,0,0.0,1.8189894035458565e-12,optimal
q3_fixed_unclustered,2025-12-31,12,unclustered,72,0,0.0,1.8189894035458565e-12,optimal
q3_fixed_unclustered,2025-12-31,18,unclustered,36,0,0.0,1.2960299500264227e-11,optimal
q4_2_variable_unclustered,2025-02-01,0,unclustered,144,0,0.0,9.094947017729282e-13,optimal
q4_2_variable_unclustered,2025-02-02,0,unclustered,144,0,0.0,9.094947017729282e-13,optimal
q4_2_variable_unclustered,2025-02-03,0,unclustered,144,0,0.0,4.547473508864641e-13,optimal
q4_2_variable_unclustered,2025-02-04,0,unclustered,144,0,0.0,4.547473508864641e-13,optimal
q4_2_variable_unclustered,2025-02-05,0,unclustered,144,0,0.0,2.2737367544323206e-13,optimal
q4_2_variable_unclustered,2025-02-06,0,unclustered,144,0,0.0,2.2737367544323206e-13,optimal
q4_2_variable_unclustered,2025-02-07,0,unclustered,144,0,0.0,9.094947017729282e-13,optimal
q4_2_variable_unclustered,2025-02-08,0,unclustered,144,0,0.0,2.2737367544323206e-13,optimal
q4_2_variable_unclustered,2025-02-09,0,unclustered,144,0,0.0,1.8189894035458565e-12,optimal
q4_2_variable_unclustered,2025-02-10,0,unclustered,144,0,0.0,1.8189894035458565e-12,optimal
q4_2_variable_unclustered,2025-02-11,0,unclustered,144,0,0.0,1.8189894035458565e-12,optimal
q4_2_variable_unclustered,2025-02-12,0,unclustered,144,0,0.0,1.8189894035458565e-12,optimal
q4_2_variable_unclustered,2025-02-13,0,unclustered,144,0,0.0,9.094947017729282e-13,optimal
q4_2_variable_unclustered,2025-02-14,0,unclustered,144,0,0.0,2.2737367544323206e-13,optimal
q4_2_variable_unclustered,2025-02-15,0,unclustered,144,0,0.0,4.547473508864641e-13,optimal
q4_2_variable_unclustered,2025-02-16,0,unclustered,144,0,0.0,1.8189894035458565e-12,optimal
q4_2_variable_unclustered,2025-02-17,0,unclustered,144,0,0.0,9.094947017729282e-13,optimal
q4_2_variable_unclustered,2025-02-18,0,unclustered,144,0,0.0,2.2737367544323206e-13,optimal
q4_2_variable_unclustered,2025-02-19,0,unclustered,144,0,0.0,1.8189894035458565e-12,optimal
q4_2_variable_unclustered,2025-02-20,0,unclustered,144,0,0.0,9.094947017729282e-13,optimal
q4_2_variable_unclustered,2025-02-21,0,unclustered,144,0,0.0,9.094947017729282e-13,optimal
q4_2_variable_unclustered,2025-02-22,0,unclustered,144,0,0.0,9.094947017729282e-13,optimal
q4_2_variable_unclustered,2025-02-23,0,unclustered,144,0,0.0,2.2737367544323206e-13,optimal
q4_2_variable_unclustered,2025-02-24,0,unclustered,144,0,0.0,1.1368683772161603e-13,optimal
q4_2_variable_unclustered,2025-02-25,0,unclustered,144,0,0.0,4.547473508864641e-13,optimal
q4_2_variable_unclustered,2025-02-26,0,unclustered,144,0,0.0,9.094947017729282e-13,optimal
q4_2_variable_unclustered,2025-02-27,0,unclustered,144,0,0.0,1.8189894035458565e-12,optimal
q4_2_variable_unclustered,2025-02-28,0,unclustered,144,0,0.0,4.547473508864641e-13,optimal
q4_2_variable_unclustered,2025-03-01,0,unclustered,144,0,0.0,9.094947017729282e-13,optimal
q4_2_variable_unclustered,2025-03-02,0,unclustered,144,0,0.0,1.1368683772161603e-13,optimal
q4_2_variable_unclustered,2025-03-03,0,unclustered,144,0,0.0,2.2737367544323206e-13,optimal
q4_2_variable_unclustered,2025-03-04,0,unclustered,144,0,0.0,1.8189894035458565e-12,optimal
q4_2_variable_unclustered,2025-03-05,0,unclustered,144,0,0.0,3.637978807091713e-12,optimal
q4_2_variable_unclustered,2025-03-06,0,unclustered,144,0,0.0,9.094947017729282e-13,optimal
q4_2_variable_unclustered,2025-03-07,0,unclustered,144,0,0.0,1.8189894035458565e-12,optimal
q4_2_variable_unclustered,2025-03-08,0,unclustered,144,0,0.0,3.637978807091713e-12,optimal
q4_2_variable_unclustered,2025-03-09,0,unclustered,144,0,0.0,1.8189894035458565e-12,optimal
q4_2_variable_unclustered,2025-03-10,0,unclustered,144,0,0.0,9.094947017729282e-13,optimal
q4_2_variable_unclustered,2025-03-11,0,unclustered,144,0,0.0,1.8189894035458565e-12,optimal
q4_2_variable_unclustered,2025-03-12,0,unclustered,144,0,0.0,1.8189894035458565e-12,optimal
q4_2_variable_unclustered,2025-03-13,0,unclustered,144,0,0.0,1.8189894035458565e-12,optimal
q4_2_variable_unclustered,2025-03-14,0,unclustered,144,0,0.0,9.094947017729282e-13,optimal
q4_2_variable_unclustered,2025-03-15,0,unclustered,144,0,0.0,9.094947017729282e-13,optimal
q4_2_variable_unclustered,2025-03-16,0,unclustered,144,0,0.0,4.547473508864641e-13,optimal
q4_2_variable_unclustered,2025-03-17,0,unclustered,144,0,0.0,9.094947017729282e-13,optimal
q4_2_variable_unclustered,2025-03-18,0,unclustered,144,0,0.0,9.094947017729282e-13,optimal
q4_2_variable_unclustered,2025-03-19,0,unclustered,144,0,0.0,4.547473508864641e-13,optimal
q4_2_variable_unclustered,2025-03-20,0,unclustered,144,0,0.0,4.547473508864641e-13,optimal
q4_2_variable_unclustered,2025-03-21,0,unclustered,144,0,0.0,4.547473508864641e-13,optimal
q4_2_variable_unclustered,2025-03-22,0,unclustered,144,0,0.0,4.547473508864641e-13,optimal
q4_2_variable_unclustered,2025-03-23,0,unclustered,144,0,0.0,9.094947017729282e-13,optimal
q4_2_variable_unclustered,2025-03-24,0,unclustered,144,0,0.0,9.094947017729282e-13,optimal
q4_2_variable_unclustered,2025-03-25,0,unclustered,144,0,0.0,9.094947017729282e-13,optimal
q4_2_variable_unclustered,2025-03-26,0,unclustered,144,0,0.0,9.094947017729282e-13,optimal
q4_2_variable_unclustered,2025-03-27,0,unclustered,144,0,0.0,4.547473508864641e-13,optimal
q4_2_variable_unclustered,2025-03-28,0,unclustered,144,0,0.0,9.094947017729282e-13,optimal
q4_2_variable_unclustered,2025-03-29,0,unclustered,144,0,0.0,4.547473508864641e-13,optimal
q4_2_variable_unclustered,2025-03-30,0,unclustered,144,0,0.0,9.094947017729282e-13,optimal
q4_2_variable_unclustered,2025-03-31,0,unclustered,144,0,0.0,1.8189894035458565e-12,optimal
q4_2_variable_unclustered,2025-04-01,0,unclustered,144,0,0.0,4.547473508864641e-13,optimal
q4_2_variable_unclustered,2025-04-02,0,unclustered,144,0,0.0,9.094947017729282e-13,optimal
q4_2_variable_unclustered,2025-04-03,0,unclustered,144,0,0.0,4.547473508864641e-13,optimal
q4_2_variable_unclustered,2025-04-04,0,unclustered,144,0,0.0,2.2737367544323206e-13,optimal
q4_2_variable_unclustered,2025-04-05,0,unclustered,144,0,0.0,2.2737367544323206e-13,optimal
q4_2_variable_unclustered,2025-04-06,0,unclustered,144,0,0.0,1.8189894035458565e-12,optimal
q4_2_variable_unclustered,2025-04-07,0,unclustered,144,0,0.0,1.8189894035458565e-12,optimal
q4_2_variable_unclustered,2025-04-08,0,unclustered,144,0,0.0,4.547473508864641e-13,optimal
q4_2_variable_unclustered,2025-04-09,0,unclustered,144,0,0.0,4.547473508864641e-13,optimal
q4_2_variable_unclustered,2025-04-10,0,unclustered,144,0,0.0,9.094947017729282e-13,optimal
q4_2_variable_unclustered,2025-04-11,0,unclustered,144,0,0.0,1.8189894035458565e-12,optimal
q4_2_variable_unclustered,2025-04-12,0,unclustered,144,0,0.0,1.8189894035458565e-12,optimal
q4_2_variable_unclustered,2025-04-13,0,unclustered,144,0,0.0,9.094947017729282e-13,optimal
q4_2_variable_unclustered,2025-04-14,0,unclustered,144,0,0.0,4.547473508864641e-13,optimal
q4_2_variable_unclustered,2025-04-15,0,unclustered,144,0,0.0,9.094947017729282e-13,optimal
q4_2_variable_unclustered,2025-04-16,0,unclustered,144,0,0.0,1.8189894035458565e-12,optimal
q4_2_variable_unclustered,2025-04-17,0,unclustered,144,0,0.0,1.3642420526593924e-12,optimal
q4_2_variable_unclustered,2025-04-18,0,unclustered,144,0,0.0,2.7284841053187847e-12,optimal
q4_2_variable_unclustered,2025-04-19,0,unclustered,144,0,0.0,9.094947017729282e-13,optimal
q4_2_variable_unclustered,2025-04-20,0,unclustered,144,0,0.0,4.547473508864641e-12,optimal
q4_2_variable_unclustered,2025-04-21,0,unclustered,144,0,0.0,1.3642420526593924e-12,optimal
q4_2_variable_unclustered,2025-04-22,0,unclustered,144,0,0.0,9.094947017729282e-13,optimal
q4_2_variable_unclustered,2025-04-23,0,unclustered,144,0,0.0,9.094947017729282e-13,optimal
q4_2_variable_unclustered,2025-04-24,0,unclustered,144,0,0.0,9.094947017729282e-13,optimal
q4_2_variable_unclustered,2025-04-25,0,unclustered,144,0,0.0,9.094947017729282e-13,optimal
q4_2_variable_unclustered,2025-04-26,0,unclustered,144,0,0.0,4.547473508864641e-13,optimal
q4_2_variable_unclustered,2025-04-27,0,unclustered,144,0,0.0,1.1368683772161603e-13,optimal
q4_2_variable_unclustered,2025-04-28,0,unclustered,144,0,0.0,4.547473508864641e-13,optimal
q4_2_variable_unclustered,2025-04-29,0,unclustered,144,0,0.0,1.8189894035458565e-12,optimal
q4_2_variable_unclustered,2025-04-30,0,unclustered,144,0,0.0,1.8189894035458565e-12,optimal
q4_2_variable_unclustered,2025-05-01,0,unclustered,144,0,0.0,4.547473508864641e-13,optimal
q4_2_variable_unclustered,2025-05-02,0,unclustered,144,0,0.0,1.8189894035458565e-12,optimal
q4_2_variable_unclustered,2025-05-03,0,unclustered,144,0,0.0,4.547473508864641e-13,optimal
q4_2_variable_unclustered,2025-05-04,0,unclustered,144,0,0.0,9.094947017729282e-13,optimal
q4_2_variable_unclustered,2025-05-05,0,unclustered,144,0,0.0,9.094947017729282e-13,optimal
q4_2_variable_unclustered,2025-05-06,0,unclustered,144,0,0.0,9.094947017729282e-13,optimal
q4_2_variable_unclustered,2025-05-07,0,unclustered,144,0,0.0,9.094947017729282e-13,optimal
q4_2_variable_unclustered,2025-05-08,0,unclustered,144,0,0.0,1.8189894035458565e-12,optimal
q4_2_variable_unclustered,2025-05-09,0,unclustered,144,0,0.0,1.8189894035458565e-12,optimal
q4_2_variable_unclustered,2025-05-10,0,unclustered,144,0,0.0,9.094947017729282e-13,optimal
q4_2_variable_unclustered,2025-05-11,0,unclustered,144,0,0.0,3.637978807091713e-12,optimal
q4_2_variable_unclustered,2025-05-12,0,unclustered,144,0,0.0,9.094947017729282e-13,optimal
q4_2_variable_unclustered,2025-05-13,0,unclustered,144,0,0.0,4.547473508864641e-13,optimal
q4_2_variable_unclustered,2025-05-14,0,unclustered,144,0,0.0,1.1368683772161603e-13,optimal
q4_2_variable_unclustered,2025-05-15,0,unclustered,144,0,0.0,9.094947017729282e-13,optimal
q4_2_variable_unclustered,2025-05-16,0,unclustered,144,0,0.0,1.8189894035458565e-12,optimal
q4_2_variable_unclustered,2025-05-17,0,unclustered,144,0,0.0,9.094947017729282e-13,optimal
q4_2_variable_unclustered,2025-05-18,0,unclustered,144,0,0.0,1.8189894035458565e-12,optimal
q4_2_variable_unclustered,2025-05-19,0,unclustered,144,0,0.0,9.094947017729282e-13,optimal
q4_2_variable_unclustered,2025-05-20,0,unclustered,144,0,0.0,9.094947017729282e-13,optimal
q4_2_variable_unclustered,2025-05-21,0,unclustered,144,0,0.0,4.547473508864641e-13,optimal
q4_2_variable_unclustered,2025-05-22,0,unclustered,144,0,0.0,1.8189894035458565e-12,optimal
q4_2_variable_unclustered,2025-05-23,0,unclustered,144,0,0.0,2.2737367544323206e-13,optimal
q4_2_variable_unclustered,2025-05-24,0,unclustered,144,0,0.0,9.094947017729282e-13,optimal
q4_2_variable_unclustered,2025-05-25,0,unclustered,144,0,0.0,1.8189894035458565e-12,optimal
q4_2_variable_unclustered,2025-05-26,0,unclustered,144,0,0.0,9.094947017729282e-13,optimal
q4_2_variable_unclustered,2025-05-27,0,unclustered,144,0,0.0,9.094947017729282e-13,optimal
q4_2_variable_unclustered,2025-05-28,0,unclustered,144,0,0.0,1.8189894035458565e-12,optimal
q4_2_variable_unclustered,2025-05-29,0,unclustered,144,0,0.0,9.094947017729282e-13,optimal
q4_2_variable_unclustered,2025-05-30,0,unclustered,144,0,0.0,1.8189894035458565e-12,optimal
q4_2_variable_unclustered,2025-05-31,0,unclustered,144,0,0.0,9.094947017729282e-13,optimal
q4_2_variable_unclustered,2025-06-01,0,unclustered,144,0,0.0,1.8189894035458565e-12,optimal
q4_2_variable_unclustered,2025-06-02,0,unclustered,144,0,0.0,3.637978807091713e-12,optimal
q4_2_variable_unclustered,2025-06-03,0,unclustered,144,0,0.0,1.8189894035458565e-12,optimal
q4_2_variable_unclustered,2025-06-04,0,unclustered,144,0,0.0,3.637978807091713e-12,optimal
q4_2_variable_unclustered,2025-06-05,0,unclustered,144,0,0.0,4.547473508864641e-13,optimal
q4_2_variable_unclustered,2025-06-06,0,unclustered,144,0,0.0,1.8189894035458565e-12,optimal
q4_2_variable_unclustered,2025-06-07,0,unclustered,144,0,0.0,9.094947017729282e-13,optimal
q4_2_variable_unclustered,2025-06-08,0,unclustered,144,0,0.0,9.094947017729282e-13,optimal
q4_2_variable_unclustered,2025-06-09,0,unclustered,144,0,0.0,2.7284841053187847e-12,optimal
q4_2_variable_unclustered,2025-06-10,0,unclustered,144,0,0.0,2.2737367544323206e-13,optimal
q4_2_variable_unclustered,2025-06-11,0,unclustered,144,0,0.0,2.2737367544323206e-13,optimal
q4_2_variable_unclustered,2025-06-12,0,unclustered,144,0,0.0,2.2737367544323206e-13,optimal
q4_2_variable_unclustered,2025-06-13,0,unclustered,144,0,0.0,1.8189894035458565e-12,optimal
q4_2_variable_unclustered,2025-06-14,0,unclustered,144,0,0.0,2.2737367544323206e-13,optimal
q4_2_variable_unclustered,2025-06-15,0,unclustered,144,0,0.0,1.8189894035458565e-12,optimal
q4_2_variable_unclustered,2025-06-16,0,unclustered,144,0,0.0,1.8189894035458565e-12,optimal
q4_2_variable_unclustered,2025-06-17,0,unclustered,144,0,0.0,9.094947017729282e-13,optimal
q4_2_variable_unclustered,2025-06-18,0,unclustered,144,0,0.0,2.2737367544323206e-13,optimal
q4_2_variable_unclustered,2025-06-19,0,unclustered,144,0,0.0,2.2737367544323206e-13,optimal
q4_2_variable_unclustered,2025-06-20,0,unclustered,144,0,0.0,2.2737367544323206e-13,optimal
q4_2_variable_unclustered,2025-06-21,0,unclustered,144,0,0.0,2.2737367544323206e-13,optimal
q4_2_variable_unclustered,2025-06-22,0,unclustered,144,0,0.0,1.8189894035458565e-12,optimal
q4_2_variable_unclustered,2025-06-23,0,unclustered,144,0,0.0,2.2737367544323206e-13,optimal
q4_2_variable_unclustered,2025-06-24,0,unclustered,144,0,0.0,2.2737367544323206e-13,optimal
q4_2_variable_unclustered,2025-06-25,0,unclustered,144,0,0.0,9.094947017729282e-13,optimal
q4_2_variable_unclustered,2025-06-26,0,unclustered,144,0,0.0,9.094947017729282e-13,optimal
q4_2_variable_unclustered,2025-06-27,0,unclustered,144,0,0.0,2.2737367544323206e-13,optimal
q4_2_variable_unclustered,2025-06-28,0,unclustered,144,0,0.0,2.2737367544323206e-13,optimal
q4_2_variable_unclustered,2025-06-29,0,unclustered,144,0,0.0,9.094947017729282e-13,optimal
q4_2_variable_unclustered,2025-06-30,0,unclustered,144,0,0.0,9.094947017729282e-13,optimal
q4_2_variable_unclustered,2025-07-01,0,unclustered,144,0,0.0,1.8189894035458565e-12,optimal
q4_2_variable_unclustered,2025-07-02,0,unclustered,144,0,0.0,4.547473508864641e-13,optimal
q4_2_variable_unclustered,2025-07-03,0,unclustered,144,0,0.0,9.094947017729282e-13,optimal
q4_2_variable_unclustered,2025-07-04,0,unclustered,144,0,0.0,9.094947017729282e-13,optimal
q4_2_variable_unclustered,2025-07-05,0,unclustered,144,0,0.0,2.2737367544323206e-13,optimal
q4_2_variable_unclustered,2025-07-06,0,unclustered,144,0,0.0,2.2737367544323206e-13,optimal
q4_2_variable_unclustered,2025-07-07,0,unclustered,144,0,0.0,4.547473508864641e-13,optimal
q4_2_variable_unclustered,2025-07-08,0,unclustered,144,0,0.0,4.547473508864641e-13,optimal
q4_2_variable_unclustered,2025-07-09,0,unclustered,144,0,0.0,4.547473508864641e-13,optimal
q4_2_variable_unclustered,2025-07-10,0,unclustered,144,0,0.0,9.094947017729282e-13,optimal
q4_2_variable_unclustered,2025-07-11,0,unclustered,144,0,0.0,2.2737367544323206e-13,optimal
q4_2_variable_unclustered,2025-07-12,0,unclustered,144,0,0.0,9.094947017729282e-13,optimal
q4_2_variable_unclustered,2025-07-13,0,unclustered,144,0,0.0,9.094947017729282e-13,optimal
q4_2_variable_unclustered,2025-07-14,0,unclustered,144,0,0.0,4.547473508864641e-13,optimal
q4_2_variable_unclustered,2025-07-15,0,unclustered,144,0,0.0,4.547473508864641e-13,optimal
q4_2_variable_unclustered,2025-07-16,0,unclustered,144,0,0.0,4.547473508864641e-13,optimal
q4_2_variable_unclustered,2025-07-17,0,unclustered,144,0,0.0,2.2737367544323206e-13,optimal
q4_2_variable_unclustered,2025-07-18,0,unclustered,144,0,0.0,2.2737367544323206e-13,optimal
q4_2_variable_unclustered,2025-07-19,0,unclustered,144,0,0.0,2.2737367544323206e-13,optimal
q4_2_variable_unclustered,2025-07-20,0,unclustered,144,0,0.0,4.547473508864641e-13,optimal
q4_2_variable_unclustered,2025-07-21,0,unclustered,144,0,0.0,2.2737367544323206e-13,optimal
q4_2_variable_unclustered,2025-07-22,0,unclustered,144,0,0.0,2.2737367544323206e-13,optimal
q4_2_variable_unclustered,2025-07-23,0,unclustered,144,0,0.0,4.547473508864641e-13,optimal
q4_2_variable_unclustered,2025-07-24,0,unclustered,144,0,0.0,2.2737367544323206e-13,optimal
q4_2_variable_unclustered,2025-07-25,0,unclustered,144,0,0.0,4.547473508864641e-13,optimal
q4_2_variable_unclustered,2025-07-26,0,unclustered,144,0,0.0,9.094947017729282e-13,optimal
q4_2_variable_unclustered,2025-07-27,0,unclustered,144,0,0.0,2.2737367544323206e-13,optimal
q4_2_variable_unclustered,2025-07-28,0,unclustered,144,0,0.0,2.2737367544323206e-13,optimal
q4_2_variable_unclustered,2025-07-29,0,unclustered,144,0,0.0,1.8189894035458565e-12,optimal
q4_2_variable_unclustered,2025-07-30,0,unclustered,144,0,0.0,4.547473508864641e-13,optimal
q4_2_variable_unclustered,2025-07-31,0,unclustered,144,0,0.0,4.547473508864641e-13,optimal
q4_2_variable_unclustered,2025-08-01,0,unclustered,144,0,0.0,4.547473508864641e-13,optimal
q4_2_variable_unclustered,2025-08-02,0,unclustered,144,0,0.0,4.547473508864641e-13,optimal
q4_2_variable_unclustered,2025-08-03,0,unclustered,144,0,0.0,1.8189894035458565e-12,optimal
q4_2_variable_unclustered,2025-08-04,0,unclustered,144,0,0.0,1.8189894035458565e-12,optimal
q4_2_variable_unclustered,2025-08-05,0,unclustered,144,0,0.0,2.2737367544323206e-13,optimal
q4_2_variable_unclustered,2025-08-06,0,unclustered,144,0,0.0,2.2737367544323206e-13,optimal
q4_2_variable_unclustered,2025-08-07,0,unclustered,144,0,0.0,2.2737367544323206e-13,optimal
q4_2_variable_unclustered,2025-08-08,0,unclustered,144,0,0.0,4.547473508864641e-13,optimal
q4_2_variable_unclustered,2025-08-09,0,unclustered,144,0,0.0,4.547473508864641e-13,optimal
q4_2_variable_unclustered,2025-08-10,0,unclustered,144,0,0.0,9.094947017729282e-13,optimal
q4_2_variable_unclustered,2025-08-11,0,unclustered,144,0,0.0,4.547473508864641e-13,optimal
q4_2_variable_unclustered,2025-08-12,0,unclustered,144,0,0.0,2.2737367544323206e-13,optimal
q4_2_variable_unclustered,2025-08-13,0,unclustered,144,0,0.0,4.547473508864641e-13,optimal
q4_2_variable_unclustered,2025-08-14,0,unclustered,144,0,0.0,9.094947017729282e-13,optimal
q4_2_variable_unclustered,2025-08-15,0,unclustered,144,0,0.0,2.2737367544323206e-13,optimal
q4_2_variable_unclustered,2025-08-16,0,unclustered,144,0,0.0,9.094947017729282e-13,optimal
q4_2_variable_unclustered,2025-08-17,0,unclustered,144,0,0.0,2.2737367544323206e-13,optimal
q4_2_variable_unclustered,2025-08-18,0,unclustered,144,0,0.0,2.2737367544323206e-13,optimal
q4_2_variable_unclustered,2025-08-19,0,unclustered,144,0,0.0,2.2737367544323206e-13,optimal
q4_2_variable_unclustered,2025-08-20,0,unclustered,144,0,0.0,1.3642420526593924e-12,optimal
q4_2_variable_unclustered,2025-08-21,0,unclustered,144,0,0.0,2.2737367544323206e-13,optimal
q4_2_variable_unclustered,2025-08-22,0,unclustered,144,0,0.0,2.2737367544323206e-13,optimal
q4_2_variable_unclustered,2025-08-23,0,unclustered,144,0,0.0,2.2737367544323206e-13,optimal
q4_2_variable_unclustered,2025-08-24,0,unclustered,144,0,0.0,2.2737367544323206e-13,optimal
q4_2_variable_unclustered,2025-08-25,0,unclustered,144,0,0.0,9.094947017729282e-13,optimal
q4_2_variable_unclustered,2025-08-26,0,unclustered,144,0,0.0,9.094947017729282e-13,optimal
q4_2_variable_unclustered,2025-08-27,0,unclustered,144,0,0.0,2.2737367544323206e-13,optimal
q4_2_variable_unclustered,2025-08-28,0,unclustered,144,0,0.0,2.2737367544323206e-13,optimal
q4_2_variable_unclustered,2025-08-29,0,unclustered,144,0,0.0,1.8189894035458565e-12,optimal
q4_2_variable_unclustered,2025-08-30,0,unclustered,144,0,0.0,1.8189894035458565e-12,optimal
q4_2_variable_unclustered,2025-08-31,0,unclustered,144,0,0.0,2.2737367544323206e-13,optimal
q4_2_variable_unclustered,2025-09-01,0,unclustered,144,0,0.0,4.547473508864641e-13,optimal
q4_2_variable_unclustered,2025-09-02,0,unclustered,144,0,0.0,2.2737367544323206e-13,optimal
q4_2_variable_unclustered,2025-09-03,0,unclustered,144,0,0.0,1.8189894035458565e-12,optimal
q4_2_variable_unclustered,2025-09-04,0,unclustered,144,0,0.0,2.2737367544323206e-13,optimal
q4_2_variable_unclustered,2025-09-05,0,unclustered,144,0,0.0,2.2737367544323206e-13,optimal
q4_2_variable_unclustered,2025-09-06,0,unclustered,144,0,0.0,9.094947017729282e-13,optimal
q4_2_variable_unclustered,2025-09-07,0,unclustered,144,0,0.0,2.2737367544323206e-13,optimal
q4_2_variable_unclustered,2025-09-08,0,unclustered,144,0,0.0,2.2737367544323206e-13,optimal
q4_2_variable_unclustered,2025-09-09,0,unclustered,144,0,0.0,1.8189894035458565e-12,optimal
q4_2_variable_unclustered,2025-09-10,0,unclustered,144,0,0.0,1.8189894035458565e-12,optimal
q4_2_variable_unclustered,2025-09-11,0,unclustered,144,0,0.0,2.2737367544323206e-13,optimal
q4_2_variable_unclustered,2025-09-12,0,unclustered,144,0,0.0,2.2737367544323206e-13,optimal
q4_2_variable_unclustered,2025-09-13,0,unclustered,144,0,0.0,4.547473508864641e-13,optimal
q4_2_variable_unclustered,2025-09-14,0,unclustered,144,0,0.0,9.094947017729282e-13,optimal
q4_2_variable_unclustered,2025-09-15,0,unclustered,144,0,0.0,1.8189894035458565e-12,optimal
q4_2_variable_unclustered,2025-09-16,0,unclustered,144,0,0.0,9.094947017729282e-13,optimal
q4_2_variable_unclustered,2025-09-17,0,unclustered,144,0,0.0,9.094947017729282e-13,optimal
q4_2_variable_unclustered,2025-09-18,0,unclustered,144,0,0.0,9.094947017729282e-13,optimal
q4_2_variable_unclustered,2025-09-19,0,unclustered,144,0,0.0,2.2737367544323206e-13,optimal
q4_2_variable_unclustered,2025-09-20,0,unclustered,144,0,0.0,2.2737367544323206e-13,optimal
q4_2_variable_unclustered,2025-09-21,0,unclustered,144,0,0.0,1.3642420526593924e-12,optimal
q4_2_variable_unclustered,2025-09-22,0,unclustered,144,0,0.0,2.2737367544323206e-12,optimal
q4_2_variable_unclustered,2025-09-23,0,unclustered,144,0,0.0,3.637978807091713e-12,optimal
q4_2_variable_unclustered,2025-09-24,0,unclustered,144,0,0.0,1.8189894035458565e-12,optimal
q4_2_variable_unclustered,2025-09-25,0,unclustered,144,0,0.0,1.8189894035458565e-12,optimal
q4_2_variable_unclustered,2025-09-26,0,unclustered,144,0,0.0,2.2737367544323206e-13,optimal
q4_2_variable_unclustered,2025-09-27,0,unclustered,144,0,0.0,2.2737367544323206e-13,optimal
q4_2_variable_unclustered,2025-09-28,0,unclustered,144,0,0.0,2.2737367544323206e-13,optimal
q4_2_variable_unclustered,2025-09-29,0,unclustered,144,0,0.0,2.2737367544323206e-12,optimal
q4_2_variable_unclustered,2025-09-30,0,unclustered,144,0,0.0,4.547473508864641e-13,optimal
q4_2_variable_unclustered,2025-10-01,0,unclustered,144,0,0.0,4.547473508864641e-13,optimal
q4_2_variable_unclustered,2025-10-02,0,unclustered,144,0,0.0,4.547473508864641e-13,optimal
q4_2_variable_unclustered,2025-10-03,0,unclustered,144,0,0.0,9.094947017729282e-13,optimal
q4_2_variable_unclustered,2025-10-04,0,unclustered,144,0,0.0,9.094947017729282e-13,optimal
q4_2_variable_unclustered,2025-10-05,0,unclustered,144,0,0.0,4.547473508864641e-13,optimal
q4_2_variable_unclustered,2025-10-06,0,unclustered,144,0,0.0,4.547473508864641e-13,optimal
q4_2_variable_unclustered,2025-10-07,0,unclustered,144,0,0.0,9.094947017729282e-13,optimal
q4_2_variable_unclustered,2025-10-08,0,unclustered,144,0,0.0,4.547473508864641e-13,optimal
q4_2_variable_unclustered,2025-10-09,0,unclustered,144,0,0.0,9.094947017729282e-13,optimal
q4_2_variable_unclustered,2025-10-10,0,unclustered,144,0,0.0,4.547473508864641e-13,optimal
q4_2_variable_unclustered,2025-10-11,0,unclustered,144,0,0.0,4.547473508864641e-13,optimal
q4_2_variable_unclustered,2025-10-12,0,unclustered,144,0,0.0,4.547473508864641e-13,optimal
q4_2_variable_unclustered,2025-10-13,0,unclustered,144,0,0.0,4.547473508864641e-13,optimal
q4_2_variable_unclustered,2025-10-14,0,unclustered,144,0,0.0,4.547473508864641e-13,optimal
q4_2_variable_unclustered,2025-10-15,0,unclustered,144,0,0.0,9.094947017729282e-13,optimal
q4_2_variable_unclustered,2025-10-16,0,unclustered,144,0,0.0,9.094947017729282e-13,optimal
q4_2_variable_unclustered,2025-10-17,0,unclustered,144,0,0.0,4.547473508864641e-13,optimal
q4_2_variable_unclustered,2025-10-18,0,unclustered,144,0,0.0,2.2737367544323206e-13,optimal
q4_2_variable_unclustered,2025-10-19,0,unclustered,144,0,0.0,4.547473508864641e-13,optimal
q4_2_variable_unclustered,2025-10-20,0,unclustered,144,0,0.0,9.094947017729282e-13,optimal
q4_2_variable_unclustered,2025-10-21,0,unclustered,144,0,0.0,4.547473508864641e-13,optimal
q4_2_variable_unclustered,2025-10-22,0,unclustered,144,0,0.0,4.547473508864641e-13,optimal
q4_2_variable_unclustered,2025-10-23,0,unclustered,144,0,0.0,4.547473508864641e-13,optimal
q4_2_variable_unclustered,2025-10-24,0,unclustered,144,0,0.0,9.094947017729282e-13,optimal
q4_2_variable_unclustered,2025-10-25,0,unclustered,144,0,0.0,4.547473508864641e-13,optimal
q4_2_variable_unclustered,2025-10-26,0,unclustered,144,0,0.0,1.8189894035458565e-12,optimal
q4_2_variable_unclustered,2025-10-27,0,unclustered,144,0,0.0,9.094947017729282e-13,optimal
q4_2_variable_unclustered,2025-10-28,0,unclustered,144,0,0.0,4.547473508864641e-13,optimal
q4_2_variable_unclustered,2025-10-29,0,unclustered,144,0,0.0,4.547473508864641e-13,optimal
q4_2_variable_unclustered,2025-10-30,0,unclustered,144,0,0.0,1.1368683772161603e-13,optimal
q4_2_variable_unclustered,2025-10-31,0,unclustered,144,0,0.0,4.547473508864641e-13,optimal
q4_2_variable_unclustered,2025-11-01,0,unclustered,144,0,0.0,4.547473508864641e-13,optimal
q4_2_variable_unclustered,2025-11-02,0,unclustered,144,0,0.0,4.547473508864641e-13,optimal
q4_2_variable_unclustered,2025-11-03,0,unclustered,144,0,0.0,9.094947017729282e-13,optimal
q4_2_variable_unclustered,2025-11-04,0,unclustered,144,0,0.0,1.8189894035458565e-12,optimal
q4_2_variable_unclustered,2025-11-05,0,unclustered,144,0,0.0,9.094947017729282e-13,optimal
q4_2_variable_unclustered,2025-11-06,0,unclustered,144,0,0.0,9.094947017729282e-13,optimal
q4_2_variable_unclustered,2025-11-07,0,unclustered,144,0,0.0,1.5916157281026244e-12,optimal
q4_2_variable_unclustered,2025-11-08,0,unclustered,144,0,0.0,9.094947017729282e-13,optimal
q4_2_variable_unclustered,2025-11-09,0,unclustered,144,0,0.0,1.1368683772161603e-13,optimal
q4_2_variable_unclustered,2025-11-10,0,unclustered,144,0,0.0,9.094947017729282e-13,optimal
q4_2_variable_unclustered,2025-11-11,0,unclustered,144,0,0.0,9.094947017729282e-13,optimal
q4_2_variable_unclustered,2025-11-12,0,unclustered,144,0,0.0,9.094947017729282e-13,optimal
q4_2_variable_unclustered,2025-11-13,0,unclustered,144,0,0.0,4.547473508864641e-13,optimal
q4_2_variable_unclustered,2025-11-14,0,unclustered,144,0,0.0,9.094947017729282e-13,optimal
q4_2_variable_unclustered,2025-11-15,0,unclustered,144,0,0.0,9.094947017729282e-13,optimal
q4_2_variable_unclustered,2025-11-16,0,unclustered,144,0,0.0,9.094947017729282e-13,optimal
q4_2_variable_unclustered,2025-11-17,0,unclustered,144,0,0.0,6.821210263296962e-13,optimal
q4_2_variable_unclustered,2025-11-18,0,unclustered,144,0,0.0,4.547473508864641e-13,optimal
q4_2_variable_unclustered,2025-11-19,0,unclustered,144,0,0.0,9.094947017729282e-13,optimal
q4_2_variable_unclustered,2025-11-20,0,unclustered,144,0,0.0,4.547473508864641e-13,optimal
q4_2_variable_unclustered,2025-11-21,0,unclustered,144,0,0.0,1.8189894035458565e-12,optimal
q4_2_variable_unclustered,2025-11-22,0,unclustered,144,0,0.0,9.094947017729282e-13,optimal
q4_2_variable_unclustered,2025-11-23,0,unclustered,144,0,0.0,9.094947017729282e-13,optimal
q4_2_variable_unclustered,2025-11-24,0,unclustered,144,0,0.0,2.2737367544323206e-13,optimal
q4_2_variable_unclustered,2025-11-25,0,unclustered,144,0,0.0,1.8189894035458565e-12,optimal
q4_2_variable_unclustered,2025-11-26,0,unclustered,144,0,0.0,3.637978807091713e-12,optimal
q4_2_variable_unclustered,2025-11-27,0,unclustered,144,0,0.0,1.8189894035458565e-12,optimal
q4_2_variable_unclustered,2025-11-28,0,unclustered,144,0,0.0,1.1368683772161603e-13,optimal
q4_2_variable_unclustered,2025-11-29,0,unclustered,144,0,0.0,1.8189894035458565e-12,optimal
q4_2_variable_unclustered,2025-11-30,0,unclustered,144,0,0.0,3.637978807091713e-12,optimal
q4_2_variable_unclustered,2025-12-01,0,unclustered,144,0,0.0,9.094947017729282e-13,optimal
q4_2_variable_unclustered,2025-12-02,0,unclustered,144,0,0.0,2.2737367544323206e-13,optimal
q4_2_variable_unclustered,2025-12-03,0,unclustered,144,0,0.0,4.547473508864641e-13,optimal
q4_2_variable_unclustered,2025-12-04,0,unclustered,144,0,0.0,2.2737367544323206e-13,optimal
q4_2_variable_unclustered,2025-12-05,0,unclustered,144,0,0.0,4.547473508864641e-13,optimal
q4_2_variable_unclustered,2025-12-06,0,unclustered,144,0,0.0,4.547473508864641e-13,optimal
q4_2_variable_unclustered,2025-12-07,0,unclustered,144,0,0.0,9.094947017729282e-13,optimal
q4_2_variable_unclustered,2025-12-08,0,unclustered,144,0,0.0,9.094947017729282e-13,optimal
q4_2_variable_unclustered,2025-12-09,0,unclustered,144,0,0.0,1.1368683772161603e-13,optimal
q4_2_variable_unclustered,2025-12-10,0,unclustered,144,0,0.0,1.1368683772161603e-13,optimal
q4_2_variable_unclustered,2025-12-11,0,unclustered,144,0,0.0,1.8189894035458565e-12,optimal
q4_2_variable_unclustered,2025-12-12,0,unclustered,144,0,0.0,4.547473508864641e-13,optimal
q4_2_variable_unclustered,2025-12-13,0,unclustered,144,0,0.0,9.094947017729282e-13,optimal
q4_2_variable_unclustered,2025-12-14,0,unclustered,144,0,0.0,9.094947017729282e-13,optimal
q4_2_variable_unclustered,2025-12-15,0,unclustered,144,0,0.0,1.8189894035458565e-12,optimal
q4_2_variable_unclustered,2025-12-16,0,unclustered,144,0,0.0,2.2737367544323206e-13,optimal
q4_2_variable_unclustered,2025-12-17,0,unclustered,144,0,0.0,9.094947017729282e-13,optimal
q4_2_variable_unclustered,2025-12-18,0,unclustered,144,0,0.0,9.094947017729282e-13,optimal
q4_2_variable_unclustered,2025-12-19,0,unclustered,144,0,0.0,9.094947017729282e-13,optimal
q4_2_variable_unclustered,2025-12-20,0,unclustered,144,0,0.0,2.2737367544323206e-13,optimal
q4_2_variable_unclustered,2025-12-21,0,unclustered,144,0,0.0,4.547473508864641e-13,optimal
q4_2_variable_unclustered,2025-12-22,0,unclustered,144,0,0.0,9.094947017729282e-13,optimal
q4_2_variable_unclustered,2025-12-23,0,unclustered,144,0,0.0,2.2737367544323206e-13,optimal
q4_2_variable_unclustered,2025-12-24,0,unclustered,144,0,0.0,1.1368683772161603e-13,optimal
q4_2_variable_unclustered,2025-12-25,0,unclustered,144,0,0.0,2.2737367544323206e-13,optimal
q4_2_variable_unclustered,2025-12-26,0,unclustered,144,0,0.0,2.2737367544323206e-13,optimal
q4_2_variable_unclustered,2025-12-27,0,unclustered,144,0,0.0,2.2737367544323206e-13,optimal
q4_2_variable_unclustered,2025-12-28,0,unclustered,144,0,0.0,4.547473508864641e-13,optimal
q4_2_variable_unclustered,2025-12-29,0,unclustered,144,0,0.0,2.2737367544323206e-13,optimal
q4_2_variable_unclustered,2025-12-30,0,unclustered,144,0,0.0,2.2737367544323206e-13,optimal
q4_2_variable_unclustered,2025-12-31,0,unclustered,144,0,0.0,2.2737367544323206e-13,optimal
q4_3_variable_unclustered,2025-02-01,0,unclustered,144,0,0.0,9.094947017729282e-13,optimal
q4_3_variable_unclustered,2025-02-01,6,unclustered,108,0,0.0,9.094947017729282e-13,optimal
q4_3_variable_unclustered,2025-02-01,12,unclustered,72,0,0.0,9.094947017729282e-13,optimal
q4_3_variable_unclustered,2025-02-01,18,unclustered,36,0,0.0,5.6843418860808015e-12,optimal
q4_3_variable_unclustered,2025-02-02,0,unclustered,144,0,0.0,9.094947017729282e-13,optimal
q4_3_variable_unclustered,2025-02-02,6,unclustered,108,0,0.0,9.094947017729282e-13,optimal
q4_3_variable_unclustered,2025-02-02,12,unclustered,72,0,0.0,1.8189894035458565e-12,optimal
q4_3_variable_unclustered,2025-02-02,18,unclustered,36,0,0.0,3.410605131648481e-12,optimal
q4_3_variable_unclustered,2025-02-03,0,unclustered,144,0,0.0,4.547473508864641e-13,optimal
q4_3_variable_unclustered,2025-02-03,6,unclustered,108,0,0.0,4.547473508864641e-13,optimal
q4_3_variable_unclustered,2025-02-03,12,unclustered,72,0,0.0,4.547473508864641e-13,optimal
q4_3_variable_unclustered,2025-02-03,18,unclustered,36,0,0.0,2.7284841053187847e-12,optimal
q4_3_variable_unclustered,2025-02-04,0,unclustered,144,0,0.0,4.547473508864641e-13,optimal
q4_3_variable_unclustered,2025-02-04,6,unclustered,108,0,0.0,4.547473508864641e-13,optimal
q4_3_variable_unclustered,2025-02-04,12,unclustered,72,0,0.0,4.547473508864641e-13,optimal
q4_3_variable_unclustered,2025-02-04,18,unclustered,36,0,0.0,4.092726157978177e-12,optimal
q4_3_variable_unclustered,2025-02-05,0,unclustered,144,0,0.0,2.2737367544323206e-13,optimal
q4_3_variable_unclustered,2025-02-05,6,unclustered,108,0,0.0,2.2737367544323206e-13,optimal
q4_3_variable_unclustered,2025-02-05,12,unclustered,72,0,0.0,1.1368683772161603e-13,optimal
q4_3_variable_unclustered,2025-02-05,18,unclustered,36,0,0.0,1.000444171950221e-11,optimal
q4_3_variable_unclustered,2025-02-06,0,unclustered,144,0,0.0,2.2737367544323206e-13,optimal
q4_3_variable_unclustered,2025-02-06,6,unclustered,108,0,0.0,2.2737367544323206e-13,optimal
q4_3_variable_unclustered,2025-02-06,12,unclustered,72,0,0.0,1.1368683772161603e-13,optimal
q4_3_variable_unclustered,2025-02-06,18,unclustered,36,0,0.0,4.547473508864641e-13,optimal
q4_3_variable_unclustered,2025-02-07,0,unclustered,144,0,0.0,9.094947017729282e-13,optimal
q4_3_variable_unclustered,2025-02-07,6,unclustered,108,0,0.0,9.094947017729282e-13,optimal
q4_3_variable_unclustered,2025-02-07,12,unclustered,72,0,0.0,9.094947017729282e-13,optimal
q4_3_variable_unclustered,2025-02-07,18,unclustered,36,0,0.0,1.1368683772161603e-12,optimal
q4_3_variable_unclustered,2025-02-08,0,unclustered,144,0,0.0,9.094947017729282e-13,optimal
q4_3_variable_unclustered,2025-02-08,6,unclustered,108,0,0.0,1.8189894035458565e-12,optimal
q4_3_variable_unclustered,2025-02-08,12,unclustered,72,0,0.0,9.094947017729282e-13,optimal
q4_3_variable_unclustered,2025-02-08,18,unclustered,36,0,0.0,1.8189894035458565e-12,optimal
q4_3_variable_unclustered,2025-02-09,0,unclustered,144,0,0.0,9.094947017729282e-13,optimal
q4_3_variable_unclustered,2025-02-09,6,unclustered,108,0,0.0,9.094947017729282e-13,optimal
q4_3_variable_unclustered,2025-02-09,12,unclustered,72,0,0.0,1.8189894035458565e-12,optimal
q4_3_variable_unclustered,2025-02-09,18,unclustered,36,0,0.0,9.322320693172514e-12,optimal
q4_3_variable_unclustered,2025-02-10,0,unclustered,144,0,0.0,1.8189894035458565e-12,optimal
q4_3_variable_unclustered,2025-02-10,6,unclustered,108,0,0.0,1.8189894035458565e-12,optimal
q4_3_variable_unclustered,2025-02-10,12,unclustered,72,0,0.0,9.094947017729282e-13,optimal
q4_3_variable_unclustered,2025-02-10,18,unclustered,36,0,0.0,1.8189894035458565e-12,optimal
q4_3_variable_unclustered,2025-02-11,0,unclustered,144,0,0.0,4.547473508864641e-13,optimal
q4_3_variable_unclustered,2025-02-11,6,unclustered,108,0,0.0,4.547473508864641e-13,optimal
q4_3_variable_unclustered,2025-02-11,12,unclustered,72,0,0.0,1.8189894035458565e-12,optimal
q4_3_variable_unclustered,2025-02-11,18,unclustered,36,0,0.0,4.547473508864641e-13,optimal
q4_3_variable_unclustered,2025-02-12,0,unclustered,144,0,0.0,9.094947017729282e-13,optimal
q4_3_variable_unclustered,2025-02-12,6,unclustered,108,0,0.0,1.8189894035458565e-12,optimal
q4_3_variable_unclustered,2025-02-12,12,unclustered,72,0,0.0,9.094947017729282e-13,optimal
q4_3_variable_unclustered,2025-02-12,18,unclustered,36,0,0.0,2.2737367544323206e-12,optimal
q4_3_variable_unclustered,2025-02-13,0,unclustered,144,0,0.0,1.1368683772161603e-13,optimal
q4_3_variable_unclustered,2025-02-13,6,unclustered,108,0,0.0,1.8189894035458565e-12,optimal
q4_3_variable_unclustered,2025-02-13,12,unclustered,72,0,0.0,2.2737367544323206e-13,optimal
q4_3_variable_unclustered,2025-02-13,18,unclustered,36,0,0.0,1.0459189070388675e-11,optimal
q4_3_variable_unclustered,2025-02-14,0,unclustered,144,0,0.0,9.094947017729282e-13,optimal
q4_3_variable_unclustered,2025-02-14,6,unclustered,108,0,0.0,9.094947017729282e-13,optimal
q4_3_variable_unclustered,2025-02-14,12,unclustered,72,0,0.0,9.094947017729282e-13,optimal
q4_3_variable_unclustered,2025-02-14,18,unclustered,36,0,0.0,5.229594535194337e-12,optimal
q4_3_variable_unclustered,2025-02-15,0,unclustered,144,0,0.0,1.8189894035458565e-12,optimal
q4_3_variable_unclustered,2025-02-15,6,unclustered,108,0,0.0,4.547473508864641e-13,optimal
q4_3_variable_unclustered,2025-02-15,12,unclustered,72,0,0.0,4.547473508864641e-13,optimal
q4_3_variable_unclustered,2025-02-15,18,unclustered,36,0,0.0,3.410605131648481e-12,optimal
q4_3_variable_unclustered,2025-02-16,0,unclustered,144,0,0.0,1.8189894035458565e-12,optimal
q4_3_variable_unclustered,2025-02-16,6,unclustered,108,0,0.0,1.8189894035458565e-12,optimal
q4_3_variable_unclustered,2025-02-16,12,unclustered,72,0,0.0,1.8189894035458565e-12,optimal
q4_3_variable_unclustered,2025-02-16,18,unclustered,36,0,0.0,6.366462912410498e-12,optimal
q4_3_variable_unclustered,2025-02-17,0,unclustered,144,0,0.0,1.8189894035458565e-12,optimal
q4_3_variable_unclustered,2025-02-17,6,unclustered,108,0,0.0,1.8189894035458565e-12,optimal
q4_3_variable_unclustered,2025-02-17,12,unclustered,72,0,0.0,4.547473508864641e-13,optimal
q4_3_variable_unclustered,2025-02-17,18,unclustered,36,0,0.0,1.5916157281026244e-12,optimal
q4_3_variable_unclustered,2025-02-18,0,unclustered,144,0,0.0,2.2737367544323206e-13,optimal
q4_3_variable_unclustered,2025-02-18,6,unclustered,108,0,0.0,9.094947017729282e-13,optimal
q4_3_variable_unclustered,2025-02-18,12,unclustered,72,0,0.0,1.1368683772161603e-13,optimal
q4_3_variable_unclustered,2025-02-18,18,unclustered,36,0,0.0,1.0686562745831907e-11,optimal
q4_3_variable_unclustered,2025-02-19,0,unclustered,144,0,0.0,1.8189894035458565e-12,optimal
q4_3_variable_unclustered,2025-02-19,6,unclustered,108,0,0.0,1.8189894035458565e-12,optimal
q4_3_variable_unclustered,2025-02-19,12,unclustered,72,0,0.0,9.094947017729282e-13,optimal
q4_3_variable_unclustered,2025-02-19,18,unclustered,36,0,0.0,1.1596057447604835e-11,optimal
q4_3_variable_unclustered,2025-02-20,0,unclustered,144,0,0.0,9.094947017729282e-13,optimal
q4_3_variable_unclustered,2025-02-20,6,unclustered,108,0,0.0,1.8189894035458565e-12,optimal
q4_3_variable_unclustered,2025-02-20,12,unclustered,72,0,0.0,9.094947017729282e-13,optimal
q4_3_variable_unclustered,2025-02-20,18,unclustered,36,0,0.0,7.048583938740194e-12,optimal
q4_3_variable_unclustered,2025-02-21,0,unclustered,144,0,0.0,9.094947017729282e-13,optimal
q4_3_variable_unclustered,2025-02-21,6,unclustered,108,0,0.0,9.094947017729282e-13,optimal
q4_3_variable_unclustered,2025-02-21,12,unclustered,72,0,0.0,1.8189894035458565e-12,optimal
q4_3_variable_unclustered,2025-02-21,18,unclustered,36,0,0.0,9.549694368615746e-12,optimal
q4_3_variable_unclustered,2025-02-22,0,unclustered,144,0,0.0,1.8189894035458565e-12,optimal
q4_3_variable_unclustered,2025-02-22,6,unclustered,108,0,0.0,9.094947017729282e-13,optimal
q4_3_variable_unclustered,2025-02-22,12,unclustered,72,0,0.0,9.094947017729282e-13,optimal
q4_3_variable_unclustered,2025-02-22,18,unclustered,36,0,0.0,4.547473508864641e-12,optimal
q4_3_variable_unclustered,2025-02-23,0,unclustered,144,0,0.0,9.094947017729282e-13,optimal
q4_3_variable_unclustered,2025-02-23,6,unclustered,108,0,0.0,1.8189894035458565e-12,optimal
q4_3_variable_unclustered,2025-02-23,12,unclustered,72,0,0.0,2.2737367544323206e-13,optimal
q4_3_variable_unclustered,2025-02-23,18,unclustered,36,0,0.0,1.1368683772161603e-13,optimal
q4_3_variable_unclustered,2025-02-24,0,unclustered,144,0,0.0,9.094947017729282e-13,optimal
q4_3_variable_unclustered,2025-02-24,6,unclustered,108,0,0.0,1.1368683772161603e-13,optimal
q4_3_variable_unclustered,2025-02-24,12,unclustered,72,0,0.0,2.2737367544323206e-13,optimal
q4_3_variable_unclustered,2025-02-24,18,unclustered,36,0,0.0,1.3642420526593924e-11,optimal
q4_3_variable_unclustered,2025-02-25,0,unclustered,144,0,0.0,9.094947017729282e-13,optimal
q4_3_variable_unclustered,2025-02-25,6,unclustered,108,0,0.0,4.547473508864641e-13,optimal
q4_3_variable_unclustered,2025-02-25,12,unclustered,72,0,0.0,4.547473508864641e-13,optimal
q4_3_variable_unclustered,2025-02-25,18,unclustered,36,0,0.0,2.5011104298755527e-12,optimal
q4_3_variable_unclustered,2025-02-26,0,unclustered,144,0,0.0,9.094947017729282e-13,optimal
q4_3_variable_unclustered,2025-02-26,6,unclustered,108,0,0.0,1.8189894035458565e-12,optimal
q4_3_variable_unclustered,2025-02-26,12,unclustered,72,0,0.0,1.1368683772161603e-13,optimal
q4_3_variable_unclustered,2025-02-26,18,unclustered,36,0,0.0,1.1596057447604835e-11,optimal
q4_3_variable_unclustered,2025-02-27,0,unclustered,144,0,0.0,1.8189894035458565e-12,optimal
q4_3_variable_unclustered,2025-02-27,6,unclustered,108,0,0.0,1.8189894035458565e-12,optimal
q4_3_variable_unclustered,2025-02-27,12,unclustered,72,0,0.0,1.8189894035458565e-12,optimal
q4_3_variable_unclustered,2025-02-27,18,unclustered,36,0,0.0,9.549694368615746e-12,optimal
q4_3_variable_unclustered,2025-02-28,0,unclustered,144,0,0.0,2.2737367544323206e-13,optimal
q4_3_variable_unclustered,2025-02-28,6,unclustered,108,0,0.0,1.8189894035458565e-12,optimal
q4_3_variable_unclustered,2025-02-28,12,unclustered,72,0,0.0,2.2737367544323206e-13,optimal
q4_3_variable_unclustered,2025-02-28,18,unclustered,36,0,0.0,4.547473508864641e-12,optimal
q4_3_variable_unclustered,2025-03-01,0,unclustered,144,0,0.0,1.8189894035458565e-12,optimal
q4_3_variable_unclustered,2025-03-01,6,unclustered,108,0,0.0,9.094947017729282e-13,optimal
q4_3_variable_unclustered,2025-03-01,12,unclustered,72,0,0.0,9.094947017729282e-13,optimal
q4_3_variable_unclustered,2025-03-01,18,unclustered,36,0,0.0,1.1823431123048067e-11,optimal
q4_3_variable_unclustered,2025-03-02,0,unclustered,144,0,0.0,1.1368683772161603e-13,optimal
q4_3_variable_unclustered,2025-03-02,6,unclustered,108,0,0.0,4.547473508864641e-13,optimal
q4_3_variable_unclustered,2025-03-02,12,unclustered,72,0,0.0,1.1368683772161603e-13,optimal
q4_3_variable_unclustered,2025-03-02,18,unclustered,36,0,0.0,5.002220859751105e-12,optimal
q4_3_variable_unclustered,2025-03-03,0,unclustered,144,0,0.0,2.2737367544323206e-13,optimal
q4_3_variable_unclustered,2025-03-03,6,unclustered,108,0,0.0,1.1368683772161603e-12,optimal
q4_3_variable_unclustered,2025-03-03,12,unclustered,72,0,0.0,2.2737367544323206e-13,optimal
q4_3_variable_unclustered,2025-03-03,18,unclustered,36,0,0.0,4.092726157978177e-12,optimal
q4_3_variable_unclustered,2025-03-04,0,unclustered,144,0,0.0,9.094947017729282e-13,optimal
q4_3_variable_unclustered,2025-03-04,6,unclustered,108,0,0.0,9.094947017729282e-13,optimal
q4_3_variable_unclustered,2025-03-04,12,unclustered,72,0,0.0,4.547473508864641e-13,optimal
q4_3_variable_unclustered,2025-03-04,18,unclustered,36,0,0.0,1.5688783605583012e-11,optimal
q4_3_variable_unclustered,2025-03-05,0,unclustered,144,0,0.0,1.8189894035458565e-12,optimal
q4_3_variable_unclustered,2025-03-05,6,unclustered,108,0,0.0,4.547473508864641e-13,optimal
q4_3_variable_unclustered,2025-03-05,12,unclustered,72,0,0.0,1.8189894035458565e-12,optimal
q4_3_variable_unclustered,2025-03-05,18,unclustered,36,0,0.0,7.73070496506989e-12,optimal
q4_3_variable_unclustered,2025-03-06,0,unclustered,144,0,0.0,2.2737367544323206e-13,optimal
q4_3_variable_unclustered,2025-03-06,6,unclustered,108,0,0.0,2.2737367544323206e-13,optimal
q4_3_variable_unclustered,2025-03-06,12,unclustered,72,0,0.0,2.2737367544323206e-13,optimal
q4_3_variable_unclustered,2025-03-06,18,unclustered,36,0,0.0,1.8189894035458565e-12,optimal
q4_3_variable_unclustered,2025-03-07,0,unclustered,144,0,0.0,9.094947017729282e-13,optimal
q4_3_variable_unclustered,2025-03-07,6,unclustered,108,0,0.0,9.094947017729282e-13,optimal
q4_3_variable_unclustered,2025-03-07,12,unclustered,72,0,0.0,1.1368683772161603e-13,optimal
q4_3_variable_unclustered,2025-03-07,18,unclustered,36,0,0.0,1.1368683772161603e-13,optimal
q4_3_variable_unclustered,2025-03-08,0,unclustered,144,0,0.0,9.094947017729282e-13,optimal
q4_3_variable_unclustered,2025-03-08,6,unclustered,108,0,0.0,9.094947017729282e-13,optimal
q4_3_variable_unclustered,2025-03-08,12,unclustered,72,0,0.0,1.8189894035458565e-12,optimal
q4_3_variable_unclustered,2025-03-08,18,unclustered,36,0,0.0,9.094947017729282e-13,optimal
q4_3_variable_unclustered,2025-03-09,0,unclustered,144,0,0.0,9.094947017729282e-13,optimal
q4_3_variable_unclustered,2025-03-09,6,unclustered,108,0,0.0,9.094947017729282e-13,optimal
q4_3_variable_unclustered,2025-03-09,12,unclustered,72,0,0.0,9.094947017729282e-13,optimal
q4_3_variable_unclustered,2025-03-09,18,unclustered,36,0,0.0,9.094947017729282e-13,optimal
q4_3_variable_unclustered,2025-03-10,0,unclustered,144,0,0.0,9.094947017729282e-13,optimal
q4_3_variable_unclustered,2025-03-10,6,unclustered,108,0,0.0,9.094947017729282e-13,optimal
q4_3_variable_unclustered,2025-03-10,12,unclustered,72,0,0.0,1.8189894035458565e-12,optimal
q4_3_variable_unclustered,2025-03-10,18,unclustered,36,0,0.0,2.5693225325085223e-11,optimal
q4_3_variable_unclustered,2025-03-11,0,unclustered,144,0,0.0,2.2737367544323206e-13,optimal
q4_3_variable_unclustered,2025-03-11,6,unclustered,108,0,0.0,2.2737367544323206e-13,optimal
q4_3_variable_unclustered,2025-03-11,12,unclustered,72,0,0.0,2.2737367544323206e-13,optimal
q4_3_variable_unclustered,2025-03-11,18,unclustered,36,0,0.0,8.412825991399586e-12,optimal
q4_3_variable_unclustered,2025-03-12,0,unclustered,144,0,0.0,4.547473508864641e-13,optimal
q4_3_variable_unclustered,2025-03-12,6,unclustered,108,0,0.0,4.547473508864641e-13,optimal
q4_3_variable_unclustered,2025-03-12,12,unclustered,72,0,0.0,4.547473508864641e-13,optimal
q4_3_variable_unclustered,2025-03-12,18,unclustered,36,0,0.0,8.185452315956354e-12,optimal
q4_3_variable_unclustered,2025-03-13,0,unclustered,144,0,0.0,9.094947017729282e-13,optimal
q4_3_variable_unclustered,2025-03-13,6,unclustered,108,0,0.0,4.547473508864641e-13,optimal
q4_3_variable_unclustered,2025-03-13,12,unclustered,72,0,0.0,4.547473508864641e-13,optimal
q4_3_variable_unclustered,2025-03-13,18,unclustered,36,0,0.0,1.8189894035458565e-12,optimal
q4_3_variable_unclustered,2025-03-14,0,unclustered,144,0,0.0,9.094947017729282e-13,optimal
q4_3_variable_unclustered,2025-03-14,6,unclustered,108,0,0.0,9.094947017729282e-13,optimal
q4_3_variable_unclustered,2025-03-14,12,unclustered,72,0,0.0,9.094947017729282e-13,optimal
q4_3_variable_unclustered,2025-03-14,18,unclustered,36,0,0.0,5.002220859751105e-12,optimal
q4_3_variable_unclustered,2025-03-15,0,unclustered,144,0,0.0,9.094947017729282e-13,optimal
q4_3_variable_unclustered,2025-03-15,6,unclustered,108,0,0.0,9.094947017729282e-13,optimal
q4_3_variable_unclustered,2025-03-15,12,unclustered,72,0,0.0,9.094947017729282e-13,optimal
q4_3_variable_unclustered,2025-03-15,18,unclustered,36,0,0.0,1.750777300912887e-11,optimal
q4_3_variable_unclustered,2025-03-16,0,unclustered,144,0,0.0,9.094947017729282e-13,optimal
q4_3_variable_unclustered,2025-03-16,6,unclustered,108,0,0.0,9.094947017729282e-13,optimal
q4_3_variable_unclustered,2025-03-16,12,unclustered,72,0,0.0,9.094947017729282e-13,optimal
q4_3_variable_unclustered,2025-03-16,18,unclustered,36,0,0.0,1.659827830735594e-11,optimal
q4_3_variable_unclustered,2025-03-17,0,unclustered,144,0,0.0,9.094947017729282e-13,optimal
q4_3_variable_unclustered,2025-03-17,6,unclustered,108,0,0.0,2.2737367544323206e-13,optimal
q4_3_variable_unclustered,2025-03-17,12,unclustered,72,0,0.0,9.094947017729282e-13,optimal
q4_3_variable_unclustered,2025-03-17,18,unclustered,36,0,0.0,3.183231456205249e-12,optimal
q4_3_variable_unclustered,2025-03-18,0,unclustered,144,0,0.0,4.547473508864641e-13,optimal
q4_3_variable_unclustered,2025-03-18,6,unclustered,108,0,0.0,4.547473508864641e-13,optimal
q4_3_variable_unclustered,2025-03-18,12,unclustered,72,0,0.0,4.547473508864641e-13,optimal
q4_3_variable_unclustered,2025-03-18,18,unclustered,36,0,0.0,8.412825991399586e-12,optimal
q4_3_variable_unclustered,2025-03-19,0,unclustered,144,0,0.0,9.094947017729282e-13,optimal
q4_3_variable_unclustered,2025-03-19,6,unclustered,108,0,0.0,9.094947017729282e-13,optimal
q4_3_variable_unclustered,2025-03-19,12,unclustered,72,0,0.0,1.8189894035458565e-12,optimal
q4_3_variable_unclustered,2025-03-19,18,unclustered,36,0,0.0,4.320099833421409e-12,optimal
q4_3_variable_unclustered,2025-03-20,0,unclustered,144,0,0.0,9.094947017729282e-13,optimal
q4_3_variable_unclustered,2025-03-20,6,unclustered,108,0,0.0,9.094947017729282e-13,optimal
q4_3_variable_unclustered,2025-03-20,12,unclustered,72,0,0.0,2.2737367544323206e-13,optimal
q4_3_variable_unclustered,2025-03-20,18,unclustered,36,0,0.0,1.6143530956469476e-11,optimal
q4_3_variable_unclustered,2025-03-21,0,unclustered,144,0,0.0,1.1368683772161603e-13,optimal
q4_3_variable_unclustered,2025-03-21,6,unclustered,108,0,0.0,1.1368683772161603e-13,optimal
q4_3_variable_unclustered,2025-03-21,12,unclustered,72,0,0.0,1.1368683772161603e-13,optimal
q4_3_variable_unclustered,2025-03-21,18,unclustered,36,0,0.0,1.1368683772161603e-13,optimal
q4_3_variable_unclustered,2025-03-22,0,unclustered,144,0,0.0,1.8189894035458565e-12,optimal
q4_3_variable_unclustered,2025-03-22,6,unclustered,108,0,0.0,9.094947017729282e-13,optimal
q4_3_variable_unclustered,2025-03-22,12,unclustered,72,0,0.0,1.1368683772161603e-13,optimal
q4_3_variable_unclustered,2025-03-22,18,unclustered,36,0,0.0,1.1368683772161603e-13,optimal
q4_3_variable_unclustered,2025-03-23,0,unclustered,144,0,0.0,1.8189894035458565e-12,optimal
q4_3_variable_unclustered,2025-03-23,6,unclustered,108,0,0.0,9.094947017729282e-13,optimal
q4_3_variable_unclustered,2025-03-23,12,unclustered,72,0,0.0,9.094947017729282e-13,optimal
q4_3_variable_unclustered,2025-03-23,18,unclustered,36,0,0.0,4.547473508864641e-13,optimal
q4_3_variable_unclustered,2025-03-24,0,unclustered,144,0,0.0,9.094947017729282e-13,optimal
q4_3_variable_unclustered,2025-03-24,6,unclustered,108,0,0.0,9.094947017729282e-13,optimal
q4_3_variable_unclustered,2025-03-24,12,unclustered,72,0,0.0,4.547473508864641e-13,optimal
q4_3_variable_unclustered,2025-03-24,18,unclustered,36,0,0.0,1.1141310096718371e-11,optimal
q4_3_variable_unclustered,2025-03-25,0,unclustered,144,0,0.0,9.094947017729282e-13,optimal
q4_3_variable_unclustered,2025-03-25,6,unclustered,108,0,0.0,9.094947017729282e-13,optimal
q4_3_variable_unclustered,2025-03-25,12,unclustered,72,0,0.0,4.547473508864641e-13,optimal
q4_3_variable_unclustered,2025-03-25,18,unclustered,36,0,0.0,2.0463630789890885e-12,optimal
q4_3_variable_unclustered,2025-03-26,0,unclustered,144,0,0.0,4.547473508864641e-13,optimal
q4_3_variable_unclustered,2025-03-26,6,unclustered,108,0,0.0,4.547473508864641e-13,optimal
q4_3_variable_unclustered,2025-03-26,12,unclustered,72,0,0.0,2.2737367544323206e-13,optimal
q4_3_variable_unclustered,2025-03-26,18,unclustered,36,0,0.0,4.547473508864641e-13,optimal
q4_3_variable_unclustered,2025-03-27,0,unclustered,144,0,0.0,2.2737367544323206e-13,optimal
q4_3_variable_unclustered,2025-03-27,6,unclustered,108,0,0.0,9.094947017729282e-13,optimal
q4_3_variable_unclustered,2025-03-27,12,unclustered,72,0,0.0,2.2737367544323206e-13,optimal
q4_3_variable_unclustered,2025-03-27,18,unclustered,36,0,0.0,2.2737367544323206e-13,optimal
q4_3_variable_unclustered,2025-03-28,0,unclustered,144,0,0.0,9.094947017729282e-13,optimal
q4_3_variable_unclustered,2025-03-28,6,unclustered,108,0,0.0,9.094947017729282e-13,optimal
q4_3_variable_unclustered,2025-03-28,12,unclustered,72,0,0.0,1.1368683772161603e-13,optimal
q4_3_variable_unclustered,2025-03-28,18,unclustered,36,0,0.0,2.2737367544323206e-13,optimal
q4_3_variable_unclustered,2025-03-29,0,unclustered,144,0,0.0,9.094947017729282e-13,optimal
q4_3_variable_unclustered,2025-03-29,6,unclustered,108,0,0.0,1.1368683772161603e-13,optimal
q4_3_variable_unclustered,2025-03-29,12,unclustered,72,0,0.0,1.6825651982799172e-11,optimal
q4_3_variable_unclustered,2025-03-29,18,unclustered,36,0,0.0,2.2737367544323206e-13,optimal
q4_3_variable_unclustered,2025-03-30,0,unclustered,144,0,0.0,9.094947017729282e-13,optimal
q4_3_variable_unclustered,2025-03-30,6,unclustered,108,0,0.0,9.094947017729282e-13,optimal
q4_3_variable_unclustered,2025-03-30,12,unclustered,72,0,0.0,9.094947017729282e-13,optimal
q4_3_variable_unclustered,2025-03-30,18,unclustered,36,0,0.0,6.821210263296962e-12,optimal
q4_3_variable_unclustered,2025-03-31,0,unclustered,144,0,0.0,9.094947017729282e-13,optimal
q4_3_variable_unclustered,2025-03-31,6,unclustered,108,0,0.0,2.2737367544323206e-13,optimal
q4_3_variable_unclustered,2025-03-31,12,unclustered,72,0,0.0,2.2737367544323206e-13,optimal
q4_3_variable_unclustered,2025-03-31,18,unclustered,36,0,0.0,9.094947017729282e-13,optimal
q4_3_variable_unclustered,2025-04-01,0,unclustered,144,0,0.0,1.1368683772161603e-13,optimal
q4_3_variable_unclustered,2025-04-01,6,unclustered,108,0,0.0,4.547473508864641e-13,optimal
q4_3_variable_unclustered,2025-04-01,12,unclustered,72,0,0.0,1.1368683772161603e-13,optimal
q4_3_variable_unclustered,2025-04-01,18,unclustered,36,0,0.0,4.547473508864641e-13,optimal
q4_3_variable_unclustered,2025-04-02,0,unclustered,144,0,0.0,1.1368683772161603e-13,optimal
q4_3_variable_unclustered,2025-04-02,6,unclustered,108,0,0.0,1.1368683772161603e-13,optimal
q4_3_variable_unclustered,2025-04-02,12,unclustered,72,0,0.0,1.1368683772161603e-13,optimal
q4_3_variable_unclustered,2025-04-02,18,unclustered,36,0,0.0,1.0231815394945443e-11,optimal
q4_3_variable_unclustered,2025-04-03,0,unclustered,144,0,0.0,2.2737367544323206e-13,optimal
q4_3_variable_unclustered,2025-04-03,6,unclustered,108,0,0.0,2.2737367544323206e-13,optimal
q4_3_variable_unclustered,2025-04-03,12,unclustered,72,0,0.0,4.547473508864641e-13,optimal
q4_3_variable_unclustered,2025-04-03,18,unclustered,36,0,0.0,1.1368683772161603e-13,optimal
q4_3_variable_unclustered,2025-04-04,0,unclustered,144,0,0.0,1.8189894035458565e-12,optimal
q4_3_variable_unclustered,2025-04-04,6,unclustered,108,0,0.0,4.547473508864641e-13,optimal
q4_3_variable_unclustered,2025-04-04,12,unclustered,72,0,0.0,9.094947017729282e-13,optimal
q4_3_variable_unclustered,2025-04-04,18,unclustered,36,0,0.0,2.2737367544323206e-13,optimal
q4_3_variable_unclustered,2025-04-05,0,unclustered,144,0,0.0,1.8189894035458565e-12,optimal
q4_3_variable_unclustered,2025-04-05,6,unclustered,108,0,0.0,1.8189894035458565e-12,optimal
q4_3_variable_unclustered,2025-04-05,12,unclustered,72,0,0.0,2.2737367544323206e-13,optimal
q4_3_variable_unclustered,2025-04-05,18,unclustered,36,0,0.0,7.73070496506989e-12,optimal
q4_3_variable_unclustered,2025-04-06,0,unclustered,144,0,0.0,9.094947017729282e-13,optimal
q4_3_variable_unclustered,2025-04-06,6,unclustered,108,0,0.0,9.094947017729282e-13,optimal
q4_3_variable_unclustered,2025-04-06,12,unclustered,72,0,0.0,9.094947017729282e-13,optimal
q4_3_variable_unclustered,2025-04-06,18,unclustered,36,0,0.0,1.0231815394945443e-11,optimal
q4_3_variable_unclustered,2025-04-07,0,unclustered,144,0,0.0,9.094947017729282e-13,optimal
q4_3_variable_unclustered,2025-04-07,6,unclustered,108,0,0.0,4.547473508864641e-13,optimal
q4_3_variable_unclustered,2025-04-07,12,unclustered,72,0,0.0,4.547473508864641e-13,optimal
q4_3_variable_unclustered,2025-04-07,18,unclustered,36,0,0.0,1.1368683772161603e-13,optimal
q4_3_variable_unclustered,2025-04-08,0,unclustered,144,0,0.0,4.547473508864641e-13,optimal
q4_3_variable_unclustered,2025-04-08,6,unclustered,108,0,0.0,4.547473508864641e-13,optimal
q4_3_variable_unclustered,2025-04-08,12,unclustered,72,0,0.0,7.958078640513122e-12,optimal
q4_3_variable_unclustered,2025-04-08,18,unclustered,36,0,0.0,1.1368683772161603e-12,optimal
q4_3_variable_unclustered,2025-04-09,0,unclustered,144,0,0.0,4.547473508864641e-13,optimal
q4_3_variable_unclustered,2025-04-09,6,unclustered,108,0,0.0,2.2737367544323206e-13,optimal
q4_3_variable_unclustered,2025-04-09,12,unclustered,72,0,0.0,2.2737367544323206e-13,optimal
q4_3_variable_unclustered,2025-04-09,18,unclustered,36,0,0.0,3.183231456205249e-12,optimal
q4_3_variable_unclustered,2025-04-10,0,unclustered,144,0,0.0,9.094947017729282e-13,optimal
q4_3_variable_unclustered,2025-04-10,6,unclustered,108,0,0.0,9.094947017729282e-13,optimal
q4_3_variable_unclustered,2025-04-10,12,unclustered,72,0,0.0,9.094947017729282e-13,optimal
q4_3_variable_unclustered,2025-04-10,18,unclustered,36,0,0.0,9.094947017729282e-13,optimal
q4_3_variable_unclustered,2025-04-11,0,unclustered,144,0,0.0,9.094947017729282e-13,optimal
q4_3_variable_unclustered,2025-04-11,6,unclustered,108,0,0.0,9.094947017729282e-13,optimal
q4_3_variable_unclustered,2025-04-11,12,unclustered,72,0,0.0,9.094947017729282e-13,optimal
q4_3_variable_unclustered,2025-04-11,18,unclustered,36,0,0.0,1.1596057447604835e-11,optimal
q4_3_variable_unclustered,2025-04-12,0,unclustered,144,0,0.0,9.094947017729282e-13,optimal
q4_3_variable_unclustered,2025-04-12,6,unclustered,108,0,0.0,9.094947017729282e-13,optimal
q4_3_variable_unclustered,2025-04-12,12,unclustered,72,0,0.0,2.2737367544323206e-13,optimal
q4_3_variable_unclustered,2025-04-12,18,unclustered,36,0,0.0,4.547473508864641e-13,optimal
q4_3_variable_unclustered,2025-04-13,0,unclustered,144,0,0.0,2.2737367544323206e-13,optimal
q4_3_variable_unclustered,2025-04-13,6,unclustered,108,0,0.0,9.094947017729282e-13,optimal
q4_3_variable_unclustered,2025-04-13,12,unclustered,72,0,0.0,1.1368683772161603e-13,optimal
q4_3_variable_unclustered,2025-04-13,18,unclustered,36,0,0.0,1.8189894035458565e-12,optimal
q4_3_variable_unclustered,2025-04-14,0,unclustered,144,0,0.0,4.547473508864641e-13,optimal
q4_3_variable_unclustered,2025-04-14,6,unclustered,108,0,0.0,9.094947017729282e-13,optimal
q4_3_variable_unclustered,2025-04-14,12,unclustered,72,0,0.0,1.8189894035458565e-12,optimal
q4_3_variable_unclustered,2025-04-14,18,unclustered,36,0,0.0,2.2737367544323206e-13,optimal
q4_3_variable_unclustered,2025-04-15,0,unclustered,144,0,0.0,9.094947017729282e-13,optimal
q4_3_variable_unclustered,2025-04-15,6,unclustered,108,0,0.0,9.094947017729282e-13,optimal
q4_3_variable_unclustered,2025-04-15,12,unclustered,72,0,0.0,9.094947017729282e-13,optimal
q4_3_variable_unclustered,2025-04-15,18,unclustered,36,0,0.0,1.0686562745831907e-11,optimal
q4_3_variable_unclustered,2025-04-16,0,unclustered,144,0,0.0,1.8189894035458565e-12,optimal
q4_3_variable_unclustered,2025-04-16,6,unclustered,108,0,0.0,4.547473508864641e-13,optimal
q4_3_variable_unclustered,2025-04-16,12,unclustered,72,0,0.0,1.8189894035458565e-12,optimal
q4_3_variable_unclustered,2025-04-16,18,unclustered,36,0,0.0,1.4551915228366852e-11,optimal
q4_3_variable_unclustered,2025-04-17,0,unclustered,144,0,0.0,9.094947017729282e-13,optimal
q4_3_variable_unclustered,2025-04-17,6,unclustered,108,0,0.0,1.8189894035458565e-12,optimal
q4_3_variable_unclustered,2025-04-17,12,unclustered,72,0,0.0,4.547473508864641e-13,optimal
q4_3_variable_unclustered,2025-04-17,18,unclustered,36,0,0.0,4.547473508864641e-13,optimal
q4_3_variable_unclustered,2025-04-18,0,unclustered,144,0,0.0,4.547473508864641e-13,optimal
q4_3_variable_unclustered,2025-04-18,6,unclustered,108,0,0.0,9.094947017729282e-13,optimal
q4_3_variable_unclustered,2025-04-18,12,unclustered,72,0,0.0,4.547473508864641e-13,optimal
q4_3_variable_unclustered,2025-04-18,18,unclustered,36,0,0.0,1.1368683772161603e-13,optimal
q4_3_variable_unclustered,2025-04-19,0,unclustered,144,0,0.0,4.547473508864641e-13,optimal
q4_3_variable_unclustered,2025-04-19,6,unclustered,108,0,0.0,4.547473508864641e-13,optimal
q4_3_variable_unclustered,2025-04-19,12,unclustered,72,0,0.0,4.547473508864641e-13,optimal
q4_3_variable_unclustered,2025-04-19,18,unclustered,36,0,0.0,5.002220859751105e-12,optimal
q4_3_variable_unclustered,2025-04-20,0,unclustered,144,0,0.0,9.094947017729282e-13,optimal
q4_3_variable_unclustered,2025-04-20,6,unclustered,108,0,0.0,1.8189894035458565e-12,optimal
q4_3_variable_unclustered,2025-04-20,12,unclustered,72,0,0.0,1.8189894035458565e-11,optimal
q4_3_variable_unclustered,2025-04-20,18,unclustered,36,0,0.0,1.000444171950221e-11,optimal
q4_3_variable_unclustered,2025-04-21,0,unclustered,144,0,0.0,9.094947017729282e-13,optimal
q4_3_variable_unclustered,2025-04-21,6,unclustered,108,0,0.0,3.637978807091713e-12,optimal
q4_3_variable_unclustered,2025-04-21,12,unclustered,72,0,0.0,1.3642420526593924e-12,optimal
q4_3_variable_unclustered,2025-04-21,18,unclustered,36,0,0.0,4.547473508864641e-13,optimal
q4_3_variable_unclustered,2025-04-22,0,unclustered,144,0,0.0,9.094947017729282e-13,optimal
q4_3_variable_unclustered,2025-04-22,6,unclustered,108,0,0.0,9.094947017729282e-13,optimal
q4_3_variable_unclustered,2025-04-22,12,unclustered,72,0,0.0,9.094947017729282e-13,optimal
q4_3_variable_unclustered,2025-04-22,18,unclustered,36,0,0.0,1.2050804798491299e-11,optimal
q4_3_variable_unclustered,2025-04-23,0,unclustered,144,0,0.0,4.547473508864641e-13,optimal
q4_3_variable_unclustered,2025-04-23,6,unclustered,108,0,0.0,1.8189894035458565e-12,optimal
q4_3_variable_unclustered,2025-04-23,12,unclustered,72,0,0.0,3.410605131648481e-12,optimal
q4_3_variable_unclustered,2025-04-23,18,unclustered,36,0,0.0,4.547473508864641e-13,optimal
q4_3_variable_unclustered,2025-04-24,0,unclustered,144,0,0.0,1.8189894035458565e-12,optimal
q4_3_variable_unclustered,2025-04-24,6,unclustered,108,0,0.0,9.094947017729282e-13,optimal
q4_3_variable_unclustered,2025-04-24,12,unclustered,72,0,0.0,1.0459189070388675e-11,optimal
q4_3_variable_unclustered,2025-04-24,18,unclustered,36,0,0.0,1.8189894035458565e-12,optimal
q4_3_variable_unclustered,2025-04-25,0,unclustered,144,0,0.0,1.1368683772161603e-13,optimal
q4_3_variable_unclustered,2025-04-25,6,unclustered,108,0,0.0,9.094947017729282e-13,optimal
q4_3_variable_unclustered,2025-04-25,12,unclustered,72,0,0.0,2.2737367544323206e-13,optimal
q4_3_variable_unclustered,2025-04-25,18,unclustered,36,0,0.0,1.1368683772161603e-13,optimal
q4_3_variable_unclustered,2025-04-26,0,unclustered,144,0,0.0,1.8189894035458565e-12,optimal
q4_3_variable_unclustered,2025-04-26,6,unclustered,108,0,0.0,1.8189894035458565e-12,optimal
q4_3_variable_unclustered,2025-04-26,12,unclustered,72,0,0.0,2.2737367544323206e-13,optimal
q4_3_variable_unclustered,2025-04-26,18,unclustered,36,0,0.0,1.8189894035458565e-12,optimal
q4_3_variable_unclustered,2025-04-27,0,unclustered,144,0,0.0,1.1368683772161603e-13,optimal
q4_3_variable_unclustered,2025-04-27,6,unclustered,108,0,0.0,2.2737367544323206e-13,optimal
q4_3_variable_unclustered,2025-04-27,12,unclustered,72,0,0.0,9.094947017729282e-12,optimal
q4_3_variable_unclustered,2025-04-27,18,unclustered,36,0,0.0,2.2737367544323206e-12,optimal
q4_3_variable_unclustered,2025-04-28,0,unclustered,144,0,0.0,9.094947017729282e-13,optimal
q4_3_variable_unclustered,2025-04-28,6,unclustered,108,0,0.0,9.094947017729282e-13,optimal
q4_3_variable_unclustered,2025-04-28,12,unclustered,72,0,0.0,9.094947017729282e-13,optimal
q4_3_variable_unclustered,2025-04-28,18,unclustered,36,0,0.0,8.640199666842818e-12,optimal
q4_3_variable_unclustered,2025-04-29,0,unclustered,144,0,0.0,9.094947017729282e-13,optimal
q4_3_variable_unclustered,2025-04-29,6,unclustered,108,0,0.0,1.1368683772161603e-13,optimal
q4_3_variable_unclustered,2025-04-29,12,unclustered,72,0,0.0,1.1368683772161603e-13,optimal
q4_3_variable_unclustered,2025-04-29,18,unclustered,36,0,0.0,1.6143530956469476e-11,optimal
q4_3_variable_unclustered,2025-04-30,0,unclustered,144,0,0.0,4.547473508864641e-13,optimal
q4_3_variable_unclustered,2025-04-30,6,unclustered,108,0,0.0,4.547473508864641e-13,optimal
q4_3_variable_unclustered,2025-04-30,12,unclustered,72,0,0.0,4.547473508864641e-13,optimal
q4_3_variable_unclustered,2025-04-30,18,unclustered,36,0,0.0,4.547473508864641e-13,optimal
q4_3_variable_unclustered,2025-05-01,0,unclustered,144,0,0.0,9.094947017729282e-13,optimal
q4_3_variable_unclustered,2025-05-01,6,unclustered,108,0,0.0,9.094947017729282e-13,optimal
q4_3_variable_unclustered,2025-05-01,12,unclustered,72,0,0.0,9.094947017729282e-13,optimal
q4_3_variable_unclustered,2025-05-01,18,unclustered,36,0,0.0,9.094947017729282e-13,optimal
q4_3_variable_unclustered,2025-05-02,0,unclustered,144,0,0.0,9.094947017729282e-13,optimal
q4_3_variable_unclustered,2025-05-02,6,unclustered,108,0,0.0,9.094947017729282e-13,optimal
q4_3_variable_unclustered,2025-05-02,12,unclustered,72,0,0.0,1.1368683772161603e-13,optimal
q4_3_variable_unclustered,2025-05-02,18,unclustered,36,0,0.0,9.094947017729282e-13,optimal
q4_3_variable_unclustered,2025-05-03,0,unclustered,144,0,0.0,9.094947017729282e-13,optimal
q4_3_variable_unclustered,2025-05-03,6,unclustered,108,0,0.0,9.094947017729282e-13,optimal
q4_3_variable_unclustered,2025-05-03,12,unclustered,72,0,0.0,1.3642420526593924e-12,optimal
q4_3_variable_unclustered,2025-05-03,18,unclustered,36,0,0.0,2.2737367544323206e-13,optimal
q4_3_variable_unclustered,2025-05-04,0,unclustered,144,0,0.0,2.2737367544323206e-13,optimal
q4_3_variable_unclustered,2025-05-04,6,unclustered,108,0,0.0,9.094947017729282e-13,optimal
q4_3_variable_unclustered,2025-05-04,12,unclustered,72,0,0.0,4.547473508864641e-13,optimal
q4_3_variable_unclustered,2025-05-04,18,unclustered,36,0,0.0,2.2737367544323206e-13,optimal
q4_3_variable_unclustered,2025-05-05,0,unclustered,144,0,0.0,1.8189894035458565e-12,optimal
q4_3_variable_unclustered,2025-05-05,6,unclustered,108,0,0.0,9.094947017729282e-13,optimal
q4_3_variable_unclustered,2025-05-05,12,unclustered,72,0,0.0,9.094947017729282e-13,optimal
q4_3_variable_unclustered,2025-05-05,18,unclustered,36,0,0.0,9.094947017729282e-13,optimal
q4_3_variable_unclustered,2025-05-06,0,unclustered,144,0,0.0,9.094947017729282e-13,optimal
q4_3_variable_unclustered,2025-05-06,6,unclustered,108,0,0.0,1.8189894035458565e-12,optimal
q4_3_variable_unclustered,2025-05-06,12,unclustered,72,0,0.0,9.094947017729282e-13,optimal
q4_3_variable_unclustered,2025-05-06,18,unclustered,36,0,0.0,9.094947017729282e-13,optimal
q4_3_variable_unclustered,2025-05-07,0,unclustered,144,0,0.0,1.8189894035458565e-12,optimal
q4_3_variable_unclustered,2025-05-07,6,unclustered,108,0,0.0,1.8189894035458565e-12,optimal
q4_3_variable_unclustered,2025-05-07,12,unclustered,72,0,0.0,9.094947017729282e-13,optimal
q4_3_variable_unclustered,2025-05-07,18,unclustered,36,0,0.0,9.094947017729282e-13,optimal
q4_3_variable_unclustered,2025-05-08,0,unclustered,144,0,0.0,4.547473508864641e-13,optimal
q4_3_variable_unclustered,2025-05-08,6,unclustered,108,0,0.0,4.547473508864641e-13,optimal
q4_3_variable_unclustered,2025-05-08,12,unclustered,72,0,0.0,4.547473508864641e-13,optimal
q4_3_variable_unclustered,2025-05-08,18,unclustered,36,0,0.0,5.9117155615240335e-12,optimal
q4_3_variable_unclustered,2025-05-09,0,unclustered,144,0,0.0,9.094947017729282e-13,optimal
q4_3_variable_unclustered,2025-05-09,6,unclustered,108,0,0.0,9.094947017729282e-13,optimal
q4_3_variable_unclustered,2025-05-09,12,unclustered,72,0,0.0,1.5916157281026244e-12,optimal
q4_3_variable_unclustered,2025-05-09,18,unclustered,36,0,0.0,2.7284841053187847e-12,optimal
q4_3_variable_unclustered,2025-05-10,0,unclustered,144,0,0.0,9.094947017729282e-13,optimal
q4_3_variable_unclustered,2025-05-10,6,unclustered,108,0,0.0,1.8189894035458565e-12,optimal
q4_3_variable_unclustered,2025-05-10,12,unclustered,72,0,0.0,9.094947017729282e-13,optimal
q4_3_variable_unclustered,2025-05-10,18,unclustered,36,0,0.0,4.547473508864641e-13,optimal
q4_3_variable_unclustered,2025-05-11,0,unclustered,144,0,0.0,4.547473508864641e-13,optimal
q4_3_variable_unclustered,2025-05-11,6,unclustered,108,0,0.0,4.547473508864641e-13,optimal
q4_3_variable_unclustered,2025-05-11,12,unclustered,72,0,0.0,1.8189894035458565e-12,optimal
q4_3_variable_unclustered,2025-05-11,18,unclustered,36,0,0.0,3.865352482534945e-12,optimal
q4_3_variable_unclustered,2025-05-12,0,unclustered,144,0,0.0,9.094947017729282e-13,optimal
q4_3_variable_unclustered,2025-05-12,6,unclustered,108,0,0.0,9.094947017729282e-13,optimal
q4_3_variable_unclustered,2025-05-12,12,unclustered,72,0,0.0,3.637978807091713e-12,optimal
q4_3_variable_unclustered,2025-05-12,18,unclustered,36,0,0.0,5.4569682106375694e-12,optimal
q4_3_variable_unclustered,2025-05-13,0,unclustered,144,0,0.0,1.8189894035458565e-12,optimal
q4_3_variable_unclustered,2025-05-13,6,unclustered,108,0,0.0,1.8189894035458565e-12,optimal
q4_3_variable_unclustered,2025-05-13,12,unclustered,72,0,0.0,2.2737367544323206e-13,optimal
q4_3_variable_unclustered,2025-05-13,18,unclustered,36,0,0.0,3.183231456205249e-12,optimal
q4_3_variable_unclustered,2025-05-14,0,unclustered,144,0,0.0,1.8189894035458565e-12,optimal
q4_3_variable_unclustered,2025-05-14,6,unclustered,108,0,0.0,9.094947017729282e-13,optimal
q4_3_variable_unclustered,2025-05-14,12,unclustered,72,0,0.0,1.1368683772161603e-13,optimal
q4_3_variable_unclustered,2025-05-14,18,unclustered,36,0,0.0,9.094947017729282e-13,optimal
q4_3_variable_unclustered,2025-05-15,0,unclustered,144,0,0.0,1.8189894035458565e-12,optimal
q4_3_variable_unclustered,2025-05-15,6,unclustered,108,0,0.0,1.8189894035458565e-12,optimal
q4_3_variable_unclustered,2025-05-15,12,unclustered,72,0,0.0,4.547473508864641e-13,optimal
q4_3_variable_unclustered,2025-05-15,18,unclustered,36,0,0.0,4.547473508864641e-13,optimal
q4_3_variable_unclustered,2025-05-16,0,unclustered,144,0,0.0,9.094947017729282e-13,optimal
q4_3_variable_unclustered,2025-05-16,6,unclustered,108,0,0.0,1.8189894035458565e-12,optimal
q4_3_variable_unclustered,2025-05-16,12,unclustered,72,0,0.0,2.2737367544323206e-12,optimal
q4_3_variable_unclustered,2025-05-16,18,unclustered,36,0,0.0,1.8189894035458565e-12,optimal
q4_3_variable_unclustered,2025-05-17,0,unclustered,144,0,0.0,2.2737367544323206e-13,optimal
q4_3_variable_unclustered,2025-05-17,6,unclustered,108,0,0.0,1.8189894035458565e-12,optimal
q4_3_variable_unclustered,2025-05-17,12,unclustered,72,0,0.0,2.2737367544323206e-13,optimal
q4_3_variable_unclustered,2025-05-17,18,unclustered,36,0,0.0,3.183231456205249e-12,optimal
q4_3_variable_unclustered,2025-05-18,0,unclustered,144,0,0.0,2.2737367544323206e-13,optimal
q4_3_variable_unclustered,2025-05-18,6,unclustered,108,0,0.0,2.2737367544323206e-13,optimal
q4_3_variable_unclustered,2025-05-18,12,unclustered,72,0,0.0,7.503331289626658e-12,optimal
q4_3_variable_unclustered,2025-05-18,18,unclustered,36,0,0.0,2.2737367544323206e-13,optimal
q4_3_variable_unclustered,2025-05-19,0,unclustered,144,0,0.0,1.8189894035458565e-12,optimal
q4_3_variable_unclustered,2025-05-19,6,unclustered,108,0,0.0,9.094947017729282e-13,optimal
q4_3_variable_unclustered,2025-05-19,12,unclustered,72,0,0.0,2.2737367544323206e-13,optimal
q4_3_variable_unclustered,2025-05-19,18,unclustered,36,0,0.0,9.094947017729282e-13,optimal
q4_3_variable_unclustered,2025-05-20,0,unclustered,144,0,0.0,1.1368683772161603e-13,optimal
q4_3_variable_unclustered,2025-05-20,6,unclustered,108,0,0.0,1.1368683772161603e-13,optimal
q4_3_variable_unclustered,2025-05-20,12,unclustered,72,0,0.0,1.1368683772161603e-13,optimal
q4_3_variable_unclustered,2025-05-20,18,unclustered,36,0,0.0,1.3642420526593924e-12,optimal
q4_3_variable_unclustered,2025-05-21,0,unclustered,144,0,0.0,2.2737367544323206e-13,optimal
q4_3_variable_unclustered,2025-05-21,6,unclustered,108,0,0.0,2.2737367544323206e-13,optimal
q4_3_variable_unclustered,2025-05-21,12,unclustered,72,0,0.0,2.2737367544323206e-13,optimal
q4_3_variable_unclustered,2025-05-21,18,unclustered,36,0,0.0,6.139089236967266e-12,optimal
q4_3_variable_unclustered,2025-05-22,0,unclustered,144,0,0.0,1.8189894035458565e-12,optimal
q4_3_variable_unclustered,2025-05-22,6,unclustered,108,0,0.0,9.094947017729282e-13,optimal
q4_3_variable_unclustered,2025-05-22,12,unclustered,72,0,0.0,9.094947017729282e-13,optimal
q4_3_variable_unclustered,2025-05-22,18,unclustered,36,0,0.0,2.2737367544323206e-13,optimal
q4_3_variable_unclustered,2025-05-23,0,unclustered,144,0,0.0,1.1368683772161603e-13,optimal
q4_3_variable_unclustered,2025-05-23,6,unclustered,108,0,0.0,9.094947017729282e-13,optimal
q4_3_variable_unclustered,2025-05-23,12,unclustered,72,0,0.0,1.1368683772161603e-13,optimal
q4_3_variable_unclustered,2025-05-23,18,unclustered,36,0,0.0,6.139089236967266e-12,optimal
q4_3_variable_unclustered,2025-05-24,0,unclustered,144,0,0.0,9.094947017729282e-13,optimal
q4_3_variable_unclustered,2025-05-24,6,unclustered,108,0,0.0,4.547473508864641e-13,optimal
q4_3_variable_unclustered,2025-05-24,12,unclustered,72,0,0.0,2.2737367544323206e-13,optimal
q4_3_variable_unclustered,2025-05-24,18,unclustered,36,0,0.0,1.8189894035458565e-12,optimal
q4_3_variable_unclustered,2025-05-25,0,unclustered,144,0,0.0,9.094947017729282e-13,optimal
q4_3_variable_unclustered,2025-05-25,6,unclustered,108,0,0.0,2.2737367544323206e-13,optimal
q4_3_variable_unclustered,2025-05-25,12,unclustered,72,0,0.0,2.2737367544323206e-13,optimal
q4_3_variable_unclustered,2025-05-25,18,unclustered,36,0,0.0,1.8189894035458565e-12,optimal
q4_3_variable_unclustered,2025-05-26,0,unclustered,144,0,0.0,1.8189894035458565e-12,optimal
q4_3_variable_unclustered,2025-05-26,6,unclustered,108,0,0.0,4.547473508864641e-13,optimal
q4_3_variable_unclustered,2025-05-26,12,unclustered,72,0,0.0,4.547473508864641e-13,optimal
q4_3_variable_unclustered,2025-05-26,18,unclustered,36,0,0.0,7.503331289626658e-12,optimal
q4_3_variable_unclustered,2025-05-27,0,unclustered,144,0,0.0,9.094947017729282e-13,optimal
q4_3_variable_unclustered,2025-05-27,6,unclustered,108,0,0.0,9.094947017729282e-13,optimal
q4_3_variable_unclustered,2025-05-27,12,unclustered,72,0,0.0,1.8189894035458565e-12,optimal
q4_3_variable_unclustered,2025-05-27,18,unclustered,36,0,0.0,1.8189894035458565e-12,optimal
q4_3_variable_unclustered,2025-05-28,0,unclustered,144,0,0.0,2.2737367544323206e-13,optimal
q4_3_variable_unclustered,2025-05-28,6,unclustered,108,0,0.0,2.2737367544323206e-13,optimal
q4_3_variable_unclustered,2025-05-28,12,unclustered,72,0,0.0,9.094947017729282e-13,optimal
q4_3_variable_unclustered,2025-05-28,18,unclustered,36,0,0.0,5.4569682106375694e-12,optimal
q4_3_variable_unclustered,2025-05-29,0,unclustered,144,0,0.0,1.1368683772161603e-13,optimal
q4_3_variable_unclustered,2025-05-29,6,unclustered,108,0,0.0,9.094947017729282e-13,optimal
q4_3_variable_unclustered,2025-05-29,12,unclustered,72,0,0.0,1.8189894035458565e-12,optimal
q4_3_variable_unclustered,2025-05-29,18,unclustered,36,0,0.0,4.547473508864641e-13,optimal
q4_3_variable_unclustered,2025-05-30,0,unclustered,144,0,0.0,9.094947017729282e-13,optimal
q4_3_variable_unclustered,2025-05-30,6,unclustered,108,0,0.0,9.094947017729282e-13,optimal
q4_3_variable_unclustered,2025-05-30,12,unclustered,72,0,0.0,1.2278178473934531e-11,optimal
q4_3_variable_unclustered,2025-05-30,18,unclustered,36,0,0.0,1.1368683772161603e-12,optimal
q4_3_variable_unclustered,2025-05-31,0,unclustered,144,0,0.0,4.547473508864641e-13,optimal
q4_3_variable_unclustered,2025-05-31,6,unclustered,108,0,0.0,4.547473508864641e-13,optimal
q4_3_variable_unclustered,2025-05-31,12,unclustered,72,0,0.0,1.1368683772161603e-13,optimal
q4_3_variable_unclustered,2025-05-31,18,unclustered,36,0,0.0,1.1368683772161603e-13,optimal
q4_3_variable_unclustered,2025-06-01,0,unclustered,144,0,0.0,4.547473508864641e-13,optimal
q4_3_variable_unclustered,2025-06-01,6,unclustered,108,0,0.0,4.547473508864641e-13,optimal
q4_3_variable_unclustered,2025-06-01,12,unclustered,72,0,0.0,4.547473508864641e-13,optimal
q4_3_variable_unclustered,2025-06-01,18,unclustered,36,0,0.0,4.547473508864641e-13,optimal
q4_3_variable_unclustered,2025-06-02,0,unclustered,144,0,0.0,1.8189894035458565e-12,optimal
q4_3_variable_unclustered,2025-06-02,6,unclustered,108,0,0.0,9.094947017729282e-13,optimal
q4_3_variable_unclustered,2025-06-02,12,unclustered,72,0,0.0,9.094947017729282e-13,optimal
q4_3_variable_unclustered,2025-06-02,18,unclustered,36,0,0.0,4.547473508864641e-13,optimal
q4_3_variable_unclustered,2025-06-03,0,unclustered,144,0,0.0,9.094947017729282e-13,optimal
q4_3_variable_unclustered,2025-06-03,6,unclustered,108,0,0.0,4.547473508864641e-13,optimal
q4_3_variable_unclustered,2025-06-03,12,unclustered,72,0,0.0,2.2737367544323206e-13,optimal
q4_3_variable_unclustered,2025-06-03,18,unclustered,36,0,0.0,6.59383658785373e-12,optimal
q4_3_variable_unclustered,2025-06-04,0,unclustered,144,0,0.0,4.547473508864641e-13,optimal
q4_3_variable_unclustered,2025-06-04,6,unclustered,108,0,0.0,2.2737367544323206e-13,optimal
q4_3_variable_unclustered,2025-06-04,12,unclustered,72,0,0.0,1.1368683772161603e-13,optimal
q4_3_variable_unclustered,2025-06-04,18,unclustered,36,0,0.0,1.8189894035458565e-12,optimal
q4_3_variable_unclustered,2025-06-05,0,unclustered,144,0,0.0,9.094947017729282e-13,optimal
q4_3_variable_unclustered,2025-06-05,6,unclustered,108,0,0.0,4.547473508864641e-13,optimal
q4_3_variable_unclustered,2025-06-05,12,unclustered,72,0,0.0,4.547473508864641e-13,optimal
q4_3_variable_unclustered,2025-06-05,18,unclustered,36,0,0.0,3.410605131648481e-12,optimal
q4_3_variable_unclustered,2025-06-06,0,unclustered,144,0,0.0,4.547473508864641e-13,optimal
q4_3_variable_unclustered,2025-06-06,6,unclustered,108,0,0.0,9.094947017729282e-13,optimal
q4_3_variable_unclustered,2025-06-06,12,unclustered,72,0,0.0,4.547473508864641e-13,optimal
q4_3_variable_unclustered,2025-06-06,18,unclustered,36,0,0.0,1.3642420526593924e-12,optimal
q4_3_variable_unclustered,2025-06-07,0,unclustered,144,0,0.0,9.094947017729282e-13,optimal
q4_3_variable_unclustered,2025-06-07,6,unclustered,108,0,0.0,4.547473508864641e-13,optimal
q4_3_variable_unclustered,2025-06-07,12,unclustered,72,0,0.0,1.1368683772161603e-13,optimal
q4_3_variable_unclustered,2025-06-07,18,unclustered,36,0,0.0,1.5688783605583012e-11,optimal
q4_3_variable_unclustered,2025-06-08,0,unclustered,144,0,0.0,2.2737367544323206e-13,optimal
q4_3_variable_unclustered,2025-06-08,6,unclustered,108,0,0.0,9.094947017729282e-13,optimal
q4_3_variable_unclustered,2025-06-08,12,unclustered,72,0,0.0,2.2737367544323206e-13,optimal
q4_3_variable_unclustered,2025-06-08,18,unclustered,36,0,0.0,2.2737367544323206e-13,optimal
q4_3_variable_unclustered,2025-06-09,0,unclustered,144,0,0.0,1.3642420526593924e-12,optimal
q4_3_variable_unclustered,2025-06-09,6,unclustered,108,0,0.0,2.2737367544323206e-13,optimal
q4_3_variable_unclustered,2025-06-09,12,unclustered,72,0,0.0,2.2737367544323206e-13,optimal
q4_3_variable_unclustered,2025-06-09,18,unclustered,36,0,0.0,2.2737367544323206e-13,optimal
q4_3_variable_unclustered,2025-06-10,0,unclustered,144,0,0.0,2.2737367544323206e-13,optimal
q4_3_variable_unclustered,2025-06-10,6,unclustered,108,0,0.0,1.8189894035458565e-12,optimal
q4_3_variable_unclustered,2025-06-10,12,unclustered,72,0,0.0,2.2737367544323206e-13,optimal
q4_3_variable_unclustered,2025-06-10,18,unclustered,36,0,0.0,1.0686562745831907e-11,optimal
q4_3_variable_unclustered,2025-06-11,0,unclustered,144,0,0.0,2.2737367544323206e-13,optimal
q4_3_variable_unclustered,2025-06-11,6,unclustered,108,0,0.0,4.547473508864641e-13,optimal
q4_3_variable_unclustered,2025-06-11,12,unclustered,72,0,0.0,2.2737367544323206e-13,optimal
q4_3_variable_unclustered,2025-06-11,18,unclustered,36,0,0.0,9.094947017729282e-13,optimal
q4_3_variable_unclustered,2025-06-12,0,unclustered,144,0,0.0,9.094947017729282e-13,optimal
q4_3_variable_unclustered,2025-06-12,6,unclustered,108,0,0.0,2.2737367544323206e-13,optimal
q4_3_variable_unclustered,2025-06-12,12,unclustered,72,0,0.0,2.2737367544323206e-13,optimal
q4_3_variable_unclustered,2025-06-12,18,unclustered,36,0,0.0,2.2737367544323206e-13,optimal
q4_3_variable_unclustered,2025-06-13,0,unclustered,144,0,0.0,4.547473508864641e-13,optimal
q4_3_variable_unclustered,2025-06-13,6,unclustered,108,0,0.0,9.094947017729282e-13,optimal
q4_3_variable_unclustered,2025-06-13,12,unclustered,72,0,0.0,4.547473508864641e-13,optimal
q4_3_variable_unclustered,2025-06-13,18,unclustered,36,0,0.0,9.549694368615746e-12,optimal
q4_3_variable_unclustered,2025-06-14,0,unclustered,144,0,0.0,1.8189894035458565e-12,optimal
q4_3_variable_unclustered,2025-06-14,6,unclustered,108,0,0.0,2.7284841053187847e-12,optimal
q4_3_variable_unclustered,2025-06-14,12,unclustered,72,0,0.0,2.2737367544323206e-13,optimal
q4_3_variable_unclustered,2025-06-14,18,unclustered,36,0,0.0,4.547473508864641e-13,optimal
q4_3_variable_unclustered,2025-06-15,0,unclustered,144,0,0.0,4.547473508864641e-13,optimal
q4_3_variable_unclustered,2025-06-15,6,unclustered,108,0,0.0,9.094947017729282e-13,optimal
q4_3_variable_unclustered,2025-06-15,12,unclustered,72,0,0.0,9.094947017729282e-13,optimal
q4_3_variable_unclustered,2025-06-15,18,unclustered,36,0,0.0,2.2737367544323206e-13,optimal
q4_3_variable_unclustered,2025-06-16,0,unclustered,144,0,0.0,4.547473508864641e-13,optimal
q4_3_variable_unclustered,2025-06-16,6,unclustered,108,0,0.0,9.094947017729282e-13,optimal
q4_3_variable_unclustered,2025-06-16,12,unclustered,72,0,0.0,2.2737367544323206e-13,optimal
q4_3_variable_unclustered,2025-06-16,18,unclustered,36,0,0.0,1.432454155292362e-11,optimal
q4_3_variable_unclustered,2025-06-17,0,unclustered,144,0,0.0,2.2737367544323206e-13,optimal
q4_3_variable_unclustered,2025-06-17,6,unclustered,108,0,0.0,1.8189894035458565e-12,optimal
q4_3_variable_unclustered,2025-06-17,12,unclustered,72,0,0.0,1.8189894035458565e-12,optimal
q4_3_variable_unclustered,2025-06-17,18,unclustered,36,0,0.0,9.094947017729282e-13,optimal
q4_3_variable_unclustered,2025-06-18,0,unclustered,144,0,0.0,1.8189894035458565e-12,optimal
q4_3_variable_unclustered,2025-06-18,6,unclustered,108,0,0.0,2.2737367544323206e-13,optimal
q4_3_variable_unclustered,2025-06-18,12,unclustered,72,0,0.0,2.2737367544323206e-13,optimal
q4_3_variable_unclustered,2025-06-18,18,unclustered,36,0,0.0,9.094947017729282e-13,optimal
q4_3_variable_unclustered,2025-06-19,0,unclustered,144,0,0.0,9.094947017729282e-13,optimal
q4_3_variable_unclustered,2025-06-19,6,unclustered,108,0,0.0,9.094947017729282e-13,optimal
q4_3_variable_unclustered,2025-06-19,12,unclustered,72,0,0.0,2.2737367544323206e-13,optimal
q4_3_variable_unclustered,2025-06-19,18,unclustered,36,0,0.0,1.0686562745831907e-11,optimal
q4_3_variable_unclustered,2025-06-20,0,unclustered,144,0,0.0,9.094947017729282e-13,optimal
q4_3_variable_unclustered,2025-06-20,6,unclustered,108,0,0.0,9.094947017729282e-13,optimal
q4_3_variable_unclustered,2025-06-20,12,unclustered,72,0,0.0,4.547473508864641e-13,optimal
q4_3_variable_unclustered,2025-06-20,18,unclustered,36,0,0.0,4.547473508864641e-13,optimal
q4_3_variable_unclustered,2025-06-21,0,unclustered,144,0,0.0,2.2737367544323206e-13,optimal
q4_3_variable_unclustered,2025-06-21,6,unclustered,108,0,0.0,9.094947017729282e-13,optimal
q4_3_variable_unclustered,2025-06-21,12,unclustered,72,0,0.0,9.094947017729282e-13,optimal
q4_3_variable_unclustered,2025-06-21,18,unclustered,36,0,0.0,9.094947017729282e-13,optimal
q4_3_variable_unclustered,2025-06-22,0,unclustered,144,0,0.0,9.094947017729282e-13,optimal
q4_3_variable_unclustered,2025-06-22,6,unclustered,108,0,0.0,2.2737367544323206e-13,optimal
q4_3_variable_unclustered,2025-06-22,12,unclustered,72,0,0.0,2.2737367544323206e-13,optimal
q4_3_variable_unclustered,2025-06-22,18,unclustered,36,0,0.0,1.6370904631912708e-11,optimal
q4_3_variable_unclustered,2025-06-23,0,unclustered,144,0,0.0,2.2737367544323206e-13,optimal
q4_3_variable_unclustered,2025-06-23,6,unclustered,108,0,0.0,4.547473508864641e-13,optimal
q4_3_variable_unclustered,2025-06-23,12,unclustered,72,0,0.0,2.2737367544323206e-13,optimal
q4_3_variable_unclustered,2025-06-23,18,unclustered,36,0,0.0,2.2737367544323206e-13,optimal
q4_3_variable_unclustered,2025-06-24,0,unclustered,144,0,0.0,9.094947017729282e-13,optimal
q4_3_variable_unclustered,2025-06-24,6,unclustered,108,0,0.0,2.2737367544323206e-13,optimal
q4_3_variable_unclustered,2025-06-24,12,unclustered,72,0,0.0,2.2737367544323206e-13,optimal
q4_3_variable_unclustered,2025-06-24,18,unclustered,36,0,0.0,4.547473508864641e-13,optimal
q4_3_variable_unclustered,2025-06-25,0,unclustered,144,0,0.0,2.2737367544323206e-13,optimal
q4_3_variable_unclustered,2025-06-25,6,unclustered,108,0,0.0,1.8189894035458565e-12,optimal
q4_3_variable_unclustered,2025-06-25,12,unclustered,72,0,0.0,9.094947017729282e-13,optimal
q4_3_variable_unclustered,2025-06-25,18,unclustered,36,0,0.0,2.9558577807620168e-12,optimal
q4_3_variable_unclustered,2025-06-26,0,unclustered,144,0,0.0,9.094947017729282e-13,optimal
q4_3_variable_unclustered,2025-06-26,6,unclustered,108,0,0.0,9.094947017729282e-13,optimal
q4_3_variable_unclustered,2025-06-26,12,unclustered,72,0,0.0,1.8189894035458565e-12,optimal
q4_3_variable_unclustered,2025-06-26,18,unclustered,36,0,0.0,9.094947017729282e-13,optimal
q4_3_variable_unclustered,2025-06-27,0,unclustered,144,0,0.0,4.547473508864641e-13,optimal
q4_3_variable_unclustered,2025-06-27,6,unclustered,108,0,0.0,9.094947017729282e-13,optimal
q4_3_variable_unclustered,2025-06-27,12,unclustered,72,0,0.0,2.2737367544323206e-13,optimal
q4_3_variable_unclustered,2025-06-27,18,unclustered,36,0,0.0,2.2737367544323206e-13,optimal
q4_3_variable_unclustered,2025-06-28,0,unclustered,144,0,0.0,9.094947017729282e-13,optimal
q4_3_variable_unclustered,2025-06-28,6,unclustered,108,0,0.0,9.094947017729282e-13,optimal
q4_3_variable_unclustered,2025-06-28,12,unclustered,72,0,0.0,9.094947017729282e-13,optimal
q4_3_variable_unclustered,2025-06-28,18,unclustered,36,0,0.0,9.094947017729282e-13,optimal
q4_3_variable_unclustered,2025-06-29,0,unclustered,144,0,0.0,2.2737367544323206e-13,optimal
q4_3_variable_unclustered,2025-06-29,6,unclustered,108,0,0.0,2.2737367544323206e-13,optimal
q4_3_variable_unclustered,2025-06-29,12,unclustered,72,0,0.0,2.2737367544323206e-13,optimal
q4_3_variable_unclustered,2025-06-29,18,unclustered,36,0,0.0,1.2050804798491299e-11,optimal
q4_3_variable_unclustered,2025-06-30,0,unclustered,144,0,0.0,4.547473508864641e-13,optimal
q4_3_variable_unclustered,2025-06-30,6,unclustered,108,0,0.0,2.2737367544323206e-13,optimal
q4_3_variable_unclustered,2025-06-30,12,unclustered,72,0,0.0,2.2737367544323206e-13,optimal
q4_3_variable_unclustered,2025-06-30,18,unclustered,36,0,0.0,2.9558577807620168e-12,optimal
q4_3_variable_unclustered,2025-07-01,0,unclustered,144,0,0.0,1.8189894035458565e-12,optimal
q4_3_variable_unclustered,2025-07-01,6,unclustered,108,0,0.0,2.2737367544323206e-13,optimal
q4_3_variable_unclustered,2025-07-01,12,unclustered,72,0,0.0,2.2737367544323206e-13,optimal
q4_3_variable_unclustered,2025-07-01,18,unclustered,36,0,0.0,2.2737367544323206e-13,optimal
q4_3_variable_unclustered,2025-07-02,0,unclustered,144,0,0.0,9.094947017729282e-13,optimal
q4_3_variable_unclustered,2025-07-02,6,unclustered,108,0,0.0,9.094947017729282e-13,optimal
q4_3_variable_unclustered,2025-07-02,12,unclustered,72,0,0.0,2.2737367544323206e-13,optimal
q4_3_variable_unclustered,2025-07-02,18,unclustered,36,0,0.0,4.547473508864641e-13,optimal
q4_3_variable_unclustered,2025-07-03,0,unclustered,144,0,0.0,9.094947017729282e-13,optimal
q4_3_variable_unclustered,2025-07-03,6,unclustered,108,0,0.0,1.8189894035458565e-12,optimal
q4_3_variable_unclustered,2025-07-03,12,unclustered,72,0,0.0,2.2737367544323206e-13,optimal
q4_3_variable_unclustered,2025-07-03,18,unclustered,36,0,0.0,3.410605131648481e-13,optimal
q4_3_variable_unclustered,2025-07-04,0,unclustered,144,0,0.0,2.2737367544323206e-13,optimal
q4_3_variable_unclustered,2025-07-04,6,unclustered,108,0,0.0,9.094947017729282e-13,optimal
q4_3_variable_unclustered,2025-07-04,12,unclustered,72,0,0.0,2.2737367544323206e-13,optimal
q4_3_variable_unclustered,2025-07-04,18,unclustered,36,0,0.0,2.2737367544323206e-13,optimal
q4_3_variable_unclustered,2025-07-05,0,unclustered,144,0,0.0,9.094947017729282e-13,optimal
q4_3_variable_unclustered,2025-07-05,6,unclustered,108,0,0.0,9.094947017729282e-13,optimal
q4_3_variable_unclustered,2025-07-05,12,unclustered,72,0,0.0,2.2737367544323206e-13,optimal
q4_3_variable_unclustered,2025-07-05,18,unclustered,36,0,0.0,4.320099833421409e-12,optimal
q4_3_variable_unclustered,2025-07-06,0,unclustered,144,0,0.0,2.2737367544323206e-13,optimal
q4_3_variable_unclustered,2025-07-06,6,unclustered,108,0,0.0,9.094947017729282e-13,optimal
q4_3_variable_unclustered,2025-07-06,12,unclustered,72,0,0.0,2.2737367544323206e-13,optimal
q4_3_variable_unclustered,2025-07-06,18,unclustered,36,0,0.0,1.0913936421275139e-11,optimal
q4_3_variable_unclustered,2025-07-07,0,unclustered,144,0,0.0,2.2737367544323206e-13,optimal
q4_3_variable_unclustered,2025-07-07,6,unclustered,108,0,0.0,2.2737367544323206e-13,optimal
q4_3_variable_unclustered,2025-07-07,12,unclustered,72,0,0.0,2.2737367544323206e-13,optimal
q4_3_variable_unclustered,2025-07-07,18,unclustered,36,0,0.0,4.547473508864641e-13,optimal
q4_3_variable_unclustered,2025-07-08,0,unclustered,144,0,0.0,4.547473508864641e-13,optimal
q4_3_variable_unclustered,2025-07-08,6,unclustered,108,0,0.0,1.3642420526593924e-12,optimal
q4_3_variable_unclustered,2025-07-08,12,unclustered,72,0,0.0,2.2737367544323206e-13,optimal
q4_3_variable_unclustered,2025-07-08,18,unclustered,36,0,0.0,9.094947017729282e-13,optimal
q4_3_variable_unclustered,2025-07-09,0,unclustered,144,0,0.0,4.547473508864641e-13,optimal
q4_3_variable_unclustered,2025-07-09,6,unclustered,108,0,0.0,1.8189894035458565e-12,optimal
q4_3_variable_unclustered,2025-07-09,12,unclustered,72,0,0.0,2.2737367544323206e-13,optimal
q4_3_variable_unclustered,2025-07-09,18,unclustered,36,0,0.0,7.958078640513122e-12,optimal
q4_3_variable_unclustered,2025-07-10,0,unclustered,144,0,0.0,2.2737367544323206e-13,optimal
q4_3_variable_unclustered,2025-07-10,6,unclustered,108,0,0.0,1.8189894035458565e-12,optimal
q4_3_variable_unclustered,2025-07-10,12,unclustered,72,0,0.0,2.2737367544323206e-13,optimal
q4_3_variable_unclustered,2025-07-10,18,unclustered,36,0,0.0,1.2278178473934531e-11,optimal
q4_3_variable_unclustered,2025-07-11,0,unclustered,144,0,0.0,2.2737367544323206e-13,optimal
q4_3_variable_unclustered,2025-07-11,6,unclustered,108,0,0.0,9.094947017729282e-13,optimal
q4_3_variable_unclustered,2025-07-11,12,unclustered,72,0,0.0,2.2737367544323206e-13,optimal
q4_3_variable_unclustered,2025-07-11,18,unclustered,36,0,0.0,1.0686562745831907e-11,optimal
q4_3_variable_unclustered,2025-07-12,0,unclustered,144,0,0.0,9.094947017729282e-13,optimal
q4_3_variable_unclustered,2025-07-12,6,unclustered,108,0,0.0,2.7284841053187847e-12,optimal
q4_3_variable_unclustered,2025-07-12,12,unclustered,72,0,0.0,2.2737367544323206e-13,optimal
q4_3_variable_unclustered,2025-07-12,18,unclustered,36,0,0.0,2.2737367544323206e-13,optimal
q4_3_variable_unclustered,2025-07-13,0,unclustered,144,0,0.0,1.8189894035458565e-12,optimal
q4_3_variable_unclustered,2025-07-13,6,unclustered,108,0,0.0,9.094947017729282e-13,optimal
q4_3_variable_unclustered,2025-07-13,12,unclustered,72,0,0.0,2.2737367544323206e-13,optimal
q4_3_variable_unclustered,2025-07-13,18,unclustered,36,0,0.0,1.3642420526593924e-12,optimal
q4_3_variable_unclustered,2025-07-14,0,unclustered,144,0,0.0,2.2737367544323206e-13,optimal
q4_3_variable_unclustered,2025-07-14,6,unclustered,108,0,0.0,2.2737367544323206e-13,optimal
q4_3_variable_unclustered,2025-07-14,12,unclustered,72,0,0.0,2.2737367544323206e-13,optimal
q4_3_variable_unclustered,2025-07-14,18,unclustered,36,0,0.0,6.821210263296962e-12,optimal
q4_3_variable_unclustered,2025-07-15,0,unclustered,144,0,0.0,2.2737367544323206e-13,optimal
q4_3_variable_unclustered,2025-07-15,6,unclustered,108,0,0.0,2.2737367544323206e-13,optimal
q4_3_variable_unclustered,2025-07-15,12,unclustered,72,0,0.0,2.2737367544323206e-13,optimal
q4_3_variable_unclustered,2025-07-15,18,unclustered,36,0,0.0,2.2737367544323206e-13,optimal
q4_3_variable_unclustered,2025-07-16,0,unclustered,144,0,0.0,2.2737367544323206e-13,optimal
q4_3_variable_unclustered,2025-07-16,6,unclustered,108,0,0.0,1.8189894035458565e-12,optimal
q4_3_variable_unclustered,2025-07-16,12,unclustered,72,0,0.0,2.2737367544323206e-13,optimal
q4_3_variable_unclustered,2025-07-16,18,unclustered,36,0,0.0,2.2737367544323206e-13,optimal
q4_3_variable_unclustered,2025-07-17,0,unclustered,144,0,0.0,2.2737367544323206e-13,optimal
q4_3_variable_unclustered,2025-07-17,6,unclustered,108,0,0.0,2.2737367544323206e-13,optimal
q4_3_variable_unclustered,2025-07-17,12,unclustered,72,0,0.0,2.2737367544323206e-13,optimal
q4_3_variable_unclustered,2025-07-17,18,unclustered,36,0,0.0,4.774847184307873e-12,optimal
q4_3_variable_unclustered,2025-07-18,0,unclustered,144,0,0.0,2.2737367544323206e-13,optimal
q4_3_variable_unclustered,2025-07-18,6,unclustered,108,0,0.0,1.8189894035458565e-12,optimal
q4_3_variable_unclustered,2025-07-18,12,unclustered,72,0,0.0,2.2737367544323206e-13,optimal
q4_3_variable_unclustered,2025-07-18,18,unclustered,36,0,0.0,2.2737367544323206e-13,optimal
q4_3_variable_unclustered,2025-07-19,0,unclustered,144,0,0.0,2.2737367544323206e-13,optimal
q4_3_variable_unclustered,2025-07-19,6,unclustered,108,0,0.0,2.2737367544323206e-13,optimal
q4_3_variable_unclustered,2025-07-19,12,unclustered,72,0,0.0,2.2737367544323206e-13,optimal
q4_3_variable_unclustered,2025-07-19,18,unclustered,36,0,0.0,2.2737367544323206e-13,optimal
q4_3_variable_unclustered,2025-07-20,0,unclustered,144,0,0.0,2.2737367544323206e-13,optimal
q4_3_variable_unclustered,2025-07-20,6,unclustered,108,0,0.0,2.2737367544323206e-13,optimal
q4_3_variable_unclustered,2025-07-20,12,unclustered,72,0,0.0,2.2737367544323206e-13,optimal
q4_3_variable_unclustered,2025-07-20,18,unclustered,36,0,0.0,1.2732925824820995e-11,optimal
q4_3_variable_unclustered,2025-07-21,0,unclustered,144,0,0.0,2.2737367544323206e-13,optimal
q4_3_variable_unclustered,2025-07-21,6,unclustered,108,0,0.0,9.094947017729282e-13,optimal
q4_3_variable_unclustered,2025-07-21,12,unclustered,72,0,0.0,2.2737367544323206e-13,optimal
q4_3_variable_unclustered,2025-07-21,18,unclustered,36,0,0.0,1.000444171950221e-11,optimal
q4_3_variable_unclustered,2025-07-22,0,unclustered,144,0,0.0,2.2737367544323206e-13,optimal
q4_3_variable_unclustered,2025-07-22,6,unclustered,108,0,0.0,4.547473508864641e-13,optimal
q4_3_variable_unclustered,2025-07-22,12,unclustered,72,0,0.0,3.410605131648481e-13,optimal
q4_3_variable_unclustered,2025-07-22,18,unclustered,36,0,0.0,4.547473508864641e-13,optimal
q4_3_variable_unclustered,2025-07-23,0,unclustered,144,0,0.0,4.547473508864641e-13,optimal
q4_3_variable_unclustered,2025-07-23,6,unclustered,108,0,0.0,1.8189894035458565e-12,optimal
q4_3_variable_unclustered,2025-07-23,12,unclustered,72,0,0.0,2.2737367544323206e-13,optimal
q4_3_variable_unclustered,2025-07-23,18,unclustered,36,0,0.0,2.2737367544323206e-13,optimal
q4_3_variable_unclustered,2025-07-24,0,unclustered,144,0,0.0,4.547473508864641e-13,optimal
q4_3_variable_unclustered,2025-07-24,6,unclustered,108,0,0.0,2.2737367544323206e-13,optimal
q4_3_variable_unclustered,2025-07-24,12,unclustered,72,0,0.0,2.2737367544323206e-13,optimal
q4_3_variable_unclustered,2025-07-24,18,unclustered,36,0,0.0,9.094947017729282e-12,optimal
q4_3_variable_unclustered,2025-07-25,0,unclustered,144,0,0.0,2.2737367544323206e-13,optimal
q4_3_variable_unclustered,2025-07-25,6,unclustered,108,0,0.0,9.094947017729282e-13,optimal
q4_3_variable_unclustered,2025-07-25,12,unclustered,72,0,0.0,2.2737367544323206e-13,optimal
q4_3_variable_unclustered,2025-07-25,18,unclustered,36,0,0.0,2.2737367544323206e-13,optimal
q4_3_variable_unclustered,2025-07-26,0,unclustered,144,0,0.0,2.2737367544323206e-13,optimal
q4_3_variable_unclustered,2025-07-26,6,unclustered,108,0,0.0,9.094947017729282e-13,optimal
q4_3_variable_unclustered,2025-07-26,12,unclustered,72,0,0.0,1.3642420526593924e-11,optimal
q4_3_variable_unclustered,2025-07-26,18,unclustered,36,0,0.0,1.1141310096718371e-11,optimal
q4_3_variable_unclustered,2025-07-27,0,unclustered,144,0,0.0,4.547473508864641e-13,optimal
q4_3_variable_unclustered,2025-07-27,6,unclustered,108,0,0.0,9.094947017729282e-13,optimal
q4_3_variable_unclustered,2025-07-27,12,unclustered,72,0,0.0,2.2737367544323206e-13,optimal
q4_3_variable_unclustered,2025-07-27,18,unclustered,36,0,0.0,4.547473508864641e-12,optimal
q4_3_variable_unclustered,2025-07-28,0,unclustered,144,0,0.0,9.094947017729282e-13,optimal
q4_3_variable_unclustered,2025-07-28,6,unclustered,108,0,0.0,1.8189894035458565e-12,optimal
q4_3_variable_unclustered,2025-07-28,12,unclustered,72,0,0.0,2.2737367544323206e-13,optimal
q4_3_variable_unclustered,2025-07-28,18,unclustered,36,0,0.0,1.8189894035458565e-12,optimal
q4_3_variable_unclustered,2025-07-29,0,unclustered,144,0,0.0,2.2737367544323206e-13,optimal
q4_3_variable_unclustered,2025-07-29,6,unclustered,108,0,0.0,1.8189894035458565e-12,optimal
q4_3_variable_unclustered,2025-07-29,12,unclustered,72,0,0.0,1.8189894035458565e-12,optimal
q4_3_variable_unclustered,2025-07-29,18,unclustered,36,0,0.0,2.2737367544323206e-13,optimal
q4_3_variable_unclustered,2025-07-30,0,unclustered,144,0,0.0,1.8189894035458565e-12,optimal
q4_3_variable_unclustered,2025-07-30,6,unclustered,108,0,0.0,2.2737367544323206e-13,optimal
q4_3_variable_unclustered,2025-07-30,12,unclustered,72,0,0.0,2.2737367544323206e-13,optimal
q4_3_variable_unclustered,2025-07-30,18,unclustered,36,0,0.0,1.8189894035458565e-12,optimal
q4_3_variable_unclustered,2025-07-31,0,unclustered,144,0,0.0,4.547473508864641e-13,optimal
q4_3_variable_unclustered,2025-07-31,6,unclustered,108,0,0.0,4.547473508864641e-13,optimal
q4_3_variable_unclustered,2025-07-31,12,unclustered,72,0,0.0,2.2737367544323206e-13,optimal
q4_3_variable_unclustered,2025-07-31,18,unclustered,36,0,0.0,2.2737367544323206e-13,optimal
q4_3_variable_unclustered,2025-08-01,0,unclustered,144,0,0.0,2.2737367544323206e-13,optimal
q4_3_variable_unclustered,2025-08-01,6,unclustered,108,0,0.0,9.094947017729282e-13,optimal
q4_3_variable_unclustered,2025-08-01,12,unclustered,72,0,0.0,7.73070496506989e-12,optimal
q4_3_variable_unclustered,2025-08-01,18,unclustered,36,0,0.0,3.637978807091713e-12,optimal
q4_3_variable_unclustered,2025-08-02,0,unclustered,144,0,0.0,2.2737367544323206e-13,optimal
q4_3_variable_unclustered,2025-08-02,6,unclustered,108,0,0.0,9.094947017729282e-13,optimal
q4_3_variable_unclustered,2025-08-02,12,unclustered,72,0,0.0,6.139089236967266e-12,optimal
q4_3_variable_unclustered,2025-08-02,18,unclustered,36,0,0.0,2.2737367544323206e-13,optimal
q4_3_variable_unclustered,2025-08-03,0,unclustered,144,0,0.0,9.094947017729282e-13,optimal
q4_3_variable_unclustered,2025-08-03,6,unclustered,108,0,0.0,2.2737367544323206e-13,optimal
q4_3_variable_unclustered,2025-08-03,12,unclustered,72,0,0.0,5.4569682106375694e-12,optimal
q4_3_variable_unclustered,2025-08-03,18,unclustered,36,0,0.0,2.2737367544323206e-13,optimal
q4_3_variable_unclustered,2025-08-04,0,unclustered,144,0,0.0,2.2737367544323206e-13,optimal
q4_3_variable_unclustered,2025-08-04,6,unclustered,108,0,0.0,9.094947017729282e-13,optimal
q4_3_variable_unclustered,2025-08-04,12,unclustered,72,0,0.0,7.275957614183426e-12,optimal
q4_3_variable_unclustered,2025-08-04,18,unclustered,36,0,0.0,3.865352482534945e-12,optimal
q4_3_variable_unclustered,2025-08-05,0,unclustered,144,0,0.0,2.2737367544323206e-13,optimal
q4_3_variable_unclustered,2025-08-05,6,unclustered,108,0,0.0,2.2737367544323206e-13,optimal
q4_3_variable_unclustered,2025-08-05,12,unclustered,72,0,0.0,5.4569682106375694e-12,optimal
q4_3_variable_unclustered,2025-08-05,18,unclustered,36,0,0.0,2.2737367544323206e-13,optimal
q4_3_variable_unclustered,2025-08-06,0,unclustered,144,0,0.0,2.2737367544323206e-13,optimal
q4_3_variable_unclustered,2025-08-06,6,unclustered,108,0,0.0,1.8189894035458565e-12,optimal
q4_3_variable_unclustered,2025-08-06,12,unclustered,72,0,0.0,4.547473508864641e-13,optimal
q4_3_variable_unclustered,2025-08-06,18,unclustered,36,0,0.0,7.958078640513122e-12,optimal
q4_3_variable_unclustered,2025-08-07,0,unclustered,144,0,0.0,2.2737367544323206e-13,optimal
q4_3_variable_unclustered,2025-08-07,6,unclustered,108,0,0.0,1.8189894035458565e-12,optimal
q4_3_variable_unclustered,2025-08-07,12,unclustered,72,0,0.0,7.275957614183426e-12,optimal
q4_3_variable_unclustered,2025-08-07,18,unclustered,36,0,0.0,2.2737367544323206e-13,optimal
q4_3_variable_unclustered,2025-08-08,0,unclustered,144,0,0.0,9.094947017729282e-13,optimal
q4_3_variable_unclustered,2025-08-08,6,unclustered,108,0,0.0,1.8189894035458565e-12,optimal
q4_3_variable_unclustered,2025-08-08,12,unclustered,72,0,0.0,2.2737367544323206e-13,optimal
q4_3_variable_unclustered,2025-08-08,18,unclustered,36,0,0.0,9.322320693172514e-12,optimal
q4_3_variable_unclustered,2025-08-09,0,unclustered,144,0,0.0,2.2737367544323206e-13,optimal
q4_3_variable_unclustered,2025-08-09,6,unclustered,108,0,0.0,9.094947017729282e-13,optimal
q4_3_variable_unclustered,2025-08-09,12,unclustered,72,0,0.0,2.2737367544323206e-13,optimal
q4_3_variable_unclustered,2025-08-09,18,unclustered,36,0,0.0,6.366462912410498e-12,optimal
q4_3_variable_unclustered,2025-08-10,0,unclustered,144,0,0.0,9.094947017729282e-13,optimal
q4_3_variable_unclustered,2025-08-10,6,unclustered,108,0,0.0,2.2737367544323206e-13,optimal
q4_3_variable_unclustered,2025-08-10,12,unclustered,72,0,0.0,1.1368683772161603e-11,optimal
q4_3_variable_unclustered,2025-08-10,18,unclustered,36,0,0.0,5.002220859751105e-12,optimal
q4_3_variable_unclustered,2025-08-11,0,unclustered,144,0,0.0,2.2737367544323206e-13,optimal
q4_3_variable_unclustered,2025-08-11,6,unclustered,108,0,0.0,2.2737367544323206e-13,optimal
q4_3_variable_unclustered,2025-08-11,12,unclustered,72,0,0.0,1.8189894035458565e-12,optimal
q4_3_variable_unclustered,2025-08-11,18,unclustered,36,0,0.0,1.2960299500264227e-11,optimal
q4_3_variable_unclustered,2025-08-12,0,unclustered,144,0,0.0,1.8189894035458565e-12,optimal
q4_3_variable_unclustered,2025-08-12,6,unclustered,108,0,0.0,2.2737367544323206e-13,optimal
q4_3_variable_unclustered,2025-08-12,12,unclustered,72,0,0.0,2.2737367544323206e-13,optimal
q4_3_variable_unclustered,2025-08-12,18,unclustered,36,0,0.0,2.2737367544323206e-13,optimal
q4_3_variable_unclustered,2025-08-13,0,unclustered,144,0,0.0,2.2737367544323206e-13,optimal
q4_3_variable_unclustered,2025-08-13,6,unclustered,108,0,0.0,2.2737367544323206e-13,optimal
q4_3_variable_unclustered,2025-08-13,12,unclustered,72,0,0.0,2.2737367544323206e-13,optimal
q4_3_variable_unclustered,2025-08-13,18,unclustered,36,0,0.0,2.5011104298755527e-12,optimal
q4_3_variable_unclustered,2025-08-14,0,unclustered,144,0,0.0,2.2737367544323206e-13,optimal
q4_3_variable_unclustered,2025-08-14,6,unclustered,108,0,0.0,1.8189894035458565e-12,optimal
q4_3_variable_unclustered,2025-08-14,12,unclustered,72,0,0.0,1.000444171950221e-11,optimal
q4_3_variable_unclustered,2025-08-14,18,unclustered,36,0,0.0,1.0231815394945443e-11,optimal
q4_3_variable_unclustered,2025-08-15,0,unclustered,144,0,0.0,2.2737367544323206e-13,optimal
q4_3_variable_unclustered,2025-08-15,6,unclustered,108,0,0.0,2.2737367544323206e-13,optimal
q4_3_variable_unclustered,2025-08-15,12,unclustered,72,0,0.0,2.2737367544323206e-13,optimal
q4_3_variable_unclustered,2025-08-15,18,unclustered,36,0,0.0,5.4569682106375694e-12,optimal
q4_3_variable_unclustered,2025-08-16,0,unclustered,144,0,0.0,9.094947017729282e-13,optimal
q4_3_variable_unclustered,2025-08-16,6,unclustered,108,0,0.0,1.8189894035458565e-12,optimal
q4_3_variable_unclustered,2025-08-16,12,unclustered,72,0,0.0,6.821210263296962e-12,optimal
q4_3_variable_unclustered,2025-08-16,18,unclustered,36,0,0.0,1.3642420526593924e-12,optimal
q4_3_variable_unclustered,2025-08-17,0,unclustered,144,0,0.0,2.2737367544323206e-13,optimal
q4_3_variable_unclustered,2025-08-17,6,unclustered,108,0,0.0,9.094947017729282e-13,optimal
q4_3_variable_unclustered,2025-08-17,12,unclustered,72,0,0.0,6.59383658785373e-12,optimal
q4_3_variable_unclustered,2025-08-17,18,unclustered,36,0,0.0,4.547473508864641e-13,optimal
q4_3_variable_unclustered,2025-08-18,0,unclustered,144,0,0.0,4.547473508864641e-13,optimal
q4_3_variable_unclustered,2025-08-18,6,unclustered,108,0,0.0,3.637978807091713e-12,optimal
q4_3_variable_unclustered,2025-08-18,12,unclustered,72,0,0.0,8.412825991399586e-12,optimal
q4_3_variable_unclustered,2025-08-18,18,unclustered,36,0,0.0,1.1823431123048067e-11,optimal
q4_3_variable_unclustered,2025-08-19,0,unclustered,144,0,0.0,1.8189894035458565e-12,optimal
q4_3_variable_unclustered,2025-08-19,6,unclustered,108,0,0.0,1.8189894035458565e-12,optimal
q4_3_variable_unclustered,2025-08-19,12,unclustered,72,0,0.0,2.2737367544323206e-13,optimal
q4_3_variable_unclustered,2025-08-19,18,unclustered,36,0,0.0,6.59383658785373e-12,optimal
q4_3_variable_unclustered,2025-08-20,0,unclustered,144,0,0.0,2.2737367544323206e-13,optimal
q4_3_variable_unclustered,2025-08-20,6,unclustered,108,0,0.0,4.547473508864641e-13,optimal
q4_3_variable_unclustered,2025-08-20,12,unclustered,72,0,0.0,2.2737367544323206e-13,optimal
q4_3_variable_unclustered,2025-08-20,18,unclustered,36,0,0.0,2.2737367544323206e-13,optimal
q4_3_variable_unclustered,2025-08-21,0,unclustered,144,0,0.0,1.8189894035458565e-12,optimal
q4_3_variable_unclustered,2025-08-21,6,unclustered,108,0,0.0,2.2737367544323206e-13,optimal
q4_3_variable_unclustered,2025-08-21,12,unclustered,72,0,0.0,1.8189894035458565e-12,optimal
q4_3_variable_unclustered,2025-08-21,18,unclustered,36,0,0.0,2.2737367544323206e-13,optimal
q4_3_variable_unclustered,2025-08-22,0,unclustered,144,0,0.0,9.094947017729282e-13,optimal
q4_3_variable_unclustered,2025-08-22,6,unclustered,108,0,0.0,1.8189894035458565e-12,optimal
q4_3_variable_unclustered,2025-08-22,12,unclustered,72,0,0.0,9.094947017729282e-13,optimal
q4_3_variable_unclustered,2025-08-22,18,unclustered,36,0,0.0,2.2737367544323206e-13,optimal
q4_3_variable_unclustered,2025-08-23,0,unclustered,144,0,0.0,2.2737367544323206e-13,optimal
q4_3_variable_unclustered,2025-08-23,6,unclustered,108,0,0.0,1.8189894035458565e-12,optimal
q4_3_variable_unclustered,2025-08-23,12,unclustered,72,0,0.0,7.048583938740194e-12,optimal
q4_3_variable_unclustered,2025-08-23,18,unclustered,36,0,0.0,2.2737367544323206e-13,optimal
q4_3_variable_unclustered,2025-08-24,0,unclustered,144,0,0.0,2.2737367544323206e-13,optimal
q4_3_variable_unclustered,2025-08-24,6,unclustered,108,0,0.0,2.2737367544323206e-13,optimal
q4_3_variable_unclustered,2025-08-24,12,unclustered,72,0,0.0,2.2737367544323206e-13,optimal
q4_3_variable_unclustered,2025-08-24,18,unclustered,36,0,0.0,1.5916157281026244e-12,optimal
q4_3_variable_unclustered,2025-08-25,0,unclustered,144,0,0.0,2.2737367544323206e-13,optimal
q4_3_variable_unclustered,2025-08-25,6,unclustered,108,0,0.0,9.094947017729282e-13,optimal
q4_3_variable_unclustered,2025-08-25,12,unclustered,72,0,0.0,2.2737367544323206e-13,optimal
q4_3_variable_unclustered,2025-08-25,18,unclustered,36,0,0.0,1.1368683772161603e-12,optimal
q4_3_variable_unclustered,2025-08-26,0,unclustered,144,0,0.0,2.2737367544323206e-13,optimal
q4_3_variable_unclustered,2025-08-26,6,unclustered,108,0,0.0,9.094947017729282e-13,optimal
q4_3_variable_unclustered,2025-08-26,12,unclustered,72,0,0.0,1.0913936421275139e-11,optimal
q4_3_variable_unclustered,2025-08-26,18,unclustered,36,0,0.0,9.094947017729282e-13,optimal
q4_3_variable_unclustered,2025-08-27,0,unclustered,144,0,0.0,9.094947017729282e-13,optimal
q4_3_variable_unclustered,2025-08-27,6,unclustered,108,0,0.0,9.094947017729282e-13,optimal
q4_3_variable_unclustered,2025-08-27,12,unclustered,72,0,0.0,2.2737367544323206e-13,optimal
q4_3_variable_unclustered,2025-08-27,18,unclustered,36,0,0.0,9.094947017729282e-13,optimal
q4_3_variable_unclustered,2025-08-28,0,unclustered,144,0,0.0,4.547473508864641e-13,optimal
q4_3_variable_unclustered,2025-08-28,6,unclustered,108,0,0.0,1.8189894035458565e-12,optimal
q4_3_variable_unclustered,2025-08-28,12,unclustered,72,0,0.0,2.2737367544323206e-13,optimal
q4_3_variable_unclustered,2025-08-28,18,unclustered,36,0,0.0,2.2737367544323206e-13,optimal
q4_3_variable_unclustered,2025-08-29,0,unclustered,144,0,0.0,4.547473508864641e-13,optimal
q4_3_variable_unclustered,2025-08-29,6,unclustered,108,0,0.0,1.8189894035458565e-12,optimal
q4_3_variable_unclustered,2025-08-29,12,unclustered,72,0,0.0,1.2732925824820995e-11,optimal
q4_3_variable_unclustered,2025-08-29,18,unclustered,36,0,0.0,6.366462912410498e-12,optimal
q4_3_variable_unclustered,2025-08-30,0,unclustered,144,0,0.0,2.2737367544323206e-13,optimal
q4_3_variable_unclustered,2025-08-30,6,unclustered,108,0,0.0,2.2737367544323206e-13,optimal
q4_3_variable_unclustered,2025-08-30,12,unclustered,72,0,0.0,2.2737367544323206e-13,optimal
q4_3_variable_unclustered,2025-08-30,18,unclustered,36,0,0.0,9.094947017729282e-13,optimal
q4_3_variable_unclustered,2025-08-31,0,unclustered,144,0,0.0,2.2737367544323206e-13,optimal
q4_3_variable_unclustered,2025-08-31,6,unclustered,108,0,0.0,1.8189894035458565e-12,optimal
q4_3_variable_unclustered,2025-08-31,12,unclustered,72,0,0.0,2.2737367544323206e-13,optimal
q4_3_variable_unclustered,2025-08-31,18,unclustered,36,0,0.0,1.546140993013978e-11,optimal
q4_3_variable_unclustered,2025-09-01,0,unclustered,144,0,0.0,2.2737367544323206e-13,optimal
q4_3_variable_unclustered,2025-09-01,6,unclustered,108,0,0.0,2.2737367544323206e-13,optimal
q4_3_variable_unclustered,2025-09-01,12,unclustered,72,0,0.0,2.2737367544323206e-13,optimal
q4_3_variable_unclustered,2025-09-01,18,unclustered,36,0,0.0,2.2737367544323206e-13,optimal
q4_3_variable_unclustered,2025-09-02,0,unclustered,144,0,0.0,4.547473508864641e-13,optimal
q4_3_variable_unclustered,2025-09-02,6,unclustered,108,0,0.0,2.2737367544323206e-13,optimal
q4_3_variable_unclustered,2025-09-02,12,unclustered,72,0,0.0,2.2737367544323206e-13,optimal
q4_3_variable_unclustered,2025-09-02,18,unclustered,36,0,0.0,5.229594535194337e-12,optimal
q4_3_variable_unclustered,2025-09-03,0,unclustered,144,0,0.0,2.2737367544323206e-13,optimal
q4_3_variable_unclustered,2025-09-03,6,unclustered,108,0,0.0,9.094947017729282e-13,optimal
q4_3_variable_unclustered,2025-09-03,12,unclustered,72,0,0.0,2.2737367544323206e-13,optimal
q4_3_variable_unclustered,2025-09-03,18,unclustered,36,0,0.0,9.777068044058979e-12,optimal
q4_3_variable_unclustered,2025-09-04,0,unclustered,144,0,0.0,2.2737367544323206e-13,optimal
q4_3_variable_unclustered,2025-09-04,6,unclustered,108,0,0.0,1.8189894035458565e-12,optimal
q4_3_variable_unclustered,2025-09-04,12,unclustered,72,0,0.0,1.8189894035458565e-12,optimal
q4_3_variable_unclustered,2025-09-04,18,unclustered,36,0,0.0,1.0231815394945443e-11,optimal
q4_3_variable_unclustered,2025-09-05,0,unclustered,144,0,0.0,9.094947017729282e-13,optimal
q4_3_variable_unclustered,2025-09-05,6,unclustered,108,0,0.0,2.2737367544323206e-13,optimal
q4_3_variable_unclustered,2025-09-05,12,unclustered,72,0,0.0,9.777068044058979e-12,optimal
q4_3_variable_unclustered,2025-09-05,18,unclustered,36,0,0.0,1.9554136088117957e-11,optimal
q4_3_variable_unclustered,2025-09-06,0,unclustered,144,0,0.0,2.7284841053187847e-12,optimal
q4_3_variable_unclustered,2025-09-06,6,unclustered,108,0,0.0,2.2737367544323206e-13,optimal
q4_3_variable_unclustered,2025-09-06,12,unclustered,72,0,0.0,5.6843418860808015e-12,optimal
q4_3_variable_unclustered,2025-09-06,18,unclustered,36,0,0.0,1.6143530956469476e-11,optimal
q4_3_variable_unclustered,2025-09-07,0,unclustered,144,0,0.0,9.094947017729282e-13,optimal
q4_3_variable_unclustered,2025-09-07,6,unclustered,108,0,0.0,2.2737367544323206e-13,optimal
q4_3_variable_unclustered,2025-09-07,12,unclustered,72,0,0.0,2.2737367544323206e-13,optimal
q4_3_variable_unclustered,2025-09-07,18,unclustered,36,0,0.0,1.3869794202037156e-11,optimal
q4_3_variable_unclustered,2025-09-08,0,unclustered,144,0,0.0,4.547473508864641e-13,optimal
q4_3_variable_unclustered,2025-09-08,6,unclustered,108,0,0.0,9.094947017729282e-13,optimal
q4_3_variable_unclustered,2025-09-08,12,unclustered,72,0,0.0,2.2737367544323206e-13,optimal
q4_3_variable_unclustered,2025-09-08,18,unclustered,36,0,0.0,1.8189894035458565e-12,optimal
q4_3_variable_unclustered,2025-09-09,0,unclustered,144,0,0.0,4.547473508864641e-13,optimal
q4_3_variable_unclustered,2025-09-09,6,unclustered,108,0,0.0,2.2737367544323206e-13,optimal
q4_3_variable_unclustered,2025-09-09,12,unclustered,72,0,0.0,2.2737367544323206e-13,optimal
q4_3_variable_unclustered,2025-09-09,18,unclustered,36,0,0.0,2.2737367544323206e-13,optimal
q4_3_variable_unclustered,2025-09-10,0,unclustered,144,0,0.0,4.547473508864641e-13,optimal
q4_3_variable_unclustered,2025-09-10,6,unclustered,108,0,0.0,2.2737367544323206e-13,optimal
q4_3_variable_unclustered,2025-09-10,12,unclustered,72,0,0.0,1.8189894035458565e-12,optimal
q4_3_variable_unclustered,2025-09-10,18,unclustered,36,0,0.0,2.2737367544323206e-13,optimal
q4_3_variable_unclustered,2025-09-11,0,unclustered,144,0,0.0,2.2737367544323206e-13,optimal
q4_3_variable_unclustered,2025-09-11,6,unclustered,108,0,0.0,2.2737367544323206e-13,optimal
q4_3_variable_unclustered,2025-09-11,12,unclustered,72,0,0.0,2.2737367544323206e-13,optimal
q4_3_variable_unclustered,2025-09-11,18,unclustered,36,0,0.0,2.2737367544323206e-13,optimal
q4_3_variable_unclustered,2025-09-12,0,unclustered,144,0,0.0,4.547473508864641e-13,optimal
q4_3_variable_unclustered,2025-09-12,6,unclustered,108,0,0.0,4.547473508864641e-13,optimal
q4_3_variable_unclustered,2025-09-12,12,unclustered,72,0,0.0,2.2737367544323206e-13,optimal
q4_3_variable_unclustered,2025-09-12,18,unclustered,36,0,0.0,2.2737367544323206e-13,optimal
q4_3_variable_unclustered,2025-09-13,0,unclustered,144,0,0.0,4.547473508864641e-13,optimal
q4_3_variable_unclustered,2025-09-13,6,unclustered,108,0,0.0,9.094947017729282e-13,optimal
q4_3_variable_unclustered,2025-09-13,12,unclustered,72,0,0.0,2.2737367544323206e-13,optimal
q4_3_variable_unclustered,2025-09-13,18,unclustered,36,0,0.0,5.684341886080801e-13,optimal
q4_3_variable_unclustered,2025-09-14,0,unclustered,144,0,0.0,2.2737367544323206e-13,optimal
q4_3_variable_unclustered,2025-09-14,6,unclustered,108,0,0.0,2.2737367544323206e-13,optimal
q4_3_variable_unclustered,2025-09-14,12,unclustered,72,0,0.0,1.8189894035458565e-12,optimal
q4_3_variable_unclustered,2025-09-14,18,unclustered,36,0,0.0,2.2737367544323206e-13,optimal
q4_3_variable_unclustered,2025-09-15,0,unclustered,144,0,0.0,2.2737367544323206e-13,optimal
q4_3_variable_unclustered,2025-09-15,6,unclustered,108,0,0.0,1.8189894035458565e-12,optimal
q4_3_variable_unclustered,2025-09-15,12,unclustered,72,0,0.0,2.2737367544323206e-13,optimal
q4_3_variable_unclustered,2025-09-15,18,unclustered,36,0,0.0,4.547473508864641e-13,optimal
q4_3_variable_unclustered,2025-09-16,0,unclustered,144,0,0.0,2.2737367544323206e-13,optimal
q4_3_variable_unclustered,2025-09-16,6,unclustered,108,0,0.0,4.547473508864641e-13,optimal
q4_3_variable_unclustered,2025-09-16,12,unclustered,72,0,0.0,1.8189894035458565e-12,optimal
q4_3_variable_unclustered,2025-09-16,18,unclustered,36,0,0.0,2.2737367544323206e-13,optimal
q4_3_variable_unclustered,2025-09-17,0,unclustered,144,0,0.0,4.547473508864641e-13,optimal
q4_3_variable_unclustered,2025-09-17,6,unclustered,108,0,0.0,9.094947017729282e-13,optimal
q4_3_variable_unclustered,2025-09-17,12,unclustered,72,0,0.0,1.8189894035458565e-12,optimal
q4_3_variable_unclustered,2025-09-17,18,unclustered,36,0,0.0,2.2737367544323206e-13,optimal
q4_3_variable_unclustered,2025-09-18,0,unclustered,144,0,0.0,4.547473508864641e-13,optimal
q4_3_variable_unclustered,2025-09-18,6,unclustered,108,0,0.0,2.2737367544323206e-13,optimal
q4_3_variable_unclustered,2025-09-18,12,unclustered,72,0,0.0,2.2737367544323206e-13,optimal
q4_3_variable_unclustered,2025-09-18,18,unclustered,36,0,0.0,2.2737367544323206e-13,optimal
q4_3_variable_unclustered,2025-09-19,0,unclustered,144,0,0.0,9.094947017729282e-13,optimal
q4_3_variable_unclustered,2025-09-19,6,unclustered,108,0,0.0,2.2737367544323206e-13,optimal
q4_3_variable_unclustered,2025-09-19,12,unclustered,72,0,0.0,2.2737367544323206e-13,optimal
q4_3_variable_unclustered,2025-09-19,18,unclustered,36,0,0.0,4.547473508864641e-13,optimal
q4_3_variable_unclustered,2025-09-20,0,unclustered,144,0,0.0,9.094947017729282e-13,optimal
q4_3_variable_unclustered,2025-09-20,6,unclustered,108,0,0.0,9.094947017729282e-13,optimal
q4_3_variable_unclustered,2025-09-20,12,unclustered,72,0,0.0,2.2737367544323206e-13,optimal
q4_3_variable_unclustered,2025-09-20,18,unclustered,36,0,0.0,2.2737367544323206e-13,optimal
q4_3_variable_unclustered,2025-09-21,0,unclustered,144,0,0.0,2.2737367544323206e-13,optimal
q4_3_variable_unclustered,2025-09-21,6,unclustered,108,0,0.0,9.094947017729282e-13,optimal
q4_3_variable_unclustered,2025-09-21,12,unclustered,72,0,0.0,2.2737367544323206e-13,optimal
q4_3_variable_unclustered,2025-09-21,18,unclustered,36,0,0.0,1.3642420526593924e-12,optimal
q4_3_variable_unclustered,2025-09-22,0,unclustered,144,0,0.0,4.547473508864641e-13,optimal
q4_3_variable_unclustered,2025-09-22,6,unclustered,108,0,0.0,2.2737367544323206e-13,optimal
q4_3_variable_unclustered,2025-09-22,12,unclustered,72,0,0.0,9.094947017729282e-13,optimal
q4_3_variable_unclustered,2025-09-22,18,unclustered,36,0,0.0,2.0463630789890885e-12,optimal
q4_3_variable_unclustered,2025-09-23,0,unclustered,144,0,0.0,2.2737367544323206e-13,optimal
q4_3_variable_unclustered,2025-09-23,6,unclustered,108,0,0.0,9.094947017729282e-13,optimal
q4_3_variable_unclustered,2025-09-23,12,unclustered,72,0,0.0,9.094947017729282e-13,optimal
q4_3_variable_unclustered,2025-09-23,18,unclustered,36,0,0.0,1.1368683772161603e-12,optimal
q4_3_variable_unclustered,2025-09-24,0,unclustered,144,0,0.0,4.547473508864641e-13,optimal
q4_3_variable_unclustered,2025-09-24,6,unclustered,108,0,0.0,9.094947017729282e-13,optimal
q4_3_variable_unclustered,2025-09-24,12,unclustered,72,0,0.0,9.094947017729282e-13,optimal
q4_3_variable_unclustered,2025-09-24,18,unclustered,36,0,0.0,1.5916157281026244e-11,optimal
q4_3_variable_unclustered,2025-09-25,0,unclustered,144,0,0.0,1.8189894035458565e-12,optimal
q4_3_variable_unclustered,2025-09-25,6,unclustered,108,0,0.0,9.094947017729282e-13,optimal
q4_3_variable_unclustered,2025-09-25,12,unclustered,72,0,0.0,2.2737367544323206e-13,optimal
q4_3_variable_unclustered,2025-09-25,18,unclustered,36,0,0.0,1.1823431123048067e-11,optimal
q4_3_variable_unclustered,2025-09-26,0,unclustered,144,0,0.0,4.547473508864641e-13,optimal
q4_3_variable_unclustered,2025-09-26,6,unclustered,108,0,0.0,4.547473508864641e-13,optimal
q4_3_variable_unclustered,2025-09-26,12,unclustered,72,0,0.0,2.2737367544323206e-13,optimal
q4_3_variable_unclustered,2025-09-26,18,unclustered,36,0,0.0,9.777068044058979e-12,optimal
q4_3_variable_unclustered,2025-09-27,0,unclustered,144,0,0.0,2.2737367544323206e-13,optimal
q4_3_variable_unclustered,2025-09-27,6,unclustered,108,0,0.0,2.2737367544323206e-13,optimal
q4_3_variable_unclustered,2025-09-27,12,unclustered,72,0,0.0,1.8189894035458565e-12,optimal
q4_3_variable_unclustered,2025-09-27,18,unclustered,36,0,0.0,5.9117155615240335e-12,optimal
q4_3_variable_unclustered,2025-09-28,0,unclustered,144,0,0.0,2.2737367544323206e-13,optimal
q4_3_variable_unclustered,2025-09-28,6,unclustered,108,0,0.0,1.8189894035458565e-12,optimal
q4_3_variable_unclustered,2025-09-28,12,unclustered,72,0,0.0,2.2737367544323206e-13,optimal
q4_3_variable_unclustered,2025-09-28,18,unclustered,36,0,0.0,2.9558577807620168e-12,optimal
q4_3_variable_unclustered,2025-09-29,0,unclustered,144,0,0.0,2.2737367544323206e-13,optimal
q4_3_variable_unclustered,2025-09-29,6,unclustered,108,0,0.0,2.2737367544323206e-13,optimal
q4_3_variable_unclustered,2025-09-29,12,unclustered,72,0,0.0,2.2737367544323206e-13,optimal
q4_3_variable_unclustered,2025-09-29,18,unclustered,36,0,0.0,7.73070496506989e-12,optimal
q4_3_variable_unclustered,2025-09-30,0,unclustered,144,0,0.0,4.547473508864641e-13,optimal
q4_3_variable_unclustered,2025-09-30,6,unclustered,108,0,0.0,2.2737367544323206e-13,optimal
q4_3_variable_unclustered,2025-09-30,12,unclustered,72,0,0.0,2.2737367544323206e-13,optimal
q4_3_variable_unclustered,2025-09-30,18,unclustered,36,0,0.0,1.4551915228366852e-11,optimal
q4_3_variable_unclustered,2025-10-01,0,unclustered,144,0,0.0,2.2737367544323206e-13,optimal
q4_3_variable_unclustered,2025-10-01,6,unclustered,108,0,0.0,9.094947017729282e-13,optimal
q4_3_variable_unclustered,2025-10-01,12,unclustered,72,0,0.0,2.2737367544323206e-13,optimal
q4_3_variable_unclustered,2025-10-01,18,unclustered,36,0,0.0,5.4569682106375694e-12,optimal
q4_3_variable_unclustered,2025-10-02,0,unclustered,144,0,0.0,2.2737367544323206e-13,optimal
q4_3_variable_unclustered,2025-10-02,6,unclustered,108,0,0.0,2.2737367544323206e-13,optimal
q4_3_variable_unclustered,2025-10-02,12,unclustered,72,0,0.0,2.2737367544323206e-13,optimal
q4_3_variable_unclustered,2025-10-02,18,unclustered,36,0,0.0,3.865352482534945e-12,optimal
q4_3_variable_unclustered,2025-10-03,0,unclustered,144,0,0.0,9.094947017729282e-13,optimal
q4_3_variable_unclustered,2025-10-03,6,unclustered,108,0,0.0,9.094947017729282e-13,optimal
q4_3_variable_unclustered,2025-10-03,12,unclustered,72,0,0.0,2.2737367544323206e-13,optimal
q4_3_variable_unclustered,2025-10-03,18,unclustered,36,0,0.0,4.320099833421409e-12,optimal
q4_3_variable_unclustered,2025-10-04,0,unclustered,144,0,0.0,9.094947017729282e-13,optimal
q4_3_variable_unclustered,2025-10-04,6,unclustered,108,0,0.0,2.7284841053187847e-12,optimal
q4_3_variable_unclustered,2025-10-04,12,unclustered,72,0,0.0,9.094947017729282e-13,optimal
q4_3_variable_unclustered,2025-10-04,18,unclustered,36,0,0.0,9.094947017729282e-13,optimal
q4_3_variable_unclustered,2025-10-05,0,unclustered,144,0,0.0,4.547473508864641e-13,optimal
q4_3_variable_unclustered,2025-10-05,6,unclustered,108,0,0.0,2.2737367544323206e-13,optimal
q4_3_variable_unclustered,2025-10-05,12,unclustered,72,0,0.0,2.2737367544323206e-13,optimal
q4_3_variable_unclustered,2025-10-05,18,unclustered,36,0,0.0,8.412825991399586e-12,optimal
q4_3_variable_unclustered,2025-10-06,0,unclustered,144,0,0.0,2.2737367544323206e-13,optimal
q4_3_variable_unclustered,2025-10-06,6,unclustered,108,0,0.0,2.2737367544323206e-13,optimal
q4_3_variable_unclustered,2025-10-06,12,unclustered,72,0,0.0,2.2737367544323206e-13,optimal
q4_3_variable_unclustered,2025-10-06,18,unclustered,36,0,0.0,1.3642420526593924e-12,optimal
q4_3_variable_unclustered,2025-10-07,0,unclustered,144,0,0.0,9.094947017729282e-13,optimal
q4_3_variable_unclustered,2025-10-07,6,unclustered,108,0,0.0,9.094947017729282e-13,optimal
q4_3_variable_unclustered,2025-10-07,12,unclustered,72,0,0.0,9.094947017729282e-13,optimal
q4_3_variable_unclustered,2025-10-07,18,unclustered,36,0,0.0,1.4097167877480388e-11,optimal
q4_3_variable_unclustered,2025-10-08,0,unclustered,144,0,0.0,4.547473508864641e-13,optimal
q4_3_variable_unclustered,2025-10-08,6,unclustered,108,0,0.0,4.547473508864641e-13,optimal
q4_3_variable_unclustered,2025-10-08,12,unclustered,72,0,0.0,2.2737367544323206e-13,optimal
q4_3_variable_unclustered,2025-10-08,18,unclustered,36,0,0.0,6.139089236967266e-12,optimal
q4_3_variable_unclustered,2025-10-09,0,unclustered,144,0,0.0,9.094947017729282e-13,optimal
q4_3_variable_unclustered,2025-10-09,6,unclustered,108,0,0.0,9.094947017729282e-13,optimal
q4_3_variable_unclustered,2025-10-09,12,unclustered,72,0,0.0,9.094947017729282e-13,optimal
q4_3_variable_unclustered,2025-10-09,18,unclustered,36,0,0.0,2.5011104298755527e-12,optimal
q4_3_variable_unclustered,2025-10-10,0,unclustered,144,0,0.0,4.547473508864641e-13,optimal
q4_3_variable_unclustered,2025-10-10,6,unclustered,108,0,0.0,4.547473508864641e-13,optimal
q4_3_variable_unclustered,2025-10-10,12,unclustered,72,0,0.0,4.547473508864641e-13,optimal
q4_3_variable_unclustered,2025-10-10,18,unclustered,36,0,0.0,8.640199666842818e-12,optimal
q4_3_variable_unclustered,2025-10-11,0,unclustered,144,0,0.0,2.2737367544323206e-13,optimal
q4_3_variable_unclustered,2025-10-11,6,unclustered,108,0,0.0,4.547473508864641e-13,optimal
q4_3_variable_unclustered,2025-10-11,12,unclustered,72,0,0.0,2.2737367544323206e-13,optimal
q4_3_variable_unclustered,2025-10-11,18,unclustered,36,0,0.0,1.8189894035458565e-12,optimal
q4_3_variable_unclustered,2025-10-12,0,unclustered,144,0,0.0,4.547473508864641e-13,optimal
q4_3_variable_unclustered,2025-10-12,6,unclustered,108,0,0.0,1.8189894035458565e-12,optimal
q4_3_variable_unclustered,2025-10-12,12,unclustered,72,0,0.0,4.547473508864641e-13,optimal
q4_3_variable_unclustered,2025-10-12,18,unclustered,36,0,0.0,4.547473508864641e-12,optimal
q4_3_variable_unclustered,2025-10-13,0,unclustered,144,0,0.0,4.547473508864641e-13,optimal
q4_3_variable_unclustered,2025-10-13,6,unclustered,108,0,0.0,9.094947017729282e-13,optimal
q4_3_variable_unclustered,2025-10-13,12,unclustered,72,0,0.0,4.547473508864641e-13,optimal
q4_3_variable_unclustered,2025-10-13,18,unclustered,36,0,0.0,1.0459189070388675e-11,optimal
q4_3_variable_unclustered,2025-10-14,0,unclustered,144,0,0.0,4.547473508864641e-13,optimal
q4_3_variable_unclustered,2025-10-14,6,unclustered,108,0,0.0,4.547473508864641e-13,optimal
q4_3_variable_unclustered,2025-10-14,12,unclustered,72,0,0.0,4.547473508864641e-13,optimal
q4_3_variable_unclustered,2025-10-14,18,unclustered,36,0,0.0,1.3642420526593924e-12,optimal
q4_3_variable_unclustered,2025-10-15,0,unclustered,144,0,0.0,9.094947017729282e-13,optimal
q4_3_variable_unclustered,2025-10-15,6,unclustered,108,0,0.0,9.094947017729282e-13,optimal
q4_3_variable_unclustered,2025-10-15,12,unclustered,72,0,0.0,9.094947017729282e-13,optimal
q4_3_variable_unclustered,2025-10-15,18,unclustered,36,0,0.0,7.503331289626658e-12,optimal
q4_3_variable_unclustered,2025-10-16,0,unclustered,144,0,0.0,1.8189894035458565e-12,optimal
q4_3_variable_unclustered,2025-10-16,6,unclustered,108,0,0.0,9.094947017729282e-13,optimal
q4_3_variable_unclustered,2025-10-16,12,unclustered,72,0,0.0,9.094947017729282e-13,optimal
q4_3_variable_unclustered,2025-10-16,18,unclustered,36,0,0.0,1.2732925824820995e-11,optimal
q4_3_variable_unclustered,2025-10-17,0,unclustered,144,0,0.0,1.8189894035458565e-12,optimal
q4_3_variable_unclustered,2025-10-17,6,unclustered,108,0,0.0,4.547473508864641e-13,optimal
q4_3_variable_unclustered,2025-10-17,12,unclustered,72,0,0.0,4.547473508864641e-13,optimal
q4_3_variable_unclustered,2025-10-17,18,unclustered,36,0,0.0,4.092726157978177e-12,optimal
q4_3_variable_unclustered,2025-10-18,0,unclustered,144,0,0.0,4.547473508864641e-13,optimal
q4_3_variable_unclustered,2025-10-18,6,unclustered,108,0,0.0,1.1368683772161603e-13,optimal
q4_3_variable_unclustered,2025-10-18,12,unclustered,72,0,0.0,1.1368683772161603e-13,optimal
q4_3_variable_unclustered,2025-10-18,18,unclustered,36,0,0.0,7.503331289626658e-12,optimal
q4_3_variable_unclustered,2025-10-19,0,unclustered,144,0,0.0,9.094947017729282e-13,optimal
q4_3_variable_unclustered,2025-10-19,6,unclustered,108,0,0.0,1.1368683772161603e-13,optimal
q4_3_variable_unclustered,2025-10-19,12,unclustered,72,0,0.0,1.1368683772161603e-13,optimal
q4_3_variable_unclustered,2025-10-19,18,unclustered,36,0,0.0,6.366462912410498e-12,optimal
q4_3_variable_unclustered,2025-10-20,0,unclustered,144,0,0.0,9.094947017729282e-13,optimal
q4_3_variable_unclustered,2025-10-20,6,unclustered,108,0,0.0,9.094947017729282e-13,optimal
q4_3_variable_unclustered,2025-10-20,12,unclustered,72,0,0.0,1.1368683772161603e-13,optimal
q4_3_variable_unclustered,2025-10-20,18,unclustered,36,0,0.0,1.3642420526593924e-12,optimal
q4_3_variable_unclustered,2025-10-21,0,unclustered,144,0,0.0,9.094947017729282e-13,optimal
q4_3_variable_unclustered,2025-10-21,6,unclustered,108,0,0.0,9.094947017729282e-13,optimal
q4_3_variable_unclustered,2025-10-21,12,unclustered,72,0,0.0,4.547473508864641e-13,optimal
q4_3_variable_unclustered,2025-10-21,18,unclustered,36,0,0.0,1.0459189070388675e-11,optimal
q4_3_variable_unclustered,2025-10-22,0,unclustered,144,0,0.0,9.094947017729282e-13,optimal
q4_3_variable_unclustered,2025-10-22,6,unclustered,108,0,0.0,4.547473508864641e-13,optimal
q4_3_variable_unclustered,2025-10-22,12,unclustered,72,0,0.0,1.1368683772161603e-13,optimal
q4_3_variable_unclustered,2025-10-22,18,unclustered,36,0,0.0,7.73070496506989e-12,optimal
q4_3_variable_unclustered,2025-10-23,0,unclustered,144,0,0.0,1.8189894035458565e-12,optimal
q4_3_variable_unclustered,2025-10-23,6,unclustered,108,0,0.0,1.8189894035458565e-12,optimal
q4_3_variable_unclustered,2025-10-23,12,unclustered,72,0,0.0,4.547473508864641e-13,optimal
q4_3_variable_unclustered,2025-10-23,18,unclustered,36,0,0.0,1.0686562745831907e-11,optimal
q4_3_variable_unclustered,2025-10-24,0,unclustered,144,0,0.0,9.094947017729282e-13,optimal
q4_3_variable_unclustered,2025-10-24,6,unclustered,108,0,0.0,9.094947017729282e-13,optimal
q4_3_variable_unclustered,2025-10-24,12,unclustered,72,0,0.0,9.094947017729282e-13,optimal
q4_3_variable_unclustered,2025-10-24,18,unclustered,36,0,0.0,6.59383658785373e-12,optimal
q4_3_variable_unclustered,2025-10-25,0,unclustered,144,0,0.0,6.821210263296962e-13,optimal
q4_3_variable_unclustered,2025-10-25,6,unclustered,108,0,0.0,2.2737367544323206e-13,optimal
q4_3_variable_unclustered,2025-10-25,12,unclustered,72,0,0.0,1.1368683772161603e-13,optimal
q4_3_variable_unclustered,2025-10-25,18,unclustered,36,0,0.0,1.2050804798491299e-11,optimal
q4_3_variable_unclustered,2025-10-26,0,unclustered,144,0,0.0,9.094947017729282e-13,optimal
q4_3_variable_unclustered,2025-10-26,6,unclustered,108,0,0.0,9.094947017729282e-13,optimal
q4_3_variable_unclustered,2025-10-26,12,unclustered,72,0,0.0,2.2737367544323206e-13,optimal
q4_3_variable_unclustered,2025-10-26,18,unclustered,36,0,0.0,3.183231456205249e-12,optimal
q4_3_variable_unclustered,2025-10-27,0,unclustered,144,0,0.0,9.094947017729282e-13,optimal
q4_3_variable_unclustered,2025-10-27,6,unclustered,108,0,0.0,9.094947017729282e-13,optimal
q4_3_variable_unclustered,2025-10-27,12,unclustered,72,0,0.0,9.094947017729282e-13,optimal
q4_3_variable_unclustered,2025-10-27,18,unclustered,36,0,0.0,4.320099833421409e-12,optimal
q4_3_variable_unclustered,2025-10-28,0,unclustered,144,0,0.0,9.094947017729282e-13,optimal
q4_3_variable_unclustered,2025-10-28,6,unclustered,108,0,0.0,4.547473508864641e-13,optimal
q4_3_variable_unclustered,2025-10-28,12,unclustered,72,0,0.0,4.547473508864641e-13,optimal
q4_3_variable_unclustered,2025-10-28,18,unclustered,36,0,0.0,2.7284841053187847e-12,optimal
q4_3_variable_unclustered,2025-10-29,0,unclustered,144,0,0.0,4.547473508864641e-13,optimal
q4_3_variable_unclustered,2025-10-29,6,unclustered,108,0,0.0,4.547473508864641e-13,optimal
q4_3_variable_unclustered,2025-10-29,12,unclustered,72,0,0.0,2.2737367544323206e-13,optimal
q4_3_variable_unclustered,2025-10-29,18,unclustered,36,0,0.0,1.5916157281026244e-12,optimal
q4_3_variable_unclustered,2025-10-30,0,unclustered,144,0,0.0,9.094947017729282e-13,optimal
q4_3_variable_unclustered,2025-10-30,6,unclustered,108,0,0.0,4.547473508864641e-13,optimal
q4_3_variable_unclustered,2025-10-30,12,unclustered,72,0,0.0,1.8189894035458565e-12,optimal
q4_3_variable_unclustered,2025-10-30,18,unclustered,36,0,0.0,5.002220859751105e-12,optimal
q4_3_variable_unclustered,2025-10-31,0,unclustered,144,0,0.0,4.547473508864641e-13,optimal
q4_3_variable_unclustered,2025-10-31,6,unclustered,108,0,0.0,1.8189894035458565e-12,optimal
q4_3_variable_unclustered,2025-10-31,12,unclustered,72,0,0.0,4.547473508864641e-13,optimal
q4_3_variable_unclustered,2025-10-31,18,unclustered,36,0,0.0,6.821210263296962e-13,optimal
q4_3_variable_unclustered,2025-11-01,0,unclustered,144,0,0.0,4.547473508864641e-13,optimal
q4_3_variable_unclustered,2025-11-01,6,unclustered,108,0,0.0,4.547473508864641e-13,optimal
q4_3_variable_unclustered,2025-11-01,12,unclustered,72,0,0.0,4.547473508864641e-13,optimal
q4_3_variable_unclustered,2025-11-01,18,unclustered,36,0,0.0,2.5011104298755527e-12,optimal
q4_3_variable_unclustered,2025-11-02,0,unclustered,144,0,0.0,4.547473508864641e-13,optimal
q4_3_variable_unclustered,2025-11-02,6,unclustered,108,0,0.0,4.547473508864641e-13,optimal
q4_3_variable_unclustered,2025-11-02,12,unclustered,72,0,0.0,4.547473508864641e-13,optimal
q4_3_variable_unclustered,2025-11-02,18,unclustered,36,0,0.0,2.7284841053187847e-12,optimal
q4_3_variable_unclustered,2025-11-03,0,unclustered,144,0,0.0,9.094947017729282e-13,optimal
q4_3_variable_unclustered,2025-11-03,6,unclustered,108,0,0.0,9.094947017729282e-13,optimal
q4_3_variable_unclustered,2025-11-03,12,unclustered,72,0,0.0,4.547473508864641e-13,optimal
q4_3_variable_unclustered,2025-11-03,18,unclustered,36,0,0.0,8.412825991399586e-12,optimal
q4_3_variable_unclustered,2025-11-04,0,unclustered,144,0,0.0,1.8189894035458565e-12,optimal
q4_3_variable_unclustered,2025-11-04,6,unclustered,108,0,0.0,1.8189894035458565e-12,optimal
q4_3_variable_unclustered,2025-11-04,12,unclustered,72,0,0.0,4.547473508864641e-13,optimal
q4_3_variable_unclustered,2025-11-04,18,unclustered,36,0,0.0,8.412825991399586e-12,optimal
q4_3_variable_unclustered,2025-11-05,0,unclustered,144,0,0.0,9.094947017729282e-13,optimal
q4_3_variable_unclustered,2025-11-05,6,unclustered,108,0,0.0,9.094947017729282e-13,optimal
q4_3_variable_unclustered,2025-11-05,12,unclustered,72,0,0.0,9.094947017729282e-13,optimal
q4_3_variable_unclustered,2025-11-05,18,unclustered,36,0,0.0,1.3642420526593924e-12,optimal
q4_3_variable_unclustered,2025-11-06,0,unclustered,144,0,0.0,9.094947017729282e-13,optimal
q4_3_variable_unclustered,2025-11-06,6,unclustered,108,0,0.0,9.094947017729282e-13,optimal
q4_3_variable_unclustered,2025-11-06,12,unclustered,72,0,0.0,9.094947017729282e-13,optimal
q4_3_variable_unclustered,2025-11-06,18,unclustered,36,0,0.0,3.183231456205249e-12,optimal
q4_3_variable_unclustered,2025-11-07,0,unclustered,144,0,0.0,4.547473508864641e-13,optimal
q4_3_variable_unclustered,2025-11-07,6,unclustered,108,0,0.0,2.8421709430404007e-13,optimal
q4_3_variable_unclustered,2025-11-07,12,unclustered,72,0,0.0,2.2737367544323206e-13,optimal
q4_3_variable_unclustered,2025-11-07,18,unclustered,36,0,0.0,1.8189894035458565e-12,optimal
q4_3_variable_unclustered,2025-11-08,0,unclustered,144,0,0.0,9.094947017729282e-13,optimal
q4_3_variable_unclustered,2025-11-08,6,unclustered,108,0,0.0,9.094947017729282e-13,optimal
q4_3_variable_unclustered,2025-11-08,12,unclustered,72,0,0.0,9.094947017729282e-13,optimal
q4_3_variable_unclustered,2025-11-08,18,unclustered,36,0,0.0,1.1368683772161603e-12,optimal
q4_3_variable_unclustered,2025-11-09,0,unclustered,144,0,0.0,1.1368683772161603e-13,optimal
q4_3_variable_unclustered,2025-11-09,6,unclustered,108,0,0.0,9.094947017729282e-13,optimal
q4_3_variable_unclustered,2025-11-09,12,unclustered,72,0,0.0,1.1368683772161603e-13,optimal
q4_3_variable_unclustered,2025-11-09,18,unclustered,36,0,0.0,9.094947017729282e-13,optimal
q4_3_variable_unclustered,2025-11-10,0,unclustered,144,0,0.0,9.094947017729282e-13,optimal
q4_3_variable_unclustered,2025-11-10,6,unclustered,108,0,0.0,9.094947017729282e-13,optimal
q4_3_variable_unclustered,2025-11-10,12,unclustered,72,0,0.0,9.094947017729282e-13,optimal
q4_3_variable_unclustered,2025-11-10,18,unclustered,36,0,0.0,4.547473508864641e-13,optimal
q4_3_variable_unclustered,2025-11-11,0,unclustered,144,0,0.0,1.1368683772161603e-13,optimal
q4_3_variable_unclustered,2025-11-11,6,unclustered,108,0,0.0,2.2737367544323206e-13,optimal
q4_3_variable_unclustered,2025-11-11,12,unclustered,72,0,0.0,2.2737367544323206e-13,optimal
q4_3_variable_unclustered,2025-11-11,18,unclustered,36,0,0.0,1.8189894035458565e-12,optimal
q4_3_variable_unclustered,2025-11-12,0,unclustered,144,0,0.0,4.547473508864641e-13,optimal
q4_3_variable_unclustered,2025-11-12,6,unclustered,108,0,0.0,9.094947017729282e-13,optimal
q4_3_variable_unclustered,2025-11-12,12,unclustered,72,0,0.0,1.8189894035458565e-12,optimal
q4_3_variable_unclustered,2025-11-12,18,unclustered,36,0,0.0,9.549694368615746e-12,optimal
q4_3_variable_unclustered,2025-11-13,0,unclustered,144,0,0.0,1.1368683772161603e-12,optimal
q4_3_variable_unclustered,2025-11-13,6,unclustered,108,0,0.0,1.1368683772161603e-13,optimal
q4_3_variable_unclustered,2025-11-13,12,unclustered,72,0,0.0,1.8189894035458565e-12,optimal
q4_3_variable_unclustered,2025-11-13,18,unclustered,36,0,0.0,2.9558577807620168e-12,optimal
q4_3_variable_unclustered,2025-11-14,0,unclustered,144,0,0.0,1.8189894035458565e-12,optimal
q4_3_variable_unclustered,2025-11-14,6,unclustered,108,0,0.0,1.8189894035458565e-12,optimal
q4_3_variable_unclustered,2025-11-14,12,unclustered,72,0,0.0,9.094947017729282e-13,optimal
q4_3_variable_unclustered,2025-11-14,18,unclustered,36,0,0.0,1.8189894035458565e-12,optimal
q4_3_variable_unclustered,2025-11-15,0,unclustered,144,0,0.0,4.547473508864641e-13,optimal
q4_3_variable_unclustered,2025-11-15,6,unclustered,108,0,0.0,9.094947017729282e-13,optimal
q4_3_variable_unclustered,2025-11-15,12,unclustered,72,0,0.0,2.2737367544323206e-13,optimal
q4_3_variable_unclustered,2025-11-15,18,unclustered,36,0,0.0,1.1368683772161603e-13,optimal
q4_3_variable_unclustered,2025-11-16,0,unclustered,144,0,0.0,9.094947017729282e-13,optimal
q4_3_variable_unclustered,2025-11-16,6,unclustered,108,0,0.0,9.094947017729282e-13,optimal
q4_3_variable_unclustered,2025-11-16,12,unclustered,72,0,0.0,9.094947017729282e-13,optimal
q4_3_variable_unclustered,2025-11-16,18,unclustered,36,0,0.0,8.412825991399586e-12,optimal
q4_3_variable_unclustered,2025-11-17,0,unclustered,144,0,0.0,4.547473508864641e-13,optimal
q4_3_variable_unclustered,2025-11-17,6,unclustered,108,0,0.0,9.094947017729282e-13,optimal
q4_3_variable_unclustered,2025-11-17,12,unclustered,72,0,0.0,1.8189894035458565e-12,optimal
q4_3_variable_unclustered,2025-11-17,18,unclustered,36,0,0.0,7.73070496506989e-12,optimal
q4_3_variable_unclustered,2025-11-18,0,unclustered,144,0,0.0,4.547473508864641e-13,optimal
q4_3_variable_unclustered,2025-11-18,6,unclustered,108,0,0.0,1.8189894035458565e-12,optimal
q4_3_variable_unclustered,2025-11-18,12,unclustered,72,0,0.0,4.547473508864641e-13,optimal
q4_3_variable_unclustered,2025-11-18,18,unclustered,36,0,0.0,5.9117155615240335e-12,optimal
q4_3_variable_unclustered,2025-11-19,0,unclustered,144,0,0.0,9.094947017729282e-13,optimal
q4_3_variable_unclustered,2025-11-19,6,unclustered,108,0,0.0,9.094947017729282e-13,optimal
q4_3_variable_unclustered,2025-11-19,12,unclustered,72,0,0.0,2.2737367544323206e-13,optimal
q4_3_variable_unclustered,2025-11-19,18,unclustered,36,0,0.0,1.0913936421275139e-11,optimal
q4_3_variable_unclustered,2025-11-20,0,unclustered,144,0,0.0,2.2737367544323206e-13,optimal
q4_3_variable_unclustered,2025-11-20,6,unclustered,108,0,0.0,2.2737367544323206e-13,optimal
q4_3_variable_unclustered,2025-11-20,12,unclustered,72,0,0.0,2.2737367544323206e-13,optimal
q4_3_variable_unclustered,2025-11-20,18,unclustered,36,0,0.0,4.547473508864641e-13,optimal
q4_3_variable_unclustered,2025-11-21,0,unclustered,144,0,0.0,9.094947017729282e-13,optimal
q4_3_variable_unclustered,2025-11-21,6,unclustered,108,0,0.0,1.8189894035458565e-12,optimal
q4_3_variable_unclustered,2025-11-21,12,unclustered,72,0,0.0,9.094947017729282e-13,optimal
q4_3_variable_unclustered,2025-11-21,18,unclustered,36,0,0.0,1.1368683772161603e-13,optimal
q4_3_variable_unclustered,2025-11-22,0,unclustered,144,0,0.0,1.1368683772161603e-13,optimal
q4_3_variable_unclustered,2025-11-22,6,unclustered,108,0,0.0,1.8189894035458565e-12,optimal
q4_3_variable_unclustered,2025-11-22,12,unclustered,72,0,0.0,1.1368683772161603e-13,optimal
q4_3_variable_unclustered,2025-11-22,18,unclustered,36,0,0.0,2.2737367544323206e-13,optimal
q4_3_variable_unclustered,2025-11-23,0,unclustered,144,0,0.0,9.094947017729282e-13,optimal
q4_3_variable_unclustered,2025-11-23,6,unclustered,108,0,0.0,9.094947017729282e-13,optimal
q4_3_variable_unclustered,2025-11-23,12,unclustered,72,0,0.0,9.094947017729282e-13,optimal
q4_3_variable_unclustered,2025-11-23,18,unclustered,36,0,0.0,1.3642420526593924e-12,optimal
q4_3_variable_unclustered,2025-11-24,0,unclustered,144,0,0.0,9.094947017729282e-13,optimal
q4_3_variable_unclustered,2025-11-24,6,unclustered,108,0,0.0,2.2737367544323206e-13,optimal
q4_3_variable_unclustered,2025-11-24,12,unclustered,72,0,0.0,9.094947017729282e-13,optimal
q4_3_variable_unclustered,2025-11-24,18,unclustered,36,0,0.0,4.774847184307873e-12,optimal
q4_3_variable_unclustered,2025-11-25,0,unclustered,144,0,0.0,2.2737367544323206e-13,optimal
q4_3_variable_unclustered,2025-11-25,6,unclustered,108,0,0.0,9.094947017729282e-13,optimal
q4_3_variable_unclustered,2025-11-25,12,unclustered,72,0,0.0,2.2737367544323206e-13,optimal
q4_3_variable_unclustered,2025-11-25,18,unclustered,36,0,0.0,5.4569682106375694e-12,optimal
q4_3_variable_unclustered,2025-11-26,0,unclustered,144,0,0.0,4.547473508864641e-13,optimal
q4_3_variable_unclustered,2025-11-26,6,unclustered,108,0,0.0,1.8189894035458565e-12,optimal
q4_3_variable_unclustered,2025-11-26,12,unclustered,72,0,0.0,4.547473508864641e-13,optimal
q4_3_variable_unclustered,2025-11-26,18,unclustered,36,0,0.0,2.1600499167107046e-11,optimal
q4_3_variable_unclustered,2025-11-27,0,unclustered,144,0,0.0,4.547473508864641e-13,optimal
q4_3_variable_unclustered,2025-11-27,6,unclustered,108,0,0.0,9.094947017729282e-13,optimal
q4_3_variable_unclustered,2025-11-27,12,unclustered,72,0,0.0,2.2737367544323206e-13,optimal
q4_3_variable_unclustered,2025-11-27,18,unclustered,36,0,0.0,1.6825651982799172e-11,optimal
q4_3_variable_unclustered,2025-11-28,0,unclustered,144,0,0.0,4.547473508864641e-13,optimal
q4_3_variable_unclustered,2025-11-28,6,unclustered,108,0,0.0,9.094947017729282e-13,optimal
q4_3_variable_unclustered,2025-11-28,12,unclustered,72,0,0.0,1.8189894035458565e-12,optimal
q4_3_variable_unclustered,2025-11-28,18,unclustered,36,0,0.0,2.2737367544323206e-13,optimal
q4_3_variable_unclustered,2025-11-29,0,unclustered,144,0,0.0,1.8189894035458565e-12,optimal
q4_3_variable_unclustered,2025-11-29,6,unclustered,108,0,0.0,9.094947017729282e-13,optimal
q4_3_variable_unclustered,2025-11-29,12,unclustered,72,0,0.0,9.094947017729282e-13,optimal
q4_3_variable_unclustered,2025-11-29,18,unclustered,36,0,0.0,2.2737367544323206e-13,optimal
q4_3_variable_unclustered,2025-11-30,0,unclustered,144,0,0.0,2.2737367544323206e-13,optimal
q4_3_variable_unclustered,2025-11-30,6,unclustered,108,0,0.0,1.8189894035458565e-12,optimal
q4_3_variable_unclustered,2025-11-30,12,unclustered,72,0,0.0,1.1368683772161603e-13,optimal
q4_3_variable_unclustered,2025-11-30,18,unclustered,36,0,0.0,1.2278178473934531e-11,optimal
q4_3_variable_unclustered,2025-12-01,0,unclustered,144,0,0.0,4.547473508864641e-13,optimal
q4_3_variable_unclustered,2025-12-01,6,unclustered,108,0,0.0,2.2737367544323206e-13,optimal
q4_3_variable_unclustered,2025-12-01,12,unclustered,72,0,0.0,4.547473508864641e-13,optimal
q4_3_variable_unclustered,2025-12-01,18,unclustered,36,0,0.0,1.7280399333685637e-11,optimal
q4_3_variable_unclustered,2025-12-02,0,unclustered,144,0,0.0,2.2737367544323206e-13,optimal
q4_3_variable_unclustered,2025-12-02,6,unclustered,108,0,0.0,9.094947017729282e-13,optimal
q4_3_variable_unclustered,2025-12-02,12,unclustered,72,0,0.0,1.1368683772161603e-13,optimal
q4_3_variable_unclustered,2025-12-02,18,unclustered,36,0,0.0,4.547473508864641e-13,optimal
q4_3_variable_unclustered,2025-12-03,0,unclustered,144,0,0.0,4.547473508864641e-13,optimal
q4_3_variable_unclustered,2025-12-03,6,unclustered,108,0,0.0,1.8189894035458565e-12,optimal
q4_3_variable_unclustered,2025-12-03,12,unclustered,72,0,0.0,4.547473508864641e-13,optimal
q4_3_variable_unclustered,2025-12-03,18,unclustered,36,0,0.0,1.1823431123048067e-11,optimal
q4_3_variable_unclustered,2025-12-04,0,unclustered,144,0,0.0,1.1368683772161603e-13,optimal
q4_3_variable_unclustered,2025-12-04,6,unclustered,108,0,0.0,4.547473508864641e-13,optimal
q4_3_variable_unclustered,2025-12-04,12,unclustered,72,0,0.0,2.2737367544323206e-13,optimal
q4_3_variable_unclustered,2025-12-04,18,unclustered,36,0,0.0,3.865352482534945e-12,optimal
q4_3_variable_unclustered,2025-12-05,0,unclustered,144,0,0.0,4.547473508864641e-13,optimal
q4_3_variable_unclustered,2025-12-05,6,unclustered,108,0,0.0,1.3642420526593924e-12,optimal
q4_3_variable_unclustered,2025-12-05,12,unclustered,72,0,0.0,4.547473508864641e-13,optimal
q4_3_variable_unclustered,2025-12-05,18,unclustered,36,0,0.0,2.2737367544323206e-13,optimal
q4_3_variable_unclustered,2025-12-06,0,unclustered,144,0,0.0,4.547473508864641e-13,optimal
q4_3_variable_unclustered,2025-12-06,6,unclustered,108,0,0.0,4.547473508864641e-13,optimal
q4_3_variable_unclustered,2025-12-06,12,unclustered,72,0,0.0,4.547473508864641e-13,optimal
q4_3_variable_unclustered,2025-12-06,18,unclustered,36,0,0.0,1.1141310096718371e-11,optimal
q4_3_variable_unclustered,2025-12-07,0,unclustered,144,0,0.0,9.094947017729282e-13,optimal
q4_3_variable_unclustered,2025-12-07,6,unclustered,108,0,0.0,9.094947017729282e-13,optimal
q4_3_variable_unclustered,2025-12-07,12,unclustered,72,0,0.0,1.8189894035458565e-12,optimal
q4_3_variable_unclustered,2025-12-07,18,unclustered,36,0,0.0,2.0463630789890885e-12,optimal
q4_3_variable_unclustered,2025-12-08,0,unclustered,144,0,0.0,9.094947017729282e-13,optimal
q4_3_variable_unclustered,2025-12-08,6,unclustered,108,0,0.0,9.094947017729282e-13,optimal
q4_3_variable_unclustered,2025-12-08,12,unclustered,72,0,0.0,9.094947017729282e-13,optimal
q4_3_variable_unclustered,2025-12-08,18,unclustered,36,0,0.0,7.275957614183426e-12,optimal
q4_3_variable_unclustered,2025-12-09,0,unclustered,144,0,0.0,2.2737367544323206e-13,optimal
q4_3_variable_unclustered,2025-12-09,6,unclustered,108,0,0.0,9.094947017729282e-13,optimal
q4_3_variable_unclustered,2025-12-09,12,unclustered,72,0,0.0,9.094947017729282e-13,optimal
q4_3_variable_unclustered,2025-12-09,18,unclustered,36,0,0.0,1.1368683772161603e-12,optimal
q4_3_variable_unclustered,2025-12-10,0,unclustered,144,0,0.0,9.094947017729282e-13,optimal
q4_3_variable_unclustered,2025-12-10,6,unclustered,108,0,0.0,9.094947017729282e-13,optimal
q4_3_variable_unclustered,2025-12-10,12,unclustered,72,0,0.0,9.094947017729282e-13,optimal
q4_3_variable_unclustered,2025-12-10,18,unclustered,36,0,0.0,6.821210263296962e-13,optimal
q4_3_variable_unclustered,2025-12-11,0,unclustered,144,0,0.0,4.547473508864641e-13,optimal
q4_3_variable_unclustered,2025-12-11,6,unclustered,108,0,0.0,9.094947017729282e-13,optimal
q4_3_variable_unclustered,2025-12-11,12,unclustered,72,0,0.0,1.8189894035458565e-12,optimal
q4_3_variable_unclustered,2025-12-11,18,unclustered,36,0,0.0,2.3874235921539366e-11,optimal
q4_3_variable_unclustered,2025-12-12,0,unclustered,144,0,0.0,4.547473508864641e-13,optimal
q4_3_variable_unclustered,2025-12-12,6,unclustered,108,0,0.0,9.094947017729282e-13,optimal
q4_3_variable_unclustered,2025-12-12,12,unclustered,72,0,0.0,9.094947017729282e-13,optimal
q4_3_variable_unclustered,2025-12-12,18,unclustered,36,0,0.0,1.5006662579253316e-11,optimal
q4_3_variable_unclustered,2025-12-13,0,unclustered,144,0,0.0,1.8189894035458565e-12,optimal
q4_3_variable_unclustered,2025-12-13,6,unclustered,108,0,0.0,1.8189894035458565e-12,optimal
q4_3_variable_unclustered,2025-12-13,12,unclustered,72,0,0.0,9.094947017729282e-13,optimal
q4_3_variable_unclustered,2025-12-13,18,unclustered,36,0,0.0,2.9558577807620168e-12,optimal
q4_3_variable_unclustered,2025-12-14,0,unclustered,144,0,0.0,9.094947017729282e-13,optimal
q4_3_variable_unclustered,2025-12-14,6,unclustered,108,0,0.0,1.8189894035458565e-12,optimal
q4_3_variable_unclustered,2025-12-14,12,unclustered,72,0,0.0,9.094947017729282e-13,optimal
q4_3_variable_unclustered,2025-12-14,18,unclustered,36,0,0.0,1.5916157281026244e-12,optimal
q4_3_variable_unclustered,2025-12-15,0,unclustered,144,0,0.0,1.8189894035458565e-12,optimal
q4_3_variable_unclustered,2025-12-15,6,unclustered,108,0,0.0,1.8189894035458565e-12,optimal
q4_3_variable_unclustered,2025-12-15,12,unclustered,72,0,0.0,1.8189894035458565e-12,optimal
q4_3_variable_unclustered,2025-12-15,18,unclustered,36,0,0.0,1.8189894035458565e-12,optimal
q4_3_variable_unclustered,2025-12-16,0,unclustered,144,0,0.0,2.2737367544323206e-13,optimal
q4_3_variable_unclustered,2025-12-16,6,unclustered,108,0,0.0,9.094947017729282e-13,optimal
q4_3_variable_unclustered,2025-12-16,12,unclustered,72,0,0.0,2.2737367544323206e-13,optimal
q4_3_variable_unclustered,2025-12-16,18,unclustered,36,0,0.0,5.9117155615240335e-12,optimal
q4_3_variable_unclustered,2025-12-17,0,unclustered,144,0,0.0,9.094947017729282e-13,optimal
q4_3_variable_unclustered,2025-12-17,6,unclustered,108,0,0.0,9.094947017729282e-13,optimal
q4_3_variable_unclustered,2025-12-17,12,unclustered,72,0,0.0,9.094947017729282e-13,optimal
q4_3_variable_unclustered,2025-12-17,18,unclustered,36,0,0.0,1.5916157281026244e-11,optimal
q4_3_variable_unclustered,2025-12-18,0,unclustered,144,0,0.0,9.094947017729282e-13,optimal
q4_3_variable_unclustered,2025-12-18,6,unclustered,108,0,0.0,1.8189894035458565e-12,optimal
q4_3_variable_unclustered,2025-12-18,12,unclustered,72,0,0.0,9.094947017729282e-13,optimal
q4_3_variable_unclustered,2025-12-18,18,unclustered,36,0,0.0,5.229594535194337e-12,optimal
q4_3_variable_unclustered,2025-12-19,0,unclustered,144,0,0.0,9.094947017729282e-13,optimal
q4_3_variable_unclustered,2025-12-19,6,unclustered,108,0,0.0,9.094947017729282e-13,optimal
q4_3_variable_unclustered,2025-12-19,12,unclustered,72,0,0.0,9.094947017729282e-13,optimal
q4_3_variable_unclustered,2025-12-19,18,unclustered,36,0,0.0,7.275957614183426e-12,optimal
q4_3_variable_unclustered,2025-12-20,0,unclustered,144,0,0.0,2.2737367544323206e-13,optimal
q4_3_variable_unclustered,2025-12-20,6,unclustered,108,0,0.0,2.2737367544323206e-13,optimal
q4_3_variable_unclustered,2025-12-20,12,unclustered,72,0,0.0,2.2737367544323206e-13,optimal
q4_3_variable_unclustered,2025-12-20,18,unclustered,36,0,0.0,6.139089236967266e-12,optimal
q4_3_variable_unclustered,2025-12-21,0,unclustered,144,0,0.0,4.547473508864641e-13,optimal
q4_3_variable_unclustered,2025-12-21,6,unclustered,108,0,0.0,1.8189894035458565e-12,optimal
q4_3_variable_unclustered,2025-12-21,12,unclustered,72,0,0.0,4.547473508864641e-13,optimal
q4_3_variable_unclustered,2025-12-21,18,unclustered,36,0,0.0,2.7284841053187847e-12,optimal
q4_3_variable_unclustered,2025-12-22,0,unclustered,144,0,0.0,9.094947017729282e-13,optimal
q4_3_variable_unclustered,2025-12-22,6,unclustered,108,0,0.0,9.094947017729282e-13,optimal
q4_3_variable_unclustered,2025-12-22,12,unclustered,72,0,0.0,9.094947017729282e-13,optimal
q4_3_variable_unclustered,2025-12-22,18,unclustered,36,0,0.0,1.5916157281026244e-12,optimal
q4_3_variable_unclustered,2025-12-23,0,unclustered,144,0,0.0,2.2737367544323206e-13,optimal
q4_3_variable_unclustered,2025-12-23,6,unclustered,108,0,0.0,1.8189894035458565e-12,optimal
q4_3_variable_unclustered,2025-12-23,12,unclustered,72,0,0.0,2.2737367544323206e-13,optimal
q4_3_variable_unclustered,2025-12-23,18,unclustered,36,0,0.0,7.73070496506989e-12,optimal
q4_3_variable_unclustered,2025-12-24,0,unclustered,144,0,0.0,4.547473508864641e-13,optimal
q4_3_variable_unclustered,2025-12-24,6,unclustered,108,0,0.0,1.8189894035458565e-12,optimal
q4_3_variable_unclustered,2025-12-24,12,unclustered,72,0,0.0,2.2737367544323206e-13,optimal
q4_3_variable_unclustered,2025-12-24,18,unclustered,36,0,0.0,6.366462912410498e-12,optimal
q4_3_variable_unclustered,2025-12-25,0,unclustered,144,0,0.0,2.2737367544323206e-13,optimal
q4_3_variable_unclustered,2025-12-25,6,unclustered,108,0,0.0,1.8189894035458565e-12,optimal
q4_3_variable_unclustered,2025-12-25,12,unclustered,72,0,0.0,1.1368683772161603e-13,optimal
q4_3_variable_unclustered,2025-12-25,18,unclustered,36,0,0.0,6.821210263296962e-12,optimal
q4_3_variable_unclustered,2025-12-26,0,unclustered,144,0,0.0,1.8189894035458565e-12,optimal
q4_3_variable_unclustered,2025-12-26,6,unclustered,108,0,0.0,1.8189894035458565e-12,optimal
q4_3_variable_unclustered,2025-12-26,12,unclustered,72,0,0.0,1.8189894035458565e-12,optimal
q4_3_variable_unclustered,2025-12-26,18,unclustered,36,0,0.0,4.547473508864641e-13,optimal
q4_3_variable_unclustered,2025-12-27,0,unclustered,144,0,0.0,1.8189894035458565e-12,optimal
q4_3_variable_unclustered,2025-12-27,6,unclustered,108,0,0.0,2.2737367544323206e-13,optimal
q4_3_variable_unclustered,2025-12-27,12,unclustered,72,0,0.0,1.8189894035458565e-12,optimal
q4_3_variable_unclustered,2025-12-27,18,unclustered,36,0,0.0,3.865352482534945e-12,optimal
q4_3_variable_unclustered,2025-12-28,0,unclustered,144,0,0.0,2.2737367544323206e-13,optimal
q4_3_variable_unclustered,2025-12-28,6,unclustered,108,0,0.0,1.8189894035458565e-12,optimal
q4_3_variable_unclustered,2025-12-28,12,unclustered,72,0,0.0,1.8189894035458565e-12,optimal
q4_3_variable_unclustered,2025-12-28,18,unclustered,36,0,0.0,9.094947017729282e-13,optimal
q4_3_variable_unclustered,2025-12-29,0,unclustered,144,0,0.0,1.1368683772161603e-13,optimal
q4_3_variable_unclustered,2025-12-29,6,unclustered,108,0,0.0,2.2737367544323206e-13,optimal
q4_3_variable_unclustered,2025-12-29,12,unclustered,72,0,0.0,1.1368683772161603e-13,optimal
q4_3_variable_unclustered,2025-12-29,18,unclustered,36,0,0.0,3.410605131648481e-12,optimal
q4_3_variable_unclustered,2025-12-30,0,unclustered,144,0,0.0,1.1368683772161603e-13,optimal
q4_3_variable_unclustered,2025-12-30,6,unclustered,108,0,0.0,2.2737367544323206e-13,optimal
q4_3_variable_unclustered,2025-12-30,12,unclustered,72,0,0.0,1.8189894035458565e-12,optimal
q4_3_variable_unclustered,2025-12-30,18,unclustered,36,0,0.0,1.4779288903810084e-11,optimal
q4_3_variable_unclustered,2025-12-31,0,unclustered,144,0,0.0,4.547473508864641e-13,optimal
q4_3_variable_unclustered,2025-12-31,6,unclustered,108,0,0.0,1.8189894035458565e-12,optimal
q4_3_variable_unclustered,2025-12-31,12,unclustered,72,0,0.0,1.1368683772161603e-13,optimal
q4_3_variable_unclustered,2025-12-31,18,unclustered,36,0,0.0,4.320099833421409e-12,optimal
