variant,date,month,risk_mode,lp_solution_count,planning_simultaneous_flow_slots_total,planning_simultaneous_flow_slots_max_per_lp,planning_simultaneous_flow_max_kwh,execution_simultaneous_flow_slots,execution_simultaneous_flow_max_kwh,target_soc_mae_kwh,target_soc_rmse_kwh,target_soc_max_abs_kwh,initial_plan_to_effective_grid_mae_kwh_per_slot,initial_plan_to_effective_grid_rmse_kwh_per_slot,initial_plan_to_effective_grid_sum_kwh,final_contract_to_effective_grid_mae_kwh_per_slot,final_contract_to_effective_grid_rmse_kwh_per_slot,final_contract_to_effective_grid_sum_kwh,emergency_slots,emergency_soc_end_at_min_rate,max_balance_residual_kwh
q2_fixed_clustered,2025-02-01,2,clustered,1,0,0,0.0,0,0.0,2194.3496860598593,3546.8152705360408,9600.0,402.3170746736853,579.4592513238351,-57933.658753010684,402.3170746736853,579.4592513238351,-57933.658753010684,0,,3.410605131648481e-13
q2_fixed_clustered,2025-02-02,2,clustered,1,0,0,0.0,0,0.0,1065.9547435193444,2178.221117146378,7062.51619225793,177.30203400041802,380.5345211977978,-25415.973226879887,177.30203400041802,380.5345211977978,-25415.973226879887,1,1.0,3.410605131648481e-13
q2_fixed_clustered,2025-02-03,2,clustered,1,0,0,0.0,0,0.0,1082.7823884978914,2251.886980084657,7168.329128051368,167.47278533433456,370.06456603477227,-24108.849144009335,167.47278533433456,370.06456603477227,-24108.849144009335,1,1.0,3.410605131648481e-13
q2_fixed_clustered,2025-02-04,2,clustered,1,0,0,0.0,0,0.0,1018.7314284330005,2062.1448116847105,6519.996909426787,159.1219701732811,349.1768346959593,-22913.56370495248,159.1219701732811,349.1768346959593,-22913.56370495248,0,,2.984279490192421e-13
q2_fixed_clustered,2025-02-05,2,clustered,1,0,0,0.0,0,0.0,700.0127520096845,1333.0029250602702,3756.661333115948,104.95342428114716,250.00077790959438,-15113.293096485191,104.95342428114716,250.00077790959438,-15113.293096485191,0,,2.2737367544323206e-13
q2_fixed_clustered,2025-02-06,2,clustered,1,0,0,0.0,0,0.0,771.1500062409038,1507.4233765301212,4502.204537732906,110.7864204135642,257.4314784157206,-15953.244539553245,110.7864204135642,257.4314784157206,-15953.244539553245,0,,2.2737367544323206e-13
q2_fixed_clustered,2025-02-07,2,clustered,1,0,0,0.0,0,0.0,2151.3492865512403,3489.2752091033003,9600.0,396.52939043321595,579.0720306117363,-57100.2322223831,396.52939043321595,579.0720306117363,-57100.2322223831,0,,2.2737367544323206e-13
q2_fixed_clustered,2025-02-08,2,clustered,1,0,0,0.0,0,0.0,2105.730000636825,3440.189911977543,9600.0,341.41643185142357,506.242960282284,-49163.966186604994,341.41643185142357,506.242960282284,-49163.966186604994,0,,2.2737367544323206e-13
q2_fixed_clustered,2025-02-09,2,clustered,1,0,0,0.0,0,0.0,713.5516710337045,1404.4848240718657,3964.2392711966513,96.98572412766129,235.0801484261247,-13838.508369736737,96.98572412766129,235.0801484261247,-13838.508369736737,3,1.0,2.2737367544323206e-13
q2_fixed_clustered,2025-02-10,2,clustered,1,0,0,0.0,0,0.0,900.0236727416983,1910.4164979412715,6090.3118279020355,129.1549748433348,293.1053472740939,-18598.316377440213,129.1549748433348,293.1053472740939,-18598.316377440213,0,,2.2737367544323206e-13
q2_fixed_clustered,2025-02-11,2,clustered,1,0,0,0.0,0,0.0,817.1239028528882,1660.232220543222,5092.627861209756,125.77173048107281,279.99565077954486,-17928.117190591554,125.77173048107281,279.99565077954486,-17928.117190591554,5,1.0,2.2737367544323206e-13
q2_fixed_clustered,2025-02-12,2,clustered,1,0,0,0.0,0,0.0,856.6384575587825,1800.2832686200325,5619.06608951807,124.60834881124492,281.22502101970144,-17924.689140056358,124.60834881124492,281.22502101970144,-17924.689140056358,1,1.0,2.2737367544323206e-13
q2_fixed_clustered,2025-02-13,2,clustered,1,0,0,0.0,0,0.0,993.289353511598,2113.4151074764095,6986.962356101027,151.03897567248168,330.2763630353758,-21749.612496837362,151.03897567248168,330.2763630353758,-21749.612496837362,0,,2.2737367544323206e-13
q2_fixed_clustered,2025-02-14,2,clustered,1,0,0,0.0,0,0.0,2092.225128685948,3423.1943467438978,9600.0,325.17945567421873,488.8966298713519,-46825.8416170875,325.17945567421873,488.8966298713519,-46825.8416170875,0,,2.2737367544323206e-13
q2_fixed_clustered,2025-02-15,2,clustered,1,0,0,0.0,0,0.0,2084.2360403409275,3411.385843546401,9600.0,328.631625665883,492.51104276800095,-47322.95409588715,328.631625665883,492.51104276800095,-47322.95409588715,0,,2.2737367544323206e-13
q2_fixed_clustered,2025-02-16,2,clustered,1,0,0,0.0,0,0.0,784.1389739551192,1556.516115826562,4434.126899065283,111.29793754674198,265.87047305412835,-15745.21480853525,111.29793754674198,265.87047305412835,-15745.21480853525,1,1.0,2.984279490192421e-13
q2_fixed_clustered,2025-02-17,2,clustered,1,0,0,0.0,0,0.0,987.731288544579,2072.765185042656,6582.138334986903,137.27473516228437,310.35780824870517,-19505.4438451467,137.27473516228437,310.35780824870517,-19505.4438451467,3,1.0,2.5579538487363607e-13
q2_fixed_clustered,2025-02-18,2,clustered,1,0,0,0.0,0,0.0,938.7649659491094,1957.9381610722983,6260.639945318564,131.78463604417686,293.6101784960246,-18909.98811287575,131.78463604417686,293.6101784960246,-18909.98811287575,1,1.0,2.2737367544323206e-13
q2_fixed_clustered,2025-02-19,2,clustered,1,0,0,0.0,0,0.0,800.2226090991858,1646.7551862774428,5037.163303068777,120.69946315054489,269.74668682540675,-17078.247965399732,120.69946315054489,269.74668682540675,-17078.247965399732,8,1.0,2.2737367544323206e-13
q2_fixed_clustered,2025-02-20,2,clustered,1,0,0,0.0,0,0.0,931.4535248907952,1840.6816257945106,5539.947244922991,137.67192027967155,302.78755820119994,-19824.756520272702,137.67192027967155,302.78755820119994,-19824.756520272702,0,,2.8421709430404007e-13
q2_fixed_clustered,2025-02-21,2,clustered,1,0,0,0.0,0,0.0,2113.7798436383196,3443.649546936946,9600.0,329.4609196584379,495.01982715624604,-47442.372430815056,329.4609196584379,495.01982715624604,-47442.372430815056,0,,2.2737367544323206e-13
q2_fixed_clustered,2025-02-22,2,clustered,1,0,0,0.0,0,0.0,2093.1896083707206,3411.729530874542,9600.0,320.3816770559593,486.3850525221682,-46134.96149605814,320.3816770559593,486.3850525221682,-46134.96149605814,0,,3.410605131648481e-13
q2_fixed_clustered,2025-02-23,2,clustered,1,0,0,0.0,0,0.0,809.7064341910047,1661.4722903202194,4960.082379050081,119.26749261430321,271.81907289268565,-16884.54621499743,119.26749261430321,271.81907289268565,-16884.54621499743,3,1.0,3.694822225952521e-13
q2_fixed_clustered,2025-02-24,2,clustered,1,0,0,0.0,0,0.0,988.4698937399901,2078.1618364594988,6780.178628333918,135.75692352437187,304.57875899614237,-19325.53026606283,135.75692352437187,304.57875899614237,-19325.53026606283,5,1.0,2.2737367544323206e-13
q2_fixed_clustered,2025-02-25,2,clustered,1,0,0,0.0,0,0.0,1051.735192928193,2247.970137326671,7639.224239940968,146.01769922282747,323.6016078288508,-20833.955248909355,146.01769922282747,323.6016078288508,-20833.955248909355,6,1.0,3.410605131648481e-13
q2_fixed_clustered,2025-02-26,2,clustered,1,0,0,0.0,0,0.0,961.2503594483256,2014.4759112725203,6524.438253024973,121.58007694403689,281.65736642178274,-17507.531079941313,121.58007694403689,281.65736642178274,-17507.531079941313,0,,3.410605131648481e-13
q2_fixed_clustered,2025-02-27,2,clustered,1,0,0,0.0,0,0.0,860.9079363216596,1799.5001496835755,5734.9219536842875,140.64593615825856,298.6854271255377,-20130.21087925594,140.64593615825856,298.6854271255377,-20130.21087925594,5,1.0,2.2737367544323206e-13
q2_fixed_clustered,2025-02-28,2,clustered,1,0,0,0.0,0,0.0,2076.8211139051364,3382.898399239631,9600.0,320.1685398114104,483.35620941450696,-46104.2697328431,320.1685398114104,483.35620941450696,-46104.2697328431,0,,2.2737367544323206e-13
q2_fixed_clustered,2025-03-01,3,clustered,1,0,0,0.0,0,0.0,2068.362351648261,3375.537593592835,9600.0,320.48042738105755,479.0932977568054,-46149.18154287229,320.48042738105755,479.0932977568054,-46149.18154287229,0,,2.2737367544323206e-13
q2_fixed_clustered,2025-03-02,3,clustered,1,0,0,0.0,0,0.0,794.3986714264691,1652.5575514123589,5057.135857942085,96.43795304179086,223.59846586872357,-13254.495117599588,96.43795304179086,223.59846586872357,-13254.495117599588,7,1.0,3.410605131648481e-13
q2_fixed_clustered,2025-03-03,3,clustered,1,0,0,0.0,0,0.0,397.91559434574816,746.8167774617812,1781.942455173868,33.545975912142815,105.63667729013068,-4375.547496823273,33.545975912142815,105.63667729013068,-4375.547496823273,8,1.0,1.5276668818842154e-13
q2_fixed_clustered,2025-03-04,3,clustered,1,0,0,0.0,0,0.0,495.1015843662929,948.0475458854029,2645.17018239396,40.02924590654939,134.80605196383866,-5597.481842955605,40.02924590654939,134.80605196383866,-5597.481842955605,6,1.0,2.2737367544323206e-13
q2_fixed_clustered,2025-03-05,3,clustered,1,0,0,0.0,0,0.0,753.2706303697171,1571.1995056958237,4746.19191052395,80.23604481632842,197.76975968956899,-11368.492361031285,80.23604481632842,197.76975968956899,-11368.492361031285,3,1.0,2.2737367544323206e-13
q2_fixed_clustered,2025-03-06,3,clustered,1,0,0,0.0,0,0.0,859.0461814255556,1778.8020553831843,5415.882159728631,84.79246544568335,209.3071372416999,-12210.115024178402,84.79246544568335,209.3071372416999,-12210.115024178402,0,,2.2737367544323206e-13
q2_fixed_clustered,2025-03-07,3,clustered,1,0,0,0.0,0,0.0,2291.7257411998394,3627.5954592702155,9267.664030758364,248.65862087673577,403.01310900525374,-35806.84140624995,248.65862087673577,403.01310900525374,-35806.84140624995,0,,2.2737367544323206e-13
q2_fixed_clustered,2025-03-08,3,clustered,1,0,0,0.0,0,0.0,2389.7920109537645,3822.256916964267,9600.0,222.85075398789922,365.4532504102025,-32090.50857425749,222.85075398789922,365.4532504102025,-32090.50857425749,0,,2.2737367544323206e-13
q2_fixed_clustered,2025-03-09,3,clustered,1,0,0,0.0,0,0.0,644.1608817605832,1297.2035042414764,3629.98546445614,59.53503811592371,166.87752130515054,-8216.168191887418,59.53503811592371,166.87752130515054,-8216.168191887418,7,1.0,2.2737367544323206e-13
q2_fixed_clustered,2025-03-10,3,clustered,1,0,0,0.0,0,0.0,550.2947802699608,1052.180480214008,2853.766280037141,45.0317228383733,144.19210012447792,-6189.8432971962675,45.0317228383733,144.19210012447792,-6189.8432971962675,4,1.0,1.1368683772161603e-13
q2_fixed_clustered,2025-03-11,3,clustered,1,0,0,0.0,0,0.0,790.9492310241491,1659.544203126336,4983.212731353593,63.03502019014435,183.79737071730042,-9077.042907380786,63.03502019014435,183.79737071730042,-9077.042907380786,0,,2.2737367544323206e-13
q2_fixed_clustered,2025-03-12,3,clustered,1,0,0,0.0,0,0.0,709.4062355248759,1479.2045909948736,4344.983276805528,64.39929007648999,187.19696082248407,-9157.016842646965,64.39929007648999,187.19696082248407,-9157.016842646965,1,1.0,2.2737367544323206e-13
q2_fixed_clustered,2025-03-13,3,clustered,1,0,0,0.0,0,0.0,712.3291123515803,1363.252689582926,3591.318206961121,50.45090017481591,158.1289708202192,-6894.197558205353,50.45090017481591,158.1289708202192,-6894.197558205353,3,1.0,1.1368683772161603e-13
q2_fixed_clustered,2025-03-14,3,clustered,1,0,0,0.0,0,0.0,2413.9062943542667,3869.3511019286234,9600.0,221.75974553720985,365.26798142229904,-31933.40335735822,221.75974553720985,365.26798142229904,-31933.40335735822,0,,3.410605131648481e-13
q2_fixed_clustered,2025-03-15,3,clustered,1,0,0,0.0,0,0.0,2359.1627442094336,3847.7182809335786,9600.0,208.61644228936177,342.92268027862076,-30040.767689668097,208.61644228936177,342.92268027862076,-30040.767689668097,0,,1.1368683772161603e-13
q2_fixed_clustered,2025-03-16,3,clustered,1,0,0,0.0,0,0.0,630.6568091230022,1275.7542528760414,3647.981687548344,51.99936597424723,159.09197901580006,-7487.908700291601,51.99936597424723,159.09197901580006,-7487.908700291601,0,,3.410605131648481e-13
q2_fixed_clustered,2025-03-17,3,clustered,1,0,0,0.0,0,0.0,924.201900513671,1916.459831511594,5743.002298308655,74.16481789148597,208.68494380317318,-10521.970777220016,74.16481789148597,208.68494380317318,-10521.970777220016,4,1.0,3.410605131648481e-13
q2_fixed_clustered,2025-03-18,3,clustered,1,0,0,0.0,0,0.0,607.0014586576486,1146.6680335222813,3084.316804778832,52.8653307269832,147.75956976292358,-7612.607624685581,52.8653307269832,147.75956976292358,-7612.607624685581,0,,2.2737367544323206e-13
q2_fixed_clustered,2025-03-19,3,clustered,1,0,0,0.0,0,0.0,651.9998787074337,1232.8553747984156,3430.1042466311683,60.757696924128204,166.81765460854797,-8749.108357074461,60.757696924128204,166.81765460854797,-8749.108357074461,0,,2.2737367544323206e-13
q2_fixed_clustered,2025-03-20,3,clustered,1,0,0,0.0,0,0.0,686.0654376675552,1327.3746787242467,3618.4922766332784,51.536780253715555,160.6392936986931,-7209.8907293320535,51.536780253715555,160.6392936986931,-7209.8907293320535,2,1.0,2.2737367544323206e-13
q2_fixed_clustered,2025-03-21,3,clustered,1,0,0,0.0,0,0.0,2378.8171573242107,3878.537276277031,9600.0,198.68240952280016,331.35928047031035,-28610.26697128322,198.68240952280016,331.35928047031035,-28610.26697128322,0,,2.2737367544323206e-13
q2_fixed_clustered,2025-03-22,3,clustered,1,0,0,0.0,0,0.0,2404.6608943273554,3902.449288129156,9600.0,204.39099368573955,338.4180338211247,-29432.303090746496,204.39099368573955,338.4180338211247,-29432.303090746496,0,,3.410605131648481e-13
q2_fixed_clustered,2025-03-23,3,clustered,1,0,0,0.0,0,0.0,510.40031151583776,999.5122673016932,2520.8774299519237,36.74223577175328,111.59639246082834,-4993.717923236844,36.74223577175328,111.59639246082834,-4993.717923236844,2,1.0,2.2737367544323206e-13
q2_fixed_clustered,2025-03-24,3,clustered,1,0,0,0.0,0,0.0,588.3458486981056,1167.387263216918,3286.0461572733248,33.88858332161627,102.51329927714991,-4879.955998312742,33.88858332161627,102.51329927714991,-4879.955998312742,0,,2.2737367544323206e-13
q2_fixed_clustered,2025-03-25,3,clustered,1,0,0,0.0,0,0.0,287.2795024021958,501.5041940112824,1264.7115590548829,21.51507489746601,78.56234025272899,-2822.2199362092542,21.51507489746601,78.56234025272899,-2822.2199362092542,4,1.0,2.8421709430404007e-13
q2_fixed_clustered,2025-03-26,3,clustered,1,0,0,0.0,0,0.0,723.9000959851885,1501.366501312262,4561.454213546938,57.17695723495672,152.4344144928212,-8164.395448720258,57.17695723495672,152.4344144928212,-8164.395448720258,1,1.0,3.410605131648481e-13
q2_fixed_clustered,2025-03-27,3,clustered,1,0,0,0.0,0,0.0,561.0449458904066,1102.8303096405132,2846.421834695225,41.436600662963514,127.43423502133878,-5822.864941984008,41.436600662963514,127.43423502133878,-5822.864941984008,3,1.0,2.2737367544323206e-13
q2_fixed_clustered,2025-03-28,3,clustered,1,0,0,0.0,0,0.0,2413.8941232458446,3856.8218713991455,9600.0,188.75088880272256,318.93565263841236,-27180.127987592048,188.75088880272256,318.93565263841236,-27180.127987592048,0,,1.1368683772161603e-13
q2_fixed_clustered,2025-03-29,3,clustered,1,0,0,0.0,0,0.0,2395.0140119135644,3877.268755121431,9600.0,182.12932663503372,309.41003184737724,-26226.623035444856,182.12932663503372,309.41003184737724,-26226.623035444856,0,,2.2737367544323206e-13
q2_fixed_clustered,2025-03-30,3,clustered,1,0,0,0.0,0,0.0,445.09860460651294,813.50870461862,2230.5080859455293,26.604491628596254,76.99399986306238,-3787.0375721149458,26.604491628596254,76.99399986306238,-3787.0375721149458,1,1.0,2.2737367544323206e-13
q2_fixed_clustered,2025-03-31,3,clustered,1,0,0,0.0,0,0.0,625.6344278414017,1227.6420461816872,3385.0475317609007,21.879842142561927,86.96031536312354,-3150.6972685289174,21.879842142561927,86.96031536312354,-3150.6972685289174,0,,2.2737367544323206e-13
q2_fixed_clustered,2025-04-01,4,clustered,1,0,0,0.0,0,0.0,397.084512033117,662.0711317034338,1742.693276650104,6.559272099254793,24.4673289284426,-634.3130320072315,6.559272099254793,24.4673289284426,-634.3130320072315,5,1.0,2.2737367544323206e-13
q2_fixed_clustered,2025-04-02,4,clustered,1,0,0,0.0,0,0.0,276.4786295874214,452.93534755775767,1281.0535624714194,14.855441778949025,43.03995061549632,238.52807135912417,14.855441778949025,43.03995061549632,238.52807135912417,10,1.0,1.1368683772161603e-13
q2_fixed_clustered,2025-04-03,4,clustered,1,0,0,0.0,0,0.0,365.2963694199812,701.122200539329,2105.4263814829874,34.382730437294114,94.47827235914392,-4847.876499958235,34.382730437294114,94.47827235914392,-4847.876499958235,2,1.0,3.410605131648481e-13
q2_fixed_clustered,2025-04-04,4,clustered,1,0,0,0.0,0,0.0,2470.415423769752,3885.810743648662,9599.996752584817,176.59629945445988,309.0574516848159,-25429.867121442225,176.59629945445988,309.0574516848159,-25429.867121442225,0,,2.2737367544323206e-13
q2_fixed_clustered,2025-04-05,4,clustered,1,0,0,0.0,0,0.0,2386.3670650401186,3778.089565856302,9109.277811250042,164.17933766039297,289.8667840865417,-23641.82462309659,164.17933766039297,289.8667840865417,-23641.82462309659,0,,2.2737367544323206e-13
q2_fixed_clustered,2025-04-06,4,clustered,1,0,0,0.0,0,0.0,284.0160822791262,515.1987608122616,1453.4344921132852,16.3162640703518,45.44451747329014,-2055.099489890756,16.3162640703518,45.44451747329014,-2055.099489890756,5,1.0,1.2789769243681803e-13
q2_fixed_clustered,2025-04-07,4,clustered,1,0,0,0.0,0,0.0,560.9618731134386,1053.51471218976,3221.0531647302723,13.774197996212415,57.1978765364421,-1983.4845114545878,13.774197996212415,57.1978765364421,-1983.4845114545878,0,,1.1368683772161603e-13
q2_fixed_clustered,2025-04-08,4,clustered,1,0,0,0.0,0,0.0,109.91087616924916,165.63506756602698,770.0355409618242,10.237310381059208,27.713525608851196,-949.3730594902756,10.237310381059208,27.713525608851196,-949.3730594902756,9,1.0,2.2737367544323206e-13
q2_fixed_clustered,2025-04-09,4,clustered,1,0,0,0.0,0,0.0,940.6643619873387,1451.7724826754265,3090.9863667106747,15.281595031167516,103.16243135555109,2133.8131685520234,15.281595031167516,103.16243135555109,2133.8131685520234,5,1.0,1.1368683772161603e-13
q2_fixed_clustered,2025-04-10,4,clustered,1,0,0,0.0,0,0.0,152.5971183244584,211.30095649194797,563.5636036917033,11.659684513369042,36.875572299251544,-1577.0372961601847,11.659684513369042,36.875572299251544,-1577.0372961601847,2,1.0,2.2737367544323206e-13
q2_fixed_clustered,2025-04-11,4,clustered,1,0,0,0.0,0,0.0,2420.362653531621,3770.1159775511424,9262.447664100202,147.86503177975464,278.97757160934646,-21292.56457628467,147.86503177975464,278.97757160934646,-21292.56457628467,0,,1.1368683772161603e-13
q2_fixed_clustered,2025-04-12,4,clustered,1,0,0,0.0,0,0.0,2447.6930375778356,3780.7957288536404,9006.045663921923,138.82666709441168,268.96090168928106,-19991.040061595282,138.82666709441168,268.96090168928106,-19991.040061595282,0,,1.1368683772161603e-13
q2_fixed_clustered,2025-04-13,4,clustered,1,0,0,0.0,0,0.0,326.39024302932785,465.4487953737052,1237.3647727097632,2.9670427929109247,19.09685483066106,208.05693651286606,2.9670427929109247,19.09685483066106,208.05693651286606,5,1.0,1.1368683772161603e-13
q2_fixed_clustered,2025-04-14,4,clustered,1,0,0,0.0,0,0.0,358.27130327136143,482.02021759184925,1119.0719880284305,6.127973016680655,20.67341513595501,-628.0452470601084,6.127973016680655,20.67341513595501,-628.0452470601084,5,1.0,1.4921397450962104e-13
q2_fixed_clustered,2025-04-15,4,clustered,1,0,0,0.0,0,0.0,532.4704253510239,1086.351376400877,3226.050513649001,14.78011957298909,56.447422922171135,-1926.317070196886,14.78011957298909,56.447422922171135,-1926.317070196886,5,1.0,1.1368683772161603e-13
q2_fixed_clustered,2025-04-16,4,clustered,1,0,0,0.0,0,0.0,1014.3958848227369,1450.3343714195141,2824.03306527482,12.965695447833228,89.69159939824148,1815.7030085625393,12.965695447833228,89.69159939824148,1815.7030085625393,8,1.0,1.1368683772161603e-13
q2_fixed_clustered,2025-04-17,4,clustered,1,0,0,0.0,0,0.0,190.17802492445762,294.95277614810084,743.4437585579362,7.545131052931184,22.895019820035085,-977.189001207908,7.545131052931184,22.895019820035085,-977.189001207908,2,1.0,2.2737367544323206e-13
q2_fixed_clustered,2025-04-18,4,clustered,1,0,0,0.0,0,0.0,2360.3582439442334,3587.8599900358568,8533.399114715143,133.879024040654,275.30487507990483,-19278.579461854177,133.879024040654,275.30487507990483,-19278.579461854177,0,,1.7053025658242404e-13
q2_fixed_clustered,2025-04-19,4,clustered,1,0,0,0.0,0,0.0,2297.088905039752,3467.490158488743,8124.855052003771,134.30836696994322,270.2549817425302,-19340.404843671822,134.30836696994322,270.2549817425302,-19340.404843671822,0,,1.7053025658242404e-13
q2_fixed_clustered,2025-04-20,4,clustered,1,0,0,0.0,0,0.0,265.886809042172,364.7765153830564,1007.7891684641288,8.037664811360019,25.470793704584775,-873.1255716861707,8.037664811360019,25.470793704584775,-873.1255716861707,3,1.0,2.2737367544323206e-13
q2_fixed_clustered,2025-04-21,4,clustered,1,0,0,0.0,0,0.0,262.0156329076133,370.4736729111217,910.8760468425626,10.858790216102143,31.344547884270877,-1501.5774749736506,10.858790216102143,31.344547884270877,-1501.5774749736506,4,1.0,2.2737367544323206e-13
q2_fixed_clustered,2025-04-22,4,clustered,1,0,0,0.0,0,0.0,208.01694427344046,288.5415222405187,767.5162278812568,3.0448620514584643,15.30044514469973,-438.4601354100189,3.0448620514584643,15.30044514469973,-438.4601354100189,0,,2.5579538487363607e-13
q2_fixed_clustered,2025-04-23,4,clustered,1,0,0,0.0,0,0.0,344.9078794737549,431.57524927124973,958.529689619063,2.169071278756444,10.63332286470452,-312.34626414092793,2.169071278756444,10.63332286470452,-312.34626414092793,0,,1.1368683772161603e-13
q2_fixed_clustered,2025-04-24,4,clustered,1,0,0,0.0,0,0.0,270.63267423218616,438.29946712678355,1252.8527526302187,12.94303040143756,33.23255866389915,-1858.5137955647488,12.94303040143756,33.23255866389915,-1858.5137955647488,1,1.0,2.2737367544323206e-13
q2_fixed_clustered,2025-04-25,4,clustered,1,0,0,0.0,0,0.0,2570.9900094599357,3829.542718327103,9174.283468554877,126.42073294840361,266.59414719342976,-18204.58554457012,126.42073294840361,266.59414719342976,-18204.58554457012,0,,1.1368683772161603e-13
q2_fixed_clustered,2025-04-26,4,clustered,1,0,0,0.0,0,0.0,2590.7520512124015,3813.9407626974216,8729.479439044853,118.64457006464158,254.20575644879918,-17084.818089308388,118.64457006464158,254.20575644879918,-17084.818089308388,0,,1.1368683772161603e-13
q2_fixed_clustered,2025-04-27,4,clustered,1,0,0,0.0,0,0.0,299.26853191426505,404.9588325161532,1017.0416927974682,1.885074079846241,11.785878194850877,-10.949340503519466,1.885074079846241,11.785878194850877,-10.949340503519466,1,1.0,1.1368683772161603e-13
q2_fixed_clustered,2025-04-28,4,clustered,1,0,0,0.0,0,0.0,2480.9671033960108,3684.75567096601,7042.41374192956,44.03172118541931,168.21780379035187,6143.951462593817,44.03172118541931,168.21780379035187,6143.951462593817,16,1.0,1.1368683772161603e-13
q2_fixed_clustered,2025-04-29,4,clustered,1,0,0,0.0,0,0.0,589.3147950679148,832.0683603617449,1914.1292633540743,6.896486895267257,61.478240138135355,640.1068488417134,6.896486895267257,61.478240138135355,640.1068488417134,2,1.0,1.1368683772161603e-13
q2_fixed_clustered,2025-04-30,4,clustered,1,0,0,0.0,0,0.0,281.4215366901102,398.8809209354371,1178.1835095556862,4.52475753772956,17.471889375931276,-530.3683298430359,4.52475753772956,17.471889375931276,-530.3683298430359,3,1.0,2.7711166694643907e-13
q2_fixed_clustered,2025-05-01,5,clustered,1,0,0,0.0,0,0.0,517.5394621548801,697.6228836977127,1625.559919830695,15.985534530208175,100.03595960622114,2078.1312148296856,15.985534530208175,100.03595960622114,2078.1312148296856,10,1.0,8.526512829121202e-14
q2_fixed_clustered,2025-05-02,5,clustered,1,0,0,0.0,0,0.0,2599.1581725589353,3667.986735263564,8948.771717135187,92.34127277914024,213.928334796931,-13297.143280196195,92.34127277914024,213.928334796931,-13297.143280196195,0,,1.1368683772161603e-13
q2_fixed_clustered,2025-05-03,5,clustered,1,0,0,0.0,0,0.0,2436.2247130657915,3711.2301711903838,9599.999470220231,97.89684333763353,210.4219590660475,-14097.145440619228,97.89684333763353,210.4219590660475,-14097.145440619228,0,,1.1368683772161603e-13
q2_fixed_clustered,2025-05-04,5,clustered,1,0,0,0.0,0,0.0,786.0530874371723,1096.3806340206243,2646.2443945581963,22.048753940919223,116.14825444193383,3175.020567492368,22.048753940919223,116.14825444193383,3175.020567492368,11,1.0,0.0
q2_fixed_clustered,2025-05-05,5,clustered,1,0,0,0.0,0,0.0,1279.6948832524631,1818.7785188705418,4090.394514303186,48.58572337353422,165.08714093154896,6996.344165788928,48.58572337353422,165.08714093154896,6996.344165788928,25,1.0,0.0
q2_fixed_clustered,2025-05-06,5,clustered,1,0,0,0.0,0,0.0,795.1215359533367,922.9018349339725,1985.470786288839,33.26557198619858,122.39457088016758,4790.242366012595,33.26557198619858,122.39457088016758,4790.242366012595,23,1.0,1.1368683772161603e-13
q2_fixed_clustered,2025-05-07,5,clustered,1,0,0,0.0,0,0.0,1324.983192026456,1916.1998206402159,4642.312477414311,44.80059065341632,166.1300265833744,6436.504874789843,44.80059065341632,166.1300265833744,6436.504874789843,21,1.0,1.1368683772161603e-13
q2_fixed_clustered,2025-05-08,5,clustered,1,0,0,0.0,0,0.0,1931.695002821454,2874.2968446587124,5735.456114083384,47.31718622668964,182.3762793437999,6617.48071957527,47.31718622668964,182.3762793437999,6617.48071957527,22,1.0,1.1368683772161603e-13
q2_fixed_clustered,2025-05-09,5,clustered,1,0,0,0.0,0,0.0,2530.3914558989945,3655.9880230127483,9254.89323697998,102.82191288666901,229.1654658997111,-14806.355455680337,102.82191288666901,229.1654658997111,-14806.355455680337,0,,1.1368683772161603e-13
q2_fixed_clustered,2025-05-10,5,clustered,1,0,0,0.0,0,0.0,2428.613699709762,3606.419725365255,9390.410427035038,99.57829187522965,218.60739394844333,-14339.27403003307,99.57829187522965,218.60739394844333,-14339.27403003307,0,,1.1368683772161603e-13
q2_fixed_clustered,2025-05-11,5,clustered,1,0,0,0.0,0,0.0,1993.7217515980908,2843.860739233331,6067.9980447742855,47.22427860853669,178.83599777717762,6744.697874507157,47.22427860853669,178.83599777717762,6744.697874507157,25,0.96,1.1368683772161603e-13
q2_fixed_clustered,2025-05-12,5,clustered,1,0,0,0.0,0,0.0,1037.3400773501442,1571.0757205420193,3684.5495829565025,24.920261612858507,131.35372759179015,3577.5206544137586,24.920261612858507,131.35372759179015,3577.5206544137586,9,1.0,1.1368683772161603e-13
q2_fixed_clustered,2025-05-13,5,clustered,1,0,0,0.0,0,0.0,1391.0579945683783,2103.483750754382,4197.688001851271,38.83085521175434,153.8736266168293,5534.572414545115,38.83085521175434,153.8736266168293,5534.572414545115,21,1.0,1.1368683772161603e-13
q2_fixed_clustered,2025-05-14,5,clustered,1,0,0,0.0,0,0.0,1394.8425744365557,1968.1725005922333,3832.5360658892,28.663276070246656,140.0779677383526,4090.914373950671,28.663276070246656,140.0779677383526,4090.914373950671,15,1.0,1.1368683772161603e-13
q2_fixed_clustered,2025-05-15,5,clustered,1,0,0,0.0,0,0.0,1275.0011337963524,1926.1156924548366,4219.403200887041,33.47255755386532,144.67759523597405,4427.646112444704,33.47255755386532,144.67759523597405,4427.646112444704,16,1.0,1.1368683772161603e-13
q2_fixed_clustered,2025-05-16,5,clustered,1,0,0,0.0,0,0.0,2724.548980024001,3993.0742213515477,9599.999457435331,105.75860425435053,228.9825570966182,-15229.239012626476,105.75860425435053,228.9825570966182,-15229.239012626476,0,,1.1368683772161603e-13
q2_fixed_clustered,2025-05-17,5,clustered,1,0,0,0.0,0,0.0,2586.2985430802855,3903.1614865397955,9599.999455586703,102.99655648559595,223.455626522839,-14831.504133925817,102.99655648559595,223.455626522839,-14831.504133925817,0,,5.684341886080802e-14
q2_fixed_clustered,2025-05-18,5,clustered,1,0,0,0.0,0,0.0,1533.5714080639573,2105.801084110226,3899.8932601271626,34.500244902776366,143.0873240114305,4800.21271699224,34.500244902776366,143.0873240114305,4800.21271699224,15,1.0,1.1368683772161603e-13
q2_fixed_clustered,2025-05-19,5,clustered,1,0,0,0.0,0,0.0,265.94720742328775,388.15890265335645,1116.6265236712666,6.528379769206313,47.87877271751335,670.8818313839885,6.528379769206313,47.87877271751335,670.8818313839885,8,0.75,2.2737367544323206e-13
q2_fixed_clustered,2025-05-20,5,clustered,1,0,0,0.0,0,0.0,1743.802964157128,2785.4825303342836,5568.359526492577,39.162873020990276,166.46308763437048,5529.434283585585,39.162873020990276,166.46308763437048,5529.434283585585,13,1.0,1.1368683772161603e-13
q2_fixed_clustered,2025-05-21,5,clustered,1,0,0,0.0,0,0.0,443.3632431364493,665.5722242226338,1471.9909529496163,10.11785823774493,75.39776112033242,1286.5026873848394,10.11785823774493,75.39776112033242,1286.5026873848394,7,1.0,1.1368683772161603e-13
q2_fixed_clustered,2025-05-22,5,clustered,1,0,0,0.0,0,0.0,426.73866531105756,620.6477048326976,1430.4052275130216,11.029086150831334,75.8042332907247,563.3528285967118,11.029086150831334,75.8042332907247,563.3528285967118,2,1.0,1.1368683772161603e-13
q2_fixed_clustered,2025-05-23,5,clustered,1,0,0,0.0,0,0.0,2517.1151814298896,3729.963294764001,9108.587777906854,114.839046398912,249.30229096262937,-16536.82268144333,114.839046398912,249.30229096262937,-16536.82268144333,0,,1.1368683772161603e-13
q2_fixed_clustered,2025-05-24,5,clustered,1,0,0,0.0,0,0.0,2559.179222517613,3825.4608297674317,9599.999453051481,111.83087236336642,239.3441290919041,-16103.645620324765,111.83087236336642,239.3441290919041,-16103.645620324765,0,,1.1368683772161603e-13
q2_fixed_clustered,2025-05-25,5,clustered,1,0,0,0.0,0,0.0,446.6855999022457,583.3075886089235,1164.2608452428121,9.473858872437031,69.23969416271066,1014.4263542716309,9.473858872437031,69.23969416271066,1014.4263542716309,8,1.0,1.1368683772161603e-13
q2_fixed_clustered,2025-05-26,5,clustered,1,0,0,0.0,0,0.0,2136.0113603620916,3098.9117887375983,5622.406732076026,38.63512440660465,160.4197408337328,5090.057494813913,38.63512440660465,160.4197408337328,5090.057494813913,13,1.0,1.1368683772161603e-13
q2_fixed_clustered,2025-05-27,5,clustered,1,0,0,0.0,0,0.0,127.5294075618483,188.09308944801282,660.4042561814895,4.562430371951631,18.101668477431666,-334.47883539598683,4.562430371951631,18.101668477431666,-334.47883539598683,1,1.0,1.1368683772161603e-13
q2_fixed_clustered,2025-05-28,5,clustered,1,0,0,0.0,0,0.0,1394.027544460226,1942.682636069044,3882.176873523086,17.102107637241236,107.33259379859149,2230.9425813769476,17.102107637241236,107.33259379859149,2230.9425813769476,4,1.0,1.1368683772161603e-13
q2_fixed_clustered,2025-05-29,5,clustered,1,0,0,0.0,0,0.0,1877.9713869688662,2598.864824445988,4493.599644284255,32.75734688816843,145.23333166884495,3588.100735909503,32.75734688816843,145.23333166884495,3588.100735909503,11,0.9090909090909091,2.2737367544323206e-13
q2_fixed_clustered,2025-05-30,5,clustered,1,0,0,0.0,0,0.0,2492.422942977087,3660.662892351501,8658.059209289975,118.98146718406662,254.50269750065945,-17133.331274505592,118.98146718406662,254.50269750065945,-17133.331274505592,0,,1.1368683772161603e-13
q2_fixed_clustered,2025-05-31,5,clustered,1,0,0,0.0,0,0.0,2478.7189773718064,3663.178994672299,8984.803437985782,116.62582872156791,245.5316862783808,-16794.11933590578,116.62582872156791,245.5316862783808,-16794.11933590578,0,,1.1368683772161603e-13
q2_fixed_clustered,2025-06-01,6,clustered,1,0,0,0.0,0,0.0,3810.5483540076343,5185.719875642189,9600.0,137.68512364258333,271.25522875020664,19826.657804532,137.68512364258333,271.25522875020664,19826.657804532,74,1.0,1.1368683772161603e-13
q2_fixed_clustered,2025-06-02,6,clustered,1,0,0,0.0,0,0.0,3507.9969153092075,4702.394836612593,9600.0,110.84916793097673,262.3886304465995,15962.28018206065,110.84916793097673,262.3886304465995,15962.28018206065,46,1.0,0.0
q2_fixed_clustered,2025-06-03,6,clustered,1,0,0,0.0,0,0.0,3577.043524334699,4752.805226088989,9600.0,107.74873789395605,259.94380228082537,15515.81825672967,107.74873789395605,259.94380228082537,15515.81825672967,47,1.0,0.0
q2_fixed_clustered,2025-06-04,6,clustered,1,0,0,0.0,0,0.0,4021.679104030988,5243.281186308673,9600.0,108.59220391289341,254.0397318287381,15637.277363456651,108.59220391289341,254.0397318287381,15637.277363456651,56,1.0,0.0
q2_fixed_clustered,2025-06-05,6,clustered,1,0,0,0.0,0,0.0,3859.643572426915,5083.3806186869215,9600.0,109.58838799946014,261.40550176509896,15752.654240111457,109.58838799946014,261.40550176509896,15752.654240111457,52,1.0,1.1368683772161603e-13
q2_fixed_clustered,2025-06-06,6,clustered,1,0,0,0.0,0,0.0,2168.450202308083,3019.1713350668206,7098.181177001181,61.056176523484545,173.87425123688487,-8792.089419381775,61.056176523484545,173.87425123688487,-8792.089419381775,0,,1.1368683772161603e-13
q2_fixed_clustered,2025-06-07,6,clustered,1,0,0,0.0,0,0.0,1712.139906266779,2463.8262683979774,5284.792599984614,75.8114138495387,173.64169289042022,-10916.843594333572,75.8114138495387,173.64169289042022,-10916.843594333572,0,,1.1368683772161603e-13
q2_fixed_clustered,2025-06-08,6,clustered,1,0,0,0.0,0,0.0,3289.300718419826,4468.961326970498,9600.0,73.28477212375967,238.70309429351948,10553.007185821392,73.28477212375967,238.70309429351948,10553.007185821392,27,1.0,1.1368683772161603e-13
q2_fixed_clustered,2025-06-09,6,clustered,1,0,0,0.0,0,0.0,3850.236113689371,5143.756700357319,9600.0,107.17180656808144,258.30668495357963,15432.740145803728,107.17180656808144,258.30668495357963,15432.740145803728,50,1.0,1.1368683772161603e-13
q2_fixed_clustered,2025-06-10,6,clustered,1,0,0,0.0,0,0.0,3733.5167414271064,5064.431689683008,9600.0,102.48582131673983,250.5632588930539,14757.958269610535,102.48582131673983,250.5632588930539,14757.958269610535,47,1.0,1.1368683772161603e-13
q2_fixed_clustered,2025-06-11,6,clustered,1,0,0,0.0,0,0.0,3896.731128384865,5225.612962036017,9600.0,128.90708273512462,265.8240804182577,18551.02596330449,128.90708273512462,265.8240804182577,18551.02596330449,60,1.0,1.1368683772161603e-13
q2_fixed_clustered,2025-06-12,6,clustered,1,0,0,0.0,0,0.0,3715.2416234463053,5124.713524506422,9600.0,107.13554215167534,250.7262952143292,15225.445370485148,107.13554215167534,250.7262952143292,15225.445370485148,51,1.0,1.1368683772161603e-13
q2_fixed_clustered,2025-06-13,6,clustered,1,0,0,0.0,0,0.0,1755.5773779902552,2555.710300870885,6028.4246933117065,109.80941118800064,219.57378258308424,-15812.555211072093,109.80941118800064,219.57378258308424,-15812.555211072093,0,,1.1368683772161603e-13
q2_fixed_clustered,2025-06-14,6,clustered,1,0,0,0.0,0,0.0,1791.9636990330855,2785.097543112997,6455.877208198298,106.3717057996718,212.2601098440366,-15317.525635152739,106.3717057996718,212.2601098440366,-15317.525635152739,0,,1.1368683772161603e-13
q2_fixed_clustered,2025-06-15,6,clustered,1,0,0,0.0,0,0.0,3681.891729006254,5219.335100041342,9600.0,93.7340851676285,235.35884930188337,13497.708264138504,93.7340851676285,235.35884930188337,13497.708264138504,52,1.0,0.0
q2_fixed_clustered,2025-06-16,6,clustered,1,0,0,0.0,0,0.0,3695.686547839843,5051.859628308986,9600.0,102.66839639124466,245.56713079703547,14688.382887954409,102.66839639124466,245.56713079703547,14688.382887954409,51,1.0,0.0
q2_fixed_clustered,2025-06-17,6,clustered,1,0,0,0.0,0,0.0,1214.0824173258643,1943.7263308458655,3911.019563260952,25.173913867522018,131.19680734361629,3055.7777971590963,25.173913867522018,131.19680734361629,3055.7777971590963,8,0.75,2.2737367544323206e-13
q2_fixed_clustered,2025-06-18,6,clustered,1,0,0,0.0,0,0.0,252.3076834487477,344.297155788917,755.2420100560303,23.38499964120389,93.52817918578155,-3367.43994833336,23.38499964120389,93.52817918578155,-3367.43994833336,0,,2.5579538487363607e-13
q2_fixed_clustered,2025-06-19,6,clustered,1,0,0,0.0,0,0.0,192.631162840168,289.07819592788655,890.6379844889216,38.675097928241755,119.2470272552493,-5407.593708261077,38.675097928241755,119.2470272552493,-5407.593708261077,2,0.0,2.2737367544323206e-13
q2_fixed_clustered,2025-06-20,6,clustered,1,0,0,0.0,0,0.0,2046.5024968218374,3322.692295865909,7908.9266440468955,212.4456803825326,350.36771513150086,-30592.177975084694,212.4456803825326,350.36771513150086,-30592.177975084694,0,,2.2737367544323206e-13
q2_fixed_clustered,2025-06-21,6,clustered,1,0,0,0.0,0,0.0,2078.225397637305,3377.9096224543982,8081.910973597596,226.01115841652788,375.96332371716187,-32545.606811980015,226.01115841652788,375.96332371716187,-32545.606811980015,0,,2.2737367544323206e-13
q2_fixed_clustered,2025-06-22,6,clustered,1,0,0,0.0,0,0.0,538.7477063772756,970.6669453747331,2699.8491449742505,42.031025392850786,140.4497540027635,-6052.467656570513,42.031025392850786,140.4497540027635,-6052.467656570513,0,,2.2737367544323206e-13
q2_fixed_clustered,2025-06-23,6,clustered,1,0,0,0.0,0,0.0,372.8385934679633,627.1031325140489,1754.831403737082,43.29554817613534,125.48259208562997,-6234.558937363489,43.29554817613534,125.48259208562997,-6234.558937363489,0,,2.2737367544323206e-13
q2_fixed_clustered,2025-06-24,6,clustered,1,0,0,0.0,0,0.0,783.7594034510729,1095.2865086663026,1988.1970604573253,30.406540366561508,108.19815307686837,3072.6551780768996,30.406540366561508,108.19815307686837,3072.6551780768996,16,0.9375,1.1368683772161603e-13
q2_fixed_clustered,2025-06-25,6,clustered,1,0,0,0.0,0,0.0,290.1713993944851,471.7589538753722,1143.0222275226342,26.50257899044412,80.32678091077199,-3816.371374623953,26.50257899044412,80.32678091077199,-3816.371374623953,0,,2.2737367544323206e-13
q2_fixed_clustered,2025-06-26,6,clustered,1,0,0,0.0,0,0.0,254.2517883407758,379.2575044179867,822.7633837937258,37.7010018187123,94.87829316119867,-4605.066898985069,37.7010018187123,94.87829316119867,-4605.066898985069,8,0.625,2.2737367544323206e-13
q2_fixed_clustered,2025-06-27,6,clustered,1,0,0,0.0,0,0.0,2151.2408104142114,3502.5561987502747,8577.042489890704,249.32160239036764,397.2350938357588,-35902.31074421294,249.32160239036764,397.2350938357588,-35902.31074421294,0,,3.410605131648481e-13
q2_fixed_clustered,2025-06-28,6,clustered,1,0,0,0.0,0,0.0,2097.66087018031,3393.499601608168,8160.071965335664,240.91492062743515,387.3396932937163,-34691.74857035066,240.91492062743515,387.3396932937163,-34691.74857035066,0,,2.2737367544323206e-13
q2_fixed_clustered,2025-06-29,6,clustered,1,0,0,0.0,0,0.0,332.40682462620106,474.868213855433,1173.3666918665954,15.663558824703339,65.41318858600175,-2022.639557591116,15.663558824703339,65.41318858600175,-2022.639557591116,3,1.0,2.2737367544323206e-13
q2_fixed_clustered,2025-06-30,6,clustered,1,0,0,0.0,0,0.0,495.09709942855125,689.8218569035226,1377.122043307225,25.00860816065058,70.47850802131177,-2234.979414857017,25.00860816065058,70.47850802131177,-2234.979414857017,9,0.7777777777777778,1.1368683772161603e-13
q2_fixed_clustered,2025-07-01,7,clustered,1,0,0,0.0,0,0.0,1115.4171743930285,1634.208503986397,3982.9831337353203,47.89226803087509,118.21024880032971,3588.2852071106836,47.89226803087509,118.21024880032971,3588.2852071106836,30,0.7,2.2737367544323206e-13
q2_fixed_clustered,2025-07-02,7,clustered,1,0,0,0.0,0,0.0,1151.4882627571735,1694.7464365882008,3815.0161611387794,55.53043162572307,153.96859895131942,-1951.1408489892278,55.53043162572307,153.96859895131942,-1951.1408489892278,25,0.64,3.694822225952521e-13
q2_fixed_clustered,2025-07-03,7,clustered,1,0,0,0.0,0,0.0,1292.4313907538449,1660.765953392258,3752.812560324198,44.6606430902105,135.43416800748676,5200.760353921673,44.6606430902105,135.43416800748676,5200.760353921673,33,0.7575757575757576,2.2737367544323206e-13
q2_fixed_clustered,2025-07-04,7,clustered,1,0,0,0.0,0,0.0,1932.1123471264134,3105.699256542186,8383.774912120904,175.87350877381934,334.50592566289583,-25325.785263429985,175.87350877381934,334.50592566289583,-25325.785263429985,0,,2.2737367544323206e-13
q2_fixed_clustered,2025-07-05,7,clustered,1,0,0,0.0,0,0.0,1871.9268800646873,3171.5524875076367,8243.854250306802,166.00231764791772,305.6095917113393,-23904.33374130015,166.00231764791772,305.6095917113393,-23904.33374130015,0,,2.2737367544323206e-13
q2_fixed_clustered,2025-07-06,7,clustered,1,0,0,0.0,0,0.0,1310.7177577022308,1717.5326393882992,3614.9021117479833,47.788295117908724,135.47725010913055,3803.6984179421365,47.788295117908724,135.47725010913055,3803.6984179421365,29,0.7586206896551724,2.2737367544323206e-13
q2_fixed_clustered,2025-07-07,7,clustered,1,0,0,0.0,0,0.0,991.049071157919,1499.5494871932253,3400.2562073193767,49.46431779697893,125.74108143541642,-3017.1785233877076,49.46431779697893,125.74108143541642,-3017.1785233877076,22,0.5909090909090909,2.2737367544323206e-13
q2_fixed_clustered,2025-07-08,7,clustered,1,0,0,0.0,0,0.0,1094.4766026422253,1519.6331384975063,3626.1009100111055,62.88050006321235,152.0357624662152,-764.8806406959037,62.88050006321235,152.0357624662152,-764.8806406959037,29,0.7586206896551724,2.5579538487363607e-13
q2_fixed_clustered,2025-07-09,7,clustered,1,0,0,0.0,0,0.0,909.2036046284727,1340.6612527029588,3132.8366299683785,50.26919089765261,136.46571419518975,-3054.102219139565,50.26919089765261,136.46571419518975,-3054.102219139565,21,0.6190476190476191,2.2737367544323206e-13
q2_fixed_clustered,2025-07-10,7,clustered,1,0,0,0.0,0,0.0,682.1915118572339,965.9402554084263,2260.122273188872,50.964580089447765,136.6601180559756,-5111.7108205581535,50.964580089447765,136.6601180559756,-5111.7108205581535,16,0.4375,2.2737367544323206e-13
q2_fixed_clustered,2025-07-11,7,clustered,1,0,0,0.0,0,0.0,2053.6501238551305,3286.6917649194206,8756.970074095594,202.69178099720455,359.7574977232025,-29187.616463597456,202.69178099720455,359.7574977232025,-29187.616463597456,0,,1.1368683772161603e-13
q2_fixed_clustered,2025-07-12,7,clustered,1,0,0,0.0,0,0.0,1881.6642758082808,3171.414371614196,8379.849437491168,186.67084180407224,336.5382338599732,-26880.601219786404,186.67084180407224,336.5382338599732,-26880.601219786404,0,,3.410605131648481e-13
q2_fixed_clustered,2025-07-13,7,clustered,1,0,0,0.0,0,0.0,643.3323560727121,879.6464471572928,1821.7613650743388,73.82049939572042,194.92343415793658,-9067.61775704399,73.82049939572042,194.92343415793658,-9067.61775704399,13,0.38461538461538464,2.2737367544323206e-13
q2_fixed_clustered,2025-07-14,7,clustered,1,0,0,0.0,0,0.0,598.0553162976439,851.1546046032181,1935.2276996746796,52.448031993528275,157.6051633393984,-5918.5312858394245,52.448031993528275,157.6051633393984,-5918.5312858394245,16,0.5,2.2737367544323206e-13
q2_fixed_clustered,2025-07-15,7,clustered,1,0,0,0.0,0,0.0,784.8763394163856,1161.9580533812457,2834.4378124984814,64.41701722449537,189.25525366554427,-8307.100914559885,64.41701722449537,189.25525366554427,-8307.100914559885,10,0.4,3.410605131648481e-13
q2_fixed_clustered,2025-07-16,7,clustered,1,0,0,0.0,0,0.0,729.6096883413462,1098.6651511589987,2541.0248157349233,64.09092759877798,188.44642437445935,-8515.311945621293,64.09092759877798,188.44642437445935,-8515.311945621293,7,0.14285714285714285,2.2737367544323206e-13
q2_fixed_clustered,2025-07-17,7,clustered,1,0,0,0.0,0,0.0,369.2351040759198,670.8979220420194,2030.283061171809,57.40099491608594,170.2599760807256,-8254.089462109107,57.40099491608594,170.2599760807256,-8254.089462109107,2,0.0,2.2737367544323206e-13
q2_fixed_clustered,2025-07-18,7,clustered,1,0,0,0.0,0,0.0,2187.1330169057505,3558.177994442225,9008.939432378826,246.75858308001423,398.740131547392,-35533.23596352205,246.75858308001423,398.740131547392,-35533.23596352205,0,,2.2737367544323206e-13
q2_fixed_clustered,2025-07-19,7,clustered,1,0,0,0.0,0,0.0,2210.7972903865916,3594.340036630137,8911.38656322619,238.82719025327404,386.8654299612332,-34391.11539647146,238.82719025327404,386.8654299612332,-34391.11539647146,0,,3.410605131648481e-13
q2_fixed_clustered,2025-07-20,7,clustered,1,0,0,0.0,0,0.0,398.1873905086092,711.9730500288055,1988.2458339672053,58.674364728984315,160.04086342467468,-8433.320516230326,58.674364728984315,160.04086342467468,-8433.320516230326,1,0.0,2.2737367544323206e-13
q2_fixed_clustered,2025-07-21,7,clustered,1,0,0,0.0,0,0.0,345.27896628740154,594.9891838977594,1695.4160072671993,49.465136938434775,145.5003479952162,-7104.685239652848,49.465136938434775,145.5003479952162,-7104.685239652848,1,0.0,2.2737367544323206e-13
q2_fixed_clustered,2025-07-22,7,clustered,1,0,0,0.0,0,0.0,413.3945498086346,702.4563860962713,1854.3076264911106,52.148914930531035,147.88248807920021,-7483.274668307882,52.148914930531035,147.88248807920021,-7483.274668307882,3,0.0,2.2737367544323206e-13
q2_fixed_clustered,2025-07-23,7,clustered,1,0,0,0.0,0,0.0,472.2175657724346,883.637387852217,2643.676458908467,67.28454006744732,190.73335143032736,-9686.091801484892,67.28454006744732,190.73335143032736,-9686.091801484892,1,0.0,2.8421709430404007e-13
q2_fixed_clustered,2025-07-24,7,clustered,1,0,0,0.0,0,0.0,712.6000572700651,1338.9951121669617,4003.238076376726,71.29676041969977,202.52166166464406,-10266.733500436767,71.29676041969977,202.52166166464406,-10266.733500436767,0,,2.2737367544323206e-13
q2_fixed_clustered,2025-07-25,7,clustered,1,0,0,0.0,0,0.0,2110.219592294688,3447.044194463899,8470.994575646684,230.78930018211173,380.7768861185317,-33233.65922622409,230.78930018211173,380.7768861185317,-33233.65922622409,0,,3.410605131648481e-13
q2_fixed_clustered,2025-07-26,7,clustered,1,0,0,0.0,0,0.0,2190.413784446548,3577.756942767188,8842.667602428295,242.52293509775194,392.03766550962985,-34923.30265407628,242.52293509775194,392.03766550962985,-34923.30265407628,0,,2.2737367544323206e-13
q2_fixed_clustered,2025-07-27,7,clustered,1,0,0,0.0,0,0.0,377.74319607644696,537.4390396018182,1351.1394491559422,72.14803538726248,180.65006544874242,-10389.317095765797,72.14803538726248,180.65006544874242,-10389.317095765797,0,,2.2737367544323206e-13
q2_fixed_clustered,2025-07-28,7,clustered,1,0,0,0.0,0,0.0,328.6137976178678,506.59569043723707,1131.4346722369482,46.14810471199743,141.3347967979043,-6645.32707852763,46.14810471199743,141.3347967979043,-6645.32707852763,0,,2.2737367544323206e-13
q2_fixed_clustered,2025-07-29,7,clustered,1,0,0,0.0,0,0.0,444.7219343556565,715.7844065948075,1667.324364141154,63.57891046054263,181.12369931141842,-9128.89657097904,63.57891046054263,181.12369931141842,-9128.89657097904,1,0.0,2.2737367544323206e-13
q2_fixed_clustered,2025-07-30,7,clustered,1,0,0,0.0,0,0.0,349.79997946881684,571.1991717687254,1580.918114251528,60.21422340128083,162.72510744833454,-8670.84816978444,60.21422340128083,162.72510744833454,-8670.84816978444,0,,2.2737367544323206e-13
q2_fixed_clustered,2025-07-31,7,clustered,1,0,0,0.0,0,0.0,482.1882943966382,797.3136965375667,2135.359453364712,71.30019850136568,183.87302580209717,-10267.228584196659,71.30019850136568,183.87302580209717,-10267.228584196659,0,,3.694822225952521e-13
q2_fixed_clustered,2025-08-01,8,clustered,1,0,0,0.0,0,0.0,2310.6343295513398,3725.2442028691003,9035.79265246942,258.5864144857379,416.1521791777313,-37236.44368594626,258.5864144857379,416.1521791777313,-37236.44368594626,0,,2.2737367544323206e-13
q2_fixed_clustered,2025-08-02,8,clustered,1,0,0,0.0,0,0.0,2252.622146673288,3671.2575600478235,9038.98329781126,254.60547183487617,404.4880980630637,-36663.18794422217,254.60547183487617,404.4880980630637,-36663.18794422217,0,,3.410605131648481e-13
q2_fixed_clustered,2025-08-03,8,clustered,1,0,0,0.0,0,0.0,753.8224671782532,1596.1805189929842,5151.2259798974555,100.5091338215197,242.94314754049276,-14382.209734728222,100.5091338215197,242.94314754049276,-14382.209734728222,3,0.0,2.5579538487363607e-13
q2_fixed_clustered,2025-08-04,8,clustered,1,0,0,0.0,0,0.0,812.5715346919916,1501.9276848170844,4459.344215748257,91.34113738266798,223.9053706370695,-13153.123783104189,91.34113738266798,223.9053706370695,-13153.123783104189,0,,2.2737367544323206e-13
q2_fixed_clustered,2025-08-05,8,clustered,1,0,0,0.0,0,0.0,849.9377100612569,1505.4975276240255,4303.0164662259485,112.75084936130318,250.0956893480229,-16236.122308027658,112.75084936130318,250.0956893480229,-16236.122308027658,0,,2.2737367544323206e-13
q2_fixed_clustered,2025-08-06,8,clustered,1,0,0,0.0,0,0.0,876.4789778075283,1550.4728926500054,4517.097590779438,82.34955025504698,203.22623463387177,-11858.335236726765,82.34955025504698,203.22623463387177,-11858.335236726765,0,,2.2737367544323206e-13
q2_fixed_clustered,2025-08-07,8,clustered,1,0,0,0.0,0,0.0,925.8178293273965,1720.7823194503835,5372.83855887004,120.43235112890983,270.05822325645653,-17342.258562563016,120.43235112890983,270.05822325645653,-17342.258562563016,0,,2.5224267119483557e-13
q2_fixed_clustered,2025-08-08,8,clustered,1,0,0,0.0,0,0.0,2293.651375601623,3711.046226694896,8852.260203366743,269.37135989905437,421.8670174271271,-38789.47582546383,269.37135989905437,421.8670174271271,-38789.47582546383,0,,3.410605131648481e-13
q2_fixed_clustered,2025-08-09,8,clustered,1,0,0,0.0,0,0.0,2193.071276851168,3572.523301037489,8533.324879082606,235.9689997346136,376.7525997248612,-33979.53596178436,235.9689997346136,376.7525997248612,-33979.53596178436,0,,3.410605131648481e-13
q2_fixed_clustered,2025-08-10,8,clustered,1,0,0,0.0,0,0.0,967.4455947259736,1739.5298090769422,5384.111206686188,119.1404705306674,265.0600843766565,-17156.227756416105,119.1404705306674,265.0600843766565,-17156.227756416105,0,,2.5224267119483557e-13
q2_fixed_clustered,2025-08-11,8,clustered,1,0,0,0.0,0,0.0,724.9790244268597,1300.8124643696576,4005.4729800761925,107.1312707992885,233.21842285420382,-15426.902995097544,107.1312707992885,233.21842285420382,-15426.902995097544,0,,3.268496584496461e-13
q2_fixed_clustered,2025-08-12,8,clustered,1,0,0,0.0,0,0.0,765.3728231737339,1309.151579191077,3284.654193189581,73.6917965115557,178.18950620746278,-10611.61869766402,73.6917965115557,178.18950620746278,-10611.61869766402,0,,3.410605131648481e-13
q2_fixed_clustered,2025-08-13,8,clustered,1,0,0,0.0,0,0.0,826.588980537036,1432.5635895521102,3889.804512145126,104.83309341526511,237.39914936558912,-15095.965451798176,104.83309341526511,237.39914936558912,-15095.965451798176,0,,2.2737367544323206e-13
q2_fixed_clustered,2025-08-14,8,clustered,1,0,0,0.0,0,0.0,545.2575618591667,903.6363913278348,2109.7702009970562,97.78199907286654,222.76464314596498,-14080.60786649278,97.78199907286654,222.76464314596498,-14080.60786649278,0,,2.2737367544323206e-13
q2_fixed_clustered,2025-08-15,8,clustered,1,0,0,0.0,0,0.0,2216.1449197889156,3578.058453593086,8163.254294949196,234.35013199662146,374.35237578014073,-33746.41900751349,234.35013199662146,374.35237578014073,-33746.41900751349,0,,2.2737367544323206e-13
q2_fixed_clustered,2025-08-16,8,clustered,1,0,0,0.0,0,0.0,2175.7927691885334,3478.498294975386,7944.188121756053,206.51131554557776,340.71786135004703,-29737.6294385632,206.51131554557776,340.71786135004703,-29737.6294385632,0,,3.410605131648481e-13
q2_fixed_clustered,2025-08-17,8,clustered,1,0,0,0.0,0,0.0,642.4793632785947,1135.6947786054193,3277.6640202460603,86.42135214672574,188.2558661313868,-12444.674709128507,86.42135214672574,188.2558661313868,-12444.674709128507,0,,2.2737367544323206e-13
q2_fixed_clustered,2025-08-18,8,clustered,1,0,0,0.0,0,0.0,517.4666518660126,870.5420220307379,2413.0585309298294,77.42171387375059,174.0984400956,-11148.726797820085,77.42171387375059,174.0984400956,-11148.726797820085,0,,2.8421709430404007e-13
q2_fixed_clustered,2025-08-19,8,clustered,1,0,0,0.0,0,0.0,786.9121543871171,1318.4461610250044,3640.4320639190173,77.70837426526253,173.171981522997,-11190.005894197806,77.70837426526253,173.171981522997,-11190.005894197806,0,,2.2737367544323206e-13
q2_fixed_clustered,2025-08-20,8,clustered,1,0,0,0.0,0,0.0,404.242692962585,703.6885112803096,1898.0063082476418,63.6889624232111,139.00368383024542,-8058.159192972651,63.6889624232111,139.00368383024542,-8058.159192972651,4,1.0,2.2737367544323206e-13
q2_fixed_clustered,2025-08-21,8,clustered,1,0,0,0.0,0,0.0,700.7290835209111,1209.8305029092014,3437.7553487140285,66.31815768256924,165.02203884301593,-9549.81470628997,66.31815768256924,165.02203884301593,-9549.81470628997,0,,2.2737367544323206e-13
q2_fixed_clustered,2025-08-22,8,clustered,1,0,0,0.0,0,0.0,2138.3689652829494,3407.9671563165602,7802.617802248627,197.07893183808235,330.7076491016887,-28379.36618468386,197.07893183808235,330.7076491016887,-28379.36618468386,0,,3.410605131648481e-13
q2_fixed_clustered,2025-08-23,8,clustered,1,0,0,0.0,0,0.0,2153.667876856219,3418.397994990669,7774.848509040032,201.02439237137995,329.70879805399886,-28947.51250147871,201.02439237137995,329.70879805399886,-28947.51250147871,0,,1.1368683772161603e-13
q2_fixed_clustered,2025-08-24,8,clustered,1,0,0,0.0,0,0.0,507.53968158308123,892.0214623421101,2693.345513863078,55.94258110021687,141.05604843910683,-8055.731678431229,55.94258110021687,141.05604843910683,-8055.731678431229,0,,2.2737367544323206e-13
q2_fixed_clustered,2025-08-25,8,clustered,1,0,0,0.0,0,0.0,541.0841731228445,836.5749044370891,2042.851965207983,49.56451695730139,137.59226453877812,-7137.290441851401,49.56451695730139,137.59226453877812,-7137.290441851401,0,,2.2737367544323206e-13
q2_fixed_clustered,2025-08-26,8,clustered,1,0,0,0.0,0,0.0,584.913611036835,975.185529439146,2164.4633502510005,78.41217802504892,174.07757041972766,-11291.353635607044,78.41217802504892,174.07757041972766,-11291.353635607044,0,,2.2737367544323206e-13
q2_fixed_clustered,2025-08-27,8,clustered,1,0,0,0.0,0,0.0,468.135192527061,916.7905610750842,2638.109846290532,74.82407026833278,165.52581120540052,-10774.66611863992,74.82407026833278,165.52581120540052,-10774.66611863992,0,,3.410605131648481e-13
q2_fixed_clustered,2025-08-28,8,clustered,1,0,0,0.0,0,0.0,469.37933584970517,763.244399784517,1702.5786955103413,52.17881665059486,138.81830333721777,-7513.74959768566,52.17881665059486,138.81830333721777,-7513.74959768566,0,,1.1368683772161603e-13
q2_fixed_clustered,2025-08-29,8,clustered,1,0,0,0.0,0,0.0,2083.319519926118,3298.8315226255527,7734.7377566358555,207.11735498862745,341.7481966167191,-29824.899118362355,207.11735498862745,341.7481966167191,-29824.899118362355,0,,1.1368683772161603e-13
q2_fixed_clustered,2025-08-30,8,clustered,1,0,0,0.0,0,0.0,2278.213841282688,3562.9733008392104,7721.56985110387,210.66302364521098,347.6984727634064,-30335.475404910383,210.66302364521098,347.6984727634064,-30335.475404910383,0,,1.1368683772161603e-13
q2_fixed_clustered,2025-08-31,8,clustered,1,0,0,0.0,0,0.0,458.96240998377465,806.7567993305177,2256.334008020389,62.91517949717114,159.15980453854277,-9059.785847592644,62.91517949717114,159.15980453854277,-9059.785847592644,0,,2.2737367544323206e-13
q2_fixed_clustered,2025-09-01,9,clustered,1,0,0,0.0,0,0.0,980.6530466074393,1599.8967931881352,3976.7707600535196,127.77008139452407,245.99774224004184,-18398.891720811465,127.77008139452407,245.99774224004184,-18398.891720811465,0,,2.2737367544323206e-13
q2_fixed_clustered,2025-09-02,9,clustered,1,0,0,0.0,0,0.0,602.4083379356749,1276.0583314722712,3924.501918341959,127.54273256047014,240.9786126064346,-18366.1534887077,127.54273256047014,240.9786126064346,-18366.1534887077,0,,2.2737367544323206e-13
q2_fixed_clustered,2025-09-03,9,clustered,1,0,0,0.0,0,0.0,949.4104348624213,1542.7179644775752,3739.402257387286,115.04025779734232,232.86411573874426,-16565.797122817294,115.04025779734232,232.86411573874426,-16565.797122817294,0,,2.2737367544323206e-13
q2_fixed_clustered,2025-09-04,9,clustered,1,0,0,0.0,0,0.0,891.5577876932114,1541.0617016579351,3819.2992440966054,118.02292559114247,236.32436900996058,-16995.301285124515,118.02292559114247,236.32436900996058,-16995.301285124515,0,,2.2737367544323206e-13
q2_fixed_clustered,2025-09-05,9,clustered,1,0,0,0.0,0,0.0,2409.217955101943,3774.842756636572,8125.0040701077,260.76475232101916,420.2997779479629,-37550.12433422676,260.76475232101916,420.2997779479629,-37550.12433422676,0,,1.1368683772161603e-13
q2_fixed_clustered,2025-09-06,9,clustered,1,0,0,0.0,0,0.0,2342.6815639587594,3663.0864028146634,8045.001069400789,253.19452850192758,409.5392815023813,-36460.01210427757,253.19452850192758,409.5392815023813,-36460.01210427757,0,,2.2737367544323206e-13
q2_fixed_clustered,2025-09-07,9,clustered,1,0,0,0.0,0,0.0,563.0129543622278,1196.2956423913658,3632.4304057928493,109.2483754639109,218.2651198127695,-15731.76606680317,109.2483754639109,218.2651198127695,-15731.76606680317,0,,2.2737367544323206e-13
q2_fixed_clustered,2025-09-08,9,clustered,1,0,0,0.0,0,0.0,628.3132884910202,1240.275394682512,3694.075522407449,86.92426948212996,205.22574138308948,-12517.094805426714,86.92426948212996,205.22574138308948,-12517.094805426714,0,,2.2737367544323206e-13
q2_fixed_clustered,2025-09-09,9,clustered,1,0,0,0.0,0,0.0,841.8700844871622,1444.1738177399002,3639.652400419691,102.87882382797339,217.21753448211655,-14814.550631228169,102.87882382797339,217.21753448211655,-14814.550631228169,0,,2.2737367544323206e-13
q2_fixed_clustered,2025-09-10,9,clustered,1,0,0,0.0,0,0.0,1223.700607742935,1628.6350445571554,3509.4509481392633,77.65157909518904,199.54505631556572,-10573.208213296577,77.65157909518904,199.54505631556572,-10573.208213296577,4,1.0,1.7053025658242404e-13
q2_fixed_clustered,2025-09-11,9,clustered,1,0,0,0.0,0,0.0,633.1772010291011,1224.129920016897,3537.5958215738283,106.20185353900521,216.920686204331,-15293.066909616751,106.20185353900521,216.920686204331,-15293.066909616751,0,,2.2737367544323206e-13
q2_fixed_clustered,2025-09-12,9,clustered,1,0,0,0.0,0,0.0,2217.272898250591,3449.8426981565767,7601.439916823672,225.75871495385022,381.6210332125364,-32509.25495335443,225.75871495385022,381.6210332125364,-32509.25495335443,0,,1.1368683772161603e-13
q2_fixed_clustered,2025-09-13,9,clustered,1,0,0,0.0,0,0.0,2272.9327536445817,3536.0692655203725,7979.395200685522,223.30488981268905,376.67851982650876,-32155.904133027223,223.30488981268905,376.67851982650876,-32155.904133027223,0,,1.1368683772161603e-13
q2_fixed_clustered,2025-09-14,9,clustered,1,0,0,0.0,0,0.0,931.409063442397,1228.8619108648834,2410.802544749442,57.26772143950632,158.63930745679315,-7578.127297985351,57.26772143950632,158.63930745679315,-7578.127297985351,3,1.0,1.1368683772161603e-13
q2_fixed_clustered,2025-09-15,9,clustered,1,0,0,0.0,0,0.0,649.3555461909466,1067.190800148672,2851.418437206583,78.97949773504229,176.86894777599915,-11263.644016002983,78.97949773504229,176.86894777599915,-11263.644016002983,3,1.0,2.2737367544323206e-13
q2_fixed_clustered,2025-09-16,9,clustered,1,0,0,0.0,0,0.0,628.7101617060387,990.5609727903116,2702.228123025994,55.786543316915115,159.03557576481037,-8033.262237635777,55.786543316915115,159.03557576481037,-8033.262237635777,0,,1.1368683772161603e-13
q2_fixed_clustered,2025-09-17,9,clustered,1,0,0,0.0,0,0.0,929.136123327993,1241.202476109187,2670.3279908585137,66.26358607084829,165.49514544290312,-7264.92362365456,66.26358607084829,165.49514544290312,-7264.92362365456,10,0.9,1.1368683772161603e-13
q2_fixed_clustered,2025-09-18,9,clustered,1,0,0,0.0,0,0.0,538.1171060512544,898.0454468296317,2426.450212602126,72.53401842058366,169.44003361059225,-9977.54333175531,72.53401842058366,169.44003361059225,-9977.54333175531,3,1.0,2.2737367544323206e-13
q2_fixed_clustered,2025-09-19,9,clustered,1,0,0,0.0,0,0.0,2320.7829049383186,3621.69796770203,8407.235591664958,207.0984538473553,357.65002217399683,-29822.177354019164,207.0984538473553,357.65002217399683,-29822.177354019164,0,,1.7053025658242404e-13
q2_fixed_clustered,2025-09-20,9,clustered,1,0,0,0.0,0,0.0,2172.3225081683668,3380.3828407154797,7781.3530549332145,205.2498406116433,353.2390538947649,-29555.977048076635,205.2498406116433,353.2390538947649,-29555.977048076635,0,,1.7053025658242404e-13
q2_fixed_clustered,2025-09-21,9,clustered,1,0,0,0.0,0,0.0,417.8448361793887,785.8512021392213,2211.9305455371396,57.97663131948664,151.9309230929075,-8348.634910006076,57.97663131948664,151.9309230929075,-8348.634910006076,0,,1.1368683772161603e-13
q2_fixed_clustered,2025-09-22,9,clustered,1,0,0,0.0,0,0.0,610.440001134953,795.1719772567773,1519.216736519913,36.86878920672422,112.48543496446895,-5105.840913242066,36.86878920672422,112.48543496446895,-5105.840913242066,3,1.0,1.1368683772161603e-13
q2_fixed_clustered,2025-09-23,9,clustered,1,0,0,0.0,0,0.0,829.8931294357121,1151.103268787671,2580.7467824289706,44.141929154975685,113.00666367246313,-3978.5437333013083,44.141929154975685,113.00666367246313,-3978.5437333013083,9,1.0,1.1368683772161603e-13
q2_fixed_clustered,2025-09-24,9,clustered,1,0,0,0.0,0,0.0,630.2523040107287,916.8104563692143,2326.5459878367037,52.467077938300136,148.26449739557725,-5030.429837145666,52.467077938300136,148.26449739557725,-5030.429837145666,8,1.0,1.1368683772161603e-13
q2_fixed_clustered,2025-09-25,9,clustered,1,0,0,0.0,0,0.0,420.72940317963133,760.2827169801786,2117.102900367612,47.64814694435621,145.04825426501876,-5791.388891200164,47.64814694435621,145.04825426501876,-5791.388891200164,4,1.0,1.1368683772161603e-13
q2_fixed_clustered,2025-09-26,9,clustered,1,0,0,0.0,0,0.0,2311.8966284884277,3588.5961967590747,8466.677367471064,197.5460731437933,338.19292967147055,-28446.634532706237,197.5460731437933,338.19292967147055,-28446.634532706237,0,,1.5631940186722204e-13
q2_fixed_clustered,2025-09-27,9,clustered,1,0,0,0.0,0,0.0,2249.783308717607,3547.4132260069255,8735.973419020327,176.44155443632255,307.6758458169739,-25407.583838830447,176.44155443632255,307.6758458169739,-25407.583838830447,0,,1.1368683772161603e-13
q2_fixed_clustered,2025-09-28,9,clustered,1,0,0,0.0,0,0.0,1185.7959503122522,1666.4131956466229,3373.6222873456836,49.3716792934579,122.71475753751695,-1907.0254390572618,49.3716792934579,122.71475753751695,-1907.0254390572618,11,1.0,1.1368683772161603e-13
q2_fixed_clustered,2025-09-29,9,clustered,1,0,0,0.0,0,0.0,496.64749598590754,690.4252768578725,1565.8611759774722,39.30492892888281,95.07238837754335,-3622.976085046197,39.30492892888281,95.07238837754335,-3622.976085046197,9,0.8888888888888888,1.1368683772161603e-13
q2_fixed_clustered,2025-09-30,9,clustered,1,0,0,0.0,0,0.0,1019.2828630652144,1548.3717489268772,3482.6641984402077,51.6092472447157,135.71209594558903,-1066.833562483374,51.6092472447157,135.71209594558903,-1066.833562483374,11,1.0,1.1368683772161603e-13
q2_fixed_clustered,2025-10-01,10,clustered,1,0,0,0.0,0,0.0,1045.4914087432408,1765.540031842159,4614.172561604126,87.58774707820355,195.63348881627007,-12612.63557926131,87.58774707820355,195.63348881627007,-12612.63557926131,0,,2.2737367544323206e-13
q2_fixed_clustered,2025-10-02,10,clustered,1,0,0,0.0,0,0.0,736.7257782568407,1279.60174492348,3415.904446022415,81.50608766511935,192.09366967198628,-11736.876623777187,81.50608766511935,192.09366967198628,-11736.876623777187,0,,2.2737367544323206e-13
q2_fixed_clustered,2025-10-03,10,clustered,1,0,0,0.0,0,0.0,2491.516185064511,3934.79813218493,9186.12810025077,209.9373812614866,356.7956798301813,-30230.982901654068,209.9373812614866,356.7956798301813,-30230.982901654068,0,,1.1368683772161603e-13
q2_fixed_clustered,2025-10-04,10,clustered,1,0,0,0.0,0,0.0,2395.953678375381,3781.634800922588,8992.066920365633,204.18681723404532,347.33413064907415,-29402.901681702526,204.18681723404532,347.33413064907415,-29402.901681702526,0,,2.2737367544323206e-13
q2_fixed_clustered,2025-10-05,10,clustered,1,0,0,0.0,0,0.0,576.321568078394,1045.33334263249,2892.4215931990693,59.77583014830662,164.401429161266,-8607.719541356153,59.77583014830662,164.401429161266,-8607.719541356153,0,,2.2737367544323206e-13
q2_fixed_clustered,2025-10-06,10,clustered,1,0,0,0.0,0,0.0,426.4793114780176,832.8146964667804,2410.1801123329105,40.03481483611136,137.75171661533966,-5765.013336400036,40.03481483611136,137.75171661533966,-5765.013336400036,0,,1.1368683772161603e-13
q2_fixed_clustered,2025-10-07,10,clustered,1,0,0,0.0,0,0.0,408.7535141039794,900.9945786552073,2648.8638131941016,50.054625701938484,149.55842274669985,-6080.034557580854,50.054625701938484,149.55842274669985,-6080.034557580854,5,1.0,2.2737367544323206e-13
q2_fixed_clustered,2025-10-08,10,clustered,1,0,0,0.0,0,0.0,451.7398320704747,871.3038772376768,2471.52370472881,53.42480865669588,147.5400264469897,-6038.645866586744,53.42480865669588,147.5400264469897,-6038.645866586744,6,1.0,1.2612133559741778e-13
q2_fixed_clustered,2025-10-09,10,clustered,1,0,0,0.0,0,0.0,432.64404477482105,824.722150741665,2339.158628929181,47.97344945053272,146.82783660663995,-6422.33288170276,47.97344945053272,146.82783660663995,-6422.33288170276,3,1.0,2.2737367544323206e-13
q2_fixed_clustered,2025-10-10,10,clustered,1,0,0,0.0,0,0.0,2424.34551113355,3803.7897065356865,9146.131399937638,182.98492612911545,322.5383916331206,-26349.829362592624,182.98492612911545,322.5383916331206,-26349.829362592624,0,,1.1368683772161603e-13
q2_fixed_clustered,2025-10-11,10,clustered,1,0,0,0.0,0,0.0,2298.7286585490147,3612.889969147452,8815.756413660201,182.4918220616468,316.5194135390519,-26278.82237687714,182.4918220616468,316.5194135390519,-26278.82237687714,0,,1.1368683772161603e-13
q2_fixed_clustered,2025-10-12,10,clustered,1,0,0,0.0,0,0.0,421.1904706273936,738.1383066544155,2084.8097462346022,35.049015283087606,123.02952006597727,-4366.673950801477,35.049015283087606,123.02952006597727,-4366.673950801477,4,0.75,1.1368683772161603e-13
q2_fixed_clustered,2025-10-13,10,clustered,1,0,0,0.0,0,0.0,382.82255599013166,633.2520261284125,1642.0603199734778,36.818281176228595,116.42192791455082,-3995.328148233638,36.818281176228595,116.42192791455082,-3995.328148233638,5,1.0,1.1368683772161603e-13
q2_fixed_clustered,2025-10-14,10,clustered,1,0,0,0.0,0,0.0,497.7104012097846,666.9405424425894,1432.0596209418695,22.395108025137258,91.21303552946353,2834.587188236038,22.395108025137258,91.21303552946353,2834.587188236038,11,1.0,2.2737367544323206e-13
q2_fixed_clustered,2025-10-15,10,clustered,1,0,0,0.0,0,0.0,1102.0129823838797,1645.4721475182155,3334.2816522997073,28.822310418830877,120.16071298314633,3715.788425300176,28.822310418830877,120.16071298314633,3715.788425300176,11,1.0,1.1368683772161603e-13
q2_fixed_clustered,2025-10-16,10,clustered,1,0,0,0.0,0,0.0,1085.2983681032238,1724.0408631443152,3807.859417448287,40.01661960777544,145.27003182286177,5256.886066517349,40.01661960777544,145.27003182286177,5256.886066517349,15,1.0,1.1368683772161603e-13
q2_fixed_clustered,2025-10-17,10,clustered,1,0,0,0.0,0,0.0,2292.504741688585,3621.7566626250664,9211.605938417393,145.52193270246775,266.5054468919758,-20955.158309155355,145.52193270246775,266.5054468919758,-20955.158309155355,0,,2.2737367544323206e-13
q2_fixed_clustered,2025-10-18,10,clustered,1,0,0,0.0,0,0.0,2325.5264583710864,3655.25623710972,9254.715286471259,139.3712075397404,261.74750532727904,-20069.453885722618,139.3712075397404,261.74750532727904,-20069.453885722618,0,,1.1368683772161603e-13
q2_fixed_clustered,2025-10-19,10,clustered,1,0,0,0.0,0,0.0,1338.0491332058361,2188.5858357947864,5086.523078478165,42.775386795221266,158.48265064135902,6118.602353513013,42.775386795221266,158.48265064135902,6118.602353513013,19,1.0,1.1368683772161603e-13
q2_fixed_clustered,2025-10-20,10,clustered,1,0,0,0.0,0,0.0,1376.7461891849325,2075.49834407029,4284.059086573833,45.23708018724874,156.68936955338475,6514.139546963819,45.23708018724874,156.68936955338475,6514.139546963819,19,1.0,0.0
q2_fixed_clustered,2025-10-21,10,clustered,1,0,0,0.0,0,0.0,1745.150251525377,2653.898759433825,5375.258412328899,49.26686209586797,165.27953931173877,7079.455984673082,49.26686209586797,165.27953931173877,7079.455984673082,21,1.0,1.1368683772161603e-13
q2_fixed_clustered,2025-10-22,10,clustered,1,0,0,0.0,0,0.0,1255.32300717389,1751.7083074780871,3792.953116612724,44.82858211738624,150.74138327625718,6449.805462585393,44.82858211738624,150.74138327625718,6449.805462585393,22,1.0,1.1368683772161603e-13
q2_fixed_clustered,2025-10-23,10,clustered,1,0,0,0.0,0,0.0,809.1253198942716,1265.1082717352451,2727.344858573241,30.848016681872068,122.62994072367155,4032.598908634075,30.848016681872068,122.62994072367155,4032.598908634075,11,1.0,1.1368683772161603e-13
q2_fixed_clustered,2025-10-24,10,clustered,1,0,0,0.0,0,0.0,2228.7161929580566,3464.342223698079,8945.565772800903,141.38947037703267,259.2021684455926,-20360.083734292704,141.38947037703267,259.2021684455926,-20360.083734292704,0,,5.684341886080802e-14
q2_fixed_clustered,2025-10-25,10,clustered,1,0,0,0.0,0,0.0,2245.156228076269,3490.481550439606,8750.993584089287,134.93488886313608,251.08298773676393,-19430.623996291597,134.93488886313608,251.08298773676393,-19430.623996291597,0,,2.2737367544323206e-13
q2_fixed_clustered,2025-10-26,10,clustered,1,0,0,0.0,0,0.0,1640.365454886936,2332.1187308011954,5168.669202825501,48.29074842528999,164.5990422510137,6953.867773241758,48.29074842528999,164.5990422510137,6953.867773241758,24,1.0,0.0
q2_fixed_clustered,2025-10-27,10,clustered,1,0,0,0.0,0,0.0,957.9160476408064,1585.29185739899,3927.610671730755,39.09549602202738,146.35127378950156,4655.630178075695,39.09549602202738,146.35127378950156,4655.630178075695,20,0.95,2.2737367544323206e-13
q2_fixed_clustered,2025-10-28,10,clustered,1,0,0,0.0,0,0.0,1567.5676983264166,2288.015915811956,5144.469187696149,52.97341481374177,173.4900406015119,7628.171733178815,52.97341481374177,173.4900406015119,7628.171733178815,23,1.0,0.0
q2_fixed_clustered,2025-10-29,10,clustered,1,0,0,0.0,0,0.0,2351.2224829242477,3549.558176518273,7953.888777318484,77.62935528982199,211.48697170478377,11178.627161734366,77.62935528982199,211.48697170478377,11178.627161734366,31,1.0,0.0
q2_fixed_clustered,2025-10-30,10,clustered,1,0,0,0.0,0,0.0,261.97696216710835,343.61671845638284,875.5631247238457,8.275651851400992,59.07770168075007,665.9079104854244,8.275651851400992,59.07770168075007,665.9079104854244,8,0.875,9.947598300641403e-14
q2_fixed_clustered,2025-10-31,10,clustered,1,0,0,0.0,0,0.0,2258.1246863756946,3561.5354441731392,9381.672355171571,165.71140705849942,290.3977218225863,-23862.442616423916,165.71140705849942,290.3977218225863,-23862.442616423916,0,,2.2737367544323206e-13
q2_fixed_clustered,2025-11-01,11,clustered,1,0,0,0.0,0,0.0,2280.22913986304,3651.5217151693055,9481.11515449762,165.2526930377533,287.2841916281101,-23796.387797436473,165.2526930377533,287.2841916281101,-23796.387797436473,0,,2.2737367544323206e-13
q2_fixed_clustered,2025-11-02,11,clustered,1,0,0,0.0,0,0.0,887.6309465900091,1174.3246374409946,2662.2375252808533,29.200578852610445,120.60870533400488,4138.030644374492,29.200578852610445,120.60870533400488,4138.030644374492,17,1.0,0.0
q2_fixed_clustered,2025-11-03,11,clustered,1,0,0,0.0,0,0.0,1038.948161204021,1445.099693194141,3049.9480631762394,24.80096899503102,118.72918197910317,3502.6766285413755,24.80096899503102,118.72918197910317,3502.6766285413755,16,1.0,1.1368683772161603e-13
q2_fixed_clustered,2025-11-04,11,clustered,1,0,0,0.0,0,0.0,438.78117018904675,560.6831677461796,1527.673390740988,16.553920596664625,87.99900107429542,1709.019098130659,16.553920596664625,87.99900107429542,1709.019098130659,13,0.8461538461538461,1.1368683772161603e-13
q2_fixed_clustered,2025-11-05,11,clustered,1,0,0,0.0,0,0.0,984.480303809747,1336.4653713191622,3045.494810188716,29.855901956236444,125.08833208611418,4299.11165957467,29.855901956236444,125.08833208611418,4299.11165957467,19,0.9473684210526315,0.0
q2_fixed_clustered,2025-11-06,11,clustered,1,0,0,0.0,0,0.0,1106.5440768066585,1459.9289710265207,2896.5311621830388,40.53238520721207,136.4010980753722,5594.4240316022315,40.53238520721207,136.4010980753722,5594.4240316022315,23,1.0,0.0
q2_fixed_clustered,2025-11-07,11,clustered,1,0,0,0.0,0,0.0,2186.867040816852,3356.208554044426,8908.671167541946,166.60449001131332,293.45833953522265,-23991.04656162912,166.60449001131332,293.45833953522265,-23991.04656162912,0,,2.2737367544323206e-13
q2_fixed_clustered,2025-11-08,11,clustered,1,0,0,0.0,0,0.0,2215.7947672187856,3577.7536809750113,9460.134551121966,163.7948156417918,284.9039201511328,-23586.45345241802,163.7948156417918,284.9039201511328,-23586.45345241802,0,,1.1368683772161603e-13
q2_fixed_clustered,2025-11-09,11,clustered,1,0,0,0.0,0,0.0,1447.699772115725,2049.7533109641577,4690.13291267517,46.4465042078844,159.98759516637529,6627.7805497351765,46.4465042078844,159.98759516637529,6627.7805497351765,23,1.0,0.0
q2_fixed_clustered,2025-11-10,11,clustered,1,0,0,0.0,0,0.0,1642.8037940432046,2364.9738796881284,5362.641432715654,53.217972254002454,173.10627895766734,7663.3880045763535,53.217972254002454,173.10627895766734,7663.3880045763535,27,1.0,0.0
q2_fixed_clustered,2025-11-11,11,clustered,1,0,0,0.0,0,0.0,1060.9877477186712,1435.4362453450883,3427.1089641376675,36.75691061354088,137.11652957280583,5292.995128349887,36.75691061354088,137.11652957280583,5292.995128349887,22,0.9545454545454546,0.0
q2_fixed_clustered,2025-11-12,11,clustered,1,0,0,0.0,0,0.0,844.3273140090488,1126.7974440071298,2807.4907735665056,32.808258784922195,127.80593585113961,4709.230481937857,32.808258784922195,127.80593585113961,4709.230481937857,22,0.9545454545454546,0.0
q2_fixed_clustered,2025-11-13,11,clustered,1,0,0,0.0,0,0.0,1426.7945660909309,2047.5741101013184,4634.137347523734,38.882887519416016,152.82907065213536,5360.248120032832,38.882887519416016,152.82907065213536,5360.248120032832,22,0.9545454545454546,0.0
q2_fixed_clustered,2025-11-14,11,clustered,1,0,0,0.0,0,0.0,2259.154632171467,3543.621857209443,9557.987735642648,166.27883861705484,294.7137927756173,-23944.152760855897,166.27883861705484,294.7137927756173,-23944.152760855897,0,,1.1368683772161603e-13
q2_fixed_clustered,2025-11-15,11,clustered,1,0,0,0.0,0,0.0,2100.807342233197,3393.1329046217884,9244.881495117445,163.82878452288955,289.44633454040456,-23591.344971296094,163.82878452288955,289.44633454040456,-23591.344971296094,0,,2.2737367544323206e-13
q2_fixed_clustered,2025-11-16,11,clustered,1,0,0,0.0,0,0.0,1431.5571953841788,1982.3464327494985,4677.595969872582,52.510111949000766,165.81593837973662,7561.45612065611,52.510111949000766,165.81593837973662,7561.45612065611,27,0.9629629629629629,0.0
q2_fixed_clustered,2025-11-17,11,clustered,1,0,0,0.0,0,0.0,1091.8261487908737,1413.240119107183,3366.8139879347746,39.10902885391863,139.04293197828582,5631.700154964283,39.10902885391863,139.04293197828582,5631.700154964283,24,1.0,0.0
q2_fixed_clustered,2025-11-18,11,clustered,1,0,0,0.0,0,0.0,626.7633935933578,935.9225324341985,1986.409690406261,14.407645551735888,89.56102687958737,1859.1315893663043,14.407645551735888,89.56102687958737,1859.1315893663043,10,1.0,0.0
q2_fixed_clustered,2025-11-19,11,clustered,1,0,0,0.0,0,0.0,516.4044564480097,598.4289123765988,1075.6492930275595,16.112981129224906,74.44123821689344,1965.7817250021671,16.112981129224906,74.44123821689344,1965.7817250021671,17,0.9411764705882353,1.1368683772161603e-13
q2_fixed_clustered,2025-11-20,11,clustered,1,0,0,0.0,0,0.0,420.22243911883294,580.7822343283701,1288.9066805996379,12.93453801773478,73.60813853900538,934.5283526550375,12.93453801773478,73.60813853900538,934.5283526550375,9,1.0,1.1368683772161603e-13
q2_fixed_clustered,2025-11-21,11,clustered,1,0,0,0.0,0,0.0,2341.564608221006,3676.8390191117564,9599.783760574022,208.03745691981146,359.7788122136315,-29957.393796452852,208.03745691981146,359.7788122136315,-29957.393796452852,0,,1.1368683772161603e-13
q2_fixed_clustered,2025-11-22,11,clustered,1,0,0,0.0,0,0.0,2222.900405046828,3551.8653450344764,9600.0,197.77193262055414,341.086935316161,-28479.158297359794,197.77193262055414,341.086935316161,-28479.158297359794,0,,2.2737367544323206e-13
q2_fixed_clustered,2025-11-23,11,clustered,1,0,0,0.0,0,0.0,370.6320334967957,472.4714482071862,1111.090029257997,15.359738987928372,61.97450746332106,1523.886162210969,15.359738987928372,61.97450746332106,1523.886162210969,14,1.0,1.1368683772161603e-13
q2_fixed_clustered,2025-11-24,11,clustered,1,0,0,0.0,0,0.0,355.6729343668673,431.9976236768502,902.759387389741,15.682691891886435,88.35808397140781,-140.02916695505962,15.682691891886435,88.35808397140781,-140.02916695505962,10,0.9,1.1368683772161603e-13
q2_fixed_clustered,2025-11-25,11,clustered,1,0,0,0.0,0,0.0,569.4883800835185,717.848672702077,1354.455016737796,10.928020296075665,77.00733334534524,1485.8032966464798,10.928020296075665,77.00733334534524,1485.8032966464798,9,1.0,2.2737367544323206e-13
q2_fixed_clustered,2025-11-26,11,clustered,1,0,0,0.0,0,0.0,573.9653981522508,876.7180225939316,1755.7255912213336,12.749535098926858,87.11700331134055,1652.0270267816293,12.749535098926858,87.11700331134055,1652.0270267816293,9,0.8888888888888888,1.1368683772161603e-13
q2_fixed_clustered,2025-11-27,11,clustered,1,0,0,0.0,0,0.0,474.58023734838974,653.578345847374,1507.720209577299,17.894772814759758,106.12445391903955,625.5214992183718,17.894772814759758,106.12445391903955,625.5214992183718,7,1.0,1.1368683772161603e-13
q2_fixed_clustered,2025-11-28,11,clustered,1,0,0,0.0,0,0.0,2216.0830675101433,3476.0848961110046,9419.552812149259,208.52092881867262,358.52631435434836,-30027.013749888858,208.52092881867262,358.52631435434836,-30027.013749888858,0,,1.1368683772161603e-13
q2_fixed_clustered,2025-11-29,11,clustered,1,0,0,0.0,0,0.0,2167.026661725583,3459.729159271833,9362.260670171094,205.56976562156123,351.09618679432816,-29602.046249504816,205.56976562156123,351.09618679432816,-29602.046249504816,0,,2.2737367544323206e-13
q2_fixed_clustered,2025-11-30,11,clustered,1,0,0,0.0,0,0.0,1368.5935705985873,2004.174166040336,4354.745776595077,33.251211427594384,142.95770969476928,4724.200849647205,33.251211427594384,142.95770969476928,4724.200849647205,17,0.9411764705882353,0.0
q2_fixed_clustered,2025-12-01,12,clustered,1,0,0,0.0,0,0.0,2248.485607309662,2768.0914306567024,4857.155544138416,73.8200550523565,200.5035459462233,10630.087927539334,73.8200550523565,200.5035459462233,10630.087927539334,32,0.875,0.0
q2_fixed_clustered,2025-12-02,12,clustered,1,0,0,0.0,0,0.0,2187.2809614469143,2757.9571047241247,5145.738859231526,75.78382782380383,204.08474322963616,10912.871206627751,75.78382782380383,204.08474322963616,10912.871206627751,32,0.84375,2.2737367544323206e-13
q2_fixed_clustered,2025-12-03,12,clustered,1,0,0,0.0,0,0.0,2199.7036359687327,2798.185422126734,5093.367250061849,65.61985064863177,188.9806768961147,9449.258493402975,65.61985064863177,188.9806768961147,9449.258493402975,28,0.8928571428571429,0.0
q2_fixed_clustered,2025-12-04,12,clustered,1,0,0,0.0,0,0.0,1663.7840686582533,2085.908338159468,4128.073433252449,62.476328838250225,180.9286619126943,8719.622821978803,62.476328838250225,180.9286619126943,8719.622821978803,29,0.8620689655172413,2.2737367544323206e-13
q2_fixed_clustered,2025-12-05,12,clustered,1,0,0,0.0,0,0.0,1920.5095060378433,2921.407510058917,7971.9139585035555,198.0966081023949,359.4461430818736,-28525.911566744864,198.0966081023949,359.4461430818736,-28525.911566744864,0,,2.2737367544323206e-13
q2_fixed_clustered,2025-12-06,12,clustered,1,0,0,0.0,0,0.0,1799.438929014484,2832.937372863848,7217.304241848189,189.10246835305645,348.735222360737,-27230.75544284013,189.10246835305645,348.735222360737,-27230.75544284013,0,,1.7053025658242404e-13
q2_fixed_clustered,2025-12-07,12,clustered,1,0,0,0.0,0,0.0,1972.5005806197375,2473.09918843082,4834.95526615736,61.95597678200534,182.24951735612674,8921.660656608768,61.95597678200534,182.24951735612674,8921.660656608768,28,0.8928571428571429,0.0
q2_fixed_clustered,2025-12-08,12,clustered,1,0,0,0.0,0,0.0,1610.3692346183195,2026.055559054451,3397.055124730533,46.828397617534776,155.17875292408198,6725.208877162098,46.828397617534776,155.17875292408198,6725.208877162098,23,0.8695652173913043,1.1368683772161603e-13
q2_fixed_clustered,2025-12-09,12,clustered,1,0,0,0.0,0,0.0,560.4565835906437,748.4268715733698,1801.929689694135,22.447459287425794,85.84986483407444,2403.9029164278772,22.447459287425794,85.84986483407444,2403.9029164278772,16,0.8125,2.2737367544323206e-13
q2_fixed_clustered,2025-12-10,12,clustered,1,0,0,0.0,0,0.0,1434.4776572622814,1773.0308064399974,3034.136726213882,39.698692219086446,138.28775092061105,5712.089401454706,39.698692219086446,138.28775092061105,5712.089401454706,22,0.9090909090909091,0.0
q2_fixed_clustered,2025-12-11,12,clustered,1,0,0,0.0,0,0.0,730.2117104821851,994.9866816814543,2331.5503835595864,25.07328996506846,91.4135177266658,2780.4858929105703,25.07328996506846,91.4135177266658,2780.4858929105703,18,0.8888888888888888,1.1368683772161603e-13
q2_fixed_clustered,2025-12-12,12,clustered,1,0,0,0.0,0,0.0,2028.183651247917,3044.192296805042,8124.789469846106,221.33992810496403,394.27844357211643,-31872.94964711482,221.33992810496403,394.27844357211643,-31872.94964711482,0,,1.1368683772161603e-13
q2_fixed_clustered,2025-12-13,12,clustered,1,0,0,0.0,0,0.0,1936.990919480878,2987.602805783506,7906.2302007407525,232.37561797245766,408.0266137522426,-33462.0889880339,232.37561797245766,408.0266137522426,-33462.0889880339,0,,1.1368683772161603e-13
q2_fixed_clustered,2025-12-14,12,clustered,1,0,0,0.0,0,0.0,1074.1984258466528,1314.881836489394,2386.0368037057788,34.876468826731326,126.18679032462747,5015.915475166295,34.876468826731326,126.18679032462747,5015.915475166295,20,0.95,0.0
q2_fixed_clustered,2025-12-15,12,clustered,1,0,0,0.0,0,0.0,1051.6909086934668,1267.2087083663318,2318.4616602358183,30.161484551000203,123.73752627487318,4343.253775344029,30.161484551000203,123.73752627487318,4343.253775344029,17,0.8823529411764706,0.0
q2_fixed_clustered,2025-12-16,12,clustered,1,0,0,0.0,0,0.0,883.1125290611526,1094.154035043638,2218.72062830222,27.820345083552834,106.77851312450686,3604.139633390111,27.820345083552834,106.77851312450686,3604.139633390111,19,0.8947368421052632,2.2737367544323206e-13
q2_fixed_clustered,2025-12-17,12,clustered,1,0,0,0.0,0,0.0,272.18980583334064,467.5517276831885,1120.6090656462584,23.117805459290253,91.64822932482333,-3328.9639861377964,23.117805459290253,91.64822932482333,-3328.9639861377964,0,,2.2737367544323206e-13
q2_fixed_clustered,2025-12-18,12,clustered,1,0,0,0.0,0,0.0,175.9771088173538,296.60882729336197,983.7446642313053,31.81948908294358,91.13524184459716,-4582.006427943876,31.81948908294358,91.13524184459716,-4582.006427943876,0,,2.2737367544323206e-13
q2_fixed_clustered,2025-12-19,12,clustered,1,0,0,0.0,0,0.0,1915.8570359114067,3078.7882637867074,9476.97604864125,280.894942734229,448.0760024594571,-40448.87175372898,280.894942734229,448.0760024594571,-40448.87175372898,0,,2.2737367544323206e-13
q2_fixed_clustered,2025-12-20,12,clustered,1,0,0,0.0,0,0.0,1865.5843586245328,2984.3695184727853,8720.17203127552,276.8267001360143,445.86699921667827,-39863.044819586066,276.8267001360143,445.86699921667827,-39863.044819586066,0,,2.2737367544323206e-13
q2_fixed_clustered,2025-12-21,12,clustered,1,0,0,0.0,0,0.0,165.62707112638012,241.438448699755,705.4022769327553,12.607357129982022,51.36134757105251,-1051.0058926500526,12.607357129982022,51.36134757105251,-1051.0058926500526,2,1.0,1.1368683772161603e-13
q2_fixed_clustered,2025-12-22,12,clustered,1,0,0,0.0,0,0.0,263.65341913762336,357.22698095438534,724.8727897816791,18.460290532479892,64.89189253980989,-1638.9548009818197,18.460290532479892,64.89189253980989,-1638.9548009818197,7,1.0,2.2737367544323206e-13
q2_fixed_clustered,2025-12-23,12,clustered,1,0,0,0.0,0,0.0,328.41369850368443,523.11128112884,1204.8817745258111,33.26003178046907,116.73565653704412,-3967.6892240814377,33.26003178046907,116.73565653704412,-3967.6892240814377,3,1.0,2.2737367544323206e-13
q2_fixed_clustered,2025-12-24,12,clustered,1,0,0,0.0,0,0.0,243.05092060660144,386.803481464272,944.6945280607924,25.870494394677834,78.53516646393312,-3419.731046195974,25.870494394677834,78.53516646393312,-3419.731046195974,2,1.0,2.2737367544323206e-13
q2_fixed_clustered,2025-12-25,12,clustered,1,0,0,0.0,0,0.0,346.02245332029185,603.6205264497311,1525.4766276288487,28.945906401319146,113.88496964191116,-3603.5918240497326,28.945906401319146,113.88496964191116,-3603.5918240497326,7,1.0,2.2737367544323206e-13
q2_fixed_clustered,2025-12-26,12,clustered,1,0,0,0.0,0,0.0,1974.4610551948263,3151.639674111899,9432.958794704007,291.2891907512846,463.5413056760911,-41945.64346818498,291.2891907512846,463.5413056760911,-41945.64346818498,0,,3.410605131648481e-13
q2_fixed_clustered,2025-12-27,12,clustered,1,0,0,0.0,0,0.0,1943.8201887361063,3108.5440155128454,8967.163206202486,288.0663698513512,457.62753280468377,-41481.55725859458,288.0663698513512,457.62753280468377,-41481.55725859458,0,,2.2737367544323206e-13
q2_fixed_clustered,2025-12-28,12,clustered,1,0,0,0.0,0,0.0,326.3971846171033,541.4896367847942,1706.1523123717216,38.21528851736953,131.59356575632123,-4729.084782175121,38.21528851736953,131.59356575632123,-4729.084782175121,7,1.0,2.2737367544323206e-13
q2_fixed_clustered,2025-12-29,12,clustered,1,0,0,0.0,0,0.0,413.13124268649386,776.404969801296,2083.6201521553085,34.734060913603955,131.11906477516447,-4411.358248435333,34.734060913603955,131.11906477516447,-4411.358248435333,8,1.0,2.5579538487363607e-13
q2_fixed_clustered,2025-12-30,12,clustered,1,0,0,0.0,0,0.0,458.6638000794567,795.5125562443209,1972.2315266857422,70.51942051115708,188.76361662074697,-9764.05489504691,70.51942051115708,188.76361662074697,-9764.05489504691,6,1.0,2.2737367544323206e-13
q2_fixed_clustered,2025-12-31,12,clustered,1,0,0,0.0,0,0.0,344.202366285533,579.7023957246911,1351.8840581026197,47.01427091184062,141.3444797673383,-6128.867791053049,47.01427091184062,141.3444797673383,-6128.867791053049,8,1.0,2.2737367544323206e-13
q3_fixed_clustered,2025-02-01,2,clustered,4,0,0,0.0,0,0.0,1910.2068400301316,3199.5326398605694,9043.375444935677,307.1570452725452,469.81587419316264,-44184.234529935464,249.44305252032052,401.6341283907854,-35919.79956292616,0,,1.1368683772161603e-13
q3_fixed_clustered,2025-02-02,2,clustered,4,0,0,0.0,0,0.0,239.49117378168845,447.6480076014723,1322.7637680280773,75.51193319588519,171.63349798851843,-10424.246167325418,34.50946828266521,85.56072208678454,-4969.36343270379,0,,2.2737367544323206e-13
q3_fixed_clustered,2025-02-03,2,clustered,4,0,0,0.0,0,0.0,236.14257416631088,458.7390545466461,1353.3422298800149,77.68037974621299,166.38139984634043,-10658.073793907663,30.648993060844127,71.19234442998233,-4413.455000761554,0,,2.2737367544323206e-13
q3_fixed_clustered,2025-02-04,2,clustered,4,0,0,0.0,0,0.0,310.7537691357453,611.232753521257,2032.9669875241143,90.42122149245519,202.26670755361914,-12623.297670121981,38.509291712110844,86.12053429601478,-5545.3380065439615,0,,2.2737367544323206e-13
q3_fixed_clustered,2025-02-05,2,clustered,4,0,0,0.0,0,0.0,255.65647778972033,552.8994429577758,2116.838376853995,62.57065409130059,159.47491332504015,-8676.972431435024,36.003202006166234,85.53859030904957,-5184.461088887938,0,,2.2737367544323206e-13
q3_fixed_clustered,2025-02-06,2,clustered,4,0,0,0.0,0,0.0,226.72661109401525,457.9735645633993,1551.938475645943,105.60879716089725,226.30190730775308,-14984.542604024547,33.41385991975244,79.86143163945083,-4811.595828444351,0,,2.2737367544323206e-13
q3_fixed_clustered,2025-02-07,2,clustered,4,0,0,0.0,0,0.0,1763.3960839438344,3110.913066917369,9600.0,316.17897475484125,482.97091120490273,-45526.03749307672,250.83796241961352,402.0511492458313,-36120.66658842435,0,,2.2737367544323206e-13
q3_fixed_clustered,2025-02-08,2,clustered,4,0,0,0.0,0,0.0,2015.7772429758277,3354.50961022848,9225.644828028695,261.05009859319324,416.71599650129895,-37591.214197419824,231.23052436929888,386.8815873375999,-33297.19550917904,0,,1.1368683772161603e-13
q3_fixed_clustered,2025-02-09,2,clustered,4,0,0,0.0,0,0.0,210.89824215306703,440.7252573068398,1490.7374079376877,56.18884371283304,130.46225949635794,-7350.761612278964,35.56506428369658,72.85254081624217,-4988.848276049059,3,1.0,2.2737367544323206e-13
q3_fixed_clustered,2025-02-10,2,clustered,4,0,0,0.0,0,0.0,242.57664924083585,520.8221754587263,1584.745294375948,66.11079475599237,167.74641447785024,-9202.909268812971,24.248553768372474,67.28510388349719,-3371.6323774457337,7,0.8571428571428571,2.2737367544323206e-13
q3_fixed_clustered,2025-02-11,2,clustered,4,0,0,0.0,0,0.0,183.3501560751832,380.9792833363119,1109.0799752621297,77.22471520623134,194.19571260612324,-10706.02745132909,23.037128011586624,40.96348804186471,-3058.451085564621,4,1.0,2.2737367544323206e-13
q3_fixed_clustered,2025-02-12,2,clustered,4,0,0,0.0,0,0.0,199.8621868467045,404.87788673532725,1212.739434240404,80.44238486855839,182.55542307677055,-11208.927285900842,23.991695171840682,45.239034512735586,-3454.8041047450583,0,,2.2737367544323206e-13
q3_fixed_clustered,2025-02-13,2,clustered,4,0,0,0.0,0,0.0,218.16913040430015,452.80446823383346,1244.4458641875394,57.72362257459642,145.78792270231716,-8204.867746280574,31.21787846539904,79.89736116260062,-4463.053972915832,4,0.75,2.2737367544323206e-13
q3_fixed_clustered,2025-02-14,2,clustered,4,0,0,0.0,0,0.0,2028.238928815736,3432.9964500748347,9485.281887523217,274.7585538386877,437.5224791502928,-39471.72263164331,224.97941038829254,378.56282023817334,-32397.035095914125,0,,1.1368683772161603e-13
q3_fixed_clustered,2025-02-15,2,clustered,4,0,0,0.0,0,0.0,2092.473288955571,3561.571290414429,9600.0,260.9004855895273,420.4920523445972,-37569.66992489193,200.63565900303897,342.11195532246427,-28891.53489643761,0,,1.1368683772161603e-13
q3_fixed_clustered,2025-02-16,2,clustered,4,0,0,0.0,0,0.0,113.90251164615417,183.68586162844176,507.93952477641596,62.871686051956935,151.8304621566891,-7956.056175445712,14.20386338735161,31.474138327950747,-1841.8612954712346,2,0.5,1.1368683772161603e-13
q3_fixed_clustered,2025-02-17,2,clustered,4,0,0,0.0,0,0.0,249.6015257147436,571.4965749418128,1779.994248857669,95.60195627262728,236.31459253924493,-13158.332531316963,15.0638029804265,31.313729443775994,-1794.7571047856943,3,1.0,2.2737367544323206e-13
q3_fixed_clustered,2025-02-18,2,clustered,4,0,0,0.0,0,0.0,367.3195394334097,820.7102716007341,2667.966663409973,32.40463813913494,102.8361030186281,-2910.898861146049,15.747798801252467,32.1325158845426,-2242.8024115372687,1,1.0,1.1368683772161603e-13
q3_fixed_clustered,2025-02-19,2,clustered,4,0,0,0.0,0,0.0,145.70305938596198,277.7021082509649,745.520791041421,33.3952640577375,100.36740936927545,-4007.159881697401,21.96409906435893,56.16014675915795,-2733.3901603507265,8,1.0,1.1368683772161603e-13
q3_fixed_clustered,2025-02-20,2,clustered,4,0,0,0.0,0,0.0,181.34798648356778,317.1755949918046,907.8054091723475,56.14661247545819,141.7663354245614,-7571.373998074392,23.72194428892819,67.0773648548698,-3409.340925955807,1,0.0,2.2737367544323206e-13
q3_fixed_clustered,2025-02-21,2,clustered,4,0,0,0.0,0,0.0,2000.0146682196169,3385.181373820085,9103.484959411164,247.97800450958434,398.0014199215598,-35515.480189301736,207.20102185952322,353.1243897006093,-29836.947147771345,0,,1.1368683772161603e-13
q3_fixed_clustered,2025-02-22,2,clustered,4,0,0,0.0,0,0.0,2028.8109667335139,3416.794352373147,9020.29344662887,252.96561500445557,413.6711296179129,-36245.93129801237,199.4880776876439,339.6912297253673,-28726.283187020723,0,,2.2737367544323206e-13
q3_fixed_clustered,2025-02-23,2,clustered,4,0,0,0.0,0,0.0,183.49179692393537,348.6333116117835,1007.1492037364424,58.99443846785144,154.84223023381162,-7063.729649272049,13.824103431217843,36.72819918225707,-1834.2605864693182,1,1.0,1.1368683772161603e-13
q3_fixed_clustered,2025-02-24,2,clustered,4,0,0,0.0,0,0.0,265.0713037468534,628.6617779683218,2732.992651968295,42.88816910016489,106.82977935725168,-5119.291252977725,15.510201429237902,37.21777039960439,-2233.469005810258,0,,1.1368683772161603e-13
q3_fixed_clustered,2025-02-25,2,clustered,4,0,0,0.0,0,0.0,137.58769756239965,295.9829179115231,1011.2288274749362,75.7465200512222,192.2334029210603,-10205.619254213383,21.34884625887488,50.72989693405935,-2809.8681825194926,8,0.75,2.2737367544323206e-13
q3_fixed_clustered,2025-02-26,2,clustered,4,0,0,0.0,0,0.0,143.38207247360796,230.90232928215949,672.4751612666196,26.61333230414343,82.1557767161707,-1064.3809117795608,18.497693073657288,63.85176873670947,-2574.3159687008347,2,0.0,1.1368683772161603e-13
q3_fixed_clustered,2025-02-27,2,clustered,4,0,0,0.0,0,0.0,149.8701065790603,304.09330499613577,891.0991314172136,41.01037962802234,96.1494268029194,-4430.339070254951,23.397150858852385,56.64511119435982,-3304.0277360454984,5,0.8,2.8421709430404007e-13
q3_fixed_clustered,2025-02-28,2,clustered,4,0,0,0.0,0,0.0,2124.025035969058,3637.861723899,9600.0,215.98512298548815,352.23922003808997,-30687.68102027527,189.8749812055891,325.8697416548829,-27341.997293604833,0,,1.1368683772161603e-13
q3_fixed_clustered,2025-03-01,3,clustered,4,0,0,0.0,0,0.0,2130.8766962321124,3607.85410337609,9600.0,281.15267582774385,434.18400241155206,-40252.389403845846,200.4054866922744,333.050900552494,-28858.390083687515,0,,1.1368683772161603e-13
q3_fixed_clustered,2025-03-02,3,clustered,4,0,0,0.0,0,0.0,429.70504769702575,976.2689681126323,3351.5890345833996,74.13608072707422,181.1510027882029,-7198.822455691705,26.96897716083968,50.78895944230895,-3297.0976871438506,7,1.0,2.2737367544323206e-13
q3_fixed_clustered,2025-03-03,3,clustered,4,0,0,0.0,0,0.0,258.7918969296554,546.1841086044784,1671.2834964703497,75.11034283086487,172.78382779784405,-8523.59268644982,18.935333183297764,38.4231433368722,-2463.972488048047,6,1.0,1.5276668818842154e-13
q3_fixed_clustered,2025-03-04,3,clustered,4,0,0,0.0,0,0.0,346.9810023237011,750.7130539687196,2494.248581737299,31.254450544975484,104.95023454968512,-2924.42634191895,12.291902713131046,28.287766082890435,-1679.3733184592147,5,1.0,2.2737367544323206e-13
q3_fixed_clustered,2025-03-05,3,clustered,4,0,0,0.0,0,0.0,359.51688644917004,792.1619463578708,2445.4653089968106,73.26425450994304,174.86056817658368,-10026.778661521428,16.57027674733565,34.08612667856015,-2207.0831323110324,2,1.0,1.1368683772161603e-13
q3_fixed_clustered,2025-03-06,3,clustered,4,0,0,0.0,0,0.0,379.90227230009486,779.1843522756328,2408.1160856396245,43.76433308837272,121.66567273255046,-4466.077077710668,18.123362144828242,52.88234311023588,-2609.7641488552667,0,,2.2737367544323206e-13
q3_fixed_clustered,2025-03-07,3,clustered,4,0,0,0.0,0,0.0,2205.2255493801795,3721.3975548676035,9600.0,258.95724366666764,414.7474138285897,-37223.644985526174,193.86335315339926,328.4289472387517,-27916.322854089492,0,,1.1368683772161603e-13
q3_fixed_clustered,2025-03-08,3,clustered,4,0,0,0.0,0,0.0,2174.2831964983893,3693.8860756236036,9600.0,213.74120766237144,350.60952559558643,-30263.948617987444,183.7521209793016,318.44710338889166,-26460.30542101943,0,,1.1368683772161603e-13
q3_fixed_clustered,2025-03-09,3,clustered,4,0,0,0.0,0,0.0,297.47614557739325,609.5769104953716,1905.6991811535918,82.61035789295362,204.6841105057413,-10951.503878795007,14.381977630301826,47.54931546108503,-1733.5197779541606,5,1.0,1.1368683772161603e-13
q3_fixed_clustered,2025-03-10,3,clustered,4,0,0,0.0,0,0.0,209.0950450394575,378.7343059999906,1154.3307266090087,29.611036800695146,101.10248561123073,-1437.230723309548,14.330417640524514,58.66397097659022,-1823.368030223175,4,1.0,1.1368683772161603e-13
q3_fixed_clustered,2025-03-11,3,clustered,4,0,0,0.0,0,0.0,248.11962935905427,447.2597004568643,1311.8594772171184,42.187518846668965,131.30410148421328,3800.727984207822,10.45929331327594,26.259949623842193,-1506.1382371117352,0,,1.1368683772161603e-13
q3_fixed_clustered,2025-03-12,3,clustered,4,0,0,0.0,0,0.0,176.16695001512937,392.1510066199179,1261.4538203950951,65.81139635395031,169.82305589287827,-8984.011935047103,11.586922017167687,25.440445692290734,-1558.3524639399716,1,1.0,1.1368683772161603e-13
q3_fixed_clustered,2025-03-13,3,clustered,4,0,0,0.0,0,0.0,248.09119134179417,487.30066109971256,1481.4998543739698,40.43374490906967,116.07204560867694,-4441.360478793729,21.353262670048952,65.25099936385618,-2729.3604857062264,3,1.0,2.2737367544323206e-13
q3_fixed_clustered,2025-03-14,3,clustered,4,0,0,0.0,0,0.0,2099.228390759571,3515.4632633869437,9228.793688415339,190.9924220489863,309.70212056090736,-27426.192323223826,169.83189374933565,300.6056667888735,-24455.792699904334,0,,2.2737367544323206e-13
q3_fixed_clustered,2025-03-15,3,clustered,4,0,0,0.0,0,0.0,2016.3161721076835,3405.9868411758785,9000.0,211.61396826435225,357.58022733681565,-30342.956959709027,186.3849901324285,329.00187073367437,-26839.438579069705,0,,1.1368683772161603e-13
q3_fixed_clustered,2025-03-16,3,clustered,4,0,0,0.0,0,0.0,151.57672157962804,282.23106631789466,853.8356770256548,31.034776304993468,101.84537859699094,-3991.1536826256383,16.77330498262456,57.17529167420181,-2412.075917497936,1,0.0,2.2737367544323206e-13
q3_fixed_clustered,2025-03-17,3,clustered,4,0,0,0.0,0,0.0,56.73323559334566,90.23165290292825,337.3650745643213,48.245765478184126,147.442365633388,-5229.726737197151,9.215476618783546,26.25761293793372,-1225.0823905163165,4,1.0,1.1368683772161603e-13
q3_fixed_clustered,2025-03-18,3,clustered,4,0,0,0.0,0,0.0,170.87195415478632,327.2967279310757,1103.569844346841,67.89453439204807,177.3952756591895,-9268.98140997837,11.517342972784967,26.93029716872751,-1658.497388081035,0,,1.7053025658242404e-13
q3_fixed_clustered,2025-03-19,3,clustered,4,0,0,0.0,0,0.0,172.1522344050226,251.98125916553215,677.1057108921061,31.314978039662023,97.7079663014368,2157.368764229926,11.680555601126015,33.525470851841845,-1682.0000065621462,0,,2.2737367544323206e-13
q3_fixed_clustered,2025-03-20,3,clustered,4,0,0,0.0,0,0.0,120.23431364752973,174.35307882791486,358.4064785894275,45.04516050003775,112.81637750191649,-4930.280642746228,7.3561307830610225,21.292469275863272,-953.1795540094395,1,1.0,2.2737367544323206e-13
q3_fixed_clustered,2025-03-21,3,clustered,4,0,0,0.0,0,0.0,2032.81567294524,3447.1682552529783,8953.183159603605,194.39035069461698,335.5703585734735,-27907.42530332616,141.955298120588,265.34662388887557,-20441.56292936467,0,,1.1368683772161603e-13
q3_fixed_clustered,2025-03-22,3,clustered,4,0,0,0.0,0,0.0,2155.050333903179,3673.582488677815,9600.0,203.84139442238018,333.3230282149657,-29353.160796822744,160.02989744288809,282.79412868933616,-23044.305231775885,0,,2.2737367544323206e-13
q3_fixed_clustered,2025-03-23,3,clustered,4,0,0,0.0,0,0.0,174.62467628000041,372.7974037159557,1476.8915988461067,58.737677954222164,170.1656803709752,-7623.302665585517,8.251420576577578,25.870384703611418,-964.0227936412614,2,1.0,2.2737367544323206e-13
q3_fixed_clustered,2025-03-24,3,clustered,4,0,0,0.0,0,0.0,78.36949842622568,128.306478517427,456.76244989047564,34.57408763419983,107.54404097946365,-3906.1081207576026,10.542867733062106,27.544243083065552,-1205.6233569236201,3,1.0,2.2737367544323206e-13
q3_fixed_clustered,2025-03-25,3,clustered,4,0,0,0.0,0,0.0,59.930569219036926,85.70780839381709,237.34688294711236,63.955919174598144,187.53307556605827,-8532.991202894069,2.593283265146416,8.86132044848719,-194.1596711263794,4,1.0,2.2737367544323206e-13
q3_fixed_clustered,2025-03-26,3,clustered,4,0,0,0.0,0,0.0,152.70146731619064,317.4566831645656,1245.016839122697,50.20503577813693,153.72140357043844,-5395.278617773901,5.548887110964306,16.034150039501238,-799.0397439788601,0,,2.2737367544323206e-13
q3_fixed_clustered,2025-03-27,3,clustered,4,0,0,0.0,0,0.0,84.90750656674047,122.20761533715533,375.24865521764787,42.001892883008196,144.36345429101453,-5620.260308249513,5.599249770551869,21.025517481925704,-782.6657371788187,1,1.0,2.2737367544323206e-13
q3_fixed_clustered,2025-03-28,3,clustered,4,0,0,0.0,0,0.0,2125.3801583531545,3563.5561555472163,9280.075704956093,171.65220730617511,293.3657769108281,-24716.28057949902,139.01775573405607,267.8275196214501,-20018.556825704072,0,,1.1368683772161603e-13
q3_fixed_clustered,2025-03-29,3,clustered,4,0,0,0.0,0,0.0,2038.0833614057372,3436.960805318759,8137.391906281768,131.98936453114936,253.0044782279928,-18971.547621761292,129.67474537109513,256.58347121182874,-18673.1633334377,0,,1.1368683772161603e-13
q3_fixed_clustered,2025-03-30,3,clustered,4,0,0,0.0,0,0.0,199.24648095007637,318.129169783599,979.8670633314305,56.52222114161022,160.95703950251763,-6065.3850986404295,1.9858206994572076,10.266757968946328,-70.13307935401117,3,1.0,1.1368683772161603e-13
q3_fixed_clustered,2025-03-31,3,clustered,4,0,0,0.0,0,0.0,176.8643570889828,253.20427576134344,637.0039446955714,38.48909059891533,129.95811685401662,5170.2362339236,3.7651850053251703,14.808243659308758,-542.1866407668246,0,,1.1368683772161603e-13
q3_fixed_clustered,2025-04-01,4,clustered,4,0,0,0.0,0,0.0,206.99767850687002,331.0140019186697,983.5919913585294,43.35446025500672,132.2975802870534,-4255.613591547695,5.515526295708828,20.485612879490194,-602.3498912948528,3,1.0,1.1368683772161603e-13
q3_fixed_clustered,2025-04-02,4,clustered,4,0,0,0.0,0,0.0,199.92025893210112,364.7428835147868,1186.6157945395498,20.35939403930388,86.98200377897943,616.2873999976636,7.297248919507862,23.35339214597989,-772.1387092754651,1,1.0,2.2737367544323206e-13
q3_fixed_clustered,2025-04-03,4,clustered,4,0,0,0.0,0,0.0,195.8638205119198,352.1117392949857,1192.7425337098612,55.47145979079554,150.1294060900422,-7618.472977694585,8.23129101388874,32.45119893780683,-1030.1648472868296,1,1.0,2.2737367544323206e-13
q3_fixed_clustered,2025-04-04,4,clustered,4,0,0,0.0,0,0.0,2032.5967415333973,3386.2332820985475,8135.959746852455,130.03509244608634,262.42638922997884,-18699.780366475945,131.6742285557985,265.03462791833175,-18961.088912034982,0,,1.1368683772161603e-13
q3_fixed_clustered,2025-04-05,4,clustered,4,0,0,0.0,0,0.0,1971.5688555420263,3298.9902427252737,8042.192538982985,126.68131106762166,250.10032775363612,-18178.87977732395,128.56814379817772,252.59016520504923,-18513.81270693759,0,,1.1368683772161603e-13
q3_fixed_clustered,2025-04-06,4,clustered,4,0,0,0.0,0,0.0,120.41448676674976,210.44794015874265,648.4956375916481,30.24362010168257,104.77266022912694,-2615.286343894464,7.854792852712099,24.560104391762117,-721.5842389029045,4,1.0,2.2737367544323206e-13
q3_fixed_clustered,2025-04-07,4,clustered,4,0,0,0.0,0,0.0,102.3883448408184,150.71542855106554,486.40518844798135,24.165857005777596,82.70787360207838,3441.2267541257825,1.9403757541595381,6.945285597731617,-279.4141085989735,0,,1.4210854715202004e-13
q3_fixed_clustered,2025-04-08,4,clustered,4,0,0,0.0,0,0.0,148.88863189499503,228.35397390620435,1011.907921179255,47.30184891966725,138.07573689269242,-5828.53373789776,4.631198489721302,24.82352546070818,-134.350593210865,4,1.0,2.2737367544323206e-13
q3_fixed_clustered,2025-04-09,4,clustered,4,0,0,0.0,0,0.0,182.2667942365654,268.8486417058202,891.838552226016,23.884671587891116,89.93575791540538,376.2598575293557,9.420734782567399,63.10502908912396,-966.6399320569454,3,1.0,1.1368683772161603e-13
q3_fixed_clustered,2025-04-10,4,clustered,4,0,0,0.0,0,0.0,149.72959223640228,203.64030499562193,634.92788943697,33.429559178706846,87.2371498025754,-1835.351018325726,11.545461424892235,42.103184050889936,-1317.1398346089968,5,1.0,2.2737367544323206e-13
q3_fixed_clustered,2025-04-11,4,clustered,4,0,0,0.0,0,0.0,2129.2098892059375,3571.078666443989,9296.395208436727,111.0793382719781,248.80632890681414,-15926.508446327338,114.01585251539667,250.98699906779467,-16418.28276221712,0,,1.1368683772161603e-13
q3_fixed_clustered,2025-04-12,4,clustered,4,0,0,0.0,0,0.0,1739.8884664280613,2809.536629077847,6167.069039717454,178.63051907618785,315.35705834120404,-25711.299253369172,130.36861297465109,257.48449337961875,-18773.080268349757,0,,1.1368683772161603e-13
q3_fixed_clustered,2025-04-13,4,clustered,4,0,0,0.0,0,0.0,110.80870760237514,146.21482748146389,400.25853741158244,10.015263429321182,32.70105773670408,137.08778512943513,3.1733299935814028,11.24734075565419,-130.02049838450648,5,1.0,1.1368683772161603e-13
q3_fixed_clustered,2025-04-14,4,clustered,4,0,0,0.0,0,0.0,319.13085665662135,424.0850418742232,1118.2320864752837,55.46834939712083,142.07276905181678,-5577.08758018063,2.0625196450102345,16.096085824289855,81.57290658865531,2,1.0,1.1368683772161603e-13
q3_fixed_clustered,2025-04-15,4,clustered,4,0,0,0.0,0,0.0,152.5099004247424,237.91368189468005,1010.5434559016385,16.11832815940989,55.149175219722565,2018.4259314628184,4.5849050229780435,21.100738780792128,-157.04704146948222,6,1.0,1.1368683772161603e-13
q3_fixed_clustered,2025-04-16,4,clustered,4,0,0,0.0,0,0.0,179.4037991632602,252.6434174420607,714.3699276619573,22.991234132809296,77.50653799012436,640.5241325471465,4.569107155145901,17.146133148032227,-439.9056958698924,5,1.0,1.1368683772161603e-13
q3_fixed_clustered,2025-04-17,4,clustered,4,0,0,0.0,0,0.0,153.23263252107898,194.91124311223012,583.3996486110809,28.69770456960446,98.28257385405537,2650.7433565266574,9.05281325104184,32.448718034391895,-462.44982828461355,6,1.0,2.2737367544323206e-13
q3_fixed_clustered,2025-04-18,4,clustered,4,0,0,0.0,0,0.0,1927.6000851297583,3179.137960215441,7388.67307681194,122.97072171584912,261.51696269968164,-17679.069183172207,125.03729003153668,263.97382593150763,-18005.369764541283,0,,1.1368683772161603e-13
q3_fixed_clustered,2025-04-19,4,clustered,4,0,0,0.0,0,0.0,1946.598081811336,3242.2726539001155,7232.886119058597,141.09899904358076,270.60326081554666,-20238.843454082522,130.42368294362507,263.1166070863442,-18781.010343882008,0,,5.684341886080802e-14
q3_fixed_clustered,2025-04-20,4,clustered,4,0,0,0.0,0,0.0,204.967588550493,267.8449982609704,779.3468143132632,15.03945587331976,49.383604074296244,1601.9582743824021,4.318647796861715,16.294802691748245,-53.592612988146755,4,1.0,1.2612133559741778e-13
q3_fixed_clustered,2025-04-21,4,clustered,4,0,0,0.0,0,0.0,338.10692350889366,479.59364972589543,1207.9001605746525,41.99294392926606,139.81097686819018,-5188.038103732259,2.2018841342610385,15.509949262307433,144.33047675357312,6,1.0,7.105427357601002e-14
q3_fixed_clustered,2025-04-22,4,clustered,4,0,0,0.0,0,0.0,255.92192451165053,361.6226099147473,943.0741417693971,26.660163811053593,94.24817501154511,3750.177069280407,2.303774821788917,10.956801135514283,-113.31897302876132,6,1.0,1.1368683772161603e-13
q3_fixed_clustered,2025-04-23,4,clustered,4,0,0,0.0,0,0.0,214.99132895439567,321.8150887666825,1079.9174175518829,36.33042593982529,111.81297321417748,5081.680989778745,2.342835779905858,7.89632214774976,-49.644928592135514,5,1.0,1.1368683772161603e-13
q3_fixed_clustered,2025-04-24,4,clustered,4,0,0,0.0,0,0.0,250.1967891509326,391.2654028985313,1402.5190313079374,9.312582239350636,39.23397318784111,595.4617203564563,9.943517483676528,29.55735525707397,-951.1733588183021,4,1.0,2.2737367544323206e-13
q3_fixed_clustered,2025-04-25,4,clustered,4,0,0,0.0,0,0.0,2067.11615158,3431.933641443158,8676.059328688236,121.02449109888023,260.40862994786414,-17427.526718238754,113.25017552189628,251.4618488979795,-16308.025275153064,0,,1.1368683772161603e-13
q3_fixed_clustered,2025-04-26,4,clustered,4,0,0,0.0,0,0.0,2062.3956161822484,3371.4673332344464,8019.731522688837,111.03922589710177,246.9684469839023,-15989.648529182656,115.79013145681681,251.32966325957742,-16673.77892978162,0,,1.1368683772161603e-13
q3_fixed_clustered,2025-04-27,4,clustered,4,0,0,0.0,0,0.0,294.3833432400148,436.0856803743068,1567.4032464269458,28.904050959979983,80.93698231512572,3951.4148175895707,5.523040470428045,25.719548778717925,122.87219520414712,5,1.0,1.1368683772161603e-13
q3_fixed_clustered,2025-04-28,4,clustered,4,0,0,0.0,0,0.0,191.18084383813056,286.88609000266024,798.8367722598196,37.16313714925669,129.92024265014737,-536.0204237204321,7.928074417054625,24.94087866787858,-848.1978153797165,5,1.0,2.2737367544323206e-13
q3_fixed_clustered,2025-04-29,4,clustered,4,0,0,0.0,0,0.0,153.59843901920175,221.75773136853584,633.773246905228,9.22459305392952,25.600842155830403,923.3443953756604,3.1952080062097377,20.02519834209481,-45.089382983605844,1,1.0,1.2789769243681803e-13
q3_fixed_clustered,2025-04-30,4,clustered,4,0,0,0.0,0,0.0,196.5681977836844,286.76647617140287,1066.1414349947172,22.700822445560377,77.09245708013157,3071.392901689965,6.181330564393069,28.30426941131598,628.9036071787973,10,1.0,1.1368683772161603e-13
q3_fixed_clustered,2025-05-01,5,clustered,4,0,0,0.0,0,0.0,385.25935684647334,578.9651127665254,1637.441105410097,30.708790586893922,111.09268990622098,3601.0021688579973,16.165128566633754,83.78263869896209,1258.75583029579,9,1.0,1.1368683772161603e-13
q3_fixed_clustered,2025-05-02,5,clustered,4,0,0,0.0,0,0.0,1834.2982830191352,2868.437818220776,6932.815733075129,153.8302028936409,282.8134954715207,-22151.54921668429,129.24137462046113,253.9336281697073,-18610.757945346402,0,,1.1368683772161603e-13
q3_fixed_clustered,2025-05-03,5,clustered,4,0,0,0.0,0,0.0,1428.6500151263779,2347.8606920873385,5831.231690800717,126.04548517529345,237.80852362264346,-18150.549865242258,111.48738094170815,219.91190425182714,-16054.182855605974,0,,1.1368683772161603e-13
q3_fixed_clustered,2025-05-04,5,clustered,4,0,0,0.0,0,0.0,387.7215570044785,488.3128093016875,1165.794809268062,42.42295422265334,135.68432023978647,-663.0093248400148,11.517579368078433,74.37610290281482,1658.5314290032943,9,1.0,8.526512829121202e-14
q3_fixed_clustered,2025-05-05,5,clustered,4,0,0,0.0,0,0.0,308.64947853414054,437.4237824512703,1397.6724819877581,27.62744010041274,101.7058803649626,1168.6739520881065,10.115967517721527,70.65081852413854,1456.6993225519,9,1.0,0.0
q3_fixed_clustered,2025-05-06,5,clustered,4,0,0,0.0,0,0.0,286.55105085538963,414.590508205797,1164.0785528722408,48.260976674251765,136.30235687806723,6558.4651669733585,16.72357519574104,77.50229247801093,2241.716652307059,18,1.0,2.2737367544323206e-13
q3_fixed_clustered,2025-05-07,5,clustered,4,0,0,0.0,0,0.0,263.8820899494319,354.6244704926833,1059.9049373632297,43.22115258749988,127.79322189201808,5736.554027798185,16.1228859822327,77.29349493536218,1357.0921673487915,13,1.0,2.2737367544323206e-13
q3_fixed_clustered,2025-05-08,5,clustered,4,0,0,0.0,0,0.0,257.1992546322603,331.3630630936261,1078.8469537648502,42.584977447268365,143.63220298060818,-1219.4597232471106,11.299493885814844,71.97412791990361,1336.7971537776655,10,0.9,1.1368683772161603e-13
q3_fixed_clustered,2025-05-09,5,clustered,4,0,0,0.0,0,0.0,1816.737977129843,2942.066247602806,6773.341156382983,153.29996803675033,279.4151958184289,-22075.195397292046,113.93528995692856,235.27943338909557,-16406.68175379771,0,,1.1368683772161603e-13
q3_fixed_clustered,2025-05-10,5,clustered,4,0,0,0.0,0,0.0,1622.6732646269575,2737.8673571335003,6806.216354148437,139.06043231240776,252.9236528441552,-20024.702252986717,114.80278179095451,227.3743799952912,-16531.60057789745,0,,1.1368683772161603e-13
q3_fixed_clustered,2025-05-11,5,clustered,4,0,0,0.0,0,0.0,416.9535132564655,526.5381547088372,1254.7179978012439,30.165606652407874,106.18546106441302,3138.020602501336,11.405504195385502,77.86838185992707,1500.3997907711612,11,0.8181818181818182,1.1368683772161603e-13
q3_fixed_clustered,2025-05-12,5,clustered,4,0,0,0.0,0,0.0,266.82298751424736,344.44344565502774,929.4603607916165,41.57980569816975,129.01501900279663,5716.591063537278,8.693460321164064,65.3949741740252,1083.6558170918809,8,1.0,1.1368683772161603e-13
q3_fixed_clustered,2025-05-13,5,clustered,4,0,0,0.0,0,0.0,261.63149421862914,444.36149609634424,1313.9313150324479,48.550072053313265,158.76124775955145,-3167.585200490124,11.843908120528859,67.8430701425029,749.5916825732652,9,1.0,2.2737367544323206e-13
q3_fixed_clustered,2025-05-14,5,clustered,4,0,0,0.0,0,0.0,231.1691099659912,295.03828357746994,822.32665563011,37.020579743500214,135.11839507417073,-1036.829254100574,9.654759250651466,70.08622466517353,830.2913895484517,9,1.0,0.0
q3_fixed_clustered,2025-05-15,5,clustered,4,0,0,0.0,0,0.0,146.8630803403041,195.21607092392136,504.5564927185658,32.81692722290495,89.42009182076,-375.91691021571296,8.813473162482369,42.50868918329584,378.6828963082438,8,1.0,2.2737367544323206e-13
q3_fixed_clustered,2025-05-16,5,clustered,4,0,0,0.0,0,0.0,1933.1122943896414,3090.893819120019,7495.834885765519,113.9142958344689,237.4713023903437,-16403.658600163522,99.91478267108835,222.91191347715926,-14387.728704636722,0,,1.1368683772161603e-13
q3_fixed_clustered,2025-05-17,5,clustered,4,0,0,0.0,0,0.0,1383.2385049369263,2218.581896878555,4748.822463867657,137.411055508775,259.5161705716115,-19787.1919932636,111.18585190317714,221.20636387421462,-16010.762674057507,0,,1.1368683772161603e-13
q3_fixed_clustered,2025-05-18,5,clustered,4,0,0,0.0,0,0.0,243.1493806528506,341.92842151003555,1024.8979887429196,37.89625993413745,136.29827052471074,-3631.3376186598093,8.972365435611627,59.276760627150765,657.7863751869153,9,0.8888888888888888,2.2737367544323206e-13
q3_fixed_clustered,2025-05-19,5,clustered,4,0,0,0.0,0,0.0,294.13830043187005,545.2367305469232,2275.6027820489962,19.605279689781483,75.44139569154306,-890.2823746908443,6.250410383757704,33.592763992007804,123.9540257281464,7,0.7142857142857143,1.1368683772161603e-13
q3_fixed_clustered,2025-05-20,5,clustered,4,0,0,0.0,0,0.0,151.4244478572556,192.9053853091184,519.3705791431021,27.753293157118037,99.5782508761178,3962.1732126927955,2.4175025902894185,22.55662587551763,195.43898803836544,2,1.0,1.1368683772161603e-13
q3_fixed_clustered,2025-05-21,5,clustered,4,0,0,0.0,0,0.0,198.46073787901716,316.2867699231555,939.7184169498678,34.06263690975082,101.76620339150924,4609.831814401092,3.0098253380325093,11.87076687192684,-433.41484867668134,0,,1.2789769243681803e-13
q3_fixed_clustered,2025-05-22,5,clustered,4,0,0,0.0,0,0.0,172.3864584024412,269.59838572629826,958.7436973378562,15.593512089668755,48.61994206716059,-562.9811332980909,4.427690218399544,32.205916849031595,-485.0127208288791,2,0.5,1.1368683772161603e-13
q3_fixed_clustered,2025-05-23,5,clustered,4,0,0,0.0,0,0.0,1513.482016662572,2443.677905380978,4853.050831640319,140.5394522070043,264.1546618718712,-19499.579352341512,139.3566559884335,267.77386205389564,-20067.35846233442,0,,1.1368683772161603e-13
q3_fixed_clustered,2025-05-24,5,clustered,4,0,0,0.0,0,0.0,2037.504661946264,3255.4348922488894,8139.572106502386,116.71231214799874,246.8153638006493,-15782.154646520927,115.69239713948062,249.58938656780322,-16659.70518808521,0,,1.7053025658242404e-13
q3_fixed_clustered,2025-05-25,5,clustered,4,0,0,0.0,0,0.0,224.62345712939342,467.5189052230941,2053.023817435944,24.946709197713894,97.77888410950719,-1161.4519421137177,2.888341742952134,10.613992699000997,-209.29963666040405,5,1.0,1.1368683772161603e-13
q3_fixed_clustered,2025-05-26,5,clustered,4,0,0,0.0,0,0.0,132.2861129399382,189.29023807393042,576.8233328455549,37.13930782373871,122.83098646674262,4141.027999509044,5.712221134741044,14.827027601532835,-822.5598434027103,0,,2.2737367544323206e-13
q3_fixed_clustered,2025-05-27,5,clustered,4,0,0,0.0,0,0.0,107.52881717574166,164.58011231316502,482.8105320970799,35.43377191010882,93.52863710877861,3453.5300874196455,16.316445013959193,44.16017184087627,-593.9356720309148,6,1.0,2.2737367544323206e-13
q3_fixed_clustered,2025-05-28,5,clustered,4,0,0,0.0,0,0.0,188.32340479386517,291.85078506187847,938.4362599614033,26.27599677247332,104.31049933366089,-2469.721623254436,5.067355825794925,29.477312730792782,-729.6992389144692,0,,1.1368683772161603e-13
q3_fixed_clustered,2025-05-29,5,clustered,4,0,0,0.0,0,0.0,230.44579456992486,341.1609683719949,1051.4103116978877,39.61267974958946,135.8524467784389,843.5692204921609,8.364775903655966,34.340427263200915,-801.4640923391354,2,0.5,1.1368683772161603e-13
q3_fixed_clustered,2025-05-30,5,clustered,4,0,0,0.0,0,0.0,1623.3807255988859,2649.475001687809,5168.318215663291,158.69931334886542,283.82097597997165,-22451.545250045936,137.29111211121975,265.5109428346364,-19769.920144015643,0,,1.1368683772161603e-13
q3_fixed_clustered,2025-05-31,5,clustered,4,0,0,0.0,0,0.0,1572.3300580617831,2577.138426564125,5713.371293408979,171.26387792407957,305.7561083133322,-24195.49788786761,134.08660186718694,254.14228545713797,-19308.47066887492,0,,1.1368683772161603e-13
q3_fixed_clustered,2025-06-01,6,clustered,4,0,0,0.0,0,0.0,773.012578318635,1130.3712433331746,3179.255848457602,103.15786880538884,213.63829979176867,-14.670875305837853,17.416046332884708,82.20371433330504,1697.8207338633893,14,0.6428571428571429,2.2737367544323206e-13
q3_fixed_clustered,2025-06-02,6,clustered,4,0,0,0.0,0,0.0,718.4827390341411,987.3436318145888,2739.6872406727052,99.23169709606515,215.7525881078367,-3678.2031027433077,13.465949326427443,71.18859495339066,1923.5739385432628,18,0.6666666666666666,0.0
q3_fixed_clustered,2025-06-03,6,clustered,4,0,0,0.0,0,0.0,749.7349639514632,978.8765812533975,2275.802149709496,72.9536190797668,203.94178005688457,2117.341855447415,13.747169558076735,73.93826921904504,1359.9856666833603,14,0.5714285714285714,2.2737367544323206e-13
q3_fixed_clustered,2025-06-04,6,clustered,4,0,0,0.0,0,0.0,520.0590189179073,797.9603350594807,2255.1254846796837,92.96042315584705,201.01377020923812,-8521.399525312772,11.412886354381309,69.87982656857099,1559.0334123327852,15,0.5333333333333333,2.2737367544323206e-13
q3_fixed_clustered,2025-06-05,6,clustered,4,0,0,0.0,0,0.0,672.8619182614691,947.8689189875322,2159.6931085933993,56.76497106026741,146.31726058289757,4234.806772058275,10.278937161589099,58.77698147555481,1162.417870052697,15,0.5333333333333333,2.2737367544323206e-13
q3_fixed_clustered,2025-06-06,6,clustered,4,0,0,0.0,0,0.0,1850.5250449808034,3013.4295845752567,8018.957867481846,202.02519854630182,359.46908224155675,-28978.94976460288,144.3637290185176,286.6018846414975,-20788.376978666536,0,,1.1368683772161603e-13
q3_fixed_clustered,2025-06-07,6,clustered,4,0,0,0.0,0,0.0,1777.2997732070428,3126.602108640024,9000.0,238.66315377315757,400.91060692091634,-34221.84976020062,156.8946032394266,292.885020709645,-22592.822866477432,0,,1.1368683772161603e-13
q3_fixed_clustered,2025-06-08,6,clustered,4,0,0,0.0,0,0.0,542.9634898984606,736.7448402845879,1918.4062993456737,60.58566163133165,169.78514164642706,1322.9597866296813,10.032639050834346,42.29559615509771,1013.9279254317673,14,0.5714285714285714,2.2737367544323206e-13
q3_fixed_clustered,2025-06-09,6,clustered,4,0,0,0.0,0,0.0,353.9970892911756,506.0801423911198,1373.39400039646,43.47898761954888,91.26337982978502,-2210.6632351461885,9.435876108322296,42.353634239425816,988.7041422111407,20,0.6,1.1368683772161603e-13
q3_fixed_clustered,2025-06-10,6,clustered,4,0,0,0.0,0,0.0,305.5237674248325,496.4802178507234,1425.178499670912,39.38529415992726,92.6492689270767,2978.389168048446,10.665683559327654,33.33212906442256,718.8229245340349,18,0.5555555555555556,2.2737367544323206e-13
q3_fixed_clustered,2025-06-11,6,clustered,4,0,0,0.0,0,0.0,402.974619293716,549.206787240862,1138.3933379088248,47.4901697255228,128.4132739408254,2124.812002720324,8.535420388281004,42.350768730823376,1156.2614337706998,17,0.5294117647058824,1.1368683772161603e-13
q3_fixed_clustered,2025-06-12,6,clustered,4,0,0,0.0,0,0.0,394.83837152315584,583.0599491196921,1737.8879849417808,43.86839154773583,108.46061417631644,-1004.2690649698375,9.391005815821357,32.48939264494003,-56.47124193198238,14,0.5714285714285714,2.2737367544323206e-13
q3_fixed_clustered,2025-06-13,6,clustered,4,0,0,0.0,0,0.0,2002.566421596693,3415.7168404018707,9527.709998531249,207.4972826419335,351.7015399726426,-29742.925526297706,171.74022983573983,309.77082850708086,-24730.593096346536,0,,1.1368683772161603e-13
q3_fixed_clustered,2025-06-14,6,clustered,4,0,0,0.0,0,0.0,1638.2655188968943,2786.7958334697237,6729.45627606272,223.09475668389345,392.4250210742821,-32125.644962480656,141.30252005931686,265.7555758637648,-20347.562888541626,0,,2.2737367544323206e-13
q3_fixed_clustered,2025-06-15,6,clustered,4,0,0,0.0,0,0.0,208.74319397452138,283.3407644908432,1003.4178604629378,39.150749212202754,140.5291264035618,5078.834722455923,6.945669364390739,29.557265047461282,317.91697586382816,11,0.45454545454545453,2.2737367544323206e-13
q3_fixed_clustered,2025-06-16,6,clustered,4,0,0,0.0,0,0.0,374.7705998943545,513.2932888112568,1454.7438333524078,33.178135645928144,94.23027284175492,1450.8468057979703,9.134669780764167,36.01549289574221,961.99297469259,17,0.6470588235294118,2.2737367544323206e-13
q3_fixed_clustered,2025-06-17,6,clustered,4,0,0,0.0,0,0.0,252.72394215642427,313.2822814660044,616.0828743242182,28.46674026973944,80.51113321294908,712.4538896227871,9.134520416671867,36.47476376590849,513.5600111374009,16,0.5,2.2737367544323206e-13
q3_fixed_clustered,2025-06-18,6,clustered,4,0,0,0.0,0,0.0,177.70592428005423,272.911428827432,881.3795049642267,41.74860838112309,128.40732998691809,-4152.5807958876685,10.659867595045347,37.54008422396445,-896.3026542479072,7,0.42857142857142855,2.2737367544323206e-13
q3_fixed_clustered,2025-06-19,6,clustered,4,0,0,0.0,0,0.0,242.5009260034694,320.5918689255658,883.3381480138896,61.58453539440163,161.2652625324986,-2177.593464432013,14.113469357386256,54.94990328046027,-949.0679086744934,14,0.6428571428571429,2.2737367544323206e-13
q3_fixed_clustered,2025-06-20,6,clustered,4,0,0,0.0,0,0.0,1788.1743395790932,2982.793029560966,6848.534480361386,221.2066360110564,366.31240431600025,-30961.866272273997,171.5556672322908,302.6963076503482,-24704.016081449874,0,,1.1368683772161603e-13
q3_fixed_clustered,2025-06-21,6,clustered,4,0,0,0.0,0,0.0,1887.2608810871873,3117.485220860458,7404.141623689944,191.07311435621116,318.3156568783897,-26960.885647634623,169.6891306328372,303.26219480270095,-24435.234811128554,0,,1.1368683772161603e-13
q3_fixed_clustered,2025-06-22,6,clustered,4,0,0,0.0,0,0.0,444.0497327415051,505.27111447165464,1043.8782068863575,51.7331409686402,153.79370883980442,40.243119210203076,7.426407638483208,46.254156010156144,-1040.660583594818,1,0.0,2.2737367544323206e-13
q3_fixed_clustered,2025-06-23,6,clustered,4,0,0,0.0,0,0.0,260.89755365331195,444.71671653977165,1232.6228803630893,30.940327558254467,100.38060786859616,-2001.2845329620543,3.4662828092754654,11.815294657026142,-5.974793847613341,12,0.5,1.1368683772161603e-13
q3_fixed_clustered,2025-06-24,6,clustered,4,0,0,0.0,0,0.0,227.8960469527136,279.6783549078592,504.7515684934024,40.77549881733668,85.75435267657433,-4507.644867769656,8.573976333868455,41.5749321006343,-1212.9241616365987,1,0.0,2.2737367544323206e-13
q3_fixed_clustered,2025-06-25,6,clustered,4,0,0,0.0,0,0.0,139.1965577677186,226.35190827203527,801.4072695280465,44.57158097593841,135.2332064427962,-1646.2974309617061,10.309287668185135,27.646392615805873,-1363.7904608984145,3,0.0,2.2737367544323206e-13
q3_fixed_clustered,2025-06-26,6,clustered,4,0,0,0.0,0,0.0,142.2014483923084,238.7474954953967,1182.5782507210715,23.045320881911394,73.99574149580005,-2943.448652756593,10.011918907234005,26.35690166724857,-1320.6388298821669,4,0.0,1.1368683772161603e-13
q3_fixed_clustered,2025-06-27,6,clustered,4,0,0,0.0,0,0.0,1773.7628210908656,2958.0205843954614,7125.442966255091,223.64968479831998,357.8431328841502,-32154.66784520319,155.18807783442276,274.5047032190785,-22347.083208156877,0,,1.1368683772161603e-13
q3_fixed_clustered,2025-06-28,6,clustered,4,0,0,0.0,0,0.0,2048.7252648607455,3466.0921896465343,9039.689712046656,205.63832633246955,334.62476147241154,-29377.39366600837,184.8336410126218,316.2979972669644,-26616.044305817537,0,,2.2737367544323206e-13
q3_fixed_clustered,2025-06-29,6,clustered,4,0,0,0.0,0,0.0,226.93515420130953,309.66361487562426,705.0810772307941,45.793654122808725,122.6986954693029,767.1439214498728,13.923864777533533,80.93118987114228,-2005.0365279648288,0,,2.2737367544323206e-13
q3_fixed_clustered,2025-06-30,6,clustered,4,0,0,0.0,0,0.0,130.24002127605513,220.20087936197805,593.400117595799,34.642015070874066,85.59608174499364,-4899.56086260389,15.579552492218596,41.108710457192245,-2150.7824915631195,3,0.0,1.7674750552032492e-13
q3_fixed_clustered,2025-07-01,7,clustered,4,0,0,0.0,0,0.0,1243.4505080813474,1745.5557655716896,4217.613709250316,92.54619513047845,216.83430625861183,11786.535426346049,20.642018089989293,90.04999044655605,2972.4506049584584,19,0.8421052631578947,0.0
q3_fixed_clustered,2025-07-02,7,clustered,4,0,0,0.0,0,0.0,1124.5163466859015,1578.7553877369853,3983.244439011376,64.19860871897097,177.15951953566463,9084.561756457026,21.93009301653079,91.1041746593512,3157.933394380434,23,0.8260869565217391,1.1368683772161603e-13
q3_fixed_clustered,2025-07-03,7,clustered,4,0,0,0.0,0,0.0,1103.1889877975918,1631.0854468350387,4061.717208416133,66.8322420484367,187.09247354041838,7714.917167763979,16.13939471470293,88.21654376651436,2150.850141085348,16,0.75,1.1368683772161603e-13
q3_fixed_clustered,2025-07-04,7,clustered,4,0,0,0.0,0,0.0,1632.9139868554273,2656.3516772550447,7175.057061876827,90.97291711043675,208.3199367888393,-12376.531833874456,96.3999085842535,217.90913951757497,-13881.586836132503,0,,1.1368683772161603e-13
q3_fixed_clustered,2025-07-05,7,clustered,4,0,0,0.0,0,0.0,1572.5085339942093,2647.943513646525,6788.364033875679,96.80473320433664,202.36997155753332,-12133.657836543733,96.34597549998351,213.16816114042183,-13873.820471997626,0,,1.1368683772161603e-13
q3_fixed_clustered,2025-07-06,7,clustered,4,0,0,0.0,0,0.0,935.8835098584624,1341.7604144148106,3557.7960747637453,97.57895550903767,212.11138227601288,13713.685804685972,13.03252995170109,48.30167588991744,1686.9376870792362,20,0.75,2.2737367544323206e-13
q3_fixed_clustered,2025-07-07,7,clustered,4,0,0,0.0,0,0.0,853.345324383101,1202.9805025191763,3482.888637351114,48.303384827758286,125.99364834611241,5736.71790209439,13.76843805085846,54.63418963012057,1904.0152925087332,20,0.7,1.1368683772161603e-13
q3_fixed_clustered,2025-07-08,7,clustered,4,0,0,0.0,0,0.0,786.2566932712771,1137.7308516481503,3083.6693629357987,70.40832918553701,166.52775901810588,3162.050186324414,13.456002221929985,47.4107436999925,1833.039255450109,24,0.75,1.1368683772161603e-13
q3_fixed_clustered,2025-07-09,7,clustered,4,0,0,0.0,0,0.0,717.0437393262744,1031.314773461835,2637.4107293957495,74.33056822783666,192.0210464849725,-421.88641881128274,12.709452457785208,44.50647722619295,1072.4000099114148,18,0.6666666666666666,2.2737367544323206e-13
q3_fixed_clustered,2025-07-10,7,clustered,4,0,0,0.0,0,0.0,738.6228640064471,1084.194146284822,2745.866953506733,51.393534539750846,138.787433163221,5217.306934566025,6.4281596589452015,25.19045135852408,149.28611759891749,9,0.6666666666666666,1.1368683772161603e-13
q3_fixed_clustered,2025-07-11,7,clustered,4,0,0,0.0,0,0.0,1741.3539664933026,2990.640142183898,7653.346363082518,189.4298250109382,326.94071315193526,-25488.253454017686,147.35022835339376,282.5995098092464,-21218.4328828887,0,,1.1368683772161603e-13
q3_fixed_clustered,2025-07-12,7,clustered,4,0,0,0.0,0,0.0,1753.767898076214,2996.783582814664,7631.169809215638,113.98736575034192,227.77108538315633,-16092.344757358147,143.09910884916007,274.1834247579941,-20606.27167427905,0,,1.1368683772161603e-13
q3_fixed_clustered,2025-07-13,7,clustered,4,0,0,0.0,0,0.0,467.4220906558568,733.8592530168037,2328.674494643248,78.93613154544953,195.19227053213805,-6740.894546662399,4.591372632579181,22.944122525664532,178.76300994462338,9,0.4444444444444444,1.1368683772161603e-13
q3_fixed_clustered,2025-07-14,7,clustered,4,0,0,0.0,0,0.0,362.44415307159454,574.5574452724867,1699.77886383008,49.56218518824538,138.69591215637953,1120.9622400518638,4.434830956721601,19.946727347278042,-512.0182545955824,4,0.0,2.2737367544323206e-13
q3_fixed_clustered,2025-07-15,7,clustered,4,0,0,0.0,0,0.0,546.4096146578192,714.1018004732684,1680.4274149747598,51.72002012548939,165.01703534178571,-2413.3312691717383,5.9322719663441985,36.13972703871156,-833.5052507819876,1,0.0,1.1368683772161603e-13
q3_fixed_clustered,2025-07-16,7,clustered,4,0,0,0.0,0,0.0,382.15610284775323,486.3963895206061,1183.476037331151,25.025296450840397,91.1915429318963,251.75258515807354,3.1217575983541375,19.275788317764057,-338.0157309107925,2,0.0,1.1368683772161603e-13
q3_fixed_clustered,2025-07-17,7,clustered,4,0,0,0.0,0,0.0,374.2086331419695,474.32888074982753,1033.8690652262558,31.278724938035097,100.35234795043252,1409.5781026679797,8.925568232371187,74.21967406579672,-1285.281825461451,0,,1.1368683772161603e-13
q3_fixed_clustered,2025-07-18,7,clustered,4,0,0,0.0,0,0.0,1946.8272525640461,3349.84607374739,8604.451299483,238.86635295610893,406.10432836498813,-34379.16540917264,175.74431861163131,305.91918575114465,-25307.18188007491,0,,1.1368683772161603e-13
q3_fixed_clustered,2025-07-19,7,clustered,4,0,0,0.0,0,0.0,1752.8946528991953,2890.3512357395853,5973.019110402533,215.49837278270104,375.7968166967574,-30868.727558943414,154.28873619139418,281.29621775387784,-22217.578011560763,0,,1.1368683772161603e-13
q3_fixed_clustered,2025-07-20,7,clustered,4,0,0,0.0,0,0.0,258.37761743193056,404.25499962458105,986.9867063726651,58.022942466978265,154.193496797416,-6760.046581425144,25.287552139333457,86.35169964003784,-3641.4075080640177,0,,2.2737367544323206e-13
q3_fixed_clustered,2025-07-21,7,clustered,4,0,0,0.0,0,0.0,201.37840754692482,335.4666018061949,881.6359686006908,48.68148856728439,142.74822419841828,-4941.552079146273,21.081392039781477,75.71120008440273,-3033.013409076347,1,0.0,2.2737367544323206e-13
q3_fixed_clustered,2025-07-22,7,clustered,4,0,0,0.0,0,0.0,404.9603814505708,540.6810783373955,1237.8146533530003,33.59666791107918,111.89369697018181,37.55107809450067,24.157863970742113,101.03540060867248,-3478.7324117868643,0,,2.2737367544323206e-13
q3_fixed_clustered,2025-07-23,7,clustered,4,0,0,0.0,0,0.0,384.65713395811144,593.1010833547347,1855.1186831883915,86.46594382087875,194.58010679561033,-10887.809489123256,17.26707062344313,80.53553198685037,-2486.4581697758103,0,,1.4921397450962104e-13
q3_fixed_clustered,2025-07-24,7,clustered,4,0,0,0.0,0,0.0,262.2015325082778,509.5941212968261,1409.7548918182565,97.74437219371866,231.1009464139468,-13546.49175190104,35.42317684136091,122.10711182798923,-5100.937465155971,0,,2.2737367544323206e-13
q3_fixed_clustered,2025-07-25,7,clustered,4,0,0,0.0,0,0.0,1798.040072876168,2966.8796183907525,6732.856990414315,187.2020129002309,327.65279698490343,-26938.510433412695,168.87209691492887,302.3867564544509,-24317.581955749756,0,,1.1368683772161603e-13
q3_fixed_clustered,2025-07-26,7,clustered,4,0,0,0.0,0,0.0,1875.5495047355669,3094.5983910430464,7163.566337600173,233.4329533058068,379.4446503376385,-33307.77507160955,183.6289494287034,318.9248834273004,-26442.56871773329,0,,1.1368683772161603e-13
q3_fixed_clustered,2025-07-27,7,clustered,4,0,0,0.0,0,0.0,311.00625960591964,565.0830671654057,1526.7872156169906,56.06869023958681,136.183776536002,-3931.6185939605757,23.54405768430231,105.58960903604775,-3390.3443065395327,0,,2.2737367544323206e-13
q3_fixed_clustered,2025-07-28,7,clustered,4,0,0,0.0,0,0.0,278.371678060204,515.7801094061891,1369.2961293103654,37.91765482485875,115.7170403666612,-3260.914488125076,31.300952668670746,111.88430102801925,-4247.267394975093,5,1.0,2.2737367544323206e-13
q3_fixed_clustered,2025-07-29,7,clustered,4,0,0,0.0,0,0.0,408.92265632507895,681.9522889638548,1677.102552510608,58.83643464363561,140.862088269477,-2447.3522493514383,41.864016541639764,116.14559882427872,-6028.418381996126,0,,2.2737367544323206e-13
q3_fixed_clustered,2025-07-30,7,clustered,4,0,0,0.0,0,0.0,379.85107898459495,646.3230109320039,1676.0486617831239,67.43571852684063,178.13519009275905,3171.6681388059583,38.259597307073165,135.68893607537532,-5509.382012218535,0,,2.2737367544323206e-13
q3_fixed_clustered,2025-07-31,7,clustered,4,0,0,0.0,0,0.0,344.3129041330861,566.9995694097908,1495.8801983292196,45.77276278497961,130.0983494926118,-2588.423215221768,39.773615253925364,126.87626509650751,-5727.400596565252,0,,2.2737367544323206e-13
q3_fixed_clustered,2025-08-01,8,clustered,4,0,0,0.0,0,0.0,1871.5995518070235,3073.1051565012517,6171.911221796292,206.10952285016776,358.2310990487227,-29604.821882215794,163.20120726593032,303.08100411404826,-23500.973846293968,0,,1.1368683772161603e-13
q3_fixed_clustered,2025-08-02,8,clustered,4,0,0,0.0,0,0.0,1769.4990694015466,2916.3057182544276,6420.203013425938,265.23260549992295,430.0076076770764,-38063.514713438744,171.99121479406116,306.35809375576986,-24766.734930344806,0,,1.1368683772161603e-13
q3_fixed_clustered,2025-08-03,8,clustered,4,0,0,0.0,0,0.0,291.38141954990897,503.9742146417126,1716.4504391161136,26.883799606886164,82.6305199146017,-3459.2691561797906,22.874287627983158,80.28538873511184,-3281.510452952606,1,0.0,1.2612133559741778e-13
q3_fixed_clustered,2025-08-04,8,clustered,4,0,0,0.0,0,0.0,410.7778888372352,663.4393923512564,1586.0415786335789,64.40780246122785,153.38248931195292,-7462.596644779197,25.668255961238508,102.30981779478502,-3696.228858418345,0,,1.1368683772161603e-13
q3_fixed_clustered,2025-08-05,8,clustered,4,0,0,0.0,0,0.0,374.3197480571837,590.9834754435698,1342.7001658223635,65.87464048200754,146.59189822286615,-5839.270576994746,35.43641396277264,103.35776687848559,-5102.84361063926,0,,1.1368683772161603e-13
q3_fixed_clustered,2025-08-06,8,clustered,4,0,0,0.0,0,0.0,350.4563079095175,572.7329587520484,1408.6820408011627,75.54467677994758,190.8295415022382,-10850.228698409685,39.91670952206805,112.36383728573671,-5748.006171177799,0,,2.2737367544323206e-13
q3_fixed_clustered,2025-08-07,8,clustered,4,0,0,0.0,0,0.0,405.46250027701836,646.3371141084682,1615.9519476082642,118.55814765035285,277.18290376208415,-17061.017960934165,40.280259922059635,120.39842060823672,-5800.357428776588,0,,2.2737367544323206e-13
q3_fixed_clustered,2025-08-08,8,clustered,4,0,0,0.0,0,0.0,2056.685746609409,3407.5878517853444,7754.885015213536,165.4341147625629,309.9599355744642,-23806.46809457695,159.3213778643101,303.3045613881316,-22942.278412460655,0,,1.1368683772161603e-13
q3_fixed_clustered,2025-08-09,8,clustered,4,0,0,0.0,0,0.0,1721.0628478840754,2833.068710659375,6355.510976184808,195.10039433706808,326.23982167620665,-28087.364390404447,168.46426846162478,300.32331008705984,-24258.85465847397,0,,1.1368683772161603e-13
q3_fixed_clustered,2025-08-10,8,clustered,4,0,0,0.0,0,0.0,206.99771246880584,349.5195068695666,913.8360964728558,69.53422166193485,166.64190840372612,-9860.059789054756,28.594568701824212,84.5447205803103,-4117.617893062687,0,,2.2737367544323206e-13
q3_fixed_clustered,2025-08-11,8,clustered,4,0,0,0.0,0,0.0,332.90902945337825,544.6076592363019,1807.0573073907062,52.99280492677677,133.3060237744486,-6884.478043907202,30.91713558554564,83.07336532158887,-4452.067524318572,0,,2.2737367544323206e-13
q3_fixed_clustered,2025-08-12,8,clustered,4,0,0,0.0,0,0.0,345.7975344562831,552.7859077966808,1380.7624630910523,79.07130206985956,197.30010401010722,-11133.207489734503,40.884186437799336,109.20195548080888,-5887.322847043104,0,,2.2737367544323206e-13
q3_fixed_clustered,2025-08-13,8,clustered,4,0,0,0.0,0,0.0,327.3020770904923,509.8897734856751,1177.4908778151057,49.46364227061602,126.21262076915917,-6508.5614370228695,37.678044571075624,103.49868696245294,-5425.63841823489,0,,2.2737367544323206e-13
q3_fixed_clustered,2025-08-14,8,clustered,4,0,0,0.0,0,0.0,423.3575853328013,675.4281249107297,1744.042346828288,85.89558328944094,172.48558955012274,-6285.405284430348,45.35317843983863,109.1473998486104,-6530.857695336763,0,,2.2737367544323206e-13
q3_fixed_clustered,2025-08-15,8,clustered,4,0,0,0.0,0,0.0,1989.5120342557877,3295.4983069097398,7378.058184264382,277.5633973353895,440.30061417320366,-38884.4536906003,181.3890398049047,323.8033890772363,-26120.02173190628,0,,1.1368683772161603e-13
q3_fixed_clustered,2025-08-16,8,clustered,4,0,0,0.0,0,0.0,1769.6496123143665,2888.2916971376067,5791.408738149282,246.30966076301723,412.45583370587445,-35465.6183727183,175.85063994942533,313.56837636854704,-25322.49215271725,0,,1.1368683772161603e-13
q3_fixed_clustered,2025-08-17,8,clustered,4,0,0,0.0,0,0.0,405.64294313506275,647.6524141548581,1919.772540036427,72.63480663289832,178.98744758702932,-10430.916078056463,34.7205276225315,87.91080316380084,-4989.405424551972,1,0.0,2.2737367544323206e-13
q3_fixed_clustered,2025-08-18,8,clustered,4,0,0,0.0,0,0.0,465.6720712604489,747.3829794938716,2006.8013686259,80.86203369124114,160.98393706998164,-11644.132851538723,51.25617485830431,124.81666753255908,-7380.889179595821,0,,2.7711166694643907e-13
q3_fixed_clustered,2025-08-19,8,clustered,4,0,0,0.0,0,0.0,477.10787482782774,813.6175320041295,2090.2235647690904,80.30852328918394,170.94033431678187,-9738.832237424524,56.12876348131953,143.4359429447346,-8082.541941310013,0,,1.2789769243681803e-13
q3_fixed_clustered,2025-08-20,8,clustered,4,0,0,0.0,0,0.0,458.8867781585889,755.2984627130488,1903.6565126434116,110.56575401773854,232.63365380330094,-14179.58002201378,43.9565180278231,103.98572383819686,-6329.738596006527,0,,2.2737367544323206e-13
q3_fixed_clustered,2025-08-21,8,clustered,4,0,0,0.0,0,0.0,522.8630899641037,860.2703081109327,2327.0154820346734,107.83067148255661,240.28825072117343,-15527.616693488151,46.22296352857409,128.3459748789145,-6656.106748114669,0,,2.2737367544323206e-13
q3_fixed_clustered,2025-08-22,8,clustered,4,0,0,0.0,0,0.0,1844.6750480454868,3018.888944485479,6289.221404999161,218.83604240658346,371.9973729924069,-31378.280653385496,186.07861206609635,333.2275824344916,-26795.320137517876,0,,2.2737367544323206e-13
q3_fixed_clustered,2025-08-23,8,clustered,4,0,0,0.0,0,0.0,1956.58859127569,3260.9590269818846,7351.288309535816,198.3087873982364,320.3031243231196,-28529.820297950333,171.96238275806516,305.00732783298037,-24762.583117161383,0,,1.1368683772161603e-13
q3_fixed_clustered,2025-08-24,8,clustered,4,0,0,0.0,0,0.0,394.556857663341,631.5418338727764,1486.4383736778454,73.80430439878981,169.84973015534695,-10627.819833425732,50.43396613929266,136.40612886212276,-7262.491124058142,0,,2.2737367544323206e-13
q3_fixed_clustered,2025-08-25,8,clustered,4,0,0,0.0,0,0.0,302.51248481857635,537.3372917384788,1480.456675429422,181.7498124566128,323.15949762048893,-26171.972993752242,60.413566531758796,135.1529273395962,-8699.553580573267,0,,2.2737367544323206e-13
q3_fixed_clustered,2025-08-26,8,clustered,4,0,0,0.0,0,0.0,428.89814450245365,713.5796207743101,1834.032048871013,88.87833493600657,174.66189314011325,-10372.248489739472,66.74739916019209,148.93774429558684,-9611.625479067661,0,,2.2737367544323206e-13
q3_fixed_clustered,2025-08-27,8,clustered,4,0,0,0.0,0,0.0,597.2988486827865,958.050692411357,2480.008249965551,76.51181358046973,158.9528765441657,-6968.81634358637,69.11291611252952,158.0994076896128,-9952.259920204251,0,,2.2737367544323206e-13
q3_fixed_clustered,2025-08-28,8,clustered,4,0,0,0.0,0,0.0,421.57455575134287,704.279676416161,1820.5453845568763,57.21094055798221,148.3266146859773,-6053.50991867988,70.36285634150678,166.4146029259658,-10132.251313176977,0,,2.2737367544323206e-13
q3_fixed_clustered,2025-08-29,8,clustered,4,0,0,0.0,0,0.0,2167.2759714104454,3657.3130605986385,9036.568137429274,283.9662505193461,432.26820012847185,-40891.140074785835,213.490370887213,353.81478628595295,-30742.613407758672,0,,1.1368683772161603e-13
q3_fixed_clustered,2025-08-30,8,clustered,4,0,0,0.0,0,0.0,1977.3047573214003,3244.2503945277317,7089.239866801778,247.95005960829596,419.6484795749264,-35654.04567785725,195.78589089163452,340.9201701286673,-28193.168288395373,0,,2.2737367544323206e-13
q3_fixed_clustered,2025-08-31,8,clustered,4,0,0,0.0,0,0.0,417.1411041842022,725.5838010317555,1761.6329428548997,82.90119437091032,173.75479033492283,-8750.196983780666,59.11051429710599,141.50723269038318,-8511.914058783263,0,,2.2737367544323206e-13
q3_fixed_clustered,2025-09-01,9,clustered,4,0,0,0.0,0,0.0,967.7259350151498,1593.2954492163801,3789.804758323118,206.9795701397056,343.6286494368036,-29805.058100117607,127.12406581447469,238.85248953824032,-18305.865477284355,0,,2.2737367544323206e-13
q3_fixed_clustered,2025-09-02,9,clustered,4,0,0,0.0,0,0.0,833.1546274205339,1401.0512601419914,3808.77952158852,141.28455248536227,247.10985087653998,-19220.059052913803,135.94327585102872,252.9384964317375,-19575.831722548133,0,,2.2737367544323206e-13
q3_fixed_clustered,2025-09-03,9,clustered,4,0,0,0.0,0,0.0,920.070414954937,1558.1673592420593,4170.286800201074,162.97992544946263,289.9696915757859,-23469.109264722618,129.83576441146457,253.63407194686005,-18696.3500752509,0,,2.2737367544323206e-13
q3_fixed_clustered,2025-09-04,9,clustered,4,0,0,0.0,0,0.0,783.8801551461961,1395.4292979728018,4059.8256785519343,168.46280946027792,296.32612189258384,-24258.64456228002,126.50721878351338,243.74681006580906,-18217.039504825927,0,,2.2737367544323206e-13
q3_fixed_clustered,2025-09-05,9,clustered,4,0,0,0.0,0,0.0,2151.6866388265703,3542.0921649538,7989.269586906574,243.13434181864147,409.08738224637455,-33901.433362698284,235.97693587821811,407.27056176370326,-33980.67876646341,0,,1.1368683772161603e-13
q3_fixed_clustered,2025-09-06,9,clustered,4,0,0,0.0,0,0.0,2424.785950635506,4072.6279940342647,9500.574834739478,257.46642293756526,415.73780854922177,-37075.1649030094,233.72168114175054,394.70054305978044,-33655.92208441208,0,,1.4210854715202004e-13
q3_fixed_clustered,2025-09-07,9,clustered,4,0,0,0.0,0,0.0,753.1958587381625,1271.9691844475321,3557.3396221455314,151.32721036334186,255.59918992498442,-16382.003057323298,121.62498301989353,222.06009626060958,-17513.99755486467,0,,2.2737367544323206e-13
q3_fixed_clustered,2025-09-08,9,clustered,4,0,0,0.0,0,0.0,828.1933642385629,1299.74146181921,3335.3661163365396,151.92768569180214,262.3206828211297,-21130.935310480083,107.80038601792813,217.754136892456,-15523.255586581652,0,,2.2737367544323206e-13
q3_fixed_clustered,2025-09-09,9,clustered,4,0,0,0.0,0,0.0,677.5514562004798,1155.9782729072858,3233.376178183911,102.27678799083363,204.74725935667985,-13323.534914772266,95.27385876134113,209.70886280889377,-13719.435661633122,0,,2.2737367544323206e-13
q3_fixed_clustered,2025-09-10,9,clustered,4,0,0,0.0,0,0.0,608.0195828130924,1099.5316823353403,3112.500792184308,139.37013752184666,252.58556475561983,-20069.299803145917,109.97827524083495,219.3095487905743,-15836.871634680232,0,,2.2737367544323206e-13
q3_fixed_clustered,2025-09-11,9,clustered,4,0,0,0.0,0,0.0,637.6984915343925,1130.7540198252923,3161.150093624793,179.8738305103649,335.8011806267343,-25739.848759079978,96.03842775913411,203.40849318733083,-13829.533597315312,0,,2.2737367544323206e-13
q3_fixed_clustered,2025-09-12,9,clustered,4,0,0,0.0,0,0.0,2227.6583206524833,3663.854384484546,8614.406098133199,231.15300078836663,390.3199716323868,-33286.032113524794,228.58143520926237,388.4879379187447,-32915.72667013378,0,,1.7053025658242404e-13
q3_fixed_clustered,2025-09-13,9,clustered,4,0,0,0.0,0,0.0,2321.0759633249304,3867.980970552842,9442.686187806383,221.71695775115327,381.63420750547635,-31927.241123768028,215.9977099333331,372.81898329895023,-31103.67023039997,0,,1.1368683772161603e-13
q3_fixed_clustered,2025-09-14,9,clustered,4,0,0,0.0,0,0.0,740.4903629964759,1238.530275404471,2995.6134126949855,158.7101276634953,286.271838901875,-22651.992197955253,95.99727158682151,204.87435163098786,-13823.607108502298,0,,2.2737367544323206e-13
q3_fixed_clustered,2025-09-15,9,clustered,4,0,0,0.0,0,0.0,511.9412922126512,1021.6099549349868,3075.1653025290743,93.56328100775643,195.916216708577,-12494.43868502534,92.33014048753016,198.4376533116941,-13295.540230204342,0,,2.2737367544323206e-13
q3_fixed_clustered,2025-09-16,9,clustered,4,0,0,0.0,0,0.0,681.0460996421571,1118.9357562162302,2716.3154741745757,150.82249135074588,290.30183869716564,-21651.60900105135,84.42825379385857,186.06542636828814,-12157.668546315635,0,,2.2737367544323206e-13
q3_fixed_clustered,2025-09-17,9,clustered,4,0,0,0.0,0,0.0,598.5074334189288,1037.6920938915296,2828.4552513424574,127.32358887312262,251.60171943907923,-17831.81053924036,86.4282682814638,185.29204730435424,-12431.527641669516,1,0.0,2.2737367544323206e-13
q3_fixed_clustered,2025-09-18,9,clustered,4,0,0,0.0,0,0.0,603.2301184646722,971.5956731772969,2364.3289822088555,117.3901962322675,211.88559240306157,-10518.571836341674,97.245722024361,188.145534376295,-14003.383971507985,0,,2.2737367544323206e-13
q3_fixed_clustered,2025-09-19,9,clustered,4,0,0,0.0,0,0.0,2303.2067646632822,3830.8951209035054,9168.813247821581,254.0022192020342,400.87891685909,-36314.861352939915,234.0455180806732,385.3147200567584,-33702.55460361694,0,,1.7053025658242404e-13
q3_fixed_clustered,2025-09-20,9,clustered,4,0,0,0.0,0,0.0,2226.859652593435,3750.400157901878,9379.983226157465,249.09223408474028,399.99242161387895,-35092.76033533324,229.52715480314808,377.9689139737231,-33051.91029165332,0,,1.7053025658242404e-13
q3_fixed_clustered,2025-09-21,9,clustered,4,0,0,0.0,0,0.0,630.625465384709,1049.9903960499862,2477.0025416062863,110.81457172962418,220.1629103946356,-15790.294518067014,78.96407396969767,166.51406903457013,-11370.826651636464,0,,1.1368683772161603e-13
q3_fixed_clustered,2025-09-22,9,clustered,4,0,0,0.0,0,0.0,378.9728171502008,792.9595399492114,2300.8970117078115,132.06546121899405,270.19350256077826,-18807.890811615478,70.62287027541942,168.54987506259195,-10169.693319660395,0,,2.2737367544323206e-13
q3_fixed_clustered,2025-09-23,9,clustered,4,0,0,0.0,0,0.0,443.2567755701225,794.2698869544496,2192.2983286640692,97.2346904695993,193.60706851347908,-13851.223706575853,76.06405257412256,170.09086636165827,-10953.223570673648,0,,2.2737367544323206e-13
q3_fixed_clustered,2025-09-24,9,clustered,4,0,0,0.0,0,0.0,441.9537794553533,879.4839530279085,2570.120408207059,78.89714623979388,176.36579963927812,-5724.321834813294,70.72855335123592,161.96302078212173,-10184.911682577971,0,,2.2737367544323206e-13
q3_fixed_clustered,2025-09-25,9,clustered,4,0,0,0.0,0,0.0,634.2669217149869,1094.711811678186,2555.846543015682,90.68454978400432,192.39890811966808,-11313.562124967011,82.87283626179007,183.56021733868943,-11933.68842169777,0,,2.2737367544323206e-13
q3_fixed_clustered,2025-09-26,9,clustered,4,0,0,0.0,0,0.0,2241.701970590436,3824.645972536144,9599.99869337761,291.387355261428,441.0277702011973,-41914.913454372654,235.17579443602415,379.9169313882104,-33865.31439878748,0,,1.1368683772161603e-13
q3_fixed_clustered,2025-09-27,9,clustered,4,0,0,0.0,0,0.0,2132.4293989244125,3588.443072583236,9189.977618009761,201.98659727113412,342.0431516805355,-28919.146077853366,221.83028873964776,365.7474003844325,-31943.561578509278,0,,1.1368683772161603e-13
q3_fixed_clustered,2025-09-28,9,clustered,4,0,0,0.0,0,0.0,449.8143377412831,791.7830790026464,1991.0245329314112,71.39075744092716,156.30003379600592,-7345.882618202447,67.64855914080375,143.87827901237097,-9741.39251627574,0,,3.410605131648481e-13
q3_fixed_clustered,2025-09-29,9,clustered,4,0,0,0.0,0,0.0,401.69324373112397,683.6741811250073,1779.653238911751,98.86312968927547,180.65827580933754,-13360.77624846156,66.16552030590806,136.4421727381567,-8655.680011515271,7,0.8571428571428571,2.2737367544323206e-13
q3_fixed_clustered,2025-09-30,9,clustered,4,0,0,0.0,0,0.0,370.7213719175446,704.5713991391634,1888.000748834087,72.20572361965563,153.66217436880117,-7189.9151434727255,70.28798437606669,164.2090904651437,-10096.757361383372,2,1.0,2.2737367544323206e-13
q3_fixed_clustered,2025-10-01,10,clustered,4,0,0,0.0,0,0.0,742.650908576824,1299.5901632118187,3382.3044293816793,116.21996211590304,237.20857698362767,-16679.269563771988,83.25245956932605,188.28809848560624,-11988.35417798295,0,,2.2737367544323206e-13
q3_fixed_clustered,2025-10-02,10,clustered,4,0,0,0.0,0,0.0,685.7005579742041,1227.6245356372167,3378.5664445763105,164.4088873685356,302.07646542610917,-23643.454950119638,80.322257235105,190.2621378515519,-11566.40504185512,0,,2.2737367544323206e-13
q3_fixed_clustered,2025-10-03,10,clustered,4,0,0,0.0,0,0.0,2323.6250794301554,3942.973112255513,9175.83629136319,220.2164530101233,368.87590971403006,-31648.96127092842,207.00095565916962,363.19536987655505,-29808.137614920426,0,,1.1368683772161603e-13
q3_fixed_clustered,2025-10-04,10,clustered,4,0,0,0.0,0,0.0,2168.2891578065987,3676.8621394502866,9086.447664869,287.95425399038953,432.2237424283779,-41408.8075572551,206.7164793255746,354.4037847745582,-29767.173022882744,0,,1.7053025658242404e-13
q3_fixed_clustered,2025-10-05,10,clustered,4,0,0,0.0,0,0.0,493.217673907678,973.2668103592397,2853.6661161904067,124.93613432450067,256.0772385084273,-17920.71730083027,64.71269740666223,165.676546469448,-9318.62842655936,0,,2.2737367544323206e-13
q3_fixed_clustered,2025-10-06,10,clustered,4,0,0,0.0,0,0.0,426.4539461290912,912.0428968951771,2694.06874107313,75.88502476988191,177.7810212607727,-4472.88372341009,57.78238247844192,152.88960133705748,-8320.663076895637,0,,2.2737367544323206e-13
q3_fixed_clustered,2025-10-07,10,clustered,4,0,0,0.0,0,0.0,482.95906423739535,981.7079068204132,2844.9951096027044,64.81427268032135,166.32040364314733,-7954.507483548967,62.989661524811204,164.36629002016744,-9070.511259572813,0,,2.2737367544323206e-13
q3_fixed_clustered,2025-10-08,10,clustered,4,0,0,0.0,0,0.0,421.076063303672,879.7184165268586,2583.2737960012473,63.622656271496425,159.25049598868307,-6572.972254709355,56.82817658493275,149.61758764493905,-7786.714097130392,3,1.0,1.1368683772161603e-13
q3_fixed_clustered,2025-10-09,10,clustered,4,0,0,0.0,0,0.0,414.768736368767,882.6605979161722,2584.397674795828,135.2859121899289,268.7413227860898,-18598.75242909811,56.683780283087486,155.9592048248271,-7386.985416301792,4,1.0,2.2737367544323206e-13
q3_fixed_clustered,2025-10-10,10,clustered,4,0,0,0.0,0,0.0,2138.4769609307987,3627.226101922562,8987.33797751218,244.23700201490044,375.8056836063903,-35170.128290145665,184.4081942234901,327.961784235853,-26554.779968182578,0,,1.1368683772161603e-13
q3_fixed_clustered,2025-10-11,10,clustered,4,0,0,0.0,0,0.0,2182.268557359448,3733.3505787095087,9438.017663352966,237.1645494302887,367.4923476132452,-33062.863849828354,193.27091714889306,332.7867302929604,-27831.0120694406,0,,1.1368683772161603e-13
q3_fixed_clustered,2025-10-12,10,clustered,4,0,0,0.0,0,0.0,655.48411170413,985.5433921528684,2476.0051353431136,70.28731446821342,191.7689688484788,-2239.3537046877773,27.34912100855352,129.82645377623118,-3896.41355856504,1,0.0,1.1368683772161603e-13
q3_fixed_clustered,2025-10-13,10,clustered,4,0,0,0.0,0,0.0,598.9567968366665,826.8737983754737,2312.872654028619,101.51989037886906,226.59231134588808,-5943.947347625466,12.85920481163095,85.88651470890474,-1517.0344853521892,3,1.0,2.2737367544323206e-13
q3_fixed_clustered,2025-10-14,10,clustered,4,0,0,0.0,0,0.0,294.43567177100005,385.47988447952804,969.5439032766849,64.03203562755706,157.5896922078182,-3716.375034754534,6.72858764184117,28.635657097033953,81.42817291380572,5,1.0,2.2737367544323206e-13
q3_fixed_clustered,2025-10-15,10,clustered,4,0,0,0.0,0,0.0,206.71723177931523,287.05125420124386,737.6470549728729,49.139795879193116,127.90005942518748,-5199.001385587766,10.036638338170764,34.89458893847794,-939.4194970673946,3,1.0,1.1368683772161603e-13
q3_fixed_clustered,2025-10-16,10,clustered,4,0,0,0.0,0,0.0,229.420246366274,328.512108150743,809.5639684449434,23.69109334514285,93.58532682661846,30.017150472952835,4.160897768743512,22.80161906716076,-599.1692786990657,0,,1.1368683772161603e-13
q3_fixed_clustered,2025-10-17,10,clustered,4,0,0,0.0,0,0.0,2048.8768828155794,3499.110296659417,9206.527414859449,128.75990878198922,249.9740021179604,-17479.917203863486,147.6859818293962,272.87419127511595,-21266.781383433055,0,,1.1368683772161603e-13
q3_fixed_clustered,2025-10-18,10,clustered,4,0,0,0.0,0,0.0,2043.8222619618891,3495.708180319551,9448.783630973981,204.88716138478125,350.29574969614794,-29480.60802015329,164.3381756454109,291.86045266190547,-23664.69729293917,0,,1.1368683772161603e-13
q3_fixed_clustered,2025-10-19,10,clustered,4,0,0,0.0,0,0.0,462.16196517924527,695.4744969866597,2092.1975183555787,40.59085287483881,128.01823857659906,-65.97882189230722,6.025722664489739,29.06692409028054,850.6256865794628,10,1.0,1.1368683772161603e-13
q3_fixed_clustered,2025-10-20,10,clustered,4,0,0,0.0,0,0.0,275.15973493631697,359.55021214532667,1030.462097507203,47.300675241850776,136.34780240593403,-3542.0750366610196,6.53667051143956,27.93897372826102,354.80274741656683,8,1.0,1.1368683772161603e-13
q3_fixed_clustered,2025-10-21,10,clustered,4,0,0,0.0,0,0.0,237.53521655449916,324.6638603651082,940.9066219312208,39.77283327428141,129.95783234180794,-73.45786707803836,2.5367509599206572,12.114692759716418,68.41643993686074,4,1.0,1.1368683772161603e-13
q3_fixed_clustered,2025-10-22,10,clustered,4,0,0,0.0,0,0.0,265.7793719976113,340.7575147962398,812.5983957492226,20.562114218899996,81.42460222220812,-122.62080529680259,3.4467700021139116,21.549459716119422,425.8255605130062,8,1.0,1.1368683772161603e-13
q3_fixed_clustered,2025-10-23,10,clustered,4,0,0,0.0,0,0.0,270.6720629179574,401.67853295378444,1298.584354405044,106.43432748724238,257.45167735022966,-11517.21766377156,3.627002961603602,21.083199302189485,131.5376780311476,4,1.0,1.1368683772161603e-13
q3_fixed_clustered,2025-10-24,10,clustered,4,0,0,0.0,0,0.0,2028.7435292633438,3398.135983552637,9202.772107911404,172.30694715738733,295.3078927341279,-24649.033332613915,139.80010429088654,260.6304604897923,-20131.21501788766,0,,1.1368683772161603e-13
q3_fixed_clustered,2025-10-25,10,clustered,4,0,0,0.0,0,0.0,2058.574867485501,3520.9398695416926,9599.032119201378,208.85862446664518,349.5985404413093,-30075.641923196905,142.33603376402664,262.1841691150424,-20496.388862019834,0,,1.1368683772161603e-13
q3_fixed_clustered,2025-10-26,10,clustered,4,0,0,0.0,0,0.0,446.6854114164464,594.9466380117419,1715.2159147995571,62.41617700391513,178.7446407460229,-2197.532451141794,5.380758316125494,25.81610989426483,774.8291975220711,13,1.0,0.0
q3_fixed_clustered,2025-10-27,10,clustered,4,0,0,0.0,0,0.0,324.94262048453277,416.26248560284455,983.9994659014556,35.77526161395335,110.29090255439681,2590.9112355759057,13.79592044746686,55.4936730790804,-1076.9637686035878,7,0.8571428571428571,2.2737367544323206e-13
q3_fixed_clustered,2025-10-28,10,clustered,4,0,0,0.0,0,0.0,343.63921447232445,451.6339979099395,1304.8303578789419,34.18171628793693,118.9871477767225,4676.374452059661,4.070175591242686,22.921107824432227,15.480166426032383,7,1.0,1.1368683772161603e-13
q3_fixed_clustered,2025-10-29,10,clustered,4,0,0,0.0,0,0.0,294.28824925861596,397.19704860517754,1092.2664369499307,48.12740067977648,148.40265447771768,-279.39892912702226,7.222362796088252,32.96161988177783,-22.381290099837713,7,1.0,2.2737367544323206e-13
q3_fixed_clustered,2025-10-30,10,clustered,4,0,0,0.0,0,0.0,334.4347670242505,435.27551159931994,1137.2128612886008,29.1594866057453,89.67610259618678,2980.839951529616,5.1316061146564085,24.0403361825488,446.9371963622959,10,0.9,1.1368683772161603e-13
q3_fixed_clustered,2025-10-31,10,clustered,4,0,0,0.0,0,0.0,2098.0850988457832,3442.577635294789,9472.193648307111,205.5308313731695,360.29221826980535,-29429.473668712817,161.74126374325962,299.9845509445022,-23290.741979029386,0,,2.2737367544323206e-13
q3_fixed_clustered,2025-11-01,11,clustered,4,0,0,0.0,0,0.0,2063.7802508422974,3474.732525534493,9254.699512041354,168.50452164003522,299.10135351792184,-24264.65071315776,146.52467110852484,271.0007414099544,-21099.552639627578,0,,1.1368683772161603e-13
q3_fixed_clustered,2025-11-02,11,clustered,4,0,0,0.0,0,0.0,367.6640480520207,491.2821298841952,1169.7469707926284,47.336130882434,146.15641924779575,3006.798447481353,10.79378025228467,59.38451469106617,5.052931611139684,6,1.0,2.2737367544323206e-13
q3_fixed_clustered,2025-11-03,11,clustered,4,0,0,0.0,0,0.0,387.068314658192,518.643699738395,1230.0923388081246,43.478090665052804,121.81150823542045,-1179.0492472096435,9.75533490437668,48.592125491573185,1290.9393247029557,14,1.0,0.0
q3_fixed_clustered,2025-11-04,11,clustered,4,0,0,0.0,0,0.0,386.45111186675166,495.64948748348013,1391.979278755418,33.5350071630232,122.82469487445442,1231.067337478971,7.82470174770026,60.52043806529151,683.0957434624474,8,0.75,0.0
q3_fixed_clustered,2025-11-05,11,clustered,4,0,0,0.0,0,0.0,379.1314513423051,491.61414273386055,1269.319592809672,68.25878937702369,165.45908019702847,-4927.942439171996,9.772845857978805,45.68196269515487,1082.5532252557987,12,1.0,1.1368683772161603e-13
q3_fixed_clustered,2025-11-06,11,clustered,4,0,0,0.0,0,0.0,304.35822537722794,405.3228006017248,992.1076322742229,33.87954776665434,114.7823572802338,1849.5666407968406,10.429171850681374,47.9708867544446,546.8945345935156,11,1.0,1.1368683772161603e-13
q3_fixed_clustered,2025-11-07,11,clustered,4,0,0,0.0,0,0.0,2125.622564050992,3466.9552217416467,9599.999006632679,166.45317504234623,292.9394828822899,-22849.35867580628,161.66617595080763,306.02811135762045,-23279.9293369163,0,,1.1368683772161603e-13
q3_fixed_clustered,2025-11-08,11,clustered,4,0,0,0.0,0,0.0,2015.1166094992118,3442.7758711638553,9600.0,216.1247973255543,359.5448380731575,-31121.97081487982,157.60519381548647,286.8381605641897,-22695.147909430052,0,,2.2737367544323206e-13
q3_fixed_clustered,2025-11-09,11,clustered,4,0,0,0.0,0,0.0,419.61498556329207,573.3046350118714,1720.625404165252,39.4642382128188,119.69842178880701,2317.4179377777373,8.786406443160935,56.9408901606288,623.7498821461744,8,1.0,0.0
q3_fixed_clustered,2025-11-10,11,clustered,4,0,0,0.0,0,0.0,391.3081553817266,486.3339714477807,1427.1510277975267,40.831460661496365,130.87968228686145,2289.572659034077,9.808620472303883,60.4519989503785,691.3571048278613,9,1.0,2.2737367544323206e-13
q3_fixed_clustered,2025-11-11,11,clustered,4,0,0,0.0,0,0.0,386.9780149838184,486.2537710653619,1148.875624063574,39.55653186150168,124.21162250668911,-1146.7064971520708,8.285699528565239,51.56969439721499,458.5257313859024,6,1.0,2.2737367544323206e-13
q3_fixed_clustered,2025-11-12,11,clustered,4,0,0,0.0,0,0.0,282.3019103975278,366.95852241843454,1153.0267859218493,48.35720016721439,148.09731943684642,-1041.4305243430008,12.776271747103639,61.425255952949485,-188.28657622547826,7,1.0,2.2737367544323206e-13
q3_fixed_clustered,2025-11-13,11,clustered,4,0,0,0.0,0,0.0,473.7431042040675,662.0165271385443,2167.7965579848915,31.32550158996714,114.41561206104419,3289.136227517398,8.538875656209449,61.399913831571624,789.3484937221333,9,0.8888888888888888,2.2737367544323206e-13
q3_fixed_clustered,2025-11-14,11,clustered,4,0,0,0.0,0,0.0,2130.73825781115,3466.6883712005924,9525.99946877105,203.43994065883004,349.7510850111678,-29102.253839882058,168.95864124152487,310.6635660185054,-24330.044338779582,0,,2.2737367544323206e-13
q3_fixed_clustered,2025-11-15,11,clustered,4,0,0,0.0,0,0.0,1989.0018789920787,3354.439169008322,9147.571809244188,222.87603163923046,373.60700356626177,-31355.74805602735,164.64733331839795,302.5554464963297,-23709.215997849304,0,,1.1368683772161603e-13
q3_fixed_clustered,2025-11-16,11,clustered,4,0,0,0.0,0,0.0,304.79589302985283,408.42035951933497,1183.4116900483368,51.007718415241854,164.21151171913465,7014.289183483088,8.362694897268147,63.970940826913754,891.046751449308,9,1.0,1.1368683772161603e-13
q3_fixed_clustered,2025-11-17,11,clustered,4,0,0,0.0,0,0.0,272.02311403033536,377.0815741132976,847.913950793145,37.85504709534276,129.8021903924335,5412.713738751554,11.154834395627612,61.341924209560574,273.26446435813443,8,1.0,1.1368683772161603e-13
q3_fixed_clustered,2025-11-18,11,clustered,4,0,0,0.0,0,0.0,342.58777237026175,474.0515830542372,1270.622811631265,32.39808756353376,100.10766703118924,2453.7142385496295,6.058115763379537,29.71941447423441,744.270370728116,13,1.0,0.0
q3_fixed_clustered,2025-11-19,11,clustered,4,0,0,0.0,0,0.0,337.11021396242853,468.0469948445316,1046.1331452682134,39.989192121189554,134.50512100230404,3630.590101720371,11.225996266469606,47.715876957717946,-263.462526345577,9,0.8888888888888888,2.2737367544323206e-13
q3_fixed_clustered,2025-11-20,11,clustered,4,0,0,0.0,0,0.0,275.27375657547907,391.6214651599313,1050.278769268003,34.153681925086936,110.2392968678147,4260.000606795103,8.266088544016574,40.643653800537685,177.11793016999826,8,1.0,1.1368683772161603e-13
q3_fixed_clustered,2025-11-21,11,clustered,4,0,0,0.0,0,0.0,2144.293298235048,3516.530982485996,9470.77554674381,204.00358463331634,348.84253743672474,-28673.974093502322,180.98089334001224,337.5169848118632,-26061.248640961763,0,,3.410605131648481e-13
q3_fixed_clustered,2025-11-22,11,clustered,4,0,0,0.0,0,0.0,2008.8493004557693,3401.219007807505,9487.98895420907,234.67395686425627,391.9817953946014,-32534.384465370826,175.85977954049747,323.1664475782911,-25323.808253831638,0,,1.1368683772161603e-13
q3_fixed_clustered,2025-11-23,11,clustered,4,0,0,0.0,0,0.0,234.1660527768329,329.29132745612475,924.7801064742416,35.10494165882262,120.05782346095023,3634.5583908429016,4.521881283144211,34.4823372029297,602.0324483292579,8,1.0,0.0
q3_fixed_clustered,2025-11-24,11,clustered,4,0,0,0.0,0,0.0,320.82497862869735,404.39284831880764,836.3899979797261,33.30126423745776,107.95194476918147,4605.022200319303,6.0721187878233245,47.9415473842208,609.159929603613,9,0.8888888888888888,2.2737367544323206e-13
q3_fixed_clustered,2025-11-25,11,clustered,4,0,0,0.0,0,0.0,282.3466144105727,385.0293103090369,1054.530881644312,75.07723548770835,181.9314091103151,-6660.41780734606,4.449337835097855,28.363359371920893,304.50168437011604,5,1.0,1.1368683772161603e-13
q3_fixed_clustered,2025-11-26,11,clustered,4,0,0,0.0,0,0.0,237.89641560442246,330.1793433020165,844.6505939894205,33.9416997482993,99.61496966608432,810.2165911143833,8.69433974520206,41.38938142606356,-75.91570801036687,8,1.0,2.2737367544323206e-13
q3_fixed_clustered,2025-11-27,11,clustered,4,0,0,0.0,0,0.0,229.0428563589215,341.5124493946651,979.3397315799348,33.21576936459804,97.68540807556164,209.1086102289488,11.630963397306918,45.97199047757647,-647.9675197589928,7,1.0,2.2737367544323206e-13
q3_fixed_clustered,2025-11-28,11,clustered,4,0,0,0.0,0,0.0,1869.0303647203452,3092.389306355289,8759.403176539457,224.36887943154036,378.3346690420204,-32159.412721987315,199.95481496650967,354.92028612207906,-28793.493355177394,0,,1.1368683772161603e-13
q3_fixed_clustered,2025-11-29,11,clustered,4,0,0,0.0,0,0.0,1937.8679141639716,3192.895411968754,9000.0,286.4942459369597,475.7172938115123,-41255.1714149222,213.85510885521475,378.1267941326683,-30795.135675150923,0,,2.2737367544323206e-13
q3_fixed_clustered,2025-11-30,11,clustered,4,0,0,0.0,0,0.0,177.45458924697235,225.86281132077033,471.91080249547895,25.786619814519447,82.64636787670595,1942.3728538289604,5.894171271744663,39.94205359601187,658.429953296145,8,1.0,2.2737367544323206e-13
q3_fixed_clustered,2025-12-01,12,clustered,4,0,0,0.0,0,0.0,846.8719486183944,1132.754471034681,3127.402839371208,63.454203199354815,147.55960138791295,5104.691649695426,28.527068686870123,102.73610701663047,4104.727662235618,20,0.9,0.0
q3_fixed_clustered,2025-12-02,12,clustered,4,0,0,0.0,0,0.0,741.8564727657345,994.1239253907229,2776.5451512224827,70.49454392777915,163.92543995109156,3906.4092673646846,22.855282020020688,92.11875734414276,3143.023297785494,20,0.85,2.2737367544323206e-13
q3_fixed_clustered,2025-12-03,12,clustered,4,0,0,0.0,0,0.0,599.7416591498092,846.1206738734987,2540.7400634037967,77.6867692805364,174.24528986183776,11106.117401746018,16.98292627657203,64.98995742027998,2195.5904389066186,19,0.8947368421052632,0.0
q3_fixed_clustered,2025-12-04,12,clustered,4,0,0,0.0,0,0.0,668.2149018827448,914.5295893124636,2503.816230602646,84.64673876092934,194.08864602430094,1860.630488219752,21.640778835777567,83.36735566630166,2874.3281497661856,20,0.85,2.2737367544323206e-13
q3_fixed_clustered,2025-12-05,12,clustered,4,0,0,0.0,0,0.0,1775.4164245473075,2833.905757619642,8163.07105938394,229.33266903754657,401.3776685399854,-32574.861097604142,201.7674594398156,374.54856207563034,-29054.51415933345,0,,1.1368683772161603e-13
q3_fixed_clustered,2025-12-06,12,clustered,4,0,0,0.0,0,0.0,1646.9436546657912,2809.600699804771,8104.163062176231,242.80698384009085,420.27507919107256,-34964.20567297308,192.7675337098669,354.21922866052336,-27758.524854220836,0,,2.2737367544323206e-13
q3_fixed_clustered,2025-12-07,12,clustered,4,0,0,0.0,0,0.0,589.9028522791898,796.6924369428098,2350.682814744936,54.212825392150016,133.50264353213814,1407.2935641758213,17.676235459729007,78.48254585686126,2545.377906200977,15,0.8666666666666667,0.0
q3_fixed_clustered,2025-12-08,12,clustered,4,0,0,0.0,0,0.0,596.4134613637459,814.4305237062779,2281.2787591541783,42.133200998616914,115.96154589775695,2042.5023418567987,14.192453615756335,56.41917349966755,835.1400919948219,12,0.8333333333333334,2.2737367544323206e-13
q3_fixed_clustered,2025-12-09,12,clustered,4,0,0,0.0,0,0.0,504.0576808501541,679.3409971813819,1924.6894423366848,41.595515518335745,106.54649522472195,1321.9340478825306,15.213963481644944,70.89786445475309,2042.5860822847612,16,0.8125,0.0
q3_fixed_clustered,2025-12-10,12,clustered,4,0,0,0.0,0,0.0,477.5297481735271,665.6073531043013,2025.3250955868189,50.72120369979493,133.8952328606596,7046.902198383084,13.492988440601067,54.969903173587014,1704.0759913753063,17,0.8823529411764706,2.2737367544323206e-13
q3_fixed_clustered,2025-12-11,12,clustered,4,0,0,0.0,0,0.0,408.88966417928793,564.3859153240537,1564.8599152838706,42.05226925812664,115.01260565338848,1082.563334260075,9.727575849543573,36.28493508169048,237.53824233795615,11,0.8181818181818182,2.2737367544323206e-13
q3_fixed_clustered,2025-12-12,12,clustered,4,0,0,0.0,0,0.0,1733.0539367049648,2894.412308866751,8586.764563964836,253.3685589062319,425.12988942610906,-35541.07229241979,232.39653683256677,407.7994271753454,-33465.10130388961,0,,1.1368683772161603e-13
q3_fixed_clustered,2025-12-13,12,clustered,4,0,0,0.0,0,0.0,1675.177474643514,2749.2516707572686,7622.1824375388915,248.15817950571414,412.76545111795673,-35561.357293805064,216.8408575314146,380.33862283180804,-31225.0834845237,0,,1.7053025658242404e-13
q3_fixed_clustered,2025-12-14,12,clustered,4,0,0,0.0,0,0.0,373.9188797120022,533.3669672587953,1568.5217187385679,56.942203533869964,145.55739162097694,8166.856318345219,15.999146589042873,68.54193014574096,1913.8405868902862,15,0.9333333333333333,2.2737367544323206e-13
q3_fixed_clustered,2025-12-15,12,clustered,4,0,0,0.0,0,0.0,382.1222545574815,537.0552171132488,1619.6609777716512,58.31319395995494,148.01729221776174,8391.984781437222,8.953586543625786,48.88473217216787,835.8519840807021,7,0.7142857142857143,2.2737367544323206e-13
q3_fixed_clustered,2025-12-16,12,clustered,4,0,0,0.0,0,0.0,312.2193119203132,438.55407718926523,1313.6167793243585,32.37095065118987,105.51189663897961,1363.6067379099647,4.208427442150372,21.856202784488268,495.3838858984226,11,0.8181818181818182,0.0
q3_fixed_clustered,2025-12-17,12,clustered,4,0,0,0.0,0,0.0,290.36257919939504,404.58132469075895,968.4390773853665,27.77716036642228,84.75166702172537,-838.6587071365984,5.3015635846421905,32.392831525697055,646.3026589979328,9,0.6666666666666666,2.2737367544323206e-13
q3_fixed_clustered,2025-12-18,12,clustered,4,0,0,0.0,0,0.0,172.4713094970058,259.14142777399553,835.2872754382679,17.120599453358345,74.56468369460717,1463.7443133205154,3.4441693992514337,16.65433727122786,-312.30028347364726,5,0.6,1.1368683772161603e-13
q3_fixed_clustered,2025-12-19,12,clustered,4,0,0,0.0,0,0.0,1786.082040172385,2981.29332429839,8976.243529457928,262.8831095434812,417.1997864980584,-36550.844534694785,237.7149902720573,400.9565920094506,-34230.95859917625,0,,2.2737367544323206e-13
q3_fixed_clustered,2025-12-20,12,clustered,4,0,0,0.0,0,0.0,1709.5017260309094,2894.6955666503113,8376.036986823729,277.02757639640583,444.46328201678017,-39615.29911922307,226.96541317348112,380.3748599438014,-32683.01949698128,0,,1.1368683772161603e-13
q3_fixed_clustered,2025-12-21,12,clustered,4,0,0,0.0,0,0.0,136.22095486708773,193.73685275945607,610.4930867614994,21.022699104492798,54.71869381192206,255.57290354942398,11.83627140166025,48.268187929388525,255.0656235570416,8,0.75,1.1368683772161603e-13
q3_fixed_clustered,2025-12-22,12,clustered,4,0,0,0.0,0,0.0,231.34188079668013,376.5332955458925,1170.875376854281,16.347075397264348,73.82756566222848,2022.8553920701438,3.3199518067630596,22.55951106619117,247.5803902735247,7,1.0,2.2737367544323206e-13
q3_fixed_clustered,2025-12-23,12,clustered,4,0,0,0.0,0,0.0,129.6264463423397,237.7727677200088,793.1747075970416,30.678180508990483,86.23366289740287,-2352.648010282417,4.396761149140624,14.066890877128944,-395.6079055420598,3,0.6666666666666666,2.2737367544323206e-13
q3_fixed_clustered,2025-12-24,12,clustered,4,0,0,0.0,0,0.0,207.42534412816252,353.7790512127127,1043.063627094507,26.148412377672816,98.44410697126017,-1583.3824274438298,3.49474437375982,13.305636509901422,-245.08402754002987,2,0.5,2.2737367544323206e-13
q3_fixed_clustered,2025-12-25,12,clustered,4,0,0,0.0,0,0.0,70.94768056467744,105.92888983908014,364.0343790961697,20.163398394589343,46.78190873833285,1611.2587728204048,11.045456378152753,36.17169390374364,-884.6568644993181,8,1.0,2.2737367544323206e-13
q3_fixed_clustered,2025-12-26,12,clustered,4,0,0,0.0,0,0.0,1777.3559771417845,2999.8422088016246,8680.271205727266,284.6884124549222,448.5302063123753,-40184.58325387901,239.50927437928735,393.05454864516423,-34489.33551061738,0,,1.4210854715202004e-13
q3_fixed_clustered,2025-12-27,12,clustered,4,0,0,0.0,0,0.0,1757.015721004991,2956.4764177282213,8541.934718727634,290.66721465764294,458.29953030633783,-41116.87525215089,242.54940254437457,400.9736006969946,-34927.11396638994,0,,2.2737367544323206e-13
q3_fixed_clustered,2025-12-28,12,clustered,4,0,0,0.0,0,0.0,95.89466207900881,131.32809031471527,323.6903782118534,26.59742466499795,80.49180107086805,-2541.987442519483,6.366607504477705,30.221486839976542,-627.3631037701746,10,0.7,2.2737367544323206e-13
q3_fixed_clustered,2025-12-29,12,clustered,4,0,0,0.0,0,0.0,140.4106762227902,237.52434763624922,722.5294098157392,17.16498689831413,51.722995245936666,-811.6095725339289,14.888768972551096,49.72309413862882,-1669.099271510278,7,1.0,2.2737367544323206e-13
q3_fixed_clustered,2025-12-30,12,clustered,4,0,0,0.0,0,0.0,102.68313201077521,144.76022657556896,457.21505352426084,30.37152167910819,60.36063561548578,-3167.112036159595,10.3889729908014,32.14070907371848,-1053.777001957148,8,0.875,1.1368683772161603e-13
q3_fixed_clustered,2025-12-31,12,clustered,4,0,0,0.0,0,0.0,75.00902567369432,106.826802630275,383.73830139391794,28.17154209284768,61.837538378077,-3013.0451111985885,12.318517733865805,38.71413877855927,-1177.1865969042833,8,0.75,2.2737367544323206e-13
q2_fixed_unclustered,2025-02-01,2,unclustered,1,0,0,0.0,0,0.0,2165.8171288067256,3501.0634886358425,9600.0,382.13897897800445,556.6610312672802,-55028.01297283264,382.13897897800445,556.6610312672802,-55028.01297283264,0,,2.2737367544323206e-13
q2_fixed_unclustered,2025-02-02,2,unclustered,1,0,0,0.0,0,0.0,944.1383285625444,1908.757348398933,5979.15325829518,155.45196851237904,338.33470390886,-22385.083465782584,155.45196851237904,338.33470390886,-22385.083465782584,0,,3.694822225952521e-13
q2_fixed_unclustered,2025-02-03,2,unclustered,1,0,0,0.0,0,0.0,979.9953507608291,1981.0001077178297,6084.758773846936,146.51309843759066,328.2156041277168,-21097.886175013056,146.51309843759066,328.2156041277168,-21097.886175013056,0,,2.2737367544323206e-13
q2_fixed_unclustered,2025-02-04,2,unclustered,1,0,0,0.0,0,0.0,911.7375547320155,1778.3650906837843,5435.2686751329,138.40880411207297,307.72607834642577,-19930.867792138506,138.40880411207297,307.72607834642577,-19930.867792138506,0,,2.8421709430404007e-13
q2_fixed_unclustered,2025-02-05,2,unclustered,1,0,0,0.0,0,0.0,838.077960234253,1616.610097842139,4735.013072474343,131.5031370120832,296.9981277582508,-18936.45172973998,131.5031370120832,296.9981277582508,-18936.45172973998,0,,3.410605131648481e-13
q2_fixed_unclustered,2025-02-06,2,unclustered,1,0,0,0.0,0,0.0,898.6350036698743,1776.5921431818,5471.0565316528855,136.89565464631727,305.52724816875497,-19712.974269069688,136.89565464631727,305.52724816875497,-19712.974269069688,0,,2.2737367544323206e-13
q2_fixed_unclustered,2025-02-07,2,unclustered,1,0,0,0.0,0,0.0,2103.2451971174773,3413.139465588586,9600.0,366.8421528199343,544.7772851958593,-52825.27000607054,366.8421528199343,544.7772851958593,-52825.27000607054,0,,2.2737367544323206e-13
q2_fixed_unclustered,2025-02-08,2,unclustered,1,0,0,0.0,0,0.0,2137.5315278419775,3471.353739647645,9600.0,366.0149110829234,537.4904176995725,-52706.14719594097,366.0149110829234,537.4904176995725,-52706.14719594097,0,,2.2737367544323206e-13
q2_fixed_unclustered,2025-02-09,2,unclustered,1,0,0,0.0,0,0.0,840.176242774067,1683.8136979021524,4930.709377830684,122.55166533194028,283.8648113238058,-17647.4398077994,122.55166533194028,283.8648113238058,-17647.4398077994,0,,2.2737367544323206e-13
q2_fixed_unclustered,2025-02-10,2,unclustered,1,0,0,0.0,0,0.0,934.3986663704122,1964.2015338516953,6239.718299720691,139.98897691636057,310.9643197835851,-20158.412675955922,139.98897691636057,310.9643197835851,-20158.412675955922,0,,2.2737367544323206e-13
q2_fixed_unclustered,2025-02-11,2,unclustered,1,0,0,0.0,0,0.0,837.694280196251,1719.0653678580386,5249.142765421799,136.40628894431285,297.03341294426053,-19567.72219235749,136.40628894431285,297.03341294426053,-19567.72219235749,3,1.0,3.410605131648481e-13
q2_fixed_unclustered,2025-02-12,2,unclustered,1,0,0,0.0,0,0.0,910.5173519981306,1858.0027342998676,5769.138838435287,136.35762743259596,299.86375842391425,-19635.49835029382,136.35762743259596,299.86375842391425,-19635.49835029382,0,,2.2737367544323206e-13
q2_fixed_unclustered,2025-02-13,2,unclustered,1,0,0,0.0,0,0.0,1039.3839670113477,2166.284050355638,7137.1223553110085,162.93496781579123,349.7184813200623,-23462.635365473936,162.93496781579123,349.7184813200623,-23462.635365473936,0,,2.984279490192421e-13
q2_fixed_unclustered,2025-02-14,2,unclustered,1,0,0,0.0,0,0.0,2130.335580030329,3473.789448059185,9600.0,349.2543359660146,518.391196579774,-50292.6243791061,349.2543359660146,518.391196579774,-50292.6243791061,0,,3.410605131648481e-13
q2_fixed_unclustered,2025-02-15,2,unclustered,1,0,0,0.0,0,0.0,2103.6120183109633,3432.8263705448626,9600.0,339.7582544269791,506.5024218049719,-48925.188637484986,339.7582544269791,506.5024218049719,-48925.188637484986,0,,3.410605131648481e-13
q2_fixed_unclustered,2025-02-16,2,unclustered,1,0,0,0.0,0,0.0,776.2259790084187,1533.6822142450287,4300.8638084020795,111.77959176622775,266.6135983292254,-15968.238880121828,111.77959176622775,266.6135983292254,-15968.238880121828,1,1.0,2.2737367544323206e-13
q2_fixed_unclustered,2025-02-17,2,unclustered,1,0,0,0.0,0,0.0,983.8474516876873,2052.0536141403886,6447.745307109021,138.25309820664455,308.1546448077983,-19739.15427416168,138.25309820664455,308.1546448077983,-19739.15427416168,1,1.0,2.2737367544323206e-13
q2_fixed_unclustered,2025-02-18,2,unclustered,1,0,0,0.0,0,0.0,932.4918406055551,1938.1011360539298,6131.575560654213,132.7207236720584,291.22790928090734,-19111.784208776407,132.7207236720584,291.22790928090734,-19111.784208776407,0,,2.2737367544323206e-13
q2_fixed_unclustered,2025-02-19,2,unclustered,1,0,0,0.0,0,0.0,828.6682826610975,1702.4211653713867,5191.284625634261,125.60601852241052,276.0166211611181,-18025.22019066684,125.60601852241052,276.0166211611181,-18025.22019066684,4,1.0,3.410605131648481e-13
q2_fixed_unclustered,2025-02-20,2,unclustered,1,0,0,0.0,0,0.0,890.2303463204294,1740.6426984867833,5132.192470853523,130.32022239653043,288.6928312787473,-18766.11202510038,130.32022239653043,288.6928312787473,-18766.11202510038,0,,2.2737367544323206e-13
q2_fixed_unclustered,2025-02-21,2,unclustered,1,0,0,0.0,0,0.0,2102.6759654326283,3426.0916255657135,9600.0,322.80151187855483,486.66666046212026,-46483.417710511894,322.80151187855483,486.66666046212026,-46483.417710511894,0,,2.2737367544323206e-13
q2_fixed_unclustered,2025-02-22,2,unclustered,1,0,0,0.0,0,0.0,2080.133796210789,3388.905986243708,9600.0,313.60753104337476,477.9059162731754,-45159.48447024597,313.60753104337476,477.9059162731754,-45159.48447024597,0,,3.410605131648481e-13
q2_fixed_unclustered,2025-02-23,2,unclustered,1,0,0,0.0,0,0.0,796.3197814655255,1636.7362481979374,4843.4056420592315,115.82438118426077,264.6537784620312,-16544.732602361284,115.82438118426077,264.6537784620312,-16544.732602361284,1,1.0,2.2737367544323206e-13
q2_fixed_unclustered,2025-02-24,2,unclustered,1,0,0,0.0,0,0.0,941.6494503927245,1989.8206027032509,6385.962609410486,128.43011082758636,291.1672868129742,-18493.935959172435,128.43011082758636,291.1672868129742,-18493.935959172435,0,,2.2737367544323206e-13
q2_fixed_unclustered,2025-02-25,2,unclustered,1,0,0,0.0,0,0.0,972.6148422722733,2097.2771460981207,6930.464441600013,131.20069169971262,298.16624256955333,-18866.45608698955,131.20069169971262,298.16624256955333,-18866.45608698955,1,1.0,2.2737367544323206e-13
q2_fixed_unclustered,2025-02-26,2,unclustered,1,0,0,0.0,0,0.0,952.8857663663337,1975.1252781826781,6356.2834776897325,119.72933601573828,275.8882759907302,-17241.024386266312,119.72933601573828,275.8882759907302,-17241.024386266312,0,,2.2737367544323206e-13
q2_fixed_unclustered,2025-02-27,2,unclustered,1,0,0,0.0,0,0.0,791.9090917194968,1615.1357425244407,4992.599866691455,125.95671180262194,272.90506754358904,-18137.76649957756,125.95671180262194,272.90506754358904,-18137.76649957756,0,,2.2737367544323206e-13
q2_fixed_unclustered,2025-02-28,2,unclustered,1,0,0,0.0,0,0.0,2101.194807595977,3408.6183208195716,9600.0,304.5898495669196,464.29380245417667,-43860.93833763643,304.5898495669196,464.29380245417667,-43860.93833763643,0,,3.410605131648481e-13
q2_fixed_unclustered,2025-03-01,3,unclustered,1,0,0,0.0,0,0.0,2129.986087884945,3429.4619553683406,9600.0,305.35284475900306,460.816509163791,-43970.80964529644,305.35284475900306,460.816509163791,-43970.80964529644,0,,1.1368683772161603e-13
q2_fixed_unclustered,2025-03-02,3,unclustered,1,0,0,0.0,0,0.0,753.7881765466809,1555.4872736990444,4588.466220085277,76.80483746891404,192.51460715573185,-10592.019967767274,76.80483746891404,192.51460715573185,-10592.019967767274,7,1.0,2.2737367544323206e-13
q2_fixed_unclustered,2025-03-03,3,unclustered,1,0,0,0.0,0,0.0,680.6116833883319,1258.6018163013125,3220.2151952670283,65.06752107471986,164.33779177035004,-9061.830838497379,65.06752107471986,164.33779177035004,-9061.830838497379,7,1.0,2.2737367544323206e-13
q2_fixed_unclustered,2025-03-04,3,unclustered,1,0,0,0.0,0,0.0,674.1420772580162,1325.4471845827466,3832.1840140743725,72.73048035262777,191.0879922559027,-10473.189170778398,72.73048035262777,191.0879922559027,-10473.189170778398,0,,2.5579538487363607e-13
q2_fixed_unclustered,2025-03-05,3,unclustered,1,0,0,0.0,0,0.0,847.4153142491089,1758.6350546752667,5382.834728875867,95.5009047615192,221.56058241622495,-13752.130285658764,95.5009047615192,221.56058241622495,-13752.130285658764,0,,3.410605131648481e-13
q2_fixed_unclustered,2025-03-06,3,unclustered,1,0,0,0.0,0,0.0,901.9147045490917,1814.9571671558192,5537.414110854019,93.38751770056358,222.1344083786611,-13447.802548881155,93.38751770056358,222.1344083786611,-13447.802548881155,0,,3.410605131648481e-13
q2_fixed_unclustered,2025-03-07,3,unclustered,1,0,0,0.0,0,0.0,2212.133734544059,3529.307177205933,9161.272337346676,268.59129137338994,420.9370459048153,-38677.14595776815,268.59129137338994,420.9370459048153,-38677.14595776815,0,,2.2737367544323206e-13
q2_fixed_unclustered,2025-03-08,3,unclustered,1,0,0,0.0,0,0.0,2282.821124506544,3624.2765316789782,9297.76539532468,252.82878571724027,407.75806022744035,-36407.3451432826,252.82878571724027,407.75806022744035,-36407.3451432826,0,,2.2737367544323206e-13
q2_fixed_unclustered,2025-03-09,3,unclustered,1,0,0,0.0,0,0.0,740.90266789708,1526.1206083096906,4357.852689721838,72.51193641267398,184.73822968209507,-10304.745926363918,72.51193641267398,184.73822968209507,-10304.745926363918,3,1.0,3.694822225952521e-13
q2_fixed_unclustered,2025-03-10,3,unclustered,1,0,0,0.0,0,0.0,610.646993927121,1190.3231250695671,3207.9341651265895,51.77741940272997,153.30049689098723,-7342.597202024761,51.77741940272997,153.30049689098723,-7342.597202024761,4,1.0,1.1368683772161603e-13
q2_fixed_unclustered,2025-03-11,3,unclustered,1,0,0,0.0,0,0.0,840.3984782023263,1682.8789937602799,4960.682482398721,65.23335525748797,178.64607906764095,-9393.603157078269,65.23335525748797,178.64607906764095,-9393.603157078269,0,,3.410605131648481e-13
q2_fixed_unclustered,2025-03-12,3,unclustered,1,0,0,0.0,0,0.0,857.0056308954938,1792.5827511407838,5455.6981603137765,71.33509765397645,193.39406183417702,-10272.254062172608,71.33509765397645,193.39406183417702,-10272.254062172608,0,,2.5224267119483557e-13
q2_fixed_unclustered,2025-03-13,3,unclustered,1,0,0,0.0,0,0.0,686.3309418133889,1332.7495033729442,3481.1865330131673,52.90230071422393,156.5347970029823,-7436.436054248721,52.90230071422393,156.5347970029823,-7436.436054248721,3,1.0,1.1368683772161603e-13
q2_fixed_unclustered,2025-03-14,3,unclustered,1,0,0,0.0,0,0.0,2400.8189671945765,3833.0708881481446,9600.0,237.40047916909873,382.61158811030316,-34185.669000350215,237.40047916909873,382.61158811030316,-34185.669000350215,0,,3.410605131648481e-13
q2_fixed_unclustered,2025-03-15,3,unclustered,1,0,0,0.0,0,0.0,2375.220013946429,3834.7797001438357,9600.0,220.05133338927234,359.7574730385649,-31687.392008055216,220.05133338927234,359.7574730385649,-31687.392008055216,0,,2.2737367544323206e-13
q2_fixed_unclustered,2025-03-16,3,unclustered,1,0,0,0.0,0,0.0,670.2465898250941,1301.0064552125002,3687.272719996514,52.559370683974265,154.05988295811693,-7568.549378492295,52.559370683974265,154.05988295811693,-7568.549378492295,0,,3.410605131648481e-13
q2_fixed_unclustered,2025-03-17,3,unclustered,1,0,0,0.0,0,0.0,923.785580596847,1891.506690755657,5564.619484164429,71.9391646080467,194.1852844260217,-10359.239703558724,71.9391646080467,194.1852844260217,-10359.239703558724,0,,3.410605131648481e-13
q2_fixed_unclustered,2025-03-18,3,unclustered,1,0,0,0.0,0,0.0,577.7816996218569,1024.6529113222464,2711.8136525779646,51.89132017698612,140.821001196299,-7472.350105486002,51.89132017698612,140.821001196299,-7472.350105486002,0,,2.2737367544323206e-13
q2_fixed_unclustered,2025-03-19,3,unclustered,1,0,0,0.0,0,0.0,658.7336749920918,1203.659418637586,3300.883625369426,58.99674697779915,154.91925722695245,-8495.531564803077,58.99674697779915,154.91925722695245,-8495.531564803077,0,,2.2737367544323206e-13
q2_fixed_unclustered,2025-03-20,3,unclustered,1,0,0,0.0,0,0.0,664.3504691983544,1287.359960580817,3443.28789219624,47.07294746988438,143.82274461763913,-6778.504435663352,47.07294746988438,143.82274461763913,-6778.504435663352,0,,3.410605131648481e-13
q2_fixed_unclustered,2025-03-21,3,unclustered,1,0,0,0.0,0,0.0,2368.3299272605645,3873.9971399205438,9600.0,211.36502961556178,346.10861880767277,-30436.564264640896,211.36502961556178,346.10861880767277,-30436.564264640896,0,,2.2737367544323206e-13
q2_fixed_unclustered,2025-03-22,3,unclustered,1,0,0,0.0,0,0.0,2405.466603766784,3905.8923412224713,9600.0,203.92396410358373,334.29524384647476,-29365.050830916058,203.92396410358373,334.29524384647476,-29365.050830916058,0,,2.2737367544323206e-13
q2_fixed_unclustered,2025-03-23,3,unclustered,1,0,0,0.0,0,0.0,476.187730155402,952.7234983491351,2426.1187603325448,41.32249958208488,120.63081688742923,-5817.251035399301,41.32249958208488,120.63081688742923,-5817.251035399301,2,1.0,2.2737367544323206e-13
q2_fixed_unclustered,2025-03-24,3,unclustered,1,0,0,0.0,0,0.0,584.86473066668,1131.4013877488615,3212.518094942634,40.68265323412181,114.06469967236485,-5858.30206571354,40.68265323412181,114.06469967236485,-5858.30206571354,0,,2.2737367544323206e-13
q2_fixed_unclustered,2025-03-25,3,unclustered,1,0,0,0.0,0,0.0,342.22728098751395,654.4049616908057,1736.788400537026,20.69481796513676,59.32079037480993,-2930.867872581677,20.69481796513676,59.32079037480993,-2930.867872581677,3,1.0,2.2737367544323206e-13
q2_fixed_unclustered,2025-03-26,3,unclustered,1,0,0,0.0,0,0.0,643.7897450839448,1316.7865688307947,3977.240439641313,52.64430454089391,134.82245546053446,-7580.779853888724,52.64430454089391,134.82245546053446,-7580.779853888724,0,,2.2737367544323206e-13
q2_fixed_unclustered,2025-03-27,3,unclustered,1,0,0,0.0,0,0.0,581.7988744197562,1136.0333674031904,2952.3449285439406,40.05174291850935,115.16354703762636,-5767.450980265346,40.05174291850935,115.16354703762636,-5767.450980265346,0,,2.2737367544323206e-13
q2_fixed_unclustered,2025-03-28,3,unclustered,1,0,0,0.0,0,0.0,2382.448226265399,3852.0105763705515,9600.0,195.662567157078,326.5750085250594,-28175.409670619232,195.662567157078,326.5750085250594,-28175.409670619232,0,,1.1368683772161603e-13
q2_fixed_unclustered,2025-03-29,3,unclustered,1,0,0,0.0,0,0.0,2431.3186183524376,3930.5607345861495,9600.0,184.90032973641155,312.7395605247538,-26625.647482043263,184.90032973641155,312.7395605247538,-26625.647482043263,0,,2.2737367544323206e-13
q2_fixed_unclustered,2025-03-30,3,unclustered,1,0,0,0.0,0,0.0,521.1056787983181,976.7243370294199,2632.8895794503424,30.818249408754625,86.42403627854455,-4437.827914860666,30.818249408754625,86.42403627854455,-4437.827914860666,0,,3.410605131648481e-13
q2_fixed_unclustered,2025-03-31,3,unclustered,1,0,0,0.0,0,0.0,746.4836187216182,1467.822167952656,4075.058363489058,27.878666716318715,95.72712963853364,-4014.528007149895,27.878666716318715,95.72712963853364,-4014.528007149895,0,,2.2737367544323206e-13
q2_fixed_unclustered,2025-04-01,4,unclustered,1,0,0,0.0,0,0.0,514.5519593033496,958.2846410889695,2513.238276088885,10.231943104382808,34.71092962822404,-1411.491934208088,10.231943104382808,34.71092962822404,-1411.491934208088,2,1.0,1.4210854715202004e-13
q2_fixed_unclustered,2025-04-02,4,unclustered,1,0,0,0.0,0,0.0,190.48576948464037,300.2036377603523,794.067624973557,18.90165719514462,48.08309570736518,-2039.1356028260834,18.90165719514462,48.08309570736518,-2039.1356028260834,4,1.0,2.2737367544323206e-13
q2_fixed_unclustered,2025-04-03,4,unclustered,1,0,0,0.0,0,0.0,417.2343572118266,801.7440047090106,2307.0743922616857,29.20732602795086,86.15631307202115,-4205.854948024924,29.20732602795086,86.15631307202115,-4205.854948024924,0,,2.2737367544323206e-13
q2_fixed_unclustered,2025-04-04,4,unclustered,1,0,0,0.0,0,0.0,2420.297423161285,3892.384431169957,9600.0,185.18986483828763,316.17249761917424,-26667.34053671342,185.18986483828763,316.17249761917424,-26667.34053671342,0,,1.1368683772161603e-13
q2_fixed_unclustered,2025-04-05,4,unclustered,1,0,0,0.0,0,0.0,2448.0284626284497,3926.360354926228,9599.996734602822,173.47422421769681,298.86479554681245,-24980.28828734834,173.47422421769681,298.86479554681245,-24980.28828734834,0,,2.2737367544323206e-13
q2_fixed_unclustered,2025-04-06,4,unclustered,1,0,0,0.0,0,0.0,398.5947085591523,764.1313854963191,2107.065166392931,17.622520195076493,54.98185253290113,-2474.1466403079503,17.622520195076493,54.98185253290113,-2474.1466403079503,3,1.0,2.2737367544323206e-13
q2_fixed_unclustered,2025-04-07,4,unclustered,1,0,0,0.0,0,0.0,687.7635218578478,1334.0668071186662,4101.146195234052,27.26479228419764,89.77821726365859,-3926.1300889244603,27.26479228419764,89.77821726365859,-3926.1300889244603,0,,2.2737367544323206e-13
q2_fixed_unclustered,2025-04-08,4,unclustered,1,0,0,0.0,0,0.0,202.022563325243,361.5442556650692,1078.659576992306,15.692226715101924,43.75262915343592,-2253.6272571119116,15.692226715101924,43.75262915343592,-2253.6272571119116,1,1.0,2.2737367544323206e-13
q2_fixed_unclustered,2025-04-09,4,unclustered,1,0,0,0.0,0,0.0,362.6981315155039,506.14148989036215,1192.942064134928,2.394605252627865,22.192402637028565,211.87691862631584,2.394605252627865,22.192402637028565,211.87691862631584,2,1.0,1.1368683772161603e-13
q2_fixed_unclustered,2025-04-10,4,unclustered,1,0,0,0.0,0,0.0,307.0653043105759,508.48859305257946,1213.0246280791198,18.244071108126793,51.91424242868831,-2627.1462395702583,18.244071108126793,51.91424242868831,-2627.1462395702583,0,,2.2737367544323206e-13
q2_fixed_unclustered,2025-04-11,4,unclustered,1,0,0,0.0,0,0.0,2342.9025676420883,3701.459669891408,8852.949717575151,160.24766312843906,289.23318741359816,-23075.663490495223,160.24766312843906,289.23318741359816,-23075.663490495223,0,,1.1368683772161603e-13
q2_fixed_unclustered,2025-04-12,4,unclustered,1,0,0,0.0,0,0.0,2461.5639911272547,3834.873557358817,8922.57109796475,154.44655665489108,282.85922770138984,-22240.304158304316,154.44655665489108,282.85922770138984,-22240.304158304316,0,,1.7053025658242404e-13
q2_fixed_unclustered,2025-04-13,4,unclustered,1,0,0,0.0,0,0.0,130.1472843138424,207.97195067259784,609.7689660645137,9.091347139454577,24.663269649022524,-1309.153988081459,9.091347139454577,24.663269649022524,-1309.153988081459,0,,2.2737367544323206e-13
q2_fixed_unclustered,2025-04-14,4,unclustered,1,0,0,0.0,0,0.0,192.97761023320746,285.4188450705142,899.5332572598472,16.206776179071674,37.66784985360001,-2333.7757697863212,16.206776179071674,37.66784985360001,-2333.7757697863212,0,,2.2737367544323206e-13
q2_fixed_unclustered,2025-04-15,4,unclustered,1,0,0,0.0,0,0.0,592.2902682706682,1243.608576131723,3827.4781514393126,23.135738141000125,74.76858644421428,-3307.995421824849,23.135738141000125,74.76858644421428,-3307.995421824849,1,1.0,2.2737367544323206e-13
q2_fixed_unclustered,2025-04-16,4,unclustered,1,0,0,0.0,0,0.0,278.78115256379624,365.0260771477496,782.5578400315298,1.3823226013124226,6.770850865468078,-199.05445458898885,1.3823226013124226,6.770850865468078,-199.05445458898885,0,,1.1368683772161603e-13
q2_fixed_unclustered,2025-04-17,4,unclustered,1,0,0,0.0,0,0.0,322.7590832939326,562.924048571086,1429.9611516537657,12.785649577234162,36.43404470452604,-1841.1335391217194,12.785649577234162,36.43404470452604,-1841.1335391217194,0,,2.2737367544323206e-13
q2_fixed_unclustered,2025-04-18,4,unclustered,1,0,0,0.0,0,0.0,2312.4940778289365,3563.155831742318,8350.640638372795,147.83551019407554,284.82620233084845,-21288.31346794688,147.83551019407554,284.82620233084845,-21288.31346794688,0,,1.1368683772161603e-13
q2_fixed_unclustered,2025-04-19,4,unclustered,1,0,0,0.0,0,0.0,2235.5954678282865,3406.8317156364283,8019.458829453777,141.2825190825404,275.69398233929667,-20344.682747885818,141.2825190825404,275.69398233929667,-20344.682747885818,0,,1.7053025658242404e-13
q2_fixed_unclustered,2025-04-20,4,unclustered,1,0,0,0.0,0,0.0,144.1757245556345,205.99685903424844,589.7084401228983,10.338966749272506,38.95618846789878,-1488.8112118952408,10.338966749272506,38.95618846789878,-1488.8112118952408,0,,1.1368683772161603e-13
q2_fixed_unclustered,2025-04-21,4,unclustered,1,0,0,0.0,0,0.0,244.92645675506537,381.7675921999178,1282.003585801025,16.935452537190326,44.987266153301285,-2438.7051653554067,16.935452537190326,44.987266153301285,-2438.7051653554067,0,,2.2737367544323206e-13
q2_fixed_unclustered,2025-04-22,4,unclustered,1,0,0,0.0,0,0.0,196.5429549387576,296.5201947676544,905.9248183695036,6.864244111295762,22.228300012806233,-988.4511520265897,6.864244111295762,22.228300012806233,-988.4511520265897,0,,2.2737367544323206e-13
q2_fixed_unclustered,2025-04-23,4,unclustered,1,0,0,0.0,0,0.0,266.5298350354787,378.78235393325593,1198.738579480069,12.69212153073441,35.45007806012211,-1827.665500425755,12.69212153073441,35.45007806012211,-1827.665500425755,0,,1.1368683772161603e-13
q2_fixed_unclustered,2025-04-24,4,unclustered,1,0,0,0.0,0,0.0,363.26156349288516,623.5023509380496,1664.2525623800666,16.13958342403749,42.51137732195433,-2324.1000130613984,16.13958342403749,42.51137732195433,-2324.1000130613984,0,,2.2737367544323206e-13
q2_fixed_unclustered,2025-04-25,4,unclustered,1,0,0,0.0,0,0.0,2393.0948629914324,3600.5959318705923,8418.913514202366,133.77270303945892,271.85775616818495,-19263.269237682085,133.77270303945892,271.85775616818495,-19263.269237682085,0,,1.1368683772161603e-13
q2_fixed_unclustered,2025-04-26,4,unclustered,1,0,0,0.0,0,0.0,2516.4269356627046,3755.589361385111,8736.210154047547,124.59253904107449,260.01452382864704,-17941.325621914726,124.59253904107449,260.01452382864704,-17941.325621914726,0,,1.1368683772161603e-13
q2_fixed_unclustered,2025-04-27,4,unclustered,1,0,0,0.0,0,0.0,229.1029702049289,397.74412467541504,1558.8992439802805,3.15788316633545,18.208551902674657,-384.92247084844746,3.15788316633545,18.208551902674657,-384.92247084844746,1,1.0,1.1368683772161603e-13
q2_fixed_unclustered,2025-04-28,4,unclustered,1,0,0,0.0,0,0.0,2154.1269151007796,3241.7125968144856,6164.03002865718,36.34076025707808,157.10174816784783,4901.347513095327,36.34076025707808,157.10174816784783,4901.347513095327,11,1.0,1.1368683772161603e-13
q2_fixed_unclustered,2025-04-29,4,unclustered,1,0,0,0.0,0,0.0,628.1903813693741,1019.6953819918102,2819.227366439957,7.595237867159958,45.88400200229406,-358.2609284959408,7.595237867159958,45.88400200229406,-358.2609284959408,1,1.0,1.1368683772161603e-13
q2_fixed_unclustered,2025-04-30,4,unclustered,1,0,0,0.0,0,0.0,249.2837663404211,451.06494593076434,1549.2007436178333,12.038299013153859,29.051798411700705,-1733.5150578941557,12.038299013153859,29.051798411700705,-1733.5150578941557,0,,2.2737367544323206e-13
q2_fixed_unclustered,2025-05-01,5,unclustered,1,0,0,0.0,0,0.0,345.3716535950949,489.1398591039195,1219.9135467335527,13.911778467799673,82.4581135786699,1503.6738538843285,13.911778467799673,82.4581135786699,1503.6738538843285,9,1.0,1.5276668818842154e-13
q2_fixed_unclustered,2025-05-02,5,unclustered,1,0,0,0.0,0,0.0,2545.2195133365426,3632.473185564582,8972.50959227718,97.99028873379605,219.88799701585762,-14110.601577666632,97.99028873379605,219.88799701585762,-14110.601577666632,0,,1.1368683772161603e-13
q2_fixed_unclustered,2025-05-03,5,unclustered,1,0,0,0.0,0,0.0,2400.781943194833,3641.9566991526412,9390.683082565802,103.03176491208069,218.70443277226954,-14836.57414733962,103.03176491208069,218.70443277226954,-14836.57414733962,0,,1.1368683772161603e-13
q2_fixed_unclustered,2025-05-04,5,unclustered,1,0,0,0.0,0,0.0,457.4856328612394,571.7336912803364,1521.9995388005304,13.711347961852475,88.44322815875987,1974.4341065067565,13.711347961852475,88.44322815875987,1974.4341065067565,9,1.0,0.0
q2_fixed_unclustered,2025-05-05,5,unclustered,1,0,0,0.0,0,0.0,1393.5830540880606,1876.6808458761693,3869.980410015594,35.586430505620314,144.95883493184218,5124.445992809326,35.586430505620314,144.95883493184218,5124.445992809326,20,1.0,0.0
q2_fixed_unclustered,2025-05-06,5,unclustered,1,0,0,0.0,0,0.0,806.058650370181,969.1496999849589,1978.0206722063745,20.249681598579098,99.0760288933121,2915.95415019539,20.249681598579098,99.0760288933121,2915.95415019539,19,1.0,1.1368683772161603e-13
q2_fixed_unclustered,2025-05-07,5,unclustered,1,0,0,0.0,0,0.0,1381.5828501336484,1911.9617313025658,4244.586938869605,33.34918973330968,152.8780164421647,4756.073516045847,33.34918973330968,152.8780164421647,4756.073516045847,16,1.0,1.1368683772161603e-13
q2_fixed_unclustered,2025-05-08,5,unclustered,1,0,0,0.0,0,0.0,1557.3587658929932,2406.8474105420255,4796.251269036091,35.55223969754584,161.7675058709714,4890.489398817271,35.55223969754584,161.7675058709714,4890.489398817271,13,1.0,1.1368683772161603e-13
q2_fixed_unclustered,2025-05-09,5,unclustered,1,0,0,0.0,0,0.0,2483.6892892790374,3634.284982429529,9072.006664407012,108.03942204506217,235.93018872794346,-15557.676774488951,108.03942204506217,235.93018872794346,-15557.676774488951,0,,1.1368683772161603e-13
q2_fixed_unclustered,2025-05-10,5,unclustered,1,0,0,0.0,0,0.0,2361.304686146958,3528.3337109015242,8918.37566883028,106.78367553862654,226.6730892720144,-15376.849277562222,106.78367553862654,226.6730892720144,-15376.849277562222,0,,1.1368683772161603e-13
q2_fixed_unclustered,2025-05-11,5,unclustered,1,0,0,0.0,0,0.0,1913.3558630562275,2777.190859734998,5686.81249699772,39.539212570084096,170.6913270481127,5569.537317606414,39.539212570084096,170.6913270481127,5569.537317606414,16,0.875,1.1368683772161603e-13
q2_fixed_unclustered,2025-05-12,5,unclustered,1,0,0,0.0,0,0.0,676.8019827210595,924.7363548931963,2121.908697392772,14.943901180700973,96.68611221969805,2067.6209334400373,14.943901180700973,96.68611221969805,2067.6209334400373,7,1.0,1.1368683772161603e-13
q2_fixed_unclustered,2025-05-13,5,unclustered,1,0,0,0.0,0,0.0,1210.0127306884472,1773.334598036783,3367.690248928644,23.650985722316914,131.03134905864704,3249.5082465237483,23.650985722316914,131.03134905864704,3249.5082465237483,12,1.0,1.1368683772161603e-13
q2_fixed_unclustered,2025-05-14,5,unclustered,1,0,0,0.0,0,0.0,955.8053713986778,1360.6111903315448,2557.1102110311604,18.532327080127523,115.04528321764013,2525.9933817594765,18.532327080127523,115.04528321764013,2525.9933817594765,10,1.0,0.0
q2_fixed_unclustered,2025-05-15,5,unclustered,1,0,0,0.0,0,0.0,729.3954056949766,1113.6098680216567,2508.994614930907,18.071118236288097,103.25866433372293,2070.7960863160456,18.071118236288097,103.25866433372293,2070.7960863160456,10,1.0,1.1368683772161603e-13
q2_fixed_unclustered,2025-05-16,5,unclustered,1,0,0,0.0,0,0.0,2596.755939576953,3815.398874527624,9296.700812678366,112.82696296226048,240.47777598818482,-16247.08266656551,112.82696296226048,240.47777598818482,-16247.08266656551,0,,1.1368683772161603e-13
q2_fixed_unclustered,2025-05-17,5,unclustered,1,0,0,0.0,0,0.0,2508.1513360735426,3785.685738634429,9462.983649340033,105.44569522638399,226.09669136888192,-15184.180112599295,105.44569522638399,226.09669136888192,-15184.180112599295,0,,5.684341886080802e-14
q2_fixed_unclustered,2025-05-18,5,unclustered,1,0,0,0.0,0,0.0,1576.5756497049179,2142.659685967089,3907.0364643067533,27.104680197148,134.35003293970544,3777.1398142520443,27.104680197148,134.35003293970544,3777.1398142520443,15,1.0,1.1368683772161603e-13
q2_fixed_unclustered,2025-05-19,5,unclustered,1,0,0,0.0,0,0.0,158.3325519131952,300.9719677529613,1222.560077798822,6.365394699175286,28.256141994760725,-25.55292328634448,6.365394699175286,28.256141994760725,-25.55292328634448,6,0.6666666666666666,2.2737367544323206e-13
q2_fixed_unclustered,2025-05-20,5,unclustered,1,0,0,0.0,0,0.0,1239.223368736132,2033.2594645679205,4223.112099940714,27.959812488371345,146.63870246149057,3938.328914543879,27.959812488371345,146.63870246149057,3938.328914543879,8,1.0,1.1368683772161603e-13
q2_fixed_unclustered,2025-05-21,5,unclustered,1,0,0,0.0,0,0.0,449.6761662036058,659.7502958537527,1473.1915901351394,11.104127595165384,80.18170956629166,1438.5730235132273,11.104127595165384,80.18170956629166,1438.5730235132273,8,1.0,1.1368683772161603e-13
q2_fixed_unclustered,2025-05-22,5,unclustered,1,0,0,0.0,0,0.0,261.4886197942088,372.78751985246413,870.2672055668609,8.432051257139069,67.46582855874605,287.2156017708196,8.432051257139069,67.46582855874605,287.2156017708196,2,0.5,1.1368683772161603e-13
q2_fixed_unclustered,2025-05-23,5,unclustered,1,0,0,0.0,0,0.0,2476.5726811001496,3681.1957136836336,8958.114798552047,117.81454766007957,252.02651015602308,-16965.29486305146,117.81454766007957,252.02651015602308,-16965.29486305146,0,,1.1368683772161603e-13
q2_fixed_unclustered,2025-05-24,5,unclustered,1,0,0,0.0,0,0.0,2481.918408222507,3672.8896897070586,8847.185731575953,115.13531525293804,245.07355548032277,-16579.48539642308,115.13531525293804,245.07355548032277,-16579.48539642308,0,,1.1368683772161603e-13
q2_fixed_unclustered,2025-05-25,5,unclustered,1,0,0,0.0,0,0.0,149.5077328345514,230.49423668190238,716.2872695163605,5.869867093329559,29.088492930786956,168.85571017645145,5.869867093329559,29.088492930786956,168.85571017645145,6,1.0,1.1368683772161603e-13
q2_fixed_unclustered,2025-05-26,5,unclustered,1,0,0,0.0,0,0.0,2108.966947668042,3062.134920385845,5418.662060973402,36.542775101773955,158.8220830099657,4290.500973726382,36.542775101773955,158.8220830099657,4290.500973726382,8,1.0,1.1368683772161603e-13
q2_fixed_unclustered,2025-05-27,5,unclustered,1,0,0,0.0,0,0.0,123.91281272555109,195.12744401565857,756.0910541709745,6.2097477558847105,21.333791004435255,-499.6907793008811,6.2097477558847105,21.333791004435255,-499.6907793008811,2,1.0,1.1368683772161603e-13
q2_fixed_unclustered,2025-05-28,5,unclustered,1,0,0,0.0,0,0.0,1223.377932834784,1717.0435527770737,3676.6928526724205,14.563978685270449,95.88590547462515,1741.1525285013975,14.563978685270449,95.88590547462515,1741.1525285013975,3,1.0,1.1368683772161603e-13
q2_fixed_unclustered,2025-05-29,5,unclustered,1,0,0,0.0,0,0.0,1713.1152747689373,2386.688376972197,4107.977362336125,30.089453190672998,139.1810106271563,2996.6632672509722,30.089453190672998,139.1810106271563,2996.6632672509722,6,0.8333333333333334,1.1368683772161603e-13
q2_fixed_unclustered,2025-05-30,5,unclustered,1,0,0,0.0,0,0.0,2456.1208430639576,3595.8001671970983,8472.687629830916,118.85627029499523,253.7391919993928,-17115.302922479314,118.85627029499523,253.7391919993928,-17115.302922479314,0,,1.1368683772161603e-13
q2_fixed_unclustered,2025-05-31,5,unclustered,1,0,0,0.0,0,0.0,2405.984538569346,3536.097536026606,8506.489565790438,118.55190186703193,247.10864327274115,-17071.473868852598,118.55190186703193,247.10864327274115,-17071.473868852598,0,,1.1368683772161603e-13
q2_fixed_unclustered,2025-06-01,6,unclustered,1,0,0,0.0,0,0.0,3878.047928715942,5218.986117684687,9600.0,129.13681744708043,266.507992164414,18595.70171237958,129.13681744708043,266.507992164414,18595.70171237958,69,1.0,1.1368683772161603e-13
q2_fixed_unclustered,2025-06-02,6,unclustered,1,0,0,0.0,0,0.0,3428.429429286584,4657.106913171944,9600.0,109.3428454723575,261.72258202947097,15745.369748019479,109.3428454723575,261.72258202947097,15745.369748019479,46,1.0,0.0
q2_fixed_unclustered,2025-06-03,6,unclustered,1,0,0,0.0,0,0.0,3607.09091552079,4789.7509358540065,9600.0,100.35656911412524,253.33186734186947,14451.345952434034,100.35656911412524,253.33186734186947,14451.345952434034,45,1.0,0.0
q2_fixed_unclustered,2025-06-04,6,unclustered,1,0,0,0.0,0,0.0,4012.0564346277324,5268.9862479359645,9600.0,100.87304470994793,248.08525053340094,14525.718438232503,100.87304470994793,248.08525053340094,14525.718438232503,54,1.0,0.0
q2_fixed_unclustered,2025-06-05,6,unclustered,1,0,0,0.0,0,0.0,3833.2675051727815,5077.960716588357,9600.0,106.78836046069986,258.39222966006434,15273.617284912016,106.78836046069986,258.39222966006434,15273.617284912016,52,1.0,1.1368683772161603e-13
q2_fixed_unclustered,2025-06-06,6,unclustered,1,0,0,0.0,0,0.0,2001.7201179732922,2820.6068853534402,6849.3134801172955,72.8513787710559,184.8416548994886,-10490.59854303205,72.8513787710559,184.8416548994886,-10490.59854303205,0,,1.1368683772161603e-13
q2_fixed_unclustered,2025-06-07,6,unclustered,1,0,0,0.0,0,0.0,1728.9729215429084,2539.807012656309,5662.039836852091,82.92230776010746,183.35345047092645,-11940.812317455473,82.92230776010746,183.35345047092645,-11940.812317455473,0,,1.1368683772161603e-13
q2_fixed_unclustered,2025-06-08,6,unclustered,1,0,0,0.0,0,0.0,2605.6032522313553,3623.7250784108364,8437.699199851677,59.86407848966212,218.3523164993838,8620.427302511345,59.86407848966212,218.3523164993838,8620.427302511345,18,0.9444444444444444,1.1368683772161603e-13
q2_fixed_unclustered,2025-06-09,6,unclustered,1,0,0,0.0,0,0.0,3571.598610319813,4854.602859892279,9600.0,92.69209656494385,249.07746373809545,13347.661905351915,92.69209656494385,249.07746373809545,13347.661905351915,41,1.0,0.0
q2_fixed_unclustered,2025-06-10,6,unclustered,1,0,0,0.0,0,0.0,3455.6768059858477,4798.914569600968,9600.0,89.40780270082517,240.6729574080541,12874.1698810223,89.40780270082517,240.6729574080541,12874.1698810223,43,1.0,0.0
q2_fixed_unclustered,2025-06-11,6,unclustered,1,0,0,0.0,0,0.0,3551.3223851012363,4940.556043197141,9600.0,111.9045728759184,252.49930281401225,16075.757078899089,111.9045728759184,252.49930281401225,16075.757078899089,53,1.0,1.1368683772161603e-13
q2_fixed_unclustered,2025-06-12,6,unclustered,1,0,0,0.0,0,0.0,3330.312664617245,4793.789900378129,9600.0,82.37635466984173,230.90250650855208,11477.351383428293,82.37635466984173,230.90250650855208,11477.351383428293,39,1.0,1.1368683772161603e-13
q2_fixed_unclustered,2025-06-13,6,unclustered,1,0,0,0.0,0,0.0,1671.1148860780615,2494.746475144463,5743.968763105635,126.69277548768878,239.72474764457357,-18243.759670227184,126.69277548768878,239.72474764457357,-18243.759670227184,0,,1.1368683772161603e-13
q2_fixed_unclustered,2025-06-14,6,unclustered,1,0,0,0.0,0,0.0,1731.5097617467688,2714.4226670219923,6375.3602808081005,122.28275796777254,234.98338943866364,-17608.717147359246,122.28275796777254,234.98338943866364,-17608.717147359246,0,,1.1368683772161603e-13
q2_fixed_unclustered,2025-06-15,6,unclustered,1,0,0,0.0,0,0.0,2957.5584760577917,4473.5149415977985,9600.0,60.25861825757287,219.4302981770167,8677.241029090494,60.25861825757287,219.4302981770167,8677.241029090494,14,1.0,0.0
q2_fixed_unclustered,2025-06-16,6,unclustered,1,0,0,0.0,0,0.0,2920.202521855685,4187.437229488962,9261.56886457554,69.06079809626641,219.90266001686578,9525.385603119596,69.06079809626641,219.90266001686578,9525.385603119596,24,1.0,0.0
q2_fixed_unclustered,2025-06-17,6,unclustered,1,0,0,0.0,0,0.0,2923.930440057388,4496.0186350908325,9600.0,62.872557291106176,224.04931685642183,9049.898131790407,62.872557291106176,224.04931685642183,9049.898131790407,22,1.0,1.1368683772161603e-13
q2_fixed_unclustered,2025-06-18,6,unclustered,1,0,0,0.0,0,0.0,1500.3571486958003,2188.267938163668,4424.023863770323,27.949890091687777,142.55452507676816,3594.575527797924,27.949890091687777,142.55452507676816,3594.575527797924,6,1.0,1.1368683772161603e-13
q2_fixed_unclustered,2025-06-19,6,unclustered,1,0,0,0.0,0,0.0,578.0511701005053,771.338692535353,1528.5248609798928,12.75896645488455,67.05763451209478,40.02324826417737,12.75896645488455,67.05763451209478,40.02324826417737,8,0.5,1.1368683772161603e-13
q2_fixed_unclustered,2025-06-20,6,unclustered,1,0,0,0.0,0,0.0,1932.376234147746,3110.1640501243273,7130.5823266527495,190.81751220022264,321.6289028049813,-27477.72175683206,190.81751220022264,321.6289028049813,-27477.72175683206,0,,2.2737367544323206e-13
q2_fixed_unclustered,2025-06-21,6,unclustered,1,0,0,0.0,0,0.0,1876.7683047080325,3036.677736440471,7003.244881713406,190.14842998237006,326.3879881433552,-27381.37391746129,190.14842998237006,326.3879881433552,-27381.37391746129,0,,1.1368683772161603e-13
q2_fixed_unclustered,2025-06-22,6,unclustered,1,0,0,0.0,0,0.0,487.0052623859707,677.7057128627054,1392.544698944217,12.061376038767406,72.35166194307358,-953.5322304981172,12.061376038767406,72.35166194307358,-953.5322304981172,4,0.25,1.1368683772161603e-13
q2_fixed_unclustered,2025-06-23,6,unclustered,1,0,0,0.0,0,0.0,278.0502506719048,417.79123709095205,857.9827131462225,21.686757803156283,78.4539880119997,-2167.7484720706843,21.686757803156283,78.4539880119997,-2167.7484720706843,2,0.5,2.2737367544323206e-13
q2_fixed_unclustered,2025-06-24,6,unclustered,1,0,0,0.0,0,0.0,1568.9754893654851,2225.2610264021678,4236.277265132661,46.45389428209612,150.41392838722993,5778.405233940376,46.45389428209612,150.41392838722993,5778.405233940376,20,0.95,1.1368683772161603e-13
q2_fixed_unclustered,2025-06-25,6,unclustered,1,0,0,0.0,0,0.0,615.0637982773785,904.2152185372602,2010.485335478097,12.477931886529733,33.829916336836135,-1012.0620750789534,12.477931886529733,33.829916336836135,-1012.0620750789534,4,0.75,1.1368683772161603e-13
q2_fixed_unclustered,2025-06-26,6,unclustered,1,0,0,0.0,0,0.0,322.66682753938136,497.6547075574931,1112.7140777970658,38.151156327646504,86.78576293340996,-4698.434591313331,38.151156327646504,86.78576293340996,-4698.434591313331,9,0.5555555555555556,2.2737367544323206e-13
q2_fixed_unclustered,2025-06-27,6,unclustered,1,0,0,0.0,0,0.0,2034.2378929592212,3297.6144010676267,7781.756244534525,222.4796928501711,367.36349861529004,-32037.075770424635,222.4796928501711,367.36349861529004,-32037.075770424635,0,,2.2737367544323206e-13
q2_fixed_unclustered,2025-06-28,6,unclustered,1,0,0,0.0,0,0.0,2015.2454734376374,3246.3920103298856,7673.948439364651,216.50091642052934,358.9854350715938,-31176.131964556225,216.50091642052934,358.9854350715938,-31176.131964556225,0,,2.2737367544323206e-13
q2_fixed_unclustered,2025-06-29,6,unclustered,1,0,0,0.0,0,0.0,314.7766993397205,441.33506816931896,1038.3253678113374,22.503268019924878,87.04164263375043,-3046.880302331433,22.503268019924878,87.04164263375043,-3046.880302331433,3,1.0,2.2737367544323206e-13
q2_fixed_unclustered,2025-06-30,6,unclustered,1,0,0,0.0,0,0.0,378.18453643105227,532.8186549392692,1098.1451036294227,31.391415935897456,82.73887259323045,-3174.657563773309,31.391415935897456,82.73887259323045,-3174.657563773309,8,0.75,1.509903313490213e-13
q2_fixed_unclustered,2025-07-01,7,unclustered,1,0,0,0.0,0,0.0,1146.3123824510417,1676.997930953517,4077.260817436882,47.481090234757325,122.62077837317932,4340.317141052764,47.481090234757325,122.62077837317932,4340.317141052764,31,0.7096774193548387,2.2737367544323206e-13
q2_fixed_unclustered,2025-07-02,7,unclustered,1,0,0,0.0,0,0.0,1052.0554935372468,1555.375482759425,3497.561170557261,54.2790646891123,149.89764882183619,-2039.2875986316876,54.2790646891123,149.89764882183619,-2039.2875986316876,26,0.6538461538461539,2.2737367544323206e-13
q2_fixed_unclustered,2025-07-03,7,unclustered,1,0,0,0.0,0,0.0,1132.176026538213,1597.4142020252275,3762.4148266618276,41.2422906383424,114.28446282592299,3926.1422031893435,41.2422906383424,114.28446282592299,3926.1422031893435,32,0.75,2.2737367544323206e-13
q2_fixed_unclustered,2025-07-04,7,unclustered,1,0,0,0.0,0,0.0,1973.4676410756508,3152.8734913378644,8462.40195952868,179.8598789908828,338.6971217094535,-25899.822574687125,179.8598789908828,338.6971217094535,-25899.822574687125,0,,2.2737367544323206e-13
q2_fixed_unclustered,2025-07-05,7,unclustered,1,0,0,0.0,0,0.0,1885.9739813660208,3192.7177411950283,8402.149556359014,175.67619154519838,325.44767471578285,-25297.371582508567,175.67619154519838,325.44767471578285,-25297.371582508567,0,,2.2737367544323206e-13
q2_fixed_unclustered,2025-07-06,7,unclustered,1,0,0,0.0,0,0.0,1279.6163242937564,1641.3714112934174,3299.9001024705044,45.94665939729326,133.89139889680342,3493.6812431032304,45.94665939729326,133.89139889680342,3493.6812431032304,29,0.7586206896551724,2.2737367544323206e-13
q2_fixed_unclustered,2025-07-07,7,unclustered,1,0,0,0.0,0,0.0,850.8450896654383,1301.6172965021462,2974.728909950857,43.92316230148051,117.18990825603552,-3780.130131369211,43.92316230148051,117.18990825603552,-3780.130131369211,19,0.5789473684210527,2.2737367544323206e-13
q2_fixed_unclustered,2025-07-08,7,unclustered,1,0,0,0.0,0,0.0,909.4842846651262,1261.177922800427,3000.6371458302497,55.05652661481857,139.00033633671768,-1793.4119418419182,55.05652661481857,139.00033633671768,-1793.4119418419182,27,0.7407407407407407,2.2737367544323206e-13
q2_fixed_unclustered,2025-07-09,7,unclustered,1,0,0,0.0,0,0.0,699.3516248863577,1020.1404343570507,2362.4482312581663,43.71731010580152,123.21439628416326,-4394.328960276985,43.71731010580152,123.21439628416326,-4394.328960276985,18,0.5555555555555556,3.410605131648481e-13
q2_fixed_unclustered,2025-07-10,7,unclustered,1,0,0,0.0,0,0.0,501.6214911892355,705.1538655279011,1614.434155099756,49.60037543375616,138.8493690135671,-5894.9034397224605,49.60037543375616,138.8493690135671,-5894.9034397224605,15,0.4666666666666667,2.2737367544323206e-13
q2_fixed_unclustered,2025-07-11,7,unclustered,1,0,0,0.0,0,0.0,2023.4497214405862,3261.3766346831244,8560.723462552109,207.01862764144852,361.3821026289844,-29810.682380368587,207.01862764144852,361.3821026289844,-29810.682380368587,0,,3.410605131648481e-13
q2_fixed_unclustered,2025-07-12,7,unclustered,1,0,0,0.0,0,0.0,1975.8121391017637,3287.391328936297,8478.270387771849,201.2606074255605,351.4144311324718,-28981.52746928071,201.2606074255605,351.4144311324718,-28981.52746928071,0,,2.2737367544323206e-13
q2_fixed_unclustered,2025-07-13,7,unclustered,1,0,0,0.0,0,0.0,470.7279795847591,671.5870135098527,1465.8887582103098,61.97334618074741,166.985703653821,-7935.437474876868,61.97334618074741,166.985703653821,-7935.437474876868,11,0.36363636363636365,2.8421709430404007e-13
q2_fixed_unclustered,2025-07-14,7,unclustered,1,0,0,0.0,0,0.0,509.4873602116638,726.6882236709263,1756.5478902864852,60.80664514158189,178.51597973304703,-7648.5842992327935,60.80664514158189,178.51597973304703,-7648.5842992327935,12,0.5833333333333334,3.410605131648481e-13
q2_fixed_unclustered,2025-07-15,7,unclustered,1,0,0,0.0,0,0.0,619.5203785526497,1063.929753436158,3074.802486212662,57.4062940761409,173.6998634481555,-8171.002149309211,57.4062940761409,173.6998634481555,-8171.002149309211,5,0.2,3.410605131648481e-13
q2_fixed_unclustered,2025-07-16,7,unclustered,1,0,0,0.0,0,0.0,623.8278084562999,1019.1612670582304,2856.0415858110873,59.75981456582152,175.18835330024947,-8518.379521873312,59.75981456582152,175.18835330024947,-8518.379521873312,2,0.0,2.8421709430404007e-13
q2_fixed_unclustered,2025-07-17,7,unclustered,1,0,0,0.0,0,0.0,356.25418731514026,575.9802802504295,1630.4103189455745,54.91069131391308,162.61281355848888,-7899.220712579259,54.91069131391308,162.61281355848888,-7899.220712579259,1,0.0,2.2737367544323206e-13
q2_fixed_unclustered,2025-07-18,7,unclustered,1,0,0,0.0,0,0.0,2126.5925983854595,3474.7832118841384,8682.74926646451,230.84974804234486,381.8225685206901,-33242.36371809766,230.84974804234486,381.8225685206901,-33242.36371809766,0,,2.2737367544323206e-13
q2_fixed_unclustered,2025-07-19,7,unclustered,1,0,0,0.0,0,0.0,2154.2006293075924,3518.9154690665778,8594.132044713304,221.88937313464282,369.3045368732817,-31952.06973138857,221.88937313464282,369.3045368732817,-31952.06973138857,0,,2.2737367544323206e-13
q2_fixed_unclustered,2025-07-20,7,unclustered,1,0,0,0.0,0,0.0,483.2358500441966,793.3229503782553,2159.167164621991,62.318114078082914,174.33721452877506,-8963.185845612508,62.318114078082914,174.33721452877506,-8963.185845612508,1,0.0,2.2737367544323206e-13
q2_fixed_unclustered,2025-07-21,7,unclustered,1,0,0,0.0,0,0.0,421.5513816180893,697.9992689157373,1972.0103769786801,56.1245454508665,164.54057066536987,-8070.750957575356,56.1245454508665,164.54057066536987,-8070.750957575356,1,0.0,2.2737367544323206e-13
q2_fixed_unclustered,2025-07-22,7,unclustered,1,0,0,0.0,0,0.0,527.3764923395015,831.8326569700156,2160.346046014384,64.36853093422519,176.49238770979514,-9251.310397105197,64.36853093422519,176.49238770979514,-9251.310397105197,2,0.0,2.2737367544323206e-13
q2_fixed_unclustered,2025-07-23,7,unclustered,1,0,0,0.0,0,0.0,431.3994487294107,736.9208210353261,2045.7589200420716,57.574242198445944,167.334800519499,-8286.782947923788,57.574242198445944,167.334800519499,-8286.782947923788,1,0.0,2.5579538487363607e-13
q2_fixed_unclustered,2025-07-24,7,unclustered,1,0,0,0.0,0,0.0,741.3819646775012,1314.4386928856243,3745.745403482777,71.14861319368934,199.21602921683407,-10245.400299891266,71.14861319368934,199.21602921683407,-10245.400299891266,0,,2.2737367544323206e-13
q2_fixed_unclustered,2025-07-25,7,unclustered,1,0,0,0.0,0,0.0,2251.596540789699,3650.8932744837593,8852.863952398797,249.7608442908035,402.344266820419,-35965.561577875706,249.7608442908035,402.344266820419,-35965.561577875706,0,,2.2737367544323206e-13
q2_fixed_unclustered,2025-07-26,7,unclustered,1,0,0,0.0,0,0.0,2183.3224822433394,3564.9547822776703,8726.406079916886,244.6438462310175,395.16260554639376,-35228.71385726652,244.6438462310175,395.16260554639376,-35228.71385726652,0,,2.2737367544323206e-13
q2_fixed_unclustered,2025-07-27,7,unclustered,1,0,0,0.0,0,0.0,372.9167295108969,548.1215969388237,1215.7885673513056,68.70068085195832,160.41673644244239,-9892.898042681998,68.70068085195832,160.41673644244239,-9892.898042681998,0,,2.5579538487363607e-13
q2_fixed_unclustered,2025-07-28,7,unclustered,1,0,0,0.0,0,0.0,299.19451888805526,493.1443579032051,1153.306057294555,46.11187328438233,132.6488918418197,-6640.109752951055,46.11187328438233,132.6488918418197,-6640.109752951055,0,,2.2737367544323206e-13
q2_fixed_unclustered,2025-07-29,7,unclustered,1,0,0,0.0,0,0.0,441.18734167928096,672.0379098784218,1311.1981678223297,64.63527373432166,167.30719654462052,-9307.47941774232,64.63527373432166,167.30719654462052,-9307.47941774232,0,,2.2737367544323206e-13
q2_fixed_unclustered,2025-07-30,7,unclustered,1,0,0,0.0,0,0.0,440.7485774442661,722.1129177619874,1737.0370499393266,73.76930678720198,189.22732956348034,-10622.780177357086,73.76930678720198,189.22732956348034,-10622.780177357086,0,,3.410605131648481e-13
q2_fixed_unclustered,2025-07-31,7,unclustered,1,0,0,0.0,0,0.0,554.0141497172589,871.4252167815692,2068.637154858032,78.60097827583864,191.2952556049689,-11318.540871720765,78.60097827583864,191.2952556049689,-11318.540871720765,0,,2.2737367544323206e-13
q2_fixed_unclustered,2025-08-01,8,unclustered,1,0,0,0.0,0,0.0,2377.814316955993,3829.110563808784,9094.730025415805,262.3415765583846,421.4684175937163,-37777.18702440738,262.3415765583846,421.4684175937163,-37777.18702440738,0,,2.2737367544323206e-13
q2_fixed_unclustered,2025-08-02,8,unclustered,1,0,0,0.0,0,0.0,2303.381919932441,3738.050946153755,8959.493574637947,261.5383145444309,413.2452027848328,-37661.51729439804,261.5383145444309,413.2452027848328,-37661.51729439804,0,,3.410605131648481e-13
q2_fixed_unclustered,2025-08-03,8,unclustered,1,0,0,0.0,0,0.0,881.9496373919465,1760.9309505203214,5670.296733339694,116.56589537726738,267.40574361629143,-16780.31066661038,116.56589537726738,267.40574361629143,-16780.31066661038,1,0.0,2.2737367544323206e-13
q2_fixed_unclustered,2025-08-04,8,unclustered,1,0,0,0.0,0,0.0,950.301999537403,1700.0865454053815,5034.554009420939,109.77382188135822,253.27212897178262,-15807.430350915583,109.77382188135822,253.27212897178262,-15807.430350915583,0,,2.2737367544323206e-13
q2_fixed_unclustered,2025-08-05,8,unclustered,1,0,0,0.0,0,0.0,839.5896527995762,1456.914302778265,4005.6871698981413,108.19635229433581,239.57394928498329,-15580.274730384357,108.19635229433581,239.57394928498329,-15580.274730384357,0,,2.4868995751603507e-13
q2_fixed_unclustered,2025-08-06,8,unclustered,1,0,0,0.0,0,0.0,995.044705688655,1734.1467348068652,5016.664865577448,97.37378225824335,225.24406275492566,-14021.824645187044,97.37378225824335,225.24406275492566,-14021.824645187044,0,,2.2737367544323206e-13
q2_fixed_unclustered,2025-08-07,8,unclustered,1,0,0,0.0,0,0.0,887.90526598802,1593.3479213758899,4712.789995784545,115.57166286070093,257.447996281433,-16642.319451940934,115.57166286070093,257.447996281433,-16642.319451940934,0,,2.2737367544323206e-13
q2_fixed_unclustered,2025-08-08,8,unclustered,1,0,0,0.0,0,0.0,2263.6288701490453,3670.302315644589,8655.397287062737,260.634710622229,414.2361765946385,-37531.39832960098,260.634710622229,414.2361765946385,-37531.39832960098,0,,2.2737367544323206e-13
q2_fixed_unclustered,2025-08-09,8,unclustered,1,0,0,0.0,0,0.0,2255.899722095168,3678.1513549766064,8677.68997768604,251.95887197275977,399.0777629695575,-36282.07756407741,251.95887197275977,399.0777629695575,-36282.07756407741,0,,2.2737367544323206e-13
q2_fixed_unclustered,2025-08-10,8,unclustered,1,0,0,0.0,0,0.0,924.1298147892953,1648.2293521007805,4950.382340726039,106.7114428277468,246.6506453969028,-15366.44776719554,106.7114428277468,246.6506453969028,-15366.44776719554,0,,2.2737367544323206e-13
q2_fixed_unclustered,2025-08-11,8,unclustered,1,0,0,0.0,0,0.0,709.2678329209458,1224.9125002396136,3566.334496619289,97.8328717302778,216.7004571160709,-14087.933529160004,97.8328717302778,216.7004571160709,-14087.933529160004,0,,3.694822225952521e-13
q2_fixed_unclustered,2025-08-12,8,unclustered,1,0,0,0.0,0,0.0,828.3161183465063,1427.4923946217164,3642.2481118484357,81.77748286376665,198.06821003421916,-11775.957532382397,81.77748286376665,198.06821003421916,-11775.957532382397,0,,2.8421709430404007e-13
q2_fixed_unclustered,2025-08-13,8,unclustered,1,0,0,0.0,0,0.0,826.5868013671532,1374.9302049823632,3385.531310149053,96.9710776987954,216.40113412379873,-13963.835188626537,96.9710776987954,216.40113412379873,-13963.835188626537,0,,2.8421709430404007e-13
q2_fixed_unclustered,2025-08-14,8,unclustered,1,0,0,0.0,0,0.0,523.1371295365681,889.0159280583372,2194.4949138832912,94.06742941748377,212.28835946423652,-13545.709836117661,94.06742941748377,212.28835946423652,-13545.709836117661,0,,2.2737367544323206e-13
q2_fixed_unclustered,2025-08-15,8,unclustered,1,0,0,0.0,0,0.0,2248.963128013368,3649.504866206689,8473.883886458803,240.4245346103143,382.79530558432384,-34621.13298388526,240.4245346103143,382.79530558432384,-34621.13298388526,0,,2.2737367544323206e-13
q2_fixed_unclustered,2025-08-16,8,unclustered,1,0,0,0.0,0,0.0,2242.7019759492355,3624.2697909332032,8255.58596959355,231.7940463886213,373.0312148629711,-33378.34267996147,231.7940463886213,373.0312148629711,-33378.34267996147,0,,2.2737367544323206e-13
q2_fixed_unclustered,2025-08-17,8,unclustered,1,0,0,0.0,0,0.0,651.2576066480733,1167.002710294802,3377.5205364216417,89.83206872621605,197.1991840929126,-12935.81789657511,89.83206872621605,197.1991840929126,-12935.81789657511,0,,2.2737367544323206e-13
q2_fixed_unclustered,2025-08-18,8,unclustered,1,0,0,0.0,0,0.0,576.9599412182803,956.7950205535941,2429.918127050538,89.26150339706435,197.7080439212901,-12853.656489177265,89.26150339706435,197.7080439212901,-12853.656489177265,0,,2.8421709430404007e-13
q2_fixed_unclustered,2025-08-19,8,unclustered,1,0,0,0.0,0,0.0,808.6440483923355,1417.512350808226,4055.8117020463924,82.37750907318338,188.87240492591582,-11862.361306538405,82.37750907318338,188.87240492591582,-11862.361306538405,0,,2.7000623958883807e-13
q2_fixed_unclustered,2025-08-20,8,unclustered,1,0,0,0.0,0,0.0,361.8801541725537,645.0462283924771,1773.0067676127765,64.0520753294228,147.14665524395681,-8473.97451168705,64.0520753294228,147.14665524395681,-8473.97451168705,3,1.0,2.2737367544323206e-13
q2_fixed_unclustered,2025-08-21,8,unclustered,1,0,0,0.0,0,0.0,846.351361656268,1442.8159976317665,3858.1516161146774,89.72801215420102,200.6003171918824,-12920.833750204947,89.72801215420102,200.6003171918824,-12920.833750204947,0,,2.2737367544323206e-13
q2_fixed_unclustered,2025-08-22,8,unclustered,1,0,0,0.0,0,0.0,2242.788529498493,3608.2644259413364,8303.729001036207,220.35965072009665,361.0770484980308,-31731.789703693918,220.35965072009665,361.0770484980308,-31731.789703693918,0,,2.2737367544323206e-13
q2_fixed_unclustered,2025-08-23,8,unclustered,1,0,0,0.0,0,0.0,2235.4399934700446,3568.7427995440203,8129.294605071207,220.22728811429363,353.73519804600164,-31712.72948845828,220.22728811429363,353.73519804600164,-31712.72948845828,0,,3.410605131648481e-13
q2_fixed_unclustered,2025-08-24,8,unclustered,1,0,0,0.0,0,0.0,652.1098012163485,1125.6188991392505,3057.794765729024,77.63466625316431,175.19135073396197,-11179.391940455662,77.63466625316431,175.19135073396197,-11179.391940455662,0,,2.2737367544323206e-13
q2_fixed_unclustered,2025-08-25,8,unclustered,1,0,0,0.0,0,0.0,503.82443793872403,809.0133100593462,1901.8468393060657,50.445395727946334,139.46064933825184,-7264.136984824272,50.445395727946334,139.46064933825184,-7264.136984824272,0,,1.2434497875801753e-13
q2_fixed_unclustered,2025-08-26,8,unclustered,1,0,0,0.0,0,0.0,582.3616850253235,956.1748056764119,2129.462052189103,79.31631920597341,176.0517770430278,-11421.549965660171,79.31631920597341,176.0517770430278,-11421.549965660171,0,,2.2737367544323206e-13
q2_fixed_unclustered,2025-08-27,8,unclustered,1,0,0,0.0,0,0.0,451.87885322321705,780.2997569925836,2000.4357493049938,64.62753772948614,149.80169533979387,-9306.365433046003,64.62753772948614,149.80169533979387,-9306.365433046003,0,,2.2737367544323206e-13
q2_fixed_unclustered,2025-08-28,8,unclustered,1,0,0,0.0,0,0.0,463.9623449495009,779.365836038652,1966.7642179933355,61.67125487986833,154.29268665361568,-8880.66070270104,61.67125487986833,154.29268665361568,-8880.66070270104,0,,2.8421709430404007e-13
q2_fixed_unclustered,2025-08-29,8,unclustered,1,0,0,0.0,0,0.0,2142.92244800407,3423.1388185647284,8087.200861871794,222.28364287717704,358.5785210739059,-32008.844574313494,222.28364287717704,358.5785210739059,-32008.844574313494,0,,1.1368683772161603e-13
q2_fixed_unclustered,2025-08-30,8,unclustered,1,0,0,0.0,0,0.0,2261.0553219040653,3577.1159376204514,7969.410938771414,209.6851622905045,341.23002726376376,-30194.663369832648,209.6851622905045,341.23002726376376,-30194.663369832648,0,,1.1368683772161603e-13
q2_fixed_unclustered,2025-08-31,8,unclustered,1,0,0,0.0,0,0.0,455.97932639594865,745.955268413865,1890.2001807681017,60.31355356638083,146.7129999235087,-8685.15171355884,60.31355356638083,146.7129999235087,-8685.15171355884,0,,2.2737367544323206e-13
q2_fixed_unclustered,2025-09-01,9,unclustered,1,0,0,0.0,0,0.0,1093.1527488962454,1768.3419609427415,4285.5315342472695,138.4934599352038,261.8587009051853,-19943.058230669347,138.4934599352038,261.8587009051853,-19943.058230669347,0,,2.2737367544323206e-13
q2_fixed_unclustered,2025-09-02,9,unclustered,1,0,0,0.0,0,0.0,716.1981086994692,1371.0038956724204,4110.732509622875,136.66065012345337,251.78493299253637,-19679.133617777283,136.66065012345337,251.78493299253637,-19679.133617777283,0,,2.2737367544323206e-13
q2_fixed_unclustered,2025-09-03,9,unclustered,1,0,0,0.0,0,0.0,1076.3451971811755,1735.4009283411638,4044.2725659085663,124.47528782926679,244.70890622508537,-17924.441447414418,124.47528782926679,244.70890622508537,-17924.441447414418,0,,2.2737367544323206e-13
q2_fixed_unclustered,2025-09-04,9,unclustered,1,0,0,0.0,0,0.0,988.0578327731768,1689.654634658718,4081.8660129516256,129.99943839961549,249.42644539011565,-18719.91912954463,129.99943839961549,249.42644539011565,-18719.91912954463,0,,2.2737367544323206e-13
q2_fixed_unclustered,2025-09-05,9,unclustered,1,0,0,0.0,0,0.0,2458.791631078512,3856.9609249737987,8365.400172407388,259.21005958079945,415.2087289460866,-37326.248579635125,259.21005958079945,415.2087289460866,-37326.248579635125,0,,1.1368683772161603e-13
q2_fixed_unclustered,2025-09-06,9,unclustered,1,0,0,0.0,0,0.0,2393.130358852075,3734.0973820060735,8167.869957111903,249.87879830580349,406.4594449685772,-35982.5469560357,249.87879830580349,406.4594449685772,-35982.5469560357,0,,1.4210854715202004e-13
q2_fixed_unclustered,2025-09-07,9,unclustered,1,0,0,0.0,0,0.0,664.0935853947005,1248.0129695836888,3656.9790025456423,112.0743355557271,222.47839918830422,-16138.704320024703,112.0743355557271,222.47839918830422,-16138.704320024703,0,,2.2737367544323206e-13
q2_fixed_unclustered,2025-09-08,9,unclustered,1,0,0,0.0,0,0.0,679.7114541596751,1257.3975950682334,3668.2429696038816,87.08510897602862,205.0507827242467,-12540.255692548122,87.08510897602862,205.0507827242467,-12540.255692548122,0,,2.2737367544323206e-13
q2_fixed_unclustered,2025-09-09,9,unclustered,1,0,0,0.0,0,0.0,875.7020462967099,1487.3418799573376,3539.044968387884,104.21358256445991,217.51347006129006,-15006.755889282227,104.21358256445991,217.51347006129006,-15006.755889282227,0,,2.2737367544323206e-13
q2_fixed_unclustered,2025-09-10,9,unclustered,1,0,0,0.0,0,0.0,1070.8242724857232,1474.2236323412571,3397.553577094598,78.79581453395387,196.38452143747827,-10753.852339728619,78.79581453395387,196.38452143747827,-10753.852339728619,4,1.0,1.1368683772161603e-13
q2_fixed_unclustered,2025-09-11,9,unclustered,1,0,0,0.0,0,0.0,636.0015159227897,1210.7981116603246,3486.2859601366163,105.87538255928611,217.00426486064626,-15246.0550885372,105.87538255928611,217.00426486064626,-15246.0550885372,0,,3.410605131648481e-13
q2_fixed_unclustered,2025-09-12,9,unclustered,1,0,0,0.0,0,0.0,2344.013618778851,3665.320552966415,8288.375388970546,230.4968488864684,384.71133117226947,-33191.54623965145,230.4968488864684,384.71133117226947,-33191.54623965145,0,,1.1368683772161603e-13
q2_fixed_unclustered,2025-09-13,9,unclustered,1,0,0,0.0,0,0.0,2330.3192501476797,3631.291639735006,8242.697072300427,222.45591207416953,375.3608022844517,-32033.651338680414,222.45591207416953,375.3608022844517,-32033.651338680414,0,,1.1368683772161603e-13
q2_fixed_unclustered,2025-09-14,9,unclustered,1,0,0,0.0,0,0.0,862.4588695784872,1265.1229099685056,3089.5540711827525,67.33974630612803,180.2277343960116,-9696.923468082437,67.33974630612803,180.2277343960116,-9696.923468082437,0,,1.1368683772161603e-13
q2_fixed_unclustered,2025-09-15,9,unclustered,1,0,0,0.0,0,0.0,660.1758699189733,1109.9048191857478,3012.165464479349,82.22665092143238,185.62266486016676,-11840.637732686262,82.22665092143238,185.62266486016676,-11840.637732686262,0,,2.2737367544323206e-13
q2_fixed_unclustered,2025-09-16,9,unclustered,1,0,0,0.0,0,0.0,454.82639882875804,949.6402310528252,2828.285622989828,67.41283495076313,166.88898373543378,-9707.44823290989,67.41283495076313,166.88898373543378,-9707.44823290989,0,,2.2737367544323206e-13
q2_fixed_unclustered,2025-09-17,9,unclustered,1,0,0,0.0,0,0.0,837.4484749353034,1219.4424330663885,2922.6034386709816,71.32642900343319,174.6298539811548,-9346.742105387217,71.32642900343319,174.6298539811548,-9346.742105387217,7,0.8571428571428571,2.2737367544323206e-13
q2_fixed_unclustered,2025-09-18,9,unclustered,1,0,0,0.0,0,0.0,527.6530772807206,926.130499524028,2567.718934861613,76.76083509952608,173.60138716021638,-10586.205023144228,76.76083509952608,173.60138716021638,-10586.205023144228,3,1.0,2.2737367544323206e-13
q2_fixed_unclustered,2025-09-19,9,unclustered,1,0,0,0.0,0,0.0,2335.4880932206247,3643.7707851910873,8435.492855921671,210.19884909226505,359.17974501794026,-30268.63426928617,210.19884909226505,359.17974501794026,-30268.63426928617,0,,2.2737367544323206e-13
q2_fixed_unclustered,2025-09-20,9,unclustered,1,0,0,0.0,0,0.0,2209.2035085769758,3426.2100441688044,7898.4684852292185,203.21504720919532,350.6255076446493,-29262.966798124125,203.21504720919532,350.6255076446493,-29262.966798124125,0,,1.1368683772161603e-13
q2_fixed_unclustered,2025-09-21,9,unclustered,1,0,0,0.0,0,0.0,447.9596310842599,832.4815215955914,2394.8809227659513,62.52575340185005,160.06173477024066,-9003.708489866407,62.52575340185005,160.06173477024066,-9003.708489866407,0,,1.1368683772161603e-13
q2_fixed_unclustered,2025-09-22,9,unclustered,1,0,0,0.0,0,0.0,636.7482870274694,830.6054040256769,1705.5711309440721,43.51455794554798,131.14782448062095,-6062.8317110112275,43.51455794554798,131.14782448062095,-6062.8317110112275,3,1.0,1.1368683772161603e-13
q2_fixed_unclustered,2025-09-23,9,unclustered,1,0,0,0.0,0,0.0,909.5497321467897,1239.3867289141938,2513.973331862391,46.4157011453987,116.56433563711583,-4571.031952665529,46.4157011453987,116.56433563711583,-4571.031952665529,8,1.0,1.1368683772161603e-13
q2_fixed_unclustered,2025-09-24,9,unclustered,1,0,0,0.0,0,0.0,568.8904129997053,907.8493639964232,2426.1035572604032,60.723711153063746,156.28425931095046,-6219.385152050621,60.723711153063746,156.28425931095046,-6219.385152050621,8,1.0,1.1368683772161603e-13
q2_fixed_unclustered,2025-09-25,9,unclustered,1,0,0,0.0,0,0.0,404.86797530407335,787.5845651644208,2258.0712880588217,55.93423486738119,156.14502425499927,-7063.447995743525,55.93423486738119,156.14502425499927,-7063.447995743525,4,1.0,1.1368683772161603e-13
q2_fixed_unclustered,2025-09-26,9,unclustered,1,0,0,0.0,0,0.0,2310.1956907236263,3581.1836456031074,8360.828911607741,201.4538251322907,344.1126588812282,-29009.350819049858,201.4538251322907,344.1126588812282,-29009.350819049858,0,,1.6342482922482304e-13
q2_fixed_unclustered,2025-09-27,9,unclustered,1,0,0,0.0,0,0.0,2289.7901078598215,3597.670532428682,8814.418813174068,182.31657648146015,316.87128047936164,-26253.58701333026,182.31657648146015,316.87128047936164,-26253.58701333026,0,,1.1368683772161603e-13
q2_fixed_unclustered,2025-09-28,9,unclustered,1,0,0,0.0,0,0.0,1103.445287405993,1568.7220207877415,3115.8107269809216,47.419360407477576,119.56210766446804,-1950.0732822787425,47.419360407477576,119.56210766446804,-1950.0732822787425,11,1.0,1.1368683772161603e-13
q2_fixed_unclustered,2025-09-29,9,unclustered,1,0,0,0.0,0,0.0,704.0130817462045,969.2046819813106,2028.8715034321049,40.65839034097194,99.12152338031304,-2399.1807017749434,40.65839034097194,99.12152338031304,-2399.1807017749434,11,0.9090909090909091,1.1368683772161603e-13
q2_fixed_unclustered,2025-09-30,9,unclustered,1,0,0,0.0,0,0.0,1232.409693268763,1851.3696582104737,3957.92163611473,55.889716451720496,144.53555840308758,91.59377090208005,55.889716451720496,144.53555840308758,91.59377090208005,13,1.0,1.1368683772161603e-13
q2_fixed_unclustered,2025-10-01,10,unclustered,1,0,0,0.0,0,0.0,925.1759478832479,1572.41512408788,3905.928760342864,81.51381131316936,187.57789761951136,-11737.988829096386,81.51381131316936,187.57789761951136,-11737.988829096386,0,,2.2737367544323206e-13
q2_fixed_unclustered,2025-10-02,10,unclustered,1,0,0,0.0,0,0.0,591.8155265713461,1143.0500437751182,3299.6411454303634,77.8336739292544,187.7532119197969,-11208.049045812633,77.8336739292544,187.7532119197969,-11208.049045812633,0,,1.1368683772161603e-13
q2_fixed_unclustered,2025-10-03,10,unclustered,1,0,0,0.0,0,0.0,2504.816288784578,3925.5064916041947,9308.63592664083,205.9483076524047,355.9818082182656,-29656.55630194628,205.9483076524047,355.9818082182656,-29656.55630194628,0,,1.2789769243681803e-13
q2_fixed_unclustered,2025-10-04,10,unclustered,1,0,0,0.0,0,0.0,2370.5864891335227,3705.416194395485,8746.808791330148,192.91817214149876,336.5164619003994,-27780.216788375823,192.91817214149876,336.5164619003994,-27780.216788375823,0,,2.2737367544323206e-13
q2_fixed_unclustered,2025-10-05,10,unclustered,1,0,0,0.0,0,0.0,466.0822753479951,924.2534842010726,2667.48349953817,52.31314508895391,151.9056443212868,-7482.888290164319,52.31314508895391,151.9056443212868,-7482.888290164319,2,1.0,1.1368683772161603e-13
q2_fixed_unclustered,2025-10-06,10,unclustered,1,0,0,0.0,0,0.0,444.5231535311264,823.8892056333134,2366.702118190071,38.785587393300624,139.19921280088437,-5172.2679934354965,38.785587393300624,139.19921280088437,-5172.2679934354965,3,1.0,1.1368683772161603e-13
q2_fixed_unclustered,2025-10-07,10,unclustered,1,0,0,0.0,0,0.0,435.37527013616074,852.0122006172727,2452.352239000951,48.26626047180909,147.16626752385002,-5165.703685628448,48.26626047180909,147.16626752385002,-5165.703685628448,6,1.0,2.2737367544323206e-13
q2_fixed_unclustered,2025-10-08,10,unclustered,1,0,0,0.0,0,0.0,406.48539178554455,797.4394843175849,2280.3445542967747,47.6914742929852,143.36277198087936,-5995.796477709686,47.6914742929852,143.36277198087936,-5995.796477709686,5,1.0,2.2737367544323206e-13
q2_fixed_unclustered,2025-10-09,10,unclustered,1,0,0,0.0,0,0.0,378.0521673957457,760.7951568230136,2169.409378771129,46.931162758870386,145.1258151891957,-5955.996833763744,46.931162758870386,145.1258151891957,-5955.996833763744,4,1.0,2.526381881473583e-13
q2_fixed_unclustered,2025-10-10,10,unclustered,1,0,0,0.0,0,0.0,2369.98539033389,3727.9694307661575,9054.40621330566,178.09205847578403,314.87289045211963,-25645.256420512902,178.09205847578403,314.87289045211963,-25645.256420512902,0,,1.1368683772161603e-13
q2_fixed_unclustered,2025-10-11,10,unclustered,1,0,0,0.0,0,0.0,2243.6386668576897,3521.81261877389,8677.991768298034,171.34621928757338,302.9674084917383,-24673.855577410566,171.34621928757338,302.9674084917383,-24673.855577410566,0,,1.1368683772161603e-13
q2_fixed_unclustered,2025-10-12,10,unclustered,1,0,0,0.0,0,0.0,375.94787748177754,528.7749654660882,1181.9734964282115,19.495794979928764,87.47438458547926,-1963.7170068891462,19.495794979928764,87.47438458547926,-1963.7170068891462,5,0.8,1.1368683772161603e-13
q2_fixed_unclustered,2025-10-13,10,unclustered,1,0,0,0.0,0,0.0,275.4346172535034,424.09398146117917,1022.0460912074968,19.545488510756552,83.25175086617982,-2150.4724156715733,19.545488510756552,83.25175086617982,-2150.4724156715733,4,1.0,1.1368683772161603e-13
q2_fixed_unclustered,2025-10-14,10,unclustered,1,0,0,0.0,0,0.0,468.0244659307786,651.7006020806419,1472.651234496836,20.08442767975261,75.12228302276442,1095.7492470423265,20.08442767975261,75.12228302276442,1095.7492470423265,9,1.0,2.2737367544323206e-13
q2_fixed_unclustered,2025-10-15,10,unclustered,1,0,0,0.0,0,0.0,868.303494882794,1328.0312422037205,2683.3699765540396,21.636739899207708,94.38115195561618,1552.863800331934,21.636739899207708,94.38115195561618,1552.863800331934,8,1.0,1.1368683772161603e-13
q2_fixed_unclustered,2025-10-16,10,unclustered,1,0,0,0.0,0,0.0,800.1320967288572,1372.7935327786972,3183.537665212879,29.095871846315593,118.13407632519521,2316.39444417016,29.095871846315593,118.13407632519521,2316.39444417016,11,1.0,1.1368683772161603e-13
q2_fixed_unclustered,2025-10-17,10,unclustered,1,0,0,0.0,0,0.0,2300.368045779243,3654.204032549674,9301.779655027505,158.275341095195,280.71070383953975,-22791.64911770808,158.275341095195,280.71070383953975,-22791.64911770808,0,,1.1368683772161603e-13
q2_fixed_unclustered,2025-10-18,10,unclustered,1,0,0,0.0,0,0.0,2318.527689769601,3671.7135568561316,9287.00459564014,151.20440008964684,272.8829464381612,-21773.433612909146,151.20440008964684,272.8829464381612,-21773.433612909146,0,,1.1368683772161603e-13
q2_fixed_unclustered,2025-10-19,10,unclustered,1,0,0,0.0,0,0.0,1101.5804569682066,1838.3820545562307,4167.99840694328,33.82823803611945,140.21275228459663,4488.614385475816,33.82823803611945,140.21275228459663,4488.614385475816,13,1.0,2.2737367544323206e-13
q2_fixed_unclustered,2025-10-20,10,unclustered,1,0,0,0.0,0,0.0,973.8795670833471,1466.527977238362,2953.5185012737447,32.426756743754225,127.62894848937947,4627.482503381221,32.426756743754225,127.62894848937947,4627.482503381221,14,1.0,2.2737367544323206e-13
q2_fixed_unclustered,2025-10-21,10,unclustered,1,0,0,0.0,0,0.0,1548.9275945080856,2361.799108111402,4722.828044350907,41.52523808621149,150.21328731622967,5887.334270920545,41.52523808621149,150.21328731622967,5887.334270920545,16,1.0,1.1368683772161603e-13
q2_fixed_unclustered,2025-10-22,10,unclustered,1,0,0,0.0,0,0.0,911.817590636975,1303.1426116155653,2674.0003168707617,34.09342250593372,126.02030873898632,4802.90905056693,34.09342250593372,126.02030873898632,4802.90905056693,17,1.0,1.1368683772161603e-13
q2_fixed_unclustered,2025-10-23,10,unclustered,1,0,0,0.0,0,0.0,527.4701581929277,761.284051166846,1656.1142014019642,20.280478758292496,94.5781377397776,2295.1383535200794,20.280478758292496,94.5781377397776,2295.1383535200794,8,1.0,1.1368683772161603e-13
q2_fixed_unclustered,2025-10-24,10,unclustered,1,0,0,0.0,0,0.0,2219.7752192786347,3525.8491977262256,9210.562793312627,151.7236378836355,270.51730296952996,-21848.20385524351,151.7236378836355,270.51730296952996,-21848.20385524351,0,,1.1368683772161603e-13
q2_fixed_unclustered,2025-10-25,10,unclustered,1,0,0,0.0,0,0.0,2274.5117400447975,3599.913144618067,9158.407860339084,146.75462193351962,262.74129605984655,-21132.665558426823,146.75462193351962,262.74129605984655,-21132.665558426823,0,,2.2737367544323206e-13
q2_fixed_unclustered,2025-10-26,10,unclustered,1,0,0,0.0,0,0.0,1033.0091754386813,1442.005361655847,3084.1971504399717,27.633043768692513,123.05213148239973,3978.490345582097,27.633043768692513,123.05213148239973,3978.490345582097,18,1.0,1.1368683772161603e-13
q2_fixed_unclustered,2025-10-27,10,unclustered,1,0,0,0.0,0,0.0,779.3825454569799,1165.4332585518916,2842.2031829156094,31.55510514964753,120.7002172760696,2802.515544827911,31.55510514964753,120.7002172760696,2802.515544827911,17,0.9411764705882353,2.2737367544323206e-13
q2_fixed_unclustered,2025-10-28,10,unclustered,1,0,0,0.0,0,0.0,1025.520863723348,1460.2576070630685,3146.700847418135,33.31963829741809,135.63541184093557,4739.424840617505,33.31963829741809,135.63541184093557,4739.424840617505,18,1.0,0.0
q2_fixed_unclustered,2025-10-29,10,unclustered,1,0,0,0.0,0,0.0,1557.8326403543701,2374.233083224702,5140.687672033069,49.72434771077528,164.75858396800197,7148.628091656825,49.72434771077528,164.75858396800197,7148.628091656825,24,1.0,1.1368683772161603e-13
q2_fixed_unclustered,2025-10-30,10,unclustered,1,0,0,0.0,0,0.0,534.0191889228668,775.7346541310922,1901.6813089750874,18.992330416413107,91.19523104636698,2367.1570372758206,18.992330416413107,91.19523104636698,2367.1570372758206,14,0.9285714285714286,0.0
q2_fixed_unclustered,2025-10-31,10,unclustered,1,0,0,0.0,0,0.0,2249.251358451005,3491.331900696303,9109.710728499618,153.77968344432608,277.4378296877561,-22144.274415982956,153.77968344432608,277.4378296877561,-22144.274415982956,0,,1.1368683772161603e-13
q2_fixed_unclustered,2025-11-01,11,unclustered,1,0,0,0.0,0,0.0,2264.5825349692345,3585.1648483445997,9277.309774080068,152.43886817198705,272.78388216711323,-21951.197016766135,152.43886817198705,272.78388216711323,-21951.197016766135,0,,1.1368683772161603e-13
q2_fixed_unclustered,2025-11-02,11,unclustered,1,0,0,0.0,0,0.0,1276.7964459591365,1743.709867779131,3891.3303546274497,42.93044232952592,152.60274428920422,6169.506659523154,42.93044232952592,152.60274428920422,6169.506659523154,22,1.0,0.0
q2_fixed_unclustered,2025-11-03,11,unclustered,1,0,0,0.0,0,0.0,1502.302758027789,2108.516929889669,4559.068330167601,40.6263849425496,150.55437609030068,5817.229492040487,40.6263849425496,150.55437609030068,5817.229492040487,20,1.0,1.1368683772161603e-13
q2_fixed_unclustered,2025-11-04,11,unclustered,1,0,0,0.0,0,0.0,782.5762191730174,1026.9771576450619,2498.3313318453766,27.06263341369021,113.4446482501681,3540.482142526034,27.06263341369021,113.4446482501681,3540.482142526034,19,0.8947368421052632,2.2737367544323206e-13
q2_fixed_unclustered,2025-11-05,11,unclustered,1,0,0,0.0,0,0.0,1080.8749230148132,1478.0384260991423,3331.327095590751,33.922454610676446,130.03860978960867,4828.380394059877,33.922454610676446,130.03860978960867,4828.380394059877,21,0.9523809523809523,1.1368683772161603e-13
q2_fixed_unclustered,2025-11-06,11,unclustered,1,0,0,0.0,0,0.0,1098.5135994433008,1458.3704219442072,2879.158884379245,41.47439427687593,137.2021452909646,5649.701389951247,41.47439427687593,137.2021452909646,5649.701389951247,23,1.0,0.0
q2_fixed_unclustered,2025-11-07,11,unclustered,1,0,0,0.0,0,0.0,2188.9949128003827,3361.7651858778718,9056.776499633426,170.14763062006418,297.4931023968079,-24501.25880928924,170.14763062006418,297.4931023968079,-24501.25880928924,0,,1.1368683772161603e-13
q2_fixed_unclustered,2025-11-08,11,unclustered,1,0,0,0.0,0,0.0,2221.6266195705343,3582.2798708780747,9511.828938313729,168.0791226808875,289.51528406765965,-24203.3936660478,168.0791226808875,289.51528406765965,-24203.3936660478,0,,1.1368683772161603e-13
q2_fixed_unclustered,2025-11-09,11,unclustered,1,0,0,0.0,0,0.0,1222.4649097858405,1761.8173978309028,4060.4093300325076,39.89006507702929,145.61347767213456,5644.422873073554,39.89006507702929,145.61347767213456,5644.422873073554,22,1.0,1.1368683772161603e-13
q2_fixed_unclustered,2025-11-10,11,unclustered,1,0,0,0.0,0,0.0,1528.0333731744006,2206.7602587837187,5014.755715619123,49.82302515674186,165.2142230387519,7174.515622570829,49.82302515674186,165.2142230387519,7174.515622570829,26,1.0,0.0
q2_fixed_unclustered,2025-11-11,11,unclustered,1,0,0,0.0,0,0.0,807.5185320437419,1099.980944212281,2672.2275911200663,29.085006987808974,117.80660006831324,4188.241006244492,29.085006987808974,117.80660006831324,4188.241006244492,19,0.9473684210526315,0.0
q2_fixed_unclustered,2025-11-12,11,unclustered,1,0,0,0.0,0,0.0,523.4356869834727,699.8088525756593,1787.292201365486,22.66484285581714,97.5649041428412,2946.5802054633505,22.66484285581714,97.5649041428412,2946.5802054633505,18,0.9444444444444444,2.2737367544323206e-13
q2_fixed_unclustered,2025-11-13,11,unclustered,1,0,0,0.0,0,0.0,1052.0189712052597,1539.2553399195174,3493.95958155072,26.497987338343314,128.02958677028838,3439.1899683064576,26.497987338343314,128.02958677028838,3439.1899683064576,16,0.9375,1.1368683772161603e-13
q2_fixed_unclustered,2025-11-14,11,unclustered,1,0,0,0.0,0,0.0,2314.6502598654924,3651.468195321105,9600.0,182.6819663435935,316.97066544177306,-26306.203153477465,182.6819663435935,316.97066544177306,-26306.203153477465,0,,2.2737367544323206e-13
q2_fixed_unclustered,2025-11-15,11,unclustered,1,0,0,0.0,0,0.0,2193.0856506458695,3530.467498933312,9537.254120579015,180.18476262475727,311.873520444571,-25946.605817965046,180.18476262475727,311.873520444571,-25946.605817965046,0,,1.1368683772161603e-13
q2_fixed_unclustered,2025-11-16,11,unclustered,1,0,0,0.0,0,0.0,957.7184400620177,1334.2867469666348,3172.766277376915,35.73957817227493,132.85271906695382,5091.8536364201955,35.73957817227493,132.85271906695382,5091.8536364201955,22,1.0,1.1368683772161603e-13
q2_fixed_unclustered,2025-11-17,11,unclustered,1,0,0,0.0,0,0.0,534.020347342873,654.1315506075691,1514.4358496954549,19.955337183813395,94.69536066782938,2745.826059184841,19.955337183813395,94.69536066782938,2745.826059184841,17,1.0,1.1368683772161603e-13
q2_fixed_unclustered,2025-11-18,11,unclustered,1,0,0,0.0,0,0.0,1127.4703925570248,1668.2324364741573,3621.841831414769,27.944854802127647,127.4336534644607,3888.527114918207,27.944854802127647,127.4336534644607,3888.527114918207,17,1.0,0.0
q2_fixed_unclustered,2025-11-19,11,unclustered,1,0,0,0.0,0,0.0,760.0129774736465,924.4978381943426,1934.363486068444,26.343225787409164,104.9861365805875,3754.0064264905695,26.343225787409164,104.9861365805875,3754.0064264905695,20,0.95,0.0
q2_fixed_unclustered,2025-11-20,11,unclustered,1,0,0,0.0,0,0.0,745.9187199380475,1111.4067269946636,2541.0428571505804,20.17057806684165,106.53163893843673,2420.948807543218,20.17057806684165,106.53163893843673,2420.948807543218,11,1.0,1.1368683772161603e-13
q2_fixed_unclustered,2025-11-21,11,unclustered,1,0,0,0.0,0,0.0,2346.0858622944056,3661.9888199136594,9600.0,199.28418500035318,346.01546773364,-28696.922640050856,199.28418500035318,346.01546773364,-28696.922640050856,0,,3.410605131648481e-13
q2_fixed_unclustered,2025-11-22,11,unclustered,1,0,0,0.0,0,0.0,2220.06999602811,3549.6174981306667,9600.0,195.4100209339336,337.0576042956216,-28139.043014486437,195.4100209339336,337.0576042956216,-28139.043014486437,0,,1.1368683772161603e-13
q2_fixed_unclustered,2025-11-23,11,unclustered,1,0,0,0.0,0,0.0,527.2726754638372,614.7287906559972,1170.7775672905032,21.142990500963624,84.6271024960051,2761.5228985946796,21.142990500963624,84.6271024960051,2761.5228985946796,17,1.0,2.2737367544323206e-13
q2_fixed_unclustered,2025-11-24,11,unclustered,1,0,0,0.0,0,0.0,397.33771408921643,469.37911979390947,1186.1774023283508,13.441710955402742,76.24080449503494,901.3372979111165,13.441710955402742,76.24080449503494,901.3372979111165,10,0.9,2.2737367544323206e-13
q2_fixed_unclustered,2025-11-25,11,unclustered,1,0,0,0.0,0,0.0,749.5542878376256,964.7941752516688,1934.5128646148846,16.457664243375536,93.10661563646455,2285.1049382610768,16.457664243375536,93.10661563646455,2285.1049382610768,14,1.0,0.0
q2_fixed_unclustered,2025-11-26,11,unclustered,1,0,0,0.0,0,0.0,736.8822670803414,1116.5641613797382,2298.8136665959746,16.54256483976064,104.77217715975723,2242.438329224582,16.54256483976064,104.77217715975723,2242.438329224582,11,0.9090909090909091,1.1368683772161603e-13
q2_fixed_unclustered,2025-11-27,11,unclustered,1,0,0,0.0,0,0.0,400.26464054511075,562.1848685064004,1376.4061813970357,15.838965174634232,92.75154998839886,710.4485728192524,15.838965174634232,92.75154998839886,710.4485728192524,9,1.0,1.1368683772161603e-13
q2_fixed_unclustered,2025-11-28,11,unclustered,1,0,0,0.0,0,0.0,2190.439149502833,3442.0260335919143,9331.215508649406,213.79759913404416,365.001601454723,-30786.854275302358,213.79759913404416,365.001601454723,-30786.854275302358,0,,2.2737367544323206e-13
q2_fixed_unclustered,2025-11-29,11,unclustered,1,0,0,0.0,0,0.0,2160.604296654593,3451.5439293296395,9345.401314694003,210.0339267754533,355.50915609474254,-30244.885455665273,210.0339267754533,355.50915609474254,-30244.885455665273,0,,2.2737367544323206e-13
q2_fixed_unclustered,2025-11-30,11,unclustered,1,0,0,0.0,0,0.0,1334.4635402985139,1950.901115260959,4219.332643487686,32.73911261339448,140.4114986117414,4662.151332742813,32.73911261339448,140.4114986117414,4662.151332742813,17,0.9411764705882353,0.0
q2_fixed_unclustered,2025-12-01,12,unclustered,1,0,0,0.0,0,0.0,2060.468252046323,2534.7484113504984,4335.968508454255,67.84198818852884,188.7699255817454,9748.13778688263,67.84198818852884,188.7699255817454,9748.13778688263,29,0.8620689655172413,0.0
q2_fixed_unclustered,2025-12-02,12,unclustered,1,0,0,0.0,0,0.0,2131.376233810167,2652.2407858431575,4929.70609544975,75.85817038894874,202.82701136565103,10923.576536008619,75.85817038894874,202.82701136565103,10923.576536008619,32,0.84375,0.0
q2_fixed_unclustered,2025-12-03,12,unclustered,1,0,0,0.0,0,0.0,1943.323149964076,2452.4884283951214,4273.745347323003,58.046263805986,173.8157871643739,8358.661988061984,58.046263805986,173.8157871643739,8358.661988061984,27,0.8888888888888888,0.0
q2_fixed_unclustered,2025-12-04,12,unclustered,1,0,0,0.0,0,0.0,1336.3226248172446,1699.8313423220545,3819.1482332820765,52.635956864316185,162.9244425243322,7233.43825812638,52.635956864316185,162.9244425243322,7233.43825812638,27,0.8518518518518519,2.2737367544323206e-13
q2_fixed_unclustered,2025-12-05,12,unclustered,1,0,0,0.0,0,0.0,1940.0503630151961,2951.0393260478436,8068.590600252287,213.6469422371945,378.3894759744637,-30765.15968215601,213.6469422371945,378.3894759744637,-30765.15968215601,0,,3.268496584496461e-13
q2_fixed_unclustered,2025-12-06,12,unclustered,1,0,0,0.0,0,0.0,1825.566652706336,2858.3971083853417,7394.649351410606,202.38898117281695,364.8032825015808,-29144.013288885642,202.38898117281695,364.8032825015808,-29144.013288885642,0,,2.2737367544323206e-13
q2_fixed_unclustered,2025-12-07,12,unclustered,1,0,0,0.0,0,0.0,1556.715700864123,1926.3825513557604,3551.1379562233747,48.1574815443275,156.63669088831156,6934.67734238316,48.1574815443275,156.63669088831156,6934.67734238316,23,0.8695652173913043,0.0
q2_fixed_unclustered,2025-12-08,12,unclustered,1,0,0,0.0,0,0.0,1543.4548611725322,1939.3999812343486,3344.0189386265038,42.967667009257816,148.9262693146525,6177.341891282508,42.967667009257816,148.9262693146525,6177.341891282508,22,0.8636363636363636,1.1368683772161603e-13
q2_fixed_unclustered,2025-12-09,12,unclustered,1,0,0,0.0,0,0.0,1042.756543796878,1346.6266695866473,2811.0628476214874,34.22328001978638,123.96394482339687,4820.192744701744,34.22328001978638,123.96394482339687,4820.192744701744,22,0.8636363636363636,2.2737367544323206e-13
q2_fixed_unclustered,2025-12-10,12,unclustered,1,0,0,0.0,0,0.0,1245.1999275737403,1546.9263117873727,2695.672571900065,31.52353950887398,122.0045417062241,4517.733969689379,31.52353950887398,122.0045417062241,4517.733969689379,20,0.95,1.1368683772161603e-13
q2_fixed_unclustered,2025-12-11,12,unclustered,1,0,0,0.0,0,0.0,512.9112709070114,720.6024955595815,1560.2978648498902,16.9971651449647,64.59626170949832,1422.5730794237106,16.9971651449647,64.59626170949832,1422.5730794237106,14,0.9285714285714286,2.2737367544323206e-13
q2_fixed_unclustered,2025-12-12,12,unclustered,1,0,0,0.0,0,0.0,1960.8225506201431,3003.3379681030588,8176.8662598019,246.93132817500828,419.89265288442823,-35558.11125720119,246.93132817500828,419.89265288442823,-35558.11125720119,0,,1.1368683772161603e-13
q2_fixed_unclustered,2025-12-13,12,unclustered,1,0,0,0.0,0,0.0,1891.173441668073,2957.7928075799714,7944.481679443834,244.62239929008663,416.5699937507622,-35225.625497772475,244.62239929008663,416.5699937507622,-35225.625497772475,0,,1.1368683772161603e-13
q2_fixed_unclustered,2025-12-14,12,unclustered,1,0,0,0.0,0,0.0,800.829409926437,977.9780387896074,1791.6944144601093,24.49017428053483,105.81274485598982,3491.449893902891,24.49017428053483,105.81274485598982,3491.449893902891,16,1.0,0.0
q2_fixed_unclustered,2025-12-15,12,unclustered,1,0,0,0.0,0,0.0,763.7323544955435,906.7781566838296,1561.5097213518552,21.537612845663645,101.00152461918975,3027.170540441332,21.537612845663645,101.00152461918975,3027.170540441332,11,0.9090909090909091,1.1368683772161603e-13
q2_fixed_unclustered,2025-12-16,12,unclustered,1,0,0,0.0,0,0.0,560.247956727585,689.868901277966,1417.9871017432538,18.17766772869335,84.77450577103122,2067.750676546541,18.17766772869335,84.77450577103122,2067.750676546541,14,0.8571428571428571,2.2737367544323206e-13
q2_fixed_unclustered,2025-12-17,12,unclustered,1,0,0,0.0,0,0.0,303.4049432218651,479.55410038492954,1223.2758600661873,9.390803820904098,34.34321219021691,43.58037582663064,9.390803820904098,34.34321219021691,43.58037582663064,8,1.0,2.2737367544323206e-13
q2_fixed_unclustered,2025-12-18,12,unclustered,1,0,0,0.0,0,0.0,255.56005615412042,353.3756788949533,745.4821539423574,23.795047923934458,67.35960384848565,-1706.1528765162245,23.795047923934458,67.35960384848565,-1706.1528765162245,9,1.0,2.2737367544323206e-13
q2_fixed_unclustered,2025-12-19,12,unclustered,1,0,0,0.0,0,0.0,1946.0159705542012,3079.842169726493,9405.65876312213,277.98647093738447,448.39818272334657,-40030.051814983366,277.98647093738447,448.39818272334657,-40030.051814983366,0,,2.2737367544323206e-13
q2_fixed_unclustered,2025-12-20,12,unclustered,1,0,0,0.0,0,0.0,1874.3055399392474,2989.4634419978142,8675.854321335748,274.0969054900246,446.4084604140577,-39469.954390563544,274.0969054900246,446.4084604140577,-39469.954390563544,0,,2.2737367544323206e-13
q2_fixed_unclustered,2025-12-21,12,unclustered,1,0,0,0.0,0,0.0,214.46051515148284,289.41333773366995,593.1086273051988,9.161838256359163,43.07301181054992,-373.73107600179753,9.161838256359163,43.07301181054992,-373.73107600179753,2,1.0,1.1368683772161603e-13
q2_fixed_unclustered,2025-12-22,12,unclustered,1,0,0,0.0,0,0.0,295.5468855235502,365.65318730206764,708.6555438902551,17.481664291343723,69.39548696839213,-1315.1188720255327,17.481664291343723,69.39548696839213,-1315.1188720255327,8,1.0,2.2737367544323206e-13
q2_fixed_unclustered,2025-12-23,12,unclustered,1,0,0,0.0,0,0.0,323.84564600812195,547.831235964007,1367.3508691953803,31.234499764002887,111.08455252963036,-3905.088292000838,31.234499764002887,111.08455252963036,-3905.088292000838,2,1.0,3.410605131648481e-13
q2_fixed_unclustered,2025-12-24,12,unclustered,1,0,0,0.0,0,0.0,280.8411116910686,473.80759035940616,1185.1551589637443,29.34682929786066,97.0883408996601,-3820.609145364169,29.34682929786066,97.0883408996601,-3820.609145364169,2,1.0,2.2737367544323206e-13
q2_fixed_unclustered,2025-12-25,12,unclustered,1,0,0,0.0,0,0.0,373.8991114009476,667.8785311416564,1709.0134768698936,35.368670369306486,126.3428425830149,-4519.908535960494,35.368670369306486,126.3428425830149,-4519.908535960494,5,1.0,2.2737367544323206e-13
q2_fixed_unclustered,2025-12-26,12,unclustered,1,0,0,0.0,0,0.0,1991.5659427306302,3184.616614332745,9600.0,296.42694445802846,470.3973768394301,-42685.4800019561,296.42694445802846,470.3973768394301,-42685.4800019561,0,,2.2737367544323206e-13
q2_fixed_unclustered,2025-12-27,12,unclustered,1,0,0,0.0,0,0.0,1974.4637759374193,3165.2402421495526,9310.572284180203,295.9698995227173,470.25321360824546,-42619.66553127129,295.9698995227173,470.25321360824546,-42619.66553127129,0,,1.6342482922482304e-13
q2_fixed_unclustered,2025-12-28,12,unclustered,1,0,0,0.0,0,0.0,364.7391050798771,626.7209012998046,1721.4292472291563,44.296979811259156,145.5641020488876,-5751.233823928451,44.296979811259156,145.5641020488876,-5751.233823928451,7,1.0,2.2737367544323206e-13
q2_fixed_unclustered,2025-12-29,12,unclustered,1,0,0,0.0,0,0.0,456.74048003691695,872.9968144266177,2417.5845698757516,43.592600644464596,145.8670102823295,-5831.730024813747,43.592600644464596,145.8670102823295,-5831.730024813747,7,1.0,2.2737367544323206e-13
q2_fixed_unclustered,2025-12-30,12,unclustered,1,0,0,0.0,0,0.0,371.9396372587889,644.0699672732383,1734.508904439299,54.55372642582579,155.9233260731531,-7563.721276773702,54.55372642582579,155.9233260731531,-7563.721276773702,5,1.0,2.2737367544323206e-13
q2_fixed_unclustered,2025-12-31,12,unclustered,1,0,0,0.0,0,0.0,342.22416074548215,576.8634314062831,1322.1571306764254,42.18316168117659,129.9940841974022,-5607.2468375817825,42.18316168117659,129.9940841974022,-5607.2468375817825,6,1.0,2.2737367544323206e-13
q3_fixed_unclustered,2025-02-01,2,unclustered,4,0,0,0.0,0,0.0,1876.2211017109435,3168.6217197445326,9019.070889965866,312.87233124954383,473.13147840944316,-45053.27381104542,258.7682263505759,408.92740970180034,-37262.62459448293,0,,1.1368683772161603e-13
q3_fixed_unclustered,2025-02-02,2,unclustered,4,0,0,0.0,0,0.0,261.06127266100884,520.855227566772,1624.8806427516088,79.0346835622796,178.74900137526126,-11304.99626677822,43.12788054574351,109.5211225524551,-6210.414798587065,0,,1.1368683772161603e-13
q3_fixed_unclustered,2025-02-03,2,unclustered,4,0,0,0.0,0,0.0,236.70069576185276,458.8950516461597,1366.851232669766,87.53968900691176,188.98455597839592,-12481.799527022507,36.842050550375234,80.25100338542573,-5305.255279254034,0,,2.2737367544323206e-13
q3_fixed_unclustered,2025-02-04,2,unclustered,4,0,0,0.0,0,0.0,354.08063709761643,710.6609797444942,2381.610300480832,97.55034422331875,218.45239776130978,-14030.950673292286,44.95606290102189,102.67262865145136,-6473.673057747152,0,,2.2737367544323206e-13
q3_fixed_unclustered,2025-02-05,2,unclustered,4,0,0,0.0,0,0.0,301.65592235351454,624.3003741352319,2401.179819944382,67.91597173780481,165.20974913410643,-9137.661695648181,40.945916557681215,96.59818169395172,-5896.2119843060955,0,,2.2737367544323206e-13
q3_fixed_unclustered,2025-02-06,2,unclustered,4,0,0,0.0,0,0.0,298.1203506542823,590.3304133130302,1961.9390393904077,108.51924979230346,235.69553780523495,-15580.706496668192,42.17520966747394,102.42264194254865,-6073.230192116248,0,,2.2737367544323206e-13
q3_fixed_unclustered,2025-02-07,2,unclustered,4,0,0,0.0,0,0.0,1790.8299259924722,3172.5932318205564,9600.0,322.8143834334158,492.1964918527178,-46327.186736308344,258.72584619345247,408.94620681409276,-37256.52185185716,0,,2.2737367544323206e-13
q3_fixed_unclustered,2025-02-08,2,unclustered,4,0,0,0.0,0,0.0,1936.9421704519332,3243.5107025601533,9000.0,266.88213289102407,415.78994521175474,-38034.507312582595,245.28976579796523,400.0300700042432,-35321.72627490699,0,,1.1368683772161603e-13
q3_fixed_unclustered,2025-02-09,2,unclustered,4,0,0,0.0,0,0.0,271.0586977446525,564.2998683751181,1878.0907721513722,71.85530948004963,169.94603027662617,-10246.146320884345,42.16554292270752,88.50697444543937,-6071.838180869883,0,,2.2737367544323206e-13
q3_fixed_unclustered,2025-02-10,2,unclustered,4,0,0,0.0,0,0.0,342.98289458018934,711.0091508352177,2122.945618827679,74.76821385290516,184.69327330754516,-10652.472079965628,27.161424240163342,68.04656610843698,-3911.2450905835212,0,,2.2737367544323206e-13
q3_fixed_unclustered,2025-02-11,2,unclustered,4,0,0,0.0,0,0.0,246.9448421785239,535.6102954747165,1605.7951227365993,77.40744551331883,189.22945739186676,-10990.008024993804,26.119143247239418,44.71507545204091,-3744.7860769231365,1,1.0,2.2737367544323206e-13
q3_fixed_unclustered,2025-02-12,2,unclustered,4,0,0,0.0,0,0.0,280.9588278793213,570.2141234221853,1706.9515310329302,80.72595324450563,178.45544985479808,-11548.515577693255,28.20371185998242,52.133479191348954,-4061.3345078374687,0,,2.2737367544323206e-13
q3_fixed_unclustered,2025-02-13,2,unclustered,4,0,0,0.0,0,0.0,332.02593759548466,668.1381433177677,1896.1616062012567,74.24088838523939,176.04150782334932,-10644.15755485532,36.832472374658835,87.54421084253786,-5303.876021950872,0,,2.2737367544323206e-13
q3_fixed_unclustered,2025-02-14,2,unclustered,4,0,0,0.0,0,0.0,1888.0057617672398,3195.3414724622826,8886.817843997305,277.16022567440797,430.6541227476184,-39911.07249711475,240.9394914535716,392.378176455112,-34695.28676931431,0,,1.1368683772161603e-13
q3_fixed_unclustered,2025-02-15,2,unclustered,4,0,0,0.0,0,0.0,2069.777066206736,3525.133599732423,9600.0,278.9294943963348,444.79576736016537,-40165.058954183325,213.6950794803671,355.51435065021786,-30772.09144517286,0,,1.1368683772161603e-13
q3_fixed_unclustered,2025-02-16,2,unclustered,4,0,0,0.0,0,0.0,192.3100346669616,356.7924456086974,1007.7036376884662,78.49242987272305,184.04323076689676,-10567.87476495969,16.91935177811528,35.51058878962769,-2353.7872236767926,2,0.5,1.1368683772161603e-13
q3_fixed_unclustered,2025-02-17,2,unclustered,4,0,0,0.0,0,0.0,317.0834007994274,742.2511960368771,2297.5963757307854,105.66234812884763,252.5998058223057,-15020.653384157416,18.785397333914787,34.779102048310364,-2623.903700419989,1,1.0,2.2737367544323206e-13
q3_fixed_unclustered,2025-02-18,2,unclustered,4,0,0,0.0,0,0.0,459.9746345405504,1009.9111802316014,3479.232119680233,42.86565033073119,115.72200757746774,-5553.959309108817,21.25873154746839,48.87785794821412,-3061.257342835448,0,,1.1368683772161603e-13
q3_fixed_unclustered,2025-02-19,2,unclustered,4,0,0,0.0,0,0.0,226.9883321472239,454.17250008408325,1288.7073790459726,37.691975138206914,106.94070010827653,-5253.429888630057,24.35474527060871,64.61595268614484,-3493.7039803150756,2,1.0,1.1368683772161603e-13
q3_fixed_unclustered,2025-02-20,2,unclustered,4,0,0,0.0,0,0.0,279.35615353368763,492.6014894089616,1399.9655895739452,70.33056019708016,170.60332017295923,-9794.212436135058,28.534659217915305,76.02215226885295,-4108.990927379804,0,,2.2737367544323206e-13
q3_fixed_unclustered,2025-02-21,2,unclustered,4,0,0,0.0,0,0.0,1952.783772645781,3310.6826101153406,8951.269610303956,248.45772545763708,395.5598071013273,-35775.913699233075,216.13653710550346,359.9736700991977,-31123.6613431925,0,,1.1368683772161603e-13
q3_fixed_unclustered,2025-02-22,2,unclustered,4,0,0,0.0,0,0.0,1986.4968595067505,3333.3314708683088,8845.155614078856,253.81989806196674,410.45909370065885,-36547.176093145434,209.94110936410223,352.65641503707906,-30231.51974843072,0,,1.7053025658242404e-13
q3_fixed_unclustered,2025-02-23,2,unclustered,4,0,0,0.0,0,0.0,217.31228548876274,434.68580918671,1282.1241720758453,55.10545668004355,144.6729333163878,-7435.3759449635245,18.063288597412846,47.873000180024384,-2486.4909479926346,1,1.0,2.2737367544323206e-13
q3_fixed_unclustered,2025-02-24,2,unclustered,4,0,0,0.0,0,0.0,351.90629831832933,813.9487691076406,3407.894556554633,54.02435369738137,136.55296760753245,-7254.736826644289,17.927173442718136,39.83083277937721,-2581.5129757514114,0,,2.2737367544323206e-13
q3_fixed_unclustered,2025-02-25,2,unclustered,4,0,0,0.0,0,0.0,182.8437002694191,413.9274041129432,1377.4950944727843,86.4126269525096,209.00535100313928,-12210.911432108147,23.860723613849004,56.03078832199328,-3354.1260162401886,2,0.0,2.2737367544323206e-13
q3_fixed_unclustered,2025-02-26,2,unclustered,4,0,0,0.0,0,0.0,220.61381193723878,393.1471547593159,1161.2010371916178,29.432256052142698,90.32225458696747,-2564.3290792356893,23.51657149232828,73.69405816953417,-3320.671403853211,2,0.0,2.2737367544323206e-13
q3_fixed_unclustered,2025-02-27,2,unclustered,4,0,0,0.0,0,0.0,213.03900093743115,428.9560822953009,1268.7311289057761,46.83697475562607,108.7378232248739,-6157.078176707317,27.65723908526824,64.55751797007242,-3960.3598172977227,1,0.0,2.2737367544323206e-13
q3_fixed_unclustered,2025-02-28,2,unclustered,4,0,0,0.0,0,0.0,2153.366978064777,3688.7478646396107,9600.0,229.65914679098458,368.0897458700882,-32080.70030506099,195.25815839943368,331.34905823220686,-28117.174809518452,0,,1.1368683772161603e-13
q3_fixed_unclustered,2025-03-01,3,unclustered,4,0,0,0.0,0,0.0,2117.9395304535233,3586.552348292595,9600.0,294.47828194817015,452.91284542872125,-42404.8726005365,209.19656645389094,343.6098277023083,-30124.305569360295,0,,1.1368683772161603e-13
q3_fixed_unclustered,2025-03-02,3,unclustered,4,0,0,0.0,0,0.0,447.9277489787666,1036.4169092424447,3550.056562305728,74.6401076266231,182.30890010046912,-8580.626037944268,30.735664539519334,53.20571914024019,-4138.83613650902,7,1.0,2.2737367544323206e-13
q3_fixed_unclustered,2025-03-03,3,unclustered,4,0,0,0.0,0,0.0,305.34004225144827,675.2158321481594,2049.59183499137,85.8948349658486,200.51885468282399,-10836.606022436703,22.88190687463637,45.020340635059114,-3086.861654725412,6,1.0,1.1368683772161603e-13
q3_fixed_unclustered,2025-03-04,3,unclustered,4,0,0,0.0,0,0.0,394.46389354859497,868.7114168911227,2898.0468560363197,36.15054674434527,109.79671990504666,-4205.085572023786,14.015089812989554,30.094681504543598,-2018.172933070496,0,,1.1368683772161603e-13
q3_fixed_unclustered,2025-03-05,3,unclustered,4,0,0,0.0,0,0.0,380.0002178369919,857.8511802936979,2652.8104672594054,83.9685210036277,197.7804204678243,-11908.182091240513,21.514573729639437,39.111760583979034,-3098.098617068079,0,,1.1368683772161603e-13
q3_fixed_unclustered,2025-03-06,3,unclustered,4,0,0,0.0,0,0.0,431.2815708748823,852.4901937215251,2613.6280303923977,52.4519943926605,137.93204698839514,-7131.365302428139,25.32207320500906,68.90871760591313,-3646.378541521304,0,,2.2737367544323206e-13
q3_fixed_unclustered,2025-03-07,3,unclustered,4,0,0,0.0,0,0.0,2206.361286788607,3726.7039937251707,9600.0,266.28864116047015,423.8446769414478,-38345.5643271077,198.3166727975666,333.7116271434186,-28557.60088284959,0,,1.1368683772161603e-13
q3_fixed_unclustered,2025-03-08,3,unclustered,4,0,0,0.0,0,0.0,2191.822577645359,3725.2555170370133,9600.0,226.32920576722205,368.59312823095905,-31763.771451146215,189.5219709475316,324.1575637388419,-27291.16381644455,0,,1.1368683772161603e-13
q3_fixed_unclustered,2025-03-09,3,unclustered,4,0,0,0.0,0,0.0,295.3406265432657,620.2386195845922,1933.2257400898616,80.49244953303617,198.59333733937254,-11192.69249279564,15.946105753708476,50.533183008260394,-2205.850669168553,3,1.0,2.2737367544323206e-13
q3_fixed_unclustered,2025-03-10,3,unclustered,4,0,0,0.0,0,0.0,252.73738435542623,505.98636293518246,1552.4908375424939,37.704336642725245,114.14984577912162,-3595.906629125643,17.655692007056434,63.578090855668826,-2499.113241471812,4,1.0,1.1368683772161603e-13
q3_fixed_unclustered,2025-03-11,3,unclustered,4,0,0,0.0,0,0.0,263.5088660447812,469.74927140139033,1378.682714182842,37.718923250992184,115.06609001655993,1842.3292243951555,14.88382986106614,34.783986074374326,-2143.2714999935242,0,,1.1368683772161603e-13
q3_fixed_unclustered,2025-03-12,3,unclustered,4,0,0,0.0,0,0.0,250.37926654746522,546.8943521166685,1709.3731628694368,74.01429505150814,185.85880097270157,-10459.399813199765,14.778140352967107,31.925839354715254,-2128.0522108272635,0,,1.7053025658242404e-13
q3_fixed_unclustered,2025-03-13,3,unclustered,4,0,0,0.0,0,0.0,266.84035159690615,549.8942284773417,1646.8474030574403,50.21755963989938,139.08821327123678,-5887.177852843279,26.091571779556034,83.4683418494492,-3626.197070155101,3,1.0,2.2737367544323206e-13
q3_fixed_unclustered,2025-03-14,3,unclustered,4,0,0,0.0,0,0.0,2123.420758808921,3567.3280298080135,9285.88256201135,196.39285977849218,317.9712427623426,-28280.571808102875,175.78360227214182,306.5893722288619,-25312.83872718842,0,,2.2737367544323206e-13
q3_fixed_unclustered,2025-03-15,3,unclustered,4,0,0,0.0,0,0.0,2015.413448145697,3399.142650229394,9000.0,216.65516267270692,360.33425534722227,-30847.544015976233,191.20317775257433,333.0836854882929,-27533.257596370706,0,,1.1368683772161603e-13
q3_fixed_unclustered,2025-03-16,3,unclustered,4,0,0,0.0,0,0.0,232.92213097245934,431.0374548247733,1274.7430265923958,37.185292235490266,115.9243206124924,-4923.816525178617,20.73159321712078,63.7849512867853,-2985.349423265392,0,,2.2737367544323206e-13
q3_fixed_unclustered,2025-03-17,3,unclustered,4,0,0,0.0,0,0.0,119.39770191615533,203.86840796504256,690.8517647173446,49.70417280004332,142.85498424370599,-6025.123432232584,11.741431059211147,28.103065611978256,-1690.7660725264052,0,,1.1368683772161603e-13
q3_fixed_unclustered,2025-03-18,3,unclustered,4,0,0,0.0,0,0.0,230.3984064302718,425.55099950985976,1374.4384665538919,78.53921830444617,197.20962025645156,-11065.01287046056,15.97257793418558,39.53003183694926,-2300.0512225227235,0,,1.1368683772161603e-13
q3_fixed_unclustered,2025-03-19,3,unclustered,4,0,0,0.0,0,0.0,237.3934911268396,373.139508775994,1018.1365367081521,35.44564493087774,99.58662570898858,1372.9513903140364,15.430758596260253,45.95521460623455,-2222.0292378614763,0,,1.1368683772161603e-13
q3_fixed_unclustered,2025-03-20,3,unclustered,4,0,0,0.0,0,0.0,151.88200895261585,225.27868072591863,539.1703263457887,50.57502192180729,128.21796616104854,-6013.654116296337,10.029329161167636,28.750888634891236,-1444.2233992081397,0,,2.2737367544323206e-13
q3_fixed_unclustered,2025-03-21,3,unclustered,4,0,0,0.0,0,0.0,2070.5374258893416,3530.4813414850373,9275.989236305688,200.9998563221819,338.8671662269796,-28943.979022674022,149.34734702071202,272.6076110473596,-21506.01797098253,0,,1.1368683772161603e-13
q3_fixed_unclustered,2025-03-22,3,unclustered,4,0,0,0.0,0,0.0,2175.7326879139464,3711.6456643721217,9599.998850291091,207.7531529774688,337.4632818362677,-29916.454028755506,162.5263140248716,284.9850328446323,-23403.78921958151,0,,2.2737367544323206e-13
q3_fixed_unclustered,2025-03-23,3,unclustered,4,0,0,0.0,0,0.0,204.06536546178336,452.161969223487,1589.9569207904788,59.75692892646558,167.52854525890967,-8052.471387255795,11.591314039893128,30.897307047403146,-1610.163245903084,1,1.0,2.2737367544323206e-13
q3_fixed_unclustered,2025-03-24,3,unclustered,4,0,0,0.0,0,0.0,143.24392426674376,237.07933163122937,753.9493973194649,40.62946488863526,115.99276232438226,-5212.919458716503,13.115505775814476,33.472260619464365,-1888.6328317172847,0,,1.1368683772161603e-13
q3_fixed_unclustered,2025-03-25,3,unclustered,4,0,0,0.0,0,0.0,98.21401206167957,184.620830765449,578.6309438185779,70.6217346054563,197.48104957148436,-9954.26668706556,3.82466466907944,10.778236816420808,-550.7517123474394,0,,2.2737367544323206e-13
q3_fixed_unclustered,2025-03-26,3,unclustered,4,0,0,0.0,0,0.0,241.57591893009194,454.21384675898014,1613.9568246160907,46.64546505473621,139.36578330596248,-4702.581021225131,9.454609047396227,22.027199953344265,-1361.4637028250568,0,,2.2737367544323206e-13
q3_fixed_unclustered,2025-03-27,3,unclustered,4,0,0,0.0,0,0.0,124.18544445775105,171.3062268630709,430.7145231781226,42.917372626561864,134.1287032862777,-6014.805287998453,7.027647018810056,26.47001066979192,-1011.981170708648,0,,1.1368683772161603e-13
q3_fixed_unclustered,2025-03-28,3,unclustered,4,0,0,0.0,0,0.0,2135.9312952181454,3632.425595308768,9487.022683285486,183.67238234990637,308.576564099684,-26448.82305838652,144.29030803385461,272.7618678555257,-20777.804356875065,0,,1.1368683772161603e-13
q3_fixed_unclustered,2025-03-29,3,unclustered,4,0,0,0.0,0,0.0,2055.7603569415774,3473.161258821886,8351.912769055001,136.38206270041394,257.85045085853756,-19635.189728859605,134.23683635341308,261.0081313157253,-19330.104434891484,0,,1.1368683772161603e-13
q3_fixed_unclustered,2025-03-30,3,unclustered,4,0,0,0.0,0,0.0,178.77817356948324,321.90347462499875,1021.3978002548101,59.76646394953522,170.03054808156335,-6821.660687492029,1.9287262415637736,7.990311147290049,-277.7365787851834,0,,1.1368683772161603e-13
q3_fixed_unclustered,2025-03-31,3,unclustered,4,0,0,0.0,0,0.0,227.3773225756785,343.45066389132785,889.6083675687696,35.84388394366379,122.57397968391123,3645.40233036457,5.897271575143367,24.796592796803402,-849.2071068206448,0,,2.2737367544323206e-13
q3_fixed_unclustered,2025-04-01,4,unclustered,4,0,0,0.0,0,0.0,209.6155660379697,411.76429866902026,1382.7602768128427,45.53047723898587,151.01602528074966,-5732.943804398863,4.91932980743483,18.955228371640068,-678.4546964344381,2,1.0,1.1368683772161603e-13
q3_fixed_unclustered,2025-04-02,4,unclustered,4,0,0,0.0,0,0.0,213.5414209919347,426.0400646283118,1418.2922928102946,24.691652560063645,97.41505367831358,-2029.0065460981268,7.724687699480307,21.68631737880058,-977.1559007104662,1,1.0,2.2737367544323206e-13
q3_fixed_unclustered,2025-04-03,4,unclustered,4,0,0,0.0,0,0.0,200.59070095555228,405.2708623357886,1394.8382975926334,55.35853990724097,151.57995445058458,-7971.6297466426995,8.515958012189797,33.531640313301864,-1226.2979537553308,0,,2.2737367544323206e-13
q3_fixed_unclustered,2025-04-04,4,unclustered,4,0,0,0.0,0,0.0,2033.7974761375954,3414.445829003322,8081.924744786918,139.1589690388931,270.2281336759683,-20038.891541600606,136.27791136215123,269.60951926800146,-19624.019236149776,0,,1.1368683772161603e-13
q3_fixed_unclustered,2025-04-05,4,unclustered,4,0,0,0.0,0,0.0,2016.0779456416928,3389.773124200154,8293.980749608078,137.7231913797996,260.57170950867174,-19830.804492024476,132.50904760582523,256.9478900462477,-19081.302855238835,0,,1.1368683772161603e-13
q3_fixed_unclustered,2025-04-06,4,unclustered,4,0,0,0.0,0,0.0,110.28208670720612,222.3959814604031,765.2854822368745,40.78952981835145,136.76951446097308,-4628.488712462281,7.249654467681754,19.580492839626622,-895.4487230270843,3,1.0,2.2737367544323206e-13
q3_fixed_unclustered,2025-04-07,4,unclustered,4,0,0,0.0,0,0.0,85.12429292696741,119.61560864365569,351.85260957664104,15.436153848208344,54.050288717752146,1799.78165624134,2.7156280053166757,11.723526719638372,-391.05043276560133,0,,1.1368683772161603e-13
q3_fixed_unclustered,2025-04-08,4,unclustered,4,0,0,0.0,0,0.0,132.32432647535433,257.0486866539429,1184.407846099417,48.12563114822634,142.1534100646457,-6219.1338981797735,3.8982819255113648,18.888695863144356,-300.86893703354417,3,1.0,1.1368683772161603e-13
q3_fixed_unclustered,2025-04-09,4,unclustered,4,0,0,0.0,0,0.0,133.59900768484536,213.0687650044989,566.7261868169094,25.148368856407036,94.7456878214835,405.8598955639486,5.293708068573643,35.687266460782396,-627.8032986630748,2,1.0,1.1368683772161603e-13
q3_fixed_unclustered,2025-04-10,4,unclustered,4,0,0,0.0,0,0.0,127.10864963490609,205.6855532082812,705.188420601995,37.110561960628345,93.31752857188724,-3306.037822683067,12.7372719966578,48.41281674732629,-1768.2191975163296,2,1.0,2.2737367544323206e-13
q3_fixed_unclustered,2025-04-11,4,unclustered,4,0,0,0.0,0,0.0,2118.1475582263306,3536.529743111939,9196.653483522512,114.28871629063376,252.57339162173164,-16443.071806302574,117.91893926152004,255.73440497701694,-16980.327253658885,0,,1.1368683772161603e-13
q3_fixed_unclustered,2025-04-12,4,unclustered,4,0,0,0.0,0,0.0,1781.161274409112,2886.0531173683457,6360.906523455879,188.60664810582693,327.02100545519346,-27159.35732723908,133.76948858880917,261.1308532154515,-19262.80635678852,0,,1.1368683772161603e-13
q3_fixed_unclustered,2025-04-13,4,unclustered,4,0,0,0.0,0,0.0,44.74315129671199,66.98567572969361,223.7539318110048,8.761970027276881,26.79799616264722,193.66494637471772,3.1961225851311763,10.712176336390348,-387.76118892300724,3,1.0,1.1368683772161603e-13
q3_fixed_unclustered,2025-04-14,4,unclustered,4,0,0,0.0,0,0.0,244.96803388193857,376.49749755906674,1092.5250139835898,53.835731235108845,133.94444612680542,-5703.0812968706605,2.152709875811498,10.662261907259348,-97.1877769550855,1,1.0,1.1368683772161603e-13
q3_fixed_unclustered,2025-04-15,4,unclustered,4,0,0,0.0,0,0.0,167.3329806413913,298.06523428185653,1152.250894566786,17.59209597619865,50.94796172996167,1453.2989547497239,5.602099861489933,17.462934914072555,-522.0971435800261,4,1.0,1.5276668818842154e-13
q3_fixed_unclustered,2025-04-16,4,unclustered,4,0,0,0.0,0,0.0,104.28171063303644,147.1361275623704,426.02187206251256,17.292858528966285,64.06517335778038,-676.4508030358206,5.277352520950872,17.092973115557175,-743.8548471965039,2,1.0,2.2737367544323206e-13
q3_fixed_unclustered,2025-04-17,4,unclustered,4,0,0,0.0,0,0.0,92.9959350774099,124.80380050795503,364.84956317939395,26.479790970873108,97.97538618590062,2438.658944198266,8.276040575455163,31.331232970298426,-844.1856349537046,3,1.0,2.2737367544323206e-13
q3_fixed_unclustered,2025-04-18,4,unclustered,4,0,0,0.0,0,0.0,1987.2670042615705,3272.8271234948647,7717.882464409633,124.77599735183,266.2430548329767,-17967.74361866352,126.59510406477258,267.0689319774348,-18229.694985327253,0,,1.1368683772161603e-13
q3_fixed_unclustered,2025-04-19,4,unclustered,4,0,0,0.0,0,0.0,1966.9343007050863,3280.955192862627,7488.128298596313,148.7471190139058,280.6925959971057,-21392.331044324746,134.59918514320427,267.3500064121189,-19382.282660621415,0,,5.684341886080802e-14
q3_fixed_unclustered,2025-04-20,4,unclustered,4,0,0,0.0,0,0.0,165.75229892020255,222.85098645676388,538.6641064653779,16.91435477560307,61.30086843573677,1183.436372449494,6.477139936196575,24.688841590963637,-831.3114461814031,2,1.0,1.2789769243681803e-13
q3_fixed_unclustered,2025-04-21,4,unclustered,4,0,0,0.0,0,0.0,305.8186552601681,488.7922264688256,1504.60888066267,33.73801359168191,113.1579608768352,-4523.072917311114,1.8678946642925756,9.8492991092351,-42.913775904201316,2,1.0,2.2737367544323206e-13
q3_fixed_unclustered,2025-04-22,4,unclustered,4,0,0,0.0,0,0.0,166.2593288339465,263.1171366930546,768.1433254407366,23.2731971285402,82.84079222758521,3189.612585302357,1.2174320791571986,6.742712412797005,-129.1740788759788,2,1.0,1.1368683772161603e-13
q3_fixed_unclustered,2025-04-23,4,unclustered,4,0,0,0.0,0,0.0,175.87997146007908,294.83258149624567,977.9074795012662,34.23895845099585,108.4923124210396,4479.511914726596,2.7410273350310193,9.708191400101521,-394.7079362444668,0,,2.2737367544323206e-13
q3_fixed_unclustered,2025-04-24,4,unclustered,4,0,0,0.0,0,0.0,217.89662855578058,386.69550775172183,1557.6037343812059,6.992508210080491,24.11731237637499,-266.2438450485332,11.163761824452912,30.126962438299298,-1372.369814024854,3,1.0,1.1368683772161603e-13
q3_fixed_unclustered,2025-04-25,4,unclustered,4,0,0,0.0,0,0.0,2095.667562759385,3485.1448840157855,8808.57909011414,125.77102100017545,267.09998960003657,-18111.026851644503,117.47081701793104,257.0060312992605,-16915.79765058207,0,,1.1368683772161603e-13
q3_fixed_unclustered,2025-04-26,4,unclustered,4,0,0,0.0,0,0.0,2082.3574125156924,3400.6441566287,8014.323326959453,115.73473354024378,252.58449443972927,-16665.801629795104,119.80536635931632,256.8955664975317,-17251.97275574155,0,,1.1368683772161603e-13
q3_fixed_unclustered,2025-04-27,4,unclustered,4,0,0,0.0,0,0.0,232.3226121050182,391.41800232272976,1648.1976935081839,21.36775061928892,68.60206002018455,2457.232007961134,4.036147923811549,19.58264391919507,-235.57788292059652,4,1.0,1.1368683772161603e-13
q3_fixed_unclustered,2025-04-28,4,unclustered,4,0,0,0.0,0,0.0,112.97085004915795,175.35741711475828,517.9468959269034,38.24766307023643,132.08470612749437,-727.347629460588,8.726612425327907,24.698946748137086,-1165.029189634792,2,1.0,2.2737367544323206e-13
q3_fixed_unclustered,2025-04-29,4,unclustered,4,0,0,0.0,0,0.0,227.38262266210683,430.33266861153123,1266.0798250813477,9.726085197153223,27.555754023262963,649.0910641269728,4.311067518509222,19.63168763884985,-341.92119173628214,1,1.0,1.1368683772161603e-13
q3_fixed_unclustered,2025-04-30,4,unclustered,4,0,0,0.0,0,0.0,138.5153667791681,242.83086852962052,1104.9934154866369,19.02388150799059,65.90320512137662,2333.39106278765,5.039544521558661,21.00261778602406,319.64673054612126,7,1.0,1.1368683772161603e-13
q3_fixed_unclustered,2025-05-01,5,unclustered,4,0,0,0.0,0,0.0,375.29118610936035,615.6344170244613,1854.1538460264346,26.861416286871698,100.51655760196907,2756.3972000183585,15.312643717906035,80.50516374113845,1137.800542564793,9,1.0,1.1368683772161603e-13
q3_fixed_unclustered,2025-05-02,5,unclustered,4,0,0,0.0,0,0.0,1873.7400751171417,2966.0894414451836,7230.555607985778,155.6154716434907,282.76769807608963,-22408.626772154435,134.62806747092472,258.1037984755827,-19386.44171581316,0,,1.1368683772161603e-13
q3_fixed_unclustered,2025-05-03,5,unclustered,4,0,0,0.0,0,0.0,1476.4569202688615,2436.8417484222714,6099.885525329909,129.45781700839512,241.6723262548204,-18641.925649208897,114.97413241543488,223.69010250400194,-16556.275067822622,0,,1.1368683772161603e-13
q3_fixed_unclustered,2025-05-04,5,unclustered,4,0,0,0.0,0,0.0,345.9249412492676,437.1653186656132,1107.637720422832,39.7636361220643,126.88199059047156,-524.5042052419424,10.841277289541669,71.6176737269549,1561.1439296940002,9,1.0,8.526512829121202e-14
q3_fixed_unclustered,2025-05-05,5,unclustered,4,0,0,0.0,0,0.0,224.0105581752992,348.7834281063615,1154.9325417496348,24.464404267658548,94.38393984249232,1050.963169693052,9.189819581308225,66.79270667410404,1323.3340197083844,9,1.0,0.0
q3_fixed_unclustered,2025-05-06,5,unclustered,4,0,0,0.0,0,0.0,225.45941579006,332.96075192765153,962.5511087673249,43.011244023223405,124.3062005319613,5939.644342345029,14.7537240162059,72.94196402982631,1832.9100285438792,17,1.0,2.2737367544323206e-13
q3_fixed_unclustered,2025-05-07,5,unclustered,4,0,0,0.0,0,0.0,195.09447659075622,265.0165927207011,874.5765279586171,40.75679495523208,123.17069223165555,5283.570851724431,13.608602688526945,72.17648297116527,802.6168274447783,11,1.0,2.2737367544323206e-13
q3_fixed_unclustered,2025-05-08,5,unclustered,4,0,0,0.0,0,0.0,153.71816349969882,225.73452269090538,881.680563955998,37.259874480278185,137.16100353267802,-1287.974833335626,10.084940207898915,67.9490788124287,1054.909689692538,10,0.9,2.2737367544323206e-13
q3_fixed_unclustered,2025-05-09,5,unclustered,4,0,0,0.0,0,0.0,1840.6776754121656,3039.0499738402023,7005.3097718710505,159.89319840921064,287.58049227143897,-23024.62057092633,119.71205184532027,240.31707873231315,-17238.53546572612,0,,1.1368683772161603e-13
q3_fixed_unclustered,2025-05-10,5,unclustered,4,0,0,0.0,0,0.0,1668.480908314374,2830.95087949779,7048.5594106643875,144.39499666880332,261.54143456104185,-20792.879520307677,121.90885215096483,233.84475997699698,-17554.874709738935,0,,1.1368683772161603e-13
q3_fixed_unclustered,2025-05-11,5,unclustered,4,0,0,0.0,0,0.0,316.04047771145355,412.25730051647173,1117.8384732423374,25.942317904007297,96.4459245275486,1467.8081061083965,9.865499441981026,72.00812762715931,1280.1659789384112,11,0.8181818181818182,1.1368683772161603e-13
q3_fixed_unclustered,2025-05-12,5,unclustered,4,0,0,0.0,0,0.0,203.1658579517049,268.4420710721088,754.5564915417308,37.43383688533963,126.10249237316549,5306.171379419413,7.532981069879162,58.45262772577024,618.2345020242018,5,1.0,2.2737367544323206e-13
q3_fixed_unclustered,2025-05-13,5,unclustered,4,0,0,0.0,0,0.0,203.71457623600244,362.6774881336133,1175.581949605933,49.22073860640498,163.44337752101808,-3359.0711443750356,9.74883589314124,60.57244216963192,362.5399042041803,8,1.0,2.2737367544323206e-13
q3_fixed_unclustered,2025-05-14,5,unclustered,4,0,0,0.0,0,0.0,178.6613467383214,240.160319200143,774.2273115731068,35.35146806393041,126.97311156681815,-1894.2238636262105,7.407896482671118,49.79589499035858,403.59826569398126,7,1.0,2.2737367544323206e-13
q3_fixed_unclustered,2025-05-15,5,unclustered,4,0,0,0.0,0,0.0,95.96495174256526,120.7873091423035,258.51162737101095,26.58741530898304,75.05237890693543,-840.345653043431,6.257345445504538,22.416962021969812,-148.9525392099166,8,1.0,2.2737367544323206e-13
q3_fixed_unclustered,2025-05-16,5,unclustered,4,0,0,0.0,0,0.0,1951.212373363917,3122.9325828490214,7421.057499821243,118.7552765890829,246.84417982178388,-17100.759828827937,106.46503545076833,233.22343025388054,-15330.96510491064,0,,1.1368683772161603e-13
q3_fixed_unclustered,2025-05-17,5,unclustered,4,0,0,0.0,0,0.0,1437.9896661181665,2317.8061150505555,4899.4150815242365,145.7002543457951,273.3029681161588,-20978.427949099074,119.01329661097333,231.2236094159597,-17137.91471198016,0,,1.1368683772161603e-13
q3_fixed_unclustered,2025-05-18,5,unclustered,4,0,0,0.0,0,0.0,177.4014329873162,273.7844448074671,899.093093319746,39.86608899501913,137.4513996109859,-4415.493909016669,6.873300151655325,34.11563950120089,46.868762250703554,8,0.875,2.2737367544323206e-13
q3_fixed_unclustered,2025-05-19,5,unclustered,4,0,0,0.0,0,0.0,285.90370126584907,622.6005515093279,2442.6300771884635,15.77836561749762,69.12365850216283,-452.2087585611404,7.8435148880441705,38.791409908844585,20.062909832699972,6,0.6666666666666666,2.2737367544323206e-13
q3_fixed_unclustered,2025-05-20,5,unclustered,4,0,0,0.0,0,0.0,115.4542149077595,181.4831664179361,694.6137234410871,21.428273768047536,94.71215740651499,2997.7871449479767,5.905957505076546,53.815229256592026,524.3813841111242,4,1.0,1.1368683772161603e-13
q3_fixed_unclustered,2025-05-21,5,unclustered,4,0,0,0.0,0,0.0,208.66426050181505,341.71576781459845,1030.6024137755367,29.07004424136139,92.63218262823356,4025.6646919848745,5.1494536714691534,24.259284507624265,158.62915543692372,7,1.0,1.1368683772161603e-13
q3_fixed_unclustered,2025-05-22,5,unclustered,4,0,0,0.0,0,0.0,183.2258881119792,287.69600128182606,1038.0700413249588,9.090456008435117,37.27135285923072,-712.0567328788204,6.2688687908987255,34.65572214122549,-359.9443344627352,2,0.5,2.2737367544323206e-13
q3_fixed_unclustered,2025-05-23,5,unclustered,4,0,0,0.0,0,0.0,1522.746111536709,2461.4057518064005,5015.375558202889,137.61250628580297,261.8457784872101,-19816.200905155627,141.4071485617369,270.30043120472453,-20362.629392890114,0,,1.1368683772161603e-13
q3_fixed_unclustered,2025-05-24,5,unclustered,4,0,0,0.0,0,0.0,1990.4167839023003,3257.055231981927,8314.941579567669,118.28316305204807,248.84649403277595,-17032.77547949492,117.75226951582648,248.3066651976828,-16956.326810279013,0,,1.7053025658242404e-13
q3_fixed_unclustered,2025-05-25,5,unclustered,4,0,0,0.0,0,0.0,213.87953042963676,460.4177473923675,1915.0400244627508,22.54601267968873,87.23099432765737,-1328.617273443834,5.406138617273648,21.737425417237304,13.240868055151935,6,1.0,1.1368683772161603e-13
q3_fixed_unclustered,2025-05-26,5,unclustered,4,0,0,0.0,0,0.0,140.29006232802013,254.6724346807391,896.0729983221827,38.93748965254253,136.4556850848254,3955.063345768015,9.205166815221828,24.798719020708287,-1046.4525019822884,2,1.0,1.5276668818842154e-13
q3_fixed_unclustered,2025-05-27,5,unclustered,4,0,0,0.0,0,0.0,146.84375816723986,242.21394348507064,722.2126580192316,25.68703972355824,83.00175620722942,2019.657017808567,12.160268182385611,30.90296702377751,-1053.8283683940895,4,1.0,1.1368683772161603e-13
q3_fixed_unclustered,2025-05-28,5,unclustered,4,0,0,0.0,0,0.0,169.59887494341072,333.97745109433964,1108.7897290415385,32.22597518617015,129.60632012952783,-3941.289419594349,4.846700325998921,16.58096231152038,-697.9248469438447,0,,2.2737367544323206e-13
q3_fixed_unclustered,2025-05-29,5,unclustered,4,0,0,0.0,0,0.0,224.39294517807835,384.8812192143091,1218.4302750260185,33.03607748682382,120.63723669659225,-596.0490997850111,8.987842251260641,34.24088246113166,-948.5935600114516,2,0.5,1.1368683772161603e-13
q3_fixed_unclustered,2025-05-30,5,unclustered,4,0,0,0.0,0,0.0,1689.5644079911945,2773.4866809821074,5631.669699838143,166.72981008817138,298.81635185444145,-24009.09265269668,139.55228849985357,268.2958323165743,-20095.529543978915,0,,1.1368683772161603e-13
q3_fixed_unclustered,2025-05-31,5,unclustered,4,0,0,0.0,0,0.0,1562.924571701386,2554.5460468027727,5595.02716509036,184.30965912171487,324.2562353584749,-26540.590913526943,138.04589611654723,257.64534401585854,-19878.6090407828,0,,1.7053025658242404e-13
q3_fixed_unclustered,2025-06-01,6,unclustered,4,0,0,0.0,0,0.0,765.2523152046163,1071.840489046017,3016.6628619264857,98.85063232875504,209.24227549002427,-677.6956244541277,18.60556951839087,83.53241278115188,1634.0430270641807,14,0.6428571428571429,2.2737367544323206e-13
q3_fixed_unclustered,2025-06-02,6,unclustered,4,0,0,0.0,0,0.0,662.1050298990923,904.5683812176364,2510.6769946894947,97.3257617052656,219.45144948776868,-5267.266528769974,14.190012032342665,76.62180714995048,1999.2171496305666,17,0.7058823529411765,0.0
q3_fixed_unclustered,2025-06-03,6,unclustered,4,0,0,0.0,0,0.0,715.2827166107796,907.4765641700664,2146.110769730698,65.78353979314515,192.51400343115304,274.3114901997868,16.630402100259918,78.46860156933876,1075.316052137382,14,0.6428571428571429,2.2737367544323206e-13
q3_fixed_unclustered,2025-06-04,6,unclustered,4,0,0,0.0,0,0.0,487.39840250043864,752.6911789812807,2097.8068131443088,94.05899456629562,205.01842690201465,-9254.061168158969,10.486647909011856,59.071250643484234,1395.5840252726177,15,0.5333333333333333,0.0
q3_fixed_unclustered,2025-06-05,6,unclustered,4,0,0,0.0,0,0.0,631.7738849302407,839.146780503157,1923.811431827402,51.01604376214673,138.14841825387623,2775.426855253273,11.53443075993911,69.34260920675459,1303.0577396081612,15,0.5333333333333333,2.2737367544323206e-13
q3_fixed_unclustered,2025-06-06,6,unclustered,4,0,0,0.0,0,0.0,1902.85798116585,3063.897703532776,8077.2027168013765,211.92003670267113,373.6684944940436,-30516.48528518464,151.65413460970137,292.81782309989933,-21838.195383797,0,,1.1368683772161603e-13
q3_fixed_unclustered,2025-06-07,6,unclustered,4,0,0,0.0,0,0.0,1811.3423682225928,3169.4346559168307,9008.393688056907,248.84469747017516,415.3021347582163,-35833.63643570522,160.49450402751802,297.6999680771837,-23111.208579962593,0,,1.1368683772161603e-13
q3_fixed_unclustered,2025-06-08,6,unclustered,4,0,0,0.0,0,0.0,519.6389758356675,683.7816757405122,1810.9300541156954,67.40366231610217,193.89510191898955,-969.4683824468175,10.756026239220565,46.65854797835068,1041.65197303909,14,0.5714285714285714,2.2737367544323206e-13
q3_fixed_unclustered,2025-06-09,6,unclustered,4,0,0,0.0,0,0.0,347.3055657979183,516.8168150817594,1343.9520844634135,56.146684127260386,114.9738900633073,-3967.956958097134,9.369029145037127,37.458881028403006,970.1307049056222,18,0.5555555555555556,2.2737367544323206e-13
q3_fixed_unclustered,2025-06-10,6,unclustered,4,0,0,0.0,0,0.0,286.3151393517787,435.4209023477494,1146.9294419574217,29.993958638177073,78.72226053854065,2074.172167467518,8.826384903199276,30.728779678028925,538.0124971518752,18,0.5555555555555556,1.1368683772161603e-13
q3_fixed_unclustered,2025-06-11,6,unclustered,4,0,0,0.0,0,0.0,300.39949718294065,433.3107237921103,965.5938376362465,37.42986721622817,102.45530707354406,780.3184649735322,4.803739508109185,20.60594200731044,573.0097265968153,12,0.5,1.1368683772161603e-13
q3_fixed_unclustered,2025-06-12,6,unclustered,4,0,0,0.0,0,0.0,307.2437783842303,439.8110994067041,1188.4007485412549,33.9652411282578,94.65457947286225,-1816.3703459680132,8.255394713368247,26.25038925419082,-270.4194701059158,14,0.5714285714285714,2.2737367544323206e-13
q3_fixed_unclustered,2025-06-13,6,unclustered,4,0,0,0.0,0,0.0,2024.2790929496273,3448.340597729304,9444.80896428932,217.11377926105448,362.5055854213405,-31263.694130258515,177.21277957131164,315.11370786240605,-25518.640258268875,0,,2.2737367544323206e-13
q3_fixed_unclustered,2025-06-14,6,unclustered,4,0,0,0.0,0,0.0,1721.7681936592442,2905.518660005266,6900.638405121275,226.70856830283353,395.92905989997587,-32646.03383560803,150.4200504798622,277.6191166048416,-21660.48726910016,0,,2.2737367544323206e-13
q3_fixed_unclustered,2025-06-15,6,unclustered,4,0,0,0.0,0,0.0,129.25810688060332,166.03811372783898,469.9136458516077,22.241238014288133,86.12699578611236,2491.2103260876747,3.58116851979917,13.306892756571957,-188.63518559528052,5,0.4,2.2737367544323206e-13
q3_fixed_unclustered,2025-06-16,6,unclustered,4,0,0,0.0,0,0.0,304.71027498182326,452.0517385875165,1355.3853500783953,31.249393520643633,92.79550000486883,483.87220347488517,4.330004953212392,13.402544447796398,-31.89298850127315,9,0.4444444444444444,0.0
q3_fixed_unclustered,2025-06-17,6,unclustered,4,0,0,0.0,0,0.0,145.24771256564026,184.91789861261535,394.9945475607292,19.245528197426722,51.24379695153994,41.49834831640925,4.660948035172785,15.363122625913974,-149.7042655296217,9,0.4444444444444444,2.2737367544323206e-13
q3_fixed_unclustered,2025-06-18,6,unclustered,4,0,0,0.0,0,0.0,170.5749994533998,263.0228877209524,858.8360455319203,43.506364585469754,138.42932043970987,-5068.394080524138,11.38784562359593,39.26171317557682,-1581.8767830889478,3,0.0,2.2737367544323206e-13
q3_fixed_unclustered,2025-06-19,6,unclustered,4,0,0,0.0,0,0.0,211.79520784557278,341.55576475996276,1175.6036589430878,56.86563383991951,158.44237905545603,-3695.389324916385,16.93326180224058,81.62598115376626,-2165.9066634938004,4,0.0,1.1368683772161603e-13
q3_fixed_unclustered,2025-06-20,6,unclustered,4,0,0,0.0,0,0.0,1790.3881478769135,2985.266654756183,6902.8743991254905,230.9041564666362,380.30741915660275,-33250.198531195616,176.5064126589094,305.53284493430925,-25416.923422882952,0,,2.2737367544323206e-13
q3_fixed_unclustered,2025-06-21,6,unclustered,4,0,0,0.0,0,0.0,1866.5173583644498,3108.8031653475814,7465.177043647167,195.03754139029468,325.0617197302217,-28085.3903768691,170.0111944243171,302.4243741578112,-24481.611997101663,0,,1.1368683772161603e-13
q3_fixed_unclustered,2025-06-22,6,unclustered,4,0,0,0.0,0,0.0,318.0038227271097,411.2985459503861,1013.2724421147541,50.652806376452325,167.42333254082672,-2111.841064988168,7.679491276638607,42.720468989509996,-1036.5635154911602,3,0.0,2.2737367544323206e-13
q3_fixed_unclustered,2025-06-23,6,unclustered,4,0,0,0.0,0,0.0,271.91538049507244,402.7042008430278,1214.2759365677184,34.75531464977681,105.64992574418093,-3942.588251441368,9.637224165171842,40.253870756704416,-1335.8533600605451,2,0.0,1.1368683772161603e-13
q3_fixed_unclustered,2025-06-24,6,unclustered,4,0,0,0.0,0,0.0,152.93711259680197,205.5844938140755,458.478911182679,44.153751734255906,106.89921709117353,-6319.633571398198,10.981285079510934,33.945329650287285,-1542.7985246244905,2,0.0,2.2737367544323206e-13
q3_fixed_unclustered,2025-06-25,6,unclustered,4,0,0,0.0,0,0.0,176.82858062786966,306.1518654597545,841.7048103336128,44.995668676407746,134.94813530997382,-3828.6083307153085,20.819560834592465,62.76604787674635,-2981.7368842777414,1,0.0,2.2737367544323206e-13
q3_fixed_unclustered,2025-06-26,6,unclustered,4,0,0,0.0,0,0.0,151.95947978019709,263.1824675086629,1134.5033848927524,32.80031105708,96.32006716601215,-3697.0691064719977,18.69251995450697,61.13585950467309,-2552.4114489607473,4,0.0,2.2737367544323206e-13
q3_fixed_unclustered,2025-06-27,6,unclustered,4,0,0,0.0,0,0.0,1826.722645027982,3055.4592210528135,7252.801344940766,234.43052387424567,372.3837767214378,-33757.66562678027,168.25176447367863,295.6814515382042,-24228.254084209722,0,,1.1368683772161603e-13
q3_fixed_unclustered,2025-06-28,6,unclustered,4,0,0,0.0,0,0.0,2095.0489142473384,3558.3316927745987,9178.158571994456,221.8250266238951,357.79097380930426,-31942.803833840895,197.1602368001625,334.67357773317974,-28391.0740992234,0,,1.1368683772161603e-13
q3_fixed_unclustered,2025-06-29,6,unclustered,4,0,0,0.0,0,0.0,201.76551807804339,313.9487680321545,714.0099989268697,47.14118101423802,135.27439983943395,-233.58095435561881,18.55500239878798,94.03479217206096,-2671.9203454254693,0,,2.2737367544323206e-13
q3_fixed_unclustered,2025-06-30,6,unclustered,4,0,0,0.0,0,0.0,192.4924942925527,327.5802093640617,772.614073726746,43.18832895346974,110.27071586324061,-6155.606824954792,22.02093840097827,68.61864318299345,-3125.0333053013674,2,0.0,1.1368683772161603e-13
q3_fixed_unclustered,2025-07-01,7,unclustered,4,0,0,0.0,0,0.0,1092.8987509027518,1564.7444857069015,3933.8771804746975,79.90492339577041,202.62699214692074,11190.215354187596,16.118740178035637,71.26959004635003,2321.0985856371317,19,0.7368421052631579,0.0
q3_fixed_unclustered,2025-07-02,7,unclustered,4,0,0,0.0,0,0.0,960.302212170589,1348.0073592946749,3421.615724076666,55.021003066243246,162.48231188020836,7923.024365257704,19.212256516703988,72.19008311213268,2766.564938405374,23,0.7391304347826086,1.1368683772161603e-13
q3_fixed_unclustered,2025-07-03,7,unclustered,4,0,0,0.0,0,0.0,886.7550293732796,1326.5521284878712,3308.228345226512,61.44447142067967,173.8497523290361,5861.62442653614,12.38079340461228,71.01726203682092,1507.7091950254082,16,0.625,1.1368683772161603e-13
q3_fixed_unclustered,2025-07-04,7,unclustered,4,0,0,0.0,0,0.0,1658.7794304960328,2668.7180377135765,7183.011500650752,108.70874760729902,224.50368514707725,-15654.019266562173,105.68109327024453,225.29263583217852,-15218.077430915213,0,,1.1368683772161603e-13
q3_fixed_unclustered,2025-07-05,7,unclustered,4,0,0,0.0,0,0.0,1486.6334588626328,2504.406443959909,6611.363612667992,97.71936745387406,203.13982670864888,-14071.548524468973,97.49358877164461,203.6775634049999,-14039.076783116823,0,,1.1368683772161603e-13
q3_fixed_unclustered,2025-07-06,7,unclustered,4,0,0,0.0,0,0.0,768.7428149796901,1043.7806209444188,2775.1681393147082,82.88242767397975,193.3635981178976,11711.107405506373,16.04741463680332,57.89290055661357,2072.067107751284,23,0.6956521739130435,0.0
q3_fixed_unclustered,2025-07-07,7,unclustered,4,0,0,0.0,0,0.0,803.6788500171255,1069.784959554907,2913.5635426316976,33.25916604269336,97.55220053471095,3435.035560227297,13.90794042534463,48.99968812298533,2002.7434212496269,21,0.6666666666666666,0.0
q3_fixed_unclustered,2025-07-08,7,unclustered,4,0,0,0.0,0,0.0,599.6653516040011,835.8078952460255,2316.980550775248,57.43754481951404,143.46785129855192,711.1081712883743,13.309240098736321,45.84721849181236,1796.443538782275,25,0.72,0.0
q3_fixed_unclustered,2025-07-09,7,unclustered,4,0,0,0.0,0,0.0,557.9025925864258,785.0836545334346,1941.7790957150482,60.15046658452918,166.46071124707268,-2070.691962143541,10.652908598000984,36.949112354145406,910.9138121362445,18,0.6666666666666666,2.2737367544323206e-13
q3_fixed_unclustered,2025-07-10,7,unclustered,4,0,0,0.0,0,0.0,520.3490335120091,728.2869107418314,1806.7427127014562,35.12879430729339,108.92129562775197,3229.4272918053002,7.411376541420406,26.68929970308002,525.6421461062321,18,0.6666666666666666,1.1368683772161603e-13
q3_fixed_unclustered,2025-07-11,7,unclustered,4,0,0,0.0,0,0.0,1807.5744031957652,3001.000698927319,7774.945412644941,200.08432620183913,343.6984020464122,-28811.939750842612,147.57806796200384,278.71564184171365,-21251.241786528553,0,,1.1368683772161603e-13
q3_fixed_unclustered,2025-07-12,7,unclustered,4,0,0,0.0,0,0.0,1768.9814496046072,3021.0845321455663,7607.7700333090925,124.37785002876818,240.81106690790025,-17910.20661035532,150.51936333599008,283.17261610322095,-21674.788320382573,0,,1.1368683772161603e-13
q3_fixed_unclustered,2025-07-13,7,unclustered,4,0,0,0.0,0,0.0,378.25559768735684,533.8397376667406,1399.3617735945572,65.9229412948599,168.6393086892752,-6408.588103862409,4.740309582819631,19.793072969305808,118.28177740924627,10,0.4,1.1368683772161603e-13
q3_fixed_unclustered,2025-07-14,7,unclustered,4,0,0,0.0,0,0.0,354.1982176241169,540.2177429924874,1608.9757043115987,46.68940553823765,141.8311448487002,-111.91871772615877,3.2270546780681437,10.80485406838447,189.31805794549143,12,0.5833333333333334,1.1368683772161603e-13
q3_fixed_unclustered,2025-07-15,7,unclustered,4,0,0,0.0,0,0.0,495.056463028836,663.9988159245672,1514.0851930383324,46.08954929543653,165.09104005287534,-3712.8138121579286,3.684180422500692,17.593227879113766,-473.1316305172055,3,0.0,1.1368683772161603e-13
q3_fixed_unclustered,2025-07-16,7,unclustered,4,0,0,0.0,0,0.0,262.1498811559405,341.4916708447054,884.5091116724288,26.013797451691907,98.39481668942591,-1817.4829255488453,6.478451397232527,38.12657331554977,-845.8632255964988,2,0.0,1.1368683772161603e-13
q3_fixed_unclustered,2025-07-17,7,unclustered,4,0,0,0.0,0,0.0,217.83228519955412,303.87889549861245,704.6364157483288,23.0835787452251,82.10019109312641,292.4670279775309,7.697440775230583,53.961806855623045,-1100.5126350089793,1,0.0,1.1368683772161603e-13
q3_fixed_unclustered,2025-07-18,7,unclustered,4,0,0,0.0,0,0.0,1966.5398572853273,3370.7312397113815,8569.379350035044,245.04286681524303,420.6090508647207,-35286.17249332672,181.02582881173453,317.4557048201958,-26067.719348889772,0,,1.1368683772161603e-13
q3_fixed_unclustered,2025-07-19,7,unclustered,4,0,0,0.0,0,0.0,1729.409830596807,2853.7561341500727,5917.793092482935,219.14811392561012,381.77937777937194,-31557.32816436526,148.82934243840342,274.28782197474237,-21431.425311130093,0,,1.1368683772161603e-13
q3_fixed_unclustered,2025-07-20,7,unclustered,4,0,0,0.0,0,0.0,178.72945745231365,271.07908924328405,654.5980479430327,50.694153640277705,149.5755441147471,-6848.194194571432,19.38604218908137,72.00267854280487,-2780.967493596287,1,0.0,2.2737367544323206e-13
q3_fixed_unclustered,2025-07-21,7,unclustered,4,0,0,0.0,0,0.0,194.31279534518617,316.98438269536103,769.6319776848422,46.94705207008215,131.79433211392413,-5744.13962399506,25.476846971555872,86.73016092958842,-3657.4823765546244,1,0.0,2.2737367544323206e-13
q3_fixed_unclustered,2025-07-22,7,unclustered,4,0,0,0.0,0,0.0,222.2647109978219,344.59033126906206,828.2828875140913,36.31522289004337,124.3145878666773,-2374.269812451062,28.855489095684536,98.92923778416328,-4137.499941353526,2,0.0,2.2737367544323206e-13
q3_fixed_unclustered,2025-07-23,7,unclustered,4,0,0,0.0,0,0.0,273.56902752913004,471.0835190463578,1518.9807490457342,89.7304411126368,199.7043682128107,-12891.996278902925,21.84954581034947,77.75159225967106,-3142.4266680378933,1,0.0,2.2737367544323206e-13
q3_fixed_unclustered,2025-07-24,7,unclustered,4,0,0,0.0,0,0.0,244.62414255080972,437.6079573263589,1168.8505714486218,94.81329173391923,226.62093047459726,-13639.194581272523,31.43159477308565,112.11567869039028,-4526.149647324333,0,,1.1368683772161603e-13
q3_fixed_unclustered,2025-07-25,7,unclustered,4,0,0,0.0,0,0.0,1860.7469195546591,3059.578202066208,6829.253207762559,194.6002853869726,336.71287466341175,-28022.44109572405,183.3006421384888,321.6381509954378,-26395.292467942385,0,,1.1368683772161603e-13
q3_fixed_unclustered,2025-07-26,7,unclustered,4,0,0,0.0,0,0.0,1898.2590992466892,3153.354560991525,7438.413896304801,234.3546220581229,383.6113172613115,-33747.0655763697,188.4146399800499,328.7650458357316,-27131.70815712719,0,,1.1368683772161603e-13
q3_fixed_unclustered,2025-07-27,7,unclustered,4,0,0,0.0,0,0.0,245.9094777237644,449.9410765391427,1216.5008520254469,50.48927219349974,127.81774136729271,-4861.208620558255,26.487840147960256,91.57979373721993,-3814.2489813062766,0,,2.2737367544323206e-13
q3_fixed_unclustered,2025-07-28,7,unclustered,4,0,0,0.0,0,0.0,250.88358809774317,447.07298343016436,1154.4036843615904,38.90890735397798,113.1537161087239,-4780.362854504242,33.49260436729604,105.96137189484188,-4772.885740251468,1,1.0,2.2737367544323206e-13
q3_fixed_unclustered,2025-07-29,7,unclustered,4,0,0,0.0,0,0.0,409.53649514097987,670.25741496116,1791.017070399359,55.850486951715766,126.5616988739007,-3708.5414071575856,45.67787189018779,111.05929426502439,-6577.613552187042,0,,2.2737367544323206e-13
q3_fixed_unclustered,2025-07-30,7,unclustered,4,0,0,0.0,0,0.0,390.89011511267057,645.9883262948924,1515.6366290428327,61.96947450851558,171.43030902074642,1062.184851059065,42.376217898966516,137.04564468729552,-6102.175377451178,0,,2.2737367544323206e-13
q3_fixed_unclustered,2025-07-31,7,unclustered,4,0,0,0.0,0,0.0,361.9390335775493,574.0077183173702,1373.1026579929403,44.08608402813166,123.58808710367434,-4197.455380681227,42.85634372259908,123.07434166540585,-6171.3134960542675,0,,2.8421709430404007e-13
q3_fixed_unclustered,2025-08-01,8,unclustered,4,0,0,0.0,0,0.0,1907.1776837929638,3128.774009094288,6333.678596450763,216.27419619407132,375.3516806998252,-31143.48425194627,169.49503372520712,312.3468655568964,-24407.284856429826,0,,2.2737367544323206e-13
q3_fixed_unclustered,2025-08-02,8,unclustered,4,0,0,0.0,0,0.0,1783.416150851236,2936.9741823872346,6600.302801405999,273.5877902918827,441.9042569838205,-39396.438251405954,176.78599805428632,314.8538982852153,-25457.183719817232,0,,1.1368683772161603e-13
q3_fixed_unclustered,2025-08-03,8,unclustered,4,0,0,0.0,0,0.0,227.15606629372326,430.16529476146906,1417.1087413983005,31.71569579343331,88.12423364931126,-4561.735295774181,26.619676844352117,84.16030594434494,-3828.111789328713,1,0.0,1.1368683772161603e-13
q3_fixed_unclustered,2025-08-04,8,unclustered,4,0,0,0.0,0,0.0,449.48060832226065,714.8656480670809,1654.6603370482626,69.2167991181473,159.91549371551397,-8259.536840882602,30.937541983937383,108.5108999795861,-4455.006045686983,0,,2.2737367544323206e-13
q3_fixed_unclustered,2025-08-05,8,unclustered,4,0,0,0.0,0,0.0,455.0830189487351,715.4837667223229,1547.2985024575692,70.392715448268,160.99469010232295,-6838.51296326226,41.14378324476153,117.02684961169058,-5924.704787245661,0,,2.2737367544323206e-13
q3_fixed_unclustered,2025-08-06,8,unclustered,4,0,0,0.0,0,0.0,481.935416605228,760.4857003229005,1773.5952507402253,90.62352199139872,222.42624281724363,-13049.53313898364,49.37291326913298,133.94098252487763,-7109.699510755149,0,,2.5579538487363607e-13
q3_fixed_unclustered,2025-08-07,8,unclustered,4,0,0,0.0,0,0.0,464.2448383010635,742.4144499566089,1677.9177666812047,130.38929221286216,295.48047439575254,-18775.803860348755,47.90806408633699,134.41104842055526,-6898.761228432527,0,,2.2737367544323206e-13
q3_fixed_unclustered,2025-08-08,8,unclustered,4,0,0,0.0,0,0.0,2096.5409236108258,3487.014004488954,7857.808794074435,178.0571095339645,326.14185381554535,-25640.223772890888,174.2474869050945,321.1234117620024,-25091.638114333608,0,,1.1368683772161603e-13
q3_fixed_unclustered,2025-08-09,8,unclustered,4,0,0,0.0,0,0.0,1775.3128816208264,2914.0845641403935,6325.226648378924,207.66610656797675,347.44816878882176,-29903.840734677542,180.1010840548387,319.32433161143274,-25934.556103896775,0,,1.1368683772161603e-13
q3_fixed_unclustered,2025-08-10,8,unclustered,4,0,0,0.0,0,0.0,318.1031201786498,544.8708709795662,1420.8630024189697,79.26843075864878,193.40535561135349,-11414.534552614976,41.54597835668463,112.53191848332263,-5982.620883362586,0,,2.2737367544323206e-13
q3_fixed_unclustered,2025-08-11,8,unclustered,4,0,0,0.0,0,0.0,476.1426750160409,769.9702848113644,2264.1940836130543,62.54893715097122,157.34253175757794,-8708.363548096211,44.570388621296225,115.7012534661955,-6418.135961466656,0,,2.2737367544323206e-13
q3_fixed_unclustered,2025-08-12,8,unclustered,4,0,0,0.0,0,0.0,434.2492268043123,699.7873534670429,1614.1005351832782,94.93241723038193,214.01138685395523,-13670.189237897273,49.68350684987756,131.66677999017756,-7154.424986382369,0,,2.2737367544323206e-13
q3_fixed_unclustered,2025-08-13,8,unclustered,4,0,0,0.0,0,0.0,478.14567586313694,762.2672825608641,1814.7667707263427,61.73181042936348,151.55917161049067,-7851.789369580436,51.654807162895786,133.59986886885733,-7438.292231456993,0,,2.2737367544323206e-13
q3_fixed_unclustered,2025-08-14,8,unclustered,4,0,0,0.0,0,0.0,529.9599883403343,855.5100545291244,2102.9805488302627,89.61917703127645,188.6054010427114,-9434.320510129377,56.906045459717056,135.32047484901008,-8194.470546199256,0,,2.2737367544323206e-13
q3_fixed_unclustered,2025-08-15,8,unclustered,4,0,0,0.0,0,0.0,1996.0311044937473,3311.0262874474324,7602.087454660124,276.1006013989664,441.39919491552774,-39758.48627520222,182.17267719872348,322.11589395501994,-26232.86551661618,0,,1.1368683772161603e-13
q3_fixed_unclustered,2025-08-16,8,unclustered,4,0,0,0.0,0,0.0,1821.8219578060068,2971.1329644263988,6164.381310290362,254.1019200720471,426.75590742970627,-36590.67649037478,183.69607901273102,326.20323845831814,-26452.235377833265,0,,1.1368683772161603e-13
q3_fixed_unclustered,2025-08-17,8,unclustered,4,0,0,0.0,0,0.0,516.7901586191261,805.7965216096007,2119.847630324577,96.25291417478212,212.4104565996655,-13860.419641168626,51.097738384596944,120.65012537331322,-7358.07432738196,0,,2.2737367544323206e-13
q3_fixed_unclustered,2025-08-18,8,unclustered,4,0,0,0.0,0,0.0,533.5136154206155,849.0264206178134,2165.563442114014,77.49592076701036,168.11346700378573,-11159.412391260634,52.47327026294935,128.90080248004404,-7556.150917864707,0,,2.2737367544323206e-13
q3_fixed_unclustered,2025-08-19,8,unclustered,4,0,0,0.0,0,0.0,457.5565699066893,724.2028805449049,2095.179495531327,74.78443291465149,166.3320631920887,-10768.95814066568,52.089266787846675,132.28533683666612,-7500.854417449921,0,,1.2789769243681803e-13
q3_fixed_unclustered,2025-08-20,8,unclustered,4,0,0,0.0,0,0.0,588.9349079677609,950.9980056179973,2139.4027782294743,114.98378385476362,248.3333265595592,-14924.63887749348,54.82596820293999,130.80368003501317,-7894.939421223358,0,,2.2737367544323206e-13
q3_fixed_unclustered,2025-08-21,8,unclustered,4,0,0,0.0,0,0.0,649.5698617712054,1048.5212110267182,2650.3268999208904,112.64730994534573,242.90878593418174,-16221.212632129784,58.13519156220255,155.76389317799848,-8371.467584957167,0,,2.2737367544323206e-13
q3_fixed_unclustered,2025-08-22,8,unclustered,4,0,0,0.0,0,0.0,1859.6172497171804,3037.863255889967,6470.445376467418,228.9243150732515,392.5075662590176,-32965.10137054822,188.41876974927638,339.76181916958774,-27132.3028438958,0,,2.2737367544323206e-13
q3_fixed_unclustered,2025-08-23,8,unclustered,4,0,0,0.0,0,0.0,2020.9788776655682,3347.9996800424938,7576.875083044206,217.3822694993017,345.2447509420267,-31303.046807899445,187.3139370851892,326.2525380082195,-26973.206940267242,0,,2.2737367544323206e-13
q3_fixed_unclustered,2025-08-24,8,unclustered,4,0,0,0.0,0,0.0,502.5178286759817,800.9011481283811,1892.5296665032638,81.72434521259021,186.51038897411567,-11768.305710612989,58.56901804855266,152.09113995830646,-8433.938598991583,0,,2.2737367544323206e-13
q3_fixed_unclustered,2025-08-25,8,unclustered,4,0,0,0.0,0,0.0,432.31570675555656,720.0478864250119,1902.5461317773302,193.3468842471774,352.67607723624565,-27841.951331593547,69.28833883042613,159.89772535393953,-9977.520791581363,0,,2.2737367544323206e-13
q3_fixed_unclustered,2025-08-26,8,unclustered,4,0,0,0.0,0,0.0,492.0547146930645,788.119208286802,1946.5609718806372,95.17383523692588,188.86299780376208,-11497.877820985243,70.27553322840909,159.29456603052364,-10119.67678489091,0,,2.2737367544323206e-13
q3_fixed_unclustered,2025-08-27,8,unclustered,4,0,0,0.0,0,0.0,661.4780153565183,1052.631777220049,2653.505695181664,74.09877183122846,161.7589657843105,-8801.883815366979,73.2320003874056,168.28324401390645,-10545.408055786407,0,,2.2737367544323206e-13
q3_fixed_unclustered,2025-08-28,8,unclustered,4,0,0,0.0,0,0.0,491.6533659070262,796.6126427304899,1967.1653885714086,67.03922935923278,162.1319252837076,-7937.114407075261,74.73845497240166,174.20347761537408,-10762.337516025838,0,,2.7711166694643907e-13
q3_fixed_unclustered,2025-08-29,8,unclustered,4,0,0,0.0,0,0.0,2204.2634117906196,3720.610922206685,9226.930590526164,297.83966303096634,453.49792398190385,-42888.90468257026,217.05614204218344,358.46718513349333,-31256.084454074415,0,,1.1368683772161603e-13
q3_fixed_unclustered,2025-08-30,8,unclustered,4,0,0,0.0,0,0.0,1977.8021315011986,3234.3370184383325,7005.171743306537,253.2641136831748,429.1971437788697,-36470.03220898828,198.85274942693343,344.93430182025327,-28634.795917478412,0,,2.2737367544323206e-13
q3_fixed_unclustered,2025-08-31,8,unclustered,4,0,0,0.0,0,0.0,492.8366791185665,833.8623146570271,2223.3865101583706,89.0846580284795,187.54873127936705,-9966.62626187788,62.677425718194954,149.12395479348467,-9025.549303420074,0,,2.2737367544323206e-13
q3_fixed_unclustered,2025-09-01,9,unclustered,4,0,0,0.0,0,0.0,1073.0562608201624,1778.370661554292,4285.596427702672,212.18189772720325,355.16374936923734,-30554.193272717268,133.00337088305116,250.0740336178227,-19152.48540715937,0,,2.2737367544323206e-13
q3_fixed_unclustered,2025-09-02,9,unclustered,4,0,0,0.0,0,0.0,918.7713132774188,1529.1257162444888,4110.781373857065,141.6750797372274,254.71614988498456,-19399.685648827413,136.04633482581818,253.60804189177654,-19590.672214917817,0,,2.2737367544323206e-13
q3_fixed_unclustered,2025-09-03,9,unclustered,4,0,0,0.0,0,0.0,966.5963412840024,1600.0442229015684,4044.319930909981,166.39913951174972,302.12494937911123,-23961.47608969196,126.22531198690064,247.87076751166836,-18176.44492611369,0,,2.2737367544323206e-13
q3_fixed_unclustered,2025-09-04,9,unclustered,4,0,0,0.0,0,0.0,859.1748755149812,1465.3296757189653,4081.9118387269664,166.3983108961139,301.63018832919056,-23961.3567690404,125.36023559424022,243.57062475159879,-18051.87392557059,0,,2.2737367544323206e-13
q3_fixed_unclustered,2025-09-05,9,unclustered,4,0,0,0.0,0,0.0,2179.740300889897,3607.4350326287226,8001.869797606743,252.85540049457137,421.2667587947145,-36411.177326054094,240.7722711885501,405.8737650331023,-34671.207051151214,0,,1.1368683772161603e-13
q3_fixed_unclustered,2025-09-06,9,unclustered,4,0,0,0.0,0,0.0,2469.984482255135,4146.35248205222,9599.999648097413,255.699402981856,414.59620604206395,-36499.765086736195,237.3381799867733,401.12220269437717,-34176.69791809536,0,,1.1368683772161603e-13
q3_fixed_unclustered,2025-09-07,9,unclustered,4,0,0,0.0,0,0.0,798.3888102507301,1351.777788119146,3657.030083815325,144.65278739048824,253.61410920564902,-16620.754510301256,124.18540809946879,227.93461342457712,-17882.698766323505,0,,3.410605131648481e-13
q3_fixed_unclustered,2025-09-08,9,unclustered,4,0,0,0.0,0,0.0,864.4956183395668,1422.3034571939477,3668.2500854138634,153.1032225418599,273.2590534813389,-21634.683692599298,122.59749335712279,238.63097795391994,-17654.03904342568,0,,2.2737367544323206e-13
q3_fixed_unclustered,2025-09-09,9,unclustered,4,0,0,0.0,0,0.0,751.9523670842825,1279.597060748526,3539.1295571397204,106.4415216849495,216.79324255472568,-13987.128408320532,105.00340977651672,224.65807566276817,-15120.491007818408,0,,2.2737367544323206e-13
q3_fixed_unclustered,2025-09-10,9,unclustered,4,0,0,0.0,0,0.0,695.6603962320717,1222.642599302823,3397.637421947301,149.54279259040453,264.4247107088311,-21534.162133018253,121.18528675950509,234.15389484808944,-17450.681293368732,0,,2.2737367544323206e-13
q3_fixed_unclustered,2025-09-11,9,unclustered,4,0,0,0.0,0,0.0,725.9671853318858,1259.7963273801558,3486.368861021515,188.43310727811095,341.51628075352295,-27134.367131317696,106.11763877625181,217.66206159945065,-15280.939983780261,0,,2.2737367544323206e-13
q3_fixed_unclustered,2025-09-12,9,unclustered,4,0,0,0.0,0,0.0,2245.7770915956607,3720.458643935708,8625.805630175326,236.52902040758187,397.5345778355509,-34060.17893869179,236.04997702333367,399.87893138436925,-33991.19669136005,0,,1.1368683772161603e-13
q3_fixed_unclustered,2025-09-13,9,unclustered,4,0,0,0.0,0,0.0,2350.244636128948,3899.0607233104224,9376.892127750663,225.24246550998038,386.18139532064197,-32434.91423456806,225.343255096483,384.9888065018962,-32449.428733893554,0,,1.1368683772161603e-13
q3_fixed_unclustered,2025-09-14,9,unclustered,4,0,0,0.0,0,0.0,763.52716361605,1274.0707354438402,3089.5923428826572,163.34879464322063,292.16465961969794,-23522.22642862377,98.25901911469425,206.43912306476543,-14149.298752515973,0,,2.2737367544323206e-13
q3_fixed_unclustered,2025-09-15,9,unclustered,4,0,0,0.0,0,0.0,475.9104699372623,1003.443663406352,3012.4923633879425,89.47722855785936,192.39788737850975,-12566.026537660508,91.2902341261615,197.03663933868134,-13145.793714167256,0,,2.2737367544323206e-13
q3_fixed_unclustered,2025-09-16,9,unclustered,4,0,0,0.0,0,0.0,709.9595953383425,1164.5487426629543,2828.4549481840077,152.85912458585196,291.447460000153,-22011.713940362682,87.17881197150331,190.7329586345338,-12553.748923896477,0,,2.2737367544323206e-13
q3_fixed_unclustered,2025-09-17,9,unclustered,4,0,0,0.0,0,0.0,625.7792872505903,1081.1304281301313,2922.7712512273683,127.39536788986983,251.16946434954633,-18216.373414998503,89.54474661472949,190.55362213627978,-12879.413690990612,1,0.0,2.2737367544323206e-13
q3_fixed_unclustered,2025-09-18,9,unclustered,4,0,0,0.0,0,0.0,619.4139831844761,1023.2031709992215,2567.885677120652,117.85297380868744,214.690087048869,-10487.8591599615,100.23038107452109,196.6016737668547,-14433.174874731038,0,,2.2737367544323206e-13
q3_fixed_unclustered,2025-09-19,9,unclustered,4,0,0,0.0,0,0.0,2279.9668596725046,3829.540631718898,9226.701591754565,266.60937249204875,415.3391937893916,-38391.74963885502,238.5577516813296,389.1447903241955,-34352.31624211146,0,,1.1368683772161603e-13
q3_fixed_unclustered,2025-09-20,9,unclustered,4,0,0,0.0,0,0.0,2233.012652306546,3758.759813250113,9418.750363925541,245.17715989433782,394.3943822773839,-34497.87828756658,231.48490896333635,380.88515930778414,-33333.82689072043,0,,2.2737367544323206e-13
q3_fixed_unclustered,2025-09-21,9,unclustered,4,0,0,0.0,0,0.0,628.1977506598771,1044.715950107934,2395.0675026569897,108.03527793612201,214.42874997267813,-15557.08002280157,81.61249094559113,169.79437896127004,-11752.198696165124,0,,2.2737367544323206e-13
q3_fixed_unclustered,2025-09-22,9,unclustered,4,0,0,0.0,0,0.0,374.11057319073296,772.9288869973923,2238.158270322403,129.80095092031922,262.30432438730736,-18691.33671767568,72.03315750087205,171.05778500245512,-10372.774680125574,0,,2.2737367544323206e-13
q3_fixed_unclustered,2025-09-23,9,unclustered,4,0,0,0.0,0,0.0,413.3297827162793,742.0216343632876,2043.22700850808,106.77502796003641,208.13135106326126,-15375.603828177058,73.10262314347015,161.32640017749208,-10526.777732659702,0,,2.2737367544323206e-13
q3_fixed_unclustered,2025-09-24,9,unclustered,4,0,0,0.0,0,0.0,427.74474247951343,839.9348272525765,2426.5741881154054,82.27844800582427,180.15685770019695,-5930.574330908649,70.22721491716271,159.83502030579905,-10112.718948071431,0,,2.2737367544323206e-13
q3_fixed_unclustered,2025-09-25,9,unclustered,4,0,0,0.0,0,0.0,648.3606506958905,1087.6594884734911,2561.427329975996,96.66397145514277,197.32666650226795,-13105.845033542559,81.00837293403866,173.96426831832792,-11665.205702501567,0,,2.2737367544323206e-13
q3_fixed_unclustered,2025-09-26,9,unclustered,4,0,0,0.0,0,0.0,2234.8411632107654,3811.446138641148,9599.998680394236,297.34458892567454,449.86539521505483,-42817.620805297134,236.6534378144755,381.9040434835261,-34078.09504528447,0,,2.2737367544323206e-13
q3_fixed_unclustered,2025-09-27,9,unclustered,4,0,0,0.0,0,0.0,2092.0155408328656,3518.4222543244728,8984.769650965576,196.34823503289363,334.592843845023,-28274.145844736682,216.28941904616659,359.1374465948273,-31145.67634264799,0,,1.1368683772161603e-13
q3_fixed_unclustered,2025-09-28,9,unclustered,4,0,0,0.0,0,0.0,435.8707896178083,772.2444651219663,1968.0033785983605,69.50190863094586,156.1763060993538,-8364.401256327283,67.41014645833467,145.32365711591376,-9707.061090000192,0,,1.1368683772161603e-13
q3_fixed_unclustered,2025-09-29,9,unclustered,4,0,0,0.0,0,0.0,375.1873744474531,667.8462047493131,1835.061467261592,96.17972679747758,183.3072935977962,-12876.715348584272,62.54037034788288,133.41574994959052,-8032.648235002579,7,0.8571428571428571,1.1368683772161603e-13
q3_fixed_unclustered,2025-09-30,9,unclustered,4,0,0,0.0,0,0.0,363.6757332022923,667.0270551239189,1787.035799925674,70.78117442855773,155.37763973465582,-7902.2816622739765,64.29508162723901,146.9119100248224,-9258.491754322418,0,,2.2737367544323206e-13
q3_fixed_unclustered,2025-10-01,10,unclustered,4,0,0,0.0,0,0.0,723.5597804660454,1265.8314270076776,3287.487247624422,116.11946903078271,238.7871353554748,-16721.20354043271,82.30693832799875,187.15857377001052,-11852.19911923182,0,,2.2737367544323206e-13
q3_fixed_unclustered,2025-10-02,10,unclustered,4,0,0,0.0,0,0.0,690.1303697735801,1216.6514996125231,3299.641353789849,156.054966307442,296.73449675430913,-22471.915148271648,78.10114963808428,187.80056680125554,-11246.565547884136,0,,2.2737367544323206e-13
q3_fixed_unclustered,2025-10-03,10,unclustered,4,0,0,0.0,0,0.0,2309.853033464849,3926.0560251711827,9214.122210460304,219.55340937837275,365.53256549934804,-31615.690950485674,202.64375106934332,358.01872362289095,-29180.70015398544,0,,1.7053025658242404e-13
q3_fixed_unclustered,2025-10-04,10,unclustered,4,0,0,0.0,0,0.0,2148.604720097711,3650.529229108598,9082.021432202402,293.51685393242644,440.1079366630937,-42266.426966269406,201.23467808360027,346.7219835669688,-28977.79364403844,0,,1.1368683772161603e-13
q3_fixed_unclustered,2025-10-05,10,unclustered,4,0,0,0.0,0,0.0,476.52335153158907,930.8120143274535,2667.9573554710732,122.05573185076986,256.59844518177044,-17576.02538651086,58.33327095739011,155.70718290537314,-8399.991017864177,0,,2.2737367544323206e-13
q3_fixed_unclustered,2025-10-06,10,unclustered,4,0,0,0.0,0,0.0,374.5409816810835,805.6642212519382,2366.7021181900695,67.68368655821119,167.95683945561237,-3606.984196938083,48.44199459942095,142.50553243380355,-6975.6472223166165,0,,2.2737367544323206e-13
q3_fixed_unclustered,2025-10-07,10,unclustered,4,0,0,0.0,0,0.0,429.2004625342906,857.6123627846142,2452.352239000952,57.17761024655643,154.60743179666278,-7061.993632228444,52.49187104470794,147.84694412515768,-7558.829430437943,0,,2.2737367544323206e-13
q3_fixed_unclustered,2025-10-08,10,unclustered,4,0,0,0.0,0,0.0,371.1830569504445,783.0022461053077,2280.344554296774,51.78439610855631,144.3010479160368,-7055.1631277148,49.70951573689155,143.76279079097924,-6850.2034841903715,3,1.0,1.1368683772161603e-13
q3_fixed_unclustered,2025-10-09,10,unclustered,4,0,0,0.0,0,0.0,357.3460926349986,749.0036952426861,2169.409378771129,126.6317562875027,263.4764792059574,-17565.323065600045,47.67544258283998,144.6456013062983,-6195.614097597847,4,1.0,2.2737367544323206e-13
q3_fixed_unclustered,2025-10-10,10,unclustered,4,0,0,0.0,0,0.0,2119.2778725369594,3602.068245410034,9024.47675073934,233.25356725404404,364.47312760689573,-33588.51368458234,175.47387285524917,317.04137289256533,-25268.237691155882,0,,1.1368683772161603e-13
q3_fixed_unclustered,2025-10-11,10,unclustered,4,0,0,0.0,0,0.0,2121.97659210895,3658.9933378581673,9467.098909177554,225.8645098053899,357.0654654395171,-32524.489411976145,177.6210835842828,311.04025991696994,-25577.43603613672,0,,1.1368683772161603e-13
q3_fixed_unclustered,2025-10-12,10,unclustered,4,0,0,0.0,0,0.0,403.9534365419518,668.7803390406317,1792.1354325594916,42.89065007335588,138.16157034675658,-5184.610197813798,22.871198245273117,106.87286393114401,-3251.5926806526622,1,0.0,2.2737367544323206e-13
q3_fixed_unclustered,2025-10-13,10,unclustered,4,0,0,0.0,0,0.0,414.6455244772521,593.6480148824932,1313.0365155654672,75.69688463514662,189.28365980484273,-7851.095075334342,17.05653355862217,93.12177991552296,-2284.9776010783594,2,1.0,1.1368683772161603e-13
q3_fixed_unclustered,2025-10-14,10,unclustered,4,0,0,0.0,0,0.0,264.7461963707625,411.9411787667384,1058.6427081653223,59.142215397241344,156.24060469233632,-6329.395832197863,20.318791494871995,81.17774560463968,-1997.117140706635,4,1.0,2.2737367544323206e-13
q3_fixed_unclustered,2025-10-15,10,unclustered,4,0,0,0.0,0,0.0,237.78622787076964,404.0658803999864,1033.6436609490656,59.988675586569,150.40586464006543,-8121.534187426152,17.89573194531467,80.64990259587813,-2333.365034095431,2,1.0,1.1368683772161603e-13
q3_fixed_unclustered,2025-10-16,10,unclustered,4,0,0,0.0,0,0.0,249.24171877627336,392.6768582433397,973.6094400462566,31.722546799529987,120.98098521864951,-2886.6406577005714,12.620322519516577,85.29465601082484,-1817.326442810387,0,,1.1368683772161603e-13
q3_fixed_unclustered,2025-10-17,10,unclustered,4,0,0,0.0,0,0.0,2053.8517007690198,3519.193828995791,9175.235392173861,140.97598599054774,265.19496825879133,-19372.541002253205,156.9872536405464,282.14066687396854,-22606.164524238684,0,,1.1368683772161603e-13
q3_fixed_unclustered,2025-10-18,10,unclustered,4,0,0,0.0,0,0.0,2037.2701930387038,3490.7517507304538,9409.76372937909,211.90152354217582,355.90515097814745,-30513.818586188063,173.9430424497815,301.02864095122874,-25047.798112768534,0,,1.1368683772161603e-13
q3_fixed_unclustered,2025-10-19,10,unclustered,4,0,0,0.0,0,0.0,274.42427695584666,372.3790578493493,992.0763645703828,24.727017023835725,94.05396482068107,-1279.034674798394,3.1247193994021507,13.641429137567613,85.64185608969603,4,1.0,2.2737367544323206e-13
q3_fixed_unclustered,2025-10-20,10,unclustered,4,0,0,0.0,0,0.0,106.62917120049053,150.11735373555948,389.15964651140666,39.599056274611165,128.48776389758356,-4734.891361466125,5.2967395177171275,22.473122081729915,-272.25036818784304,4,1.0,2.5224267119483557e-13
q3_fixed_unclustered,2025-10-21,10,unclustered,4,0,0,0.0,0,0.0,126.93447250970283,160.16751608395725,405.4372424661178,26.07326027155922,80.28542033619556,-1281.6934804690115,5.061434368715089,17.70726459914079,-232.0413707853769,4,1.0,2.2737367544323206e-13
q3_fixed_unclustered,2025-10-22,10,unclustered,4,0,0,0.0,0,0.0,111.08106681345578,144.3011649599479,303.79229316552664,5.631327850844269,25.172225693612372,376.79657713435375,2.246795361981952,7.174667279070056,-94.57979736010687,5,1.0,2.2737367544323206e-13
q3_fixed_unclustered,2025-10-23,10,unclustered,4,0,0,0.0,0,0.0,148.7528186594021,174.95653121859212,470.7524134092291,104.77121445030336,256.1367363882719,-12896.402330463028,4.4603052411045745,27.26175834858484,-177.95407804710788,2,1.0,1.1368683772161603e-13
q3_fixed_unclustered,2025-10-24,10,unclustered,4,0,0,0.0,0,0.0,2014.2676984652844,3426.1236452560966,9309.686961787545,173.18925233113097,294.3314099979005,-24934.575245245607,149.6499824410667,272.2943537455403,-21549.597471513604,0,,1.1368683772161603e-13
q3_fixed_unclustered,2025-10-25,10,unclustered,4,0,0,0.0,0,0.0,2075.9146692199265,3544.997153112622,9600.0,207.5049734880149,341.42650327244814,-29879.702224515386,150.47536938801238,270.92877904436216,-21668.453191873785,0,,1.1368683772161603e-13
q3_fixed_unclustered,2025-10-26,10,unclustered,4,0,0,0.0,0,0.0,299.0382976001805,392.265014483848,1135.4637655544211,62.93260852653595,180.33377622954768,-3993.2857018420327,3.7510697681755607,19.04437077225342,502.37107815526866,13,1.0,1.1368683772161603e-13
q3_fixed_unclustered,2025-10-27,10,unclustered,4,0,0,0.0,0,0.0,216.49987694417712,274.94256261440916,579.4159945636839,29.273011358678414,94.58874105692912,1948.183657510518,11.617694733414915,47.38755896493545,-857.7605473137297,7,0.8571428571428571,2.2737367544323206e-13
q3_fixed_unclustered,2025-10-28,10,unclustered,4,0,0,0.0,0,0.0,249.2876604107901,339.859582668068,852.6781428803515,32.41566046333249,102.11127470553201,4524.767617410915,4.495277933395173,21.886957462340938,-34.49698962989203,7,1.0,2.2737367544323206e-13
q3_fixed_unclustered,2025-10-29,10,unclustered,4,0,0,0.0,0,0.0,181.06362194388683,238.98102898221435,647.4840177484766,29.477868011123455,104.48827472373799,-798.7316295658682,7.009159248597917,33.89955207822796,37.324473571091914,7,1.0,2.2737367544323206e-13
q3_fixed_unclustered,2025-10-30,10,unclustered,4,0,0,0.0,0,0.0,230.24027656576754,293.3822606622375,873.4185846070704,26.957819037704095,89.73524558353415,3269.494799997283,3.466198314026273,17.76489928668239,125.46652711788454,7,0.8571428571428571,2.2737367544323206e-13
q3_fixed_unclustered,2025-10-31,10,unclustered,4,0,0,0.0,0,0.0,2075.456042201912,3433.276824411115,9434.79811737729,207.95977988959214,359.5830390537247,-29945.1943463425,165.13479298986616,302.4342506504133,-23779.410190540726,0,,1.1368683772161603e-13
q3_fixed_unclustered,2025-11-01,11,unclustered,4,0,0,0.0,0,0.0,2061.6986467103393,3460.627423321338,9186.652462089098,172.92745124854045,303.3396663343096,-24900.53878234728,155.6165854160787,282.9507709021437,-22408.78829991533,0,,2.2737367544323206e-13
q3_fixed_unclustered,2025-11-02,11,unclustered,4,0,0,0.0,0,0.0,308.57563208126084,409.7111492266159,982.4220235754456,36.32442499661678,120.04484263344624,2825.8526129066936,9.538805746574177,56.688283808714374,186.03408883840427,7,1.0,2.2737367544323206e-13
q3_fixed_unclustered,2025-11-03,11,unclustered,4,0,0,0.0,0,0.0,259.73142282126986,347.9364170225379,872.8668667531147,37.82463740013642,103.3676450255653,-1963.863986321311,8.486306502068635,37.0430420374592,826.7533547000544,12,1.0,2.2737367544323206e-13
q3_fixed_unclustered,2025-11-04,11,unclustered,4,0,0,0.0,0,0.0,318.1764238753786,415.18533928360387,999.7834945499235,25.954209316209855,101.32301995354571,1755.1572581460255,7.0338822217155,50.924682888953136,534.9394161063125,7,0.7142857142857143,2.842170943040401e-14
q3_fixed_unclustered,2025-11-05,11,unclustered,4,0,0,0.0,0,0.0,283.7742244143024,358.4088560220445,871.2527603442577,57.977400425289794,145.0214231655429,-4786.1437701909745,8.125553065573182,35.025260766618544,696.1234150872903,11,1.0,2.2737367544323206e-13
q3_fixed_unclustered,2025-11-06,11,unclustered,4,0,0,0.0,0,0.0,204.6628348655445,269.3768194129442,657.1770503811058,25.11556050919465,85.84252088019173,1627.8717938120344,10.489843546276976,38.02090163426563,-174.22924957221431,8,1.0,2.2737367544323206e-13
q3_fixed_unclustered,2025-11-07,11,unclustered,4,0,0,0.0,0,0.0,2107.9716774679323,3477.3251188613453,9599.998738906588,170.91799830733743,300.02323004836376,-24597.25169132853,168.05194278049274,310.0270820152551,-24199.479760390954,0,,1.1368683772161603e-13
q3_fixed_unclustered,2025-11-08,11,unclustered,4,0,0,0.0,0,0.0,2042.6539483008512,3479.7904599534895,9599.998963884662,210.95116687261395,352.0070279194238,-30376.96802965641,160.84711150960595,289.64792517146344,-23161.984057383255,0,,1.1368683772161603e-13
q3_fixed_unclustered,2025-11-09,11,unclustered,4,0,0,0.0,0,0.0,294.7975563713011,400.9167173913602,1267.3918670299518,26.145303055746062,88.1000759545686,1060.838618892839,7.526315500343082,48.791458322357855,593.2214055946114,8,1.0,2.2737367544323206e-13
q3_fixed_unclustered,2025-11-10,11,unclustered,4,0,0,0.0,0,0.0,338.9706796696118,413.5790304406613,1129.7530745057884,37.55776265590889,128.2661817728485,2513.5659244428216,12.827117219625276,62.20316768320047,9.057634132702788,7,1.0,2.2737367544323206e-13
q3_fixed_unclustered,2025-11-11,11,unclustered,4,0,0,0.0,0,0.0,253.2061355397601,327.16265577490867,975.6521073990007,41.00218470091717,125.39305732629295,-2614.227031705849,8.040922442324062,44.01059015732934,253.62166099386752,8,0.875,2.2737367544323206e-13
q3_fixed_unclustered,2025-11-12,11,unclustered,4,0,0,0.0,0,0.0,256.93814457004856,342.5560743416798,1038.0868955393726,43.28746601696054,147.83267084177442,16.76165491980055,12.60565944298131,53.1081590936345,-563.6918468708,6,1.0,2.2737367544323206e-13
q3_fixed_unclustered,2025-11-13,11,unclustered,4,0,0,0.0,0,0.0,398.9906875853078,550.7945347884101,1776.4959642327776,35.94785393444762,127.57093450583943,3232.5376299845734,6.803643672638096,44.39239953734078,414.4337410355122,9,0.8888888888888888,1.1368683772161603e-13
q3_fixed_unclustered,2025-11-14,11,unclustered,4,0,0,0.0,0,0.0,2141.6371889658644,3499.077597613322,9594.305115210795,202.91947600117595,349.15127437244337,-29220.379656391557,171.33973301015067,313.9364127144009,-24672.921553461696,0,,1.1368683772161603e-13
q3_fixed_unclustered,2025-11-15,11,unclustered,4,0,0,0.0,0,0.0,2015.9880971238144,3400.5207312495145,9281.862133304565,231.0196913883101,389.13036838321375,-33266.83555991665,169.10501473077463,309.02993130393224,-24351.122121231547,0,,1.1368683772161603e-13
q3_fixed_unclustered,2025-11-16,11,unclustered,4,0,0,0.0,0,0.0,237.4007759029249,325.5384156745998,1157.7253674455296,33.02179639910811,122.73365571838033,3789.0038629136743,6.5326752352038335,46.98277407367829,602.7521438290064,8,1.0,2.2737367544323206e-13
q3_fixed_unclustered,2025-11-17,11,unclustered,4,0,0,0.0,0,0.0,213.06354753028478,288.72980329229273,641.0955788899118,33.86119242864605,122.4120382660657,4823.736998003053,11.388936172010183,45.10824216754957,-398.09236524794073,7,1.0,2.2737367544323206e-13
q3_fixed_unclustered,2025-11-18,11,unclustered,4,0,0,0.0,0,0.0,262.6354261529751,372.14038380644496,1156.7751262650654,22.78430063406536,85.12323753407112,2664.5962493169454,5.848570790381219,31.398578821305737,723.8529160210389,11,1.0,0.0
q3_fixed_unclustered,2025-11-19,11,unclustered,4,0,0,0.0,0,0.0,283.96815289090057,402.089008598785,1069.8957717647172,34.12264157787826,125.11674250028307,3343.2979010496756,12.704019912880817,50.6522033872424,-335.40711499712665,9,0.8888888888888888,2.2737367544323206e-13
q3_fixed_unclustered,2025-11-20,11,unclustered,4,0,0,0.0,0,0.0,195.736205793837,263.14655081738107,741.9764104784936,27.544045267504938,86.98830894969579,2660.337881038684,8.889384549556034,39.2181733160655,118.91328924037259,8,1.0,2.2737367544323206e-13
q3_fixed_unclustered,2025-11-21,11,unclustered,4,0,0,0.0,0,0.0,2090.8372899751885,3395.7722396244117,9000.0,201.6348496895828,345.60972276002934,-28054.023498297414,188.28040700222556,347.0437017432456,-27112.37860832048,0,,3.410605131648481e-13
q3_fixed_unclustered,2025-11-22,11,unclustered,4,0,0,0.0,0,0.0,2021.4310550221683,3421.4949006347833,9591.98290091728,238.0117832184827,403.54406132631783,-34273.696783461506,178.53775386419494,325.4475794291845,-25709.43655644407,0,,1.1368683772161603e-13
q3_fixed_unclustered,2025-11-23,11,unclustered,4,0,0,0.0,0,0.0,241.71742803754358,313.6339634607272,842.099602440243,30.5204502825826,119.40931551530282,3264.4366689103003,6.196954462500916,43.679516708560556,715.3604802898849,8,1.0,2.2737367544323206e-13
q3_fixed_unclustered,2025-11-24,11,unclustered,4,0,0,0.0,0,0.0,290.33305526680215,380.2990532165698,987.8668633722718,20.702092094257573,87.73076718365533,2656.334892887689,6.063272672523731,47.878653232746,786.6331894839454,9,0.8888888888888888,1.1368683772161603e-13
q3_fixed_unclustered,2025-11-25,11,unclustered,4,0,0,0.0,0,0.0,210.7837532240633,288.63454589570364,694.5657371380894,63.51276955495525,166.2506497376182,-7033.321504279981,6.392706747045824,35.62110647730715,352.9675060165994,8,1.0,2.2737367544323206e-13
q3_fixed_unclustered,2025-11-26,11,unclustered,4,0,0,0.0,0,0.0,187.00443559499752,296.0624918563783,930.6759745009604,33.974225534679746,97.42060587470391,-1507.0737158013885,7.980854643928549,36.887054819715516,-183.94611945156697,8,1.0,2.2737367544323206e-13
q3_fixed_unclustered,2025-11-27,11,unclustered,4,0,0,0.0,0,0.0,213.61288290027295,358.4249983397148,1178.128803590047,26.981512984578757,95.1299610696546,-337.9622747398516,10.557131239373904,40.92998574264319,-455.432896346111,8,1.0,2.2737367544323206e-13
q3_fixed_unclustered,2025-11-28,11,unclustered,4,0,0,0.0,0,0.0,1892.7819039276271,3115.008858116914,8842.65938235052,222.24454262604365,376.84096189165615,-32003.214138150288,199.17409448970537,356.2694829094851,-28681.069606517573,0,,1.1368683772161603e-13
q3_fixed_unclustered,2025-11-29,11,unclustered,4,0,0,0.0,0,0.0,1927.4331300483302,3182.831863648136,9000.0,289.8193391878174,479.5190884605054,-41733.984843045706,217.94078684207486,382.50023586639105,-31383.47330525878,0,,2.2737367544323206e-13
q3_fixed_unclustered,2025-11-30,11,unclustered,4,0,0,0.0,0,0.0,183.78750782081707,234.18660528339035,561.5641331227907,27.495091611606714,89.86135137282159,2204.098600864765,6.815062749536169,46.70788859257487,537.8886376478256,8,1.0,2.2737367544323206e-13
q3_fixed_unclustered,2025-12-01,12,unclustered,4,0,0,0.0,0,0.0,827.8232045911376,1097.1186803269961,2885.7273124299873,63.77855338645428,150.01472739272918,4002.3992529525794,27.644312784375057,100.98059529910861,3959.672528684485,20,0.9,0.0
q3_fixed_unclustered,2025-12-02,12,unclustered,4,0,0,0.0,0,0.0,760.2038625762149,1007.5059954387644,2648.260710966744,73.30684363842813,169.07076067454992,2841.8292937976726,24.691452243812574,94.08802879679045,3201.404030090289,19,0.8421052631578947,2.2737367544323206e-13
q3_fixed_unclustered,2025-12-03,12,unclustered,4,0,0,0.0,0,0.0,592.6963477850508,822.0648741118376,2372.14929731966,75.15275875143716,172.72609414884312,10792.588754078577,17.078708756672555,64.87443297856976,2361.0697771043424,20,0.85,0.0
q3_fixed_unclustered,2025-12-04,12,unclustered,4,0,0,0.0,0,0.0,605.0026044100371,856.9490766485518,2466.5427264701502,75.47631640059937,181.60484613093536,1994.360485578337,22.971526946275453,84.76323643157365,2944.8024147750875,20,0.85,2.2737367544323206e-13
q3_fixed_unclustered,2025-12-05,12,unclustered,4,0,0,0.0,0,0.0,1750.1386143782788,2795.306601986192,8057.764181592932,237.23258321863582,412.2799707497764,-34161.49198348356,203.6253639792157,373.41078435175007,-29322.052413007063,0,,2.2737367544323206e-13
q3_fixed_unclustered,2025-12-06,12,unclustered,4,0,0,0.0,0,0.0,1639.3758706524543,2790.0020259487205,8004.036585155014,241.14309152434583,419.9298533811509,-34724.6051795058,193.48457667255084,357.8187311160479,-27861.779040847323,0,,2.2737367544323206e-13
q3_fixed_unclustered,2025-12-07,12,unclustered,4,0,0,0.0,0,0.0,611.4634022070494,806.6098395331356,2200.9435253143056,56.47966124655199,136.11202034676097,623.2385541125838,19.83687632235436,84.78259818246254,2856.510190419028,16,0.875,0.0
q3_fixed_unclustered,2025-12-08,12,unclustered,4,0,0,0.0,0,0.0,515.045179209301,704.1622337362497,1973.3879305970531,33.6887803651729,96.08933072411914,1021.7400214836808,16.067961394367106,58.12765073001634,783.108033223939,13,0.8461538461538461,2.2737367544323206e-13
q3_fixed_unclustered,2025-12-09,12,unclustered,4,0,0,0.0,0,0.0,547.1825803891657,718.7737653210557,1721.991265436598,42.868648096931175,110.37731680337423,926.2054639708844,15.53358321387034,69.87445516402724,1997.3877759648071,17,0.8235294117647058,2.2737367544323206e-13
q3_fixed_unclustered,2025-12-10,12,unclustered,4,0,0,0.0,0,0.0,471.77029890311354,628.7374974011906,1597.1215151739489,38.63933682319614,112.2255126017881,5018.545737669376,14.21931736570744,56.54070102625742,1700.3256018040743,16,0.875,2.2737367544323206e-13
q3_fixed_unclustered,2025-12-11,12,unclustered,4,0,0,0.0,0,0.0,372.3691232565065,488.29244603802704,1187.140121921664,44.54937263790808,113.63519427001654,-1358.1292779673997,10.247139369432388,40.5546383650995,492.76936397325704,12,0.8333333333333334,2.2737367544323206e-13
q3_fixed_unclustered,2025-12-12,12,unclustered,4,0,0,0.0,0,0.0,1763.618555476926,2919.2669997160265,8671.51605277107,259.30096234789113,437.21303847619447,-37231.11957843774,234.51196607771888,408.10609924998687,-33769.72311519152,0,,2.2737367544323206e-13
q3_fixed_unclustered,2025-12-13,12,unclustered,4,0,0,0.0,0,0.0,1650.8738658772015,2731.776868871056,7534.739728879618,259.3902553408435,426.44129763995227,-37352.19676908146,219.9378340289906,381.0520831923451,-31671.04810017465,0,,1.1368683772161603e-13
q3_fixed_unclustered,2025-12-14,12,unclustered,4,0,0,0.0,0,0.0,320.9661843903846,471.77478378238555,1369.4279484998988,44.83194966677351,121.07849716126807,6413.778729446785,15.818642029287982,69.29269392739633,1864.6685260338982,15,0.9333333333333333,2.2737367544323206e-13
q3_fixed_unclustered,2025-12-15,12,unclustered,4,0,0,0.0,0,0.0,331.7634039890226,450.1802766035116,1135.018577649409,44.691474064550135,121.32346997704182,6337.197382504677,10.502049066190517,51.761175536048356,971.1202489315249,7,0.7142857142857143,2.2737367544323206e-13
q3_fixed_unclustered,2025-12-16,12,unclustered,4,0,0,0.0,0,0.0,299.41132731095996,387.7525390592801,963.5754389304657,26.071504027227615,86.86607712398946,380.65005635743773,6.53590568319128,33.42706468678856,904.4072804150217,13,0.8461538461538461,2.2737367544323206e-13
q3_fixed_unclustered,2025-12-17,12,unclustered,4,0,0,0.0,0,0.0,319.29764149009236,424.4142903534281,902.2022228893038,34.229430110623774,84.39889312864634,-2103.091798621483,6.603684786946648,32.32056224901443,840.1093770664021,12,0.75,2.2737367544323206e-13
q3_fixed_unclustered,2025-12-18,12,unclustered,4,0,0,0.0,0,0.0,158.24587600829497,234.7496058298878,742.8919962491564,14.810290720563124,55.852417504859076,1011.7882323581697,4.2964224884407916,17.437356464007905,-178.10048355050057,10,0.7,2.2737367544323206e-13
q3_fixed_unclustered,2025-12-19,12,unclustered,4,0,0,0.0,0,0.0,1799.5056021800342,2956.798002909328,8809.718368952701,260.3889924609655,423.51490457710787,-37460.48310055552,234.89297741794906,398.8170275775852,-33824.588748184666,0,,1.1368683772161603e-13
q3_fixed_unclustered,2025-12-20,12,unclustered,4,0,0,0.0,0,0.0,1696.722271603744,2860.935611121696,8204.434686439161,274.136603735872,441.9431333895808,-39475.670937965566,224.68081224099433,379.387746382702,-32354.036962703183,0,,1.1368683772161603e-13
q3_fixed_unclustered,2025-12-21,12,unclustered,4,0,0,0.0,0,0.0,159.46548328584825,224.6217345994568,661.133733955583,24.48073162329316,68.43522217055308,213.14048792954748,12.622272869168512,54.53778391101078,337.8869708616691,7,0.8571428571428571,1.1368683772161603e-13
q3_fixed_unclustered,2025-12-22,12,unclustered,4,0,0,0.0,0,0.0,172.416513109733,240.61958849210524,625.5770419457203,12.530308554986334,53.021888280000525,1458.5168365855543,4.302459731895272,31.58566709536324,348.91808153983027,8,1.0,2.2737367544323206e-13
q3_fixed_unclustered,2025-12-23,12,unclustered,4,0,0,0.0,0,0.0,127.71401375185835,199.2668029177304,633.5822489688853,32.313832007263144,85.12388847164014,-3109.3254944669557,4.390340031450379,17.85147782195229,-224.68998256006842,3,0.6666666666666666,2.2737367544323206e-13
q3_fixed_unclustered,2025-12-24,12,unclustered,4,0,0,0.0,0,0.0,172.31166987739385,279.7211566902818,826.8404388542533,22.321016484774773,81.22122313970796,-1914.0992276584498,5.521185428106829,21.799091537307056,-368.81853587798435,3,0.6666666666666666,2.2737367544323206e-13
q3_fixed_unclustered,2025-12-25,12,unclustered,4,0,0,0.0,0,0.0,69.30032434732449,115.90652227134386,400.5063887518736,15.481280339939424,46.08296225855501,1112.1267613723617,10.332026411421932,46.50015782896675,-1067.5817745378822,5,1.0,2.2737367544323206e-13
q3_fixed_unclustered,2025-12-26,12,unclustered,4,0,0,0.0,0,0.0,1804.0876300793261,3038.4361732345124,8890.455829825472,284.8935754465043,445.3703619673585,-39764.842346062724,244.28625893796288,398.02511707314056,-35177.221287066655,0,,1.7053025658242404e-13
q3_fixed_unclustered,2025-12-27,12,unclustered,4,0,0,0.0,0,0.0,1770.1734842081178,2982.2042737087963,8674.048748195171,291.5681582236124,455.443348089286,-40944.88985760874,246.78785991613253,404.9157542462545,-35537.45182792308,0,,1.7053025658242404e-13
q3_fixed_unclustered,2025-12-28,12,unclustered,4,0,0,0.0,0,0.0,89.4196831304395,127.12484807718215,380.5742418249738,21.152856907896073,71.43777379036838,-2170.599271099959,7.9526016281240635,40.57320311894576,-795.6780724723412,7,1.0,2.2737367544323206e-13
q3_fixed_unclustered,2025-12-29,12,unclustered,4,0,0,0.0,0,0.0,131.2681446182396,233.05353251351013,655.4129214412233,17.29850424371424,54.49427202808179,-943.8465082829352,17.37209960973714,53.16559122115417,-2064.0981610064605,7,1.0,2.2737367544323206e-13
q3_fixed_unclustered,2025-12-30,12,unclustered,4,0,0,0.0,0,0.0,111.75496208436314,163.23345921595484,537.4980947744853,31.72089943871839,78.13864209773004,-3660.4532847852497,12.056975366741149,44.58280898173583,-1451.7055211297788,5,1.0,2.2737367544323206e-13
q3_fixed_unclustered,2025-12-31,12,unclustered,4,0,0,0.0,0,0.0,100.11947142504799,146.18007452393888,359.1783530222149,28.775189599731796,65.42284597380792,-3580.4346480199147,15.768222595199553,46.25582648861505,-1804.4498191628504,6,1.0,2.2737367544323206e-13
q4_2_variable_unclustered,2025-02-01,2,unclustered,1,0,0,0.0,0,0.0,2041.3210160228343,3296.827920481454,9600.0,381.82523444592124,555.7930311811575,-54982.833760212656,381.82523444592124,555.7930311811575,-54982.833760212656,0,,2.2737367544323206e-13
q4_2_variable_unclustered,2025-02-02,2,unclustered,1,0,0,0.0,0,0.0,953.2779758342168,1917.7473029023902,6060.41107903592,156.2359027624442,337.80112282375063,-22497.969997791963,156.2359027624442,337.80112282375063,-22497.969997791963,0,,4.547473508864641e-13
q4_2_variable_unclustered,2025-02-03,2,unclustered,1,0,0,0.0,0,0.0,989.5366232420214,1989.9451341619488,6156.435742550639,147.15172235426226,329.19470660689296,-21189.848019013767,147.15172235426226,329.19470660689296,-21189.848019013767,0,,3.055333763768431e-13
q4_2_variable_unclustered,2025-02-04,2,unclustered,1,0,0,0.0,0,0.0,920.5718897621437,1786.413472345565,5515.723918281048,139.0296007413025,308.2358243533187,-20020.26250674756,139.0296007413025,308.2358243533187,-20020.26250674756,0,,2.2737367544323206e-13
q4_2_variable_unclustered,2025-02-05,2,unclustered,1,0,0,0.0,0,0.0,844.3468913079332,1623.890806744898,4788.28524160943,131.95883199008227,296.23476075064144,-19002.071806571847,131.95883199008227,296.23476075064144,-19002.071806571847,0,,3.410605131648481e-13
q4_2_variable_unclustered,2025-02-06,2,unclustered,1,0,0,0.0,0,0.0,896.8386020585051,1777.23038788537,5513.4879298010355,137.2154673857334,303.1766142892373,-19759.027303545612,137.2154673857334,303.1766142892373,-19759.027303545612,0,,2.2737367544323206e-13
q4_2_variable_unclustered,2025-02-07,2,unclustered,1,0,0,0.0,0,0.0,2013.1018610711446,3283.4712170016023,9600.0,366.6913912682955,541.9787654448496,-52803.56034263455,366.6913912682955,541.9787654448496,-52803.56034263455,0,,2.2737367544323206e-13
q4_2_variable_unclustered,2025-02-08,2,unclustered,1,0,0,0.0,0,0.0,2040.6789701358207,3324.8161956922027,9600.0,365.97889606983176,537.3550837498859,-52700.96103405577,365.97889606983176,537.3550837498859,-52700.96103405577,0,,2.2737367544323206e-13
q4_2_variable_unclustered,2025-02-09,2,unclustered,1,0,0,0.0,0,0.0,840.1769343713859,1683.8141599515911,4930.709377830684,122.55166533194031,283.8651217969005,-17647.439807799405,122.55166533194031,283.8651217969005,-17647.439807799405,0,,3.694822225952521e-13
q4_2_variable_unclustered,2025-02-10,2,unclustered,1,0,0,0.0,0,0.0,934.399675489353,1964.2022850022893,6239.718299720691,139.98897691636057,310.96515974265054,-20158.412675955922,139.98897691636057,310.96515974265054,-20158.412675955922,0,,2.2737367544323206e-13
q4_2_variable_unclustered,2025-02-11,2,unclustered,1,0,0,0.0,0,0.0,837.695289279684,1719.0662222595165,5249.142765421799,136.40628894431285,297.0340470609146,-19567.72219235749,136.40628894431285,297.0340470609146,-19567.72219235749,3,1.0,3.410605131648481e-13
q4_2_variable_unclustered,2025-02-12,2,unclustered,1,0,0,0.0,0,0.0,894.7579988915961,1844.9796768747553,5726.923542682202,136.01229577484796,300.8742179361998,-19585.770591578104,136.01229577484796,300.8742179361998,-19585.770591578104,0,,2.2737367544323206e-13
q4_2_variable_unclustered,2025-02-13,2,unclustered,1,0,0,0.0,0,0.0,1043.031280800833,2157.805787865686,7090.044929385082,162.04987879135297,347.65038351778816,-23335.182545954827,162.04987879135297,347.65038351778816,-23335.182545954827,0,,2.2737367544323206e-13
q4_2_variable_unclustered,2025-02-14,2,unclustered,1,0,0,0.0,0,0.0,2149.5557109377164,3532.5119802337003,9600.0,348.736992678355,513.6790424635691,-50218.12694568312,348.736992678355,513.6790424635691,-50218.12694568312,0,,3.410605131648481e-13
q4_2_variable_unclustered,2025-02-15,2,unclustered,1,0,0,0.0,0,0.0,2132.7742290761844,3502.5820219728234,9600.0,339.39376518477263,503.2947377791296,-48872.70218660726,339.39376518477263,503.2947377791296,-48872.70218660726,0,,3.410605131648481e-13
q4_2_variable_unclustered,2025-02-16,2,unclustered,1,0,0,0.0,0,0.0,775.1025516223526,1539.505906874286,4318.56624024894,111.54689739066379,268.9106136386235,-15934.730890040613,111.54689739066379,268.9106136386235,-15934.730890040613,1,1.0,3.552713678800501e-13
q4_2_variable_unclustered,2025-02-17,2,unclustered,1,0,0,0.0,0,0.0,983.7073094873386,2059.948635483423,6447.703478960873,138.02354627413018,309.82983649448477,-19706.09879587961,138.02354627413018,309.82983649448477,-19706.09879587961,1,1.0,3.126388037344441e-13
q4_2_variable_unclustered,2025-02-18,2,unclustered,1,0,0,0.0,0,0.0,932.2756584655939,1943.108230481421,6105.906648617178,132.35381200537574,294.60096997301923,-19058.94892877411,132.35381200537574,294.60096997301923,-19058.94892877411,0,,2.2737367544323206e-13
q4_2_variable_unclustered,2025-02-19,2,unclustered,1,0,0,0.0,0,0.0,829.5542582594,1706.2923847829522,5164.049733597223,125.25557100750575,279.7016580494219,-17974.755748520554,125.25557100750575,279.7016580494219,-17974.755748520554,4,1.0,4.547473508864641e-13
q4_2_variable_unclustered,2025-02-20,2,unclustered,1,0,0,0.0,0,0.0,862.2254700746641,1735.0440974371122,5128.938017513632,129.75383248689852,287.40743837460474,-18684.551878113387,129.75383248689852,287.40743837460474,-18684.551878113387,0,,2.2737367544323206e-13
q4_2_variable_unclustered,2025-02-21,2,unclustered,1,0,0,0.0,0,0.0,2099.7558056513167,3456.21436342996,9600.0,321.8737770761518,477.83423337260905,-46349.82389896586,321.8737770761518,477.83423337260905,-46349.82389896586,0,,2.2737367544323206e-13
q4_2_variable_unclustered,2025-02-22,2,unclustered,1,0,0,0.0,0,0.0,2168.8207171440267,3507.8405180439513,9600.0,312.34862549557744,470.5673969712349,-44978.20207136315,312.34862549557744,470.5673969712349,-44978.20207136315,0,,3.410605131648481e-13
q4_2_variable_unclustered,2025-02-23,2,unclustered,1,0,0,0.0,0,0.0,788.6850295047446,1629.0603542188508,4817.882254764391,115.01726499677069,262.39460018089414,-16449.12521991314,115.01726499677069,262.39460018089414,-16449.12521991314,1,1.0,2.2737367544323206e-13
q4_2_variable_unclustered,2025-02-24,2,unclustered,1,0,0,0.0,0,0.0,939.7250318714622,1990.9637973235986,6376.188133299374,127.95632264150566,288.34957717451937,-18425.710460376817,127.95632264150566,288.34957717451937,-18425.710460376817,0,,2.2737367544323206e-13
q4_2_variable_unclustered,2025-02-25,2,unclustered,1,0,0,0.0,0,0.0,958.7565303032042,2091.017698053998,6914.28639900742,130.11726390733395,296.818432071039,-18736.886002656087,130.11726390733395,296.818432071039,-18736.886002656087,0,,2.2737367544323206e-13
q4_2_variable_unclustered,2025-02-26,2,unclustered,1,0,0,0.0,0,0.0,976.1250112380447,2016.9041104415446,6481.69733009714,118.69386410407904,274.35682386769577,-17091.91643098738,118.69386410407904,274.35682386769577,-17091.91643098738,0,,2.2737367544323206e-13
q4_2_variable_unclustered,2025-02-27,2,unclustered,1,0,0,0.0,0,0.0,807.8445932155715,1651.7923647084551,5115.423062061826,124.19266561363219,270.26032960378467,-17883.743848363036,124.19266561363219,270.26032960378467,-17883.743848363036,0,,3.410605131648481e-13
q4_2_variable_unclustered,2025-02-28,2,unclustered,1,0,0,0.0,0,0.0,2189.604191812214,3522.660809960246,9600.0,303.3010061248532,455.4034490084359,-43675.34488197886,303.3010061248532,455.4034490084359,-43675.34488197886,0,,3.410605131648481e-13
q4_2_variable_unclustered,2025-03-01,3,unclustered,1,0,0,0.0,0,0.0,2260.93003501042,3607.408532459825,9600.0,303.5069395279946,451.67370459744114,-43704.99929203122,303.5069395279946,451.67370459744114,-43704.99929203122,0,,1.1368683772161603e-13
q4_2_variable_unclustered,2025-03-02,3,unclustered,1,0,0,0.0,0,0.0,867.4414321325214,1787.2204203987744,5188.496543837824,76.06759042990707,188.3719052302657,-10488.827502355982,76.06759042990707,188.3719052302657,-10488.827502355982,7,1.0,2.2737367544323206e-13
q4_2_variable_unclustered,2025-03-03,3,unclustered,1,0,0,0.0,0,0.0,721.2528435574889,1377.005584224133,3539.620517824719,62.90282151167904,160.01227439193258,-8866.345562117403,62.90282151167904,160.01227439193258,-8866.345562117403,6,1.0,2.2737367544323206e-13
q4_2_variable_unclustered,2025-03-04,3,unclustered,1,0,0,0.0,0,0.0,786.2624205541605,1479.0324600224642,4142.500571187678,71.82651420499327,185.98111050617936,-10343.018045519031,71.82651420499327,185.98111050617936,-10343.018045519031,0,,2.2737367544323206e-13
q4_2_variable_unclustered,2025-03-05,3,unclustered,1,0,0,0.0,0,0.0,956.4086239331463,1922.2113881285736,5715.856519512287,95.21331253738211,221.4825313690373,-13710.717005383023,95.21331253738211,221.4825313690373,-13710.717005383023,0,,3.694822225952521e-13
q4_2_variable_unclustered,2025-03-06,3,unclustered,1,0,0,0.0,0,0.0,1059.2822986007598,2079.709563111846,6157.685808521598,92.75373295266762,219.33481978629692,-13356.537545184137,92.75373295266762,219.33481978629692,-13356.537545184137,0,,3.410605131648481e-13
q4_2_variable_unclustered,2025-03-07,3,unclustered,1,0,0,0.0,0,0.0,2372.894008635991,3703.0214082365533,9161.25799515204,268.5985376441514,427.6817825649662,-38678.1894207578,268.5985376441514,427.6817825649662,-38678.1894207578,0,,2.2737367544323206e-13
q4_2_variable_unclustered,2025-03-08,3,unclustered,1,0,0,0.0,0,0.0,2470.746173502192,3827.258964586917,9438.820703998466,252.8816437541101,413.35044000429525,-36414.95670059185,252.8816437541101,413.35044000429525,-36414.95670059185,0,,2.2737367544323206e-13
q4_2_variable_unclustered,2025-03-09,3,unclustered,1,0,0,0.0,0,0.0,727.3530125116579,1497.1332959884078,4239.678462583004,72.13441962696538,180.70343020665345,-10291.332888564408,72.13441962696538,180.70343020665345,-10291.332888564408,3,1.0,2.2737367544323206e-13
q4_2_variable_unclustered,2025-03-10,3,unclustered,1,0,0,0.0,0,0.0,600.2954413579944,1169.3169804985541,3130.8374862591927,50.92745290890197,148.50507466213688,-7297.118033016994,50.92745290890197,148.50507466213688,-7297.118033016994,3,1.0,2.2737367544323206e-13
q4_2_variable_unclustered,2025-03-11,3,unclustered,1,0,0,0.0,0,0.0,839.1877158353834,1686.3442128549677,4929.311549137113,64.84892790011469,176.86284289427775,-9338.245617616514,64.84892790011469,176.86284289427775,-9338.245617616514,0,,3.410605131648481e-13
q4_2_variable_unclustered,2025-03-12,3,unclustered,1,0,0,0.0,0,0.0,861.888855374027,1791.75354235049,5414.406295043492,71.86637176109922,193.52541394153445,-10348.757533598287,71.86637176109922,193.52541394153445,-10348.757533598287,0,,3.126388037344441e-13
q4_2_variable_unclustered,2025-03-13,3,unclustered,1,0,0,0.0,0,0.0,698.2578259382672,1345.8090835904968,3502.8611556901155,52.58386911640123,156.07501498273072,-7426.151037579264,52.58386911640123,156.07501498273072,-7426.151037579264,3,1.0,1.7053025658242404e-13
q4_2_variable_unclustered,2025-03-14,3,unclustered,1,0,0,0.0,0,0.0,2415.1310786574654,3805.2734892383774,9204.812250964726,236.92409193843093,386.08667847682244,-34117.069239134056,236.92409193843093,386.08667847682244,-34117.069239134056,0,,3.410605131648481e-13
q4_2_variable_unclustered,2025-03-15,3,unclustered,1,0,0,0.0,0,0.0,2422.844274478591,3852.594528598753,9432.183137207034,220.84085816499197,364.37000201927845,-31801.083575758843,220.84085816499197,364.37000201927845,-31801.083575758843,0,,2.2737367544323206e-13
q4_2_variable_unclustered,2025-03-16,3,unclustered,1,0,0,0.0,0,0.0,642.9430118922065,1279.6440488323528,3670.565983319074,52.40303810952312,152.30934254732614,-7546.03748777133,52.40303810952312,152.30934254732614,-7546.03748777133,0,,2.2737367544323206e-13
q4_2_variable_unclustered,2025-03-17,3,unclustered,1,0,0,0.0,0,0.0,881.0654813395116,1845.4079360287674,5518.112081339358,69.57723911947069,186.9000395982977,-10019.12243320378,69.57723911947069,186.9000395982977,-10019.12243320378,0,,3.410605131648481e-13
q4_2_variable_unclustered,2025-03-18,3,unclustered,1,0,0,0.0,0,0.0,537.2681250419613,1000.6113936694946,2711.76309740161,50.946483014651044,138.07386595167083,-7336.29355410975,50.946483014651044,138.07386595167083,-7336.29355410975,0,,2.2737367544323206e-13
q4_2_variable_unclustered,2025-03-19,3,unclustered,1,0,0,0.0,0,0.0,625.2294663674406,1180.476141092535,3295.050255348341,56.88641144556933,148.15117462565863,-8191.643248161983,56.88641144556933,148.15117462565863,-8191.643248161983,0,,2.2737367544323206e-13
q4_2_variable_unclustered,2025-03-20,3,unclustered,1,0,0,0.0,0,0.0,679.2936038391721,1287.2931864082907,3437.960383631612,47.17695303479066,144.90151494601255,-6793.481237009854,47.17695303479066,144.90151494601255,-6793.481237009854,0,,2.2737367544323206e-13
q4_2_variable_unclustered,2025-03-21,3,unclustered,1,0,0,0.0,0,0.0,2553.598786047744,4031.471976250262,9600.0,211.52876757094222,356.3273319576069,-30460.14253021568,211.52876757094222,356.3273319576069,-30460.14253021568,0,,2.2737367544323206e-13
q4_2_variable_unclustered,2025-03-22,3,unclustered,1,0,0,0.0,0,0.0,2560.260780709969,4039.46581319678,9600.0,203.95206998607065,339.5193589913053,-29369.098077994175,203.95206998607065,339.5193589913053,-29369.098077994175,0,,2.2737367544323206e-13
q4_2_variable_unclustered,2025-03-23,3,unclustered,1,0,0,0.0,0,0.0,475.2791350380033,951.9066047456116,2424.1777549515614,41.11920407585386,120.54711942839536,-5810.710126547716,41.11920407585386,120.54711942839536,-5810.710126547716,2,1.0,2.2737367544323206e-13
q4_2_variable_unclustered,2025-03-24,3,unclustered,1,0,0,0.0,0,0.0,585.0029825500728,1131.3251660321016,3212.5180949426353,40.61908521957104,114.01548353281957,-5849.14827161823,40.61908521957104,114.01548353281957,-5849.14827161823,0,,2.2737367544323206e-13
q4_2_variable_unclustered,2025-03-25,3,unclustered,1,0,0,0.0,0,0.0,356.3115300187832,655.5378795994601,1736.788400537026,20.04970499598823,59.26587100779514,-2887.157519422305,20.04970499598823,59.26587100779514,-2887.157519422305,0,,2.2737367544323206e-13
q4_2_variable_unclustered,2025-03-26,3,unclustered,1,0,0,0.0,0,0.0,654.759056497644,1309.385162666785,3952.4586771335844,52.88701399776334,135.74169980754408,-7615.730015677921,52.88701399776334,135.74169980754408,-7615.730015677921,0,,2.2737367544323206e-13
q4_2_variable_unclustered,2025-03-27,3,unclustered,1,0,0,0.0,0,0.0,596.7713108085114,1137.3977189781708,2952.3449285439406,40.15133749245194,116.06445106234311,-5781.792598913079,40.15133749245194,116.06445106234311,-5781.792598913079,0,,2.2737367544323206e-13
q4_2_variable_unclustered,2025-03-28,3,unclustered,1,0,0,0.0,0,0.0,2476.891166978134,3933.9925905651,9600.0,195.7219491598943,330.115969011839,-28183.96067902478,195.7219491598943,330.115969011839,-28183.96067902478,0,,1.1368683772161603e-13
q4_2_variable_unclustered,2025-03-29,3,unclustered,1,0,0,0.0,0,0.0,2598.6835044047907,4072.3834180485246,9600.0,185.00172009651698,322.3726203314559,-26640.247693898444,185.00172009651698,322.3726203314559,-26640.247693898444,0,,2.2737367544323206e-13
q4_2_variable_unclustered,2025-03-30,3,unclustered,1,0,0,0.0,0,0.0,519.7710518179111,976.5588752515998,2632.8895794503424,30.747073791135172,86.35673895934363,-4427.578625923465,30.747073791135172,86.35673895934363,-4427.578625923465,0,,3.410605131648481e-13
q4_2_variable_unclustered,2025-03-31,3,unclustered,1,0,0,0.0,0,0.0,770.5035048692077,1471.0828201677912,4075.058363489058,27.987203731402285,97.99490291878483,-4030.157337321929,27.987203731402285,97.99490291878483,-4030.157337321929,0,,2.2737367544323206e-13
q4_2_variable_unclustered,2025-04-01,4,unclustered,1,0,0,0.0,0,0.0,530.6520571652109,959.1816109659861,2513.238276088885,9.776910444548374,34.74567969987386,-1407.875104014966,9.776910444548374,34.74567969987386,-1407.875104014966,0,,1.1368683772161603e-13
q4_2_variable_unclustered,2025-04-02,4,unclustered,1,0,0,0.0,0,0.0,192.31638393904453,300.51672210986516,794.067624973557,18.910578999424555,48.17385269572419,-2038.308947625173,18.910578999424555,48.17385269572419,-2038.308947625173,4,1.0,2.2737367544323206e-13
q4_2_variable_unclustered,2025-04-03,4,unclustered,1,0,0,0.0,0,0.0,420.011813319333,802.040747140181,2307.0743922616857,29.1889303556867,86.46427002388162,-4203.205971218885,29.1889303556867,86.46427002388162,-4203.205971218885,0,,2.2737367544323206e-13
q4_2_variable_unclustered,2025-04-04,4,unclustered,1,0,0,0.0,0,0.0,2552.9559003098093,4007.8276471649774,9600.0,185.30355108209142,323.10581405976205,-26683.711355821164,185.30355108209142,323.10581405976205,-26683.711355821164,0,,1.1368683772161603e-13
q4_2_variable_unclustered,2025-04-05,4,unclustered,1,0,0,0.0,0,0.0,2570.16302260011,4034.920275419512,9599.995632655302,173.47874810448104,304.85688763063075,-24980.939727045272,173.47874810448104,304.85688763063075,-24980.939727045272,0,,2.2737367544323206e-13
q4_2_variable_unclustered,2025-04-06,4,unclustered,1,0,0,0.0,0,0.0,411.7192873269398,764.7966073297399,2107.065166392931,17.096216227177642,55.05477485964803,-2461.8551367135806,17.096216227177642,55.05477485964803,-2461.8551367135806,0,,2.2737367544323206e-13
q4_2_variable_unclustered,2025-04-07,4,unclustered,1,0,0,0.0,0,0.0,692.7765732014387,1327.7089690939904,4081.5231335903027,27.29665115921861,89.69915368259223,-3930.7177669274797,27.29665115921861,89.69915368259223,-3930.7177669274797,0,,2.2737367544323206e-13
q4_2_variable_unclustered,2025-04-08,4,unclustered,1,0,0,0.0,0,0.0,201.67467379717866,361.51446639657735,1078.659576992306,15.706661397801286,43.75579341592974,-2246.9855810980116,15.706661397801286,43.75579341592974,-2246.9855810980116,1,1.0,2.2737367544323206e-13
q4_2_variable_unclustered,2025-04-09,4,unclustered,1,0,0,0.0,0,0.0,362.3944612684347,505.9404176991538,1192.942064134928,2.3775813327153927,21.990489490824405,209.42547415891983,2.3775813327153927,21.990489490824405,209.42547415891983,2,1.0,1.1368683772161603e-13
q4_2_variable_unclustered,2025-04-10,4,unclustered,1,0,0,0.0,0,0.0,313.7233831387702,509.54307995299223,1213.0246280791198,18.19923846996027,52.87274546525612,-2620.690339674279,18.19923846996027,52.87274546525612,-2620.690339674279,0,,2.2737367544323206e-13
q4_2_variable_unclustered,2025-04-11,4,unclustered,1,0,0,0.0,0,0.0,2571.6801423406814,3996.0899074125014,9548.605258308327,164.4768890305691,302.1109402783655,-23684.67202040195,164.4768890305691,302.1109402783655,-23684.67202040195,0,,1.1368683772161603e-13
q4_2_variable_unclustered,2025-04-12,4,unclustered,1,0,0,0.0,0,0.0,2622.1128211357313,4024.7018384581943,9235.936601616359,156.8183502263852,291.0626382189268,-22581.84243259947,156.8183502263852,291.0626382189268,-22581.84243259947,0,,1.7053025658242404e-13
q4_2_variable_unclustered,2025-04-13,4,unclustered,1,0,0,0.0,0,0.0,156.47058112326096,224.71535212925446,619.0850675515455,9.106554065924374,28.500437233107085,-1311.3437854931099,9.106554065924374,28.500437233107085,-1311.3437854931099,0,,2.2737367544323206e-13
q4_2_variable_unclustered,2025-04-14,4,unclustered,1,0,0,0.0,0,0.0,213.30784523950052,296.1341330635433,899.5332572598472,16.006754137650574,38.640865649875934,-2304.9725958216827,16.006754137650574,38.640865649875934,-2304.9725958216827,0,,2.2737367544323206e-13
q4_2_variable_unclustered,2025-04-15,4,unclustered,1,0,0,0.0,0,0.0,615.420469172455,1248.5098430492926,3733.9626567022806,23.74418834333682,75.9103425499224,-3419.163121440502,23.74418834333682,75.9103425499224,-3419.163121440502,0,,2.8421709430404007e-13
q4_2_variable_unclustered,2025-04-16,4,unclustered,1,0,0,0.0,0,0.0,287.98542376028854,366.2196652393934,774.0198319664523,1.4370234769072314,10.318834568988452,-206.93138067464133,1.4370234769072314,10.318834568988452,-206.93138067464133,0,,1.1368683772161603e-13
q4_2_variable_unclustered,2025-04-17,4,unclustered,1,0,0,0.0,0,0.0,336.2107554323402,562.3835224941431,1436.1259429529314,13.119873898879332,40.540223914940604,-1889.2618414386238,13.119873898879332,40.540223914940604,-1889.2618414386238,0,,2.2737367544323206e-13
q4_2_variable_unclustered,2025-04-18,4,unclustered,1,0,0,0.0,0,0.0,2438.304487553187,3683.0156226449712,8350.648963922995,147.90074321496843,293.9871264039861,-21297.707022955456,147.90074321496843,293.9871264039861,-21297.707022955456,0,,1.1368683772161603e-13
q4_2_variable_unclustered,2025-04-19,4,unclustered,1,0,0,0.0,0,0.0,2369.4169177727927,3540.7963739062316,8019.458829453777,141.36077963697002,284.39518724744084,-20355.952267723682,141.36077963697002,284.39518724744084,-20355.952267723682,0,,1.7053025658242404e-13
q4_2_variable_unclustered,2025-04-20,4,unclustered,1,0,0,0.0,0,0.0,168.59965267937193,237.78808776423267,589.7084401228954,10.377002042748272,46.44062319122591,-1494.2882941557511,10.377002042748272,46.44062319122591,-1494.2882941557511,0,,1.1368683772161603e-13
q4_2_variable_unclustered,2025-04-21,4,unclustered,1,0,0,0.0,0,0.0,264.0933112474061,386.8110317360821,1282.003585801025,16.820116319752785,45.59169490866103,-2422.0967500444012,16.820116319752785,45.59169490866103,-2422.0967500444012,0,,2.2737367544323206e-13
q4_2_variable_unclustered,2025-04-22,4,unclustered,1,0,0,0.0,0,0.0,221.74129195283186,305.3771260865533,891.3048315014221,7.073766472950694,25.471850657386973,-1018.6223721048999,7.073766472950694,25.471850657386973,-1018.6223721048999,0,,2.2737367544323206e-13
q4_2_variable_unclustered,2025-04-23,4,unclustered,1,0,0,0.0,0,0.0,295.02626294863927,397.2816891121207,1198.738579480069,12.814257517277902,42.75146306467723,-1845.2530824880178,12.814257517277902,42.75146306467723,-1845.2530824880178,0,,1.1368683772161603e-13
q4_2_variable_unclustered,2025-04-24,4,unclustered,1,0,0,0.0,0,0.0,361.9890451496336,619.1645024100013,1604.0005243191536,16.583862251755697,43.26576329050684,-2388.0761642528205,16.583862251755697,43.26576329050684,-2388.0761642528205,0,,2.2737367544323206e-13
q4_2_variable_unclustered,2025-04-25,4,unclustered,1,0,0,0.0,0,0.0,2564.901886634538,3735.847898057109,8418.913520276514,131.88233591349695,276.5859903791959,-18991.05637154356,131.88233591349695,276.5859903791959,-18991.05637154356,0,,1.1368683772161603e-13
q4_2_variable_unclustered,2025-04-26,4,unclustered,1,0,0,0.0,0,0.0,2641.3070619590267,3860.002433647012,8736.210163249287,122.59956470101984,263.3569017591583,-17654.337316946858,122.59956470101984,263.3569017591583,-17654.337316946858,0,,1.1368683772161603e-13
q4_2_variable_unclustered,2025-04-27,4,unclustered,1,0,0,0.0,0,0.0,228.10184575146204,397.53582726874,1558.8969009580069,3.0996201633450866,18.11019342994474,-393.317549995223,3.0996201633450866,18.11019342994474,-393.317549995223,1,1.0,1.1368683772161603e-13
q4_2_variable_unclustered,2025-04-28,4,unclustered,1,0,0,0.0,0,0.0,2125.593526494352,3209.1592196323654,6164.030028657181,36.30825475523242,155.81246815622893,4896.666720829551,36.30825475523242,155.81246815622893,4896.666720829551,11,1.0,1.1368683772161603e-13
q4_2_variable_unclustered,2025-04-29,4,unclustered,1,0,0,0.0,0,0.0,627.8824887555243,1019.9315899667656,2820.394727457765,7.556580326334406,45.57550165114674,-363.8374544862562,7.556580326334406,45.57550165114674,-363.8374544862562,1,1.0,1.1368683772161603e-13
q4_2_variable_unclustered,2025-04-30,4,unclustered,1,0,0,0.0,0,0.0,272.71081998412046,457.78631503511525,1549.200743617835,12.058398693346284,29.730944463918526,-1736.4094118418648,12.058398693346284,29.730944463918526,-1736.4094118418648,0,,2.2737367544323206e-13
q4_2_variable_unclustered,2025-05-01,5,unclustered,1,0,0,0.0,0,0.0,351.86919884090395,492.4694040864891,1213.6067950673184,14.416896356197103,82.62739179739805,1430.9368779550973,14.416896356197103,82.62739179739805,1430.9368779550973,9,1.0,1.5276668818842154e-13
q4_2_variable_unclustered,2025-05-02,5,unclustered,1,0,0,0.0,0,0.0,2629.2918753209083,3699.1912246599495,9004.799719229628,97.2726388561537,221.8520789292821,-14007.259995286133,97.2726388561537,221.8520789292821,-14007.259995286133,0,,1.1368683772161603e-13
q4_2_variable_unclustered,2025-05-03,5,unclustered,1,0,0,0.0,0,0.0,2568.3231255301926,3782.897852992528,9425.014852080647,100.30090594401369,222.2699474117616,-14443.330455937972,100.30090594401369,222.2699474117616,-14443.330455937972,0,,1.1368683772161603e-13
q4_2_variable_unclustered,2025-05-04,5,unclustered,1,0,0,0.0,0,0.0,458.2844937442293,573.1608431067306,1522.0593289411177,13.845083553340595,88.45336898537344,1969.3130690942178,13.845083553340595,88.45336898537344,1969.3130690942178,11,0.9090909090909091,0.0
q4_2_variable_unclustered,2025-05-05,5,unclustered,1,0,0,0.0,0,0.0,1377.859209029167,1853.930473939934,3836.228614700203,35.61908872686124,142.23418271600934,5118.714403309147,35.61908872686124,142.23418271600934,5118.714403309147,21,1.0,1.1368683772161603e-13
q4_2_variable_unclustered,2025-05-06,5,unclustered,1,0,0,0.0,0,0.0,808.2654482975399,970.9327901905853,1978.0206722063745,20.523277405571378,99.43649408984386,2911.819083582094,20.523277405571378,99.43649408984386,2911.819083582094,20,1.0,1.1368683772161603e-13
q4_2_variable_unclustered,2025-05-07,5,unclustered,1,0,0,0.0,0,0.0,1365.2806722118617,1884.294305752244,4176.52984293153,33.50349827008559,151.47330830356375,4748.509852526847,33.50349827008559,151.47330830356375,4748.509852526847,17,1.0,1.1368683772161603e-13
q4_2_variable_unclustered,2025-05-08,5,unclustered,1,0,0,0.0,0,0.0,1540.476880437138,2384.748503515538,4808.51402546389,35.040696375141835,157.73337285311,4968.78861437717,35.040696375141835,157.73337285311,4968.78861437717,14,1.0,1.1368683772161603e-13
q4_2_variable_unclustered,2025-05-09,5,unclustered,1,0,0,0.0,0,0.0,2484.260647731283,3621.8917840162067,9050.065359776157,109.65587161142723,239.09283400348573,-15790.44551204552,109.65587161142723,239.09283400348573,-15790.44551204552,0,,1.1368683772161603e-13
q4_2_variable_unclustered,2025-05-10,5,unclustered,1,0,0,0.0,0,0.0,2679.079480287908,3814.1807794309966,9316.572182798069,100.4584058035359,225.8554244998461,-14466.01043570917,100.4584058035359,225.8554244998461,-14466.01043570917,0,,1.1368683772161603e-13
q4_2_variable_unclustered,2025-05-11,5,unclustered,1,0,0,0.0,0,0.0,1847.2971139068795,2677.324871054855,5454.045663188476,40.1713255378348,167.83400377326072,5559.982890183918,40.1713255378348,167.83400377326072,5559.982890183918,23,0.9130434782608695,1.1368683772161603e-13
q4_2_variable_unclustered,2025-05-12,5,unclustered,1,0,0,0.0,0,0.0,681.7134130192122,933.7240614844673,2181.9564900921578,15.597973825273893,97.40715164017173,2081.5204994804308,15.597973825273893,97.40715164017173,2081.5204994804308,8,1.0,2.2737367544323206e-13
q4_2_variable_unclustered,2025-05-13,5,unclustered,1,0,0,0.0,0,0.0,1213.753784100482,1776.2090937860066,3285.847134952752,24.21939215551673,124.02248641164888,3247.7876820861943,24.21939215551673,124.02248641164888,3247.7876820861943,13,1.0,1.1368683772161603e-13
q4_2_variable_unclustered,2025-05-14,5,unclustered,1,0,0,0.0,0,0.0,968.206222085788,1372.9549118413736,2543.028746365809,19.00311298210128,115.79495556560832,2518.8775918242723,19.00311298210128,115.79495556560832,2518.8775918242723,11,1.0,1.1368683772161603e-13
q4_2_variable_unclustered,2025-05-15,5,unclustered,1,0,0,0.0,0,0.0,750.6165339907161,1136.0712392037706,2570.903183592469,18.746973937456048,97.75691107236518,2084.6433265696387,18.746973937456048,97.75691107236518,2084.6433265696387,12,1.0,1.1368683772161603e-13
q4_2_variable_unclustered,2025-05-16,5,unclustered,1,0,0,0.0,0,0.0,2624.1163557926707,3822.8191458681135,9296.700812678366,114.15238815180903,244.11533809852892,-16437.9438938605,114.15238815180903,244.11533809852892,-16437.9438938605,0,,1.1368683772161603e-13
q4_2_variable_unclustered,2025-05-17,5,unclustered,1,0,0,0.0,0,0.0,2651.243940897875,3892.5797330400865,9574.827408436284,102.95515974236949,228.24302018193507,-14825.543002901206,102.95515974236949,228.24302018193507,-14825.543002901206,0,,5.684341886080802e-14
q4_2_variable_unclustered,2025-05-18,5,unclustered,1,0,0,0.0,0,0.0,1390.1393613140879,1895.1452132971524,3535.9408375010917,27.413971003776812,129.176550971389,3777.14995023917,27.413971003776812,129.176550971389,3777.14995023917,15,1.0,1.1368683772161603e-13
q4_2_variable_unclustered,2025-05-19,5,unclustered,1,0,0,0.0,0,0.0,157.5197644786251,299.15237471721497,1214.5857301997203,6.111725006026925,26.850465789044353,-51.51370292504964,6.111725006026925,26.850465789044353,-51.51370292504964,5,0.8,2.2737367544323206e-13
q4_2_variable_unclustered,2025-05-20,5,unclustered,1,0,0,0.0,0,0.0,1223.5314205802047,2005.4241406548456,4166.400373492126,28.288966251838396,140.22659919097444,3931.0025771885666,28.288966251838396,140.22659919097444,3931.0025771885666,10,1.0,1.1368683772161603e-13
q4_2_variable_unclustered,2025-05-21,5,unclustered,1,0,0,0.0,0,0.0,449.43851154255935,658.4391910681454,1473.1915901351376,11.245807568686189,80.19973249281,1418.1711073262277,11.245807568686189,80.19973249281,1418.1711073262277,8,1.0,1.1368683772161603e-13
q4_2_variable_unclustered,2025-05-22,5,unclustered,1,0,0,0.0,0,0.0,264.3121904835146,376.91318368231504,880.4349512022472,8.592776459225611,68.18112865980689,282.3731148140481,8.592776459225611,68.18112865980689,282.3731148140481,2,0.5,1.1368683772161603e-13
q4_2_variable_unclustered,2025-05-23,5,unclustered,1,0,0,0.0,0,0.0,2832.8095488058148,3957.4110884714587,9161.300047207442,108.66262076131336,249.5796102304281,-15647.417389629125,108.66262076131336,249.5796102304281,-15647.417389629125,0,,1.1368683772161603e-13
q4_2_variable_unclustered,2025-05-24,5,unclustered,1,0,0,0.0,0,0.0,2728.608140964859,3896.602950447369,9172.756161162635,108.81721219196515,243.19436624688848,-15669.678555642982,108.81721219196515,243.19436624688848,-15669.678555642982,0,,1.1368683772161603e-13
q4_2_variable_unclustered,2025-05-25,5,unclustered,1,0,0,0.0,0,0.0,149.36602103633226,229.38025105987418,707.7066909181503,5.923570283182489,29.12702810683745,161.12245083762969,5.923570283182489,29.12702810683745,161.12245083762969,6,1.0,1.1368683772161603e-13
q4_2_variable_unclustered,2025-05-26,5,unclustered,1,0,0,0.0,0,0.0,2077.628050300932,3009.9878266120427,5363.245148255585,35.7511320726813,159.7883601916732,4304.747127023656,35.7511320726813,159.7883601916732,4304.747127023656,9,1.0,1.1368683772161603e-13
q4_2_variable_unclustered,2025-05-27,5,unclustered,1,0,0,0.0,0,0.0,119.6277222469349,189.35981123760524,741.2230809339253,5.357702821380153,17.925671633685916,-486.96838940417035,5.357702821380153,17.925671633685916,-486.96838940417035,2,1.0,1.1368683772161603e-13
q4_2_variable_unclustered,2025-05-28,5,unclustered,1,0,0,0.0,0,0.0,1242.4308633766132,1741.7917466146525,3713.365714768721,15.020298497169437,96.74856214302231,1729.995066172902,15.020298497169437,96.74856214302231,1729.995066172902,3,1.0,1.1368683772161603e-13
q4_2_variable_unclustered,2025-05-29,5,unclustered,1,0,0,0.0,0,0.0,1709.322939014412,2381.0498846660994,4127.479295254036,30.295448739833873,139.62813223648735,2989.0116404323544,30.295448739833873,139.62813223648735,2989.0116404323544,6,0.8333333333333334,1.1368683772161603e-13
q4_2_variable_unclustered,2025-05-30,5,unclustered,1,0,0,0.0,0,0.0,2676.6279639234276,3765.790728778208,8671.908884830551,115.26289341279893,257.5018515628798,-16597.856651443046,115.26289341279893,257.5018515628798,-16597.856651443046,0,,1.1368683772161603e-13
q4_2_variable_unclustered,2025-05-31,5,unclustered,1,0,0,0.0,0,0.0,2808.420816907495,3894.1554440089717,8947.929839898725,110.49779437083502,251.89579792428282,-15911.682389400243,110.49779437083502,251.89579792428282,-15911.682389400243,0,,1.1368683772161603e-13
q4_2_variable_unclustered,2025-06-01,6,unclustered,1,0,0,0.0,0,0.0,3811.168399850618,5144.191738656114,9600.0,129.1913524386627,266.7931893567885,18597.449261297497,129.1913524386627,266.7931893567885,18597.449261297497,69,1.0,1.1368683772161603e-13
q4_2_variable_unclustered,2025-06-02,6,unclustered,1,0,0,0.0,0,0.0,3213.897949123238,4422.766818101535,9600.0,109.69193105133462,262.3909198784802,15739.846988080963,109.69193105133462,262.3909198784802,15739.846988080963,45,1.0,0.0
q4_2_variable_unclustered,2025-06-03,6,unclustered,1,0,0,0.0,0,0.0,3401.8898443139415,4553.281597831377,9600.0,100.35656911412525,255.1585867581498,14451.345952434036,100.35656911412525,255.1585867581498,14451.345952434036,43,1.0,0.0
q4_2_variable_unclustered,2025-06-04,6,unclustered,1,0,0,0.0,0,0.0,3866.8260132963655,5111.87249162895,9600.0,100.87304470994792,249.1111235472351,14525.7184382325,100.87304470994792,249.1111235472351,14525.7184382325,53,1.0,2.2737367544323206e-13
q4_2_variable_unclustered,2025-06-05,6,unclustered,1,0,0,0.0,0,0.0,3783.037865264028,5019.062275767617,9600.0,106.78836046069985,257.494665275148,15273.617284912014,106.78836046069985,257.494665275148,15273.617284912014,52,1.0,2.2737367544323206e-13
q4_2_variable_unclustered,2025-06-06,6,unclustered,1,0,0,0.0,0,0.0,2115.134057777163,2928.743318934381,6928.27889091457,70.95920453826443,189.93721374418593,-10218.125453510078,70.95920453826443,189.93721374418593,-10218.125453510078,0,,1.1368683772161603e-13
q4_2_variable_unclustered,2025-06-07,6,unclustered,1,0,0,0.0,0,0.0,1998.511662755514,2765.2274443492975,6062.677768930602,78.91299675953849,186.96056771329765,-11363.471533373542,78.91299675953849,186.96056771329765,-11363.471533373542,0,,1.1368683772161603e-13
q4_2_variable_unclustered,2025-06-08,6,unclustered,1,0,0,0.0,0,0.0,2567.429330390445,3565.2177048889394,8384.953667205778,59.825008633211056,217.85256538535182,8614.801243182392,59.825008633211056,217.85256538535182,8614.801243182392,19,0.9473684210526315,1.1368683772161603e-13
q4_2_variable_unclustered,2025-06-09,6,unclustered,1,0,0,0.0,0,0.0,3684.3416359885755,4971.691946251821,9600.0,92.69209656494391,247.82837815903804,13347.661905351923,92.69209656494391,247.82837815903804,13347.661905351923,42,1.0,0.0
q4_2_variable_unclustered,2025-06-10,6,unclustered,1,0,0,0.0,0,0.0,3574.1272529079843,4924.313759176126,9600.0,89.37205971083287,240.50946071335926,12869.022890463408,89.37205971083287,240.50946071335926,12869.022890463408,43,1.0,0.0
q4_2_variable_unclustered,2025-06-11,6,unclustered,1,0,0,0.0,0,0.0,3629.139592972788,5004.885305954868,9600.0,112.22890513949073,252.080821336393,16068.95718904469,112.22890513949073,252.080821336393,16068.95718904469,54,1.0,1.1368683772161603e-13
q4_2_variable_unclustered,2025-06-12,6,unclustered,1,0,0,0.0,0,0.0,3293.170612219789,4739.755972915547,9600.0,82.74441468116497,230.924150398984,11470.468281939151,82.74441468116497,230.924150398984,11470.468281939151,39,1.0,1.1368683772161603e-13
q4_2_variable_unclustered,2025-06-13,6,unclustered,1,0,0,0.0,0,0.0,1728.9341563711278,2445.448339412191,5374.100677301482,123.81999455717067,249.45578178075735,-17830.079216232578,123.81999455717067,249.45578178075735,-17830.079216232578,0,,1.1368683772161603e-13
q4_2_variable_unclustered,2025-06-14,6,unclustered,1,0,0,0.0,0,0.0,1727.3121793676203,2601.3708062181645,5841.091667780885,119.76762922095138,246.3012010695965,-17246.538607816998,119.76762922095138,246.3012010695965,-17246.538607816998,0,,1.7053025658242404e-13
q4_2_variable_unclustered,2025-06-15,6,unclustered,1,0,0,0.0,0,0.0,2968.675352288408,4476.9401099436955,9598.628171268103,60.31482420803549,219.707244870968,8676.387797373005,60.31482420803549,219.707244870968,8676.387797373005,13,1.0,0.0
q4_2_variable_unclustered,2025-06-16,6,unclustered,1,0,0,0.0,0,0.0,2922.354657476379,4179.096665011511,9227.806388662771,68.55775493241407,222.86479705413433,9528.00934539383,68.55775493241407,222.86479705413433,9528.00934539383,24,1.0,0.0
q4_2_variable_unclustered,2025-06-17,6,unclustered,1,0,0,0.0,0,0.0,2912.2824548615104,4464.6499432309565,9600.0,62.80171239996397,222.01232664007438,9039.696467465928,62.80171239996397,222.01232664007438,9039.696467465928,23,1.0,1.1368683772161603e-13
q4_2_variable_unclustered,2025-06-18,6,unclustered,1,0,0,0.0,0,0.0,1509.5399922577037,2201.1895808285303,4424.023863770325,27.92617607900176,144.66846725898256,3591.160709971138,27.92617607900176,144.66846725898256,3591.160709971138,5,1.0,1.1368683772161603e-13
q4_2_variable_unclustered,2025-06-19,6,unclustered,1,0,0,0.0,0,0.0,580.996317794507,775.7891455239923,1516.018426743892,12.846587045568626,71.58596206948906,20.564882534143976,12.846587045568626,71.58596206948906,20.564882534143976,8,0.625,2.2737367544323206e-13
q4_2_variable_unclustered,2025-06-20,6,unclustered,1,0,0,0.0,0,0.0,2077.737966375694,3114.0107642503845,6947.970549986732,189.71706983559213,331.33682020928654,-27319.258056325267,189.71706983559213,331.33682020928654,-27319.258056325267,0,,2.2737367544323206e-13
q4_2_variable_unclustered,2025-06-21,6,unclustered,1,0,0,0.0,0,0.0,2019.0090919779818,3039.8743713453,6825.787645645705,189.1160514646044,336.2810970940162,-27232.711410903034,189.1160514646044,336.2810970940162,-27232.711410903034,0,,1.1368683772161603e-13
q4_2_variable_unclustered,2025-06-22,6,unclustered,1,0,0,0.0,0,0.0,483.2243670579333,669.3917766248596,1392.544698944217,11.979912474653517,71.33759153399016,-955.4805902561017,11.979912474653517,71.33759153399016,-955.4805902561017,3,0.3333333333333333,1.1368683772161603e-13
q4_2_variable_unclustered,2025-06-23,6,unclustered,1,0,0,0.0,0,0.0,321.3701621221975,433.8589733540298,857.9552424738504,21.70508324985266,85.7808052666049,-2183.663470859511,21.70508324985266,85.7808052666049,-2183.663470859511,2,0.5,2.2737367544323206e-13
q4_2_variable_unclustered,2025-06-24,6,unclustered,1,0,0,0.0,0,0.0,1645.202968844189,2339.327996979842,4438.775073968043,45.94807983528119,152.92910327797148,5770.434046458455,45.94807983528119,152.92910327797148,5770.434046458455,19,1.0,1.1368683772161603e-13
q4_2_variable_unclustered,2025-06-25,6,unclustered,1,0,0,0.0,0,0.0,652.2166179404188,898.9924230699029,2010.485335478097,12.074046068597783,54.60129706486223,-1056.2189314658112,12.074046068597783,54.60129706486223,-1056.2189314658112,3,1.0,1.1368683772161603e-13
q4_2_variable_unclustered,2025-06-26,6,unclustered,1,0,0,0.0,0,0.0,425.7104339306118,598.0502801925845,1341.3869064811547,34.776874436932744,96.94608308556138,-4675.764484774178,34.776874436932744,96.94608308556138,-4675.764484774178,6,0.5,2.2737367544323206e-13
q4_2_variable_unclustered,2025-06-27,6,unclustered,1,0,0,0.0,0,0.0,2209.1496035656837,3296.860729673343,7580.385355853395,221.16055187212928,370.78820262823547,-31847.119469586614,221.16055187212928,370.78820262823547,-31847.119469586614,0,,2.2737367544323206e-13
q4_2_variable_unclustered,2025-06-28,6,unclustered,1,0,0,0.0,0,0.0,2195.8223370256483,3253.861070619417,7476.372413438865,215.34183538482688,363.49492687622217,-31009.22429541507,215.34183538482688,363.49492687622217,-31009.22429541507,0,,2.2737367544323206e-13
q4_2_variable_unclustered,2025-06-29,6,unclustered,1,0,0,0.0,0,0.0,350.1980294032275,467.8682845205287,1054.4165798872973,21.035149480434264,89.11625278410492,-3029.061525182534,21.035149480434264,89.11625278410492,-3029.061525182534,0,,2.2737367544323206e-13
q4_2_variable_unclustered,2025-06-30,6,unclustered,1,0,0,0.0,0,0.0,572.3827711645638,723.5207498171362,1375.8708890447324,23.312510096410698,90.80309196843949,-3091.488031922462,23.312510096410698,90.80309196843949,-3091.488031922462,4,0.5,1.7053025658242404e-13
q4_2_variable_unclustered,2025-07-01,7,unclustered,1,0,0,0.0,0,0.0,1325.0161506381298,1798.8368760498372,4087.078192315186,38.90481075095122,113.60145199304348,4448.512454412286,38.90481075095122,113.60145199304348,4448.512454412286,29,0.7241379310344828,2.2737367544323206e-13
q4_2_variable_unclustered,2025-07-02,7,unclustered,1,0,0,0.0,0,0.0,1201.7889753216753,1637.967185908503,3503.5149144812985,47.11217236803828,153.60703059611274,-2311.0905255222706,47.11217236803828,153.60703059611274,-2311.0905255222706,23,0.6086956521739131,2.2737367544323206e-13
q4_2_variable_unclustered,2025-07-03,7,unclustered,1,0,0,0.0,0,0.0,1411.7944495069405,1768.4290497766497,3857.1569606193593,37.009503596431536,114.08357355952553,3992.844558173656,37.009503596431536,114.08357355952553,3992.844558173656,30,0.7333333333333333,2.2737367544323206e-13
q4_2_variable_unclustered,2025-07-04,7,unclustered,1,0,0,0.0,0,0.0,1960.3904834324153,3051.2914098657243,7980.134989976561,176.20532727911325,335.79883047920856,-25373.567128192306,176.20532727911325,335.79883047920856,-25373.567128192306,0,,2.2737367544323206e-13
q4_2_variable_unclustered,2025-07-05,7,unclustered,1,0,0,0.0,0,0.0,2001.6373908775922,3090.53044004858,7883.10842148465,171.82902333246213,330.2298680607737,-24743.379359874547,171.82902333246213,330.2298680607737,-24743.379359874547,0,,2.2737367544323206e-13
q4_2_variable_unclustered,2025-07-06,7,unclustered,1,0,0,0.0,0,0.0,1609.7340769830291,1914.096635711882,3280.5012140835784,45.047053916293265,145.67101519317953,3534.8402567004,45.047053916293265,145.67101519317953,3534.8402567004,26,0.7692307692307693,2.2737367544323206e-13
q4_2_variable_unclustered,2025-07-07,7,unclustered,1,0,0,0.0,0,0.0,902.020527501426,1320.1101259123207,2961.218690915638,40.484159520625354,124.07620910749786,-3845.1759757244413,40.484159520625354,124.07620910749786,-3845.1759757244413,16,0.5,2.2737367544323206e-13
q4_2_variable_unclustered,2025-07-08,7,unclustered,1,0,0,0.0,0,0.0,1048.183885314469,1366.997389096582,2981.5212230422926,48.0243427990239,133.2300326348465,-2143.336257604057,48.0243427990239,133.2300326348465,-2143.336257604057,25,0.72,2.2737367544323206e-13
q4_2_variable_unclustered,2025-07-09,7,unclustered,1,0,0,0.0,0,0.0,694.4716990679964,1017.8349542819354,2346.3960244269238,41.11463458928208,121.72781451694992,-4278.02586514728,41.11463458928208,121.72781451694992,-4278.02586514728,15,0.4666666666666667,2.2737367544323206e-13
q4_2_variable_unclustered,2025-07-10,7,unclustered,1,0,0,0.0,0,0.0,496.6799503104033,703.8394272884848,1609.9757371582764,48.20625296034636,137.75432461313767,-5694.149803551449,48.20625296034636,137.75432461313767,-5694.149803551449,15,0.4666666666666667,2.2737367544323206e-13
q4_2_variable_unclustered,2025-07-11,7,unclustered,1,0,0,0.0,0,0.0,2068.8271100948896,3200.8767724696972,8255.790597979367,204.9091635349695,364.1416216258528,-29506.91954903561,204.9091635349695,364.1416216258528,-29506.91954903561,0,,3.410605131648481e-13
q4_2_variable_unclustered,2025-07-12,7,unclustered,1,0,0,0.0,0,0.0,2236.913659459158,3329.445190247183,8434.892606598974,201.32403431824002,365.3245913459298,-28990.660941826565,201.32403431824002,365.3245913459298,-28990.660941826565,0,,2.2737367544323206e-13
q4_2_variable_unclustered,2025-07-13,7,unclustered,1,0,0,0.0,0,0.0,460.7031226480976,660.6688608974621,1470.1928742719028,58.336151576616835,160.63675031467324,-7411.681451882064,58.336151576616835,160.63675031467324,-7411.681451882064,11,0.36363636363636365,2.8421709430404007e-13
q4_2_variable_unclustered,2025-07-14,7,unclustered,1,0,0,0.0,0,0.0,498.40469457857284,714.4930272012102,1756.591079073496,58.370737394187444,175.13720672788838,-7297.813583607994,58.370737394187444,175.13720672788838,-7297.813583607994,12,0.5833333333333334,2.2737367544323206e-13
q4_2_variable_unclustered,2025-07-15,7,unclustered,1,0,0,0.0,0,0.0,596.6345108036936,1034.1451854928296,3085.3993145201175,56.49485127758732,171.94035560143476,-8039.754386317494,56.49485127758732,171.94035560143476,-8039.754386317494,5,0.2,3.410605131648481e-13
q4_2_variable_unclustered,2025-07-16,7,unclustered,1,0,0,0.0,0,0.0,583.929469946308,1028.9795156021578,3128.3951483320825,57.441117773747706,174.41506753816313,-8184.487183814685,57.441117773747706,174.41506753816313,-8184.487183814685,2,0.0,2.8421709430404007e-13
q4_2_variable_unclustered,2025-07-17,7,unclustered,1,0,0,0.0,0,0.0,344.4165986949372,566.0572205881039,1676.676488680383,52.39403402107176,159.28505815378463,-7536.822062410109,52.39403402107176,159.28505815378463,-7536.822062410109,1,0.0,2.2737367544323206e-13
q4_2_variable_unclustered,2025-07-18,7,unclustered,1,0,0,0.0,0,0.0,2217.588504978075,3418.841929477187,8411.001584292655,228.94234993136953,387.62721179256675,-32967.69839011721,228.94234993136953,387.62721179256675,-32967.69839011721,0,,2.2737367544323206e-13
q4_2_variable_unclustered,2025-07-19,7,unclustered,1,0,0,0.0,0,0.0,2254.5965638741177,3476.703907182723,8422.263657225574,220.73174014629376,376.00978202480667,-31785.3705810663,220.73174014629376,376.00978202480667,-31785.3705810663,0,,2.2737367544323206e-13
q4_2_variable_unclustered,2025-07-20,7,unclustered,1,0,0,0.0,0,0.0,472.36881463587815,817.7905484606069,2320.0229123068975,59.6576654922472,171.62073207655942,-8580.081249252167,59.6576654922472,171.62073207655942,-8580.081249252167,1,0.0,2.2737367544323206e-13
q4_2_variable_unclustered,2025-07-21,7,unclustered,1,0,0,0.0,0,0.0,408.9956835092216,711.5233162060657,2093.2202938103374,55.08680195035857,162.79843136614645,-7921.315893502214,55.08680195035857,162.79843136614645,-7921.315893502214,1,0.0,2.2737367544323206e-13
q4_2_variable_unclustered,2025-07-22,7,unclustered,1,0,0,0.0,0,0.0,526.468276428862,893.9276290540807,2421.530902671304,61.49801913960643,173.7013822633122,-8837.956698680095,61.49801913960643,173.7013822633122,-8837.956698680095,2,0.0,2.2737367544323206e-13
q4_2_variable_unclustered,2025-07-23,7,unclustered,1,0,0,0.0,0,0.0,459.84297878624164,749.319897837268,2141.806043080862,54.46774409557731,164.23645593907,-7839.447221110702,54.46774409557731,164.23645593907,-7839.447221110702,1,0.0,2.2737367544323206e-13
q4_2_variable_unclustered,2025-07-24,7,unclustered,1,0,0,0.0,0,0.0,791.0177624429821,1354.6981839206367,3925.954622211111,70.38979880653375,199.84436525366075,-10136.13102814086,70.38979880653375,199.84436525366075,-10136.13102814086,0,,3.126388037344441e-13
q4_2_variable_unclustered,2025-07-25,7,unclustered,1,0,0,0.0,0,0.0,2316.6935518689934,3524.268245209806,8383.020108460125,246.4384804499285,407.10692238404715,-35487.1411847897,246.4384804499285,407.10692238404715,-35487.1411847897,0,,2.2737367544323206e-13
q4_2_variable_unclustered,2025-07-26,7,unclustered,1,0,0,0.0,0,0.0,2273.3124301040834,3485.969640524347,8412.446097544933,242.4579179850941,400.4462110845538,-34913.94018985355,242.4579179850941,400.4462110845538,-34913.94018985355,0,,2.2737367544323206e-13
q4_2_variable_unclustered,2025-07-27,7,unclustered,1,0,0,0.0,0,0.0,396.97980868664564,550.6254816750253,1215.7885673513065,67.5498785517554,158.8044562095028,-9727.182511452776,67.5498785517554,158.8044562095028,-9727.182511452776,0,,2.5579538487363607e-13
q4_2_variable_unclustered,2025-07-28,7,unclustered,1,0,0,0.0,0,0.0,368.01278487789114,525.744420823265,1153.3060572945542,46.15067999190043,143.97310707029212,-6645.697918833663,46.15067999190043,143.97310707029212,-6645.697918833663,0,,2.2737367544323206e-13
q4_2_variable_unclustered,2025-07-29,7,unclustered,1,0,0,0.0,0,0.0,537.5530930302925,718.846514376159,1359.817645636877,64.89771471926015,178.78320151481063,-9345.270919573462,64.89771471926015,178.78320151481063,-9345.270919573462,0,,2.8421709430404007e-13
q4_2_variable_unclustered,2025-07-30,7,unclustered,1,0,0,0.0,0,0.0,517.6413155857186,747.9574864149894,1737.0841900931173,73.8840594570471,196.11998218063437,-10639.304561814783,73.8840594570471,196.11998218063437,-10639.304561814783,0,,3.410605131648481e-13
q4_2_variable_unclustered,2025-07-31,7,unclustered,1,0,0,0.0,0,0.0,657.611044219343,916.8963284649516,2109.535226234135,78.62533099467291,200.80971967124214,-11322.0476632329,78.62533099467291,200.80971967124214,-11322.0476632329,0,,2.2737367544323206e-13
q4_2_variable_unclustered,2025-08-01,8,unclustered,1,0,0,0.0,0,0.0,2370.8992000657154,3600.5297741906656,8368.589991307734,257.0659580413827,422.9747911698487,-37017.49795795911,257.0659580413827,422.9747911698487,-37017.49795795911,0,,2.2737367544323206e-13
q4_2_variable_unclustered,2025-08-02,8,unclustered,1,0,0,0.0,0,0.0,2337.4311206235802,3578.5534678787585,8419.759988851565,257.73949445632684,417.0733628403559,-37114.48720171107,257.73949445632684,417.0733628403559,-37114.48720171107,0,,3.410605131648481e-13
q4_2_variable_unclustered,2025-08-03,8,unclustered,1,0,0,0.0,0,0.0,986.7739595468473,1771.9490657177896,5661.256081675404,116.48601649459826,275.2413115436433,-16768.808107506033,116.48601649459826,275.2413115436433,-16768.808107506033,1,0.0,2.2737367544323206e-13
q4_2_variable_unclustered,2025-08-04,8,unclustered,1,0,0,0.0,0,0.0,1060.11281484916,1714.082894663135,5029.175335035779,108.97156567641059,259.9703062724552,-15691.905457403125,108.97156567641059,259.9703062724552,-15691.905457403125,0,,2.2737367544323206e-13
q4_2_variable_unclustered,2025-08-05,8,unclustered,1,0,0,0.0,0,0.0,945.9473517549931,1469.896963073888,3996.0245624471772,107.84893242904432,247.20716509277747,-15530.246269782383,107.84893242904432,247.20716509277747,-15530.246269782383,0,,2.4868995751603507e-13
q4_2_variable_unclustered,2025-08-06,8,unclustered,1,0,0,0.0,0,0.0,1104.4292887451893,1750.9653246859427,5030.2481230572175,95.85800120035326,229.57638884324254,-13803.552172850868,95.85800120035326,229.57638884324254,-13803.552172850868,0,,2.2737367544323206e-13
q4_2_variable_unclustered,2025-08-07,8,unclustered,1,0,0,0.0,0,0.0,988.0239962486339,1613.1783473579044,4712.789995784546,115.72626007864021,265.85858831549024,-16664.58145132419,115.72626007864021,265.85858831549024,-16664.58145132419,0,,2.2737367544323206e-13
q4_2_variable_unclustered,2025-08-08,8,unclustered,1,0,0,0.0,0,0.0,2372.420687018554,3656.2602676578376,8573.33197706507,260.0238598691215,418.53741709503845,-37443.4358211535,260.0238598691215,418.53741709503845,-37443.4358211535,0,,2.2737367544323206e-13
q4_2_variable_unclustered,2025-08-09,8,unclustered,1,0,0,0.0,0,0.0,2372.2431541354863,3648.117826234766,8483.481014764104,250.7699916271045,402.43423873645156,-36110.87879430305,250.7699916271045,402.43423873645156,-36110.87879430305,0,,2.2737367544323206e-13
q4_2_variable_unclustered,2025-08-10,8,unclustered,1,0,0,0.0,0,0.0,1018.5760696615913,1669.0136836570116,4950.382340726039,106.68209427132757,255.27706077606123,-15362.22157507117,106.68209427132757,255.27706077606123,-15362.22157507117,0,,2.2737367544323206e-13
q4_2_variable_unclustered,2025-08-11,8,unclustered,1,0,0,0.0,0,0.0,806.5099109381462,1227.7548377155072,3555.1235958306033,95.90421521660795,225.70519230840793,-13810.206991191544,95.90421521660795,225.70519230840793,-13810.206991191544,0,,2.2737367544323206e-13
q4_2_variable_unclustered,2025-08-12,8,unclustered,1,0,0,0.0,0,0.0,949.3628869985732,1438.7689167162134,3626.2396146842657,80.27041086154041,206.32529660709037,-11558.93916406182,80.27041086154041,206.32529660709037,-11558.93916406182,0,,2.2737367544323206e-13
q4_2_variable_unclustered,2025-08-13,8,unclustered,1,0,0,0.0,0,0.0,931.2070261710277,1384.0558477407444,3380.943098216502,93.9331615580614,221.90068276185542,-13526.375264360842,93.9331615580614,221.90068276185542,-13526.375264360842,0,,2.2737367544323206e-13
q4_2_variable_unclustered,2025-08-14,8,unclustered,1,0,0,0.0,0,0.0,626.5707426212878,911.258062018581,2165.6771996378484,92.29423515073569,220.01400033380023,-13290.369861705938,92.29423515073569,220.01400033380023,-13290.369861705938,0,,2.2737367544323206e-13
q4_2_variable_unclustered,2025-08-15,8,unclustered,1,0,0,0.0,0,0.0,2359.8604361761577,3605.918603820444,8245.09606897392,238.92136531401178,386.8657981007365,-34404.6766052177,238.92136531401178,386.8657981007365,-34404.6766052177,0,,2.2737367544323206e-13
q4_2_variable_unclustered,2025-08-16,8,unclustered,1,0,0,0.0,0,0.0,2376.797990228876,3637.21770009509,8255.518793169507,232.1860872618856,379.4287023626197,-33434.79656571153,232.1860872618856,379.4287023626197,-33434.79656571153,0,,2.2737367544323206e-13
q4_2_variable_unclustered,2025-08-17,8,unclustered,1,0,0,0.0,0,0.0,761.0524938446517,1198.0848963202245,3377.5205364216426,90.01419361720144,208.77343666199693,-12962.043880877007,90.01419361720144,208.77343666199693,-12962.043880877007,0,,3.410605131648481e-13
q4_2_variable_unclustered,2025-08-18,8,unclustered,1,0,0,0.0,0,0.0,711.4073890689784,1010.0564480889469,2463.6457904808067,89.18330290732621,203.92611976591124,-12842.395618654975,89.18330290732621,203.92611976591124,-12842.395618654975,0,,2.2737367544323206e-13
q4_2_variable_unclustered,2025-08-19,8,unclustered,1,0,0,0.0,0,0.0,934.9117787045286,1459.4929968487786,4141.474362053685,81.8450060490526,198.65267307150532,-11785.680871063574,81.8450060490526,198.65267307150532,-11785.680871063574,0,,2.2737367544323206e-13
q4_2_variable_unclustered,2025-08-20,8,unclustered,1,0,0,0.0,0,0.0,474.5578283530231,703.0201504133665,1773.0067676127746,62.75398594053284,156.91480292736568,-8477.502223552328,62.75398594053284,156.91480292736568,-8477.502223552328,3,1.0,2.2737367544323206e-13
q4_2_variable_unclustered,2025-08-21,8,unclustered,1,0,0,0.0,0,0.0,972.8464697693917,1473.193925971475,3858.151616114677,89.84206377692435,211.09118039392973,-12937.257183877105,89.84206377692435,211.09118039392973,-12937.257183877105,0,,2.2737367544323206e-13
q4_2_variable_unclustered,2025-08-22,8,unclustered,1,0,0,0.0,0,0.0,2408.007856874143,3625.405686086774,8303.708365207538,220.80316871246234,367.42878793061954,-31795.656294594577,220.80316871246234,367.42878793061954,-31795.656294594577,0,,2.2737367544323206e-13
q4_2_variable_unclustered,2025-08-23,8,unclustered,1,0,0,0.0,0,0.0,2399.506533904828,3585.530024461357,8129.286926587714,220.59344576825956,360.51894473961244,-31765.456190629375,220.59344576825956,360.51894473961244,-31765.456190629375,0,,3.410605131648481e-13
q4_2_variable_unclustered,2025-08-24,8,unclustered,1,0,0,0.0,0,0.0,773.7113584866637,1144.703691190396,2921.054696101007,77.74803883257192,185.90912864847368,-11195.717591890356,77.74803883257192,185.90912864847368,-11195.717591890356,0,,2.2737367544323206e-13
q4_2_variable_unclustered,2025-08-25,8,unclustered,1,0,0,0.0,0,0.0,638.5240506690678,867.6697568915346,1901.8468393060684,50.588185702397126,152.98805512430437,-7284.698741145186,50.588185702397126,152.98805512430437,-7284.698741145186,0,,1.2434497875801753e-13
q4_2_variable_unclustered,2025-08-26,8,unclustered,1,0,0,0.0,0,0.0,731.8346042243868,1004.3279513573486,2099.1833042607777,79.69846377961699,189.21813930863664,-11476.578784264846,79.69846377961699,189.21813930863664,-11476.578784264846,0,,2.2737367544323206e-13
q4_2_variable_unclustered,2025-08-27,8,unclustered,1,0,0,0.0,0,0.0,597.5034342484132,846.1884535160391,2000.4357493049938,64.63722859692683,161.3811520270059,-9307.760917957465,64.63722859692683,161.3811520270059,-9307.760917957465,0,,2.8421709430404007e-13
q4_2_variable_unclustered,2025-08-28,8,unclustered,1,0,0,0.0,0,0.0,594.5221606322341,836.3692268075399,1966.7642179933373,61.85288093229747,168.9108056281856,-8906.814854250835,61.85288093229747,168.9108056281856,-8906.814854250835,0,,2.8421709430404007e-13
q4_2_variable_unclustered,2025-08-29,8,unclustered,1,0,0,0.0,0,0.0,2369.8152113452593,3578.154803410617,8661.708955082004,226.1930983855085,369.40880206520734,-32571.806167513227,226.1930983855085,369.40880206520734,-32571.806167513227,0,,1.1368683772161603e-13
q4_2_variable_unclustered,2025-08-30,8,unclustered,1,0,0,0.0,0,0.0,2512.441333523266,3777.198061564793,8677.555331494299,214.03639174649305,351.52448436692094,-30821.240411495,214.03639174649305,351.52448436692094,-30821.240411495,0,,1.1368683772161603e-13
q4_2_variable_unclustered,2025-08-31,8,unclustered,1,0,0,0.0,0,0.0,590.4997885867671,805.0240802140713,1890.2001807681017,60.44702298757542,160.49112731649132,-8704.371310210861,60.44702298757542,160.49112731649132,-8704.371310210861,0,,2.2737367544323206e-13
q4_2_variable_unclustered,2025-09-01,9,unclustered,1,0,0,0.0,0,0.0,1246.6879553968242,1800.1936084531612,4285.531534247271,139.30699657153602,269.5150706748852,-20060.207506301187,139.30699657153602,269.5150706748852,-20060.207506301187,0,,2.2737367544323206e-13
q4_2_variable_unclustered,2025-09-02,9,unclustered,1,0,0,0.0,0,0.0,864.2725287400542,1410.0867424568073,4110.732509622875,136.98244920211266,259.3893808665558,-19725.47268510422,136.98244920211266,259.3893808665558,-19725.47268510422,0,,2.2737367544323206e-13
q4_2_variable_unclustered,2025-09-03,9,unclustered,1,0,0,0.0,0,0.0,1225.9752806169574,1766.9790092314665,4044.2725659085663,125.03078779377464,252.9898968666593,-18004.433442303547,125.03078779377464,252.9898968666593,-18004.433442303547,0,,2.2737367544323206e-13
q4_2_variable_unclustered,2025-09-04,9,unclustered,1,0,0,0.0,0,0.0,1139.870493391152,1721.9510314275112,4081.8660129516256,130.3798028249735,256.4585777975436,-18774.691606796183,130.3798028249735,256.4585777975436,-18774.691606796183,0,,2.2737367544323206e-13
q4_2_variable_unclustered,2025-09-05,9,unclustered,1,0,0,0.0,0,0.0,2612.1524992682816,3885.369015819694,8492.127684472547,260.7632032307686,421.7310170540009,-37549.901265230685,260.7632032307686,421.7310170540009,-37549.901265230685,0,,1.1368683772161603e-13
q4_2_variable_unclustered,2025-09-06,9,unclustered,1,0,0,0.0,0,0.0,2582.031906642963,3779.3383695741663,8270.445966772259,250.46293814581063,412.28861126516176,-36066.66309299673,250.46293814581063,412.28861126516176,-36066.66309299673,0,,2.2737367544323206e-13
q4_2_variable_unclustered,2025-09-07,9,unclustered,1,0,0,0.0,0,0.0,810.1097028853801,1285.3054761848707,3656.9790025456423,113.47513854682494,231.95377982693884,-16340.419950742791,113.47513854682494,231.95377982693884,-16340.419950742791,0,,2.2737367544323206e-13
q4_2_variable_unclustered,2025-09-08,9,unclustered,1,0,0,0.0,0,0.0,820.8077744941204,1296.1667554768685,3668.2429696038816,88.05973083077005,214.88470132975417,-12680.601239630887,88.05973083077005,214.88470132975417,-12680.601239630887,0,,2.2737367544323206e-13
q4_2_variable_unclustered,2025-09-09,9,unclustered,1,0,0,0.0,0,0.0,1028.3868912716878,1518.2649636810054,3539.0449683878833,105.03250031695228,225.915900607126,-15124.68004564113,105.03250031695228,225.915900607126,-15124.68004564113,0,,3.410605131648481e-13
q4_2_variable_unclustered,2025-09-10,9,unclustered,1,0,0,0.0,0,0.0,929.539636649867,1290.3343098059931,3397.553577094598,89.47713538532506,213.0879453345524,-10947.700728820146,89.47713538532506,213.0879453345524,-10947.700728820146,7,1.0,1.1368683772161603e-13
q4_2_variable_unclustered,2025-09-11,9,unclustered,1,0,0,0.0,0,0.0,779.9932127849106,1249.3132050720371,3486.2859601366163,107.14175874080284,226.41039487435503,-15428.41325867561,107.14175874080284,226.41039487435503,-15428.41325867561,0,,3.410605131648481e-13
q4_2_variable_unclustered,2025-09-12,9,unclustered,1,0,0,0.0,0,0.0,2507.924838347664,3679.75760520625,8288.39610775333,231.00637317912384,391.4591830946385,-33264.91773779383,231.00637317912384,391.4591830946385,-33264.91773779383,0,,1.1368683772161603e-13
q4_2_variable_unclustered,2025-09-13,9,unclustered,1,0,0,0.0,0,0.0,2600.5920884680504,3739.631330936852,8483.780692770473,223.02923128365083,382.38744129960736,-32116.20930484572,223.02923128365083,382.38744129960736,-32116.20930484572,0,,3.410605131648481e-13
q4_2_variable_unclustered,2025-09-14,9,unclustered,1,0,0,0.0,0,0.0,670.8030966094533,1125.4022984191702,3089.5540711827525,74.02672527791209,182.2957583339695,-9807.62600326379,74.02672527791209,182.2957583339695,-9807.62600326379,4,1.0,1.5276668818842154e-13
q4_2_variable_unclustered,2025-09-15,9,unclustered,1,0,0,0.0,0,0.0,665.0067970226852,1126.3268549589554,2862.1654644793507,90.11070870846324,185.60490781017904,-11729.774394197784,90.11070870846324,185.60490781017904,-11729.774394197784,6,1.0,2.2737367544323206e-13
q4_2_variable_unclustered,2025-09-16,9,unclustered,1,0,0,0.0,0,0.0,442.6208705112068,927.1982673453779,2678.285622989826,67.30587682138126,162.6550909469361,-9675.183725670508,67.30587682138126,162.6550909469361,-9675.183725670508,1,1.0,2.2737367544323206e-13
q4_2_variable_unclustered,2025-09-17,9,unclustered,1,0,0,0.0,0,0.0,585.5286492858304,1023.7114829367562,2772.6034386709816,81.48437430474051,174.80291052920265,-9500.799367745634,81.48437430474051,174.80291052920265,-9500.799367745634,9,0.8888888888888888,2.2737367544323206e-13
q4_2_variable_unclustered,2025-09-18,9,unclustered,1,0,0,0.0,0,0.0,403.91602793897124,864.4113356685078,2459.5437578861274,82.38739244307246,175.52483586021253,-10479.351273490913,82.38739244307246,175.52483586021253,-10479.351273490913,5,1.0,2.2737367544323206e-13
q4_2_variable_unclustered,2025-09-19,9,unclustered,1,0,0,0.0,0,0.0,2327.1040008630926,3632.3472292495526,8435.512551588536,210.17452429454679,356.3826150014437,-30265.131498414736,210.17452429454679,356.3826150014437,-30265.131498414736,0,,2.2737367544323206e-13
q4_2_variable_unclustered,2025-09-20,9,unclustered,1,0,0,0.0,0,0.0,2258.817680104857,3474.178622737667,7898.484658487415,203.13700255462675,354.71587360941294,-29251.72836786625,203.13700255462675,354.71587360941294,-29251.72836786625,0,,1.2789769243681803e-13
q4_2_variable_unclustered,2025-09-21,9,unclustered,1,0,0,0.0,0,0.0,538.8683011487686,996.4517883855159,2825.6588804179864,62.455431718200494,170.09043325908843,-8993.582167420871,62.455431718200494,170.09043325908843,-8993.582167420871,0,,1.7763568394002505e-13
q4_2_variable_unclustered,2025-09-22,9,unclustered,1,0,0,0.0,0,0.0,507.2662288875046,825.3975271396777,2241.1743743881107,50.624297038665695,151.94129123177163,-6180.042750068629,50.624297038665695,151.94129123177163,-6180.042750068629,5,1.0,1.1368683772161603e-13
q4_2_variable_unclustered,2025-09-23,9,unclustered,1,0,0,0.0,0,0.0,717.4226782175328,995.7303728937987,2129.552724475081,46.13037715921249,109.37233198335294,-4579.843842429004,46.13037715921249,109.37233198335294,-4579.843842429004,9,1.0,1.1368683772161603e-13
q4_2_variable_unclustered,2025-09-24,9,unclustered,1,0,0,0.0,0,0.0,605.0006770877704,1067.2975008451754,2941.7350885204805,63.21989095361482,171.8760369196676,-6273.84141217359,63.21989095361482,171.8760369196676,-6273.84141217359,8,1.0,2.2737367544323206e-13
q4_2_variable_unclustered,2025-09-25,9,unclustered,1,0,0,0.0,0,0.0,510.4980876446518,977.8665966783572,2746.071280878954,55.94087844763081,163.50678972735136,-7064.408152178902,55.94087844763081,163.50678972735136,-7064.408152178902,4,1.0,1.2789769243681803e-13
q4_2_variable_unclustered,2025-09-26,9,unclustered,1,0,0,0.0,0,0.0,2511.212653866729,3797.084836425923,8360.847835478111,201.4044942985169,353.1919737816124,-29002.247178986436,201.4044942985169,353.1919737816124,-29002.247178986436,0,,1.1368683772161603e-13
q4_2_variable_unclustered,2025-09-27,9,unclustered,1,0,0,0.0,0,0.0,2490.6504310137225,3807.2927604974548,8814.418813174068,182.3175502548548,331.87748543871425,-26253.72723669909,182.3175502548548,331.87748543871425,-26253.72723669909,0,,1.1368683772161603e-13
q4_2_variable_unclustered,2025-09-28,9,unclustered,1,0,0,0.0,0,0.0,1012.926945670668,1457.1446575320228,2942.8079925484317,47.03582997787234,118.76077220048253,-1968.3440835521246,47.03582997787234,118.76077220048253,-1968.3440835521246,11,1.0,1.1368683772161603e-13
q4_2_variable_unclustered,2025-09-29,9,unclustered,1,0,0,0.0,0,0.0,681.9854720211179,942.6648068742086,1989.2603684580808,40.66778384070101,98.88035545583263,-2397.828037813958,40.66778384070101,98.88035545583263,-2397.828037813958,11,0.9090909090909091,1.1368683772161603e-13
q4_2_variable_unclustered,2025-09-30,9,unclustered,1,0,0,0.0,0,0.0,1226.8769312951056,1843.4334688709885,3960.909333760259,55.86103504573637,149.81132427241823,87.46364844036805,55.86103504573637,149.81132427241823,87.46364844036805,12,1.0,1.1368683772161603e-13
q4_2_variable_unclustered,2025-10-01,10,unclustered,1,0,0,0.0,0,0.0,1102.8031534586394,1818.820841551827,4163.417849569192,81.633046166212,202.84192506627716,-11755.158647934528,81.633046166212,202.84192506627716,-11755.158647934528,0,,2.2737367544323206e-13
q4_2_variable_unclustered,2025-10-02,10,unclustered,1,0,0,0.0,0,0.0,746.53343553692,1422.3069758550585,4058.178458859751,77.79360299542627,201.26614509138523,-11202.278831341382,77.79360299542627,201.26614509138523,-11202.278831341382,0,,1.1368683772161603e-13
q4_2_variable_unclustered,2025-10-03,10,unclustered,1,0,0,0.0,0,0.0,2798.9285141005216,4243.46999009996,9308.653987917454,205.93012496684548,371.87927150335383,-29653.93799522575,205.93012496684548,371.87927150335383,-29653.93799522575,0,,1.1368683772161603e-13
q4_2_variable_unclustered,2025-10-04,10,unclustered,1,0,0,0.0,0,0.0,2652.200769622348,4021.0198867471013,8746.826473254503,192.87836874195202,352.62375076104945,-27774.48509884109,192.87836874195202,352.62375076104945,-27774.48509884109,0,,2.2737367544323206e-13
q4_2_variable_unclustered,2025-10-05,10,unclustered,1,0,0,0.0,0,0.0,618.2219943150292,1199.5954858241196,3370.3977916647345,51.87922800632483,167.3228775682854,-7420.404230265731,51.87922800632483,167.3228775682854,-7420.404230265731,2,1.0,2.2737367544323206e-13
q4_2_variable_unclustered,2025-10-06,10,unclustered,1,0,0,0.0,0,0.0,499.1353475182237,921.6736048229595,2620.042466345072,38.79784568893601,143.09652792960094,-5174.033188006992,38.79784568893601,143.09652792960094,-5174.033188006992,3,1.0,1.1368683772161603e-13
q4_2_variable_unclustered,2025-10-07,10,unclustered,1,0,0,0.0,0,0.0,556.4122514642361,1071.2568103557032,3005.999013807297,48.18034605078645,163.317607485939,-5153.332009001187,48.18034605078645,163.317607485939,-5153.332009001187,6,1.0,2.2737367544323206e-13
q4_2_variable_unclustered,2025-10-08,10,unclustered,1,0,0,0.0,0,0.0,529.0744514377042,1022.3080343994699,2862.005627022085,47.81629361656484,154.55048001492096,-6013.770460305155,47.81629361656484,154.55048001492096,-6013.770460305155,5,1.0,2.2737367544323206e-13
q4_2_variable_unclustered,2025-10-09,10,unclustered,1,0,0,0.0,0,0.0,472.90176173281225,930.8633769998729,2608.3250180696086,46.636880205521564,152.3317187205696,-5913.620146081514,46.636880205521564,152.3317187205696,-5913.620146081514,4,1.0,2.526381881473583e-13
q4_2_variable_unclustered,2025-10-10,10,unclustered,1,0,0,0.0,0,0.0,2526.189524357438,3892.0183597648706,9054.40621330566,178.08778917811046,325.3939670137829,-25644.641641647904,178.08778917811046,325.3939670137829,-25644.641641647904,0,,1.1368683772161603e-13
q4_2_variable_unclustered,2025-10-11,10,unclustered,1,0,0,0.0,0,0.0,2399.6360014881107,3684.539491800939,8677.991768298034,171.43076390798208,311.9364089848177,-24686.03000274942,171.43076390798208,311.9364089848177,-24686.03000274942,0,,1.1368683772161603e-13
q4_2_variable_unclustered,2025-10-12,10,unclustered,1,0,0,0.0,0,0.0,375.87331330945744,530.3668172889909,1189.8711497947124,19.55673366331226,87.8145256214597,-1972.4921772963696,19.55673366331226,87.8145256214597,-1972.4921772963696,5,0.8,1.1368683772161603e-13
q4_2_variable_unclustered,2025-10-13,10,unclustered,1,0,0,0.0,0,0.0,301.7962124225011,467.826159014413,1146.3794463587983,19.735936299201203,87.53864571929137,-2177.896897207603,19.735936299201203,87.53864571929137,-2177.896897207603,4,1.0,1.1368683772161603e-13
q4_2_variable_unclustered,2025-10-14,10,unclustered,1,0,0,0.0,0,0.0,468.94721042406644,652.9873652639511,1477.861458516316,20.208327504240515,76.03458062661453,1113.590821768584,20.208327504240515,76.03458062661453,1113.590821768584,9,1.0,2.2737367544323206e-13
q4_2_variable_unclustered,2025-10-15,10,unclustered,1,0,0,0.0,0,0.0,864.316635475207,1320.7880338072848,2672.277999116488,21.514073435992,94.14182395343082,1535.1998296288725,21.514073435992,94.14182395343082,1535.1998296288725,8,1.0,1.1368683772161603e-13
q4_2_variable_unclustered,2025-10-16,10,unclustered,1,0,0,0.0,0,0.0,794.3634112391883,1370.095362580519,3183.538267623763,29.099534856178423,116.89880718262211,2316.9219175904072,29.099534856178423,116.89880718262211,2316.9219175904072,11,1.0,1.1368683772161603e-13
q4_2_variable_unclustered,2025-10-17,10,unclustered,1,0,0,0.0,0,0.0,2483.3667790854006,3825.681576306785,9301.779655027505,158.34019509450965,290.78947203722294,-22800.98809360939,158.34019509450965,290.78947203722294,-22800.98809360939,0,,1.1368683772161603e-13
q4_2_variable_unclustered,2025-10-18,10,unclustered,1,0,0,0.0,0,0.0,2480.9101623153433,3823.6523835025046,9287.00459564014,151.2305298489015,279.7034109662399,-21777.19629824182,151.2305298489015,279.7034109662399,-21777.19629824182,0,,1.1368683772161603e-13
q4_2_variable_unclustered,2025-10-19,10,unclustered,1,0,0,0.0,0,0.0,1094.8605014892867,1829.8333448785604,4150.105526063891,33.84177915718519,140.001402051704,4474.19009186444,33.84177915718519,140.001402051704,4474.19009186444,13,1.0,2.2737367544323206e-13
q4_2_variable_unclustered,2025-10-20,10,unclustered,1,0,0,0.0,0,0.0,974.1306932896117,1465.8323519152239,2954.531734668305,32.48441269267495,127.53623131313002,4609.487836439853,32.48441269267495,127.53623131313002,4609.487836439853,14,1.0,2.2737367544323206e-13
q4_2_variable_unclustered,2025-10-21,10,unclustered,1,0,0,0.0,0,0.0,1547.545337525478,2359.419364034615,4716.582211103639,41.52897771666668,150.03804838708152,5864.753829121646,41.52897771666668,150.03804838708152,5864.753829121646,16,1.0,1.1368683772161603e-13
q4_2_variable_unclustered,2025-10-22,10,unclustered,1,0,0,0.0,0,0.0,913.3828732889336,1306.5777251973566,2683.7106242194177,34.08594705738378,126.03503537995044,4801.155242404073,34.08594705738378,126.03503537995044,4801.155242404073,17,1.0,1.1368683772161603e-13
q4_2_variable_unclustered,2025-10-23,10,unclustered,1,0,0,0.0,0,0.0,528.0030741088442,762.3905600601861,1657.4683663453143,20.31767816777384,94.85017685423969,2300.495068485392,20.31767816777384,94.85017685423969,2300.495068485392,8,1.0,1.1368683772161603e-13
q4_2_variable_unclustered,2025-10-24,10,unclustered,1,0,0,0.0,0,0.0,2303.984993146541,3614.7415329557357,9210.562793312627,151.70232515326813,272.6722020597562,-21845.13482207061,151.70232515326813,272.6722020597562,-21845.13482207061,0,,1.1368683772161603e-13
q4_2_variable_unclustered,2025-10-25,10,unclustered,1,0,0,0.0,0,0.0,2343.3243524482236,3670.6084027023185,9158.407860339084,146.70619060575763,265.43131205325017,-21125.6914472291,146.70619060575763,265.43131205325017,-21125.6914472291,0,,2.2737367544323206e-13
q4_2_variable_unclustered,2025-10-26,10,unclustered,1,0,0,0.0,0,0.0,1033.3180333893151,1442.6723451771074,3085.0621496737404,27.661007645557365,123.19514424097173,3982.5171438506354,27.661007645557365,123.19514424097173,3982.5171438506354,18,1.0,1.1368683772161603e-13
q4_2_variable_unclustered,2025-10-27,10,unclustered,1,0,0,0.0,0,0.0,770.468736405434,1148.436803527691,2805.447816969521,31.549430849027683,120.40640233360494,2801.6984455386532,31.549430849027683,120.40640233360494,2801.6984455386532,18,0.9444444444444444,2.2737367544323206e-13
q4_2_variable_unclustered,2025-10-28,10,unclustered,1,0,0,0.0,0,0.0,1025.2351899070748,1460.0222591529553,3146.700847418134,33.27648964808516,135.53486304438846,4733.211435113563,33.27648964808516,135.53486304438846,4733.211435113563,18,1.0,0.0
q4_2_variable_unclustered,2025-10-29,10,unclustered,1,0,0,0.0,0,0.0,1557.4377912161222,2374.102067563084,5140.687672033069,49.673228849127106,164.69137389354736,7141.26697557949,49.673228849127106,164.69137389354736,7141.26697557949,24,1.0,1.1368683772161603e-13
q4_2_variable_unclustered,2025-10-30,10,unclustered,1,0,0,0.0,0,0.0,532.5874305833763,774.4548328762716,1898.3960894142026,18.21850077594074,90.619591676542,2456.125383465476,18.21850077594074,90.619591676542,2456.125383465476,14,0.9285714285714286,0.0
q4_2_variable_unclustered,2025-10-31,10,unclustered,1,0,0,0.0,0,0.0,2237.7345705211073,3497.9975034308854,9109.710728499618,153.76258119285816,276.50686538627275,-22141.811691771574,153.76258119285816,276.50686538627275,-22141.811691771574,0,,1.1368683772161603e-13
q4_2_variable_unclustered,2025-11-01,11,unclustered,1,0,0,0.0,0,0.0,2275.6973101501353,3595.099704995191,9277.309774080068,152.43722624236935,271.8391718955267,-21950.960578901188,152.43722624236935,271.8391718955267,-21950.960578901188,0,,1.1368683772161603e-13
q4_2_variable_unclustered,2025-11-02,11,unclustered,1,0,0,0.0,0,0.0,1259.8456442207282,1717.5245911032218,3839.3243538059223,42.81656454097625,152.67556997054538,6165.58529390058,42.81656454097625,152.67556997054538,6165.58529390058,23,1.0,0.0
q4_2_variable_unclustered,2025-11-03,11,unclustered,1,0,0,0.0,0,0.0,1502.302758027789,2108.5169298896694,4559.068330167602,40.62638494254959,150.55437609030068,5817.229492040486,40.62638494254959,150.55437609030068,5817.229492040486,20,1.0,1.1368683772161603e-13
q4_2_variable_unclustered,2025-11-04,11,unclustered,1,0,0,0.0,0,0.0,782.3407710870274,1026.776084634284,2498.3313318453766,27.036225051466694,113.43299763899512,3536.6793383658473,27.036225051466694,113.43299763899512,3536.6793383658473,19,0.8947368421052632,2.2737367544323206e-13
q4_2_variable_unclustered,2025-11-05,11,unclustered,1,0,0,0.0,0,0.0,1080.7564952545408,1478.0092065240833,3331.327095590753,33.789954415926864,130.02888882314753,4847.460422103823,33.789954415926864,130.02888882314753,4847.460422103823,21,0.9523809523809523,0.0
q4_2_variable_unclustered,2025-11-06,11,unclustered,1,0,0,0.0,0,0.0,1095.4428836036775,1457.3344971490078,2879.158884379245,40.509551565691154,136.97388123086984,5788.6387403618555,40.509551565691154,136.97388123086984,5788.6387403618555,23,1.0,0.0
q4_2_variable_unclustered,2025-11-07,11,unclustered,1,0,0,0.0,0,0.0,2199.73328665636,3385.082536531904,9056.776499633426,170.11932525020458,297.85733550877836,-24497.18283602946,170.11932525020458,297.85733550877836,-24497.18283602946,0,,1.1368683772161603e-13
q4_2_variable_unclustered,2025-11-08,11,unclustered,1,0,0,0.0,0,0.0,2210.4282508412907,3564.3979092858585,9511.828938313729,168.07912680435686,287.7647006674921,-24203.394259827386,168.07912680435686,287.7647006674921,-24203.394259827386,0,,1.1368683772161603e-13
q4_2_variable_unclustered,2025-11-09,11,unclustered,1,0,0,0.0,0,0.0,1221.4387126874067,1761.5855150537602,4060.409330032509,39.8900650770293,145.68561969608692,5644.422873073553,39.8900650770293,145.68561969608692,5644.422873073553,22,1.0,0.0
q4_2_variable_unclustered,2025-11-10,11,unclustered,1,0,0,0.0,0,0.0,1525.2074545073983,2205.9982455974787,5014.755715619122,49.828643376246276,165.34749727016143,7173.706598962193,49.828643376246276,165.34749727016143,7173.706598962193,26,1.0,0.0
q4_2_variable_unclustered,2025-11-11,11,unclustered,1,0,0,0.0,0,0.0,804.7441496351347,1099.0590421803868,2672.227591120068,29.085006987808974,117.94174726731255,4188.241006244492,29.085006987808974,117.94174726731255,4188.241006244492,19,0.9473684210526315,0.0
q4_2_variable_unclustered,2025-11-12,11,unclustered,1,0,0,0.0,0,0.0,522.424096400612,699.3652379447014,1787.2922013654852,22.66484285581713,97.82294572111154,2946.5802054633486,22.66484285581713,97.82294572111154,2946.5802054633486,18,0.9444444444444444,2.2737367544323206e-13
q4_2_variable_unclustered,2025-11-13,11,unclustered,1,0,0,0.0,0,0.0,1044.0110693681254,1529.7877334488799,3476.250336162686,25.645329356197394,127.28567189912121,3569.449954677084,25.645329356197394,127.28567189912121,3569.449954677084,15,0.9333333333333333,1.1368683772161603e-13
q4_2_variable_unclustered,2025-11-14,11,unclustered,1,0,0,0.0,0,0.0,2321.458578131123,3674.8926999370137,9600.0,182.6902558286017,316.6733679560075,-26307.396839318644,182.6902558286017,316.6733679560075,-26307.396839318644,0,,2.2737367544323206e-13
q4_2_variable_unclustered,2025-11-15,11,unclustered,1,0,0,0.0,0,0.0,2223.5588294985237,3556.0652495112226,9537.254120579015,180.2310093789285,311.3169068639691,-25953.265350565704,180.2310093789285,311.3169068639691,-25953.265350565704,0,,1.1368683772161603e-13
q4_2_variable_unclustered,2025-11-16,11,unclustered,1,0,0,0.0,0,0.0,952.6893410202961,1332.7484938302637,3172.766277376915,35.739578172274946,133.05859553971925,5091.853636420197,35.739578172274946,133.05859553971925,5091.853636420197,23,0.9565217391304348,0.0
q4_2_variable_unclustered,2025-11-17,11,unclustered,1,0,0,0.0,0,0.0,532.7033826730656,654.5574845175489,1517.7816486374625,19.856605522007566,95.98800698612699,2776.4480087934535,19.856605522007566,95.98800698612699,2776.4480087934535,16,1.0,2.2737367544323206e-13
q4_2_variable_unclustered,2025-11-18,11,unclustered,1,0,0,0.0,0,0.0,1120.1130777695828,1664.6819378120276,3616.6924928329904,27.442820039304404,127.208189157072,3897.8448685627473,27.442820039304404,127.208189157072,3897.8448685627473,18,1.0,0.0
q4_2_variable_unclustered,2025-11-19,11,unclustered,1,0,0,0.0,0,0.0,675.1709926676892,827.4329640370273,1758.1582892586873,26.16459911353795,104.49314377261874,3762.590284027109,26.16459911353795,104.49314377261874,3762.590284027109,20,1.0,0.0
q4_2_variable_unclustered,2025-11-20,11,unclustered,1,0,0,0.0,0,0.0,720.1157136117635,1073.366855728187,2507.895514713231,19.664702539514185,101.70478676672809,2450.8914854898658,19.664702539514185,101.70478676672809,2450.8914854898658,12,1.0,1.1368683772161603e-13
q4_2_variable_unclustered,2025-11-21,11,unclustered,1,0,0,0.0,0,0.0,2414.1895449076005,3733.2075838330256,9600.0,198.1464471817022,346.1008846595404,-28533.088394165115,198.1464471817022,346.1008846595404,-28533.088394165115,0,,2.2737367544323206e-13
q4_2_variable_unclustered,2025-11-22,11,unclustered,1,0,0,0.0,0,0.0,2276.883563924121,3611.759184911727,9600.0,194.2737571519559,337.45338443878614,-27975.421029881647,194.2737571519559,337.45338443878614,-27975.421029881647,0,,1.1368683772161603e-13
q4_2_variable_unclustered,2025-11-23,11,unclustered,1,0,0,0.0,0,0.0,443.46963697484364,527.8612056233317,1108.461962305083,21.239751558496735,84.26448186034837,2775.4775739102724,21.239751558496735,84.26448186034837,2775.4775739102724,19,1.0,0.0
q4_2_variable_unclustered,2025-11-24,11,unclustered,1,0,0,0.0,0,0.0,350.2325400697677,406.6858644859276,953.0708649032379,10.630075317869373,65.06312210625772,976.3387791542476,10.630075317869373,65.06312210625772,976.3387791542476,11,0.9090909090909091,2.2737367544323206e-13
q4_2_variable_unclustered,2025-11-25,11,unclustered,1,0,0,0.0,0,0.0,659.5951819924207,839.7102309395957,1727.0968219831996,16.529231834957702,89.51436343123883,2295.410671448909,16.529231834957702,89.51436343123883,2295.410671448909,17,1.0,0.0
q4_2_variable_unclustered,2025-11-26,11,unclustered,1,0,0,0.0,0,0.0,698.9421006169147,1070.0704337153725,2231.7487168495145,15.884144528692461,100.43461457361428,2247.4320425446867,15.884144528692461,100.43461457361428,2247.4320425446867,13,0.9230769230769231,1.1368683772161603e-13
q4_2_variable_unclustered,2025-11-27,11,unclustered,1,0,0,0.0,0,0.0,369.0128120592133,510.3055865963883,1225.95849766619,13.990719137198603,80.29834702812907,776.8917314749733,13.990719137198603,80.29834702812907,776.8917314749733,10,1.0,1.1368683772161603e-13
q4_2_variable_unclustered,2025-11-28,11,unclustered,1,0,0,0.0,0,0.0,2227.5516151437614,3486.3605068567817,9503.151126720999,216.333988786461,366.0833130418973,-31152.094385250384,216.333988786461,366.0833130418973,-31152.094385250384,0,,2.2737367544323206e-13
q4_2_variable_unclustered,2025-11-29,11,unclustered,1,0,0,0.0,0,0.0,2208.9630601601057,3505.875289299728,9512.638411357648,212.36393333398038,358.43239368075797,-30580.406400093176,212.36393333398038,358.43239368075797,-30580.406400093176,0,,1.1368683772161603e-13
q4_2_variable_unclustered,2025-11-30,11,unclustered,1,0,0,0.0,0,0.0,1275.3988275783786,1873.433282605435,4132.896059300288,32.50492454286074,136.09838186099864,4680.709134171947,32.50492454286074,136.09838186099864,4680.709134171947,19,0.9473684210526315,0.0
q4_2_variable_unclustered,2025-12-01,12,unclustered,1,0,0,0.0,0,0.0,2085.6390989294932,2571.851572436566,4465.334450907461,68.03994647021464,190.93978544925045,9776.643779445387,68.03994647021464,190.93978544925045,9776.643779445387,29,0.896551724137931,0.0
q4_2_variable_unclustered,2025-12-02,12,unclustered,1,0,0,0.0,0,0.0,2253.3923584813,2795.959594798817,5240.851948396606,76.0669648879565,203.24956161688476,10953.642943865736,76.0669648879565,203.24956161688476,10953.642943865736,32,0.875,0.0
q4_2_variable_unclustered,2025-12-03,12,unclustered,1,0,0,0.0,0,0.0,2165.709279757682,2712.8264536047523,4873.000286381986,58.150532194365674,174.98240078246494,8373.676635988657,58.150532194365674,174.98240078246494,8373.676635988657,28,0.8928571428571429,0.0
q4_2_variable_unclustered,2025-12-04,12,unclustered,1,0,0,0.0,0,0.0,1585.545403388107,1922.8235072356883,3819.1482332820756,52.522111356073616,161.91852960903609,7274.182013896068,52.522111356073616,161.91852960903609,7274.182013896068,29,0.8620689655172413,2.2737367544323206e-13
q4_2_variable_unclustered,2025-12-05,12,unclustered,1,0,0,0.0,0,0.0,1910.7860277656225,2971.629361467673,8042.043648309504,211.8876886989871,367.10992644624054,-30511.827172654142,211.8876886989871,367.10992644624054,-30511.827172654142,0,,2.4868995751603507e-13
q4_2_variable_unclustered,2025-12-06,12,unclustered,1,0,0,0.0,0,0.0,1745.5001184550395,2805.368856936634,7261.812621717534,201.45836375118088,350.86622499756083,-29010.00438017005,201.45836375118088,350.86622499756083,-29010.00438017005,0,,2.2737367544323206e-13
q4_2_variable_unclustered,2025-12-07,12,unclustered,1,0,0,0.0,0,0.0,1784.9918179787533,2175.0190769769315,4130.291697897912,48.36816487191436,158.76115566398764,6965.015741555668,48.36816487191436,158.76115566398764,6965.015741555668,25,0.88,0.0
q4_2_variable_unclustered,2025-12-08,12,unclustered,1,0,0,0.0,0,0.0,1793.6393792668694,2236.50970369129,3917.362160381797,43.07902620866005,155.90970977801337,6193.377615996431,43.07902620866005,155.90970977801337,6193.377615996431,22,0.9090909090909091,1.1368683772161603e-13
q4_2_variable_unclustered,2025-12-09,12,unclustered,1,0,0,0.0,0,0.0,1248.9511223820145,1529.307040741401,2811.0628476214874,34.09934799002008,129.8869624794659,4832.627556629535,34.09934799002008,129.8869624794659,4832.627556629535,22,0.8636363636363636,2.2737367544323206e-13
q4_2_variable_unclustered,2025-12-10,12,unclustered,1,0,0,0.0,0,0.0,1355.1341432379013,1676.0358865286191,2984.33964507322,31.63031642867999,122.92883651054677,4533.235934383976,31.63031642867999,122.92883651054677,4533.235934383976,20,0.95,1.1368683772161603e-13
q4_2_variable_unclustered,2025-12-11,12,unclustered,1,0,0,0.0,0,0.0,662.6331060699898,796.3661310075548,1560.297864849892,16.267502521694183,79.09560726109743,1500.935707602414,16.267502521694183,79.09560726109743,1500.935707602414,13,0.9230769230769231,2.2737367544323206e-13
q4_2_variable_unclustered,2025-12-12,12,unclustered,1,0,0,0.0,0,0.0,1795.6605688194127,2881.7694937781985,7816.249070950502,244.9471341445805,405.4538848530229,-35272.38731681959,244.9471341445805,405.4538848530229,-35272.38731681959,0,,1.1368683772161603e-13
q4_2_variable_unclustered,2025-12-13,12,unclustered,1,0,0,0.0,0,0.0,1703.6136357703954,2798.4646133133547,7614.646422431972,241.8774414377505,399.00800940766834,-34830.35156703607,241.8774414377505,399.00800940766834,-34830.35156703607,0,,1.1368683772161603e-13
q4_2_variable_unclustered,2025-12-14,12,unclustered,1,0,0,0.0,0,0.0,948.2238458816464,1143.2363694135306,2160.6147931381465,24.55877364058417,109.4696104436352,3517.0628149906242,24.55877364058417,109.4696104436352,3517.0628149906242,17,1.0,0.0
q4_2_variable_unclustered,2025-12-15,12,unclustered,1,0,0,0.0,0,0.0,938.74709600397,1098.0987396759485,1661.5087088514078,21.59030338461622,106.08818591188161,3033.4692527437683,21.59030338461622,106.08818591188161,3033.4692527437683,13,0.9230769230769231,1.1368683772161603e-13
q4_2_variable_unclustered,2025-12-16,12,unclustered,1,0,0,0.0,0,0.0,609.2486787645939,727.8539016718337,1340.9953291871916,17.707047613652268,83.19017798103799,2096.1116014527815,17.707047613652268,83.19017798103799,2096.1116014527815,17,0.8823529411764706,2.2737367544323206e-13
q4_2_variable_unclustered,2025-12-17,12,unclustered,1,0,0,0.0,0,0.0,298.3953599578862,477.8019190423265,1231.7514619750382,9.35897800377146,35.721251428838535,80.71176970955122,9.35897800377146,35.721251428838535,80.71176970955122,9,1.0,2.2737367544323206e-13
q4_2_variable_unclustered,2025-12-18,12,unclustered,1,0,0,0.0,0,0.0,251.30913133115632,354.62390613892984,774.397501906029,23.59353303217683,74.0849026607904,-1656.0723076162267,23.59353303217683,74.0849026607904,-1656.0723076162267,10,1.0,2.2737367544323206e-13
q4_2_variable_unclustered,2025-12-19,12,unclustered,1,0,0,0.0,0,0.0,1827.302527548318,3053.4074430512737,9405.65876312213,276.26954562371833,430.9846535391305,-39782.81456981544,276.26954562371833,430.9846535391305,-39782.81456981544,0,,2.2737367544323206e-13
q4_2_variable_unclustered,2025-12-20,12,unclustered,1,0,0,0.0,0,0.0,1792.0325318698074,2961.3593389344105,8664.321919483898,272.3813220144409,428.1101875705508,-39222.910370079495,272.3813220144409,428.1101875705508,-39222.910370079495,0,,2.2737367544323206e-13
q4_2_variable_unclustered,2025-12-21,12,unclustered,1,0,0,0.0,0,0.0,205.97476518975432,276.43143219185174,593.2258154896608,9.090843624635518,42.92125532537711,-363.5078490335927,9.090843624635518,42.92125532537711,-363.5078490335927,2,1.0,1.4210854715202004e-13
q4_2_variable_unclustered,2025-12-22,12,unclustered,1,0,0,0.0,0,0.0,294.4174352167679,363.67240420303153,714.9687114311528,17.632455856599545,69.61344620201974,-1336.832857422371,17.632455856599545,69.61344620201974,-1336.832857422371,8,1.0,2.2737367544323206e-13
q4_2_variable_unclustered,2025-12-23,12,unclustered,1,0,0,0.0,0,0.0,323.41344274623555,543.693613756453,1355.2357200194842,31.150116822428135,107.45018297803479,-3898.514467232185,31.150116822428135,107.45018297803479,-3898.514467232185,3,1.0,2.2737367544323206e-13
q4_2_variable_unclustered,2025-12-24,12,unclustered,1,0,0,0.0,0,0.0,276.6362824485729,479.4630624588947,1212.1895796994345,29.629782917802704,97.00439818207968,-3868.6508739709307,29.629782917802704,97.00439818207968,-3868.6508739709307,6,1.0,2.2737367544323206e-13
q4_2_variable_unclustered,2025-12-25,12,unclustered,1,0,0,0.0,0,0.0,371.3454590936262,671.0036643222575,1731.165963609285,35.65484737518792,126.06069135139575,-4561.118024807421,35.65484737518792,126.06069135139575,-4561.118024807421,5,1.0,2.2737367544323206e-13
q4_2_variable_unclustered,2025-12-26,12,unclustered,1,0,0,0.0,0,0.0,1856.2372593694631,3102.4276217369015,9600.0,296.2314885082088,458.7155905911578,-42657.33434518207,296.2314885082088,458.7155905911578,-42657.33434518207,0,,2.2737367544323206e-13
q4_2_variable_unclustered,2025-12-27,12,unclustered,1,0,0,0.0,0,0.0,1841.3577051635823,3075.9035128801315,9349.857095846868,295.74878175006944,458.93996264735654,-42587.82457201,295.74878175006944,458.93996264735654,-42587.82457201,0,,1.1368683772161603e-13
q4_2_variable_unclustered,2025-12-28,12,unclustered,1,0,0,0.0,0,0.0,360.4554111559433,628.606072467947,1721.4292472291563,44.384965232839335,143.8599521959378,-5763.903724635993,44.384965232839335,143.8599521959378,-5763.903724635993,7,1.0,2.2737367544323206e-13
q4_2_variable_unclustered,2025-12-29,12,unclustered,1,0,0,0.0,0,0.0,450.73914141151073,874.9216935686565,2440.427141988833,43.59938116699396,143.54388301846447,-5824.618557443378,43.59938116699396,143.54388301846447,-5824.618557443378,8,1.0,2.8421709430404007e-13
q4_2_variable_unclustered,2025-12-30,12,unclustered,1,0,0,0.0,0,0.0,347.2961650298193,649.0648008010996,1734.508904439299,54.70132207490836,152.60531481179586,-7590.643168797617,54.70132207490836,152.60531481179586,-7590.643168797617,6,1.0,2.2737367544323206e-13
q4_2_variable_unclustered,2025-12-31,12,unclustered,1,0,0,0.0,0,0.0,313.61150460929827,560.915389238708,1286.3342517936985,41.8019179569401,121.40132188961175,-5552.347741291722,41.8019179569401,121.40132188961175,-5552.347741291722,6,1.0,2.2737367544323206e-13
q4_3_variable_unclustered,2025-02-01,2,unclustered,4,0,0,0.0,0,0.0,1784.6620818543136,3082.196909843388,9019.070889965866,313.12355147322864,470.65442702221367,-45089.79141214492,260.1352718508845,404.33904202378096,-37459.479146527374,0,,1.1368683772161603e-13
q4_3_variable_unclustered,2025-02-02,2,unclustered,4,0,0,0.0,0,0.0,264.57526680013484,523.530144241352,1624.8806427516083,79.5543939529741,182.9505425340215,-11379.834367024789,43.12788055059108,109.0059077479593,-6210.414799285116,0,,1.7053025658242404e-13
q4_3_variable_unclustered,2025-02-03,2,unclustered,4,0,0,0.0,0,0.0,231.3046136798311,445.44473235675105,1320.8404122078077,87.6076450167256,190.41005380609113,-12491.5851924357,37.19707231870542,89.55919796131904,-5356.378413893581,0,,2.2737367544323206e-13
q4_3_variable_unclustered,2025-02-04,2,unclustered,4,0,0,0.0,0,0.0,356.56756659489065,717.3246481059746,2413.9535176405716,98.69993696231143,223.33109113181624,-14196.49202770723,44.95606290677918,104.08450316413962,-6473.673058576202,0,,2.5579538487363607e-13
q4_3_variable_unclustered,2025-02-05,2,unclustered,4,0,0,0.0,0,0.0,305.3924483816335,625.4788863844534,2400.86586443778,68.29293376477813,170.03812112168234,-9208.990535768084,41.02763333400849,102.96986206490007,-5907.979200097223,0,,2.2737367544323206e-13
q4_3_variable_unclustered,2025-02-06,2,unclustered,4,0,0,0.0,0,0.0,293.63242959623346,588.7392520483173,1961.9390393904077,109.59304400924283,243.36623588775743,-15735.33286390746,42.16761964422009,110.19439166437614,-6072.137228767693,0,,2.2737367544323206e-13
q4_3_variable_unclustered,2025-02-07,2,unclustered,4,0,0,0.0,0,0.0,1730.7825512247305,3115.029582210544,9600.0,323.41896686384774,488.3355989750413,-46231.72468926094,258.0221474807552,403.38928053997927,-37155.189237228755,0,,2.2737367544323206e-13
q4_3_variable_unclustered,2025-02-08,2,unclustered,4,0,0,0.0,0,0.0,1786.9165170124315,3105.1747133186855,9000.0,265.8982785279957,402.3130648795731,-38289.30658503874,250.58233072803245,392.37268350511573,-36083.85562483667,0,,1.1368683772161603e-13
q4_3_variable_unclustered,2025-02-09,2,unclustered,4,0,0,0.0,0,0.0,274.8119706384333,569.621894159295,1892.8397597991207,71.9704739675259,170.2417986498433,-10262.730007080929,42.16554293151189,102.54471278484387,-6071.838182137712,0,,2.2737367544323206e-13
q4_3_variable_unclustered,2025-02-10,2,unclustered,4,0,0,0.0,0,0.0,354.98999285036456,731.0226441258399,2170.906528390996,75.86088171982006,187.13294036629134,-10809.909430579151,27.08558335883148,67.89620026925373,-3900.3240036717334,0,,2.2737367544323206e-13
q4_3_variable_unclustered,2025-02-11,2,unclustered,4,0,0,0.0,0,0.0,221.96649672903996,480.5073604096201,1466.5889504526258,77.34953819926523,188.44372821413094,-10981.669371770084,27.928545315412837,47.64166266257325,-4005.3399747401086,1,1.0,2.2737367544323206e-13
q4_3_variable_unclustered,2025-02-12,2,unclustered,4,0,0,0.0,0,0.0,242.3594547032506,487.8489849500992,1496.9108239606926,80.95438301581798,181.551907088819,-11581.409464762233,29.847531207998113,54.57030283893342,-4298.044493951728,0,,2.2737367544323206e-13
q4_3_variable_unclustered,2025-02-13,2,unclustered,4,0,0,0.0,0,0.0,358.3912286882311,692.4661311202196,1950.224911084314,73.81370742245797,175.9902800226446,-10582.643496214794,37.09602870343541,96.88381841612807,-5341.828133294699,0,,2.2737367544323206e-13
q4_3_variable_unclustered,2025-02-14,2,unclustered,4,0,0,0.0,0,0.0,1819.8151059475915,3147.8975455682476,8886.817843997305,279.70280999978496,430.0194938203846,-40277.20463996904,242.98840062597048,387.8762348668801,-34990.32969013975,0,,1.1368683772161603e-13
q4_3_variable_unclustered,2025-02-15,2,unclustered,4,0,0,0.0,0,0.0,2011.3118530577642,3451.5235098989087,9509.15743284016,280.5907148888854,439.6397351167051,-40404.274705110605,218.5461364063158,354.98548612910037,-31470.643642509476,0,,1.1368683772161603e-13
q4_3_variable_unclustered,2025-02-16,2,unclustered,4,0,0,0.0,0,0.0,191.64810763830621,360.92080022364445,1021.7506592549871,78.62293255032228,175.28458705756896,-10586.667150533976,16.83425651518411,33.97354411694125,-2346.1977669739777,1,1.0,2.2737367544323206e-13
q4_3_variable_unclustered,2025-02-17,2,unclustered,4,0,0,0.0,0,0.0,324.7067424186983,760.3757661743499,2344.4685324106695,105.33393041192433,246.77256642687084,-14973.361461687025,18.737908251744933,34.70284608080157,-2617.0652725875298,1,1.0,2.2737367544323206e-13
q4_3_variable_unclustered,2025-02-18,2,unclustered,4,0,0,0.0,0,0.0,471.6272384995397,1038.1963036067598,3526.192868236695,43.92379514608097,117.73615111597641,-5555.935854561509,21.323646073437327,48.71478458150452,-3070.605034574975,0,,1.1368683772161603e-13
q4_3_variable_unclustered,2025-02-19,2,unclustered,4,0,0,0.0,0,0.0,235.98136413997824,475.5176440278698,1344.4719535245904,37.41745697458676,115.68303228048376,-5213.899273068753,24.356918361187834,79.91488809306274,-3494.0169053584686,2,1.0,1.1368683772161603e-13
q4_3_variable_unclustered,2025-02-20,2,unclustered,4,0,0,0.0,0,0.0,270.28930276326525,506.76705453719967,1440.4266717693383,69.49442139645839,162.85759590779932,-9673.808448845522,28.858498106507064,75.86703132691774,-4155.623727337017,0,,1.1368683772161603e-13
q4_3_variable_unclustered,2025-02-21,2,unclustered,4,0,0,0.0,0,0.0,1897.0872324510374,3278.795433601465,8951.269610303956,249.47828170722707,386.3666634938416,-35922.873799174035,218.70722977302125,352.43460384109835,-31493.84108731506,0,,1.1368683772161603e-13
q4_3_variable_unclustered,2025-02-22,2,unclustered,4,0,0,0.0,0,0.0,2101.752422860115,3493.569274136601,9100.575444629158,253.19907901746552,409.2013075655268,-36457.77815073725,207.66579182942124,350.0888827223645,-29903.87402343666,0,,1.1368683772161603e-13
q4_3_variable_unclustered,2025-02-23,2,unclustered,4,0,0,0.0,0,0.0,213.26339931482204,430.9242338079804,1272.740919449428,59.595058065486505,144.26292184785765,-7369.978849731009,17.965360336639883,44.794359747141144,-2471.310095678919,1,1.0,2.2737367544323206e-13
q4_3_variable_unclustered,2025-02-24,2,unclustered,4,0,0,0.0,0,0.0,347.45710076587545,813.4639904125873,3406.591772792547,53.930718013696605,135.38705814236,-7241.253124377855,18.505881698315715,40.13572694566486,-2664.846964557463,0,,2.2737367544323206e-13
q4_3_variable_unclustered,2025-02-25,2,unclustered,4,0,0,0.0,0,0.0,185.72673270443775,420.8309587714322,1395.9840457928042,87.64875009555837,210.59019818763048,-12340.644143236295,23.90141244342075,56.047831213876464,-3359.98520769852,2,0.0,2.2737367544323206e-13
q4_3_variable_unclustered,2025-02-26,2,unclustered,4,0,0,0.0,0,0.0,214.29652186843552,385.3217404280431,1157.806769932323,28.156427026351125,82.24551135426597,-2555.6894194158813,23.351860197846836,67.64663952534758,-3296.9529774478833,2,0.0,1.1368683772161603e-13
q4_3_variable_unclustered,2025-02-27,2,unclustered,4,0,0,0.0,0,0.0,220.24886188274496,442.6696993176649,1303.1106286393915,46.86437860912315,109.27503992177056,-6161.042733780953,27.294769421574628,64.39937218257076,-3908.3545450271354,1,0.0,2.2737367544323206e-13
q4_3_variable_unclustered,2025-02-28,2,unclustered,4,0,0,0.0,0,0.0,2244.37846084142,3768.9341339532048,9599.999851692863,229.2394520878861,371.3093795780674,-32136.239726493146,195.24665904275136,335.4627473997548,-28115.518902156196,0,,1.1368683772161603e-13
q4_3_variable_unclustered,2025-03-01,3,unclustered,4,0,0,0.0,0,0.0,2172.832253052055,3638.967282686438,9600.0,295.90245787884476,446.3330186208016,-42609.95393455365,211.72588122062507,344.0739821501382,-30488.52689577001,0,,1.1368683772161603e-13
q4_3_variable_unclustered,2025-03-02,3,unclustered,4,0,0,0.0,0,0.0,440.7160335846869,1029.9194021187507,3520.328337534944,79.78867054815613,185.96256079330104,-8500.411610070913,30.564554292252485,52.23679502046891,-4117.168141375848,7,1.0,2.2737367544323206e-13
q4_3_variable_unclustered,2025-03-03,3,unclustered,4,0,0,0.0,0,0.0,302.9447066432529,669.3910876565961,2020.550988748144,84.1971823627667,183.5166628610684,-10574.263033423314,23.275995325896265,42.61402400133932,-3160.174133303737,6,1.0,1.1368683772161603e-13
q4_3_variable_unclustered,2025-03-04,3,unclustered,4,0,0,0.0,0,0.0,392.6735059298601,857.5963988754205,2844.6605740219156,35.76412601421561,105.9386270162461,-4149.47082536313,13.729955746762862,29.625612291952827,-1977.113627533852,0,,1.1368683772161603e-13
q4_3_variable_unclustered,2025-03-05,3,unclustered,4,0,0,0.0,0,0.0,387.20228448118525,872.7689264498082,2691.450145848004,83.98269852203977,185.24129998330636,-11910.22365389185,21.36291756521411,38.957710647341884,-3076.260129390832,0,,1.1368683772161603e-13
q4_3_variable_unclustered,2025-03-06,3,unclustered,4,0,0,0.0,0,0.0,430.8670643813616,852.3230747732016,2613.6280303923977,52.01961419397426,134.2009244105568,-7069.006972869737,25.29288958371673,68.74809080366938,-3642.176100055209,0,,2.2737367544323206e-13
q4_3_variable_unclustered,2025-03-07,3,unclustered,4,0,0,0.0,0,0.0,2305.594503057448,3794.6935127972447,9435.860947258458,264.2852652321447,419.89050378671675,-38057.07819342884,196.54959246754785,339.60436364149854,-28303.14131532689,0,,1.5631940186722204e-13
q4_3_variable_unclustered,2025-03-08,3,unclustered,4,0,0,0.0,0,0.0,2297.3938157275416,3822.9382988350535,9600.0,221.97769808693508,366.02983366124613,-31693.57725374432,187.91243012348434,328.55292042834463,-27059.389937781743,0,,1.1368683772161603e-13
q4_3_variable_unclustered,2025-03-09,3,unclustered,4,0,0,0.0,0,0.0,295.7118041282951,620.2338929296856,1933.2257400898616,80.10321970815357,191.59556614083596,-11131.297766824337,15.914347607727048,50.50706006486789,-2195.9318649590177,3,1.0,2.2737367544323206e-13
q4_3_variable_unclustered,2025-03-10,3,unclustered,4,0,0,0.0,0,0.0,250.90940995512435,505.4526346853917,1552.4896271079606,33.83793128531173,105.00211367309738,-3590.1495057784364,17.542763784698128,62.62319722873438,-2491.046252183442,3,1.0,1.4921397450962104e-13
q4_3_variable_unclustered,2025-03-11,3,unclustered,4,0,0,0.0,0,0.0,253.67837762044473,468.60095122720946,1378.682714182842,40.266897612900294,117.40837481353142,1814.2005356759032,15.241209098058668,35.54394159919783,-2194.7341101204483,0,,1.1368683772161603e-13
q4_3_variable_unclustered,2025-03-12,3,unclustered,4,0,0,0.0,0,0.0,250.9262258656904,546.9472640695026,1709.3731628694368,73.70896673628337,183.83007042389258,-10415.432526795837,14.67904508729859,31.78398695176171,-2113.782492570997,0,,1.1368683772161603e-13
q4_3_variable_unclustered,2025-03-13,3,unclustered,4,0,0,0.0,0,0.0,263.3743792457387,544.4008595492265,1630.1318380088164,48.93791589861113,132.73794068036196,-5871.598236682556,25.963447368836576,77.17265079575868,-3613.730808854778,3,1.0,2.2737367544323206e-13
q4_3_variable_unclustered,2025-03-14,3,unclustered,4,0,0,0.0,0,0.0,2254.9575541922786,3693.743070480566,9285.883646679407,196.49604205626892,325.9072126684116,-28295.43005610272,175.88678567577293,314.7371459337268,-25327.6971373113,0,,2.2737367544323206e-13
q4_3_variable_unclustered,2025-03-15,3,unclustered,4,0,0,0.0,0,0.0,2086.0463670553168,3436.866305823165,8829.237208617547,214.38189456972916,362.8214704240991,-30870.992818040995,191.71403083210544,337.00818933492945,-27606.820439823183,0,,2.2737367544323206e-13
q4_3_variable_unclustered,2025-03-16,3,unclustered,4,0,0,0.0,0,0.0,232.09406639164953,430.54909701704605,1274.7429181013017,36.3945723132204,105.0447322069091,-4809.951828561385,20.6658595413294,63.35195945967428,-2975.883773951434,0,,2.2737367544323206e-13
q4_3_variable_unclustered,2025-03-17,3,unclustered,4,0,0,0.0,0,0.0,119.61331347198637,203.78754793620854,690.8517647173442,49.715659098484956,143.00576109647653,-6026.777739199709,11.833368648347058,28.190981726216783,-1704.0050853619764,0,,1.1368683772161603e-13
q4_3_variable_unclustered,2025-03-18,3,unclustered,4,0,0,0.0,0,0.0,222.88129553660062,413.3211463069888,1344.9765454118633,77.66081653244322,189.0608463720873,-10938.52300096734,16.08639166299505,38.759113486059356,-2316.4403994712875,0,,1.1368683772161603e-13
q4_3_variable_unclustered,2025-03-19,3,unclustered,4,0,0,0.0,0,0.0,247.7630575159108,379.6648246642062,1018.1365367081521,35.801475398440516,102.17787902247348,1423.9893882662118,15.373721674894272,46.66740062541018,-2213.815921184775,0,,1.1368683772161603e-13
q4_3_variable_unclustered,2025-03-20,3,unclustered,4,0,0,0.0,0,0.0,152.8376182894851,225.63827368075198,539.1703263971178,50.437653066704,127.11510770631199,-6008.371783766032,10.070854969067259,29.116061276770754,-1450.2031155456853,0,,2.2737367544323206e-13
q4_3_variable_unclustered,2025-03-21,3,unclustered,4,0,0,0.0,0,0.0,2207.0720145989353,3658.0681391480775,9275.98921689919,201.16361210100288,345.8911847636181,-28967.55981989255,147.82120047620464,280.55907655367946,-21286.25286857347,0,,1.1368683772161603e-13
q4_3_variable_unclustered,2025-03-22,3,unclustered,4,0,0,0.0,0,0.0,2276.3876178596074,3801.073579714371,9599.998230056117,207.3837447004443,340.4633337834851,-29863.25923686398,160.46226321330462,287.8139652653967,-23106.565902715865,0,,2.2737367544323206e-13
q4_3_variable_unclustered,2025-03-23,3,unclustered,4,0,0,0.0,0,0.0,204.10807566177465,452.16795328397393,1589.9569207904806,60.578219889416005,174.76328292074115,-8162.15504845314,11.619849181339585,30.95627035975031,-1606.053950072201,1,1.0,2.2737367544323206e-13
q4_3_variable_unclustered,2025-03-24,3,unclustered,4,0,0,0.0,0,0.0,141.9394313289921,235.34160879549302,753.9493973194644,40.555661278126195,115.85960253662513,-5202.279642294914,13.041619801343826,33.00736605385875,-1877.993251393511,0,,1.1368683772161603e-13
q4_3_variable_unclustered,2025-03-25,3,unclustered,4,0,0,0.0,0,0.0,98.47989818675372,184.68952455374202,578.6309438185779,70.60043159960384,196.6139776828981,-9957.346531458956,3.82466466907944,10.778236816420808,-550.7517123474394,0,,2.2737367544323206e-13
q4_3_variable_unclustered,2025-03-26,3,unclustered,4,0,0,0.0,0,0.0,253.838640101481,459.0696446516654,1624.0405329323803,46.62269891684951,139.79700745555422,-4699.730815536315,9.433333785341203,24.613917372911263,-1358.4000650891332,0,,2.2737367544323206e-13
q4_3_variable_unclustered,2025-03-27,3,unclustered,4,0,0,0.0,0,0.0,125.6952014345475,171.32960086705978,430.7145231781226,43.42880585255164,135.15712790802607,-6088.543505747682,7.361246243968757,28.1404683000751,-1060.019459131501,0,,1.1368683772161603e-13
q4_3_variable_unclustered,2025-03-28,3,unclustered,4,0,0,0.0,0,0.0,2229.954125064246,3718.708793891962,9487.021339339117,184.56247008709047,316.0270620130691,-26576.99569254103,144.3319903599678,276.9721012749184,-20783.80661183536,0,,1.1368683772161603e-13
q4_3_variable_unclustered,2025-03-29,3,unclustered,4,0,0,0.0,0,0.0,2154.001636565477,3566.4030648210473,8351.912751240838,136.37354260704257,263.62475542998345,-19634.204929858573,132.40248991144284,265.7090627257377,-19065.95854724777,0,,1.1368683772161603e-13
q4_3_variable_unclustered,2025-03-30,3,unclustered,4,0,0,0.0,0,0.0,177.44044413515053,321.65246622819916,1021.3978002548101,59.687699177255205,170.38902062704585,-6818.689207178377,1.8600407315107377,7.8405283126068195,-267.84586533754623,0,,1.1368683772161603e-13
q4_3_variable_unclustered,2025-03-31,3,unclustered,4,0,0,0.0,0,0.0,228.86892278912043,344.2036189464912,889.6083675687696,39.906294032999625,129.26005706792537,3639.1925790118266,5.94039464058186,25.25548120239517,-855.4168282437878,0,,2.2737367544323206e-13
q4_3_variable_unclustered,2025-04-01,4,unclustered,4,0,0,0.0,0,0.0,210.0554230368481,411.79426397682096,1382.7602768128427,45.11319387809672,152.15756180139476,-5669.022264210764,4.9426468289705685,18.959496080986987,-675.0970453332918,2,1.0,1.1368683772161603e-13
q4_3_variable_unclustered,2025-04-02,4,unclustered,4,0,0,0.0,0,0.0,213.4764747081223,425.8362229255999,1417.3175260072057,24.7023795938494,97.46577545350681,-2025.3764864837678,7.7429107113394515,21.743351345056176,-974.6050361460169,1,1.0,2.2737367544323206e-13
q4_3_variable_unclustered,2025-04-03,4,unclustered,4,0,0,0.0,0,0.0,198.8891935760423,404.798262101213,1394.8382975926324,55.76936868723049,152.72603342362706,-8030.789090961191,8.515957837433973,33.531638838071075,-1226.2979285904921,0,,2.5579538487363607e-13
q4_3_variable_unclustered,2025-04-04,4,unclustered,4,0,0,0.0,0,0.0,2144.828246766044,3521.2243531485883,8081.924744786918,139.15857417061162,275.9166514937338,-20038.834680568074,136.27373564742834,275.32478780449014,-19623.41793322968,0,,1.1368683772161603e-13
q4_3_variable_unclustered,2025-04-05,4,unclustered,4,0,0,0.0,0,0.0,2111.7874612493597,3481.9165711464475,8294.00408035864,137.68130318061793,265.8797411728376,-19822.48332467565,131.67684934120928,261.49279484041006,-18961.466305134134,0,,1.1368683772161603e-13
q4_3_variable_unclustered,2025-04-06,4,unclustered,4,0,0,0.0,0,0.0,109.9051517817525,222.29741713980653,765.2854822368745,40.76101795190833,136.80781459260797,-4632.587191762851,7.221188032559706,19.503908086788822,-899.5478910931986,3,1.0,2.2737367544323206e-13
q4_3_variable_unclustered,2025-04-07,4,unclustered,4,0,0,0.0,0,0.0,84.82389870948752,119.2467727855647,351.8526095766438,20.65291209368634,76.21459071782073,1801.8648456220544,2.6991887010580093,11.579079010212249,-388.68317295235335,0,,1.1368683772161603e-13
q4_3_variable_unclustered,2025-04-08,4,unclustered,4,0,0,0.0,0,0.0,130.9656927239595,250.04121599876746,1104.3899470118904,48.15552599730129,140.62407463807406,-6214.8283957845,4.545601072004083,20.443102507276436,-385.47253346642924,3,1.0,2.2737367544323206e-13
q4_3_variable_unclustered,2025-04-09,4,unclustered,4,0,0,0.0,0,0.0,133.73579914601117,213.10918516693752,566.7261868169094,25.16214235134173,94.73501486584489,407.8432700779392,5.307482212335306,35.70777050581734,-625.8199249158872,2,1.0,1.1368683772161603e-13
q4_3_variable_unclustered,2025-04-10,4,unclustered,4,0,0,0.0,0,0.0,127.35918633935734,205.78739270264893,705.1884206019959,38.9499037475096,98.15302572098088,-3300.808266367904,12.787693726696197,48.422780773354106,-1760.9595105340632,3,1.0,2.2737367544323206e-13
q4_3_variable_unclustered,2025-04-11,4,unclustered,4,0,0,0.0,0,0.0,2251.320928560144,3610.512428132679,8776.192961559842,111.17474956876241,258.56574980064784,-15974.014784792056,114.66159889522015,261.59550924741325,-16511.2702409117,0,,1.1368683772161603e-13
q4_3_variable_unclustered,2025-04-12,4,unclustered,4,0,0,0.0,0,0.0,1899.0933899453748,3039.125791522838,6525.016976187803,190.04931819021562,334.67815124340876,-27367.10181939105,136.40590411180352,269.56309895301814,-19642.450192099706,0,,1.1368683772161603e-13
q4_3_variable_unclustered,2025-04-13,4,unclustered,4,0,0,0.0,0,0.0,44.59259899162526,66.85696387687867,223.53644207574143,9.650570987105333,28.189775289702773,195.29607622566095,3.23181077746952,10.77708361390548,-382.6221096951796,3,1.0,1.1368683772161603e-13
q4_3_variable_unclustered,2025-04-14,4,unclustered,4,0,0,0.0,0,0.0,245.47636008247892,376.67345897476457,1092.525013983588,53.863187343774214,133.2081381560076,-5699.126092081474,2.2107987863074183,11.248608512547833,-88.82297384367303,1,1.0,1.1368683772161603e-13
q4_3_variable_unclustered,2025-04-15,4,unclustered,4,0,0,0.0,0,0.0,168.0739135977372,297.71000993847485,1152.250894566786,17.66194777840565,47.921313755596415,1463.352997231141,5.671936006428892,17.898121676871426,-512.0407425588021,4,1.0,1.1368683772161603e-13
q4_3_variable_unclustered,2025-04-16,4,unclustered,4,0,0,0.0,0,0.0,103.66289043111819,147.06713660445666,426.02187206251256,18.74245789796423,66.49354568476531,-623.3795212109187,5.034097272833048,16.859858352039907,-695.8763393441857,2,1.0,2.2737367544323206e-13
q4_3_variable_unclustered,2025-04-17,4,unclustered,4,0,0,0.0,0,0.0,99.73513594640265,135.7694629503959,492.8488493501154,29.411199177767855,105.4945638386417,2436.898219342119,7.87949738221762,29.617579580864277,-784.5698514863982,3,1.0,2.2737367544323206e-13
q4_3_variable_unclustered,2025-04-18,4,unclustered,4,0,0,0.0,0,0.0,2085.5251197078787,3333.5310068175504,7453.767592551341,122.62267975543172,271.727231625152,-17657.665884782167,124.4406278821225,272.592041659885,-17919.45041502564,0,,1.1368683772161603e-13
q4_3_variable_unclustered,2025-04-19,4,unclustered,4,0,0,0.0,0,0.0,2069.314259141418,3400.831464380403,7712.085630945896,150.97507435374698,288.12498875591916,-21672.860121088954,133.48995110880423,271.3986882161644,-19222.55295966781,0,,5.684341886080802e-14
q4_3_variable_unclustered,2025-04-20,4,unclustered,4,0,0,0.0,0,0.0,164.65873406219725,221.77131064713583,538.6550892306198,16.85877852727375,61.01657616221267,1191.4355813562054,6.421633724200455,24.128167993478314,-823.3023206313972,2,1.0,1.1368683772161603e-13
q4_3_variable_unclustered,2025-04-21,4,unclustered,4,0,0,0.0,0,0.0,258.9120090820323,387.15969613146774,1044.4263505217978,38.44488026823089,125.16979673915452,-5200.861707030019,1.9060269837579975,10.23072053474646,-37.42272190118058,2,1.0,2.2737367544323206e-13
q4_3_variable_unclustered,2025-04-22,4,unclustered,4,0,0,0.0,0,0.0,166.09828853426774,263.0835175720264,768.1433254407366,23.29151102478937,81.59960931057134,3192.249790244182,1.23574789316304,6.781384179987662,-126.53721505417275,2,1.0,1.1368683772161603e-13
q4_3_variable_unclustered,2025-04-23,4,unclustered,4,0,0,0.0,0,0.0,174.6538148653986,291.28247904066393,942.3088091746549,34.49191649980168,109.32595832154347,4518.0028028764955,3.00853906601175,10.197364805915262,-433.229625505692,0,,2.2737367544323206e-13
q4_3_variable_unclustered,2025-04-24,4,unclustered,4,0,0,0.0,0,0.0,217.93710555057095,386.5756105498233,1557.6037343812059,7.026332371996153,24.292007069848864,-261.37316418690864,11.187929823359779,30.212862357859915,-1368.889622182265,3,1.0,1.1368683772161603e-13
q4_3_variable_unclustered,2025-04-25,4,unclustered,4,0,0,0.0,0,0.0,2179.1233570153054,3494.0098333502506,8326.023666103458,122.13655627550507,269.70632061418553,-17587.66391449555,113.83635223857307,259.74262261645777,-16392.434722354523,0,,1.1368683772161603e-13
q4_3_variable_unclustered,2025-04-26,4,unclustered,4,0,0,0.0,0,0.0,2122.9564367480534,3374.339406915222,7652.34069416481,112.59257549409813,254.20102367185004,-16213.33087115013,116.66768081696912,258.480643690113,-16800.146037643553,0,,1.1368683772161603e-13
q4_3_variable_unclustered,2025-04-27,4,unclustered,4,0,0,0.0,0,0.0,234.13303950378167,393.0859038768387,1648.1978334751666,22.037008035656577,80.6999918206567,2553.605078899638,3.944619039335992,19.323938437151366,-248.75804228507658,3,1.0,1.1368683772161603e-13
q4_3_variable_unclustered,2025-04-28,4,unclustered,4,0,0,0.0,0,0.0,111.77462026030135,174.9954826032313,517.9468962416231,35.633672102674815,125.12267552525752,-725.2418443008441,9.57165101524224,26.649457308359626,-1282.4983472707736,3,1.0,2.2737367544323206e-13
q4_3_variable_unclustered,2025-04-29,4,unclustered,4,0,0,0.0,0,0.0,216.6907528581196,414.38431862022503,1267.2546787479669,9.726088847028048,27.6163903717058,649.0910095859105,4.311067545536717,19.63168775777952,-341.9211956282405,1,1.0,1.1368683772161603e-13
q4_3_variable_unclustered,2025-04-30,4,unclustered,4,0,0,0.0,0,0.0,138.1772326123278,242.4293206683226,1104.9934154866369,19.77468937800647,75.96554518918116,2406.477420988809,5.004527015321604,20.726884561658693,314.60420964798504,8,1.0,1.1368683772161603e-13
q4_3_variable_unclustered,2025-05-01,5,unclustered,4,0,0,0.0,0,0.0,375.31758420010345,615.8176013286582,1854.1538460264346,27.001605800447113,101.86679692754723,2771.6550099258725,15.324435666137768,80.55947017368912,1139.4989902167422,9,1.0,1.1368683772161603e-13
q4_3_variable_unclustered,2025-05-02,5,unclustered,4,0,0,0.0,0,0.0,1948.7191403684085,3078.632475928037,7616.948312385248,159.1540244058278,292.73661827908234,-22918.177136300998,136.55957145814156,264.67596037235865,-19664.578289972385,0,,1.1368683772161603e-13
q4_3_variable_unclustered,2025-05-03,5,unclustered,4,0,0,0.0,0,0.0,1524.7469859422827,2461.1852059807647,6099.896811147663,129.76201134604403,254.11415406287833,-18685.729633830342,115.2782514964746,237.05326470794733,-16600.06821549234,0,,1.1368683772161603e-13
q4_3_variable_unclustered,2025-05-04,5,unclustered,4,0,0,0.0,0,0.0,343.8246543532504,430.9343759646643,1107.637720422832,39.76372807229711,128.58936153669075,-524.5174282406844,10.846744340195933,69.91062459452229,1561.9311849882142,12,0.9166666666666666,5.684341886080802e-14
q4_3_variable_unclustered,2025-05-05,5,unclustered,4,0,0,0.0,0,0.0,224.23667308551197,349.5066609733492,1155.8194747695088,24.4991224144736,102.24781599860651,1047.5600416471134,9.217679490134296,66.89778345291775,1327.3458465793387,9,1.0,0.0
q4_3_variable_unclustered,2025-05-06,5,unclustered,4,0,0,0.0,0,0.0,225.48310627228602,333.012766883547,962.8634073802148,43.64090359799426,139.0106034590977,6030.315312102472,14.75567553321969,72.94630848551262,1833.1911475970953,17,1.0,2.2737367544323206e-13
q4_3_variable_unclustered,2025-05-07,5,unclustered,4,0,0,0.0,0,0.0,194.98683411322753,265.04876284079864,876.0566513642816,40.95367425478129,126.50514494367421,5311.921607148483,13.355565655985576,72.12581911776246,841.7183822609327,11,1.0,2.2737367544323206e-13
q4_3_variable_unclustered,2025-05-08,5,unclustered,4,0,0,0.0,0,0.0,153.36378465185481,226.767642790035,921.6797306226663,36.52989647792351,138.9637672207431,-1182.8580029544744,9.298203944656883,67.71058206240548,1168.1997115993934,9,1.0,2.2737367544323206e-13
q4_3_variable_unclustered,2025-05-09,5,unclustered,4,0,0,0.0,0,0.0,1902.731812140798,3155.7345231295753,7376.072497793872,163.27893004092363,296.1759807388043,-23512.165717306456,118.68586888884036,243.88245544192324,-17090.76511999301,0,,1.1368683772161603e-13
q4_3_variable_unclustered,2025-05-10,5,unclustered,4,0,0,0.0,0,0.0,1704.985268790587,2849.9046112101087,7048.560746219654,144.79405051069858,264.66524070047336,-20850.343273540595,122.30212579271877,237.34178817697264,-17611.506114151503,0,,1.7053025658242404e-13
q4_3_variable_unclustered,2025-05-11,5,unclustered,4,0,0,0.0,0,0.0,311.84046135556434,402.5269550228636,1014.1970653117112,26.220445418335302,107.98145247131829,1461.3666102145248,9.898653684599026,68.80498731644177,1275.3917680014201,14,0.7857142857142857,1.1368683772161603e-13
q4_3_variable_unclustered,2025-05-12,5,unclustered,4,0,0,0.0,0,0.0,203.0354872557519,268.4012586210764,754.5564915417322,37.28797643586039,129.11476265373284,5332.747653828243,7.367772638260533,58.411120366391174,642.0245161772867,5,1.0,2.2737367544323206e-13
q4_3_variable_unclustered,2025-05-13,5,unclustered,4,0,0,0.0,0,0.0,204.8622137226214,362.9865806655622,1175.5819496059348,49.16743475546289,164.23933265037817,-3351.3951521029007,9.695524841061035,60.54838311204488,370.2166957037318,8,1.0,2.2737367544323206e-13
q4_3_variable_unclustered,2025-05-14,5,unclustered,4,0,0,0.0,0,0.0,179.144321674613,240.91459391408813,774.2273115731059,35.453561210721396,127.27539380347108,-1894.9044207557624,7.4846438190272915,50.074182417235974,399.2964687958947,7,1.0,2.2737367544323206e-13
q4_3_variable_unclustered,2025-05-15,5,unclustered,4,0,0,0.0,0,0.0,93.71235174328079,118.35568961291702,258.51162737101095,27.940159102101713,82.84650445096864,-786.6055026359174,6.378701199132823,22.52093119508452,-160.92078973550895,8,1.0,2.2737367544323206e-13
q4_3_variable_unclustered,2025-05-16,5,unclustered,4,0,0,0.0,0,0.0,2027.902413150947,3058.433230557849,6748.439171336844,113.79520174155874,248.39277404676682,-16386.509050784458,101.50495757716763,234.94152833638998,-14616.713891112138,0,,1.1368683772161603e-13
q4_3_variable_unclustered,2025-05-17,5,unclustered,4,0,0,0.0,0,0.0,1475.8969628913965,2340.754306690348,4899.429511902389,146.05561977435306,281.0863297060279,-21020.108321071704,119.3027436415621,241.56932538340772,-17179.595084384942,0,,1.1368683772161603e-13
q4_3_variable_unclustered,2025-05-18,5,unclustered,4,0,0,0.0,0,0.0,177.29659309446689,273.47125082381126,899.0930933197451,39.93575500043056,137.64579323409887,-4424.738129264635,6.876696196927601,34.15325583948306,47.35779276991141,8,0.875,2.2737367544323206e-13
q4_3_variable_unclustered,2025-05-19,5,unclustered,4,0,0,0.0,0,0.0,286.1414684268106,622.7230723485469,2442.641810259929,15.77845620841665,70.0270371029181,-452.22179618334104,7.8672889647592115,39.7240302716485,17.215896134486513,5,0.8,2.2737367544323206e-13
q4_3_variable_unclustered,2025-05-20,5,unclustered,4,0,0,0.0,0,0.0,115.58105080736435,181.774789722331,695.9199308539214,21.384667345454318,94.58422881724287,2991.5078107675677,5.900171930312987,53.88315703689076,527.5656802201784,4,1.0,1.1368683772161603e-13
q4_3_variable_unclustered,2025-05-21,5,unclustered,4,0,0,0.0,0,0.0,210.37443922028862,342.2466757648031,1030.6024137755367,28.946829977275243,92.47271188376686,4007.9218370691788,5.149453671469173,24.259284507624393,158.62915543692412,7,1.0,1.2789769243681803e-13
q4_3_variable_unclustered,2025-05-22,5,unclustered,4,0,0,0.0,0,0.0,163.4179213915608,226.47516679624601,722.5599223687113,9.090456082281158,37.27135293108039,-712.05673287882,6.111738114191427,34.463439115840295,-337.3175149964599,2,0.5,2.2737367544323206e-13
q4_3_variable_unclustered,2025-05-23,5,unclustered,4,0,0,0.0,0,0.0,1542.036963299427,2463.5706401934617,5015.386979579237,137.99217494435032,271.50118272343053,-19870.873191986448,141.7867289565928,279.66441834208,-20417.288969749367,0,,1.1368683772161603e-13
q4_3_variable_unclustered,2025-05-24,5,unclustered,4,0,0,0.0,0,0.0,2090.7637329034974,3129.698715184573,7028.007823301143,108.75940532486236,245.98301633251143,-15661.354366780179,108.22854412780174,245.43688854915942,-15584.910354403451,0,,1.7053025658242404e-13
q4_3_variable_unclustered,2025-05-25,5,unclustered,4,0,0,0.0,0,0.0,213.6856426977857,459.9630644393712,1907.9355478298057,22.546570848267773,87.31922272004306,-1328.553884121956,5.406637794181002,21.742143430906392,13.31274952981093,6,1.0,1.1368683772161603e-13
q4_3_variable_unclustered,2025-05-26,5,unclustered,4,0,0,0.0,0,0.0,140.9457253706021,254.9318247107551,896.0729983221822,38.93984125700223,136.2236135851125,3948.588387569519,9.186116209858975,24.04692366389686,-1043.709214810036,2,1.0,1.5276668818842154e-13
q4_3_variable_unclustered,2025-05-27,5,unclustered,4,0,0,0.0,0,0.0,152.55532661264928,263.71674034473926,796.6950840216641,24.686463265420276,81.80052642876932,2019.117162640639,11.236018258587276,29.627600779371846,-1054.3684223679916,4,1.0,1.1368683772161603e-13
q4_3_variable_unclustered,2025-05-28,5,unclustered,4,0,0,0.0,0,0.0,169.9763331774477,334.07090381398757,1108.7897290415403,32.2382373851016,129.52633727121136,-3943.304623849528,4.9199303257474485,16.691582816972517,-708.4699669076326,0,,2.2737367544323206e-13
q4_3_variable_unclustered,2025-05-29,5,unclustered,4,0,0,0.0,0,0.0,224.03197827332554,384.69911633797824,1218.4302750260185,32.95693780700306,120.52548001574227,-607.445231841861,8.974101269641698,34.179017395348176,-950.5722613645794,2,0.5,1.1368683772161603e-13
q4_3_variable_unclustered,2025-05-30,5,unclustered,4,0,0,0.0,0,0.0,1759.188407800411,2830.7130909824687,5631.684798009932,167.14877450593497,311.8890389994183,-24069.423528854637,139.97113661508223,282.7706189363296,-20155.843672571842,0,,1.1368683772161603e-13
q4_3_variable_unclustered,2025-05-31,5,unclustered,4,0,0,0.0,0,0.0,1635.0573978861753,2619.4770506182035,5595.02716509036,184.75674741725686,336.52136129774243,-26604.971628084986,138.49298201682873,272.97766498407833,-19942.98941042334,0,,1.7053025658242404e-13
q4_3_variable_unclustered,2025-06-01,6,unclustered,4,0,0,0.0,0,0.0,757.5022865240628,1065.9649474981231,3016.662861926484,100.92420239705994,239.09465154762512,-811.9511963594115,18.611627545272547,81.0396015721837,1634.9153829351424,16,0.6875,2.2737367544323206e-13
q4_3_variable_unclustered,2025-06-02,6,unclustered,4,0,0,0.0,0,0.0,663.2040124265368,907.440040365844,2510.6769946894965,97.726926097389,232.38045271047784,-5325.034183033855,14.191146825860498,75.90393576034798,1999.3805598971346,20,0.7,0.0
q4_3_variable_unclustered,2025-06-03,6,unclustered,4,0,0,0.0,0,0.0,713.3074436684116,905.8747422936505,2146.1107720914642,59.43330408286104,178.54798909132134,223.63396763183437,17.14843428066437,78.90552528616293,1000.719418159141,15,0.6,2.2737367544323206e-13
q4_3_variable_unclustered,2025-06-04,6,unclustered,4,0,0,0.0,0,0.0,489.3991443893432,757.9267124936976,2097.6188168174394,93.84866102729046,207.64595506538015,-9257.047295961309,10.486647924861504,60.88787094392588,1395.5840275549672,15,0.5333333333333333,1.1368683772161603e-13
q4_3_variable_unclustered,2025-06-05,6,unclustered,4,0,0,0.0,0,0.0,626.7103961377542,838.1365775902876,1923.8114318274038,51.28808323346862,140.934691762564,2841.0603464783953,11.534430759939118,71.0225365560407,1303.0577396081624,15,0.5333333333333333,2.2737367544323206e-13
q4_3_variable_unclustered,2025-06-06,6,unclustered,4,0,0,0.0,0,0.0,1940.858957355549,3032.7092242240374,7859.737665795408,211.23392983109085,382.24941711215246,-30417.10016063785,150.47359999007548,297.3320474787892,-21668.19839857087,0,,1.1368683772161603e-13
q4_3_variable_unclustered,2025-06-07,6,unclustered,4,0,0,0.0,0,0.0,1850.5979986141938,3184.5549746332613,9008.393688056907,250.18077690952668,431.54356903140933,-36016.161539932604,160.76634010016576,307.35340840898994,-23150.35297442387,0,,1.1368683772161603e-13
q4_3_variable_unclustered,2025-06-08,6,unclustered,4,0,0,0.0,0,0.0,514.6436153977214,681.173789641902,1810.9300541156936,67.45097127732754,199.97467854105267,-976.2796367287365,10.756026251733182,49.14889259548104,1041.651974840907,14,0.5714285714285714,2.2737367544323206e-13
q4_3_variable_unclustered,2025-06-09,6,unclustered,4,0,0,0.0,0,0.0,345.3889533815578,516.2305972345748,1343.9520844634153,56.701960407160755,129.71026382509342,-4047.920119711983,9.387689571269785,42.607978721983784,972.817806283125,18,0.5555555555555556,2.2737367544323206e-13
q4_3_variable_unclustered,2025-06-10,6,unclustered,4,0,0,0.0,0,0.0,284.62685835327966,433.8954339013857,1141.2069611538027,30.01794657447867,87.94347935505152,2077.626423562382,8.984345742976943,32.14461031336083,510.7520877889664,18,0.5555555555555556,1.1368683772161603e-13
q4_3_variable_unclustered,2025-06-11,6,unclustered,4,0,0,0.0,0,0.0,296.19927504112627,430.63019935856886,965.5938376362465,37.50925987140382,108.66483614295923,758.1037072729964,5.056347223452324,19.797953256251983,537.1416164007637,13,0.46153846153846156,1.1368683772161603e-13
q4_3_variable_unclustered,2025-06-12,6,unclustered,4,0,0,0.0,0,0.0,308.75338197484956,440.8033181710889,1187.7617098026312,34.07395339100526,97.69713638935268,-1833.1751638208418,8.480190719308958,28.88360232374025,-301.8797257657011,14,0.5714285714285714,2.2737367544323206e-13
q4_3_variable_unclustered,2025-06-13,6,unclustered,4,0,0,0.0,0,0.0,2072.4211261364,3327.151840706875,8861.668719440044,213.8130131597071,372.1509324714055,-30784.282432993736,177.30172559351848,325.3100236981716,-25531.448485466663,0,,2.2737367544323206e-13
q4_3_variable_unclustered,2025-06-14,6,unclustered,4,0,0,0.0,0,0.0,1809.2109995931885,2945.7612232152524,6900.613857555635,227.98314006705064,413.06436399364196,-32829.572169655294,150.82693659854982,290.10960034027397,-21719.078870191173,0,,2.2737367544323206e-13
q4_3_variable_unclustered,2025-06-15,6,unclustered,4,0,0,0.0,0,0.0,128.67775768184154,165.51299157890745,469.9136458516077,22.273884532302645,91.12152474810395,2489.9888083146343,3.6247609046195755,13.383686207937807,-188.27915194830268,5,0.4,2.2737367544323206e-13
q4_3_variable_unclustered,2025-06-16,6,unclustered,4,0,0,0.0,0,0.0,300.70859898962124,446.5165592722567,1339.9931511254017,29.205249568110943,92.95853412020611,466.32698330431737,4.809552042954692,14.352983209963964,-104.22995506422464,10,0.5,0.0
q4_3_variable_unclustered,2025-06-17,6,unclustered,4,0,0,0.0,0,0.0,149.48813161416805,187.4384916138672,399.5534650895097,21.82974609594176,68.01277588487315,61.433646086858516,4.63392056206392,18.04486554624171,-153.59622165729832,8,0.5,2.2737367544323206e-13
q4_3_variable_unclustered,2025-06-18,6,unclustered,4,0,0,0.0,0,0.0,177.71811619791725,267.0710848801218,858.8360455319198,39.81667927025168,137.77091288283313,-5080.496218310831,11.495188083761128,39.77708576659368,-1597.334097352737,3,0.0,2.2737367544323206e-13
q4_3_variable_unclustered,2025-06-19,6,unclustered,4,0,0,0.0,0,0.0,204.50487357347887,340.88524876051423,1175.6036589430878,60.750209112085294,173.42613533070946,-3745.8956392531404,15.98262689296031,81.11581531335226,-2161.5473804613102,4,0.25,1.1368683772161603e-13
q4_3_variable_unclustered,2025-06-20,6,unclustered,4,0,0,0.0,0,0.0,1933.3413039621696,2990.3318060118177,6763.212135977492,230.24364310350146,389.4671233124138,-33155.08460690421,175.71563473184108,316.59775489113923,-25303.051401385113,0,,2.2737367544323206e-13
q4_3_variable_unclustered,2025-06-21,6,unclustered,4,0,0,0.0,0,0.0,2009.2502105739948,3111.3770600299795,7303.364398088155,194.0950606693717,335.98937745825395,-27942.63092184323,169.07731502275794,315.145816920215,-24347.133363277142,0,,1.1368683772161603e-13
q4_3_variable_unclustered,2025-06-22,6,unclustered,4,0,0,0.0,0,0.0,325.0049712058563,417.93584545222274,1013.2724421147523,51.191703671875665,173.1354036229028,-2074.6000264474687,7.362050634785975,45.49375725806618,-995.1151143920296,2,0.0,2.2737367544323206e-13
q4_3_variable_unclustered,2025-06-23,6,unclustered,4,0,0,0.0,0,0.0,314.2614332057852,417.3171949018046,1205.1114612621623,34.97275186973738,106.67341038406855,-3973.8705663881537,9.76705987839339,50.42093707859475,-1354.5497027644478,2,0.0,1.1368683772161603e-13
q4_3_variable_unclustered,2025-06-24,6,unclustered,4,0,0,0.0,0,0.0,160.2380201640168,215.25507205058202,462.0359780024187,43.6013661526727,94.42597789531612,-6247.0697921106075,10.707607841986443,36.35708909488332,-1510.368595371786,1,0.0,2.2737367544323206e-13
q4_3_variable_unclustered,2025-06-25,6,unclustered,4,0,0,0.0,0,0.0,225.72350396147417,328.4618032935084,859.4239438401964,51.015299844943335,151.9324579294985,-3828.1761985770895,20.75068803639531,75.05243357296338,-2984.1358056302,1,0.0,2.2737367544323206e-13
q4_3_variable_unclustered,2025-06-26,6,unclustered,4,0,0,0.0,0,0.0,216.41724135077538,306.8492107330518,1134.5033111184175,33.91497909171217,111.66877259363736,-3704.3804939066877,18.51358506451336,80.78688880860103,-2559.703108672897,3,0.0,2.2737367544323206e-13
q4_3_variable_unclustered,2025-06-27,6,unclustered,4,0,0,0.0,0,0.0,1972.5279273132232,3005.8491419386373,6835.331678751909,231.26204112508856,375.154710593434,-33297.44688419667,165.26514549245064,300.552525768385,-23798.18095091289,0,,1.7053025658242404e-13
q4_3_variable_unclustered,2025-06-28,6,unclustered,4,0,0,0.0,0,0.0,2264.279220463419,3535.3906500183516,8883.940572158153,219.51817343626522,360.7425636871611,-31610.61697482219,196.6612575715293,339.90665706503523,-28319.22109030022,0,,1.1368683772161603e-13
q4_3_variable_unclustered,2025-06-29,6,unclustered,4,0,0,0.0,0,0.0,220.07918795775825,315.18431508439517,708.0379544111738,47.522754618318174,137.70785435479962,-263.71388310603334,18.540581132904542,88.10484388063227,-2669.843683138254,0,,2.2737367544323206e-13
q4_3_variable_unclustered,2025-06-30,6,unclustered,4,0,0,0.0,0,0.0,300.0057684605492,410.8672511794299,811.5567227431156,43.399975737313454,130.23257259801403,-6172.168851610156,22.03921966525313,90.98398689747683,-3127.665807356947,2,0.0,1.1368683772161603e-13
q4_3_variable_unclustered,2025-07-01,7,unclustered,4,0,0,0.0,0,0.0,1083.8874328713346,1559.4296343352348,3923.0598979450897,79.72155025000419,207.7784866448686,11163.861679425718,16.118740188557265,74.32872522499981,2321.098587152246,19,0.7368421052631579,0.0
q4_3_variable_unclustered,2025-07-02,7,unclustered,4,0,0,0.0,0,0.0,964.6665383821843,1352.7936912925709,3424.784623310571,55.5565517554671,169.7020265182939,8000.143359476655,19.17936989167589,81.32360764717107,2761.829264401328,22,0.7727272727272727,1.1368683772161603e-13
q4_3_variable_unclustered,2025-07-03,7,unclustered,4,0,0,0.0,0,0.0,871.4619896088565,1319.9978010503764,3315.3703034178097,57.17768434327997,169.325536075162,5900.5939585751985,12.106890862106376,64.03872218996756,1468.267228904558,14,0.5714285714285714,1.1368683772161603e-13
q4_3_variable_unclustered,2025-07-04,7,unclustered,4,0,0,0.0,0,0.0,1635.6324948631861,2563.9915277947493,6661.4848395201825,104.17809144104113,224.01418803043543,-14998.934966343053,104.46653680728124,228.04729664875381,-15043.1813002485,0,,1.1368683772161603e-13
q4_3_variable_unclustered,2025-07-05,7,unclustered,4,0,0,0.0,0,0.0,1661.194492399564,2550.312067986996,6489.828019980165,96.92922761398842,218.89718565619776,-13956.864384285647,97.6299266995396,219.73366674051738,-14058.709444733702,0,,1.1368683772161603e-13
q4_3_variable_unclustered,2025-07-06,7,unclustered,4,0,0,0.0,0,0.0,786.1314142114842,1047.1491006411918,2759.3317895830296,83.17090793613708,202.17256003859086,11814.548534483543,13.905723001103487,57.76653995832968,1825.5634957624766,19,0.7368421052631579,0.0
q4_3_variable_unclustered,2025-07-07,7,unclustered,4,0,0,0.0,0,0.0,815.9309194620207,1085.1072251972791,2896.704739585248,33.33188375313961,100.10881957011652,3405.5863850847336,13.346253466932698,49.128816558457025,1921.8604992383084,21,0.6666666666666666,0.0
q4_3_variable_unclustered,2025-07-08,7,unclustered,4,0,0,0.0,0,0.0,595.4545071198197,834.0025013078167,2298.7606629812253,55.99066818804735,149.28682334683276,827.5151113402449,13.30565746192756,45.98860279221064,1795.9276390818131,24,0.75,0.0
q4_3_variable_unclustered,2025-07-09,7,unclustered,4,0,0,0.0,0,0.0,554.3032474654766,782.9244548644656,1924.94094101263,55.0052963218383,167.75529941182194,-2015.728006428788,9.448577514103498,37.175635533837415,719.7480594079382,17,0.6470588235294118,2.2737367544323206e-13
q4_3_variable_unclustered,2025-07-10,7,unclustered,4,0,0,0.0,0,0.0,512.7826525239109,726.4592611447887,1806.742712701458,34.67954031381146,119.88677095547496,3263.8296932094727,7.380878471616995,25.568119004146755,534.749741252514,19,0.631578947368421,1.1368683772161603e-13
q4_3_variable_unclustered,2025-07-11,7,unclustered,4,0,0,0.0,0,0.0,1855.6393756031164,2943.6257793254836,7603.456910964247,198.7094539434812,348.5018067008706,-28613.958145639073,146.49820935165812,283.3847935306713,-21095.742146638768,0,,1.1368683772161603e-13
q4_3_variable_unclustered,2025-07-12,7,unclustered,4,0,0,0.0,0,0.0,1976.7287361763867,2946.0647166711683,7021.519441172764,122.53342325454007,259.1393958209175,-17342.398861389265,146.5378378613195,295.8999883672287,-21101.44865203001,0,,1.1368683772161603e-13
q4_3_variable_unclustered,2025-07-13,7,unclustered,4,0,0,0.0,0,0.0,375.093234935285,532.4267133734013,1399.3617745604333,65.83796735907049,168.32426394412047,-6380.943768610616,4.770474038081768,17.596376548705123,129.34616271782875,11,0.36363636363636365,1.1368683772161603e-13
q4_3_variable_unclustered,2025-07-14,7,unclustered,4,0,0,0.0,0,0.0,353.95830205158796,539.6817139010656,1608.9757043115978,46.782133927354266,140.66313194607608,-121.90525469199929,3.2387437338799265,10.879355401448821,191.00128198238815,12,0.5833333333333334,1.1368683772161603e-13
q4_3_variable_unclustered,2025-07-15,7,unclustered,4,0,0,0.0,0,0.0,490.9927472751999,662.0400135484597,1514.0851930383342,45.75527596633938,161.9505472974844,-3689.132392706822,3.496144202195486,16.610450612507453,-470.50809691062113,3,0.0,1.1368683772161603e-13
q4_3_variable_unclustered,2025-07-16,7,unclustered,4,0,0,0.0,0,0.0,237.55461391375565,304.0937167311471,877.5869603302963,23.110783132356758,97.02705440575787,-1775.69991434033,4.3775031453295234,36.823923722319,-543.3266773224663,2,0.0,1.1368683772161603e-13
q4_3_variable_unclustered,2025-07-17,7,unclustered,4,0,0,0.0,0,0.0,216.595458191616,299.3641128100471,704.6364157483279,22.812087202061818,82.76180340115258,331.5617414843815,6.948389787972211,53.70519500213372,-992.6492928437737,1,0.0,1.7053025658242404e-13
q4_3_variable_unclustered,2025-07-18,7,unclustered,4,0,0,0.0,0,0.0,2079.9383390678668,3343.793882048936,8373.86591896819,243.72555931030672,424.334887254659,-35096.4800661977,179.8621561461753,322.70119099055455,-25900.150485049242,0,,1.1368683772161603e-13
q4_3_variable_unclustered,2025-07-19,7,unclustered,4,0,0,0.0,0,0.0,1861.6522453905325,2871.937897787005,5917.79273766335,219.17483933243875,388.5761300255382,-31561.17686387118,148.99779440025634,283.0908427584926,-21455.68239363691,0,,1.1368683772161603e-13
q4_3_variable_unclustered,2025-07-20,7,unclustered,4,0,0,0.0,0,0.0,168.87448140559331,264.7121675536497,654.5980479430318,50.76795167699564,149.93505958110273,-6858.821129270898,18.205163829218293,71.57438692269339,-2610.921009776005,1,0.0,2.2737367544323206e-13
q4_3_variable_unclustered,2025-07-21,7,unclustered,4,0,0,0.0,0,0.0,186.88126472189353,314.6451904845586,769.6319776848432,47.578122047243646,134.84269264310828,-5759.42258811183,24.713067085268424,86.5227036321864,-3547.4980729292324,1,0.0,2.2737367544323206e-13
q4_3_variable_unclustered,2025-07-22,7,unclustered,4,0,0,0.0,0,0.0,211.14802245130068,338.1051506021483,828.2828875140913,37.420085117835804,130.6112041043486,-2374.636708499469,26.83902093050243,98.51427407483426,-3847.1285255673033,2,0.0,2.2737367544323206e-13
q4_3_variable_unclustered,2025-07-23,7,unclustered,4,0,0,0.0,0,0.0,313.0920544239891,482.84037191886136,1518.9807490457351,89.99609713230564,211.00482788192988,-12926.965233414723,21.470908589908092,80.29531718658761,-3087.9029082943352,1,0.0,2.2737367544323206e-13
q4_3_variable_unclustered,2025-07-24,7,unclustered,4,0,0,0.0,0,0.0,286.1701374467005,452.65347390884745,1168.8504860478733,93.88477028647438,219.40495754434573,-13505.487646561814,29.835335338721197,112.85320775653088,-4296.288288775852,0,,1.1368683772161603e-13
q4_3_variable_unclustered,2025-07-25,7,unclustered,4,0,0,0.0,0,0.0,1978.626621641752,3023.3332647179604,6583.91329980759,195.56712188289774,342.96450313330905,-27790.57775032196,183.0843443043993,329.2809037871664,-26364.1455798335,0,,1.1368683772161603e-13
q4_3_variable_unclustered,2025-07-26,7,unclustered,4,0,0,0.0,0,0.0,2021.4163626994696,3127.9292015757255,7252.141020994621,233.15393225258393,388.9925402452102,-33574.166244372085,187.21388982589784,334.03196674035263,-26958.80013492929,0,,2.2737367544323206e-13
q4_3_variable_unclustered,2025-07-27,7,unclustered,4,0,0,0.0,0,0.0,279.1482587702063,460.6050623369404,1216.5008520254464,53.37457894784349,139.88127580476947,-4865.939081645103,25.254740970815373,93.0374153556853,-3636.6826997974135,0,,2.2737367544323206e-13
q4_3_variable_unclustered,2025-07-28,7,unclustered,4,0,0,0.0,0,0.0,319.10140927893485,482.5590476594455,1154.4036843615895,35.6294242909015,118.22976111319592,-4719.082550563692,33.0059291513937,117.09954784721721,-4752.853797800693,0,,2.2737367544323206e-13
q4_3_variable_unclustered,2025-07-29,7,unclustered,4,0,0,0.0,0,0.0,490.31180731777306,704.159028979127,1823.1003893748198,56.78037937222762,141.20528509166002,-3756.0621021944344,44.965869891738116,121.35272889664533,-6475.085264410289,0,,2.2737367544323206e-13
q4_3_variable_unclustered,2025-07-30,7,unclustered,4,0,0,0.0,0,0.0,461.1422592760453,669.3001425314795,1515.636629042834,66.25061671816374,183.1802530434848,967.4154090358606,42.22066484732747,144.4642736607081,-6079.775738015156,0,,2.2737367544323206e-13
q4_3_variable_unclustered,2025-07-31,7,unclustered,4,0,0,0.0,0,0.0,451.0546644832226,618.8950208373976,1373.102657992942,52.091530376083846,147.20459836997944,-4331.125630978658,42.34393642781335,135.0394272143686,-6097.526845605122,0,,2.2737367544323206e-13
q4_3_variable_unclustered,2025-08-01,8,unclustered,4,0,0,0.0,0,0.0,1998.3966268441097,3065.9679464998408,6028.542044776139,213.37672500032625,378.44530149521415,-30726.24840004698,171.37128964492624,321.2439441794472,-24677.46570886938,0,,1.7053025658242404e-13
q4_3_variable_unclustered,2025-08-02,8,unclustered,4,0,0,0.0,0,0.0,1915.449795759937,2952.350860155586,6600.297450502422,273.6728589842044,447.596308111171,-39408.68847150321,177.15055752511546,323.1684495527517,-25509.680283616624,0,,1.1368683772161603e-13
q4_3_variable_unclustered,2025-08-03,8,unclustered,4,0,0,0.0,0,0.0,345.606501331959,525.7158441054183,1579.3267031456871,30.597068998236296,107.93383544448596,-4400.653537265811,25.50104833882303,104.72002531574334,-3667.029284532524,1,0.0,1.1368683772161603e-13
q4_3_variable_unclustered,2025-08-04,8,unclustered,4,0,0,0.0,0,0.0,573.1558396154102,777.7515504417996,1624.9537325932733,62.26865755311097,165.9589741696777,-7877.134547562047,31.496139866772424,128.60450454404835,-4535.444140815229,0,,2.2737367544323206e-13
q4_3_variable_unclustered,2025-08-05,8,unclustered,4,0,0,0.0,0,0.0,578.9839586437987,775.155295487355,1547.2985024575692,65.28309686091191,165.31175074786398,-6775.0776283344285,40.644880067132654,133.6843386809576,-5852.862729667102,0,,2.2737367544323206e-13
q4_3_variable_unclustered,2025-08-06,8,unclustered,4,0,0,0.0,0,0.0,595.7957496619083,810.8238789942069,1773.5952507402253,90.35254881775803,230.3705935511295,-13010.51300197938,48.4460985450971,145.8141836016922,-6976.238190493983,0,,2.2737367544323206e-13
q4_3_variable_unclustered,2025-08-07,8,unclustered,4,0,0,0.0,0,0.0,581.0195594581323,802.0977196465994,1677.9177666812056,130.0920723942401,297.20187588023623,-18733.004396992797,47.32229177539882,145.41824544906714,-6814.4100156574295,0,,2.2737367544323206e-13
q4_3_variable_unclustered,2025-08-08,8,unclustered,4,0,0,0.0,0,0.0,2319.1986549162216,3509.8245369210513,7721.874773430236,177.17914687926927,333.57360948539497,-25513.797150614773,173.36951780877772,328.66865328017445,-24965.210564463992,0,,1.1368683772161603e-13
q4_3_variable_unclustered,2025-08-09,8,unclustered,4,0,0,0.0,0,0.0,1914.464415639854,2932.187201492146,6325.241864665883,208.05116763612116,354.673601278126,-29959.28928953012,180.4860257489101,327.1712214931041,-25989.987707843055,0,,1.1368683772161603e-13
q4_3_variable_unclustered,2025-08-10,8,unclustered,4,0,0,0.0,0,0.0,416.2857700399192,608.3818807141346,1501.8460079336546,79.34144449279944,206.58245427750205,-11425.048696876765,41.561049246520675,133.73275623396168,-5984.791091498977,0,,2.2737367544323206e-13
q4_3_variable_unclustered,2025-08-11,8,unclustered,4,0,0,0.0,0,0.0,600.4501313277977,831.8203860312216,2264.2053532799437,62.38251990651702,170.48222468730526,-8684.39980787299,44.668873242061785,134.47641732040333,-6432.317746856897,0,,2.2737367544323206e-13
q4_3_variable_unclustered,2025-08-12,8,unclustered,4,0,0,0.0,0,0.0,570.6392328370242,775.9902328818232,1614.1005351832782,95.01460017884388,224.1293555090739,-13682.023814642409,48.886267741613146,145.52353126632335,-7039.622554792293,0,,2.2737367544323206e-13
q4_3_variable_unclustered,2025-08-13,8,unclustered,4,0,0,0.0,0,0.0,601.5794076692538,824.4681833105972,1814.7667707263445,61.38856154551192,164.47631284928818,-7818.4111166167,51.36728731117494,148.81260766659028,-7396.889372809192,0,,2.2737367544323206e-13
q4_3_variable_unclustered,2025-08-14,8,unclustered,4,0,0,0.0,0,0.0,650.778644105526,902.8765928477867,2102.9805488302627,89.73337416466575,199.85851946880518,-9450.758813991102,57.020221576670046,150.60887985999685,-8210.911907040487,0,,2.2737367544323206e-13
q4_3_variable_unclustered,2025-08-15,8,unclustered,4,0,0,0.0,0,0.0,2132.0766183506457,3324.223707206265,7602.0823727796715,276.21730770357215,446.8025592195167,-39775.29230931439,182.4338270365291,329.29848753327985,-26270.47109326019,0,,1.1368683772161603e-13
q4_3_variable_unclustered,2025-08-16,8,unclustered,4,0,0,0.0,0,0.0,1981.687221119453,3030.0397182816346,6159.833259069832,256.58258614461465,436.0766394646562,-36947.892113099704,182.70988021292766,333.00853248969116,-26310.22275066158,0,,1.1368683772161603e-13
q4_3_variable_unclustered,2025-08-17,8,unclustered,4,0,0,0.0,0,0.0,630.514339117256,852.4128003757579,2119.847630324577,96.26941453972451,220.9262528163104,-13862.795693720329,51.279863407711865,138.28696876665884,-7384.300330710508,0,,2.2737367544323206e-13
q4_3_variable_unclustered,2025-08-18,8,unclustered,4,0,0,0.0,0,0.0,666.9800706605101,903.0878386800225,2165.558135827545,77.55125370060311,176.57543864264946,-11167.380178483761,52.528603455376405,141.12083721216334,-7564.1188975742025,0,,2.2737367544323206e-13
q4_3_variable_unclustered,2025-08-19,8,unclustered,4,0,0,0.0,0,0.0,574.5482836298928,776.4947176964853,2120.1459102073723,74.63497470042203,177.27341961676365,-10747.436173241924,51.4658830885617,144.229320208009,-7411.087164752884,0,,1.1368683772161603e-13
q4_3_variable_unclustered,2025-08-20,8,unclustered,4,0,0,0.0,0,0.0,715.5984042065626,997.104150038831,2139.402778229475,114.60661131050999,253.63460470922493,-14874.422525171685,54.46094931895633,142.4452740854021,-7842.376701929712,0,,2.2737367544323206e-13
q4_3_variable_unclustered,2025-08-21,8,unclustered,4,0,0,0.0,0,0.0,775.9470282474874,1089.9094034526906,2650.3268999208904,112.75991951395969,251.6576457861859,-16237.428410010194,58.24790485625457,169.09240652543352,-8387.698299300659,0,,2.2737367544323206e-13
q4_3_variable_unclustered,2025-08-22,8,unclustered,4,0,0,0.0,0,0.0,2031.416044158977,3072.2227712251597,6583.833558203056,230.24207684122905,397.9639813318283,-33154.85906513698,188.8616228393096,346.332680845924,-27196.073688860582,0,,2.2737367544323206e-13
q4_3_variable_unclustered,2025-08-23,8,unclustered,4,0,0,0.0,0,0.0,2185.0430206325236,3365.8897897625516,7576.873819759372,217.74846113505535,352.1566112986459,-31355.77840344797,187.68015409550014,333.5583529882375,-27025.942189752022,0,,1.1368683772161603e-13
q4_3_variable_unclustered,2025-08-24,8,unclustered,4,0,0,0.0,0,0.0,630.8286048433328,854.6155442354924,1892.5296665032638,84.27851145401337,198.06299641482468,-11917.611314137526,59.00767518058284,165.10967893734053,-8497.105226003929,0,,2.2737367544323206e-13
q4_3_variable_unclustered,2025-08-25,8,unclustered,4,0,0,0.0,0,0.0,566.5295596190042,784.097623104092,1902.546131777331,194.64758034990223,366.85544609447606,-28029.25157038592,68.83458202845392,171.92046124559207,-9912.179812097365,0,,2.2737367544323206e-13
q4_3_variable_unclustered,2025-08-26,8,unclustered,4,0,0,0.0,0,0.0,645.1791515344695,854.921644389963,1946.5609718806372,90.21308634883857,195.41825356857177,-11519.263858785702,70.4240454877909,173.24048239475948,-10141.06255024189,0,,2.2737367544323206e-13
q4_3_variable_unclustered,2025-08-27,8,unclustered,4,0,0,0.0,0,0.0,800.9987112126431,1101.0430957944786,2663.3500430971344,74.21504037825864,172.62206232919948,-8827.392538023694,73.36783867346159,178.77406929749463,-10564.96876897847,0,,2.2737367544323206e-13
q4_3_variable_unclustered,2025-08-28,8,unclustered,4,0,0,0.0,0,0.0,622.2054320912691,852.461914174573,1967.1653885714077,66.9424996493281,175.64301831541187,-7963.268530463807,74.92008101919235,187.2878551408201,-10788.491666763699,0,,2.7711166694643907e-13
q4_3_variable_unclustered,2025-08-29,8,unclustered,4,0,0,0.0,0,0.0,2347.02872395182,3733.0567841994744,9226.920533714036,298.1265901923991,458.89248271607806,-42930.222193816575,217.34301959589823,365.2673466084491,-31297.394821809343,0,,1.1368683772161603e-13
q4_3_variable_unclustered,2025-08-30,8,unclustered,4,0,0,0.0,0,0.0,2155.2025591986658,3313.5215038554397,7478.812650713944,257.4022972857176,436.7762216495287,-37065.93064775445,198.6576173277281,351.7197406651873,-28606.696895192847,0,,1.1368683772161603e-13
q4_3_variable_unclustered,2025-08-31,8,unclustered,4,0,0,0.0,0,0.0,641.2317213223328,896.6100771010372,2003.8158793126013,88.05801057181706,196.4904530225305,-10086.314932843428,64.20004824448684,164.31196459197682,-9244.806947206105,0,,2.2737367544323206e-13
q4_3_variable_unclustered,2025-09-01,9,unclustered,4,0,0,0.0,0,0.0,1220.9381662116168,1808.3662752598827,4285.596427702672,213.5146951690287,367.60712909726055,-30746.116104340133,133.34389412238733,257.95204471520543,-19201.520753623776,0,,2.2737367544323206e-13
q4_3_variable_unclustered,2025-09-02,9,unclustered,4,0,0,0.0,0,0.0,1066.1009655478883,1563.125014320142,4110.781379361229,140.36731306019405,260.5863206684054,-19446.025549200458,136.3681400091744,260.97192717995523,-19637.012161321112,0,,2.2737367544323206e-13
q4_3_variable_unclustered,2025-09-03,9,unclustered,4,0,0,0.0,0,0.0,1112.9342915127443,1632.8241277006268,4044.319937228209,166.63944463563504,307.69390405565207,-23996.080027531447,126.53703894287231,256.04139989400966,-18221.333607773613,0,,2.2737367544323206e-13
q4_3_variable_unclustered,2025-09-04,9,unclustered,4,0,0,0.0,0,0.0,1006.6303214874595,1501.217739084538,4081.9118454397667,167.029999761108,305.8163572781072,-24052.319965599552,125.84171741936127,251.3203289320549,-18121.207308388024,0,,2.2737367544323206e-13
q4_3_variable_unclustered,2025-09-05,9,unclustered,4,0,0,0.0,0,0.0,2549.4935888483783,3691.9853873347324,8001.87679180526,253.99487616313732,428.7154558265476,-36575.26185910088,234.75286165969817,409.4110545015885,-33804.41207899654,0,,1.1368683772161603e-13
q4_3_variable_unclustered,2025-09-06,9,unclustered,4,0,0,0.0,0,0.0,2615.623587679086,4149.156489328358,9599.99955248484,256.9508398466057,420.2237767616297,-36593.92052482508,240.96739907164303,408.0685325728889,-34699.3054663166,0,,1.1368683772161603e-13
q4_3_variable_unclustered,2025-09-07,9,unclustered,4,0,0,0.0,0,0.0,940.0397751869289,1387.5211940684333,3657.0300895751325,142.29066671770894,257.94228827146907,-17265.906684258764,124.1939395852208,237.0387862722091,-17883.927300271796,0,,3.410605131648481e-13
q4_3_variable_unclustered,2025-09-08,9,unclustered,4,0,0,0.0,0,0.0,1005.5881348809743,1457.4265269447928,3668.2500854138634,154.1882210579623,283.44364620332266,-21526.974987886962,121.08491097439426,245.6001321476043,-17436.227180312773,0,,2.2737367544323206e-13
q4_3_variable_unclustered,2025-09-09,9,unclustered,4,0,0,0.0,0,0.0,902.0884293394976,1322.349514217221,3539.1295571397186,104.3999404702267,224.37577300923147,-13625.65669214039,105.74748209846126,233.9157584897192,-15227.637422178423,0,,2.2737367544323206e-13
q4_3_variable_unclustered,2025-09-10,9,unclustered,4,0,0,0.0,0,0.0,828.0778889812019,1258.8354374258731,3397.637421947301,150.88298722501648,277.2379993836657,-21727.147706687298,121.2232776490004,242.8002136767859,-17456.151981456056,0,,3.410605131648481e-13
q4_3_variable_unclustered,2025-09-11,9,unclustered,4,0,0,0.0,0,0.0,876.381363954624,1303.6625925591436,3486.368861021515,186.6913006578219,340.74935708402074,-26883.547294726355,107.01676635060016,226.98426469184662,-15410.414354486424,0,,2.2737367544323206e-13
q4_3_variable_unclustered,2025-09-12,9,unclustered,4,0,0,0.0,0,0.0,2409.059120593514,3735.415274198485,8625.821717779685,237.0385107085069,404.1387400686759,-34133.54531742263,236.57706581564537,406.30208443852325,-34067.09747745293,0,,1.1368683772161603e-13
q4_3_variable_unclustered,2025-09-13,9,unclustered,4,0,0,0.0,0,0.0,2564.532482448975,3922.199122005191,9376.892026578254,225.59558861970214,392.29923695289364,-32485.76300389255,227.70275687036622,391.74785552494205,-32789.19698933273,0,,1.1368683772161603e-13
q4_3_variable_unclustered,2025-09-14,9,unclustered,4,0,0,0.0,0,0.0,759.8949163802724,1274.2793145435994,3089.5923428826572,162.73247689187005,286.35871892290305,-23433.476672429286,98.2590191132624,206.28386804835367,-14149.298752309785,0,,2.788880237858393e-13
q4_3_variable_unclustered,2025-09-15,9,unclustered,4,0,0,0.0,0,0.0,464.0844414366343,980.844783858489,2862.4923633879444,89.32616613516676,186.35442909960025,-12575.177855975982,91.35379040576474,190.44847999341755,-13154.945818430122,0,,2.2737367544323206e-13
q4_3_variable_unclustered,2025-09-16,9,unclustered,4,0,0,0.0,0,0.0,696.5448121150553,1145.3611722193668,2678.454948184005,152.0890408116986,279.13613257139355,-21900.821876884598,87.17881223280587,181.9689535077245,-12553.748961524045,0,,2.2737367544323206e-13
q4_3_variable_unclustered,2025-09-17,9,unclustered,4,0,0,0.0,0,0.0,619.9459746431387,1063.0962712210514,2772.7712512273683,127.01598543717591,243.00302933480523,-18135.31441165351,89.54474661592359,186.36633082629612,-12879.413691162565,1,0.0,2.2737367544323206e-13
q4_3_variable_unclustered,2025-09-18,9,unclustered,4,0,0,0.0,0,0.0,616.1500406529117,1012.2949971649223,2459.7105001451655,118.68075715987167,215.43195261260206,-10390.418075918478,100.23038107447532,194.92519819273951,-14433.174874724446,0,,2.2737367544323206e-13
q4_3_variable_unclustered,2025-09-19,9,unclustered,4,0,0,0.0,0,0.0,2271.963213939932,3818.9205610063177,9226.703600431601,266.6070896292218,412.6870908190451,-38391.420906607935,238.43871453833378,386.5036409164909,-34335.17489352007,0,,1.1368683772161603e-13
q4_3_variable_unclustered,2025-09-20,9,unclustered,4,0,0,0.0,0,0.0,2281.597808890685,3803.8777270536652,9418.750300623284,245.24412034831528,398.133941155202,-34507.52047899526,231.17696869303595,383.96471399702665,-33289.483491797175,0,,2.2737367544323206e-13
q4_3_variable_unclustered,2025-09-21,9,unclustered,4,0,0,0.0,0,0.0,731.2514705990443,1198.7249831808797,2874.7280063717208,108.5590053184692,222.67834549533157,-15592.77796751277,81.59997434615545,180.20426544192532,-11750.396305846385,0,,2.2737367544323206e-13
q4_3_variable_unclustered,2025-09-22,9,unclustered,4,0,0,0.0,0,0.0,508.22025213237924,1029.1046009999077,2881.8958593214847,129.17207553614946,259.40347215056454,-18583.956356314808,72.12710787436335,178.88562211837575,-10386.303533908322,0,,2.2737367544323206e-13
q4_3_variable_unclustered,2025-09-23,9,unclustered,4,0,0,0.0,0,0.0,503.6378685696659,903.9521974739303,2467.4470454292154,107.00128270998935,211.69131842706398,-15400.12879904313,73.15057499941447,167.06763217385918,-10533.682799915685,0,,2.2737367544323206e-13
q4_3_variable_unclustered,2025-09-24,9,unclustered,4,0,0,0.0,0,0.0,545.916215746314,1057.5326886418952,2983.079037608505,82.45327950732647,194.20425196466041,-5947.728199624163,70.34633868536194,175.5940932181833,-10129.87277069212,0,,2.2737367544323206e-13
q4_3_variable_unclustered,2025-09-25,9,unclustered,4,0,0,0.0,0,0.0,767.0226626649946,1251.709780442485,2805.978641707915,95.82824409950295,203.81078903558767,-13027.88713166734,81.07001450362691,179.54014635892332,-11674.082088522275,0,,2.2737367544323206e-13
q4_3_variable_unclustered,2025-09-26,9,unclustered,4,0,0,0.0,0,0.0,2435.5314295208336,4014.335177767607,9599.998493494286,298.5041177321303,459.3318983533245,-42969.455088682764,236.6462170411187,389.9180544436787,-34077.05525392109,0,,2.2737367544323206e-13
q4_3_variable_unclustered,2025-09-27,9,unclustered,4,0,0,0.0,0,0.0,2291.121327782027,3734.691569555996,8984.784436882474,196.4865357892709,348.553350489681,-28278.84644889208,216.30742899646978,371.56398694591246,-31148.269775491648,0,,1.1368683772161603e-13
q4_3_variable_unclustered,2025-09-28,9,unclustered,4,0,0,0.0,0,0.0,582.3300739056792,1029.8046921729458,2684.7632787544962,69.7300673860283,170.00350982739695,-8378.45669579525,67.77166793797545,159.90037935250243,-9759.120183068466,0,,2.2737367544323206e-13
q4_3_variable_unclustered,2025-09-29,9,unclustered,4,0,0,0.0,0,0.0,465.1066914508333,823.6147409029594,2240.4318023421783,97.58195102920102,200.9527917182411,-13040.993684132638,62.6119007036323,147.78169846080914,-8042.950471280076,7,0.8571428571428571,1.1368683772161603e-13
q4_3_variable_unclustered,2025-09-30,9,unclustered,4,0,0,0.0,0,0.0,456.8090584278173,829.1698023255578,2232.5253443431593,71.50426540234146,174.03306670430038,-7797.92075793468,64.11027672702734,165.73127899785916,-9231.879848691937,0,,2.2737367544323206e-13
q4_3_variable_unclustered,2025-10-01,10,unclustered,4,0,0,0.0,0,0.0,902.6025758679003,1566.7546174043161,4179.5846441940685,116.62930114529978,250.2725869142217,-16741.60750501646,82.4487906494729,201.73573680608786,-11872.625853524098,0,,2.2737367544323206e-13
q4_3_variable_unclustered,2025-10-02,10,unclustered,4,0,0,0.0,0,0.0,832.5834414768101,1476.7861454981958,4073.0167241485824,157.2826695917569,309.24592282640623,-22595.692561306292,78.08175329945114,201.53197785057608,-11243.772475120964,0,,2.2737367544323206e-13
q4_3_variable_unclustered,2025-10-03,10,unclustered,4,0,0,0.0,0,0.0,2614.158545385466,4262.034277991689,9343.594054518788,221.30127944068101,382.98593476975697,-31808.955475670045,201.2547275607337,373.4623691305045,-28980.680768745653,0,,1.7053025658242404e-13
q4_3_variable_unclustered,2025-10-04,10,unclustered,4,0,0,0.0,0,0.0,2426.456272744853,3965.5734478083687,9082.021487905447,294.9973316395682,458.6302846468427,-42422.02805031391,201.2166315070557,362.5122838095851,-28975.19493701602,0,,1.1368683772161603e-13
q4_3_variable_unclustered,2025-10-05,10,unclustered,4,0,0,0.0,0,0.0,624.1799508903277,1202.627689344237,3370.871647597638,123.6633249072526,271.28036479670845,-17744.372611385053,58.385278625020774,170.99146472840047,-8407.480122002991,0,,2.2737367544323206e-13
q4_3_variable_unclustered,2025-10-06,10,unclustered,4,0,0,0.0,0,0.0,499.5606155989184,1035.753145983712,2943.9291435606783,67.95151279477491,179.7029926316823,-3610.4036580353486,48.46574090802129,156.0675907348272,-6979.066690755066,0,,2.2737367544323206e-13
q4_3_variable_unclustered,2025-10-07,10,unclustered,4,0,0,0.0,0,0.0,547.573851338905,1074.77396782984,3005.999013807297,57.09819032836299,169.6266665873104,-7049.622024267325,52.62174198876163,163.08497279210206,-7577.530846381675,0,,2.2737367544323206e-13
q4_3_variable_unclustered,2025-10-08,10,unclustered,4,0,0,0.0,0,0.0,494.15574666623735,1011.1831712764467,2862.005627022085,52.204672661186386,155.4974770709847,-7059.989184475696,49.74302993105354,154.83389484544443,-6855.029528149698,3,1.0,1.1368683772161603e-13
q4_3_variable_unclustered,2025-10-09,10,unclustered,4,0,0,0.0,0,0.0,449.59148692532887,921.1624204460904,2609.8259485305443,127.24556450504218,267.9689587007033,-17611.18853342958,47.71999190358705,152.04073529896533,-6202.028665471515,4,1.0,2.2737367544323206e-13
q4_3_variable_unclustered,2025-10-10,10,unclustered,4,0,0,0.0,0,0.0,2274.768390963804,3770.683630190373,9024.47878521545,233.425643394377,373.14582570749434,-33587.900680107115,175.46962201222522,327.4829750081228,-25267.625569760432,0,,1.1368683772161603e-13
q4_3_variable_unclustered,2025-10-11,10,unclustered,4,0,0,0.0,0,0.0,2274.499920546374,3812.5958767023653,9467.09796169741,226.2189735716714,364.6052682965019,-32550.038270212983,177.72638713899403,319.61955177446725,-25592.59974801514,0,,1.1368683772161603e-13
q4_3_variable_unclustered,2025-10-12,10,unclustered,4,0,0,0.0,0,0.0,406.949160017808,672.6997547976742,1800.130552993889,42.952315677092365,138.39859481372653,-5193.4900301136095,22.932888985400773,107.07549846575299,-3260.4761472310447,1,0.0,2.2737367544323206e-13
q4_3_variable_unclustered,2025-10-13,10,unclustered,4,0,0,0.0,0,0.0,419.75809198911963,601.6838119338092,1336.244389763011,75.87595810265604,188.8522284706267,-7876.881192667515,17.23560665065813,94.40846745950914,-2310.7641263315377,2,1.0,1.1368683772161603e-13
q4_3_variable_unclustered,2025-10-14,10,unclustered,4,0,0,0.0,0,0.0,292.37940728938395,455.75289234667525,1060.7543484042144,58.90961137092193,157.641686298884,-6295.900827755298,20.208811737997173,83.87865584538159,-1981.2800557166606,4,1.0,2.2737367544323206e-13
q4_3_variable_unclustered,2025-10-15,10,unclustered,4,0,0,0.0,0,0.0,254.52967585555714,434.9429078936779,1107.8753373089694,59.67399202077237,148.79625983449614,-8076.218030785191,17.961592467877928,83.0690772140203,-2342.8470237351294,2,1.0,1.7053025658242404e-13
q4_3_variable_unclustered,2025-10-16,10,unclustered,4,0,0,0.0,0,0.0,245.28161802047413,382.23683854801226,920.0553161436364,31.981696940753952,122.42223340273294,-2855.2380269382465,12.618614039965916,84.12118942622087,-1817.080421755092,0,,1.1368683772161603e-13
q4_3_variable_unclustered,2025-10-17,10,unclustered,4,0,0,0.0,0,0.0,2235.34101727969,3697.044238765022,9175.235392173861,141.08321408682954,275.92068520580744,-19382.911488555037,157.05968143455542,291.7874973902289,-22616.59412657598,0,,1.1368683772161603e-13
q4_3_variable_unclustered,2025-10-18,10,unclustered,4,0,0,0.0,0,0.0,2198.113316656167,3650.300483128647,9409.763862726422,211.9865104058002,361.1766659588943,-30518.43441108236,173.97538415296972,306.990999217302,-25052.45531802764,0,,1.1368683772161603e-13
q4_3_variable_unclustered,2025-10-19,10,unclustered,4,0,0,0.0,0,0.0,268.92102164973,367.8583426875368,978.7547222556786,24.54644336342801,99.19829527989218,-1277.0110238661493,3.027416028217246,12.951768807170689,99.65377871768465,4,1.0,1.1368683772161603e-13
q4_3_variable_unclustered,2025-10-20,10,unclustered,4,0,0,0.0,0,0.0,110.80143744995851,154.33943571647893,400.6027833225535,40.08627506732551,121.83139085363727,-4596.520331849355,6.107678830489639,27.18399173854997,-180.49489289808585,3,1.0,2.2737367544323206e-13
q4_3_variable_unclustered,2025-10-21,10,unclustered,4,0,0,0.0,0,0.0,124.50076843032028,157.82690196356654,405.43724246611964,25.81027809650144,81.90524623893353,-1290.8441583095178,5.119332662079377,19.409728456554504,-216.95305801190221,4,1.0,2.2737367544323206e-13
q4_3_variable_unclustered,2025-10-22,10,unclustered,4,0,0,0.0,0,0.0,111.05332049443314,144.88101131252427,303.79229316552664,5.725759413293782,25.077307186337787,389.6391389162201,2.3373986931306465,7.302816054667201,-82.21003747147574,6,1.0,1.7763568394002505e-13
q4_3_variable_unclustered,2025-10-23,10,unclustered,4,0,0,0.0,0,0.0,150.77331719253272,177.64812043057887,494.4480917926394,103.23552840918461,236.26704128887167,-12632.609463178534,4.607673369089909,27.063485270200008,-199.17300028310268,2,1.0,1.1368683772161603e-13
q4_3_variable_unclustered,2025-10-24,10,unclustered,4,0,0,0.0,0,0.0,2089.283476812903,3502.1036179299913,9309.686961787545,174.2801983186601,300.0059077128259,-25090.012589672027,149.63003713580787,274.67591595908374,-21546.725347556334,0,,1.1368683772161603e-13
q4_3_variable_unclustered,2025-10-25,10,unclustered,4,0,0,0.0,0,0.0,2137.221733350066,3601.342364242052,9600.0,207.45655428267605,340.28169807675397,-29872.729858946586,150.42694342446615,273.5383104398679,-21661.479853123124,0,,1.1368683772161603e-13
q4_3_variable_unclustered,2025-10-26,10,unclustered,4,0,0,0.0,0,0.0,298.8592639017468,392.125200395404,1135.4637655544193,61.03999925108431,165.88358644760038,-3889.208893787659,3.733059769462353,18.995573940487258,499.7776383405667,13,1.0,1.1368683772161603e-13
q4_3_variable_unclustered,2025-10-27,10,unclustered,4,0,0,0.0,0,0.0,216.2482161087126,274.66984175958845,579.415994563682,29.279128499852746,98.09889753046829,1953.8579765594936,11.612020432795084,47.35169160252074,-858.5776466029853,7,0.8571428571428571,2.2737367544323206e-13
q4_3_variable_unclustered,2025-10-28,10,unclustered,4,0,0,0.0,0,0.0,249.2708834966565,339.85271064403406,852.6781428803515,32.47561097209739,106.67710139330859,4533.342816538151,4.4945326410370345,21.880079079939,-34.60431172946403,7,1.0,2.2737367544323206e-13
q4_3_variable_unclustered,2025-10-29,10,unclustered,4,0,0,0.0,0,0.0,177.07563274648064,231.65619785907643,647.484017748473,32.45476338112352,105.75107111726355,-698.4360476298237,7.009159248597912,33.899552078227906,37.32447357109112,7,1.0,2.2737367544323206e-13
q4_3_variable_unclustered,2025-10-30,10,unclustered,4,0,0,0.0,0,0.0,229.50970530670054,293.1558541487601,873.4185846070686,26.157164961649173,92.33843459099857,3377.5408434773044,2.745199221953104,15.205405814749854,216.34810733022232,7,0.8571428571428571,2.2737367544323206e-13
q4_3_variable_unclustered,2025-10-31,10,unclustered,4,0,0,0.0,0,0.0,2052.327845072683,3416.558608554867,9312.794217138082,207.2866390109054,356.61771176970666,-29848.26205981161,165.1176909583468,301.5805452411821,-23776.94749800194,0,,1.1368683772161603e-13
q4_3_variable_unclustered,2025-11-01,11,unclustered,4,0,0,0.0,0,0.0,2072.813446361732,3470.918758867383,9186.652459944438,172.92580893821128,302.49033522629196,-24900.302285799495,155.61494677893356,282.04013369983545,-22408.55233616643,0,,2.2737367544323206e-13
q4_3_variable_unclustered,2025-11-02,11,unclustered,4,0,0,0.0,0,0.0,298.96388812274955,405.18816382191716,982.4220235754456,35.44497046872269,112.3942635619316,2762.2288102533685,12.526594132299241,61.22887529228438,582.1614950187112,10,1.0,2.2737367544323206e-13
q4_3_variable_unclustered,2025-11-03,11,unclustered,4,0,0,0.0,0,0.0,250.10678580606964,344.23859641203774,872.8668667531147,37.36034353444647,102.44423937284124,-1963.8658155367848,8.882632665718441,39.21191334246688,883.8243222656304,13,1.0,2.2737367544323206e-13
q4_3_variable_unclustered,2025-11-04,11,unclustered,4,0,0,0.0,0,0.0,310.9597556296963,401.70723066844727,999.7834945499235,25.533793171449624,101.87933529567611,1824.5541273688293,7.219662844930757,50.97345786480476,508.1870063633221,7,0.7142857142857143,2.4868995751603507e-14
q4_3_variable_unclustered,2025-11-05,11,unclustered,4,0,0,0.0,0,0.0,278.48612925668226,355.2067569402273,871.2527603442613,60.923536412023815,144.64476659838382,-4769.603796950048,8.044822104320891,37.064662404159456,722.6582127548462,13,0.9230769230769231,2.2737367544323206e-13
q4_3_variable_unclustered,2025-11-06,11,unclustered,4,0,0,0.0,0,0.0,203.15377473894773,267.79595680118376,657.1770503811058,25.106114249717606,78.80284322833641,1786.066636691563,11.408229181849633,42.05279551504831,235.89298277146452,10,1.0,2.2737367544323206e-13
q4_3_variable_unclustered,2025-11-07,11,unclustered,4,0,0,0.0,0,0.0,2094.373971640985,3496.024987976603,9594.32812573346,172.76088210932338,298.39453970893885,-24877.567023742566,168.6309409432597,307.40655056529266,-24282.855495829397,0,,1.1368683772161603e-13
q4_3_variable_unclustered,2025-11-08,11,unclustered,4,0,0,0.0,0,0.0,2034.9781762721723,3469.5400758750766,9600.0,210.60316662927082,343.47986330829235,-30326.855994614998,160.84729275424706,287.3347356686456,-23162.010156611577,0,,1.1368683772161603e-13
q4_3_variable_unclustered,2025-11-09,11,unclustered,4,0,0,0.0,0,0.0,291.832438154535,398.841964742383,1267.391839588472,33.5014602421779,101.0133481299509,1014.5517855563745,7.5509040242576155,48.79235049652333,589.680658150919,8,1.0,2.2737367544323206e-13
q4_3_variable_unclustered,2025-11-10,11,unclustered,4,0,0,0.0,0,0.0,338.57640283715835,412.6426830325948,1129.7530745057902,41.0770597406073,124.91855271567793,2657.2823744732123,13.337524454684758,62.44971354759232,94.45018959231925,8,1.0,2.2737367544323206e-13
q4_3_variable_unclustered,2025-11-11,11,unclustered,4,0,0,0.0,0,0.0,258.36224356234897,332.5838004630027,999.7456240333613,40.74901317676519,111.48491123828558,-2492.371273779359,8.358521550830238,44.09542210460384,245.81478454239982,9,0.8888888888888888,2.2737367544323206e-13
q4_3_variable_unclustered,2025-11-12,11,unclustered,4,0,0,0.0,0,0.0,249.77999369074192,330.97020920944624,1038.0868588911344,42.640275747164935,129.79919752162067,243.5716648819747,12.687418702240567,53.11722076057006,-551.9185135374669,7,0.8571428571428571,2.2737367544323206e-13
q4_3_variable_unclustered,2025-11-13,11,unclustered,4,0,0,0.0,0,0.0,393.766384892901,545.2055079898626,1776.4959642327776,34.451359297921194,124.77655632703829,3528.452179152958,6.353373688638984,43.27972941492521,479.27261873137775,9,0.8888888888888888,2.2737367544323206e-13
q4_3_variable_unclustered,2025-11-14,11,unclustered,4,0,0,0.0,0,0.0,2109.197764354294,3493.3192423801547,9594.30532693952,202.57632206091967,345.53290777055724,-29170.99037677243,169.8184021334647,309.7070385124131,-24453.849907218915,0,,1.1368683772161603e-13
q4_3_variable_unclustered,2025-11-15,11,unclustered,4,0,0,0.0,0,0.0,2007.554355502717,3393.4375882055087,9152.612938364444,229.60704865927497,382.31372494492047,-33063.4150069356,166.12148053004353,304.61361609974824,-23921.493196326268,0,,1.1368683772161603e-13
q4_3_variable_unclustered,2025-11-16,11,unclustered,4,0,0,0.0,0,0.0,241.2910281444813,331.086480530857,1189.6305460457188,32.313405432635065,113.47046513038892,3857.109939531556,6.79789003921762,47.045220039574964,570.042678717688,9,0.8888888888888888,2.2737367544323206e-13
q4_3_variable_unclustered,2025-11-17,11,unclustered,4,0,0,0.0,0,0.0,207.34208257499833,279.80695911982343,629.8581430348077,34.89924426670314,105.41508740941156,5025.490883037979,11.120715793017812,44.72595391068147,-359.4686306730411,7,1.0,2.2737367544323206e-13
q4_3_variable_unclustered,2025-11-18,11,unclustered,4,0,0,0.0,0,0.0,253.49030324773108,360.21434872788836,1116.3836201331706,22.637802448023105,88.073246112248,2643.5176827483256,5.659141692942022,30.990721923627035,729.5472700318618,12,1.0,0.0
q4_3_variable_unclustered,2025-11-19,11,unclustered,4,0,0,0.0,0,0.0,278.722687510881,390.0083720947489,997.8988561169267,36.1193785288682,124.67055537442174,3581.625745919557,12.665026555148147,50.650842555080814,-332.56207148362296,8,1.0,2.2737367544323206e-13
q4_3_variable_unclustered,2025-11-20,11,unclustered,4,0,0,0.0,0,0.0,196.49448739569377,265.5814610736594,755.3642391854264,26.519377778333237,70.61053786449446,2672.143542280314,8.786976237844767,39.18611840848771,133.66008612679968,8,1.0,2.2737367544323206e-13
q4_3_variable_unclustered,2025-11-21,11,unclustered,4,0,0,0.0,0,0.0,2112.3327412533436,3427.6870139750654,9000.0,201.2795442987325,345.02453321976003,-27996.855683913403,186.45656175072185,346.07109108079885,-26849.744892103947,0,,1.1368683772161603e-13
q4_3_variable_unclustered,2025-11-22,11,unclustered,4,0,0,0.0,0,0.0,1988.1338196598556,3385.303094012071,9591.879474631718,238.1691092298696,386.2047168685086,-34296.351729101225,180.1951121643439,323.2502639609403,-25948.096151665522,0,,1.1368683772161603e-13
q4_3_variable_unclustered,2025-11-23,11,unclustered,4,0,0,0.0,0,0.0,240.93870763439375,312.6281747285325,842.0995623331073,31.02837059695407,112.027001445369,3362.331223914746,6.196954462500914,43.679516708560534,715.3604802898847,8,1.0,2.2737367544323206e-13
q4_3_variable_unclustered,2025-11-24,11,unclustered,4,0,0,0.0,0,0.0,291.1458409899702,381.64647947800074,991.2919283478441,20.847668382288383,79.70462495807914,2660.4711763185023,6.118722647211035,47.84868516134675,777.7900914130604,9,0.8888888888888888,1.1368683772161603e-13
q4_3_variable_unclustered,2025-11-25,11,unclustered,4,0,0,0.0,0,0.0,214.5592514188198,288.55549118358465,667.7381097128946,60.91055191821647,138.05444680058605,-6609.291024664144,6.568621907035469,35.68360227518657,327.6357229780921,8,1.0,2.2737367544323206e-13
q4_3_variable_unclustered,2025-11-26,11,unclustered,4,0,0,0.0,0,0.0,186.4573581806239,301.8716203944299,938.3279947851479,33.18462155105468,87.69088765947684,-1278.822375324241,8.060099802989189,37.08845928747858,-129.3710890229632,9,0.8888888888888888,2.2737367544323206e-13
q4_3_variable_unclustered,2025-11-27,11,unclustered,4,0,0,0.0,0,0.0,210.8603660738567,347.4356412064798,1114.1175998574208,29.858373526209952,104.3925017602001,-155.25269866192986,10.218613507825662,40.6935686997393,-406.686343003166,8,1.0,2.2737367544323206e-13
q4_3_variable_unclustered,2025-11-28,11,unclustered,4,0,0,0.0,0,0.0,1949.902486498122,3225.301594806274,9058.053933172785,222.97998935828062,368.1892328906499,-31938.675642582977,198.522832114773,348.3415552304122,-28587.28782452731,0,,1.1368683772161603e-13
q4_3_variable_unclustered,2025-11-29,11,unclustered,4,0,0,0.0,0,0.0,1832.0171649804247,3114.269374359286,9000.0,290.4904751102973,460.6226124824428,-41830.62841588281,217.4124100439795,365.64605815382106,-31307.387046333046,0,,2.2737367544323206e-13
q4_3_variable_unclustered,2025-11-30,11,unclustered,4,0,0,0.0,0,0.0,182.7418967439616,235.41042027566945,579.6801735610807,27.970282472917283,81.26222158739719,2160.228742472358,6.78815035033062,46.701450406609645,529.0411032548318,8,0.875,2.2737367544323206e-13
q4_3_variable_unclustered,2025-12-01,12,unclustered,4,0,0,0.0,0,0.0,793.3684191135574,1059.5378807283007,2885.7273124299873,54.977065561695575,140.71413281400396,4090.4648362664484,25.582533486525495,96.4662071752476,3662.776309794148,21,0.9047619047619048,0.0
q4_3_variable_unclustered,2025-12-02,12,unclustered,4,0,0,0.0,0,0.0,708.7852593704954,965.5922155251758,2648.260710966744,65.68267425255995,153.15056648806754,2820.770255569063,24.76005413307559,99.24957873255794,3211.2827021441635,21,0.8571428571428571,2.2737367544323206e-13
q4_3_variable_unclustered,2025-12-03,12,unclustered,4,0,0,0.0,0,0.0,560.4217246978518,800.5223874101573,2372.14929731966,73.52355006943351,149.9323481911747,10587.390938373534,17.054894308732756,73.41733472307298,2359.2392550081295,20,0.9,2.2737367544323206e-13
q4_3_variable_unclustered,2025-12-04,12,unclustered,4,0,0,0.0,0,0.0,563.1505202296086,821.8386980044494,2466.5427264701502,72.6766522139794,154.746893740861,2097.1830220899237,22.860878970756477,88.55380160921636,2986.0066152569734,22,0.8636363636363636,2.2737367544323206e-13
q4_3_variable_unclustered,2025-12-05,12,unclustered,4,0,0,0.0,0,0.0,1710.161616687691,2783.56755696333,8028.842082434361,233.75576968280518,393.3713067092705,-33660.83083432395,200.40830037437104,360.03020189282523,-28858.79525390943,0,,2.2737367544323206e-13
q4_3_variable_unclustered,2025-12-06,12,unclustered,4,0,0,0.0,0,0.0,1611.9130365598658,2740.439192458232,7855.301017767998,237.99893489144264,403.3204420251299,-34271.84662436774,195.8277414759871,356.21409845923256,-28199.19477254214,0,,2.2737367544323206e-13
q4_3_variable_unclustered,2025-12-07,12,unclustered,4,0,0,0.0,0,0.0,573.7158406943007,776.443857578177,2200.9435253143056,52.133864663553865,133.48464978204206,772.9924895735579,19.917718247172296,85.30716047051142,2868.1514275928107,18,0.8888888888888888,0.0
q4_3_variable_unclustered,2025-12-08,12,unclustered,4,0,0,0.0,0,0.0,500.4153183767628,683.499314839462,1973.3879305970531,34.405541814491784,105.35152254178293,1100.5334227586864,17.97663854575759,73.59620017074043,1057.957543024169,13,0.8461538461538461,2.2737367544323206e-13
q4_3_variable_unclustered,2025-12-09,12,unclustered,4,0,0,0.0,0,0.0,524.6444521517236,699.5297098927759,1721.9912654365999,45.309518157883026,115.70053626091027,955.8684494498277,15.867093265512835,75.11684760160422,2103.014724496682,16,0.8125,2.2737367544323206e-13
q4_3_variable_unclustered,2025-12-10,12,unclustered,4,0,0,0.0,0,0.0,434.46381191435444,582.6572853974305,1597.1215151739489,37.120154294953096,98.15603698195203,5092.021000437942,14.307936109172276,60.31663469347243,1737.264044943413,18,0.8333333333333334,2.2737367544323206e-13
q4_3_variable_unclustered,2025-12-11,12,unclustered,4,0,0,0.0,0,0.0,361.9529341672385,481.0948268646114,1187.140121921666,38.90545296053998,93.20165254670486,-1188.3867016132394,10.079724859049065,41.63905899867534,549.5550582134562,11,0.8181818181818182,2.2737367544323206e-13
q4_3_variable_unclustered,2025-12-12,12,unclustered,4,0,0,0.0,0,0.0,1738.1964612976408,2900.75989965543,8547.54015203033,258.0411036620692,431.73100766719625,-36790.7867303539,235.2913977504469,403.501153403391,-33881.96127606435,0,,2.2737367544323206e-13
q4_3_variable_unclustered,2025-12-13,12,unclustered,4,0,0,0.0,0,0.0,1615.4123527943718,2718.827087073084,7530.907157953692,257.94636275967076,414.8078588060165,-37144.27623739259,218.83135750815393,371.06785330287073,-31511.715481174164,0,,1.1368683772161603e-13
q4_3_variable_unclustered,2025-12-14,12,unclustered,4,0,0,0.0,0,0.0,342.3483784563626,484.0112570015182,1379.7702657972231,45.609170225728896,126.49399699533411,6541.555976903119,13.868300905461398,62.58977611618628,1599.5540174434982,15,0.9333333333333333,2.2737367544323206e-13
q4_3_variable_unclustered,2025-12-15,12,unclustered,4,0,0,0.0,0,0.0,324.47539621083604,442.9712667758453,1140.269415685645,44.88889464847114,122.780827065719,6365.146388640747,10.555780953651633,53.77002559055477,977.5689154191912,8,0.75,2.2737367544323206e-13
q4_3_variable_unclustered,2025-12-16,12,unclustered,4,0,0,0.0,0,0.0,292.98915898670066,383.3231545326975,965.7130121901064,28.218685853011866,93.71270248519254,630.1020332970454,7.229342890080373,44.93095098908613,1003.4757521724264,11,0.8181818181818182,2.2737367544323206e-13
q4_3_variable_unclustered,2025-12-17,12,unclustered,4,0,0,0.0,0,0.0,308.29948922508254,417.0701677343294,910.6778247981547,37.150951540447224,91.57089561839787,-2064.499898086563,6.97153658285638,41.604903218912995,893.0800356774034,11,0.7272727272727273,2.2737367544323206e-13
q4_3_variable_unclustered,2025-12-18,12,unclustered,4,0,0,0.0,0,0.0,165.31154713886664,242.6630013663043,771.807344212828,16.305457905908227,76.6915639759681,1210.7075995448686,4.0909101033358395,17.19894626630769,-224.07897814251987,9,0.6666666666666666,2.2737367544323206e-13
q4_3_variable_unclustered,2025-12-19,12,unclustered,4,0,0,0.0,0,0.0,1664.315480007729,2882.4248453193272,8723.181314008016,262.9176419135613,408.8521077926764,-37219.18099145967,235.55108666026914,383.9741742791297,-33919.35647907876,0,,1.1368683772161603e-13
q4_3_variable_unclustered,2025-12-20,12,unclustered,4,0,0,0.0,0,0.0,1587.6623411328587,2793.652458127327,8122.245653078393,272.10879339633374,423.93420819426217,-39183.666249072056,224.91635038371226,361.4825119703418,-32387.954455254563,0,,2.8421709430404007e-13
q4_3_variable_unclustered,2025-12-21,12,unclustered,4,0,0,0.0,0,0.0,156.05857526716574,219.5800122981402,669.8809377218367,25.48853983741178,78.17111852706154,265.88515583753144,12.438779425377314,51.78454491899007,323.6026995448055,8,0.875,1.1368683772161603e-13
q4_3_variable_unclustered,2025-12-22,12,unclustered,4,0,0,0.0,0,0.0,171.2851133513759,237.3862425023945,616.1862194188252,13.281383669007255,59.12325751260324,1537.2729451220405,4.404536722395739,31.609410837483903,334.21899490776644,8,1.0,2.2737367544323206e-13
q4_3_variable_unclustered,2025-12-23,12,unclustered,4,0,0,0.0,0,0.0,131.6342194412484,202.020692342557,633.5822489688835,32.34205731859058,85.51340911429588,-3113.3899392981066,4.418527223573528,16.86005655048065,-228.7489382258018,3,0.6666666666666666,2.2737367544323206e-13
q4_3_variable_unclustered,2025-12-24,12,unclustered,4,0,0,0.0,0,0.0,162.71117532950814,267.7052407197783,792.280300019914,22.524605616217993,80.6607334358742,-1943.416062586276,5.994752530704598,21.211514748554634,-437.01219865206644,3,0.6666666666666666,2.2737367544323206e-13
q4_3_variable_unclustered,2025-12-25,12,unclustered,4,0,0,0.0,0,0.0,66.17984783208492,114.83827816079847,400.5063887518736,15.928873578480237,50.58686352486676,1109.32648472619,10.472786293677233,40.65497391956298,-1075.4566397435833,6,1.0,2.2737367544323206e-13
q4_3_variable_unclustered,2025-12-26,12,unclustered,4,0,0,0.0,0,0.0,1649.3283745149824,2947.7446578406693,8900.948128836382,283.3342617918714,433.01271343748203,-39694.6021351907,243.46366723172773,380.3137217423243,-35058.76808136879,0,,1.7053025658242404e-13
q4_3_variable_unclustered,2025-12-27,12,unclustered,4,0,0,0.0,0,0.0,1618.6765700388182,2880.0997960277473,8694.118553750728,291.0402615723527,444.22235218403205,-40869.357573742265,245.84618823781082,386.9079041620208,-35401.85110624476,0,,1.9184653865522705e-13
q4_3_variable_unclustered,2025-12-28,12,unclustered,4,0,0,0.0,0,0.0,86.28841101911347,126.52686885076955,380.5742418249756,21.161661649075125,71.45858225475722,-2173.6159536341784,7.928728069361707,40.45725737941463,-792.240280010562,7,1.0,2.2737367544323206e-13
q4_3_variable_unclustered,2025-12-29,12,unclustered,4,0,0,0.0,0,0.0,124.28086985477556,228.32471749850714,643.2057748025,17.22493293830037,53.808332231003305,-905.7086846081776,17.191735516954427,52.43737524142663,-2038.1028309876851,8,1.0,2.2737367544323206e-13
q4_3_variable_unclustered,2025-12-30,12,unclustered,4,0,0,0.0,0,0.0,86.0498758450857,152.56349667936826,537.4980947744834,31.692165191835727,75.63553701523774,-3639.3876696180882,11.93938627402173,40.46037523693119,-1434.7726917781827,5,1.0,2.2737367544323206e-13
q4_3_variable_unclustered,2025-12-31,12,unclustered,4,0,0,0.0,0,0.0,73.02296513453378,122.43982798282845,347.09910581007716,28.423664685806028,61.5358074791088,-3529.8150604145985,15.84539070180713,41.344728960601465,-1815.5620265143416,6,1.0,2.2737367544323206e-13
