date,method,comparison,cash_cost_yuan,contract_cost_yuan,emergency_cost_yuan,contract_kwh,base_contract_kwh,risk_reserve_kwh,expected_emergency_cost_yuan,emergency_kwh,emergency_slots,emergency_events,unused_contract_kwh,pv_curtailed_kwh,charge_kwh,discharge_kwh,soc_start_kwh,soc_end_kwh,soc_min_kwh,soc_max_kwh,runtime_seconds,max_balance_residual_kwh,simultaneous_flow_slots,sigma_factor,achieved_daily_sigma_ratio
2025-02-01,greedy,error_scaled_frozen_contract_and_soc,26709.12435609976,26709.12435609976,0.0,49023.022603149024,43233.888007593465,5789.134595555555,6312.826350179821,0.0,0,0,10014.760450470869,6439.892752232434,16324.415303097769,13222.77639550919,10800.0,10800.0,2809.1977597001724,10800.0,0.000760800001444295,1.1368683772161603e-13,0,2.0,2.0
2025-02-01,mpc,error_scaled_frozen_contract_and_soc,29469.163696318807,26709.12435609976,2760.0393402190484,49023.022603149024,43233.888007593465,5789.134595555555,6312.826350179821,500.53691428571454,10,6,9858.0819981491,6714.530494251529,18428.81734911473,14944.600816937762,10800.0,10780.823595383526,2114.857606175988,10800.0,1.0718025999958627,1.1368683772161603e-13,0,2.0,2.0
2025-02-02,greedy,error_scaled_frozen_contract_and_soc,60814.31655276092,60814.31655276092,0.0,95447.25993643588,89758.78041945177,5688.479516984126,6331.734526354028,0.0,0,0,19555.291016893458,776.050876190476,18336.26590485989,14852.37538293651,10800.0,10800.0,2076.644922530865,10800.0,0.0007502999942516908,2.2737367544323206e-13,0,2.0,2.0
2025-02-02,mpc,error_scaled_frozen_contract_and_soc,61766.83507192521,60814.31655276092,952.5185191642847,95447.25993643588,89758.78041945177,5688.479516984126,6331.734526354028,221.49260476190454,5,4,17374.732426538165,2361.8540505302017,22632.311188951775,18332.17264625092,10800.0,10799.999352000017,1507.3586305714334,10800.0,1.062411400009296,1.1368683772161603e-13,0,2.0,2.0
2025-02-03,greedy,error_scaled_frozen_contract_and_soc,59761.37374098951,59761.37374098951,0.0,94059.09257643559,88351.30972611814,5707.78285031746,6325.6355685206945,0.0,0,0,13603.746150557508,0.0,19440.577166275674,15746.867504683294,10800.0,10800.0,1927.3209818430307,10800.0,0.00035099999513477087,2.2737367544323206e-13,0,2.0,2.0
2025-02-03,mpc,error_scaled_frozen_contract_and_soc,61767.915534578795,59761.37374098951,2006.5417935892847,94059.09257643559,88351.30972611814,5707.78285031746,6325.6355685206945,426.65410714285684,15,8,11659.470507225145,1773.350444047618,22615.583179052486,18324.294211032502,10800.0,10793.697960000012,1392.7706205921968,10800.0,0.9980502000107663,2.2737367544323206e-13,0,2.0,2.0
2025-02-04,greedy,error_scaled_frozen_contract_and_soc,60256.86003817031,60256.86003817031,0.0,94763.34714999805,89031.03173301392,5732.3154169841255,6307.104330743882,0.0,0,0,12661.419430451688,40.874719047619465,21384.552784579864,17321.48775550969,10800.0,10800.0,2396.3015004409185,10800.0,0.00047060000360943377,2.2737367544323206e-13,0,2.0,2.0
2025-02-04,mpc,error_scaled_frozen_contract_and_soc,65279.948524748805,60256.86003817031,5023.088486578494,94763.34714999805,89031.03173301392,5732.3154169841255,6307.104330743882,1004.5100649936483,22,10,13284.711368001923,604.6395059523819,21726.515894648684,17845.997525039857,10800.0,10524.978166250648,1385.839694444444,10800.0,1.1121175000007497,2.2737367544323206e-13,0,2.0,2.0
2025-02-05,greedy,error_scaled_frozen_contract_and_soc,58594.300784994186,58582.167117194185,12.133667800000152,92567.5088404276,87805.56615709428,4761.942683333333,4566.75086750565,2.5904500000000326,1,1,9740.639137282411,292.4364880952378,22299.384653145204,18062.50156904762,10800.0,10800.0,1591.921553518514,10800.0,0.000410699998610653,2.2737367544323206e-13,0,2.0,2.0
2025-02-05,mpc,error_scaled_frozen_contract_and_soc,63715.548082443,58582.167117194185,5133.380965248814,92567.5088404276,87805.56615709428,4761.942683333333,4566.75086750565,1007.7208833333343,29,13,10240.773408457087,765.3277514898186,22575.31785132627,18306.329868464607,10800.0,10777.419545677409,1424.2569789876782,10800.0,1.0583042000071146,2.2737367544323206e-13,0,2.0,2.0
2025-02-06,greedy,error_scaled_frozen_contract_and_soc,59157.78165313751,58974.03607680656,183.74557633095068,92802.98276806748,88839.82339822622,3963.1593698412707,3251.412147611388,31.561419047618756,2,1,12643.029896619635,11.183247619047961,20106.264599098973,16286.074325270165,10800.0,10800.0,2189.3456984126997,10800.0,0.0007502999942516908,2.2737367544323206e-13,0,2.0,2.0
2025-02-06,mpc,error_scaled_frozen_contract_and_soc,61249.562964837496,58974.03607680656,2275.526888030949,92802.98276806748,88839.82339822622,3963.1593698412707,3251.412147611388,485.9399499999993,14,7,10690.603707816366,1916.1276083333353,22813.970604568905,18491.91997169874,10800.0,10785.99579778008,1611.5820484285725,10800.0,1.169782099997974,1.1368683772161603e-13,0,2.0,2.0
2025-02-07,greedy,error_scaled_frozen_contract_and_soc,24137.83848105902,24137.83848105902,0.0,45454.33012959417,42149.74573197513,3304.5843976190476,1942.5968872038493,0.0,0,0,7364.661154644329,9261.803185714285,18096.85169773103,14658.449875162134,10800.0,10800.0,1551.9003597883584,10800.0,0.0005606000049738213,2.2737367544323206e-13,0,2.0,2.0
2025-02-07,mpc,error_scaled_frozen_contract_and_soc,28370.40612949354,24137.83848105902,4232.56764843452,45454.33012959417,42149.74573197513,3304.5843976190476,1942.5968872038493,734.9512261904758,18,7,8385.54748713078,8771.622100894067,19211.07545720766,15568.427656114516,10800.0,10791.714960248544,1769.753994361986,10800.0,0.9729140999988886,1.1368683772161603e-13,0,2.0,2.0
2025-02-08,greedy,error_scaled_frozen_contract_and_soc,22024.09795129196,22024.09795129196,0.0,41292.83964174117,38070.79812507451,3222.041516666666,1927.9955428724606,0.0,0,0,3414.0769940917116,5043.566078545837,19751.164874981492,15998.443548735013,10800.0,10800.0,1387.753603174604,10800.0,0.00022539999918080866,2.2737367544323206e-13,0,2.0,2.0
2025-02-08,mpc,error_scaled_frozen_contract_and_soc,29543.90845093797,22024.09795129196,7519.810499646013,41292.83964174117,38070.79812507451,3222.041516666666,1927.9955428724606,1454.9566199142882,34,14,3910.635994798768,6228.632118563469,19026.619591399663,15500.566685963582,10800.0,10701.105758966822,1200.0,10800.0,0.9909114000038244,2.2737367544323206e-13,0,2.0,2.0
2025-02-09,greedy,error_scaled_frozen_contract_and_soc,54660.206416058216,54660.206416058216,0.0,86989.37612125189,83759.9018950614,3229.4742261904767,1884.7776228023413,0.0,0,0,2395.572459259265,0.0,24395.88236888349,19760.664718795626,10800.0,10800.0,1549.9200744179898,10800.0,0.00024160000612027943,2.2737367544323206e-13,0,2.0,2.0
2025-02-09,mpc,error_scaled_frozen_contract_and_soc,64904.57762116774,54660.206416058216,10244.371205109514,86989.37612125189,83759.9018950614,3229.4742261904767,1884.7776228023413,2264.734540476189,40,18,4501.6503560168585,564.2419333333332,22563.349306011973,18333.71694553885,10800.0,10736.217769256493,1210.0951111111103,10800.0,1.0184217999922112,2.2737367544323206e-13,0,2.0,2.0
2025-02-10,greedy,error_scaled_frozen_contract_and_soc,55464.29518743896,55464.29518743896,0.0,88081.68848907827,84862.71942717349,3218.969061904762,1904.2355526711904,0.0,0,0,13893.890920736121,2284.544385714285,18388.984294532624,14895.077278571429,10800.0,10800.0,1518.8853888888893,10800.0,0.0002494000073056668,2.2737367544323206e-13,0,2.0,2.0
2025-02-10,mpc,error_scaled_frozen_contract_and_soc,58162.24241525682,55464.29518743896,2697.9472278178578,88081.68848907827,84862.71942717349,3218.969061904762,1904.2355526711904,628.3777785714286,21,9,11275.120300501232,4844.273645696716,22907.299158286678,18725.973003501596,10800.0,10609.932571900683,1554.3409226086646,10800.0,1.0316389999934472,2.2737367544323206e-13,0,2.0,2.0
2025-02-11,greedy,error_scaled_frozen_contract_and_soc,54817.475089321844,54034.25592924765,783.2191600741926,86206.0136975367,83063.51654991765,3142.4971476190467,1917.0786876211912,140.0314458809528,4,3,9506.908790335063,939.7126230158699,21031.085534185775,17035.17928269048,10800.0,10800.0,1200.0,10800.0,0.0003465999907348305,2.2737367544323206e-13,0,2.0,2.0
2025-02-11,mpc,error_scaled_frozen_contract_and_soc,58506.87410879646,54034.25592924765,4472.61817954881,86206.0136975367,83063.51654991765,3142.4971476190467,1917.0786876211912,818.4941404761908,32,15,8686.738808960585,2171.715273318143,22696.020016661358,18433.483739498617,10800.0,10744.769415552311,1528.8285387699825,10800.0,1.0303258000058122,2.2737367544323206e-13,0,2.0,2.0
2025-02-12,greedy,error_scaled_frozen_contract_and_soc,53691.68372683104,53691.68372683104,0.0,85684.89044096171,82621.07465048552,3063.8157904761892,1921.1290865783344,0.0,0,0,8506.30044341563,823.8367333333323,20726.43157856333,16788.409578636296,10800.0,10800.0,1366.5125169312118,10800.0,0.0003251999878557399,2.2737367544323206e-13,0,2.0,2.0000000000000004
2025-02-12,mpc,error_scaled_frozen_contract_and_soc,58714.53527220366,53691.68372683104,5022.851545372622,85684.89044096171,82621.07465048552,3063.8157904761892,1921.1290865783344,1032.1752785714293,25,13,7946.663508349567,2123.5295404761896,22591.89359934368,18361.75219292201,10800.0,10730.757358384857,1292.986517677688,10800.0,1.0702622999961022,2.2737367544323206e-13,0,2.0,2.0000000000000004
2025-02-13,greedy,error_scaled_frozen_contract_and_soc,53405.28797412094,53405.28797412094,0.0,85149.40167694942,82122.20548885418,3027.1961880952376,1902.33345955,0.0,0,0,14182.779187737193,2591.3749666666663,17897.971434450323,14497.35686190476,10800.0,10800.0,1259.2577539153428,10800.0,0.0002142000012099743,2.2737367544323206e-13,0,2.0,2.0
2025-02-13,mpc,error_scaled_frozen_contract_and_soc,58252.26344005309,53405.28797412094,4846.975465932141,85149.40167694942,82122.20548885418,3027.1961880952376,1902.33345955,1121.860369047618,32,16,11074.88328997617,6030.570995570506,22187.89917452547,17996.72436407511,10800.0,10772.748852545028,1591.013627736867,10800.0,1.0259839000063948,2.2737367544323206e-13,0,2.0,2.0
2025-02-14,greedy,error_scaled_frozen_contract_and_soc,21094.6732169097,21094.6732169097,0.0,39440.317311574545,36480.13164252693,2960.185669047619,1904.574072742143,0.0,0,0,2039.0011898589069,4333.246416611727,20644.269550672223,16721.858336044497,10800.0,10800.0,1440.1271851851834,10800.0,0.00036460001138038933,1.1368683772161603e-13,0,2.0,2.0
2025-02-14,mpc,error_scaled_frozen_contract_and_soc,28458.736352153166,21094.6732169097,7364.063135243467,39440.317311574545,36480.13164252693,2960.185669047619,1904.574072742143,1697.951407811322,34,12,3137.9640995238083,5203.857126284735,19488.41017895336,15837.621175852222,10800.0,10742.212299,1200.0,10800.0,1.106773500010604,1.1368683772161603e-13,0,2.0,2.0
2025-02-15,greedy,error_scaled_frozen_contract_and_soc,20797.044105836343,20797.044105836343,0.0,39009.201721925914,36116.33101002115,2892.8707119047613,1924.7724883647222,0.0,0,0,1115.5800341857712,5289.583155346514,20646.903762848666,16810.900113788368,10800.0,10703.435482354504,1316.6784673545037,10800.0,0.0011475000064820051,1.1368683772161603e-13,0,2.0,2.0
2025-02-15,mpc,error_scaled_frozen_contract_and_soc,29940.069049688707,20797.044105836343,9143.024943852362,39009.201721925914,36116.33101002115,2892.8707119047613,1924.7724883647222,2048.3926047619016,42,17,2642.440057079072,6197.872941709542,19431.397361925672,15982.1509173598,10800.0,10530.312162,1248.1670605140225,10800.0,1.0048557999980403,1.1368683772161603e-13,0,2.0,2.0
2025-02-16,greedy,error_scaled_frozen_contract_and_soc,51685.95848509294,51448.755795033736,237.20269005920005,82588.53140361824,79633.27096076109,2955.2604428571426,1862.7539320865872,50.825296142851585,3,3,2588.151917666082,0.0,23776.791948369802,19259.201478179544,10800.0,10800.0,1200.0,10800.0,0.00025090000417549163,1.1368683772161603e-13,0,2.0,2.0
2025-02-16,mpc,error_scaled_frozen_contract_and_soc,63313.793688607606,51448.755795033736,11865.037893573868,82588.53140361824,79633.27096076109,2955.2604428571426,1862.7539320865872,2587.267572478377,54,20,4663.822489304104,910.3718535714278,21881.317423827015,17813.327102510684,10800.0,10700.600011988001,1225.1803981481494,10800.0,1.120160999998916,2.2737367544323206e-13,0,2.0,2.0
2025-02-17,greedy,error_scaled_frozen_contract_and_soc,51042.9644188973,50939.238507430644,103.72591146665714,82044.32370015288,79007.76059062907,3036.5631095238095,1867.1100018572224,14.868966666665301,1,1,8984.481032111318,1608.8884628328321,19424.96327302842,15734.220251153027,10800.0,10800.0,1200.0,10800.0,0.00036190000537317246,2.2737367544323206e-13,0,2.0,2.0
2025-02-17,mpc,error_scaled_frozen_contract_and_soc,55182.68933565803,50939.238507430644,4243.450828227384,82044.32370015288,79007.76059062907,3036.5631095238095,1867.1100018572224,930.413821428572,27,13,7340.179978572773,3764.2254520133724,22051.08157191024,17955.82963091493,10800.0,10695.051602591513,1349.5349008251449,10800.0,1.0259663999895565,2.2737367544323206e-13,0,2.0,2.0
2025-02-18,greedy,error_scaled_frozen_contract_and_soc,50966.071480302155,50772.92245780215,193.14902249999966,81618.85518557957,78620.893414151,2997.961771428571,1865.5898369858733,42.45499999999993,1,1,7102.690194914758,583.7834047619049,20912.321354376225,16938.980297044745,10800.0,10800.0,1505.3481853703722,10800.0,0.0006493999972008169,2.2737367544323206e-13,0,2.0,2.0
2025-02-18,mpc,error_scaled_frozen_contract_and_soc,55823.10151066384,50772.92245780215,5050.1790528616775,81618.85518557957,78620.893414151,2997.961771428571,1865.5898369858733,1188.9018974003434,32,16,6321.900645956595,2296.539123809522,22216.934212858203,18029.11242821583,10800.0,10762.893649110352,1252.3114444444461,10800.0,1.0993209000007482,2.2737367544323206e-13,0,2.0,2.0
2025-02-19,greedy,error_scaled_frozen_contract_and_soc,50777.51208000238,50289.99903291905,487.51304708333373,81004.34179618696,78103.91902475839,2900.4227714285707,1846.0541753888897,110.23916666666673,2,2,4615.397708730172,148.55463571428572,23918.63811656462,19654.127098155448,10800.0,10488.855306957676,1226.3434754761934,10800.0,0.0005004999984521419,1.1368683772161603e-13,0,2.0,2.0
2025-02-19,mpc,error_scaled_frozen_contract_and_soc,59041.12587444769,50289.99903291905,8751.126841528643,81004.34179618696,78103.91902475839,2900.4227714285707,1846.0541753888897,2112.5735009801806,47,21,6897.593523360001,322.6196904761921,21877.376425744314,18066.791942413358,10800.0,10415.425513821709,1200.0,10800.0,0.9689362000062829,2.2737367544323206e-13,0,2.0,2.0
2025-02-20,greedy,error_scaled_frozen_contract_and_soc,50180.421708628564,49846.34081753332,334.0808910952366,80516.42670686444,77613.79361162634,2902.6330952380945,1863.1133610731354,71.32384523809492,1,1,6863.492951557909,846.2424809523801,21567.413223417894,17469.604710968495,10800.0,10800.0,1511.132814735451,10800.0,0.00030050000350456685,2.2737367544323206e-13,0,2.0,2.0
2025-02-20,mpc,error_scaled_frozen_contract_and_soc,56804.039717365464,49846.34081753332,6957.6988998321385,80516.42670686444,77613.79361162634,2902.6330952380945,1863.1133610731354,1513.9347761904753,36,16,7307.307081373385,1970.3550029453045,21834.8904013714,17862.397609778018,10800.0,10604.292905925355,1437.491401285715,10800.0,1.1001392000034684,2.2737367544323206e-13,0,2.0,2.0
2025-02-21,greedy,error_scaled_frozen_contract_and_soc,20398.434460128665,20398.434460128665,0.0,38423.37102845556,35508.4884213127,2914.8826071428552,1864.9237810269456,0.0,0,0,2733.022082598478,8516.279090333142,20016.84779849695,16213.646716782536,10800.0,10800.0,1820.7982671957693,10800.0,0.00032839999767020345,1.1368683772161603e-13,0,2.0,2.0
2025-02-21,mpc,error_scaled_frozen_contract_and_soc,24417.918064156045,20398.434460128665,4019.4836040273776,38423.37102845556,35508.4884213127,2914.8826071428552,1864.9237810269456,1042.7261833333328,33,13,3980.650089219214,8472.372096610696,19787.584721312942,16145.378469163486,10800.0,10669.516839,1709.3785950854822,10800.0,0.9371046000014758,1.1368683772161603e-13,0,2.0,2.0
2025-02-22,greedy,error_scaled_frozen_contract_and_soc,20274.400499791944,20274.400499791944,0.0,38231.72919683688,35397.3410206464,2834.388176190474,1855.2141051533745,0.0,0,0,1842.9976906525535,4154.342522932071,20424.154736415374,16543.56533649645,10800.0,10800.0,1561.3025052910054,10800.0,0.0007234000077005476,1.1368683772161603e-13,0,2.0,2.0
2025-02-22,mpc,error_scaled_frozen_contract_and_soc,29041.85703550622,20274.400499791944,8767.456535714278,38231.72919683688,35397.3410206464,2834.388176190474,1855.2141051533745,1820.7899025162124,33,16,2750.809090939095,5494.835021976269,19075.977435894158,15622.902032789762,10800.0,10609.599655871678,1200.0,10800.0,0.9894959999946877,1.1368683772161603e-13,0,2.0,2.0
2025-02-23,greedy,error_scaled_frozen_contract_and_soc,49309.93886682439,49268.666570338675,41.272296485714975,79578.30291501309,76804.67333882261,2773.629576190474,1800.7257041490884,8.81133571428586,1,1,4191.657722516162,419.4867168430313,22729.231124995473,18410.677211246337,10800.0,10800.0,1389.0657558730156,10800.0,0.0002317000034963712,2.2737367544323206e-13,0,2.0,2.0
2025-02-23,mpc,error_scaled_frozen_contract_and_soc,58015.86145289043,49268.666570338675,8747.19488255175,79578.30291501309,76804.67333882261,2773.629576190474,1800.7257041490884,1995.5686120725836,42,21,5464.337749687209,1441.2177718359144,21729.19801187916,17718.297903935658,10800.0,10669.280539651627,1299.6166018518531,10800.0,1.0508293000020785,2.2737367544323206e-13,0,2.0,2.0
2025-02-24,greedy,error_scaled_frozen_contract_and_soc,49019.87257015024,48577.8021688312,442.07040131904796,78725.77541968366,75940.710403017,2785.0650166666646,1817.4638609470644,97.83744285714295,2,1,7465.790019165198,2578.591128571428,20698.700240824022,16765.947195067456,10800.0,10800.0,1407.6642975132268,10800.0,0.00031099999614525586,2.2737367544323206e-13,0,2.0,2.0
2025-02-24,mpc,error_scaled_frozen_contract_and_soc,53285.45578925977,48577.8021688312,4707.653620428575,78725.77541968366,75940.710403017,2785.0650166666646,1817.4638609470644,1042.7820833333337,28,11,7541.4401394750585,3254.5524496003336,21868.672882818588,17742.5866379246,10800.0,10767.820441287175,1403.9522820000009,10800.0,1.0254016000108095,2.2737367544323206e-13,0,2.0,2.0
2025-02-25,greedy,error_scaled_frozen_contract_and_soc,48840.83150614471,48633.218701799466,207.61280434523843,78732.17571264275,75955.0576602618,2777.1180523809503,1818.4403196290884,47.405595238095316,1,1,10668.351798786518,4359.680114499776,19356.680105635438,15695.782380088513,10800.0,10781.25389497355,1360.0964894179922,10800.0,0.0005461000109789893,2.2737367544323206e-13,0,2.0,2.0
2025-02-25,mpc,error_scaled_frozen_contract_and_soc,52478.77537537685,48633.218701799466,3845.556673577382,78732.17571264275,75955.0576602618,2777.1180523809503,1818.4403196290884,951.51645952381,27,13,9485.272976820524,6090.501807937046,21958.03910678321,17940.773388421843,10800.0,10628.042542302841,1446.1847987784017,10800.0,0.9441612999944482,2.2737367544323206e-13,0,2.0,2.0
2025-02-26,greedy,error_scaled_frozen_contract_and_soc,48320.751366810895,48320.751366810895,0.0,78251.07572058529,75573.34449915672,2677.7312214285694,1759.098042649406,0.0,0,0,6424.428597912993,1457.6377857142857,20868.940194515897,16903.84155755788,10800.0,10800.0,1370.859316005291,10800.0,0.0002641000028233975,2.2737367544323206e-13,0,2.0,2.0
2025-02-26,mpc,error_scaled_frozen_contract_and_soc,54907.89857628545,48320.751366810895,6587.147209474548,78251.07572058529,75573.34449915672,2677.7312214285694,1759.098042649406,1526.211270843106,36,17,6007.4962228146305,3285.6668602736795,21735.745808150103,17655.532599810012,10800.0,10744.912783101747,1293.7288664021175,10800.0,0.9894490000006044,2.2737367544323206e-13,0,2.0,2.0
2025-02-27,greedy,error_scaled_frozen_contract_and_soc,48644.5708296286,47454.049924304294,1190.5209053243107,77054.50654860833,74339.57917241787,2714.927376190474,1761.503335467898,241.34543251581763,4,2,7712.420328267612,1197.6889785714297,23533.337258142266,19062.003179095238,10800.0,10800.0,1200.0,10800.0,0.0003797000099439174,2.2737367544323206e-13,0,2.0,2.0
2025-02-27,mpc,error_scaled_frozen_contract_and_soc,56732.256459313816,47454.049924304294,9278.206535009522,77054.50654860833,74339.57917241787,2714.927376190474,1761.503335467898,1861.4138809523806,42,15,9300.547461969158,1533.6522703765004,21933.224658826126,17765.91255684915,10800.0,10799.999352000017,1215.1789191428597,10800.0,1.0813594000064768,2.2737367544323206e-13,0,2.0,2.0
2025-02-28,greedy,error_scaled_frozen_contract_and_soc,19499.720682921725,19499.720682921725,0.0,37079.88260914052,34545.335332950046,2534.5472761904757,1777.65642476254,0.0,0,0,2396.328384185779,8325.828521396303,20861.295056322677,16897.648995621377,10800.0,10800.0,1411.673947619052,10800.0,0.0004011999990325421,1.1368683772161603e-13,0,2.0,2.0
2025-02-28,mpc,error_scaled_frozen_contract_and_soc,26534.21033862389,19499.720682921725,7034.489655702168,37079.88260914052,34545.335332950046,2534.5472761904757,1777.65642476254,1539.6477006178816,36,15,3249.275814414245,9246.458197612541,19931.511954639875,16201.795299765401,10800.0,10736.365981658782,1200.0,10800.0,1.0213514999923063,1.1368683772161603e-13,0,2.0,2.0
2025-03-01,greedy,error_scaled_frozen_contract_and_soc,19624.957136064448,19624.957136064448,0.0,37140.770633866676,34511.740321961915,2629.0303119047603,1796.7883238423417,0.0,0,0,2727.1841382422035,7243.156995867153,19262.36305636683,15602.51407565713,10800.0,10800.0,1530.263563492064,10800.0,0.000374099996406585,2.2737367544323206e-13,0,2.0,2.0
2025-03-01,mpc,error_scaled_frozen_contract_and_soc,26608.27845281683,19624.957136064448,6983.321316752384,37140.770633866676,34511.740321961915,2629.0303119047603,1796.7883238423417,1412.3147166666672,27,13,5060.2328118877085,6349.831303734623,19410.549021282426,15778.108305419031,10800.0,10738.262668688594,1726.3774789410368,10800.0,1.0510699000005843,1.1368683772161603e-13,0,2.0,2.0
2025-03-02,greedy,error_scaled_frozen_contract_and_soc,88376.34476929024,46920.11469374968,41456.23007554056,76234.14867653407,73495.56820748645,2738.580469047618,1927.7772093849999,6169.953781006183,13,2,3173.2565820182112,0.0,19338.088317283953,15663.851536999999,10800.0,10800.0,1200.0,10800.0,0.0007480000058421865,2.2737367544323206e-13,0,2.0,2.0
2025-03-02,mpc,error_scaled_frozen_contract_and_soc,95026.67281443946,46920.11469374968,48106.55812068979,76234.14867653407,73495.56820748645,2738.580469047618,1927.7772093849999,8999.176933033337,45,16,5514.538705591931,933.1188632442761,17468.63493522786,14239.575989734747,10800.0,10700.020341999798,1200.0,10800.0,1.1459157999925083,2.2737367544323206e-13,0,2.0,2.0
2025-03-03,greedy,error_scaled_frozen_contract_and_soc,76424.39127653943,47113.77007872723,29310.62119781221,76475.18605969145,73622.35192159622,2852.834138095237,2264.7249412688893,4740.831304981639,17,2,2233.2643774905478,0.0,22271.67233253967,18089.477495357132,10800.0,10745.08566,1200.0,10800.0,0.00044129999878350645,2.2737367544323206e-13,0,2.0,2.0
2025-03-03,mpc,error_scaled_frozen_contract_and_soc,81584.31814780194,47113.77007872723,34470.5480690747,76475.18605969145,73622.35192159622,2852.834138095237,2264.7249412688893,6960.443283638547,60,14,4660.330802291077,283.2803860530571,20033.650790733704,16342.190785747844,10800.0,10672.29594971829,1214.2997262857161,10800.0,1.1458777999941958,2.2737367544323206e-13,0,2.0,2.0
2025-03-04,greedy,error_scaled_frozen_contract_and_soc,48276.798208656175,48276.798208656175,0.0,78173.20222594962,75015.76107356866,3157.4411523809517,2385.855395089564,0.0,0,0,5353.096520840679,874.3115238095238,21954.180691049583,17782.886359750162,10800.0,10800.0,1459.2885256613727,10800.0,0.00028589999419637024,1.1368683772161603e-13,0,2.0,2.0
2025-03-04,mpc,error_scaled_frozen_contract_and_soc,54715.69941606281,48276.798208656175,6438.901207406638,78173.20222594962,75015.76107356866,3157.4411523809517,2385.855395089564,1370.5788960993818,30,12,6801.687586235842,1212.255442031202,21003.15802290893,17247.81977912697,10800.0,10538.598021588077,1266.6856613756631,10800.0,1.3372112999932142,2.2737367544323206e-13,0,2.0,2.0
2025-03-05,greedy,error_scaled_frozen_contract_and_soc,48966.81873949166,48897.71405832976,69.10468116190567,79217.65849465926,75934.97512799258,3282.6833666666666,2372.103371361429,10.16692380952395,2,1,13229.1237749853,1730.4075642857142,18441.062910564695,14937.260957557406,10800.0,10800.0,1200.0,10800.0,0.0004924999957438558,2.2737367544323206e-13,0,2.0,2.0
2025-03-05,mpc,error_scaled_frozen_contract_and_soc,53027.70981472501,48897.71405832976,4129.995756395247,79217.65849465926,75934.97512799258,3282.6833666666666,2372.103371361429,768.464152380954,21,6,10947.70427412092,4229.59743174793,21869.808201109714,17825.47938612883,10800.0,10676.739174188935,1235.96574074074,10800.0,0.9846740999928443,1.1368683772161603e-13,0,2.0,2.0
2025-03-06,greedy,error_scaled_frozen_contract_and_soc,48854.78443354212,48854.78443354212,0.0,78787.31655092031,75510.86135092031,3276.4552000000012,2389.8138505039274,0.0,0,0,11537.08380264551,3092.50216190476,17657.38163252409,14302.479122344525,10800.0,10800.0,1544.3510291005323,10800.0,0.0007965999975567684,2.2737367544323206e-13,0,2.0,2.0
2025-03-06,mpc,error_scaled_frozen_contract_and_soc,51396.3545839326,48854.78443354212,2541.5701503904784,78787.31655092031,75510.86135092031,3276.4552000000012,2389.8138505039274,634.99805952381,24,11,9742.456012791337,5091.202318654868,21356.806603723395,17570.978400915952,10800.0,10497.816609000003,1300.1748436812957,10800.0,1.005172000004677,2.2737367544323206e-13,0,2.0,2.0
2025-03-07,greedy,error_scaled_frozen_contract_and_soc,19642.044419595404,19642.044419595404,0.0,37094.17135814011,33894.18901052106,3199.9823476190477,2425.4361534640075,0.0,0,0,3821.677316666665,14270.721679567465,17337.641979956345,14043.49000376465,10800.0,10800.0,1885.8993617724861,10800.0,0.00037229999725241214,1.1368683772161603e-13,0,2.0,2.0000000000000004
2025-03-07,mpc,error_scaled_frozen_contract_and_soc,23741.38792896713,19642.044419595404,4099.343509371725,37094.17135814011,33894.18901052106,3199.9823476190477,2425.4361534640075,821.9339091528243,22,12,4667.461518533248,14111.176729976587,18839.20532410921,15409.358691040396,10800.0,10633.775134986741,1322.6780595238072,10800.0,1.046556800007238,3.410605131648481e-13,0,2.0,2.0000000000000004
2025-03-08,greedy,error_scaled_frozen_contract_and_soc,19002.47517889016,19002.47517889016,0.0,35504.28534143722,32264.434281913418,3239.851059523809,2403.8390908517067,0.0,0,0,3142.183980452674,13448.956389222916,20913.173096991075,16939.67020856277,10800.0,10800.0,1243.7893703006246,10800.0,0.0005461999971885234,1.1368683772161603e-13,0,2.0,2.0
2025-03-08,mpc,error_scaled_frozen_contract_and_soc,23202.922985728255,19002.47517889016,4200.447806838096,35504.28534143722,32264.434281913418,3239.851059523809,2403.8390908517067,1204.3418190476195,35,14,4508.028185061663,13560.503494582741,20084.95636559369,16384.502968086577,10800.0,10671.457431160352,1629.0678132371354,10800.0,1.0583078999916324,1.1368683772161603e-13,0,2.0,2.0
2025-03-09,greedy,error_scaled_frozen_contract_and_soc,46665.54281790521,46665.54281790521,0.0,75738.740285398,72457.99356158849,3280.7467238095232,2405.35204105127,0.0,0,0,9310.392591563783,4108.667753468542,19919.164072100102,16134.52289840108,10800.0,10800.0,1326.2893862433866,10800.0,0.0002201999886892736,2.2737367544323206e-13,0,2.0,2.0
2025-03-09,mpc,error_scaled_frozen_contract_and_soc,50276.462400688535,46665.54281790521,3610.9195827833337,75738.740285398,72457.99356158849,3280.7467238095232,2405.35204105127,863.3427428571428,27,10,9875.865511938737,4114.958264507175,21623.937209734133,17547.716724591555,10800.0,10764.080461436773,1445.9542369784535,10800.0,1.0634877999982564,2.2737367544323206e-13,0,2.0,2.0
2025-03-10,greedy,error_scaled_frozen_contract_and_soc,45813.298192067894,45813.298192067894,0.0,74516.36477060814,71236.79984441766,3279.564926190475,2421.796012434247,0.0,0,0,1175.044348356535,0.0,22222.00764844209,17999.826195238096,10800.0,10800.0,1252.7356046825357,10800.0,0.0003344999859109521,1.1368683772161603e-13,0,2.0,2.0
2025-03-10,mpc,error_scaled_frozen_contract_and_soc,65281.40090661194,45813.298192067894,19468.102714544046,74516.36477060814,71236.79984441766,3279.564926190475,2421.796012434247,3657.3116382266376,45,17,4161.89103957089,1498.398679309775,18654.76900825496,15260.521287348458,10800.0,10633.157343708956,1270.639027777778,10800.0,1.0224355999962427,2.2737367544323206e-13,0,2.0,2.0
2025-03-11,greedy,error_scaled_frozen_contract_and_soc,45939.27396189203,45368.4864151827,570.7875467093355,74243.9328505922,70798.90999344934,3445.022857142856,2424.7568121123413,81.82160933333364,1,1,6814.941028954142,2436.184410493828,19876.036987475956,16099.58995985552,10800.0,10800.0,1200.0,10800.0,0.0004807999939657748,1.1368683772161603e-13,0,2.0,2.0
2025-03-11,mpc,error_scaled_frozen_contract_and_soc,51759.05446302188,45368.4864151827,6390.568047839172,74243.9328505922,70798.90999344934,3445.022857142856,2424.7568121123413,1424.3860772411035,41,15,6697.7758898994,3918.5682841486687,20702.260551685384,16948.467790757277,10800.0,10600.403617897648,1319.526670634923,10800.0,1.1023104000050807,2.2737367544323206e-13,0,2.0,2.0
2025-03-12,greedy,error_scaled_frozen_contract_and_soc,44943.743315961896,44943.743315961896,0.0,73437.69149560858,70049.07811465621,3388.6133809523817,2436.8582610315066,0.0,0,0,6906.768889682535,3671.8551952380944,20220.631885826315,16378.711827519306,10800.0,10800.0,1205.3261121163996,10800.0,0.00035960000241175294,2.2737367544323206e-13,0,2.0,2.0
2025-03-12,mpc,error_scaled_frozen_contract_and_soc,50060.156792148795,44943.743315961896,5116.413476186901,73437.69149560858,70049.07811465621,3388.6133809523817,2436.8582610315066,1339.9731047619039,37,16,7300.67510014986,4692.203970058083,20767.807264824718,17000.16908704312,10800.0,10601.949774961002,1327.567805859289,10800.0,1.0409710999956587,2.2737367544323206e-13,0,2.0,2.0
2025-03-13,greedy,error_scaled_frozen_contract_and_soc,62077.217930891726,44377.20810768066,17700.00982321107,72618.07584923373,69139.9133706623,3478.162478571429,2395.729100998531,2888.8369903111534,10,3,1365.6136025573196,0.0,20898.683615724032,16927.933728736465,10800.0,10800.0,1200.0,10800.0,0.0009690000006230548,1.1368683772161603e-13,0,2.0,2.0
2025-03-13,mpc,error_scaled_frozen_contract_and_soc,75673.10100001619,44377.20810768066,31295.892892335534,72618.07584923373,69139.9133706623,3478.162478571429,2395.729100998531,5947.935848195621,45,16,3791.982212359281,1122.6287462375835,18748.682212065436,15267.83082323295,10800.0,10709.557520600063,1222.7694444444446,10800.0,1.0340885000041453,2.2737367544323206e-13,0,2.0,2.0
2025-03-14,greedy,error_scaled_frozen_contract_and_soc,18523.564994223634,18523.564994223634,0.0,34758.327946586396,31037.407334681633,3720.9206119047612,2578.619448208452,0.0,0,0,3059.7619753086456,14686.49231380449,21207.50699422019,17178.080665318364,10800.0,10800.0,1455.4082777777794,10800.0,0.00034240000240970403,1.1368683772161603e-13,0,2.0,2.0000000000000004
2025-03-14,mpc,error_scaled_frozen_contract_and_soc,25261.354596918183,18523.564994223634,6737.789602694547,34758.327946586396,31037.407334681633,3720.9206119047612,2578.619448208452,1586.1970469974153,39,12,3870.2344138464255,15774.257854974365,20032.334019560156,16314.948623368567,10800.0,10701.379924972398,1200.0,10800.0,1.051947600004496,1.1368683772161603e-13,0,2.0,2.0000000000000004
2025-03-15,greedy,error_scaled_frozen_contract_and_soc,19196.5385542738,18737.806518942416,458.7320353313824,35242.610330206095,31449.046282587056,3793.5640476190465,2584.6864233828583,92.94540276190506,1,1,1632.3575905937696,7024.421818861152,20959.366521497457,17148.481019412946,10800.0,10609.56207,1200.0,10800.0,0.00035200000274926424,1.1368683772161603e-13,0,2.0,2.0
2025-03-15,mpc,error_scaled_frozen_contract_and_soc,25268.692659511897,18737.806518942416,6530.886140569481,35242.610330206095,31449.046282587056,3793.5640476190465,2584.6864233828583,1370.027533714287,35,13,3212.3438685271076,6967.297613975239,19853.396639944574,16288.291079955106,10800.0,10569.955776000003,1200.0,10800.0,1.0222699000005377,1.1368683772161603e-13,0,2.0,2.0
2025-03-16,greedy,error_scaled_frozen_contract_and_soc,44467.273771754044,44344.445564973095,122.8282067809532,72639.90403957845,68719.60355624513,3920.3004833333316,2611.990314041549,26.833980952381125,2,1,6196.483940681959,173.8796571428568,21760.240670883864,17625.794943415935,10800.0,10800.0,1384.889706349207,10800.0,0.0003445000038482249,1.4210854715202004e-13,0,2.0,2.0
2025-03-16,mpc,error_scaled_frozen_contract_and_soc,55116.31713332153,44344.445564973095,10771.871568348433,72639.90403957845,68719.60355624513,3920.3004833333316,2611.990314041549,2337.013502795237,48,18,6883.325303118117,2304.2468916666685,19766.566017971512,16139.149365620699,10800.0,10657.521232151366,1379.349522486773,10800.0,1.0691686999925878,2.2737367544323206e-13,0,2.0,2.0
2025-03-17,greedy,error_scaled_frozen_contract_and_soc,44358.87827329205,44358.87827329205,0.0,72844.04200301201,68890.46627205962,3953.5757309523797,2613.511236251985,0.0,0,0,12325.088781877395,6084.10699047619,18262.464071134622,14792.59589761905,10800.0,10800.0,1551.5970957407385,10800.0,0.0002502999996067956,2.2737367544323206e-13,0,2.0,2.0
2025-03-17,mpc,error_scaled_frozen_contract_and_soc,47998.65315038491,44358.87827329205,3639.774877092862,72844.04200301201,68890.46627205962,3953.5757309523797,2613.511236251985,731.6406214285723,21,11,11881.47924350157,6855.1620970205495,20526.86385534314,16652.80062856753,10800.0,10771.06566028935,1591.8293986377898,10800.0,1.1548686000023736,2.2737367544323206e-13,0,2.0,2.0
2025-03-18,greedy,error_scaled_frozen_contract_and_soc,47729.65912803941,43094.74766779219,4634.911460247227,70866.43233443717,67029.60842967525,3836.8239047619036,2650.5504142322234,931.5500378887828,7,1,6443.646274171922,1842.5490833333329,21833.84080482069,17685.41105190476,10800.0,10800.0,1200.0,10800.0,0.0003116000007139519,2.2737367544323206e-13,0,2.0,2.0
2025-03-18,mpc,error_scaled_frozen_contract_and_soc,55315.29216498385,43094.74766779219,12220.54449719167,70866.43233443717,67029.60842967525,3836.8239047619036,2650.5504142322234,2483.869235714287,39,13,7849.627179349274,2488.278420091531,20573.831548599424,16924.792839793547,10800.0,10511.123016191104,1516.780344673836,10800.0,1.0077413999970304,2.2737367544323206e-13,0,2.0,2.0
2025-03-19,greedy,error_scaled_frozen_contract_and_soc,43281.09689063081,43281.09689063081,0.0,71080.79841378867,67257.13011855059,3823.6682952380934,2696.961684803613,0.0,0,0,8255.568885296714,2949.0539239037516,21472.567931416645,17392.780024447486,10800.0,10800.0,1371.5365886562336,10800.0,0.0003446000046096742,2.2737367544323206e-13,0,2.0,2.0
2025-03-19,mpc,error_scaled_frozen_contract_and_soc,51018.43387866177,43281.09689063081,7737.336988030955,71080.79841378867,67257.13011855059,3823.6682952380934,2696.961684803613,1601.446473809524,31,14,9564.488180872022,3395.555456353119,20662.179662915776,16736.36611016177,10800.0,10799.999352000017,1515.2504587037242,10800.0,1.0344523999956436,2.2737367544323206e-13,0,2.0,2.0
2025-03-20,greedy,error_scaled_frozen_contract_and_soc,43416.79839656383,43416.79839656383,0.0,70966.65184695611,67092.20890409898,3874.4429428571416,2651.217376471708,0.0,0,0,4232.341785803612,1185.3454462951474,21500.041657144007,17415.033742286647,10800.0,10800.0,1367.3714826455025,10800.0,0.00032360000477638096,2.2737367544323206e-13,0,2.0,2.0
2025-03-20,mpc,error_scaled_frozen_contract_and_soc,51673.401978913476,43416.79839656383,8256.60358234965,70966.65184695611,67092.20890409898,3874.4429428571416,2651.217376471708,1964.7553576089754,40,11,5979.405519860562,1638.0522240730986,20481.831727451965,16631.838966820527,10800.0,10753.827480461734,1388.7043452380956,10800.0,1.0375858000043081,2.2737367544323206e-13,0,2.0,2.0
2025-03-21,greedy,error_scaled_frozen_contract_and_soc,18341.689905051797,18341.689905051797,0.0,34384.14887370889,30513.686261804127,3870.4626119047607,2697.264311197898,0.0,0,0,2843.97852536743,19609.44777048129,21111.056963675088,17099.956140576825,10800.0,10800.0,1338.650073306878,10800.0,0.00031489999673794955,2.2737367544323206e-13,0,2.0,2.0
2025-03-21,mpc,error_scaled_frozen_contract_and_soc,23807.36827896965,18341.689905051797,5465.678373917855,34384.14887370889,30513.686261804127,3870.4626119047607,2697.264311197898,1447.2556785714278,39,13,4646.218229449562,19583.600526216498,20085.285063381558,16403.321021529202,10800.0,10650.844310899845,1641.53415454731,10800.0,1.0551169000100344,1.1368683772161603e-13,0,2.0,2.0
2025-03-22,greedy,error_scaled_frozen_contract_and_soc,18785.33593745049,18785.33593745049,0.0,35105.547491150646,31247.3263482935,3858.221142857141,2690.559770415002,0.0,0,0,4384.43711748971,11396.17617996259,19399.29258588103,15713.426994563637,10800.0,10800.0,2168.6219176806194,10800.0,0.0003657000052044168,2.2737367544323206e-13,0,2.0,2.0
2025-03-22,mpc,error_scaled_frozen_contract_and_soc,24034.931735477912,18785.33593745049,5249.595798027423,35105.547491150646,31247.3263482935,3858.221142857141,2690.559770415002,1162.445930304215,21,13,4181.529515696542,12868.819704761903,19207.801324779648,15629.225726164184,10800.0,10721.214829897035,1200.0,10800.0,1.0792752999986988,2.2737367544323206e-13,0,2.0,2.0
2025-03-23,greedy,error_scaled_frozen_contract_and_soc,42685.720476849325,41807.564494103266,878.1559827460567,68759.08035308663,64886.9251888009,3872.155164285713,2724.636121769286,128.15231426190616,3,2,5061.644935920256,2990.226833715462,21419.19318345091,17349.54647859524,10800.0,10800.0,1200.0,10800.0,0.00029209999775048345,1.1368683772161603e-13,0,2.0,2.0
2025-03-23,mpc,error_scaled_frozen_contract_and_soc,50721.61316819731,41807.564494103266,8914.048674094045,68759.08035308663,64886.9251888009,3872.155164285713,2724.636121769286,1871.155483333333,41,12,6214.835176495158,3712.605043478361,20721.483734680438,16784.402311091144,10800.0,10799.999460000012,1234.8113659334188,10800.0,1.0582506000064313,2.2737367544323206e-13,0,2.0,2.0
2025-03-24,greedy,error_scaled_frozen_contract_and_soc,41434.24826551966,41434.24826551966,0.0,67906.36140706876,63954.115159449706,3952.2462476190462,2692.5570164508736,0.0,0,0,4545.365650029389,3186.1486214285715,21275.04186662323,17232.783911964812,10800.0,10800.0,1838.6542867989392,10800.0,0.0004251000063959509,1.1368683772161603e-13,0,2.0,2.0
2025-03-24,mpc,error_scaled_frozen_contract_and_soc,47733.504521887095,41434.24826551966,6299.256256367437,67906.36140706876,63954.115159449706,3952.2462476190462,2692.5570164508736,1531.1344467084496,36,16,6195.174068208164,3700.1968639845745,19813.56692255512,16404.031181923034,10800.0,10405.508917051804,1363.9433677248685,10800.0,1.1863385000033304,2.2737367544323206e-13,0,2.0,2.0
2025-03-25,greedy,error_scaled_frozen_contract_and_soc,44454.820800734014,41072.93989494236,3381.880905791657,67488.91130383586,63584.89573002634,3904.015573809522,2738.4124738464698,733.12841357143,8,3,1199.7881003233417,396.8764190476154,22592.596631644898,18384.86169313237,10800.0,10705.712865,1200.0,10800.0,0.0005703000060748309,1.1368683772161603e-13,0,2.0,2.0
2025-03-25,mpc,error_scaled_frozen_contract_and_soc,56858.59606058304,41072.93989494236,15785.656165640674,67488.91130383586,63584.89573002634,3904.015573809522,2738.4124738464698,3550.1431509921185,57,17,3433.2896342163167,1597.1828597578706,20019.787417755953,16428.845716425967,10800.0,10563.535657729284,1201.9881944444462,10800.0,1.1666013000067323,2.2737367544323206e-13,0,2.0,2.0
2025-03-26,greedy,error_scaled_frozen_contract_and_soc,41106.754240449816,41106.754240449816,0.0,67573.34352416676,63470.383105119145,4102.960419047619,2718.9739521136107,0.0,0,0,7446.28861476053,4342.041554379781,20901.46812169312,16930.189178571425,10800.0,10800.0,1261.6332513227494,10800.0,0.0003245999978389591,1.1368683772161603e-13,0,2.0,2.0
2025-03-26,mpc,error_scaled_frozen_contract_and_soc,46468.7752422891,41106.754240449816,5362.021001839283,67573.34352416676,63470.383105119145,4102.960419047619,2718.9739521136107,1230.4019142857132,35,11,7449.04132167127,5902.12552332611,20237.054764464287,16598.210582913947,10800.0,10570.893084780142,1267.139321612712,10800.0,1.2283705000008922,2.2737367544323206e-13,0,2.0,2.0
2025-03-27,greedy,error_scaled_frozen_contract_and_soc,41091.23804540071,41091.23804540071,0.0,67338.45548452041,63213.204729758494,4125.250754761905,2721.8257832330946,0.0,0,0,4232.970752480425,847.3274522633843,20782.449141681354,16833.783804761897,10800.0,10800.0,1643.6445427777794,10800.0,0.0006280999950831756,1.1368683772161603e-13,0,2.0,2.0
2025-03-27,mpc,error_scaled_frozen_contract_and_soc,49623.887486880456,41091.23804540071,8532.649441479754,67338.45548452041,63213.204729758494,4125.250754761905,2721.8257832330946,1878.7181595238083,39,16,5810.930560596211,1627.445316666669,19296.47916201943,15827.173338095236,10800.0,10581.083092378338,1224.812174690622,10800.0,1.224423100007698,2.2737367544323206e-13,0,2.0,2.0
2025-03-28,greedy,error_scaled_frozen_contract_and_soc,18283.757797562463,18283.757797562463,0.0,34418.31225257664,30134.89665257664,4283.415600000001,2652.214482897062,0.0,0,0,3816.0134913874176,18617.405800300385,20360.294982121726,16491.838935518594,10800.0,10800.0,1918.5164809846285,10800.0,0.00043250000453554094,2.2737367544323206e-13,0,2.0,2.0
2025-03-28,mpc,error_scaled_frozen_contract_and_soc,22674.69151334699,18283.757797562463,4390.933715784524,34418.31225257664,30134.89665257664,4283.415600000001,2652.214482897062,1149.8288190476192,28,11,5377.748109796757,18353.374991197335,20001.925532339246,16281.344475994785,10800.0,10711.350228000007,1764.8584256653214,10800.0,1.177586000005249,1.1368683772161603e-13,0,2.0,2.0
2025-03-29,greedy,error_scaled_frozen_contract_and_soc,17973.70195855247,17973.70195855247,0.0,34052.12106396185,29812.580778247568,4239.540285714287,2723.15305937996,0.0,0,0,2316.9874251322763,25231.91235021746,20456.2821079836,16569.58850746671,10800.0,10800.0,1279.1787224074087,10800.0,0.0004782999894814566,1.1368683772161603e-13,0,2.0,2.0
2025-03-29,mpc,error_scaled_frozen_contract_and_soc,23153.034193048465,17973.70195855247,5179.332234495997,34052.12106396185,29812.580778247568,4239.540285714287,2723.15305937996,1158.8396503238569,36,14,4260.382358589067,24536.214223679402,20160.06399273153,16362.227548809522,10800.0,10763.804761447802,1633.3014648922465,10800.0,1.053082500002347,1.1368683772161603e-13,0,2.0,2.0
2025-03-30,greedy,error_scaled_frozen_contract_and_soc,40159.722942748165,40159.722942748165,0.0,65732.45833577553,61469.564504823145,4262.893830952382,2692.1380937817858,0.0,0,0,4766.56260402705,3814.6092927101686,20354.556145314447,16487.19047770471,10800.0,10800.0,1724.730686216934,10800.0,0.0003912000101990998,1.1368683772161603e-13,0,2.0,2.0
2025-03-30,mpc,error_scaled_frozen_contract_and_soc,46664.144535412546,40159.722942748165,6504.421592664382,65732.45833577553,61469.564504823145,4262.893830952382,2692.1380937817858,1521.88477552859,35,15,6877.22986648484,3408.0402370101274,19988.436333794794,16303.284097414213,10800.0,10674.832592177301,1363.9130013227518,10800.0,1.039085000011255,2.2737367544323206e-13,0,2.0,2.0
2025-03-31,greedy,error_scaled_frozen_contract_and_soc,45150.00794181027,39461.15513125522,5688.85281055505,64834.41783624546,60633.63344100736,4200.784395238095,2749.108714775556,821.502035492631,2,1,3663.9229019988184,1050.4979398001124,18977.28969391535,15371.604652071426,10800.0,10800.0,1200.0,10800.0,0.00038920000952202827,1.1368683772161603e-13,0,2.0,2.0
2025-03-31,mpc,error_scaled_frozen_contract_and_soc,64720.535289621126,39461.15513125522,25259.38015836591,64834.41783624546,60633.63344100736,4200.784395238095,2749.108714775556,4553.761310648617,47,15,4122.7016126552,4659.2684750000035,17515.996332582894,14245.601261439251,10800.0,10735.950853280989,1244.4675185185183,10800.0,1.0963224000006448,2.2737367544323206e-13,0,2.0,2.0
2025-04-01,greedy,error_scaled_frozen_contract_and_soc,54386.33436099556,39821.2656579408,14565.068703054767,65398.8819243918,61162.15455534417,4236.727369047619,2777.1384108645243,2143.8377762619057,4,1,899.6317802469124,0.0,17477.31342820612,14156.623876846948,10800.0,10800.0,1200.0,10800.0,0.0004346000059740618,2.2737367544323206e-13,0,2.0,2.0
2025-04-01,mpc,error_scaled_frozen_contract_and_soc,76107.86540529499,39821.2656579408,36286.59974735419,65398.8819243918,61162.15455534417,4236.727369047619,2777.1384108645243,6432.317304919968,55,19,2969.955990951742,2646.2710166666684,15258.287307977476,12365.713455331743,10800.0,10792.77696014446,1200.0,10800.0,1.0862415000010515,2.2737367544323206e-13,0,2.0,2.0
2025-04-02,greedy,error_scaled_frozen_contract_and_soc,60867.57351309245,39468.07979079585,21399.493722296604,64999.922723815704,60686.708561910935,4313.214161904762,2554.2528387165084,4143.328720523808,18,2,882.6464008230475,0.0,21279.428988432563,17236.33748063038,10800.0,10800.0,1200.0,10800.0,0.0005180000007385388,1.1368683772161603e-13,0,2.0,2.0
2025-04-02,mpc,error_scaled_frozen_contract_and_soc,76907.50817305571,39468.07979079585,37439.428382259866,64999.922723815704,60686.708561910935,4313.214161904762,2554.2528387165084,7088.594382151852,59,16,4305.773576001009,296.1018685855686,17788.429522049984,14519.301396383293,10800.0,10677.029462752442,1200.0,10800.0,1.2107442999986233,2.2737367544323206e-13,0,2.0,2.0
2025-04-03,greedy,error_scaled_frozen_contract_and_soc,42611.72688883927,39891.59662046959,2720.1302683696913,66004.70851689085,61604.629188319406,4400.07932857143,2660.522227575635,534.7721080935353,4,1,4964.377054495248,3230.2061690476194,21950.023892298646,17779.519352761905,10800.0,10800.0,1200.0,10800.0,0.0003880000003846362,2.2737367544323206e-13,0,2.0,2.0
2025-04-03,mpc,error_scaled_frozen_contract_and_soc,50923.61052150971,39891.59662046959,11032.013901040133,66004.70851689085,61604.629188319406,4400.07932857143,2660.522227575635,2323.5630567568533,49,19,6592.319305010102,3947.1127975246277,19881.70980616393,16267.26319695573,10800.0,10618.801940041172,1262.6640502645516,10800.0,1.068610100002843,2.2737367544323206e-13,0,2.0,2.0
2025-04-04,greedy,error_scaled_frozen_contract_and_soc,17695.706689484563,17695.706689484563,0.0,33554.74257446373,29090.55822446373,4464.184350000001,2628.8079829922217,0.0,0,0,3929.4897291005345,23953.16611579885,20549.559955100616,16645.143563631504,10800.0,10800.0,1778.2545613618202,10800.0,0.0005609999934677035,2.2737367544323206e-13,0,2.0,2.0
2025-04-04,mpc,error_scaled_frozen_contract_and_soc,23487.499041180992,17695.706689484563,5791.792351696429,33554.74257446373,29090.55822446373,4464.184350000001,2628.8079829922217,1453.5338547619046,33,10,5616.394701982503,23860.68783586643,19966.263083579637,16202.739530298171,10800.0,10766.59285266815,1779.2058079679318,10800.0,1.1539362000039546,2.2737367544323206e-13,0,2.0,2.0
2025-04-05,greedy,error_scaled_frozen_contract_and_soc,17829.22057207057,17829.22057207057,0.0,33794.75091386069,29322.40978528926,4472.341128571428,2652.847589672381,0.0,0,0,2705.62956987066,13829.554556835414,20456.695646678425,16569.923473809526,10800.0,10800.0,1590.3216649206306,10800.0,0.0004690000059781596,1.1368683772161603e-13,0,2.0,2.0
2025-04-05,mpc,error_scaled_frozen_contract_and_soc,32489.547394504683,17829.22057207057,14660.326822434115,33794.75091386069,29322.40978528926,4472.341128571428,2652.847589672381,2868.971575847682,38,15,3716.0893915410034,16304.697363768348,17856.75121926562,14586.610099152322,10800.0,10663.731542725369,1200.0,10800.0,1.1459095000027446,1.1368683772161603e-13,0,2.0,2.0
2025-04-06,greedy,error_scaled_frozen_contract_and_soc,39979.32600276767,39771.26492424217,208.06107852551096,65920.00402092352,61200.856359018755,4719.147661904761,2615.240198946906,44.75990904761622,2,2,5579.355700553047,4727.3808973251,20947.82739948688,16967.740193584374,10800.0,10800.0,1200.0,10800.0,0.0006780999974580482,2.2737367544323206e-13,0,2.0,2.0
2025-04-06,mpc,error_scaled_frozen_contract_and_soc,46827.6116904972,39771.26492424217,7056.346766255028,65920.00402092352,61200.856359018755,4719.147661904761,2615.240198946906,1589.3438496472668,36,14,7376.290599110126,4603.296699445611,20291.74720238072,16439.926756556153,10800.0,10795.987197080261,1368.513742363744,10800.0,1.1209384000103455,2.2737367544323206e-13,0,2.0,2.0
2025-04-07,greedy,error_scaled_frozen_contract_and_soc,39263.235938385245,39263.235938385245,0.0,64907.03468133908,60174.04456229147,4732.990119047618,2622.4770863442873,0.0,0,0,7478.9443082344615,3515.490506786108,19102.305374107476,15472.867353027059,10800.0,10800.0,1600.371293968257,10800.0,0.00039030000334605575,2.2737367544323206e-13,0,2.0,2.0
2025-04-07,mpc,error_scaled_frozen_contract_and_soc,47534.85482910086,39263.235938385245,8271.618890715621,64907.03468133908,60174.04456229147,4732.990119047618,2622.4770863442873,1746.7849456723732,28,10,5815.88830072015,7251.110111360389,18558.246878237984,15254.587508545159,10800.0,10552.880514252894,1223.7580370370374,10800.0,1.1002378999983193,2.2737367544323206e-13,0,2.0,2.0
2025-04-08,greedy,error_scaled_frozen_contract_and_soc,41508.96955742742,39602.519229141944,1906.4503282854864,65357.14411164224,60558.986283070815,4798.157828571427,2600.161607861312,337.4193654660821,5,3,5679.455815449011,3799.2627261904768,21609.52600534979,17527.474700833332,10800.0,10773.601514999998,1200.0,10800.0,0.0002499999973224476,2.2737367544323206e-13,0,2.0,2.0
2025-04-08,mpc,error_scaled_frozen_contract_and_soc,51037.62131287882,39602.519229141944,11435.102083736878,65357.14411164224,60558.986283070815,4798.157828571427,2600.161607861312,2360.079982110413,40,13,7924.97703956976,4165.53944341194,19487.063421150437,15994.14944133186,10800.0,10567.079921999999,1363.162505291008,10800.0,1.014727199988556,2.2737367544323206e-13,0,2.0,2.0
2025-04-09,greedy,error_scaled_frozen_contract_and_soc,58733.368697044156,39334.56667160588,19398.802025438275,64738.39234973515,59819.403787830386,4918.988561904761,2576.9250820634134,2862.5905618683164,6,1,1683.8514878012966,0.0,18346.938354347258,14906.609621021284,10800.0,10749.344939999999,1200.0,10800.0,0.0005766999965999275,1.1368683772161603e-13,0,2.0,2.0
2025-04-09,mpc,error_scaled_frozen_contract_and_soc,71953.38440354518,39334.56667160588,32618.8177319393,64738.39234973515,59819.403787830386,4918.988561904761,2576.9250820634134,5732.327321260285,46,19,4298.04551013536,929.2928090212833,15697.987020610957,12931.40835924836,10800.0,10559.956808273906,1246.8240740740741,10800.0,1.0825850999972317,2.2737367544323206e-13,0,2.0,2.0
2025-04-10,greedy,error_scaled_frozen_contract_and_soc,39946.39682429259,39369.217391055354,577.1794332372367,64604.59284097195,59528.96596716243,5075.626873809524,2578.2813853472626,97.8132704761901,4,2,5274.087542974723,2237.207954497356,20572.09596365851,16754.317652063393,10800.0,10698.977864999999,1200.0,10800.0,0.0005372000014176592,2.2737367544323206e-13,0,2.0,2.0
2025-04-10,mpc,error_scaled_frozen_contract_and_soc,48788.842728960575,39369.217391055354,9419.62533790521,64604.59284097195,59528.96596716243,5075.626873809524,2578.2813853472626,1994.3987926851241,39,17,6552.380538272353,3067.1365402739425,19400.24030163191,15794.098048902079,10800.0,10711.218439355298,1337.1888888888857,10800.0,1.110889400006272,2.2737367544323206e-13,0,2.0,2.0
2025-04-11,greedy,error_scaled_frozen_contract_and_soc,17787.111942489748,17787.111942489748,0.0,33552.33259064068,28455.604164450207,5096.728426190475,2616.921980421787,0.0,0,0,3327.755759964723,24950.54434914488,20370.42299803325,16500.042628406933,10800.0,10800.0,1782.3171865079364,10800.0,0.00028219999512657523,2.2737367544323206e-13,0,2.0,2.0
2025-04-11,mpc,error_scaled_frozen_contract_and_soc,24170.138131183798,17787.111942489748,6383.02618869405,33552.33259064068,28455.604164450207,5096.728426190475,2616.921980421787,1490.8838142857146,29,8,5734.432961812412,24451.294357049785,19584.046218042567,16130.209243883124,10800.0,10503.186880812615,1837.0481185866429,10800.0,1.1773223999916809,2.2737367544323206e-13,0,2.0,2.0
2025-04-12,greedy,error_scaled_frozen_contract_and_soc,18058.750949245932,18058.750949245932,0.0,33983.00809509703,28899.86532128751,5083.142773809523,2643.1162379287316,0.0,0,0,4678.121803115813,17617.971373635373,18543.031963725003,15019.855890617253,10800.0,10800.0,2006.79020531746,10800.0,0.0009015999967232347,1.1368683772161603e-13,0,2.0,2.0
2025-04-12,mpc,error_scaled_frozen_contract_and_soc,20941.632235515826,18058.750949245932,2882.881286269892,33983.00809509703,28899.86532128751,5083.142773809523,2643.1162379287316,659.8873754022281,22,10,4871.662017863991,17909.07556999782,19691.435390709612,15993.016353310262,10800.0,10752.273681293917,1200.0,10800.0,1.1682107000087854,1.1368683772161603e-13,0,2.0,2.0
2025-04-13,greedy,error_scaled_frozen_contract_and_soc,38634.403315218275,38305.56035841786,328.84295680041487,62892.10933303208,58036.78806874636,4855.321264285714,2554.5366614846826,70.96710778571125,2,1,3258.9925846560873,1475.3736649617888,20137.93747248078,16311.729352709437,10800.0,10800.0,1200.0,10800.0,0.00034890000824816525,2.2737367544323206e-13,0,2.0,2.0
2025-04-13,mpc,error_scaled_frozen_contract_and_soc,50565.62344073452,38305.56035841786,12260.06308231666,62892.10933303208,58036.78806874636,4855.321264285714,2554.5366614846826,2406.9404119047613,44,14,4591.339808140321,2858.8579194398962,18412.625423089867,14966.275477161817,10800.0,10742.167906156641,1249.7261930049633,10800.0,0.9266744000051403,1.1368683772161603e-13,0,2.0,2.0
2025-04-14,greedy,error_scaled_frozen_contract_and_soc,38551.826177146344,37985.95555329397,565.8706238523725,62673.324744714075,57776.03287090454,4897.291873809523,2531.341017247143,86.59678809523689,2,1,4811.551517813047,3047.227988418579,19867.431580985332,16092.61958059812,10800.0,10800.0,1200.0,10800.0,0.0002696999872568995,2.2737367544323206e-13,0,2.0,2.0
2025-04-14,mpc,error_scaled_frozen_contract_and_soc,45632.70598543736,37985.95555329397,7646.750432143386,62673.324744714075,57776.03287090454,4897.291873809523,2531.341017247143,1619.9767788502186,34,14,6199.573259335199,3389.3299716846614,18994.340613339955,15416.272346985996,10800.0,10765.715055354847,1230.6320370370377,10800.0,1.1189706000004662,2.2737367544323206e-13,0,2.0,2.0
2025-04-15,greedy,error_scaled_frozen_contract_and_soc,38456.005002223326,38456.005002223326,0.0,63066.319048825564,58260.71501073032,4805.604038095238,2534.0684422264294,0.0,0,0,7197.41522211891,6612.63424325694,17771.532281314296,14394.941147864582,10800.0,10800.0,1437.636121693124,10800.0,0.00040550000267103314,2.2737367544323206e-13,0,2.0,2.0
2025-04-15,mpc,error_scaled_frozen_contract_and_soc,50287.0176966351,38456.005002223326,11831.012694411775,63066.319048825564,58260.71501073032,4805.604038095238,2534.0684422264294,2040.0297948169896,31,15,6747.857199942548,9130.754652141502,17621.36330293943,14273.304761380925,10800.0,10799.999460000012,1200.0,10800.0,1.1375451000058092,2.2737367544323206e-13,0,2.0,2.0
2025-04-16,greedy,error_scaled_frozen_contract_and_soc,38174.78586727138,38027.9087058627,146.87716140868122,62461.52561905137,57695.96285952756,4765.562759523809,2527.5670459911917,29.759327607877868,1,1,939.4647594062322,0.0,20517.71649456476,16669.865821597457,10800.0,10743.87171,1200.0,10800.0,0.000928100009332411,2.2737367544323206e-13,0,2.0,2.0
2025-04-16,mpc,error_scaled_frozen_contract_and_soc,55235.62717813291,38027.9087058627,17207.718472270208,62461.52561905137,57695.96285952756,4765.562759523809,2527.5670459911917,3367.5050391129566,47,17,3509.655314298369,1398.2760088616626,17384.766842715722,14167.637021997138,10800.0,10704.471245113995,1200.0,10800.0,0.9582113999931607,2.2737367544323206e-13,0,2.0,2.0
2025-04-17,greedy,error_scaled_frozen_contract_and_soc,37945.83994895927,37945.83994895927,0.0,62202.97979448375,57198.25191829326,5004.7278761904745,2463.303325116707,0.0,0,0,4227.004507775139,1795.9012449585464,19869.467325000296,16094.268533250244,10800.0,10800.0,1315.837441798943,10800.0,0.00034100000630132854,2.2737367544323206e-13,0,2.0,2.0
2025-04-17,mpc,error_scaled_frozen_contract_and_soc,48593.08477013727,37945.83994895927,10647.244821177997,62202.97979448375,57198.25191829326,5004.7278761904745,2463.303325116707,1945.4656115997718,38,14,5058.060720111043,3329.5006068015778,18168.50393058326,14812.495101412376,10800.0,10693.325647066744,1200.0,10800.0,1.0467300999880536,2.2737367544323206e-13,0,2.0,2.0
2025-04-18,greedy,error_scaled_frozen_contract_and_soc,17561.849917685882,17561.849917685882,0.0,33322.58443788793,28312.14215217364,5010.4422857142845,2411.131681844009,0.0,0,0,5182.774130776011,19247.185076875157,19673.56177568216,15935.585038302546,10800.0,10800.0,2046.1074982804228,10800.0,0.00032360000477638096,1.1368683772161603e-13,0,2.0,1.9999999999999996
2025-04-18,mpc,error_scaled_frozen_contract_and_soc,22028.68598318749,17561.849917685882,4466.836065501607,33322.58443788793,28312.14215217364,5010.4422857142845,2411.131681844009,1162.8923829761904,27,8,5561.35801481487,19997.46609237412,19852.656351673504,16080.652130855528,10800.0,10799.999460000012,1200.0,10800.0,1.019805500007351,1.1368683772161603e-13,0,2.0,1.9999999999999996
2025-04-19,greedy,error_scaled_frozen_contract_and_soc,17273.280662356286,17273.280662356286,0.0,32749.397890377953,27674.472085616046,5074.925804761904,2385.169605493533,0.0,0,0,4467.155735420348,18530.84017130729,20184.175214700932,16349.18192390776,10800.0,10800.0,1740.1538848908467,10800.0,0.00034249998861923814,1.1368683772161603e-13,0,2.0,2.0
2025-04-19,mpc,error_scaled_frozen_contract_and_soc,21977.17700645509,17273.280662356286,4703.896344098807,32749.397890377953,27674.472085616046,5074.925804761904,2385.169605493533,1208.4213547619038,30,14,5773.840189843111,18649.968947723646,19887.351882671337,16269.75046795538,10800.0,10621.11617445378,1622.9149428726048,10800.0,1.0731424000114202,1.1368683772161603e-13,0,2.0,2.0
2025-04-20,greedy,error_scaled_frozen_contract_and_soc,37510.02849517279,37510.02849517279,0.0,61682.876440002256,56530.39846619273,5152.477973809523,2383.589678036667,0.0,0,0,3694.108731804824,2757.0867623750732,20959.752672248025,16977.399664520904,10800.0,10800.0,1600.4664750032282,10800.0,0.0007872999995015562,2.2737367544323206e-13,0,2.0,2.0
2025-04-20,mpc,error_scaled_frozen_contract_and_soc,48916.38236664578,37510.02849517279,11406.353871472997,61682.876440002256,56530.39846619273,5152.477973809523,2383.589678036667,2545.499111582455,43,17,4897.672864813194,4775.808636834972,18547.122052874995,15241.555941033686,10800.0,10557.347690883396,1308.994425925926,10800.0,0.9802243999874918,2.2737367544323206e-13,0,2.0,2.0
2025-04-21,greedy,error_scaled_frozen_contract_and_soc,37728.44055688006,37728.44055688006,0.0,62098.610422082216,56862.33076493937,5236.279657142855,2373.56950155512,0.0,0,0,6541.162106508107,8051.23479011153,18093.75018413891,14655.937649152518,10800.0,10800.0,1548.3479105291028,10800.0,0.0003113999991910532,2.2737367544323206e-13,0,2.0,2.0
2025-04-21,mpc,error_scaled_frozen_contract_and_soc,41709.628668869336,37728.44055688006,3981.1881119892823,62098.610422082216,56862.33076493937,5236.279657142855,2373.56950155512,965.6151285714277,27,12,8633.558411807202,6943.365853076746,19074.88583611269,15655.985540819185,10800.0,10571.857762702326,1509.1713645707932,10800.0,1.0248030999937328,1.1368683772161603e-13,0,2.0,2.0
2025-04-22,greedy,error_scaled_frozen_contract_and_soc,36998.07820421194,36998.07820421194,0.0,60396.5498802813,55264.38065409083,5132.1692261904755,2433.8269808015484,0.0,0,0,2643.130440652561,1175.9180605232154,19666.750692034133,15930.068060547648,10800.0,10800.0,1854.0615476190496,10800.0,0.000345499996910803,1.1368683772161603e-13,0,2.0,2.0
2025-04-22,mpc,error_scaled_frozen_contract_and_soc,53720.032120879514,36998.07820421194,16721.953916667582,60396.5498802813,55264.38065409083,5132.1692261904755,2433.8269808015484,3335.2083998247303,39,15,4401.585663438304,3697.0183023809523,16353.474744057317,13561.139177389581,10800.0,10450.194850329824,1268.8115648148153,10800.0,0.9920064000034472,1.1368683772161603e-13,0,2.0,2.0
2025-04-23,greedy,error_scaled_frozen_contract_and_soc,37321.571497071986,37321.571497071986,0.0,61523.39151484308,56308.537676747845,5214.853838095238,2435.674104277698,0.0,0,0,5926.323362345686,1790.803747619048,18522.977394096604,15003.61168921825,10800.0,10800.0,1722.6307176455032,10800.0,0.000585700006922707,1.1368683772161603e-13,0,2.0,2.0
2025-04-23,mpc,error_scaled_frozen_contract_and_soc,48700.21242157403,37321.571497071986,11378.640924502055,61523.39151484308,56308.537676747845,5214.853838095238,2435.674104277698,2157.5938377796247,28,15,5030.167349034202,5060.80551309524,17384.812493122372,14081.698702629103,10800.0,10799.999352000017,1220.7481481481482,10800.0,1.0393996000057086,2.2737367544323206e-13,0,2.0,2.0
2025-04-24,greedy,error_scaled_frozen_contract_and_soc,36842.86087796576,36842.86087796576,0.0,60468.35803597771,55280.35914550151,5187.998890476189,2462.771297855595,0.0,0,0,5619.607640946505,8782.689380952379,17474.642455051468,14154.460388591688,10800.0,10800.0,1678.3771659523845,10800.0,0.0003687999997055158,2.2737367544323206e-13,0,2.0,2.0
2025-04-24,mpc,error_scaled_frozen_contract_and_soc,39746.537316411,36842.86087796576,2903.6764384452395,60468.35803597771,55280.35914550151,5187.998890476189,2462.771297855595,638.2775928571431,26,16,6603.1852249833155,8218.088700863529,18956.27102372256,15416.788268353594,10800.0,10730.879178735197,1569.7093878585747,10800.0,1.0297731000027852,2.2737367544323206e-13,0,2.0,2.0
2025-04-25,greedy,error_scaled_frozen_contract_and_soc,16509.89427334058,16509.89427334058,0.0,31832.87188169868,26833.242276936773,4999.629604761905,2459.8182904588884,0.0,0,0,3495.7486347736585,25202.491089663272,19707.2733088964,15962.891380206085,10800.0,10800.0,1551.175319232805,10800.0,0.00038299999141599983,1.1368683772161603e-13,0,2.0,2.0
2025-04-25,mpc,error_scaled_frozen_contract_and_soc,20044.16827627272,16509.89427334058,3534.274002932144,31832.87188169868,26833.242276936773,4999.629604761905,2459.8182904588884,717.752173809524,22,11,5303.417713231896,24445.987681973056,19593.353577414095,16182.385145682272,10800.0,10453.590280025714,1657.6611075105302,10800.0,1.17972230000305,1.1368683772161603e-13,0,2.0,2.0
2025-04-26,greedy,error_scaled_frozen_contract_and_soc,16729.808695751366,16537.966482436692,191.8422133146675,31901.057844114486,26872.035679828772,5029.022164285714,2441.1909205162697,43.76110933333348,2,1,3130.649972516171,29236.066655961447,20386.05303818905,16583.614248933132,10800.0,10721.20968,1200.0,10800.0,0.0003060000017285347,1.1368683772161603e-13,0,2.0,2.0
2025-04-26,mpc,error_scaled_frozen_contract_and_soc,29039.711635885462,16537.966482436692,12501.74515344877,31901.057844114486,26872.035679828772,5029.022164285714,2441.1909205162697,2651.6469603354517,42,13,4016.5965983939827,31438.295206228617,18436.35627156788,15114.206807454826,10800.0,10599.157525016846,1200.0,10800.0,0.9944054000079632,2.2737367544323206e-13,0,2.0,2.0
2025-04-27,greedy,error_scaled_frozen_contract_and_soc,47541.109600637355,34909.03846157304,12632.071139064303,57570.42504417277,52506.80444417277,5063.620599999999,2418.917842835833,1852.1141137857167,3,1,2568.6480402410334,4430.871461353812,20768.73647459563,16822.67654442246,10800.0,10800.0,1200.0,10800.0,0.00035400000342633575,2.2737367544323206e-13,0,2.0,2.0
2025-04-27,mpc,error_scaled_frozen_contract_and_soc,54088.75675167874,34909.03846157304,19179.718290105673,57570.42504417277,52506.80444417277,5063.620599999999,2418.917842835833,4013.954224827591,50,14,3995.8259804781633,5608.241484602723,18620.3987206334,15117.046642904394,10800.0,10761.640356454069,1201.2649417989433,10800.0,1.1467845000006491,2.2737367544323206e-13,0,2.0,2.0
2025-04-28,greedy,error_scaled_frozen_contract_and_soc,93997.56330906012,35696.7785121998,58300.78479686031,58479.81328218926,53382.4752202845,5097.338061904762,2488.683076800357,9288.810322690473,25,4,1422.7240042606954,0.0,13662.70985288216,11066.794980834555,10800.0,10800.0,1200.0,10800.0,0.0003068000078201294,2.2737367544323206e-13,0,2.0,2.0
2025-04-28,mpc,error_scaled_frozen_contract_and_soc,96908.53201835185,35696.7785121998,61211.75350615205,58479.81328218926,53382.4752202845,5097.338061904762,2488.683076800357,11234.977363239308,63,18,2914.4730339656426,750.4024511904755,12509.882708891502,10209.95227719048,10800.0,10714.503018901822,1222.973685185185,10800.0,0.894846499999403,2.2737367544323206e-13,0,2.0,2.0
2025-04-29,greedy,error_scaled_frozen_contract_and_soc,45496.05956160863,36194.059421318976,9302.000140289647,59372.942906709315,53803.14362575693,5569.79928095238,2769.4947289727775,1354.1013235238065,2,1,4501.136499435375,8270.082903204,16870.952664027296,13665.471657862112,10800.0,10800.0,1200.0,10800.0,0.0005670999962603673,1.1368683772161603e-13,0,2.0,2.0
2025-04-29,mpc,error_scaled_frozen_contract_and_soc,47067.31299784301,36194.059421318976,10873.253576524028,59372.942906709315,53803.14362575693,5569.79928095238,2769.4947289727775,2289.5334374451813,26,8,5560.882753893002,7940.820303296252,18089.419714239317,14678.990248702641,10800.0,10770.488577590231,1218.3500000000029,10800.0,0.9124492999981157,2.2737367544323206e-13,0,2.0,2.0
2025-04-30,greedy,error_scaled_frozen_contract_and_soc,36130.639632902516,36130.639632902516,0.0,59090.43809259515,53504.15183783324,5586.286254761905,2786.6217159139273,0.0,0,0,5200.829846913581,3586.9321784537397,18579.30724606125,15049.23886930961,10800.0,10800.0,1223.0525714285736,10800.0,0.0003228000132367015,1.1368683772161603e-13,0,2.0,2.0
2025-04-30,mpc,error_scaled_frozen_contract_and_soc,49651.771113872644,36130.639632902516,13521.131480970136,59090.43809259515,53504.15183783324,5586.286254761905,2786.6217159139273,2414.5475035294803,28,11,6814.694848611365,4954.396791923256,16767.16261184633,13803.87634673251,10800.0,10552.805965403351,1200.0,10800.0,1.1947917999932542,1.1368683772161603e-13,0,2.0,2.0
2025-05-01,greedy,error_scaled_frozen_contract_and_soc,59339.61293398321,35866.998861478496,23472.61407250472,58257.78297497828,52667.65579640686,5590.127178571428,2787.1287026568652,3628.421274738096,14,3,1899.4103978861954,4045.943673809524,20500.95418544714,17773.84242171218,10800.0,9502.144965000001,1200.0,10800.0,0.0003704999980982393,2.2737367544323206e-13,0,2.0,2.0
2025-05-01,mpc,error_scaled_frozen_contract_and_soc,69441.7588274571,35866.998861478496,33574.75996597861,58257.78297497828,52667.65579640686,5590.127178571428,2787.1287026568652,6320.66605195009,68,13,3485.3402853096854,5728.072427564864,17470.354901411163,15319.057001643045,10800.0,9502.144965000001,1200.0,10800.0,1.1618059999891557,2.2737367544323206e-13,0,2.0,2.0
2025-05-02,greedy,error_scaled_frozen_contract_and_soc,42150.35938176175,17244.411845841958,24905.947535919793,32626.39090787427,27116.372255493316,5510.018652380953,2942.4570009287295,4223.2847544352535,15,2,1774.9477690476192,6087.427964285715,20830.380542857143,17198.521797214285,10309.860375,9947.734199999997,1200.0,10800.0,0.00023350000265054405,1.1368683772161603e-13,0,2.0,2.0
2025-05-02,mpc,error_scaled_frozen_contract_and_soc,68504.02821880739,17244.411845841958,51259.61637296542,32626.39090787427,27116.372255493316,5510.018652380953,2942.4570009287295,9437.459126031974,60,9,2700.3724018864277,11560.273471428573,14598.298038589763,12150.535061331848,10309.860375,9947.734097139839,1200.0000000000005,10452.431429999999,0.9357598000060534,1.1368683772161603e-13,0,2.0,2.0
2025-05-03,greedy,error_scaled_frozen_contract_and_soc,35053.360177712995,17579.30593216539,17474.05424554761,33082.14277313742,27249.201068375514,5832.9417047619045,3172.1409154365074,3045.6192919761884,10,1,2662.1816834215174,16796.996550316628,20666.22073054756,16841.71277774353,10499.603685,10386.188144999998,1200.0,10800.0,0.00027260000933893025,1.1368683772161603e-13,0,2.0,2.0
2025-05-03,mpc,error_scaled_frozen_contract_and_soc,47432.4481462088,17579.30593216539,29853.14221404341,33082.14277313742,27249.201068375514,5832.9417047619045,3172.1409154365074,5635.817501590163,53,10,3130.72747865137,19412.72258232259,18065.834266406986,14735.399931224794,10499.603685,10386.187934516516,1200.0,10666.065494999999,1.0218544999952428,1.1368683772161603e-13,0,2.0,2.0
2025-05-04,greedy,error_scaled_frozen_contract_and_soc,54749.46630629389,37147.01007322366,17602.456233070232,60539.38468979237,54476.888892173316,6062.495797619047,3254.2240343076983,2851.1577357142846,13,2,3733.19946252921,4469.617690175076,16095.242476403415,13697.407267886761,10697.165265,9963.542085000001,1200.0,10800.0,0.0003635000030044466,1.1368683772161603e-13,0,2.0,2.0
2025-05-04,mpc,error_scaled_frozen_contract_and_soc,67559.7305082338,37147.01007322366,30412.720435010124,60539.38468979237,54476.888892173316,6062.495797619047,3254.2240343076983,5393.883518853501,46,8,4099.968261027478,6737.12560522961,15613.395946183944,13307.111668080877,10697.165265,9963.54198536458,1200.0,10776.170365714286,1.1606774999963818,1.1368683772161603e-13,0,2.0,2.0
2025-05-05,greedy,error_scaled_frozen_contract_and_soc,61837.65204088984,37422.486460827495,24415.16558006234,61295.95152624548,55030.57135243596,6265.3801738095235,3334.7771867550796,3892.0788912746,19,3,2362.0642334371964,167.6395119047648,21677.59213051146,18055.10841071429,10515.888885,9964.490235000001,1200.0,10800.0,0.0004262000002199784,2.2737367544323206e-13,0,2.0,2.0
2025-05-05,mpc,error_scaled_frozen_contract_and_soc,80760.57306566398,37422.486460827495,43338.08660483648,61295.95152624548,55030.57135243596,6265.3801738095235,3334.7771867550796,8461.349542831384,66,10,4505.969477787957,3652.4038570719736,16121.367731469683,13558.282949633696,10515.888885,9960.361010396391,1200.0,10796.118492857142,1.017540699991514,1.1368683772161603e-13,0,2.0,2.0
2025-05-06,greedy,error_scaled_frozen_contract_and_soc,56257.86999669846,37341.47292905512,18916.39706764334,60672.03433855496,54081.88122903115,6590.153109523808,3351.258947767302,3081.6537870387965,15,4,2340.6272768556623,2821.4877023809513,20685.273097619043,17662.35377507143,10567.706235,9559.614495,1200.0,10800.0,0.0004709000058937818,2.2737367544323206e-13,0,2.0,2.0
2025-05-06,mpc,error_scaled_frozen_contract_and_soc,69877.27322982534,37341.47292905512,32535.80030077023,60672.03433855496,54081.88122903115,6590.153109523808,3351.258947767302,6443.72706190476,71,10,3760.9518053331612,5529.715572566775,16634.746713241435,14378.306514491182,10567.706235,9563.08214970487,1203.4676547048707,10800.0,1.0875513999926625,1.1368683772161603e-13,0,2.0,2.0
2025-05-07,greedy,error_scaled_frozen_contract_and_soc,66852.2352436439,38111.65103005844,28740.584213585444,62069.38658636241,55045.164767314796,7024.221819047619,3290.511281549404,4379.244517095241,13,4,1500.4343806041538,2198.5111896192434,19792.287869904565,16337.741717622695,10365.689415,10025.702145,1200.0,10800.0,0.000531300000147894,2.2737367544323206e-13,0,2.0,2.0
2025-05-07,mpc,error_scaled_frozen_contract_and_soc,75892.11898287057,38111.65103005844,37780.467952812134,62069.38658636241,55045.164767314796,7024.221819047619,3290.511281549404,7245.4238564707175,74,12,3533.839552795339,3644.614723577411,16564.239520898067,13723.022735390077,10365.689415,10025.701944485956,1200.0,10800.0,1.0087811999983387,2.2737367544323206e-13,0,2.0,2.0
2025-05-08,greedy,error_scaled_frozen_contract_and_soc,43020.83059132341,41409.27388036388,1611.5567109595263,65315.703019545,57988.148948116424,7327.554071428571,3296.268201040039,239.55088333333367,2,1,4096.821490106761,0.0,19016.270176617254,15212.370099559968,10587.990285,10800.0,1674.9682671957667,10800.0,0.0006517000001622364,2.2737367544323206e-13,0,2.0,2.0
2025-05-08,mpc,error_scaled_frozen_contract_and_soc,63711.58389809783,41409.27388036388,22302.310017733947,65315.703019545,57988.148948116424,7327.554071428571,3296.268201040039,4017.67601132304,32,15,6611.938264379778,1903.7786738095247,15899.106921391858,12735.977164427404,10587.990285,10746.100776,1215.5726203703705,10800.0,1.1816187000076752,2.2737367544323206e-13,0,2.0,2.0
2025-05-09,greedy,error_scaled_frozen_contract_and_soc,21080.839563201363,21080.839563201363,0.0,36972.76041320311,29467.640296536447,7505.120116666666,3302.3346909220236,0.0,0,0,6188.092951352144,19091.427002955046,19819.60030997852,16053.876251082598,10800.0,10800.0,2173.994267195766,10800.0,0.0005822999955853447,1.1368683772161603e-13,0,2.0,1.9999999999999996
2025-05-09,mpc,error_scaled_frozen_contract_and_soc,26933.896756241833,21080.839563201363,5853.057193040474,36972.76041320311,29467.640296536447,7505.120116666666,3302.3346909220236,1401.2070309523804,30,12,7551.443248420188,19221.261704256744,19335.508814097608,15661.762722619049,10800.0,10799.999352000017,1814.9053958368183,10800.0,1.1494560999999521,1.2789769243681803e-13,0,2.0,1.9999999999999996
2025-05-10,greedy,error_scaled_frozen_contract_and_soc,20976.847430508667,20976.847430508667,0.0,36680.3256406522,29377.506638271243,7302.819002380952,3338.5334529040474,0.0,0,0,5469.606498736031,11689.2773847558,19629.52656650816,15899.91651887161,10800.0,10800.0,2011.2126269945084,10800.0,0.00031609999132342637,1.1368683772161603e-13,0,2.0,2.0
2025-05-10,mpc,error_scaled_frozen_contract_and_soc,35144.67166072203,20976.847430508667,14167.82423021336,36680.3256406522,29377.506638271243,7302.819002380952,3338.5334529040474,2686.5258747763714,30,11,5633.806868934309,14808.24223690476,17318.948440589495,14185.977740523813,10800.0,10624.856107059648,1240.0304576719566,10800.0,1.029250999999931,2.2737367544323206e-13,0,2.0,2.0
2025-05-11,greedy,error_scaled_frozen_contract_and_soc,42326.49528080906,41667.62031042811,658.874970380952,66116.489247388,58487.95165691183,7628.5375904761895,3261.133009974206,97.77575238095233,2,1,4609.926445825985,1951.5495225161653,17948.577872171223,14538.348076458693,10800.0,10800.0,1455.9154767724867,10800.0,0.0003708000003825873,1.1368683772161603e-13,0,2.0,2.0
2025-05-11,mpc,error_scaled_frozen_contract_and_soc,53580.67846649872,41667.62031042811,11913.05815607062,66116.489247388,58487.95165691183,7628.5375904761895,3261.133009974206,2344.0919169362687,34,13,6692.481218063912,2475.80764817016,16880.217262374543,13830.484199998615,10800.0,10624.99086947196,1200.0,10800.0,1.040158200004953,2.2737367544323206e-13,0,2.0,2.0
2025-05-12,greedy,error_scaled_frozen_contract_and_soc,41866.76463629457,41866.76463629457,0.0,66700.09981404469,58930.488916425624,7769.610897619046,3195.985649071588,0.0,0,0,8999.514201055099,6174.549331278819,15034.34302404158,12177.817849473682,10800.0,10800.0,1911.340055555554,10800.0,0.000337799996486865,2.2737367544323206e-13,0,2.0,2.0000000000000004
2025-05-12,mpc,error_scaled_frozen_contract_and_soc,54934.64971570209,41866.76463629457,13067.88507940752,66700.09981404469,58930.488916425624,7769.610897619046,3195.985649071588,2452.8479253575097,33,11,7662.312187876256,9782.575195603651,16073.99939194321,13035.45014316379,10800.0,10782.765960344677,1200.0,10800.0,1.1236492000025464,2.2737367544323206e-13,0,2.0,2.0000000000000004
2025-05-13,greedy,error_scaled_frozen_contract_and_soc,41888.044115324796,41888.044115324796,0.0,66739.80621830004,58870.03807544291,7869.768142857141,3201.7492765605166,0.0,0,0,9149.30741302143,3207.5811030573523,17350.024823721007,14053.520107214017,10800.0,10800.0,1495.5869312169332,10800.0,0.0003180999920004979,2.2737367544323206e-13,0,2.0,2.0
2025-05-13,mpc,error_scaled_frozen_contract_and_soc,46761.59391690099,41888.044115324796,4873.549801576187,66739.80621830004,58870.03807544291,7869.768142857141,3201.7492765605166,843.6146690476181,20,11,9861.204626239853,3305.451658869504,17534.304014214245,14203.95239769021,10800.0,10798.70428202592,1530.4446856537356,10800.0,0.9246366000006674,2.2737367544323206e-13,0,2.0,2.0
2025-05-14,greedy,error_scaled_frozen_contract_and_soc,42142.23124684211,42142.23124684211,0.0,67000.44446254158,59161.372241113,7839.072221428569,3218.5113092927786,0.0,0,0,9184.127943212092,4028.2949700448085,16939.863931072185,13721.289784168464,10800.0,10800.0,2261.9580687830703,10800.0,0.0003192000003764406,1.1368683772161603e-13,0,2.0,2.0
2025-05-14,mpc,error_scaled_frozen_contract_and_soc,45537.33179126115,42142.23124684211,3395.100544419046,67000.44446254158,59161.372241113,7839.072221428569,3218.5113092927786,839.4593690476185,22,9,9513.493454732432,4550.484460509799,17294.477463610663,14087.998949644658,10800.0,10711.697550977755,1373.6825164728941,10800.0,1.1083386999962386,2.2737367544323206e-13,0,2.0,2.0
2025-05-15,greedy,error_scaled_frozen_contract_and_soc,41532.48771684821,41532.48771684821,0.0,65987.96025596315,58166.587796439344,7821.372459523807,3237.8540732142073,0.0,0,0,7577.570900663019,3928.5517584166214,18334.84775302109,14851.22667994709,10800.0,10800.0,2664.150020922988,10800.0,0.00045020000834483653,1.1368683772161603e-13,0,2.0,2.0
2025-05-15,mpc,error_scaled_frozen_contract_and_soc,51322.96823668551,41532.48771684821,9790.4805198373,65987.96025596315,58166.587796439344,7821.372459523807,3237.8540732142073,2463.7719574074067,36,11,7928.191581497753,6419.014773931232,16835.842998964392,13729.533664832328,10800.0,10697.221293698698,1244.5560462962967,10800.0,1.0786381999932928,2.2737367544323206e-13,0,2.0,2.0
2025-05-16,greedy,error_scaled_frozen_contract_and_soc,20667.906256291157,20667.906256291157,0.0,36089.61964234847,28239.1318113961,7850.487830952379,3258.913887344921,0.0,0,0,5944.128550088182,29208.974806191538,18575.919362767898,15046.494683841996,10800.0,10800.0,2634.54946703704,10800.0,0.0006044999900041148,1.1368683772161603e-13,0,2.0,2.0
2025-05-16,mpc,error_scaled_frozen_contract_and_soc,25147.632897751875,20667.906256291157,4479.726641460714,36089.61964234847,28239.1318113961,7850.487830952379,3258.913887344921,1044.525121428571,28,13,7907.23770754702,28737.744590440525,18615.578041298166,15533.50718265152,10800.0,10294.567812,2051.0616330327025,10800.0,1.01046450001013,1.1368683772161603e-13,0,2.0,2.0
2025-05-17,greedy,error_scaled_frozen_contract_and_soc,20731.30632743245,20731.30632743245,0.0,36413.69398336865,28657.179826225794,7756.514157142858,3322.310875460754,0.0,0,0,4748.479437860082,14393.733031995393,20550.65129919214,16646.027552345637,10800.0,10800.0,1455.2089667460343,10800.0,0.0009821999992709607,2.2737367544323206e-13,0,2.0,2.0
2025-05-17,mpc,error_scaled_frozen_contract_and_soc,40434.05634708717,20731.30632743245,19702.750019654723,36413.69398336865,28657.179826225794,7756.514157142858,3322.310875460754,3749.867735417064,38,12,5560.235686866085,18213.125636904762,16639.342884562484,13616.000256214285,10800.0,10646.519422534808,1200.0,10800.0,1.1067895000014687,2.2737367544323206e-13,0,2.0,2.0
2025-05-18,greedy,error_scaled_frozen_contract_and_soc,41023.7620016313,41023.7620016313,0.0,64617.086879205584,56731.41501491987,7885.671864285714,3373.748891221984,0.0,0,0,6807.791720634921,219.4051818342183,18605.25806051766,15070.259029019307,10800.0,10800.0,2473.5894444444466,10800.0,0.0003225999971618876,2.2737367544323206e-13,0,2.0,2.0
2025-05-18,mpc,error_scaled_frozen_contract_and_soc,58708.82623303805,41023.7620016313,17685.06423140676,64617.086879205584,56731.41501491987,7885.671864285714,3373.748891221984,3472.149865373599,35,14,7219.208019240576,4111.443928668032,14818.754682935334,12115.060831502851,10800.0,10675.700512971971,1200.0,10800.0,1.0550934999919264,2.2737367544323206e-13,0,2.0,2.0
2025-05-19,greedy,error_scaled_frozen_contract_and_soc,41689.15508407141,40457.2454356857,1231.9096483857152,64240.90443032802,56251.37195413754,7989.532476190476,3389.725063028769,182.38260476190487,3,1,8049.617089168804,10889.001231260354,16878.572119768447,13671.643417012445,10800.0,10800.0,1542.784193121692,10800.0,0.0005118000117363408,1.1368683772161603e-13,0,2.0,2.0
2025-05-19,mpc,error_scaled_frozen_contract_and_soc,47263.21791208688,40457.2454356857,6805.972476401187,64240.90443032802,56251.37195413754,7989.532476190476,3389.725063028769,1192.0944499999996,24,11,9863.106095312589,10291.535368208995,16405.90986477126,13405.292459869588,10800.0,10670.549478439041,1591.7013325712755,10800.0,0.9370112000033259,2.2737367544323206e-13,0,2.0,2.0
2025-05-20,greedy,error_scaled_frozen_contract_and_soc,40124.34334441177,40124.34334441177,0.0,63477.08920440144,55535.960687734776,7941.128516666667,3405.099198673055,0.0,0,0,2813.147398206941,148.31899523809489,18197.080220572614,14739.634978663822,10800.0,10800.0,1565.5882777777751,10800.0,0.0005875000060768798,1.1368683772161603e-13,0,2.0,2.0
2025-05-20,mpc,error_scaled_frozen_contract_and_soc,68600.36897562954,40124.34334441177,28476.025631217766,63477.08920440144,55535.960687734776,7941.128516666667,3405.099198673055,4902.523005404092,41,15,5164.771905996021,3916.8027320594583,13090.76965691455,10850.909654212111,10800.0,10525.126408765194,1200.0,10800.0,1.0451522000075784,2.2737367544323206e-13,0,2.0,2.0
2025-05-21,greedy,error_scaled_frozen_contract_and_soc,40522.178841013534,40435.4719151802,86.70692583333418,64026.08839084242,55961.611897985276,8064.476492857144,3383.2391394845226,12.861666666666792,1,1,3877.1063023838974,6790.118750790701,16532.77978471783,13391.551625621432,10800.0,10800.0,1478.254864999998,10800.0,0.000268299991148524,1.1368683772161603e-13,0,2.0,2.0
2025-05-21,mpc,error_scaled_frozen_contract_and_soc,49280.762283525866,40435.4719151802,8845.29036834566,64026.08839084242,55961.611897985276,8064.476492857144,3383.2391394845226,2009.5868180233397,30,12,6511.5952643691835,6446.554521651609,16084.10841258592,13237.079834979046,10800.0,10567.831088017272,1200.0,10800.0,0.9920730000012554,2.8421709430404007e-13,0,2.0,2.0
2025-05-22,greedy,error_scaled_frozen_contract_and_soc,39865.41628365742,39763.77666865742,101.63961500000035,62952.77165795244,54819.84415319053,8132.927504761905,3372.74332365492,15.07000000000005,1,1,5238.420342242266,4023.5936946208217,17798.985186184585,14417.17800080952,10800.0,10800.0,1342.457197724872,10800.0,0.0002641000028233975,2.2737367544323206e-13,0,2.0,2.0
2025-05-22,mpc,error_scaled_frozen_contract_and_soc,48668.48003244907,39763.77666865742,8904.703363791665,62952.77165795244,54819.84415319053,8132.927504761905,3372.74332365492,1720.6594095238095,30,13,6308.648785469745,4918.749704833472,16610.633789887317,13488.621648428569,10800.0,10762.213023755736,1296.674503159858,10800.0,1.0817799999931594,2.2737367544323206e-13,0,2.0,2.0
2025-05-23,greedy,error_scaled_frozen_contract_and_soc,20604.50056839885,20604.50056839885,0.0,36151.99696270986,28030.506419852725,8121.490542857142,3371.825810806984,0.0,0,0,6977.9656742210445,18482.153117807597,20763.90832939993,16818.76574681394,10800.0,10800.0,1378.1175203125526,10800.0,0.00039570000080857426,2.2737367544323206e-13,0,2.0,2.0
2025-05-23,mpc,error_scaled_frozen_contract_and_soc,32204.422079151238,20604.50056839885,11599.921510752385,36151.99696270986,28030.506419852725,8121.490542857142,3371.825810806984,2446.087800000001,34,12,6857.161350841862,21566.254068397662,18468.91335857222,15040.979603197113,10800.0,10709.822463607092,1200.0,10800.0,1.0464961000106996,2.2737367544323206e-13,0,2.0,2.0
2025-05-24,greedy,error_scaled_frozen_contract_and_soc,21162.81971982473,21162.81971982473,0.0,36856.57805296801,28644.570255348965,8212.007797619048,3327.570902364643,0.0,0,0,7586.935799529689,25386.821563246813,18675.61143960445,15127.245266079604,10800.0,10800.0,2276.1850147792748,10800.0,0.00025150000874418765,1.1368683772161603e-13,0,2.0,2.0
2025-05-24,mpc,error_scaled_frozen_contract_and_soc,25046.90551243782,21162.81971982473,3884.085792613093,36856.57805296801,28644.570255348965,8212.007797619048,3327.570902364643,992.5285190476186,22,11,8274.463512045088,25603.516495503216,19198.419406737412,15561.747358936747,10800.0,10787.747067245064,1777.1382402285012,10800.0,1.0482172000047285,1.1368683772161603e-13,0,2.0,2.0
2025-05-25,greedy,error_scaled_frozen_contract_and_soc,40137.428681103134,40137.428681103134,0.0,63607.637107281334,55290.88521680514,8316.75189047619,3268.3231802429773,0.0,0,0,7125.655631863612,7961.068327948736,16550.412104473362,13405.833804623428,10800.0,10800.0,1468.9510846560884,10800.0,0.0010017000022344291,2.2737367544323206e-13,0,2.0,2.0
2025-05-25,mpc,error_scaled_frozen_contract_and_soc,46825.66518882218,40137.428681103134,6688.236507719045,63607.637107281334,55290.88521680514,8316.75189047619,3268.3231802429773,1264.7945714285715,31,16,8249.448829410156,8072.969803885309,16933.54606432358,13759.867866528188,10800.0,10751.449383971009,1299.616639429476,10800.0,1.0445841000037035,2.2737367544323206e-13,0,2.0,2.0
2025-05-26,greedy,error_scaled_frozen_contract_and_soc,53330.4718899407,39802.41693028569,13528.054959655015,62412.14253299028,54103.553966323605,8308.588566666665,3274.6073700758343,2137.833681366868,6,2,2197.2838370370328,0.0,19007.851384391535,15396.35962135714,10800.0,10800.0,1200.0,10800.0,0.0003372999926796183,2.2737367544323206e-13,0,2.0,1.9999999999999998
2025-05-26,mpc,error_scaled_frozen_contract_and_soc,64470.91621622568,39802.41693028569,24668.499285939997,62412.14253299028,54103.553966323605,8308.588566666665,3274.6073700758343,5159.255016922488,46,12,5267.309916184454,745.2616378991177,15769.538343535472,12951.912961991995,10800.0,10601.570106968598,1245.6416666666669,10800.0,1.064037999996799,2.2737367544323206e-13,0,2.0,1.9999999999999998
2025-05-27,greedy,error_scaled_frozen_contract_and_soc,40695.056803155676,40695.056803155676,0.0,63910.61001446342,55388.48157160627,8522.128442857143,3359.6197785773006,0.0,0,0,7682.474122938136,6165.697055643739,16681.61639185773,13512.109277404761,10800.0,10800.0,1855.9638597883613,10800.0,0.0003496999997878447,1.1368683772161603e-13,0,2.0,2.0
2025-05-27,mpc,error_scaled_frozen_contract_and_soc,45821.31155466044,40695.056803155676,5126.25475150476,63910.61001446342,55388.48157160627,8522.128442857143,3359.6197785773006,1168.6896095238096,32,16,8305.36586380471,6904.1885648223515,16285.913453717301,13309.099979785715,10800.0,10669.433241916997,1250.6657407407401,10800.0,0.9589432000066154,2.2737367544323206e-13,0,2.0,2.0
2025-05-28,greedy,error_scaled_frozen_contract_and_soc,40122.01598108336,40122.01598108336,0.0,63096.211204979496,54678.83294783664,8417.378257142858,3409.006403592697,0.0,0,0,4717.127441416815,1061.6501822498321,20131.69596680954,16306.673733115731,10800.0,10800.0,1787.1867169312181,10800.0,0.00037460000021383166,2.2737367544323206e-13,0,2.0,2.0
2025-05-28,mpc,error_scaled_frozen_contract_and_soc,52200.18891727383,40122.01598108336,12078.172936190469,63096.211204979496,54678.83294783664,8417.378257142858,3409.006403592697,2684.8094943095225,46,16,6801.996970421448,2284.137252216667,17082.341072599975,13879.865943568111,10800.0,10752.03369470874,1200.0,10800.0,0.9718036999984179,1.1368683772161603e-13,0,2.0,2.0
2025-05-29,greedy,error_scaled_frozen_contract_and_soc,41724.712368594104,39481.598580840815,2243.1137877532924,62435.15183180275,54245.6555841837,8189.4962476190485,3260.3096393546025,326.1618655305738,3,3,1264.0935775132327,0.0,20845.32618201058,16884.714207428573,10800.0,10800.0,1200.0,10800.0,0.00041399999463465065,2.2737367544323206e-13,0,2.0,2.0
2025-05-29,mpc,error_scaled_frozen_contract_and_soc,60608.58832526358,39481.598580840815,21126.98974442278,62435.15183180275,54245.6555841837,8189.4962476190485,3260.3096393546025,4415.51457932465,57,14,4722.69565727448,1537.603787991118,16267.125695210592,13213.366874586882,10800.0,10758.89437614856,1200.0,10800.0,0.9889283000084106,2.2737367544323206e-13,0,2.0,2.0
2025-05-30,greedy,error_scaled_frozen_contract_and_soc,20628.76659140298,20628.76659140298,0.0,36234.91679591559,27792.947469725117,8441.969326190476,3143.046539862262,0.0,0,0,5698.3205873443485,19872.194247619045,19886.32253884612,16107.921256465357,10800.0,10800.0,1799.088406772482,10800.0,0.000338700003339909,1.1368683772161603e-13,0,2.0,2.0
2025-05-30,mpc,error_scaled_frozen_contract_and_soc,35765.36306573934,20628.76659140298,15136.596474336358,36234.91679591559,27792.947469725117,8441.969326190476,3143.046539862262,2950.3983897917105,34,15,6184.446796083953,22933.24657738095,17071.72029677319,13890.099163102219,10800.0,10731.10475253785,1200.0,10800.0,0.9827993999933824,2.2737367544323206e-13,0,2.0,2.0
2025-05-31,greedy,error_scaled_frozen_contract_and_soc,21787.74505982398,20921.658307418464,866.0867524055169,36627.482575877715,28065.137680639615,8562.344895238097,3116.8688859338095,209.40106469371796,3,1,7249.303727278071,15003.193105526158,20531.50771005291,16630.521245142856,10800.0,10800.0,1200.0,10800.0,0.0004734999965876341,1.1368683772161603e-13,0,2.0,2.0
2025-05-31,mpc,error_scaled_frozen_contract_and_soc,36880.854265721406,20921.658307418464,15959.195958302938,36627.482575877715,28065.137680639615,8562.344895238097,3116.8688859338095,3181.70159047125,35,13,7301.4189219047585,18795.05192954604,17134.26779021586,14104.954818174847,10800.0,10548.668991000002,1200.0,10800.0,0.9394973000016762,3.410605131648481e-13,0,2.0,2.0
2025-06-01,greedy,error_scaled_frozen_contract_and_soc,176436.2752127009,40747.305282975605,135688.96992972528,64470.60957356676,55942.53921166199,8528.070361904762,3091.450233253849,25610.17219395704,75,2,2.153683333333447,0.0,9483.362688095236,9483.341034857147,10800.0,8797.980824999999,1200.0,10800.0,0.0003220000071451068,2.2737367544323206e-13,0,2.0,2.0000000000000004
2025-06-01,mpc,error_scaled_frozen_contract_and_soc,163348.58024966368,40747.305282975605,122601.27496668807,64470.60957356676,55942.53921166199,8528.070361904762,3091.450233253849,26064.707323837996,116,6,349.0741420691486,161.0524891906381,9202.111492549739,9255.527657357143,10800.0,8797.980724009049,1200.0,10800.0,1.2078154999908293,2.2737367544323206e-13,0,2.0,2.0000000000000004
2025-06-02,greedy,error_scaled_frozen_contract_and_soc,156847.8960392988,41741.525254869535,115106.37078442922,66713.46153391639,58005.8045624878,8707.656971428572,3801.5270185602767,19269.317323714284,46,2,68.27573333333328,0.0,17527.31405482303,15327.983082906656,10028.644274999999,8772.13461,1200.0,10028.644274999999,0.0008574000094085932,1.1368683772161603e-13,0,2.0,2.0
2025-06-02,mpc,error_scaled_frozen_contract_and_soc,162007.642709055,41741.525254869535,120266.11745418547,66713.46153391639,58005.8045624878,8707.656971428572,3801.5270185602767,24899.84972271428,107,5,2977.312052380951,4042.2382476190464,10576.039488156366,9697.450683906656,10028.644274999999,8772.13461,1200.0,10800.0,1.0192478000099072,2.2737367544323206e-13,0,2.0,2.0
2025-06-03,greedy,error_scaled_frozen_contract_and_soc,136611.29389021345,43140.270924580545,93471.0229656329,68818.83643625505,59381.15820530266,9437.67823095238,4335.3198329473,15046.347218666673,35,2,77.68874761904772,0.0,16207.93354206919,13830.099158576042,10081.410450000001,9301.773795000001,1200.0,10081.410450000001,0.00040099999750964344,2.2737367544323206e-13,0,2.0,2.0
2025-06-03,mpc,error_scaled_frozen_contract_and_soc,129326.8003725812,43140.270924580545,86186.52944800066,68818.83643625505,59381.15820530266,9437.67823095238,4335.3198329473,17746.014435223806,101,8,2753.772298865366,649.1778523809519,12915.332557489537,11163.092361066525,10081.410450000001,9301.773795000001,1200.0,10800.0,1.0941840000014054,2.2737367544323206e-13,0,2.0,2.0
2025-06-04,greedy,error_scaled_frozen_contract_and_soc,132640.78401564632,44240.824749153646,88399.95926649267,70649.31823552851,60616.42786171899,10032.890373809521,4425.744800588174,13921.572393404758,39,2,0.0,0.0,14723.177903784173,13053.860710565184,10305.44058,9052.011014999998,1200.0,10305.44058,0.00022020000324118882,2.2737367544323206e-13,0,2.0,2.0
2025-06-04,mpc,error_scaled_frozen_contract_and_soc,128209.2486614527,44240.824749153646,83968.42391229907,70649.31823552851,60616.42786171899,10032.890373809521,4425.744800588174,17292.34359444613,100,8,3799.4272499746517,336.17232619047513,10702.170325238092,9797.681507142861,10305.44058,9051.081086999999,1200.0,10774.848805714286,0.9545378000038909,2.2737367544323206e-13,0,2.0,2.0
2025-06-05,greedy,error_scaled_frozen_contract_and_soc,127407.57968053069,45869.898724560924,81537.68095596976,72931.54729567509,62541.97726472271,10389.570030952382,4667.602515098095,12828.307437384765,27,2,0.0,0.0,16310.375691668463,14692.250265751458,10213.056824999998,8567.67243,1200.0,10213.056824999998,0.00021240000205580145,2.2737367544323206e-13,0,2.0,2.0
2025-06-05,mpc,error_scaled_frozen_contract_and_soc,125962.11749081759,45869.898724560924,80092.21876625667,72931.54729567509,62541.97726472271,10389.570030952382,4667.602515098095,16581.81786360858,100,6,4336.086901510881,291.676428571428,11709.044618729013,10965.172096670496,10213.056824999998,8567.67243,1200.0,10782.405822857143,1.001515500000096,2.2737367544323206e-13,0,2.0,2.0
2025-06-06,greedy,error_scaled_frozen_contract_and_soc,90745.66254848111,23193.097934749632,67552.56461373148,39961.239239067996,28906.505922401324,11054.733316666667,4623.069104473253,11607.99163226534,34,3,302.35009047619087,16.639469047618732,19851.19544047619,16692.18682628571,10002.38067,9321.582315,1200.0,10800.0,0.0003763999993680045,1.1368683772161603e-13,0,2.0,2.0
2025-06-06,mpc,error_scaled_frozen_contract_and_soc,122268.12118500631,23193.097934749632,99075.0232502567,39961.239239067996,28906.505922401324,11054.733316666667,4623.069104473253,19551.44248740819,83,7,3637.0846761904754,6442.188344047619,10288.918569047619,8946.742560428575,10002.38067,9321.582315,1200.0,10002.38067,1.1153324999904726,2.2737367544323206e-13,0,2.0,2.0
2025-06-07,greedy,error_scaled_frozen_contract_and_soc,71448.22786306692,24080.411070672944,47367.81679239397,41261.102994849396,29341.487437706535,11919.615557142859,4950.25655933595,7764.012627055363,26,3,198.1928499999998,0.0,18962.36111190476,16300.231097142856,10377.666974999998,9332.42409,1200.0,10377.666974999998,0.0003681999951368198,2.2737367544323206e-13,0,2.0,2.0
2025-06-07,mpc,error_scaled_frozen_contract_and_soc,94108.81982358007,24080.411070672944,70028.40875290711,41261.102994849396,29341.487437706535,11919.615557142859,4950.25655933595,13371.483524245841,72,10,3658.5425727412203,3408.858947619048,12321.636432020685,10921.24419042857,10377.666974999998,9332.42399667576,1200.0,10377.666974999998,1.0871866999950726,1.1368683772161603e-13,0,2.0,2.0
2025-06-08,greedy,error_scaled_frozen_contract_and_soc,57042.323109163975,57042.323109163975,0.0,89298.21156648526,76333.58121172336,12964.630354761905,4699.108273285831,0.0,0,0,22902.21920329978,4235.041738095237,15751.87782754262,12351.04064530952,10346.688450000001,10800.0,2230.0690793650783,10800.0,0.0003888000064762309,2.2737367544323206e-13,0,2.0,2.0
2025-06-08,mpc,error_scaled_frozen_contract_and_soc,60501.373930204456,57042.323109163975,3459.0508210404746,89298.21156648526,76333.58121172336,12964.630354761905,4699.108273285831,754.4842476190472,16,5,18481.797291143164,9034.606036196448,18116.866215407546,14340.687171499996,10346.688450000001,10717.771186644577,1485.2118415260757,10799.999926883796,1.0082844999997178,2.2737367544323206e-13,0,2.0,2.0
2025-06-09,greedy,error_scaled_frozen_contract_and_soc,56740.715556594434,56133.943980384916,606.7715762095204,87752.67824051145,74785.5406476543,12967.137592857143,4708.115893179443,89.89258333333282,4,3,11531.35197211051,1202.0939808348026,20104.94470899471,16285.005214285713,10800.0,10800.0,1734.0223333333345,10800.0,0.000305800000205636,2.2737367544323206e-13,0,2.0,2.0
2025-06-09,mpc,error_scaled_frozen_contract_and_soc,70017.95902879938,56133.943980384916,13884.015048414454,87752.67824051145,74785.5406476543,12967.137592857143,4708.115893179443,2859.877804926622,41,13,14299.59609001672,1798.0569714285748,17270.052402875677,14044.334795073373,10800.0,10738.230723617693,1200.0,10800.0,1.1086952000041492,2.2737367544323206e-13,0,2.0,2.0
2025-06-10,greedy,error_scaled_frozen_contract_and_soc,56432.36501795467,56233.60293760942,198.76208034523734,87904.20962182472,75081.02197658662,12823.187645238095,4751.613121029881,29.476938095237983,2,2,11502.931677233306,428.7343523809519,19223.296575543798,15570.870226190475,10800.0,10800.0,1981.672179894178,10800.0,0.00046600001223850995,2.2737367544323206e-13,0,2.0,2.0
2025-06-10,mpc,error_scaled_frozen_contract_and_soc,68928.60716113652,56233.60293760942,12695.00422352708,87904.20962182472,75081.02197658662,12823.187645238095,4751.613121029881,2557.9779091428127,38,15,13141.264379064363,1737.2713845807418,17628.302617703426,14394.245031333376,10800.0,10671.866765562663,1200.0,10800.0,1.1940720999991754,1.1368683772161603e-13,0,2.0,2.0
2025-06-11,greedy,error_scaled_frozen_contract_and_soc,70020.80280775546,56621.692495360236,13399.110312395227,88954.10311748687,76160.18881748687,12793.9143,4777.29769160722,2759.255533333331,10,2,7091.620129747202,0.0,23090.54775502075,18703.34368156681,10800.0,10800.0,1200.0,10800.0,0.00039599998854100704,2.2737367544323206e-13,0,2.0,2.0
2025-06-11,mpc,error_scaled_frozen_contract_and_soc,97025.88160610167,56621.692495360236,40404.18911074143,88954.10311748687,76160.18881748687,12793.9143,4777.29769160722,8077.957129336237,54,11,12741.19218259805,906.2311309523809,16836.80698788419,13686.704502230572,10800.0,10745.676842172916,1200.0,10800.0,1.1055711999943014,2.2737367544323206e-13,0,2.0,2.0
2025-06-12,greedy,error_scaled_frozen_contract_and_soc,57700.90638861903,57700.90638861903,0.0,89990.571036829,77083.20264873377,12907.368388095238,4783.472884070317,0.0,0,0,13830.308055579604,491.09481190476254,18831.6509539442,15253.637272694805,10800.0,10800.0,2668.639896825399,10800.0,0.00028330000350251794,2.2737367544323206e-13,0,2.0,2.0
2025-06-12,mpc,error_scaled_frozen_contract_and_soc,68405.17819849215,57700.90638861903,10704.27180987312,89990.571036829,77083.20264873377,12907.368388095238,4783.472884070317,2218.6774536100593,28,15,15553.432139694118,1235.7923904761933,17598.25558173445,14269.386109560939,10800.0,10783.556568493299,1200.0,10800.0,1.1524777000013273,2.2737367544323206e-13,0,2.0,2.0
2025-06-13,greedy,error_scaled_frozen_contract_and_soc,30513.57937212477,30513.57937212477,0.0,48962.90201590694,36028.963973049795,12933.938042857142,4766.147983198888,0.0,0,0,9810.819341977998,6190.362583333333,19301.269862783905,15634.028588854964,10800.0,10800.0,2145.998077542099,10800.0,0.0006776999944122508,2.2737367544323206e-13,0,2.0,2.0
2025-06-13,mpc,error_scaled_frozen_contract_and_soc,36520.94650856644,30513.57937212477,6007.367136441668,48962.90201590694,36028.963973049795,12933.938042857142,4766.147983198888,1248.1619738095237,31,14,10490.087524550185,6926.614876823719,18663.758723626095,15163.875951950202,10800.0,10748.631793541046,1734.0586106362146,10800.0,1.1680917000048794,1.1368683772161603e-13,0,2.0,2.0
2025-06-14,greedy,error_scaled_frozen_contract_and_soc,30716.77612221756,30716.77612221756,0.0,49273.915704714185,36166.74083090466,13107.174873809523,4697.58678314115,0.0,0,0,10697.45396784232,10409.797816666667,17628.90614644339,14279.413978619144,10800.0,10800.0,2745.207566269844,10800.0,0.0006419999990612268,1.1368683772161603e-13,0,2.0,2.0
2025-06-14,mpc,error_scaled_frozen_contract_and_soc,33355.81662220804,30716.77612221756,2639.040499990477,49273.915704714185,36166.74083090466,13107.174873809523,4697.58678314115,576.8422500000001,19,11,9856.669883264844,11815.836813203272,18480.217346389025,15119.137840523903,10800.0,10633.153566723568,1916.5847841428122,10800.0,1.036094700000831,1.515824497307994e-13,0,2.0,2.0
2025-06-15,greedy,error_scaled_frozen_contract_and_soc,57499.932099373575,57499.932099373575,0.0,89420.75884556302,76348.86864318207,13071.890202380953,4701.117371921585,0.0,0,0,16809.873271253797,162.7267261904766,17359.254150499706,14060.995861904761,10800.0,10800.0,2711.266235449735,10800.0,0.00044299999717622995,2.2737367544323206e-13,0,2.0,2.0000000000000004
2025-06-15,mpc,error_scaled_frozen_contract_and_soc,66906.76963421406,57499.932099373575,9406.837534840475,89420.75884556302,76348.86864318207,13071.890202380953,4701.117371921585,1807.3101071428569,23,10,17828.01502895957,906.8199619047613,17715.851526127266,14372.518123809521,10800.0,10774.80179150396,1377.6616163595702,10800.0,1.1750060000049416,2.2737367544323206e-13,0,2.0,2.0000000000000004
2025-06-16,greedy,error_scaled_frozen_contract_and_soc,58151.153034200135,58046.412982941794,104.74005125833486,90210.67711410989,77183.9844283956,13026.692685714286,4713.491057911546,15.502116666666893,1,1,13783.150143710134,219.75324761904744,19722.053177542613,15974.863073809522,10800.0,10800.0,2502.5521029100523,10800.0,0.0005614999972749501,2.2737367544323206e-13,0,2.0,2.0
2025-06-16,mpc,error_scaled_frozen_contract_and_soc,69209.27768394299,58046.412982941794,11162.864701001192,90210.67711410989,77183.9844283956,13026.692685714286,4713.491057911546,2406.0866071428572,34,12,15549.31158951579,1265.3548547619039,17737.6026088322,14411.591067571426,10800.0,10750.96338398073,1200.0,10800.0,1.060382000010577,2.2737367544323206e-13,0,2.0,2.0
2025-06-17,greedy,error_scaled_frozen_contract_and_soc,58127.413195349385,57508.93384966843,618.4793456809541,89736.92145604783,76745.30604414307,12991.615411904762,4710.259314540751,91.53097857142882,2,2,8916.08436922399,103.5219404761906,21170.622386792238,17148.204133301715,10800.0,10800.0,1481.128719523813,10800.0,0.0003499000013107434,2.2737367544323206e-13,0,2.0,2.0
2025-06-17,mpc,error_scaled_frozen_contract_and_soc,80065.23711916385,57508.93384966843,22556.303269495427,89736.92145604783,76745.30604414307,12991.615411904762,4710.259314540751,4660.402551512008,42,16,13747.385609470322,663.7925833333325,16923.847456069714,13724.129512742089,10800.0,10782.429918527097,1200.0,10800.0,1.2179467999958433,2.2737367544323206e-13,0,2.0,2.0
2025-06-18,greedy,error_scaled_frozen_contract_and_soc,58942.45043942512,58734.119834425124,208.3306049999983,91259.9283181543,78046.76098720194,13213.167330952383,4588.671856838133,30.904999999999745,1,1,19985.491468213102,289.4247547619036,15341.136766607882,12426.320780952381,10800.0,10800.0,2335.4834894179894,10800.0,0.0003728000010596588,2.2737367544323206e-13,0,2.0,1.9999999999999996
2025-06-18,mpc,error_scaled_frozen_contract_and_soc,62194.595390167975,58734.119834425124,3460.47555574286,91259.9283181543,78046.76098720194,13213.167330952383,4588.671856838133,670.0157380952388,17,8,18569.603587268542,1934.3467320313134,17690.02901421911,14365.13638679322,10800.0,10759.763460804732,1200.0,10800.0,0.8786281000066083,2.2737367544323206e-13,0,2.0,1.9999999999999996
2025-06-19,greedy,error_scaled_frozen_contract_and_soc,59040.69597494417,58077.524575182266,963.1713997619033,90227.82080805782,77027.75965567687,13200.061152380953,4595.191839188927,143.04857142857122,2,1,19123.18217301285,3913.3001351263993,18469.855776513818,14960.58317897619,10800.0,10800.0,2036.847878306879,10800.0,0.00025880000612232834,2.2737367544323206e-13,0,2.0,2.0
2025-06-19,mpc,error_scaled_frozen_contract_and_soc,66305.12161902394,58077.524575182266,8227.59704384167,90227.82080805782,77027.75965567687,13200.061152380953,4595.191839188927,1806.3233190476196,31,13,20379.72624076926,4502.75154397143,17980.56106419809,14654.009195642855,10800.0,10700.272518175108,1276.4730309075592,10800.0,1.224801700009266,1.1368683772161603e-13,0,2.0,2.0
2025-06-20,greedy,error_scaled_frozen_contract_and_soc,29980.431223137133,29980.431223137133,0.0,47876.34237375091,34798.67635708424,13077.666016666668,4677.129226303054,0.0,0,0,11608.193488565556,14497.019729616046,17294.233412770776,14008.329064344332,10800.0,10800.0,3243.5208737973003,10800.0,0.0003003000019816682,2.2737367544323206e-13,0,2.0,2.0
2025-06-20,mpc,error_scaled_frozen_contract_and_soc,31926.59217429308,29980.431223137133,1946.160951155951,47876.34237375091,34798.67635708424,13077.666016666668,4677.129226303054,516.0965547619045,20,12,12119.97035544429,14325.84182679866,18527.840057042766,15066.43811791576,10800.0,10734.56925365431,2167.8776610715213,10800.0,0.9364695999975083,1.1368683772161603e-13,0,2.0,2.0
2025-06-21,greedy,error_scaled_frozen_contract_and_soc,30156.488819077487,30156.488819077487,0.0,48504.03960433393,35444.70299004821,13059.336614285716,4692.0582818054345,0.0,0,0,13562.44246800236,18684.59620714286,18554.09323633156,15028.815521428569,10800.0,10800.0,2082.259405091009,10800.0,0.0003559000033419579,2.2737367544323206e-13,0,2.0,1.9999999999999998
2025-06-21,mpc,error_scaled_frozen_contract_and_soc,33715.678851021534,30156.488819077487,3559.1900319440483,48504.03960433393,35444.70299004821,13059.336614285716,4692.0582818054345,975.4413738095237,25,12,14571.111754629002,18650.828626873623,18628.38184111642,15102.564458761311,10800.0,10784.916480603328,2330.9012436249973,10800.0,1.063401999999769,2.2737367544323206e-13,0,2.0,1.9999999999999998
2025-06-22,greedy,error_scaled_frozen_contract_and_soc,56095.67201913891,56046.67339726391,48.99862187499957,87436.28180587375,74405.19622015946,13031.085585714289,4712.525094448132,7.288749999999936,1,1,18599.818814427534,910.8738095238081,16908.462398589072,13695.854542857141,10800.0,10800.0,1800.1885026455027,10800.0,0.0006503000040538609,2.2737367544323206e-13,0,2.0,2.0
2025-06-22,mpc,error_scaled_frozen_contract_and_soc,65330.518705057955,56046.67339726391,9283.845307794048,87436.28180587375,74405.19622015946,13031.085585714289,4712.525094448132,2018.157842857143,24,8,17897.171012281728,3510.0081976190463,17510.47815073487,14183.487788095235,10800.0,10799.999460000012,1200.0,10800.0,0.9914203999942401,1.1368683772161603e-13,0,2.0,2.0
2025-06-23,greedy,error_scaled_frozen_contract_and_soc,55965.499041070594,55965.499041070594,0.0,87301.87642648337,74284.07062410243,13017.805802380954,4720.456729174759,0.0,0,0,17061.149336625524,2842.9997921222775,17815.78482517473,14430.785708391535,10800.0,10800.0,2295.0993386243413,10800.0,0.00025350000942125916,2.2737367544323206e-13,0,2.0,2.0
2025-06-23,mpc,error_scaled_frozen_contract_and_soc,63988.19391337733,55965.499041070594,8022.694872306733,87301.87642648337,74284.07062410243,13017.805802380954,4720.456729174759,1784.754008391533,28,14,17641.678971417954,4314.601003760152,17141.263143030137,14023.640864285713,10800.0,10645.313646187446,1200.0,10800.0,0.8928734000073746,2.2737367544323206e-13,0,2.0,2.0
2025-06-24,greedy,error_scaled_frozen_contract_and_soc,79388.57289309765,55433.494663900434,23955.07822919722,86240.78777669225,73242.79265764463,12997.99511904762,4743.433991920752,4712.398650238094,16,2,3472.307300323335,0.0,21442.721292919083,17368.604247264455,10800.0,10800.0,1200.0,10800.0,0.00034389999927952886,2.2737367544323206e-13,0,2.0,2.0
2025-06-24,mpc,error_scaled_frozen_contract_and_soc,104542.24455346251,55433.494663900434,49108.74988956209,86240.78777669225,73242.79265764463,12997.99511904762,4743.433991920752,9909.739587154058,63,16,9714.648415746176,64.21584523809508,15707.455332258143,12742.554310348489,10800.0,10778.316120867345,1200.0,10800.0,1.0292179999960354,2.2737367544323206e-13,0,2.0,2.0
2025-06-25,greedy,error_scaled_frozen_contract_and_soc,55542.51914342656,55542.51914342656,0.0,86549.86595626369,73144.81342293035,13405.052533333333,4681.207494807181,0.0,0,0,10927.17370177868,0.0,19671.176251675486,15933.652763857142,10800.0,10800.0,2178.276087301589,10800.0,0.0007754999969620258,2.2737367544323206e-13,0,2.0,2.0
2025-06-25,mpc,error_scaled_frozen_contract_and_soc,68458.04846034292,55542.51914342656,12915.52931691637,86549.86595626369,73144.81342293035,13405.052533333333,4681.207494807181,2677.9624026451224,44,15,13716.245662569236,393.15974047619136,17017.12986945636,13783.875680259642,10800.0,10799.999460000012,1200.0,10800.0,1.0858977000025334,1.1368683772161603e-13,0,2.0,2.0
2025-06-26,greedy,error_scaled_frozen_contract_and_soc,56101.907187191435,55833.164877736664,268.7423094547605,86797.79607669837,73662.08831717455,13135.70775952381,4794.534746971467,39.88179523809504,2,2,16706.554115469684,822.4914738095241,19257.433768371542,15598.521352380954,10800.0,10800.0,2063.717304232805,10800.0,0.0005288999964250252,2.2737367544323206e-13,0,2.0,2.0
2025-06-26,mpc,error_scaled_frozen_contract_and_soc,66021.52038663429,55833.164877736664,10188.355508897623,86797.79607669837,73662.08831717455,13135.70775952381,4794.534746971467,2128.4482714285723,29,10,17457.18481565773,2655.7070763556117,17323.304048970745,14159.671459523808,10800.0,10658.005355713882,1337.912636390113,10800.0,0.9178316000034101,2.2737367544323206e-13,0,2.0,2.0
2025-06-27,greedy,error_scaled_frozen_contract_and_soc,28841.141203624087,28841.141203624087,0.0,46623.29965486439,33487.73828343582,13135.561371428572,4788.186215131586,0.0,0,0,11263.726713227516,15350.669570732052,19421.208230326145,15731.178666564181,10800.0,10800.0,2065.8604686588487,10800.0,0.0004027999966638163,1.7053025658242404e-13,0,2.0,2.0
2025-06-27,mpc,error_scaled_frozen_contract_and_soc,33932.118279228845,28841.141203624087,5090.977075604763,46623.29965486439,33487.73828343582,13135.561371428572,4788.186215131586,1154.1672785714288,30,11,11660.350599907182,16241.864763570851,18768.78694961721,15212.409186802277,10800.0,10789.231380430736,2158.2113082043425,10800.0,1.0874610000028042,1.7053025658242404e-13,0,2.0,2.0
2025-06-28,greedy,error_scaled_frozen_contract_and_soc,28719.466009170534,28719.466009170534,0.0,46856.668101468196,33826.85687765867,13029.811223809524,4791.671331029602,0.0,0,0,9795.218777777776,13304.996893346979,18669.858781256196,15122.585612817518,10800.0,10800.0,2651.529279232802,10800.0,0.0003301000106148422,1.1368683772161603e-13,0,2.0,2.0
2025-06-28,mpc,error_scaled_frozen_contract_and_soc,35509.340570658824,28719.466009170534,6789.874561488294,46856.668101468196,33826.85687765867,13029.811223809524,4791.671331029602,1483.176336985604,24,12,9595.416047832638,15124.578132165376,18418.93281643055,15008.261819879532,10800.0,10701.193068254688,1332.4206759259273,10800.0,0.9967899000039324,1.1368683772161603e-13,0,2.0,2.0
2025-06-29,greedy,error_scaled_frozen_contract_and_soc,55066.14926351918,55066.14926351918,0.0,86184.2712734869,73188.07310205832,12996.198171428572,4759.210906809721,0.0,0,0,12213.259499883123,607.7664428571427,19785.80915931805,16026.505419047618,10800.0,10800.0,2132.5187685185174,10800.0,0.0004040999920107424,2.2737367544323206e-13,0,2.0,2.0
2025-06-29,mpc,error_scaled_frozen_contract_and_soc,67857.02475689878,55066.14926351918,12790.875493379614,86184.2712734869,73188.07310205832,12996.198171428572,4759.210906809721,2757.878979576737,35,13,13770.59055694113,2248.186040979107,17470.697635090462,14151.265570423262,10800.0,10799.999460000012,1200.0,10800.0,1.0942482999962522,2.2737367544323206e-13,0,2.0,2.0
2025-06-30,greedy,error_scaled_frozen_contract_and_soc,56433.89613821605,55648.198096787484,785.6980414285719,86693.87633978148,73666.86139454338,13027.014945238096,4763.395536869324,116.63357142857149,2,2,11739.68073015215,875.7268547619043,20018.246353938855,16214.779546690472,10800.0,10800.0,2321.891751322753,10800.0,0.00036359998921398073,2.2737367544323206e-13,0,2.0,2.0
2025-06-30,mpc,error_scaled_frozen_contract_and_soc,67602.97783269224,55648.198096787484,11954.779735904758,86693.87633978148,73666.86139454338,13027.014945238096,4763.395536869324,2814.4631095238087,33,11,13945.243736474753,2097.345069021307,17524.202357166374,14450.08723240476,10800.0,10516.129641000003,1200.0,10800.0,0.9069897000008496,2.2737367544323206e-13,0,2.0,2.0
2025-07-01,greedy,error_scaled_frozen_contract_and_soc,96115.3286882621,56127.208129442224,39988.12055881988,87549.69229103794,74481.1053529427,13068.586938095239,4769.063415307936,7015.557507595236,30,5,4407.720083047344,331.01954523809513,20044.805123133447,17657.114283738094,10800.0,9221.30874,1200.0,10800.0,0.0007659999973839149,2.2737367544323206e-13,0,2.0,2.0
2025-07-01,mpc,error_scaled_frozen_contract_and_soc,106313.76281204347,56127.208129442224,50186.55468260126,87549.69229103794,74481.1053529427,13068.586938095239,4769.063415307936,11907.551942827402,85,13,10217.391530188761,477.846130952382,14442.154609325364,13118.967367553549,10800.0,9221.30874,1200.0,10800.0,1.112306199996965,2.2737367544323206e-13,0,2.0,2.0
2025-07-02,greedy,error_scaled_frozen_contract_and_soc,91668.14903321219,53801.92878173876,37866.22025147342,84529.75973265764,72386.3801398005,12143.379592857144,4852.315540049167,6506.442435580611,30,4,7635.5789690001675,2805.8188976190477,19918.262150000002,17332.051896,10429.70898,9098.309475,1200.0,10800.0,0.0003345000004628673,2.2737367544323206e-13,0,2.0,2.0
2025-07-02,mpc,error_scaled_frozen_contract_and_soc,102812.04795336296,53801.92878173876,49010.11917162418,84529.75973265764,72386.3801398005,12143.379592857144,4852.315540049167,12071.271468979317,71,7,11777.07513495419,5021.210790681649,15749.53043622147,13955.379207839389,10429.70898,9098.309475,1200.0,10684.361629285715,0.9764610999991419,2.2737367544323206e-13,0,2.0,2.0
2025-07-03,greedy,error_scaled_frozen_contract_and_soc,130507.75067920066,52555.538027529874,77952.2126516708,82519.71954590306,70947.12233161734,11572.597214285714,4811.755584762897,13394.051847857136,38,2,277.3456000000009,0.0,18681.081587334396,16151.933010240868,10379.455215,9245.83641,1200.0,10379.455215,0.00023330000112764537,2.2737367544323206e-13,0,2.0,2.0
2025-07-03,mpc,error_scaled_frozen_contract_and_soc,129044.99503330985,52555.538027529874,76489.45700578,82519.71954590306,70947.12233161734,11572.597214285714,4811.755584762897,17418.893508833393,97,6,4655.66466472671,394.2251928571426,14745.804763083881,12964.358782597945,10379.455215,9245.83641,1200.0,10640.017497857143,1.1190656000107992,2.2737367544323206e-13,0,2.0,2.0
2025-07-04,greedy,error_scaled_frozen_contract_and_soc,78816.76824796521,26846.981864763096,51969.78638320211,44482.83346062778,32948.210174913496,11534.623285714286,4994.552136729166,11834.659899419832,33,2,3298.184361904762,11950.620054761905,19284.36217142857,17077.331901857142,10448.936895,8830.049625,1200.0,10800.0,0.0008091999916359782,1.1368683772161603e-13,0,2.0,2.0
2025-07-04,mpc,error_scaled_frozen_contract_and_soc,96721.17558528123,26846.981864763096,69874.19372051813,44482.83346062778,32948.210174913496,11534.623285714286,4994.552136729166,16166.100424033091,81,3,3535.642078571429,17060.619775889383,13936.904733634425,12745.891377243888,10448.936895,8830.049625,1200.0,10448.936895,1.0233312000054866,1.1368683772161603e-13,0,2.0,2.0
2025-07-05,greedy,error_scaled_frozen_contract_and_soc,84791.65702604069,26869.576215331483,57922.08081070921,45001.090558768024,33422.33338733945,11578.757171428571,4975.596823782063,12241.087566303395,34,2,3133.2462761904753,12726.093999999996,19622.70880714286,16839.149567785716,10267.580370000001,9217.852109999998,1200.0,10800.0,0.0005818999925395474,1.1368683772161603e-13,0,2.0,2.0
2025-07-05,mpc,error_scaled_frozen_contract_and_soc,95477.92622425075,26869.576215331483,68608.35000891928,45001.090558768024,33422.33338733945,11578.757171428571,4975.596823782063,15858.863182774572,83,4,3610.750572304603,16722.93193734235,15166.945145114949,13239.952522743111,10267.580370000001,9206.772641999998,1200.0,10267.580370000001,0.9661351999966428,1.1368683772161603e-13,0,2.0,2.0
2025-07-06,greedy,error_scaled_frozen_contract_and_soc,163099.2278849984,50568.24221845308,112530.98566654531,79377.80984098585,67722.2363386049,11655.573502380952,4912.504035782937,18686.49334021161,53,3,513.8534591677787,0.0,16408.31386619636,14912.86832511905,10457.356604999999,8654.98539,1200.0,10457.356604999999,0.0003432000085012987,2.2737367544323206e-13,0,2.0,2.0
2025-07-06,mpc,error_scaled_frozen_contract_and_soc,156994.58743880416,50568.24221845308,106426.3452203511,79377.80984098585,67722.2363386049,11655.573502380952,4912.504035782937,22647.162258080953,106,8,4391.499955741881,947.216928720204,11859.921721854429,11228.670688202088,10457.356604999999,8654.98539,1200.0,10702.763631428572,1.131865800009109,2.2737367544323206e-13,0,2.0,2.0
2025-07-07,greedy,error_scaled_frozen_contract_and_soc,101808.1405106432,50111.81627454565,51696.324236097564,78786.10910134703,66887.79363944227,11898.31546190476,4746.059161942659,8774.54989957143,31,2,397.02729285714315,0.0,19133.40037814228,16312.342405795245,10215.098684999999,9310.334129999997,1200.0,10215.098684999999,0.0007577999931527302,2.2737367544323206e-13,0,2.0,2.0
2025-07-07,mpc,error_scaled_frozen_contract_and_soc,110382.45317725762,50111.81627454565,60270.63690271198,78786.10910134703,66887.79363944227,11898.31546190476,4746.059161942659,13756.649562370141,79,9,4935.994638326059,1431.1537895649515,13933.287807394127,12100.251307282246,10215.098684999999,9310.334036896656,1200.0,10701.48669,1.033246799997869,2.2737367544323206e-13,0,2.0,2.0
2025-07-08,greedy,error_scaled_frozen_contract_and_soc,60088.49516069005,59514.47324569005,574.0219150000008,92796.17993279327,80875.24648041232,11920.93345238095,4438.170494052896,85.25500000000011,1,1,11011.810528964947,2577.7726809523815,21987.000806114047,17478.61151895238,10432.378740000002,10800.0,1885.6731059259255,10800.0,0.0005432000034488738,2.2737367544323206e-13,0,2.0,2.0
2025-07-08,mpc,error_scaled_frozen_contract_and_soc,75189.20808586504,59514.47324569005,15674.734840174991,92796.17993279327,80875.24648041232,11920.93345238095,4438.170494052896,3388.374795238093,51,17,14619.577935152693,3020.4424618874577,18254.76182375312,14493.689928476191,10432.378740000002,10757.56446084871,1223.1928399203762,10757.56446084871,1.1122288999904413,3.268496584496461e-13,0,2.0,2.0
2025-07-09,greedy,error_scaled_frozen_contract_and_soc,59439.40403186052,59021.26249852718,418.14153333333263,91613.3139376012,79644.02950902976,11969.284428571427,4434.904506940675,62.00616666666656,2,1,14468.47861987067,1125.9094380952374,18638.09952940878,15096.860618821116,10800.0,10800.0,2624.6727534126962,10800.0,0.0005328999977791682,2.2737367544323206e-13,0,2.0,2.0
2025-07-09,mpc,error_scaled_frozen_contract_and_soc,69090.22923617718,59021.26249852718,10068.966737649995,91613.3139376012,79644.02950902976,11969.284428571427,4434.904506940675,2039.8895166666655,27,10,14391.610736143319,3354.242941916376,17735.843390267375,14368.186749773497,10800.0,10797.607107047863,1638.7574996001504,10800.0,1.1310271999973338,2.2737367544323206e-13,0,2.0,2.0
2025-07-10,greedy,error_scaled_frozen_contract_and_soc,59912.88290987485,59729.37125797008,183.511651904762,92294.13744148675,80363.64414862961,11930.493292857142,4458.875050226587,27.225595238095252,2,2,16839.00358410875,2514.4213006172827,18194.89684009406,14737.866440476188,10800.0,10800.0,2064.1798794973565,10800.0,0.0004262000002199784,2.2737367544323206e-13,0,2.0,2.0
2025-07-10,mpc,error_scaled_frozen_contract_and_soc,66909.68207395461,59729.37125797008,7180.310815984524,92294.13744148675,80363.64414862961,11930.493292857142,4458.875050226587,1450.3457190476186,25,14,16186.624160656464,4622.405438770559,18198.56251348831,14774.016704761903,10800.0,10763.132145737358,1616.0891434285722,10800.0,1.0713328999991063,2.2737367544323206e-13,0,2.0,2.0
2025-07-11,greedy,error_scaled_frozen_contract_and_soc,34311.766328988844,34311.766328988844,0.0,55126.64299067941,43248.658335917506,11877.984654761905,4479.774366942857,0.0,0,0,9388.947404673725,6695.590292872871,18953.474211977213,15352.314111701542,10800.0,10800.0,2190.6500635855855,10800.0,0.0006043999892426655,2.2737367544323206e-13,0,2.0,2.0
2025-07-11,mpc,error_scaled_frozen_contract_and_soc,40796.20884803289,34311.766328988844,6484.442519044045,55126.64299067941,43248.658335917506,11877.984654761905,4479.774366942857,1736.5629357142855,24,6,9649.616318183409,8344.941708625369,18040.54311961979,14612.840412892017,10800.0,10799.999460000012,1217.148387566136,10800.0,1.035387100011576,1.5276668818842154e-13,0,2.0,2.0
2025-07-12,greedy,error_scaled_frozen_contract_and_soc,34180.40410921958,34180.40410921958,0.0,55144.83860375941,43185.61027994989,11959.22832380952,4454.7564859225,0.0,0,0,8121.75337134039,11744.547388591871,18182.626371020116,14727.9273605263,10800.0,10800.0,2594.058798941801,10800.0,0.00036299999919719994,1.1368683772161603e-13,0,2.0,2.0
2025-07-12,mpc,error_scaled_frozen_contract_and_soc,39629.754982264814,34180.40410921958,5449.3508730452395,55144.83860375941,43185.61027994989,11959.22832380952,4454.7564859225,1244.2461476190483,27,11,8998.284251298599,12169.003619668321,17883.99279093784,14486.034743859633,10800.0,10799.999352000017,1685.0044113246454,10800.0,1.0526908000028925,2.2737367544323206e-13,0,2.0,2.0
2025-07-13,greedy,error_scaled_frozen_contract_and_soc,60195.5796032076,59493.19795864214,702.3816445654763,92349.52734328894,80262.58119328895,12086.946149999998,4387.450220445437,104.41595952380953,2,2,18606.966006423507,8464.387026145578,15634.12521932767,12663.641427655419,10800.0,10800.0,2710.6520343915377,10800.0,0.0003721000102814287,1.2789769243681803e-13,0,2.0,2.0
2025-07-13,mpc,error_scaled_frozen_contract_and_soc,63461.10883641952,59493.19795864214,3967.910877777377,92349.52734328894,80262.58119328895,12086.946149999998,4387.450220445437,698.7253928571423,13,8,19649.645131717545,7524.516040757621,18269.811603231108,14807.82651813161,10800.0,10789.68986720621,1735.0822501448647,10800.0,0.9532914000010351,3.126388037344441e-13,0,2.0,2.0
2025-07-14,greedy,error_scaled_frozen_contract_and_soc,58483.92538424796,58399.73643317652,84.1889510714285,91050.01088425552,79148.09987711266,11901.911007142855,4344.417517699326,12.50392857142856,1,1,16192.299004379776,3306.5036074074046,15851.503865121591,12839.71813074849,10800.0,10800.0,2116.5570504497396,10800.0,0.0007983999967109412,2.2737367544323206e-13,0,2.0,2.0
2025-07-14,mpc,error_scaled_frozen_contract_and_soc,63167.51755315509,58399.73643317652,4767.7811199785665,91050.01088425552,79148.09987711266,11901.911007142855,4344.417517699326,803.7315571428564,14,9,15831.098365550733,4053.098721306432,18114.77692100399,14697.158033129446,10800.0,10773.12363653754,1251.839377603107,10800.0,1.1077961999981198,2.2737367544323206e-13,0,2.0,2.0
2025-07-15,greedy,error_scaled_frozen_contract_and_soc,58569.49863533383,58535.00196652431,34.49666880952336,90700.84935012928,78794.440714415,11906.408635714282,4292.775918274605,5.131523809523742,1,1,16646.06139883594,201.80964285714322,16033.143991769539,12986.84663333333,10800.0,10800.0,2917.3498968254,10800.0,0.0006452000088756904,2.2737367544323206e-13,0,2.0,2.0
2025-07-15,mpc,error_scaled_frozen_contract_and_soc,68911.31372457877,58535.00196652431,10376.311758054462,90700.84935012928,78794.440714415,11906.408635714282,4292.775918274605,1955.0253408009257,24,12,12900.527393642817,5712.475316340675,17005.578911248376,13774.519404111175,10800.0,10799.999460000012,1200.0,10800.0,1.0269428999890806,1.1368683772161603e-13,0,2.0,2.0
2025-07-16,greedy,error_scaled_frozen_contract_and_soc,58089.67231222726,57807.83405364512,281.83825858214095,89721.82633301965,77767.49013540059,11954.336197619046,4373.80398421881,51.93867380952349,3,3,13864.037727807177,2148.729006731326,17521.199290251607,14192.171425103803,10800.0,10800.0,2372.067380952382,10800.0,0.0004160999960731715,2.2737367544323206e-13,0,2.0,2.0
2025-07-16,mpc,error_scaled_frozen_contract_and_soc,67047.80938366891,57807.83405364512,9239.975330023794,89721.82633301965,77767.49013540059,11954.336197619046,4373.80398421881,1989.3103214285684,21,13,12610.158821867553,5411.903197324694,17351.44403178834,14094.339803675233,10800.0,10755.922068970352,1200.0,10800.0,1.0992950000072597,2.2737367544323206e-13,0,2.0,2.0
2025-07-17,greedy,error_scaled_frozen_contract_and_soc,57657.923455521435,57657.923455521435,0.0,89222.0675821017,77355.34345114933,11866.72413095238,4445.885476039088,0.0,0,0,11425.765760817163,2077.2466164021153,19713.37966228847,15967.837526453659,10800.0,10800.0,2726.2095923001643,10800.0,0.0003777000092668459,2.2737367544323206e-13,0,2.0,2.0
2025-07-17,mpc,error_scaled_frozen_contract_and_soc,73832.50538696308,57657.923455521435,16174.581931441651,89222.0675821017,77355.34345114933,11866.72413095238,4445.885476039088,3462.7912428571403,40,18,13555.52732145027,4067.809551084021,17122.13786697346,14034.128983596518,10800.0,10616.447431835533,1200.0,10800.0,1.0802872000058414,2.2737367544323206e-13,0,2.0,2.0
2025-07-18,greedy,error_scaled_frozen_contract_and_soc,33605.18820445317,33605.18820445317,0.0,54489.36480390252,42592.98716104538,11896.377642857142,4309.550831768969,0.0,0,0,8853.146128012932,7721.499513283543,16946.46081822733,13726.63326276414,10800.0,10800.0,3022.329582010584,10800.0,0.00038070000300649554,2.2737367544323206e-13,0,2.0,2.0
2025-07-18,mpc,error_scaled_frozen_contract_and_soc,40493.67616681884,33605.18820445317,6888.487962365674,54489.36480390252,42592.98716104538,11896.377642857142,4309.550831768969,1259.1620991741556,22,14,8813.992070623706,9011.009888189903,17257.161326900674,14028.527989780461,10800.0,10744.191872232315,1222.216400793652,10800.0,1.1271888000046602,2.2737367544323206e-13,0,2.0,2.0
2025-07-19,greedy,error_scaled_frozen_contract_and_soc,33872.7797764174,33872.7797764174,0.0,54738.65519584145,42560.967007746214,12177.688188095235,4292.476615862937,0.0,0,0,9033.658255114638,16401.533062914197,17578.554620066396,14238.629242253783,10800.0,10800.0,2699.252074074075,10800.0,0.00042990001384168863,2.2737367544323206e-13,0,2.0,2.0
2025-07-19,mpc,error_scaled_frozen_contract_and_soc,37682.19314996622,33872.7797764174,3809.413373548812,54738.65519584145,42560.967007746214,12177.688188095235,4292.476615862937,1005.88920952381,21,13,9493.049207707225,16953.269493040592,17755.58658377599,14420.899379158545,10800.0,10756.806393000008,1636.0745685618913,10800.0,1.1048371999931987,1.1368683772161603e-13,0,2.0,2.0
2025-07-20,greedy,error_scaled_frozen_contract_and_soc,57494.43903554366,57494.43903554366,0.0,88535.96628321864,76358.03560940911,12177.930673809522,4299.661203891429,0.0,0,0,12478.91143401333,1085.6819070546744,17467.672828361738,14148.814990973005,10800.0,10800.0,2854.6456428571464,10800.0,0.00041709998913574964,2.2737367544323206e-13,0,2.0,2.0
2025-07-20,mpc,error_scaled_frozen_contract_and_soc,63640.336290709434,57494.43903554366,6145.89725516579,88535.96628321864,76358.03560940911,12177.930673809522,4299.661203891429,1440.9126815621782,25,13,13352.490014189432,1799.1557424945659,16800.25204607908,13627.533942744161,10800.0,10778.522460644323,1244.8140035185197,10800.0,1.2199822000111453,2.2737367544323206e-13,0,2.0,2.0
2025-07-21,greedy,error_scaled_frozen_contract_and_soc,58657.380632682616,58657.380632682616,0.0,90477.39476484801,78134.57489580038,12342.819869047617,4246.4479516935335,0.0,0,0,12629.626014961774,766.5432190476192,17708.76806957667,14344.1021363571,10800.0,10800.0,3021.9971262698878,10800.0,0.00035430000571068376,2.2737367544323206e-13,0,2.0,2.0
2025-07-21,mpc,error_scaled_frozen_contract_and_soc,67125.7169835231,58657.380632682616,8468.336350840485,90477.39476484801,78134.57489580038,12342.819869047617,4246.4479516935335,1756.824580952383,27,11,12249.556890308475,3090.735982130549,16779.9394733374,13602.572597595079,10800.0,10787.975973120241,1200.0,10800.0,1.0422394999914104,2.2737367544323206e-13,0,2.0,2.0
2025-07-22,greedy,error_scaled_frozen_contract_and_soc,58272.46161840958,58029.83055840958,242.63105999999854,89808.30848165134,77343.88005784183,12464.42842380952,4202.715991152303,35.99333333333311,1,1,11784.009066510233,390.06712220228917,18481.937343788297,14970.369248468525,10800.0,10800.0,2357.3167010582033,10800.0,0.000291000003926456,2.2737367544323206e-13,0,2.0,2.0
2025-07-22,mpc,error_scaled_frozen_contract_and_soc,70042.15815688814,58029.83055840958,12012.327598478565,89808.30848165134,77343.88005784183,12464.42842380952,4202.715991152303,2625.223826190475,35,14,13021.914359871225,2247.0226470229795,16823.12578274947,13817.188012754239,10800.0,10588.382079192033,1200.0,10800.0,1.0004615000070771,2.2737367544323206e-13,0,2.0,2.0
2025-07-23,greedy,error_scaled_frozen_contract_and_soc,58642.66972044678,58642.66972044678,0.0,90867.62583455862,78355.13153455863,12512.494299999997,4207.61200108766,0.0,0,0,11105.060176895942,1925.5550095238088,20049.58926338758,16240.167303343944,10800.0,10800.0,2403.4299248559346,10800.0,0.00025839998852461576,2.2737367544323206e-13,0,2.0,2.0
2025-07-23,mpc,error_scaled_frozen_contract_and_soc,73752.47250776822,58642.66972044678,15109.802787321434,90867.62583455862,78355.13153455863,12512.494299999997,4207.61200108766,3094.791457142859,33,11,14034.262401011354,2624.499990946293,17242.45681499254,13966.390603343942,10800.0,10799.999352000017,1228.3293642543185,10800.0,0.9662013999914052,2.2737367544323206e-13,0,2.0,2.0
2025-07-24,greedy,error_scaled_frozen_contract_and_soc,58525.94521774065,58525.94521774065,0.0,90616.45040767934,78073.24547434601,12543.204933333329,4211.436809933018,0.0,0,0,12715.320500149506,1434.1824137346152,17218.824090150316,13947.247513021752,10800.0,10800.0,2680.405982515508,10800.0,0.0006609999982174486,2.2737367544323206e-13,0,2.0,2.0
2025-07-24,mpc,error_scaled_frozen_contract_and_soc,74063.69576335099,58525.94521774065,15537.750545610348,90616.45040767934,78073.24547434601,12543.204933333329,4211.436809933018,3122.921541840802,28,15,12992.194089566798,4438.459960116067,16411.88939485927,13298.542411688652,10800.0,10794.542220163732,1200.0,10800.0,1.0516982999979518,2.2737367544323206e-13,0,2.0,2.0
2025-07-25,greedy,error_scaled_frozen_contract_and_soc,33386.067688411,33386.067688411,0.0,54084.03373912489,41829.664005791565,12254.369733333331,4071.596640023135,0.0,0,0,10308.13477505131,15772.986580952378,17800.24018685345,14418.194551351295,10800.0,10800.0,2773.9168239153437,10800.0,0.0003378999972483143,2.2737367544323206e-13,0,2.0,2.0
2025-07-25,mpc,error_scaled_frozen_contract_and_soc,37750.88787923481,33386.067688411,4364.820190823812,54084.03373912489,41829.664005791565,12254.369733333331,4071.596640023135,1155.8642547619047,26,12,11431.474472757462,15820.299518431399,17722.409163573044,14355.151908494152,10800.0,10799.999460000012,2354.148590734064,10800.0,0.9581845999928191,1.1368683772161603e-13,0,2.0,2.0
2025-07-26,greedy,error_scaled_frozen_contract_and_soc,33955.95726233352,33955.95726233352,0.0,54784.324456613205,42658.5197018513,12125.804754761903,4056.1954293198405,0.0,0,0,11032.886436919463,12205.387061992395,17761.60214579659,14386.897738095236,10800.0,10800.0,2820.8700714285724,10800.0,0.0004208000027574599,2.2737367544323206e-13,0,2.0,2.0
2025-07-26,mpc,error_scaled_frozen_contract_and_soc,38311.341259924,33955.95726233352,4355.383997590477,54784.324456613205,42658.5197018513,12125.804754761903,4056.1954293198405,1108.6018142857145,16,10,11101.403362878562,13256.87563130603,17738.686299333378,14375.385572619045,10800.0,10792.167033156658,2108.199582604506,10800.0,1.0918362000084016,2.2737367544323206e-13,0,2.0,2.0
2025-07-27,greedy,error_scaled_frozen_contract_and_soc,64111.4412359179,57615.687661676224,6495.753574241666,89385.28194028982,77247.34664505172,12137.935295238094,4086.898890654445,1271.0332428571428,4,1,12087.660661336271,560.6935814814774,20899.357154614932,16928.479295238096,10800.0,10800.0,1200.0,10800.0,0.00038470000436063856,2.2737367544323206e-13,0,2.0,2.0
2025-07-27,mpc,error_scaled_frozen_contract_and_soc,79254.31984430124,57615.687661676224,21638.632182625,89385.28194028982,77247.34664505172,12137.935295238094,4086.898890654445,4640.333264285714,36,9,13656.946090041998,3095.080267131341,17275.340578354575,14038.834811904762,10800.0,10749.101173958272,1543.3895822151162,10800.0,0.9934381000057328,2.8421709430404007e-13,0,2.0,2.0
2025-07-28,greedy,error_scaled_frozen_contract_and_soc,68838.97317871888,57691.70262311742,11147.27055560147,89552.84762162433,77327.49473591003,12225.352885714285,4134.478453481944,1731.5528127142804,7,2,4931.677983950616,0.0,19936.370540889216,16148.460138120263,10800.0,10800.0,1200.0,10800.0,0.0003845000028377399,2.2737367544323206e-13,0,2.0,2.0
2025-07-28,mpc,error_scaled_frozen_contract_and_soc,86042.78161340338,57691.70262311742,28351.078990285965,89552.84762162433,77327.49473591003,12225.352885714285,4134.478453481944,5464.361280361158,52,19,9271.396948189686,295.73703571428524,15812.474850459668,12927.211979997195,10800.0,10667.658498750154,1200.0,10800.0,0.978791799992905,2.2737367544323206e-13,0,2.0,2.0
2025-07-29,greedy,error_scaled_frozen_contract_and_soc,59415.47248864473,58869.750635514974,545.7218531297619,91543.8868544694,79073.0698044694,12470.81705,4099.266264956825,81.0004119047619,2,1,10840.499750001445,0.0,19262.472642563196,15602.60284047619,10800.0,10800.0,2496.647243386244,10800.0,0.00037369999336078763,2.2737367544323206e-13,0,2.0,2.0
2025-07-29,mpc,error_scaled_frozen_contract_and_soc,71562.10872358998,58869.750635514974,12692.358088074998,91543.8868544694,79073.0698044694,12470.81705,4099.266264956825,2573.3455023809515,35,13,13118.418007970366,502.60132609925864,17745.767339447393,14374.072030952379,10800.0,10799.999460000012,1249.5450435202815,10800.0,1.0677876999980072,2.2737367544323206e-13,0,2.0,2.0
2025-07-30,greedy,error_scaled_frozen_contract_and_soc,59225.44077745298,59225.44077745298,0.0,92032.76814036499,79546.76180703167,12486.006333333331,4123.639435024681,0.0,0,0,12473.326981275726,3165.6040523809515,19119.970837311972,15487.176378222703,10800.0,10800.0,1941.6428839853543,10800.0,0.00038640000275336206,2.2737367544323206e-13,0,2.0,2.0
2025-07-30,mpc,error_scaled_frozen_contract_and_soc,68799.61986929465,59225.44077745298,9574.179091841665,92032.76814036499,79546.76180703167,12486.006333333331,4123.639435024681,2116.484569047618,25,9,14344.971596719279,3599.832518283639,18123.192263108587,14679.786316317939,10800.0,10799.999352000017,1408.758339579269,10800.0,1.0346751000033692,1.1368683772161603e-13,0,2.0,2.0
2025-07-31,greedy,error_scaled_frozen_contract_and_soc,58712.75764022862,58712.75764022862,0.0,91561.4883066234,79078.65943281387,12482.828873809522,4067.496652938214,0.0,0,0,12379.495365167311,1081.5838915052418,19675.817292974472,15937.412007309325,10800.0,10800.0,2028.5827037037047,10800.0,0.0004031999997096136,2.2737367544323206e-13,0,2.0,2.0
2025-07-31,mpc,error_scaled_frozen_contract_and_soc,73157.39622846425,58712.75764022862,14444.638588235634,91561.4883066234,79078.65943281387,12482.828873809522,4067.496652938214,2820.696416370101,37,11,14307.2822111105,2388.8062476190466,17830.627457584145,14506.53495760589,10800.0,10729.192536708075,1200.0,10800.0,1.0226571000093827,2.2737367544323206e-13,0,2.0,2.0
2025-08-01,greedy,error_scaled_frozen_contract_and_soc,32892.11768292544,32892.11768292544,0.0,53344.86986262881,41654.92411977166,11689.945742857144,4407.55177447242,0.0,0,0,10263.91819456203,26040.838134256603,17807.115804514702,14423.763801656907,10800.0,10800.0,2522.982134100533,10800.0,0.0008890999888535589,1.1368683772161603e-13,0,2.0,2.0
2025-08-01,mpc,error_scaled_frozen_contract_and_soc,36720.36578030639,32892.11768292544,3828.2480973809497,53344.86986262881,41654.92411977166,11689.945742857144,4407.55177447242,1076.1789238095234,16,8,11876.051947400963,25608.079939728068,17978.795846204303,14698.640477847384,10800.0,10649.093508420114,2103.087939652409,10800.0,0.9588581999996677,1.1368683772161603e-13,0,2.0,2.0
2025-08-02,greedy,error_scaled_frozen_contract_and_soc,32133.543242735395,32133.543242735395,0.0,52306.95465232722,41788.37046899389,10518.584183333332,4861.965758465753,0.0,0,0,10065.257003850673,25912.054834866904,17640.79900646679,14289.047195238098,10800.0,10800.0,2256.2886801587274,10800.0,0.0004864999937126413,2.2737367544323206e-13,0,2.0,2.0000000000000004
2025-08-02,mpc,error_scaled_frozen_contract_and_soc,35001.46379528064,32133.543242735395,2867.92055254524,52306.95465232722,41788.37046899389,10518.584183333332,4861.965758465753,603.9001523809527,19,11,11393.945508660243,25104.636319624813,18473.745282429227,15039.363308387059,10800.0,10715.967078200687,1820.6787731377622,10800.0,1.0251608999969903,1.1368683772161603e-13,0,2.0,2.0000000000000004
2025-08-03,greedy,error_scaled_frozen_contract_and_soc,57182.934743856094,55182.824243412055,2000.110500444049,86288.46622880522,77004.60736690045,9283.858861904762,4933.815809295157,296.6571214285716,7,1,17300.97240164208,13542.261613113942,16101.816119807865,13085.453096234845,10800.0,10752.24217867725,1435.89763867725,10800.0,0.00041969999438151717,2.2737367544323206e-13,0,2.0,2.0
2025-08-03,mpc,error_scaled_frozen_contract_and_soc,61184.38462722514,55182.824243412055,6001.560383813095,86288.46622880522,77004.60736690045,9283.858861904762,4933.815809295157,1061.5711904761902,17,7,16890.690758094584,14534.352127201033,18315.115437363507,15115.647215282464,10800.0,10488.440321091084,1438.743269142853,10800.0,1.0963028999976814,2.2737367544323206e-13,0,2.0,2.0
2025-08-04,greedy,error_scaled_frozen_contract_and_soc,54225.49798307232,53660.66876577112,564.8292173011889,83773.35558807431,75402.37329997907,8370.982288095238,4811.136720297698,83.88747857142835,2,2,13341.742976502686,8180.987174202775,15962.458793169359,12929.591622467182,10800.0,10800.0,1845.163592592594,10800.0,0.0004025000089313835,2.2737367544323206e-13,0,2.0,2.0
2025-08-04,mpc,error_scaled_frozen_contract_and_soc,57821.203914288984,53660.66876577112,4160.535148517862,83773.35558807431,75402.37329997907,8370.982288095238,4811.136720297698,975.1487214285723,19,10,13121.456606667385,9077.667002404676,17963.83342527895,14716.098470086228,10800.0,10616.229560433025,1288.2289839012521,10800.0,1.078567499993369,2.2737367544323206e-13,0,2.0,2.0
2025-08-05,greedy,error_scaled_frozen_contract_and_soc,52555.9787875662,52305.71696248406,250.2618250821411,81315.96637201101,73594.83327915389,7721.133092857141,4404.89901265365,37.15012619047593,1,1,11112.525703521897,6559.786414285713,16781.08380658436,13592.677883333334,10800.0,10800.0,2308.987243386244,10800.0,0.0006235000037122518,2.2737367544323206e-13,0,2.0,2.0
2025-08-05,mpc,error_scaled_frozen_contract_and_soc,57973.98433991978,52305.71696248406,5668.267377435712,81315.96637201101,73594.83327915389,7721.133092857141,4404.89901265365,1319.4789857142855,28,14,11809.578972921629,7068.367796508163,17773.893855440274,14508.793724287616,10800.0,10675.622554021116,1219.679297202543,10800.0,1.0423795999959111,2.2737367544323206e-13,0,2.0,2.0
2025-08-06,greedy,error_scaled_frozen_contract_and_soc,58313.85656218944,50965.21145899441,7348.645103195023,79215.82925329599,72364.93511996265,6850.894133333331,3594.2990238888888,1071.725032590534,5,4,6053.454897256965,3474.3043425725473,17994.55759290658,14836.104808754331,10800.0,10510.540934999999,1200.0,10800.0,0.0004084999964106828,2.2737367544323206e-13,0,2.0,2.0
2025-08-06,mpc,error_scaled_frozen_contract_and_soc,75256.5167612209,50965.21145899441,24291.305302226498,79215.82925329599,72364.93511996265,6850.894133333331,3594.2990238888888,4979.200090885768,41,17,8055.081502401033,5936.454783333329,15460.598120811255,12858.447324268622,10800.0,10427.37461509833,1200.0,10800.0,1.0407675000024028,2.2737367544323206e-13,0,2.0,2.0
2025-08-07,greedy,error_scaled_frozen_contract_and_soc,50352.794028168806,50110.97369709857,241.82033107023813,77269.42425605941,70713.72454653561,6555.699709523808,3082.870094203095,35.79076904761905,1,1,7278.743965990834,6563.659423221386,19482.818559847397,15781.083033476389,10800.0,10800.0,1926.9891322751328,10800.0,0.00032649999775458127,2.2737367544323206e-13,0,2.0,2.0
2025-08-07,mpc,error_scaled_frozen_contract_and_soc,58573.75530961762,50110.97369709857,8462.781612519051,77269.42425605941,70713.72454653561,6555.699709523808,3082.870094203095,2204.2138047619055,35,15,8613.902070537195,8126.488468078668,17398.225865205663,14426.054452524008,10800.0,10429.453886991754,1308.986384812394,10800.0,1.0516306999925291,2.2737367544323206e-13,0,2.0,2.0
2025-08-08,greedy,error_scaled_frozen_contract_and_soc,28578.249218896206,28578.249218896206,0.0,47437.21148496075,40944.791101627416,6492.420383333332,3096.125355646705,0.0,0,0,5992.943843327453,26945.179872144374,19611.878598813884,15885.621665039249,10800.0,10800.0,2062.5589835978817,10800.0,0.0004599000094458461,1.1368683772161603e-13,0,2.0,2.0
2025-08-08,mpc,error_scaled_frozen_contract_and_soc,34219.3530793355,28578.249218896206,5641.103860439295,47437.21148496075,40944.791101627416,6492.420383333332,3096.125355646705,1281.9898023809544,24,9,8204.084923735387,26208.70491231369,19002.54494252235,15468.96432694401,10800.0,10714.552307221216,1682.4622435830665,10800.0,1.0762241000047652,1.1368683772161603e-13,0,2.0,2.0
2025-08-09,greedy,error_scaled_frozen_contract_and_soc,27981.446590419655,27981.446590419655,0.0,46472.913776801186,40074.54465537262,6398.369121428572,3129.9384278748003,0.0,0,0,4189.309094562019,19657.099315539384,20572.08541370811,16663.389185103573,10800.0,10800.0,1804.538885291001,10800.0,0.000342100000125356,2.2737367544323206e-13,0,2.0,1.9999999999999996
2025-08-09,mpc,error_scaled_frozen_contract_and_soc,37024.39714724627,27981.446590419655,9042.95055682661,46472.913776801186,40074.54465537262,6398.369121428572,3129.9384278748003,2148.462511511814,28,11,6203.820987268533,20335.423811732686,18770.39648671306,15406.074135496518,10800.0,10575.496687490066,1508.8910317460309,10800.0,1.078646200010553,2.2737367544323206e-13,0,2.0,1.9999999999999996
2025-08-10,greedy,error_scaled_frozen_contract_and_soc,49705.56961360278,49446.2231639742,259.3464496285716,75839.71794379086,69256.31419140991,6583.403752380953,3076.1007221633713,38.3243904761905,2,1,6334.780488859492,1229.926793709582,16966.940422470616,13743.2217422012,10800.0,10800.0,2214.6665370370365,10800.0,0.00040580000495538116,2.2737367544323206e-13,0,2.0,2.0
2025-08-10,mpc,error_scaled_frozen_contract_and_soc,69898.82021810746,49446.2231639742,20452.59705413325,75839.71794379086,69256.31419140991,6583.403752380953,3076.1007221633713,3471.392023355871,24,16,6719.7148699342015,4844.423362804975,14659.762384205276,12002.407021226281,10800.0,10657.778344422219,1200.0,10800.0,1.1188200000033248,2.2737367544323206e-13,0,2.0,2.0
2025-08-11,greedy,error_scaled_frozen_contract_and_soc,51653.66834195143,49447.823754574056,2205.844587377377,76529.98884902339,70054.75391807102,6475.23493095238,3001.927387038372,327.21426428571374,5,2,6262.098090828921,3975.7583057319257,20191.547782384318,16355.153703731296,10800.0,10800.0,1331.7393571428559,10800.0,0.0004154999915044755,2.2737367544323206e-13,0,2.0,2.0
2025-08-11,mpc,error_scaled_frozen_contract_and_soc,62622.273329369316,49447.823754574056,13174.44957479525,76529.98884902339,70054.75391807102,6475.23493095238,3001.927387038372,2797.158468166669,35,12,7383.454470775482,5916.899254551674,17832.62359647515,14588.782642707482,10800.0,10639.602744930435,1200.0,10800.0,1.0763173000013921,2.2737367544323206e-13,0,2.0,2.0
2025-08-12,greedy,error_scaled_frozen_contract_and_soc,63651.83602642465,48239.45487587227,15412.381150552383,74577.84045015514,68321.93480015514,6255.905649999999,3144.4367844371427,2282.1721173333335,9,2,2484.631506937094,22.83368571428582,18238.550932726554,14773.226255508505,10800.0,10800.0,1200.0,10800.0,0.0003536000003805384,2.2737367544323206e-13,0,2.0,2.0
2025-08-12,mpc,error_scaled_frozen_contract_and_soc,75728.72175044619,48239.45487587227,27489.26687457392,74577.84045015514,68321.93480015514,6255.905649999999,3144.4367844371427,5424.921792009523,54,18,4394.474427169907,1645.0228156989776,16189.698882509048,13113.656580832316,10800.0,10799.999460000012,1200.0,10800.0,0.9286710000014864,2.2737367544323206e-13,0,2.0,2.0
2025-08-13,greedy,error_scaled_frozen_contract_and_soc,51240.395147379815,48963.62391303934,2276.7712343404773,75541.64676359427,68922.91336359427,6618.7334,3095.346068816665,336.6445404761906,6,2,5275.905060405645,0.0,18941.587773674542,15342.686096676385,10800.0,10800.0,1653.8732169312177,10800.0,0.0004341000021668151,2.2737367544323206e-13,0,2.0,2.0
2025-08-13,mpc,error_scaled_frozen_contract_and_soc,63779.68408488204,48963.62391303934,14816.060171842711,75541.64676359427,68922.91336359427,6618.7334,3095.346068816665,3005.425098026683,34,16,7315.964238606375,1086.0916914039922,16863.26100645077,13721.729641506843,10800.0,10730.568637464756,1200.0,10800.0,1.0961762000079034,1.1368683772161603e-13,0,2.0,2.0
2025-08-14,greedy,error_scaled_frozen_contract_and_soc,52504.82958615035,48943.301302675456,3561.528283474895,75705.20722500893,68866.99717738989,6838.210047619046,3070.4524939883327,597.876996234789,12,4,4280.742731981187,1068.9898747166778,22174.470176807754,17961.320843214286,10800.0,10800.0,1200.0,10800.0,0.0006766000005882233,2.2737367544323206e-13,0,2.0,2.0
2025-08-14,mpc,error_scaled_frozen_contract_and_soc,72322.82250161456,48943.301302675456,23379.52119893911,75705.20722500893,68866.99717738989,6838.210047619046,3070.4524939883327,4648.220084938259,51,13,6331.832279896211,4028.9075368032,17500.458842996686,14247.973630701294,10800.0,10719.331146806691,1200.0,10800.0,1.022434999991674,2.2737367544323206e-13,0,2.0,2.0
2025-08-15,greedy,error_scaled_frozen_contract_and_soc,28469.795376977854,28157.88352274271,311.91185423514366,46569.299163774434,39852.83237091729,6716.4667928571425,3112.0911004648406,78.07250620175148,2,1,4811.093955144035,22886.716190476196,21517.028937713105,17428.79343954762,10800.0,10800.0,1200.0,10800.0,0.00046890000521671027,1.1368683772161603e-13,0,2.0,2.0
2025-08-15,mpc,error_scaled_frozen_contract_and_soc,36318.641441326065,28157.88352274271,8160.757918583358,46569.299163774434,39852.83237091729,6716.4667928571425,3112.0911004648406,2162.5347171890735,40,13,6074.393819988646,24433.712092238748,19223.504288963082,15861.102346417441,10800.0,10477.706808491836,1338.04342063492,10800.0,1.0567207999993116,1.1368683772161603e-13,0,2.0,2.0
2025-08-16,greedy,error_scaled_frozen_contract_and_soc,29038.562250696465,28249.718795001238,788.8434556952238,46815.9539790897,40108.24141956589,6707.7125595238085,3059.729410529285,113.07962380952176,1,1,5248.8659905643735,23107.35209675578,21451.6549441505,17375.840504761905,10800.0,10800.0,1200.0,10800.0,0.0004175999929429963,2.2737367544323206e-13,0,2.0,2.0
2025-08-16,mpc,error_scaled_frozen_contract_and_soc,36882.7094107311,28249.718795001238,8632.990615729861,46815.9539790897,40108.24141956589,6707.7125595238085,3059.729410529285,2024.0700918953644,34,11,6095.959361129737,24598.93022329354,19587.993075100527,15939.859664729216,10800.0,10718.238584558008,1358.8886058201056,10800.0,1.0040479000017513,2.2737367544323206e-13,0,2.0,2.0
2025-08-17,greedy,error_scaled_frozen_contract_and_soc,51141.29356102607,49123.49589826416,2017.7976627619043,75642.71361485083,68984.688655327,6658.02495952381,3029.821726945633,299.43746666666664,5,1,5913.860932017512,5274.656038793769,19729.16486837848,15980.623543386566,10800.0,10800.0,1531.7861695502643,10800.0,0.0004065999964950606,2.2737367544323206e-13,0,2.0,2.0
2025-08-17,mpc,error_scaled_frozen_contract_and_soc,61170.55891848082,49123.49589826416,12047.063020216661,75642.71361485083,68984.688655327,6658.02495952381,3029.821726945633,2728.9019404761893,36,15,6837.4360441774625,7195.651712779784,17694.882089375376,14361.447076719904,10800.0,10768.230461860167,1213.4186903329903,10800.0,1.0375592000054894,1.1368683772161603e-13,0,2.0,2.0
2025-08-18,greedy,error_scaled_frozen_contract_and_soc,51121.70515959119,48748.472272509054,2373.232887082141,75220.12623825522,68827.58285254093,6392.543385714287,3031.3435946023396,349.5144761904759,5,3,5121.400113384168,2823.5268155693902,20579.002542690447,16668.992059579265,10800.0,10800.0,1735.068573730164,10800.0,0.00025860000459942967,2.2737367544323206e-13,0,2.0,2.0
2025-08-18,mpc,error_scaled_frozen_contract_and_soc,70843.66169661013,48748.472272509054,22095.18942410108,75220.12623825522,68827.58285254093,6392.543385714287,3031.3435946023396,4397.420992242174,49,19,6805.809685158709,5956.421060231354,16611.006754825376,13470.393572098998,10800.0,10782.802110343957,1200.0,10800.0,1.0902723000035621,2.2737367544323206e-13,0,2.0,2.0
2025-08-19,greedy,error_scaled_frozen_contract_and_soc,50793.683662242176,49204.25756202195,1589.4261002202365,75604.08062057942,69116.6483467699,6487.432273809525,3011.550582196387,235.5332833333331,3,2,4839.0199259223045,4274.9772373415035,18194.778472087222,14737.770562390651,10800.0,10800.0,1805.8372305820108,10800.0,0.0009324999991804361,2.2737367544323206e-13,0,2.0,2.0
2025-08-19,mpc,error_scaled_frozen_contract_and_soc,60719.66429565249,49204.25756202195,11515.406733630538,75604.08062057942,69116.6483467699,6487.432273809525,3011.550582196387,2545.9519389024326,31,12,6418.591916756238,5159.082839527573,17583.160381448175,14279.411409202507,10800.0,10758.831666411686,1200.0,10800.0,1.024881599994842,2.2737367544323206e-13,0,2.0,2.0
2025-08-20,greedy,error_scaled_frozen_contract_and_soc,90467.73505654455,48876.52866869521,41591.206387849335,75159.05805018978,68689.91450733264,6469.143542857144,3001.8991596350775,6776.68437373809,17,3,2138.6183364491503,0.0,18225.718919061008,14762.832324439423,10800.0,10800.0,1200.0,10800.0,0.0004278000124031678,2.2737367544323206e-13,0,2.0,2.0
2025-08-20,mpc,error_scaled_frozen_contract_and_soc,101994.52430002145,48876.52866869521,53117.99563132624,75159.05805018978,68689.91450733264,6469.143542857144,3001.8991596350775,9939.809502113583,58,14,5341.927168481088,1045.2233613983171,14185.033578011708,11807.55404844488,10800.0,10447.02572193845,1200.0,10800.0,1.0466523000068264,2.2737367544323206e-13,0,2.0,2.0
2025-08-21,greedy,error_scaled_frozen_contract_and_soc,49629.73171830953,49505.864973275005,123.86674503452566,75828.45649821547,69065.9324625012,6762.524035714287,3174.501260490474,18.375173809524085,2,2,4648.662464961786,1276.5954714285717,18154.309987049513,14704.991089510106,10800.0,10800.0,1586.0697828042357,10800.0,0.000338700003339909,2.2737367544323206e-13,0,2.0,2.0
2025-08-21,mpc,error_scaled_frozen_contract_and_soc,71572.86476007495,49505.864973275005,22066.999786799952,75828.45649821547,69065.9324625012,6762.524035714287,3174.501260490474,3969.3781856953688,36,16,6283.781219270437,4386.055038095238,15134.647956550387,12478.904368100451,10800.0,10555.733863005958,1200.0,10800.0,1.0603403999994043,1.1368683772161603e-13,0,2.0,2.0
2025-08-22,greedy,error_scaled_frozen_contract_and_soc,33486.22120055539,28403.09661765405,5083.124582901335,47117.074626850066,40388.45541494531,6728.619211904762,3229.108584894125,728.6589138333336,1,1,4039.3756051734263,16864.777622301684,21001.669086810605,17146.588192649928,10800.0,10649.73751962963,1200.0,10800.0,0.0003419999993639067,2.2737367544323206e-13,0,2.0,2.0000000000000004
2025-08-22,mpc,error_scaled_frozen_contract_and_soc,50805.87078076195,28403.09661765405,22402.7741631079,47117.074626850066,40388.45541494531,6728.619211904762,3229.108584894125,4388.721765498158,41,12,5099.037457789049,20353.213235747382,17080.597119558814,14113.550839794625,10800.0,10490.81425227557,1200.0,10800.0,0.9703585999959614,2.2737367544323206e-13,0,2.0,2.0000000000000004
2025-08-23,greedy,error_scaled_frozen_contract_and_soc,28716.863460037686,28716.863460037686,0.0,47431.83370451577,40584.09430689672,6847.739397619047,3203.658337546626,0.0,0,0,3886.3777730158786,14762.646472800181,20073.333642279173,16259.400250246137,10800.0,10800.0,1815.0614020634976,10800.0,0.000530999997863546,1.1368683772161603e-13,0,2.0,2.0
2025-08-23,mpc,error_scaled_frozen_contract_and_soc,37717.39055691739,28716.863460037686,9000.527096879705,47431.83370451577,40584.09430689672,6847.739397619047,3203.658337546626,1851.0329428994623,28,15,5605.9801816328845,15338.560412515835,18588.583945136987,15219.13395853715,10800.0,10619.576707804232,1241.138825396825,10800.0,1.0408749000052921,1.1368683772161603e-13,0,2.0,2.0
2025-08-24,greedy,error_scaled_frozen_contract_and_soc,50154.639582808995,50021.54407114233,133.0955116666667,76914.22550328927,69918.34768662261,6995.877816666667,3125.440446739204,19.745000000000005,2,2,4962.077124676056,6892.689987493258,20113.373000631378,16355.039064273318,10800.0,10729.770073597885,1313.7370035978854,10800.0,0.0003105000068899244,2.2737367544323206e-13,0,2.0,2.0
2025-08-24,mpc,error_scaled_frozen_contract_and_soc,64743.94147510931,50021.54407114233,14722.39740396698,76914.22550328927,69918.34768662261,6995.877816666667,3125.440446739204,3121.0030206402216,54,23,7242.228717662467,8542.85273516785,16937.78639806561,14008.508781728335,10800.0,10478.998000783127,1200.0,10800.0,1.1559983999904944,2.2737367544323206e-13,0,2.0,2.0
2025-08-25,greedy,error_scaled_frozen_contract_and_soc,73474.36118310914,50320.344093512875,23154.017089596266,77514.33939319411,70497.65883128936,7016.680561904762,3126.3867674767052,3408.649344985883,7,2,2396.593301616696,0.0,18904.033751335766,15312.267338581978,10800.0,10800.0,1200.0,10800.0,0.0004304000030970201,2.2737367544323206e-13,0,2.0,2.0
2025-08-25,mpc,error_scaled_frozen_contract_and_soc,87002.86463923438,50320.344093512875,36682.52054572153,77514.33939319411,70497.65883128936,7016.680561904762,3126.3867674767052,7247.08820606684,54,14,5335.8611918181405,1737.8322380952363,15043.57928018194,12290.474134643875,10800.0,10683.138980337219,1200.0,10800.0,0.9628555999952368,1.1368683772161603e-13,0,2.0,2.0
2025-08-26,greedy,error_scaled_frozen_contract_and_soc,51368.64054217252,50823.7418074499,544.8987347226202,78395.72887084603,71182.08431846507,7213.644552380952,3153.9780252530145,78.75235476190494,2,2,7992.987358529378,3009.8225181020143,19802.06517005201,16039.672787742125,10800.0,10800.0,1405.4277606349226,10800.0,0.00032809999538585544,2.2737367544323206e-13,0,2.0,2.0
2025-08-26,mpc,error_scaled_frozen_contract_and_soc,64627.73921503778,50823.7418074499,13803.99740758788,78395.72887084603,71182.08431846507,7213.644552380952,3153.9780252530145,2790.689357296892,36,14,8755.938097296808,5441.113087715263,17422.511904528466,14142.42382806428,10800.0,10766.456460670868,1200.0,10800.0,1.0946170999959577,2.2737367544323206e-13,0,2.0,2.0
2025-08-27,greedy,error_scaled_frozen_contract_and_soc,51233.26375886492,50956.20954830301,277.0542105619046,78298.74146327871,71213.21422042156,7085.527242857143,3123.0229000367444,41.015740476190444,2,2,4952.468889401277,738.8435369655678,21933.23810154119,17765.92286224837,10800.0,10800.0,1461.1943904118662,10800.0,0.00036859999818261713,2.2737367544323206e-13,0,2.0,2.0
2025-08-27,mpc,error_scaled_frozen_contract_and_soc,69772.34281794276,50956.20954830301,18816.133269639744,78298.74146327871,71213.21422042156,7085.527242857143,3123.0229000367444,3765.611577620356,51,21,6669.491260563684,3556.6925625568038,17707.779180978025,14350.73950129468,10800.0,10791.73515033058,1200.0,10800.0,0.9489291999925626,2.2737367544323206e-13,0,2.0,2.0
2025-08-28,greedy,error_scaled_frozen_contract_and_soc,68056.35401598291,50615.12671385595,17441.22730212697,77703.46177635944,70935.42298350229,6768.038792857143,3137.241299169166,3467.9493032142846,15,4,2809.168262081131,0.0,20626.015729910894,16739.430969561156,10800.0,10764.046412962965,1200.0,10800.0,0.0008097999962046742,2.2737367544323206e-13,0,2.0,2.0
2025-08-28,mpc,error_scaled_frozen_contract_and_soc,79228.39947543555,50615.12671385595,28613.27276157961,77703.46177635944,70935.42298350229,6768.038792857143,3137.241299169166,6274.148148950197,55,15,6008.684836414398,319.0468588516676,17496.137982440243,14321.91780953953,10800.0,10633.282173596746,1200.0,10800.0,1.0840648000012152,2.2737367544323206e-13,0,2.0,2.0
2025-08-29,greedy,error_scaled_frozen_contract_and_soc,29778.04504466061,29778.04504466061,0.0,48532.99436139666,41716.10264711095,6816.891714285714,3376.771525540396,0.0,0,0,6171.607125543795,16725.48981739153,20577.894533255152,16668.094571936672,10800.0,10800.0,1977.33140850952,10800.0,0.0006419999990612268,1.1368683772161603e-13,0,2.0,2.0000000000000004
2025-08-29,mpc,error_scaled_frozen_contract_and_soc,38976.79203842966,29778.04504466061,9198.746993769048,48532.99436139666,41716.10264711095,6816.891714285714,3376.771525540396,2072.8447119047623,25,10,7782.010254863009,17567.98918943619,19045.015505700794,15515.273333841433,10800.0,10701.321361973574,1717.5690190017115,10800.0,1.0295558999932837,1.1368683772161603e-13,0,2.0,2.0000000000000004
2025-08-30,greedy,error_scaled_frozen_contract_and_soc,29471.328383162203,29471.328383162203,0.0,48244.5326239369,41372.97912631785,6871.55349761905,3399.764352042339,0.0,0,0,4752.255851793063,25875.89594918723,19182.669494257796,15537.962290348814,10800.0,10800.0,1555.7206041798934,10800.0,0.0005647999932989478,1.1368683772161603e-13,0,2.0,2.0
2025-08-30,mpc,error_scaled_frozen_contract_and_soc,37536.85270400228,29471.328383162203,8065.52432084008,48244.5326239369,41372.97912631785,6871.55349761905,3399.764352042339,1715.4440083434115,29,13,5574.039555996596,27093.116230430514,18531.77231833479,15210.625091529211,10800.0,10577.900540357748,1295.7524947619008,10800.0,1.032218100008322,2.2737367544323206e-13,0,2.0,2.0
2025-08-31,greedy,error_scaled_frozen_contract_and_soc,52567.55642189136,51219.45504318064,1348.1013787107136,78686.83231886855,71889.05537363046,6797.776945238096,3419.098695312063,199.38095714285703,4,3,7226.158593268663,2665.378933333333,19201.21647558839,15552.985345226598,10800.0,10800.0,1470.6181772486784,10800.0,0.00043990000267513096,2.2737367544323206e-13,0,2.0,2.0
2025-08-31,mpc,error_scaled_frozen_contract_and_soc,60732.11187878251,51219.45504318064,9512.656835601862,78686.83231886855,71889.05537363046,6797.776945238096,3419.098695312063,1975.6926454924596,29,12,8503.929579703225,3450.7127508215544,18213.272362141797,14851.834347353188,10800.0,10689.906962201858,1200.0,10800.0,0.9972069000068586,2.2737367544323206e-13,0,2.0,2.0
2025-09-01,greedy,error_scaled_frozen_contract_and_soc,51194.381235176465,51194.381235176465,0.0,78856.28735327742,71924.80447232505,6931.482880952382,3341.564184576348,0.0,0,0,29255.921684064844,8313.642507072673,11516.790314520873,9328.600154761905,10800.0,10800.0,4916.900598968252,10800.0,0.0006085000059101731,2.2737367544323206e-13,0,2.0,2.0
2025-09-01,mpc,error_scaled_frozen_contract_and_soc,51194.381235176465,51194.381235176465,0.0,78856.28735327742,71924.80447232505,6931.482880952382,3341.564184576348,0.0,0,0,27377.44272475694,9034.091675933822,17611.686506345868,14265.466556140145,10800.0,10799.999460000012,2142.22175770385,10800.0,1.0699198999936925,2.2737367544323206e-13,0,2.0,2.0
2025-09-02,greedy,error_scaled_frozen_contract_and_soc,50770.06442770387,50770.06442770387,0.0,78078.62703016293,71167.21006349626,6911.416966666668,3342.0300248313474,0.0,0,0,27952.4559163391,6376.296387629151,15668.561591500775,12691.534889115625,10800.0,10800.0,2993.9064274376656,10800.0,0.0003428999916650355,1.1368683772161603e-13,0,2.0,2.0
2025-09-02,mpc,error_scaled_frozen_contract_and_soc,54504.01216004198,50770.06442770387,3733.9477323381075,78078.62703016293,71167.21006349626,6911.416966666668,3342.0300248313474,863.221664285717,16,4,27251.44624245139,7576.503712060649,17584.480011195075,14243.429295068003,10800.0,10799.999460000012,1953.7002424853013,10800.0,0.9769500999973388,2.2737367544323206e-13,0,2.0,2.0
2025-09-03,greedy,error_scaled_frozen_contract_and_soc,50461.11747770656,50461.11747770656,0.0,77658.07619948083,70802.09658757606,6855.979611904763,3345.6497491985697,0.0,0,0,24196.3499024131,6970.087558404068,12385.774301237318,10032.477184002226,10800.0,10800.0,4908.667761984128,10800.0,0.0007713999948464334,1.1368683772161603e-13,0,2.0,2.0
2025-09-03,mpc,error_scaled_frozen_contract_and_soc,51232.53490695418,50461.11747770656,771.4174292476193,77658.07619948083,70802.09658757606,6855.979611904763,3345.6497491985697,187.9449428571428,5,4,22933.902900552173,7485.794194715303,17305.173219167962,14017.190793526035,10800.0,10799.999460000012,2143.6446560886006,10800.0,1.0308353000000352,1.1368683772161603e-13,0,2.0,2.0
2025-09-04,greedy,error_scaled_frozen_contract_and_soc,50948.66390758609,50948.66390758609,0.0,78269.7686243164,71484.82004098306,6784.948583333335,3351.21148894849,0.0,0,0,26041.826236771638,9332.858321164871,14498.944534831597,11744.145073213595,10800.0,10800.0,4032.126458334101,10800.0,0.0004724000027636066,1.1368683772161603e-13,0,2.0,2.0
2025-09-04,mpc,error_scaled_frozen_contract_and_soc,52922.95769968965,50948.66390758609,1974.2937921035675,78269.7686243164,71484.82004098306,6784.948583333335,3351.21148894849,401.9663833333326,11,7,23960.337896875877,11293.93893904121,17248.285000898635,13971.111433927883,10800.0,10799.999352000017,1883.0830081323293,10800.0,1.011700099988957,1.7053025658242404e-13,0,2.0,2.0
2025-09-05,greedy,error_scaled_frozen_contract_and_soc,28941.90181707992,28941.90181707992,0.0,47451.70245357344,40711.09667976391,6740.605773809525,3352.7707562123396,0.0,0,0,20698.82357192827,31524.80579571089,13657.744149027505,11062.772760712274,10800.0,10800.0,5225.649563492062,10800.0,0.00029769999673590064,2.2737367544323206e-13,0,2.0,2.0
2025-09-05,mpc,error_scaled_frozen_contract_and_soc,29147.3978335323,28941.90181707992,205.49601645238053,47451.70245357344,40711.09667976391,6740.605773809525,3352.7707562123396,46.48216666666657,2,1,22006.356146988503,29694.450471817618,16654.087344289117,13489.811040474178,10800.0,10799.999676000005,3105.964823229749,10800.0,0.9535934000014095,2.2737367544323206e-13,0,2.0,2.0
2025-09-06,greedy,error_scaled_frozen_contract_and_soc,29292.90194165217,29292.90194165217,0.0,47971.16771273655,41481.0056246413,6490.16208809524,3384.1869131443636,0.0,0,0,21812.23448215755,29397.878184312096,14046.498965314515,11377.664161904759,10800.0,10800.0,4261.796409452314,10800.0,0.0004408999957377091,1.8829382497642655e-13,0,2.0,2.0
2025-09-06,mpc,error_scaled_frozen_contract_and_soc,31613.41051354979,29292.90194165217,2320.508571897619,47971.16771273655,41481.0056246413,6490.16208809524,3384.1869131443636,568.42155,13,3,22808.080834440138,28603.38711371197,15978.428228038365,12942.527156311073,10800.0,10799.999676000005,3199.472800097367,10800.0,1.1099475000082748,1.7053025658242404e-13,0,2.0,2.0
2025-09-07,greedy,error_scaled_frozen_contract_and_soc,49935.50672106884,49935.50672106884,0.0,76439.09461727123,69987.11733869978,6451.9772785714285,3449.9669688435306,0.0,0,0,25434.949752145803,4270.188623809524,14979.350518204015,12133.273919745254,10800.0,10800.0,3423.649819568766,10800.0,0.00027219999174121767,2.2737367544323206e-13,0,2.0,2.0
2025-09-07,mpc,error_scaled_frozen_contract_and_soc,54452.719427947406,49935.50672106884,4517.212706878568,76439.09461727123,69987.11733869978,6451.9772785714285,3449.9669688435306,893.0246428571423,11,4,23587.452953946857,6423.118646126628,18071.939490514433,14638.271473316683,10800.0,10799.999460000012,1962.3364497633202,10800.0,1.0584157000121195,1.1368683772161603e-13,0,2.0,2.0
2025-09-08,greedy,error_scaled_frozen_contract_and_soc,74646.34548682113,41051.31687239432,33595.0286144268,64290.615614304574,57900.11786906648,6390.497745238097,3474.726002524166,5000.610067885889,11,3,1405.6546266901819,0.0,17544.150920928867,14388.984574952381,10800.0,10601.97519,1200.0,10800.0,0.00034109999251086265,2.2737367544323206e-13,0,2.0,2.0
2025-09-08,mpc,error_scaled_frozen_contract_and_soc,84499.90755455724,41051.31687239432,43448.59068216292,64290.615614304574,57900.11786906648,6390.497745238097,3474.726002524166,8406.853905842861,64,18,3422.4038309345297,2109.9963607142868,14083.138321446424,11648.473702471601,10800.0,10532.075931000003,1230.3769629629633,10800.0,1.0562382000061916,1.1368683772161603e-13,0,2.0,2.0
2025-09-09,greedy,error_scaled_frozen_contract_and_soc,46859.17034904025,42213.78222539084,4645.38812364942,65769.05153926957,59044.90335117432,6724.148188095237,3403.5858323585317,672.7334086666671,3,2,3090.149844244993,8451.819377271753,19952.139062734124,16115.986652981308,10749.726680185184,10800.0,1200.0,10800.0,0.0003468000068096444,2.2737367544323206e-13,0,2.0,2.0
2025-09-09,mpc,error_scaled_frozen_contract_and_soc,57890.81341716337,42213.78222539084,15677.031191772528,65769.05153926957,59044.90335117432,6724.148188095237,3403.5858323585317,3337.4309956516718,49,13,5720.0645466883825,9072.078113795966,17548.870224023314,14298.19366625309,10749.726680185184,10656.828030413842,1241.1584074074078,10800.0,0.91173050001089,1.9895196601282805e-13,0,2.0,2.0
2025-09-10,greedy,error_scaled_frozen_contract_and_soc,86178.54513841386,42240.7280414149,43937.81709699895,65475.49683032826,58859.70544461397,6615.791385714286,3417.52139695992,7002.269868190476,16,2,1368.6888011757778,0.0,18147.002755439127,14699.072231905695,10800.0,10800.0,1200.0,10800.0,0.0002505000011296943,2.2737367544323206e-13,0,2.0,2.0
2025-09-10,mpc,error_scaled_frozen_contract_and_soc,98971.66226820092,42240.7280414149,56730.934226786,65475.49683032826,58859.70544461397,6615.791385714286,3417.52139695992,10523.135285680175,62,14,4132.4396110523085,1646.1532190642974,13892.223674117351,11333.331762035043,10800.0,10710.410460000012,1230.7762685185185,10800.0,0.9390783999988344,2.2737367544323206e-13,0,2.0,2.0
2025-09-11,greedy,error_scaled_frozen_contract_and_soc,42985.11035839551,42762.04726172885,223.063096666667,66416.69135561865,59350.98391038054,7065.707445238096,3433.1896107539274,33.07333333333338,1,1,4450.573356370272,6513.8259349583595,20727.60289475945,16789.358344755154,10800.0,10800.0,1514.4213013756619,10800.0,0.0002921000123023987,2.2737367544323206e-13,0,2.0,2.0
2025-09-11,mpc,error_scaled_frozen_contract_and_soc,54318.15697179313,42762.04726172885,11556.10971006429,66416.69135561865,59350.98391038054,7065.707445238096,3433.1896107539274,2426.77737857143,37,18,6647.543455409736,7328.506256775207,18271.279306045995,14950.981131659917,10800.0,10631.950118041492,1213.9257513761481,10800.0,1.0096266000036849,2.2737367544323206e-13,0,2.0,2.0
2025-09-12,greedy,error_scaled_frozen_contract_and_soc,25370.0451720923,22773.286685659168,2596.7584864331316,38684.28211643628,31790.80086405533,6893.481252380954,3421.547601404919,675.5591041827598,5,1,4010.7701923868344,17752.058249999995,21021.672567136975,17027.554779380953,10800.0,10800.0,1200.0,10800.0,0.0003797999961534515,2.2737367544323206e-13,0,2.0,1.9999999999999996
2025-09-12,mpc,error_scaled_frozen_contract_and_soc,34812.686649099734,22773.286685659168,12039.399963440563,38684.28211643628,31790.80086405533,6893.481252380954,3421.547601404919,2903.8511858868405,46,15,5199.065844071563,19268.750034422046,18896.625963173057,15379.20352981973,10800.0,10718.959444833832,1623.1403769841281,10800.0,0.9752819999994244,2.2737367544323206e-13,0,2.0,1.9999999999999996
2025-09-13,greedy,error_scaled_frozen_contract_and_soc,22801.81121894093,22801.81121894093,0.0,38953.23326572811,32177.309260966205,6775.924004761906,3465.8901389777766,0.0,0,0,3985.1519850382138,25700.844274326293,21278.995509683118,17235.98636284332,10800.0,10800.0,1309.4509019047632,10800.0,0.001069099991582334,2.2737367544323206e-13,0,2.0,2.0
2025-09-13,mpc,error_scaled_frozen_contract_and_soc,32727.339481967116,22801.81121894093,9925.528263026192,38953.23326572811,32177.309260966205,6775.924004761906,3465.8901389777766,2308.6280642857146,37,11,6147.146824994826,26404.73605446868,18977.2249800603,15491.474389033796,10800.0,10666.753160905608,1688.0094168216779,10800.0,1.0342448000010336,2.2737367544323206e-13,0,2.0,2.0
2025-09-14,greedy,error_scaled_frozen_contract_and_soc,57434.29162045353,42548.47832507974,14885.813295373777,66471.1295498812,59906.075945119286,6565.053604761904,3534.8170305174604,2226.2391569761858,6,2,983.7636065843619,0.0,19457.030777627442,16047.635370211563,10800.0,10480.621732962962,1200.0,10800.0,0.0002901999978348613,2.2737367544323206e-13,0,2.0,2.0
2025-09-14,mpc,error_scaled_frozen_contract_and_soc,73668.84739930404,42548.47832507974,31120.369074224294,66471.1295498812,59906.075945119286,6565.053604761904,3534.8170305174604,5629.2688943581,58,18,3331.281717216042,2008.4112807237352,15460.215708891075,13003.719955448698,10800.0,10265.61640972564,1200.0,10800.0,1.1312928999977885,2.2737367544323206e-13,0,2.0,2.0
2025-09-15,greedy,error_scaled_frozen_contract_and_soc,44774.88196954701,43651.141213414805,1123.7407561322023,68169.34976386225,61241.74713052891,6927.602633333333,3374.097648620634,172.7813978187751,4,3,6430.497079987264,4733.9554761904765,22244.46490365144,18018.016571957676,10800.0,10800.0,1200.0,10800.0,0.00032330000249203295,2.2737367544323206e-13,0,2.0,2.0
2025-09-15,mpc,error_scaled_frozen_contract_and_soc,58220.31798968719,43651.141213414805,14569.17677627238,68169.34976386225,61241.74713052891,6927.602633333333,3374.097648620634,3115.4529942132035,45,14,7214.462114235044,7732.529849818622,18750.341391013608,15363.760870801343,10800.0,10604.46183991076,1200.0,10800.0,1.0000992999994196,1.1368683772161603e-13,0,2.0,2.0
2025-09-16,greedy,error_scaled_frozen_contract_and_soc,43961.53138037968,43445.80555635468,515.7258240250004,67330.09638324095,60392.08636181238,6938.01002142857,3353.5466992850793,74.97800000000007,2,2,988.5364080247,0.0,20915.10015251662,17144.481765395612,10800.0,10574.165953492062,1266.068653492061,10800.0,0.0007465000089723617,2.2737367544323206e-13,0,2.0,2.0
2025-09-16,mpc,error_scaled_frozen_contract_and_soc,65698.00412499763,43445.80555635468,22252.19856864296,67330.09638324095,60392.08636181238,6938.01002142857,3353.5466992850793,4180.9920222472265,50,19,3782.0509379156247,2238.0748496335877,16356.609205134964,13511.566175291244,10800.0,10508.096978742307,1200.0,10800.0,1.0227804000023752,2.2737367544323206e-13,0,2.0,2.0
2025-09-17,greedy,error_scaled_frozen_contract_and_soc,45746.41147868802,43803.8710279101,1942.5404507779274,68502.02935162894,61397.987884962284,7104.041466666666,3345.7416682956346,393.8860021098998,8,2,2211.752809924031,0.0,21568.80224814815,17470.729820999997,10800.0,10800.0,1200.0,10800.0,0.0004011999990325421,2.2737367544323206e-13,0,2.0,2.0
2025-09-17,mpc,error_scaled_frozen_contract_and_soc,60547.90553603809,43803.8710279101,16744.03450812798,68502.02935162894,61397.987884962284,7104.041466666666,3345.7416682956346,3254.798068839098,49,15,4986.527774866079,1143.1211697677236,17933.220377724097,14892.132018556513,10800.0,10393.084986000003,1242.4148148148151,10800.0,1.0450974000123097,2.2737367544323206e-13,0,2.0,2.0
2025-09-18,greedy,error_scaled_frozen_contract_and_soc,44980.001903433775,43545.01433867389,1434.987564759882,67836.99849655578,60718.32801798436,7118.670478571428,3344.711830088412,251.87062599999678,8,4,2803.30812419165,258.93437142857124,20850.394292518013,17073.431458439583,10800.0,10594.875465,1200.0,10800.0,0.0008424999978160486,2.2737367544323206e-13,0,2.0,2.0
2025-09-18,mpc,error_scaled_frozen_contract_and_soc,62860.04205440319,43545.01433867389,19315.027715729295,67836.99849655578,60718.32801798436,7118.670478571428,3344.711830088412,3444.800015749119,42,19,3779.9338809513606,3146.532570734872,17348.33969359486,14242.67142583332,10800.0,10588.315251087237,1200.0,10800.0,1.0350965000106953,2.2737367544323206e-13,0,2.0,2.0
2025-09-19,greedy,error_scaled_frozen_contract_and_soc,23471.49786165161,23471.49786165161,0.0,40019.56377690402,32819.89049118974,7199.673285714286,3278.031452539205,0.0,0,0,3956.3295340378922,12181.844949999997,21313.676815962106,17260.301046905497,10795.803139973545,10800.0,1445.616998915341,10800.0,0.0003428000054555014,1.1368683772161603e-13,0,2.0,2.0
2025-09-19,mpc,error_scaled_frozen_contract_and_soc,36802.96229838482,23471.49786165161,13331.464436733211,40019.56377690402,32819.89049118974,7199.673285714286,3278.031452539205,2966.2361420186,43,13,5902.5600071533245,13934.041573859322,18136.38171303497,14815.196898934515,10795.803139973545,10657.216794000002,1478.3382870370401,10799.99997215541,0.9983131999906618,1.1368683772161603e-13,0,2.0,2.0
2025-09-20,greedy,error_scaled_frozen_contract_and_soc,24257.221751484638,23133.207800302953,1124.0139511816874,39573.03992208837,32565.73614351695,7007.303778571428,3208.361373838531,299.57850936400064,4,2,3709.5228666666662,13150.000726190476,22002.04371190476,17821.65540664286,10800.0,10800.0,1200.0,10800.0,0.0002741999924182892,1.1368683772161603e-13,0,2.0,2.0
2025-09-20,mpc,error_scaled_frozen_contract_and_soc,42994.48947864214,23133.207800302953,19861.281678339197,39573.03992208837,32565.73614351695,7007.303778571428,3208.361373838531,4048.4245949575675,49,14,5315.040097959379,16288.306716870362,17664.254508979786,14478.843340096912,10800.0,10610.225346863013,1301.7977407407416,10800.0,1.0567155000026105,1.1368683772161603e-13,0,2.0,2.0
2025-09-21,greedy,error_scaled_frozen_contract_and_soc,45307.33618767375,45173.60380282851,133.73238484523839,70827.40522342833,63755.99686866641,7071.408354761906,3151.405941684483,19.387423809523852,2,2,6646.934641064076,3589.291894620812,19583.639196143406,15862.747748876156,10800.0,10800.0,1225.3584526455031,10800.0,0.0005590000073425472,2.2737367544323206e-13,0,2.0,2.0
2025-09-21,mpc,error_scaled_frozen_contract_and_soc,54801.98490063526,45173.60380282851,9628.381097806752,70827.40522342833,63755.99686866641,7071.408354761906,3151.405941684483,2003.3399089533887,39,14,8172.5703836174325,4238.426442498635,18790.322673569368,15260.249031589432,10800.0,10755.458148890835,1200.0,10800.0,1.09362990000227,2.2737367544323206e-13,0,2.0,2.0
2025-09-22,greedy,error_scaled_frozen_contract_and_soc,49083.08811322174,44603.13399616072,4479.954117061015,69937.23876455401,63070.11174788735,6867.127016666667,3192.382817850039,731.0567184285668,7,3,2451.195510934742,2254.500235714286,20382.43268584078,16645.44170903103,10800.0,10649.254185,1200.0,10800.0,0.0006139000033726916,2.2737367544323206e-13,0,2.0,2.0000000000000004
2025-09-22,mpc,error_scaled_frozen_contract_and_soc,62502.19174167799,44603.13399616072,17899.05774551726,69937.23876455401,63070.11174788735,6867.127016666667,3192.382817850039,3653.8827470952924,52,16,5243.314993896418,3004.6214619047632,17582.93761954577,14465.361323221448,10800.0,10552.020165122918,1214.4425925925925,10800.0,1.024209900002461,2.2737367544323206e-13,0,2.0,2.0000000000000004
2025-09-23,greedy,error_scaled_frozen_contract_and_soc,51555.97148409261,45554.479072420945,6001.492411671671,71627.96696480404,64883.19483623261,6744.772128571429,3240.7280806650783,920.8572558586112,6,4,4304.095107642565,743.447176190477,21477.92701088264,17397.120878814934,10800.0,10800.0,1200.0,10800.0,0.00028310000197961926,2.2737367544323206e-13,0,2.0,2.0
2025-09-23,mpc,error_scaled_frozen_contract_and_soc,66108.00080576449,45554.479072420945,20553.52173334355,71627.96696480404,64883.19483623261,6744.772128571429,3240.7280806650783,4062.949220073678,50,19,7337.20545996214,1558.8936595238085,17980.334341896396,14605.993081266533,10800.0,10753.419706299495,1259.4062499999998,10800.0,0.9769015000056243,2.2737367544323206e-13,0,2.0,2.0
2025-09-24,greedy,error_scaled_frozen_contract_and_soc,49663.244853244716,45220.5207647978,4442.724088446908,71234.0608188967,64433.379206991944,6800.681611904763,3212.403541502499,843.2832096190484,6,2,4033.319866927278,2207.1823023809525,21442.11549958847,17368.113554666666,10800.0,10800.0,1200.0,10800.0,0.0004445999948075041,2.2737367544323206e-13,0,2.0,2.0
2025-09-24,mpc,error_scaled_frozen_contract_and_soc,60946.37585999403,45220.5207647978,15725.85509519623,71234.0608188967,64433.379206991944,6800.681611904763,3212.403541502499,3392.806087648335,53,13,5764.872502373406,3611.08650621192,18559.04209364471,15070.974109970713,10800.0,10757.611095423896,1200.0,10800.0,1.082006700002239,1.1368683772161603e-13,0,2.0,2.0
2025-09-25,greedy,error_scaled_frozen_contract_and_soc,45661.757889740504,45402.604719740506,259.1531700000001,71042.45664043503,64451.32243805407,6591.134202380954,3150.7444695545228,38.49000000000001,1,1,3627.4282427983617,3057.1938714285707,21648.283408614065,17535.1095609774,10800.0,10800.0,1488.9505329100552,10800.0,0.0002803999959724024,2.2737367544323206e-13,0,2.0,2.0
2025-09-25,mpc,error_scaled_frozen_contract_and_soc,59297.4766201313,45402.604719740506,13894.871900390786,71042.45664043503,64451.32243805407,6591.134202380954,3150.7444695545228,3156.004127335515,47,18,6616.128682876619,4175.130837949413,18142.16484725306,15018.11427887998,10800.0,10441.154719327777,1244.1999999999998,10800.0,1.041462799999863,2.2737367544323206e-13,0,2.0,2.0
2025-09-26,greedy,error_scaled_frozen_contract_and_soc,23353.827473105644,23353.827473105644,0.0,40036.43295086977,33355.04575325072,6681.387197619048,3113.442867245754,0.0,0,0,4815.37947207525,11185.57439778162,19745.422644428843,15993.79234198737,10800.0,10800.0,2087.5188703703698,10800.0,0.0003628999984357506,2.2737367544323206e-13,0,2.0,2.0
2025-09-26,mpc,error_scaled_frozen_contract_and_soc,28999.141352592735,23353.827473105644,5645.313879487087,40036.43295086977,33355.04575325072,6681.387197619048,3113.442867245754,1279.9936646993065,29,14,5829.55342154419,11798.09857330863,18795.732302766228,15390.806460621396,10800.0,10615.2630051325,1263.110416666669,10800.0,1.0892582000087714,2.2737367544323206e-13,0,2.0,2.0
2025-09-27,greedy,error_scaled_frozen_contract_and_soc,25946.291119335416,23356.35341644251,2589.9377028929075,39978.66456984139,33309.99310079377,6668.671469047619,3211.4105327946427,526.0379261347989,7,3,3048.1455664902965,13422.851659523807,22287.93521446208,18324.928780214286,10800.0,10498.109714999999,1200.0,10800.0,0.0008172000088961795,1.1368683772161603e-13,0,2.0,2.0
2025-09-27,mpc,error_scaled_frozen_contract_and_soc,53701.57944613012,23356.35341644251,30345.22602968761,39978.66456984139,33309.99310079377,6668.671469047619,3211.4105327946427,5992.027256445734,51,13,5132.002603191371,18093.005836904762,15859.426496808628,13184.441946331921,10800.0,10424.103906758963,1258.6823611111117,10800.0,0.9741396999888821,2.2737367544323206e-13,0,2.0,2.0
2025-09-28,greedy,error_scaled_frozen_contract_and_soc,49953.77278508262,45936.013922620405,4017.7588624622176,72086.65679717762,65383.4946733681,6703.162123809524,3050.425883550595,777.1113651607686,9,2,2992.0626201279365,0.0,22000.13681363903,17820.11081904762,10800.0,10800.0,1200.0,10800.0,0.0002840999950421974,2.2737367544323206e-13,0,2.0,2.0
2025-09-28,mpc,error_scaled_frozen_contract_and_soc,67727.04992783972,45936.013922620405,21791.036005219314,72086.65679717762,65383.4946733681,6703.162123809524,3050.425883550595,4243.3197690274355,50,13,6507.934105876362,1219.5925355055915,17442.7116530993,14531.941275895239,10800.0,10351.839070127997,1230.4649166666666,10800.0,1.0642043999978341,2.2737367544323206e-13,0,2.0,2.0
2025-09-29,greedy,error_scaled_frozen_contract_and_soc,47468.26276591135,46697.916325211365,770.3464406999906,73368.94636397372,66547.2534401642,6821.692923809524,2954.3690488812304,128.0750833333318,7,4,5643.709041339982,697.7457391534406,21502.745940623165,17417.224211904766,10800.0,10800.0,1200.0,10800.0,0.0004915000026812777,1.2789769243681803e-13,0,2.0,2.0
2025-09-29,mpc,error_scaled_frozen_contract_and_soc,59296.20275996335,46697.916325211365,12598.286434751994,73368.94636397372,66547.2534401642,6821.692923809524,2954.3690488812304,2516.5889194208735,43,16,7858.099468825876,1734.6696109051459,18530.288293766516,15307.567028198173,10800.0,10468.851655280785,1200.0,10800.0,1.0632640999974683,1.1368683772161603e-13,0,2.0,2.0
2025-09-30,greedy,error_scaled_frozen_contract_and_soc,53565.3524004226,47196.58393836664,6368.768462055962,73630.46911423956,66835.54411900145,6794.924995238094,2977.2340101192067,1129.6572192142855,7,3,2321.782350940616,0.0,22788.199118490695,18458.441285977467,10800.0,10800.0,1200.0,10800.0,0.0004209999897284433,1.1368683772161603e-13,0,2.0,2.0
2025-09-30,mpc,error_scaled_frozen_contract_and_soc,72565.21174527999,47196.58393836664,25368.627806913355,73630.46911423956,66835.54411900145,6794.924995238094,2977.2340101192067,5259.696594347131,56,15,6621.745651648966,1057.6707333333313,17738.13906063949,14635.975887035096,10800.0,10502.129724536546,1270.386111111111,10800.0,1.0146542999864323,2.2737367544323206e-13,0,2.0,2.0
2025-10-01,greedy,error_scaled_frozen_contract_and_soc,47102.49699559575,47102.49699559575,0.0,74124.15897640529,67162.50230259578,6961.656673809524,2911.490906224167,0.0,0,0,18617.532786605185,16347.963541593179,15334.173524397413,12420.680554761906,10800.0,10800.0,3285.4779100529113,10800.0,0.0003113999991910532,1.1368683772161603e-13,0,2.0,2.0
2025-10-01,mpc,error_scaled_frozen_contract_and_soc,47868.53470852433,47102.49699559575,766.0377129285719,74124.15897640529,67162.50230259578,6961.656673809524,2911.490906224167,279.2675452380954,7,6,19188.88222886842,15467.890505567195,18428.866287559707,14927.382178923359,10800.0,10799.999460000012,2365.4168719077284,10800.0,1.0648586000024807,2.2737367544323206e-13,0,2.0,2.0
2025-10-02,greedy,error_scaled_frozen_contract_and_soc,46340.76616200002,46333.4057209286,7.360441071428527,72563.62400611572,65617.49982992523,6946.124176190477,2919.3326498944043,1.6178571428571331,1,1,17055.104053822957,10322.371511904761,17103.477768959427,13853.816992857142,10800.0,10800.0,3401.9232328042344,10800.0,0.00041989999590441585,1.1368683772161603e-13,0,2.0,2.0
2025-10-02,mpc,error_scaled_frozen_contract_and_soc,47947.825609759544,46333.4057209286,1614.419888830952,72563.62400611572,65617.49982992523,6946.124176190477,2919.3326498944043,612.8401809523807,15,7,18535.478705859437,9245.666267438395,18334.98372254933,14877.770030207634,10800.0,10770.629761174801,2454.7193095322473,10800.0,1.078741799996351,2.2737367544323206e-13,0,2.0,2.0
2025-10-03,greedy,error_scaled_frozen_contract_and_soc,23177.227576465935,23177.227576465935,0.0,39889.234961129274,32902.59686351022,6986.6380976190485,2906.878992043849,0.0,0,0,10647.832582128158,24704.032433875058,17467.428833996786,14148.617355537397,10800.0,10800.0,2418.424251916122,10800.0,0.0008127999899443239,1.1368683772161603e-13,0,2.0,2.0
2025-10-03,mpc,error_scaled_frozen_contract_and_soc,25270.788560513553,23177.227576465935,2093.560984047619,39889.234961129274,32902.59686351022,6986.6380976190485,2906.878992043849,751.0459523809527,19,7,11567.99666671572,24387.10570694769,18245.370852527067,14778.75077934692,10800.0,10799.999568000007,2268.294575805012,10800.0,1.159609399997862,2.2737367544323206e-13,0,2.0,2.0
2025-10-04,greedy,error_scaled_frozen_contract_and_soc,24226.506819346745,24226.506819346745,0.0,41263.431303738005,34248.715294214206,7014.7160095238105,2902.5377871803566,0.0,0,0,11015.327223251032,15864.996224220944,17519.731185861354,14190.9822605477,10800.0,10800.0,1558.5643473808607,10800.0,0.00045900000259280205,1.1368683772161603e-13,0,2.0,2.0
2025-10-04,mpc,error_scaled_frozen_contract_and_soc,27980.28495506698,24226.506819346745,3753.778135720238,41263.431303738005,34248.715294214206,7014.7160095238105,2902.5377871803566,1056.1793095238093,20,8,10492.977830090564,17379.613019453707,17856.11220402716,14463.451371261986,10800.0,10799.999460000012,2193.9555736771563,10800.0,1.1720066999987466,1.1368683772161603e-13,0,2.0,2.0
2025-10-05,greedy,error_scaled_frozen_contract_and_soc,45078.37184755579,45078.37184755579,0.0,70565.3655464919,63495.26405363475,7070.101492857144,2884.046573928651,0.0,0,0,11751.04284369943,5441.116016666666,17460.304776602003,14142.846869047618,10800.0,10800.0,3007.4520876719585,10800.0,0.00034899999445769936,1.1368683772161603e-13,0,2.0,2.0
2025-10-05,mpc,error_scaled_frozen_contract_and_soc,47765.74420148674,45078.37184755579,2687.3723539309535,70565.3655464919,63495.26405363475,7070.101492857144,2884.046573928651,774.9372904761907,20,7,12050.186130705042,5776.7937689393,18249.13445714265,14791.56029839032,10800.0,10789.15401321692,2499.5571365892465,10800.0,1.1919196999951964,2.2737367544323206e-13,0,2.0,2.0
2025-10-06,greedy,error_scaled_frozen_contract_and_soc,45321.26841693552,45321.26841693552,0.0,70438.65505250404,63363.103623932606,7075.551428571429,2889.589141006706,0.0,0,0,9380.687054238315,1498.9165584068214,17781.30914462081,14402.860407142856,10800.0,10800.0,2854.4713875661337,10800.0,0.00046880000445526093,2.2737367544323206e-13,0,2.0,2.0
2025-10-06,mpc,error_scaled_frozen_contract_and_soc,49090.009719983274,45321.26841693552,3768.741303047754,70438.65505250404,63363.103623932606,7075.551428571429,2889.589141006706,868.5336534559549,18,9,8033.966468134814,3660.780330667712,18140.87072989199,14709.031525115472,10800.0,10783.415295663373,1439.6326481481483,10800.0,1.1178058000077726,2.2737367544323206e-13,0,2.0,2.0
2025-10-07,greedy,error_scaled_frozen_contract_and_soc,46810.28256889625,44879.471647150065,1930.8109217461786,69900.120997285,62892.32418538023,7007.796811904762,2889.099475697103,380.9217159047596,5,1,9742.517520105821,215.76102857142655,19007.93678064231,15396.42879232027,10800.0,10800.0,1200.0,10800.0,0.0006197000038810074,2.2737367544323206e-13,0,2.0,2.0
2025-10-07,mpc,error_scaled_frozen_contract_and_soc,53911.706340342345,44879.471647150065,9032.23469319228,69900.120997285,62892.32418538023,7007.796811904762,2889.099475697103,1979.675067748841,31,7,9332.131488888153,2354.8789299816617,18323.84187354498,14842.312403571428,10800.0,10799.999460000012,2064.2463513917487,10800.0,1.1309194000059506,2.2737367544323206e-13,0,2.0,2.0
2025-10-08,greedy,error_scaled_frozen_contract_and_soc,44430.3690132165,41116.03743873912,3314.331574477384,65671.4385672029,58606.04443625052,7065.394130952381,2840.33903894996,616.8367833333339,6,1,3060.3812867796255,695.5224952380981,21709.3328042328,17584.559571428574,10800.0,10800.0,1200.0,10800.0,0.00042579999717418104,2.2737367544323206e-13,0,2.0,2.0
2025-10-08,mpc,error_scaled_frozen_contract_and_soc,61432.16352156773,41116.03743873912,20316.126082828618,65671.4385672029,58606.04443625052,7065.394130952381,2840.33903894996,3866.108958488279,40,12,4454.034214270685,3273.6222606872743,17956.35379224494,14554.061077226008,10800.0,10789.539438324891,1200.0,10800.0,1.1076084000087576,2.2737367544323206e-13,0,2.0,2.0
2025-10-09,greedy,error_scaled_frozen_contract_and_soc,42727.32539331199,41553.560359860574,1173.7650334514128,66470.70306236047,59569.20521712238,6901.497845238095,2730.1529022600403,189.25918016792036,3,1,3128.067460514286,3413.7170004997033,21631.88259694298,17521.82490352381,10800.0,10800.0,1200.0,10800.0,0.0002970000059576705,1.1368683772161603e-13,0,2.0,2.0
2025-10-09,mpc,error_scaled_frozen_contract_and_soc,54235.15875874507,41553.560359860574,12681.598398884496,66470.70306236047,59569.20521712238,6901.497845238095,2730.1529022600403,2531.007196924492,50,17,5286.961249577344,4141.161858695241,18958.4976389701,15393.030576052955,10800.0,10759.280568347584,1200.4854907407403,10800.0,1.1121735000051558,2.2737367544323206e-13,0,2.0,2.0
2025-10-10,greedy,error_scaled_frozen_contract_and_soc,21515.854034565316,20631.806120904464,884.0479136608494,37140.35217305197,30371.032537337684,6769.319635714285,2754.0349878194843,183.60222583333672,3,2,2749.68035952381,22390.49719594894,21413.91800167011,17566.192846352787,10800.0,10554.534150000001,1200.0,10800.0,0.0003468999930191785,2.2737367544323206e-13,0,2.0,2.0
2025-10-10,mpc,error_scaled_frozen_contract_and_soc,30188.488808267874,20631.806120904464,9556.682687363409,37140.35217305197,30371.032537337684,6769.319635714285,2754.0349878194843,2424.3699302265395,49,14,4811.172070525611,23039.72942125801,19172.52219274019,15794.753269340537,10800.0,10505.544118643347,1200.0,10800.0,0.9942615999898408,2.2737367544323206e-13,0,2.0,2.0
2025-10-11,greedy,error_scaled_frozen_contract_and_soc,21709.641186561,21004.969795865567,704.671390695428,38030.57832077572,31500.58696125191,6529.991359523807,2503.5987604614297,115.27423371428563,1,1,3168.2809037624934,14187.440771393009,20520.60235990593,16621.68791152381,10800.0,10800.0,1200.0,10800.0,0.00044350000098347664,2.2737367544323206e-13,0,2.0,2.0
2025-10-11,mpc,error_scaled_frozen_contract_and_soc,30471.18926763362,21004.969795865567,9466.219471768054,38030.57832077572,31500.58696125191,6529.991359523807,2503.5987604614297,1859.0637596445836,38,15,5027.405879992606,14427.667664951792,18868.328642497985,15324.976537974464,10800.0,10753.744069387672,1200.0,10800.0,1.202431899990188,1.1368683772161603e-13,0,2.0,2.0
2025-10-12,greedy,error_scaled_frozen_contract_and_soc,43048.36645727044,42225.51877498702,822.8476822834208,67466.03420046369,60813.07997903512,6652.954221428568,2417.824016963017,126.33171557142748,2,2,3225.822682892412,99.40623571428591,21034.792530325052,17038.1819495633,10800.0,10800.0,1200.0,10800.0,0.0010242999996989965,2.2737367544323206e-13,0,2.0,2.0
2025-10-12,mpc,error_scaled_frozen_contract_and_soc,64396.545217793944,42225.51877498702,22171.026442806924,67466.03420046369,60813.07997903512,6652.954221428568,2417.824016963017,3688.541707546562,40,13,5034.042703637875,2926.1657642857135,16560.330981008163,13636.489957588163,10800.0,10552.642374476056,1245.4055925925927,10800.0,1.2374301999952877,2.2737367544323206e-13,0,2.0,2.0
2025-10-13,greedy,error_scaled_frozen_contract_and_soc,42819.72407344687,42819.72407344687,0.0,68329.9710602006,61637.92125543869,6692.049804761904,2380.2311676159134,0.0,0,0,5245.723642563194,2611.510026102293,21020.574930385286,17026.665693612078,10800.0,10800.0,1431.2462857142832,10800.0,0.0008372000011149794,2.2737367544323206e-13,0,2.0,2.0
2025-10-13,mpc,error_scaled_frozen_contract_and_soc,53317.524937461094,42819.72407344687,10497.800864014227,68329.9710602006,61637.92125543869,6692.049804761904,2380.2311676159134,2010.047508048304,36,15,5574.931080837698,4754.297811666666,18767.16106964165,15235.199548659013,10800.0,10762.445464167464,1200.0,10800.0,1.057712800000445,2.2737367544323206e-13,0,2.0,2.0
2025-10-14,greedy,error_scaled_frozen_contract_and_soc,56989.13461914044,42342.42069934457,14646.713919795871,67662.83204901649,61023.86252758793,6638.96952142857,2347.4402849338894,2393.8819471263646,9,2,1640.256345061729,0.0,20931.03499303351,17094.84977052381,10800.0,10643.653970925925,1200.0,10800.0,0.0007796999998390675,2.2737367544323206e-13,0,2.0,2.0
2025-10-14,mpc,error_scaled_frozen_contract_and_soc,71925.62068432203,42342.42069934457,29583.199984977466,67662.83204901649,61023.86252758793,6638.96952142857,2347.4402849338894,5632.970129780948,61,12,3643.2943452011614,2099.4890642857135,16978.50272384646,14005.75638310732,10800.0,10518.700914675901,1200.0,10800.0,1.2030175999971107,2.2737367544323206e-13,0,2.0,2.0
2025-10-15,greedy,error_scaled_frozen_contract_and_soc,63643.86862197806,42572.828528432874,21071.04009354518,67857.80737100467,61393.90627338563,6463.901097619047,2383.1624377083726,3139.8459188571446,9,3,849.518749176951,0.0,19237.04029959454,15595.223813671575,10800.0,10785.309809999999,1200.0,10800.0,0.0002789999998640269,2.2737367544323206e-13,0,2.0,2.0
2025-10-15,mpc,error_scaled_frozen_contract_and_soc,77149.47469740063,42572.828528432874,34576.64616896775,67857.80737100467,61393.90627338563,6463.901097619047,2383.1624377083726,6145.5539075476145,53,21,3120.755189756941,1411.4745023809521,15759.039701871696,12794.2261702192,10800.0,10767.328875885418,1212.1401666666661,10800.0,1.0785407000075793,1.1368683772161603e-13,0,2.0,2.0
2025-10-16,greedy,error_scaled_frozen_contract_and_soc,70294.10333216682,43335.049726941055,26959.05360522576,68815.09880206763,62238.7336734962,6576.365128571428,2455.2637875942855,4072.55235390855,9,2,1087.4242813639003,0.0,21195.9945781599,17168.755608309526,10800.0,10800.0,1200.0,10800.0,0.0003782999992836267,2.2737367544323206e-13,0,2.0,2.0
2025-10-16,mpc,error_scaled_frozen_contract_and_soc,85112.29624325165,43335.049726941055,41777.24651631058,68815.09880206763,62238.7336734962,6576.365128571428,2455.2637875942855,8173.171290346649,62,16,3376.2070463182918,2811.872457142857,16224.801606062656,13197.598921871424,10800.0,10738.32264337703,1256.0772777777775,10800.0,1.071425200003432,2.2737367544323206e-13,0,2.0,2.0
2025-10-17,greedy,error_scaled_frozen_contract_and_soc,21605.846384954562,21605.846384954562,0.0,38664.81656794344,32027.86504889582,6636.9515190476195,2506.456637620555,0.0,0,0,4245.997597942379,12662.99864822529,20171.16175621328,16338.641022532753,10800.0,10800.0,1485.3151476190437,10800.0,0.0004293000092729926,1.1368683772161603e-13,0,2.0,2.0
2025-10-17,mpc,error_scaled_frozen_contract_and_soc,32053.484054359855,21605.846384954562,10447.637669405289,38664.81656794344,32027.86504889582,6636.9515190476195,2506.456637620555,1970.8159461157907,30,18,4663.523463337948,14707.551926616332,18271.094036236194,14929.836500226484,10800.0,10655.277410138702,1200.0,10800.0,1.0846897000010358,2.2737367544323206e-13,0,2.0,2.0
2025-10-18,greedy,error_scaled_frozen_contract_and_soc,21589.131362585194,21589.131362585194,0.0,38509.94789558935,31971.56945511316,6538.378440476192,2482.781738271189,0.0,0,0,3848.9161270723116,13242.585611521157,19907.89405937684,16125.394188095237,10800.0,10800.0,2206.722676666669,10800.0,0.0005541999998968095,1.1368683772161603e-13,0,2.0,2.0
2025-10-18,mpc,error_scaled_frozen_contract_and_soc,33670.54922933994,21589.131362585194,12081.417866754742,38509.94789558935,31971.56945511316,6538.378440476192,2482.781738271189,2614.3194663665613,34,16,4343.41319924345,15994.36946291487,17534.735635811987,14384.197221728675,10800.0,10598.82071475448,1200.0,10800.0,1.1839955000032205,1.1368683772161603e-13,0,2.0,2.0
2025-10-19,greedy,error_scaled_frozen_contract_and_soc,59461.27028971454,44730.82991377739,14730.440375937149,71394.55904646474,64860.819329798076,6533.739716666667,2443.676969922738,2183.614278142858,8,3,2213.0882654908855,105.56499999999983,22233.598268534097,18009.21459751261,10800.0,10800.0,1200.0,10800.0,0.0005841999955009669,2.2737367544323206e-13,0,2.0,2.0
2025-10-19,mpc,error_scaled_frozen_contract_and_soc,72926.35664875283,44730.82991377739,28195.526734975436,71394.55904646474,64860.819329798076,6533.739716666667,2443.676969922738,5878.986553921365,62,18,4779.004413157358,2029.0287011904752,18088.64516610572,14658.269068162674,10800.0,10792.81501820329,1200.0,10800.0,1.1513741000089794,2.2737367544323206e-13,0,2.0,2.0
2025-10-20,greedy,error_scaled_frozen_contract_and_soc,54584.472552428284,45358.75830151472,9225.714250913567,72151.45863970749,65566.4253539932,6585.033285714284,2358.7170343346834,1873.2229619999994,9,1,2428.3364821281584,0.0,21823.394250918795,17676.949343244225,10800.0,10800.0,1200.0,10800.0,0.0005167999916011468,2.2737367544323206e-13,0,2.0,2.0
2025-10-20,mpc,error_scaled_frozen_contract_and_soc,67554.9526119149,45358.75830151472,22196.19431040019,72151.45863970749,65566.4253539932,6585.033285714284,2358.7170343346834,4439.990531503966,52,16,4887.272801491095,886.3642600995477,18704.38670598012,15336.474808264067,10800.0,10593.42047064426,1200.6935185185189,10800.0,1.5735926000052132,2.2737367544323206e-13,0,2.0,2.0
2025-10-21,greedy,error_scaled_frozen_contract_and_soc,58411.30497306207,46086.2018953668,12325.103077695265,73502.24367482154,66942.07826053585,6560.165414285714,2308.9285754739685,2088.4513691666675,14,4,1585.8799165490898,0.0,20487.494994040608,16594.870945172894,10800.0,10800.0,1200.0,10800.0,0.0004133999900659546,2.2737367544323206e-13,0,2.0,2.0
2025-10-21,mpc,error_scaled_frozen_contract_and_soc,71362.84259878707,46086.2018953668,25276.640703420264,73502.24367482154,66942.07826053585,6560.165414285714,2308.9285754739685,4689.324693938098,49,15,4672.191255591251,228.95965238095232,17424.160124046066,14245.933741830037,10800.0,10652.928842941426,1234.3277777777785,10800.0,1.2069645000010496,2.2737367544323206e-13,0,2.0,2.0
2025-10-22,greedy,error_scaled_frozen_contract_and_soc,59768.902812423155,46244.72960278269,13524.173209640472,73830.3093896807,67141.13495158547,6689.174438095238,2257.328809043651,2729.8632071428574,12,2,3570.778561638377,695.609457142861,21857.618756613752,17704.671192857142,10800.0,10800.0,1200.0,10800.0,0.00030840000545140356,2.2737367544323206e-13,0,2.0,2.0
2025-10-22,mpc,error_scaled_frozen_contract_and_soc,72141.2016956993,46244.72960278269,25896.472092916607,73830.3093896807,67141.13495158547,6689.174438095238,2257.328809043651,5126.290868490495,50,14,5702.54684421277,1523.33061310927,19277.6557796566,15687.769993093152,10800.0,10719.034653809658,1249.3854537037041,10800.0,1.282578199999989,2.2737367544323206e-13,0,2.0,2.0
2025-10-23,greedy,error_scaled_frozen_contract_and_soc,47093.702619503674,47093.702619503674,0.0,74733.27715085003,67985.64148418335,6747.635666666667,2270.035947595992,0.0,0,0,6624.178331687243,1074.7939499999993,21617.147795092373,17509.889714024826,10800.0,10800.0,1463.479684074075,10800.0,0.0005898000090382993,2.2737367544323206e-13,0,2.0,2.0
2025-10-23,mpc,error_scaled_frozen_contract_and_soc,58909.82712208148,47093.702619503674,11816.124502577806,74733.27715085003,67985.64148418335,6747.635666666667,2270.035947595992,2311.016894942404,37,16,7229.232817675469,3630.767279761905,18675.463216247004,15418.216055987185,10800.0,10476.565721303212,1307.5651388888896,10800.0,1.4832195000053616,2.2737367544323206e-13,0,2.0,2.0
2025-10-24,greedy,error_scaled_frozen_contract_and_soc,24306.199343676715,21902.11447396098,2404.0848697157294,39023.37647959759,32415.121265311875,6608.255214285713,2314.399745760556,437.16891673574094,6,2,3311.7026685479136,13372.220535714285,21641.228993356846,17529.39548461905,10800.0,10800.0,1200.0,10800.0,0.00056080000649672,1.1368683772161603e-13,0,2.0,2.0
2025-10-24,mpc,error_scaled_frozen_contract_and_soc,35396.60367459907,21902.11447396098,13494.48920063809,39023.37647959759,32415.121265311875,6608.255214285713,2314.399745760556,2971.087926190475,49,16,4815.559190443638,15057.101221296436,18927.06463230754,15470.049321592885,10800.0,10645.41447841803,1222.8916989723773,10800.0,1.4701154000067618,2.2737367544323206e-13,0,2.0,2.0
2025-10-25,greedy,error_scaled_frozen_contract_and_soc,23794.75563446761,21918.109285393362,1876.6463490742506,39205.496668345986,32623.274594536466,6582.222073809522,2326.929367033573,380.1313360238072,4,3,3432.9497259847135,11713.69186759352,20696.900849278907,16848.294609915916,10800.0,10706.88342,1200.0,10800.0,0.00037850000080652535,1.1368683772161603e-13,0,2.0,2.0
2025-10-25,mpc,error_scaled_frozen_contract_and_soc,33626.1022204527,21918.109285393362,11707.992935059348,39205.496668345986,32623.274594536466,6582.222073809522,2326.929367033573,2477.1212409071313,39,13,4537.814571243017,13116.658133333332,18692.177343042695,15254.412309794496,10800.0,10673.612597855657,1200.0,10800.0,1.3509883000078844,2.2737367544323206e-13,0,2.0,2.0
2025-10-26,greedy,error_scaled_frozen_contract_and_soc,47811.386656930576,47811.386656930576,0.0,75753.33514264342,69147.01568788153,6606.319454761904,2271.1908744996035,0.0,0,0,6683.676227954143,1269.8078142857146,19324.482696359708,15652.830984051368,10800.0,10800.0,1889.3283602380975,10800.0,0.0007923000084701926,1.1368683772161603e-13,0,2.0,2.0
2025-10-26,mpc,error_scaled_frozen_contract_and_soc,53457.26882612114,47811.386656930576,5645.882169190565,75753.33514264342,69147.01568788153,6606.319454761904,2271.1908744996035,1214.4180803686666,33,16,7660.0084857387965,1629.5644311405013,18932.855109815504,15382.87419177794,10800.0,10747.487163525131,1409.705216931217,10800.0,1.3384370999992825,2.2737367544323206e-13,0,2.0,2.0
2025-10-27,greedy,error_scaled_frozen_contract_and_soc,53168.702790965704,47660.34900441864,5508.353786547063,75700.90979807102,69208.38684807104,6492.522949999999,2231.9811451516675,804.3467520476179,3,2,7436.601420135217,3060.524453674311,20793.785940474096,16842.966611784024,10800.0,10800.0,1200.0,10800.0,0.0005195000121602789,2.2737367544323206e-13,0,2.0,2.0
2025-10-27,mpc,error_scaled_frozen_contract_and_soc,62197.26395365146,47660.34900441864,14536.914949232825,75700.90979807102,69208.38684807104,6492.522949999999,2231.9811451516675,3134.000793062469,46,14,9065.322361120572,4234.11222974427,18820.709519847354,15342.544867197745,10800.0,10691.366493198457,1201.761111111111,10800.0,1.4187132000079146,2.2737367544323206e-13,0,2.0,2.0
2025-10-28,greedy,error_scaled_frozen_contract_and_soc,47321.47266468915,47321.47266468915,0.0,75358.70216602224,69016.33370173653,6342.368464285714,2155.8738135367853,0.0,0,0,3955.5278983833014,55.10216190476194,22304.384065267615,18066.551092866765,10800.0,10800.0,1302.1251402116409,10800.0,0.00023660001170355827,1.1368683772161603e-13,0,2.0,2.0
2025-10-28,mpc,error_scaled_frozen_contract_and_soc,65829.2474291274,47321.47266468915,18507.774764438247,75358.70216602224,69016.33370173653,6342.368464285714,2155.8738135367853,3495.5366539831903,57,17,6349.858623305322,2046.9750093445066,18125.24798933442,14778.081935312146,10800.0,10692.632151165259,1200.0,10800.0,0.9781776000017999,2.2737367544323206e-13,0,2.0,2.0
2025-10-29,greedy,error_scaled_frozen_contract_and_soc,72795.75179671535,47350.657153303466,25445.094643411885,75025.76444658234,68830.59812991566,6195.166316666667,2230.307626822618,4137.325632023809,15,3,1471.7619177542606,0.0,19702.585846588874,15959.094535736986,10800.0,10800.0,1200.0,10800.0,0.000262100002146326,2.2737367544323206e-13,0,2.0,2.0
2025-10-29,mpc,error_scaled_frozen_contract_and_soc,80926.92828754205,47350.657153303466,33576.27113423859,75025.76444658234,68830.59812991566,6195.166316666667,2230.307626822618,6311.68913000952,57,15,4183.128611787277,43.01979166666668,17107.631595413004,13944.163272275084,10800.0,10703.353688899384,1200.0,10800.0,1.1778744000039296,2.2737367544323206e-13,0,2.0,2.0
2025-10-30,greedy,error_scaled_frozen_contract_and_soc,47440.11028935315,47440.11028935315,0.0,75330.8500409315,68949.04597188387,6381.804069047619,2192.001944521269,0.0,0,0,4257.239935890661,2127.777611904762,21666.204963874126,17549.626020738047,10800.0,10800.0,1220.755010925929,10800.0,0.00032649999775458127,2.2737367544323206e-13,0,2.0,2.0
2025-10-30,mpc,error_scaled_frozen_contract_and_soc,59117.990559910875,47440.11028935315,11677.88027055773,75330.8500409315,68949.04597188387,6381.804069047619,2192.001944521269,2459.4761433866215,44,15,6752.33194390783,2632.456511957552,19331.307947470836,15755.023769018091,10800.0,10692.595187148094,1307.1207579365087,10800.0,1.1811482999910368,1.1368683772161603e-13,0,2.0,2.0
2025-10-31,greedy,error_scaled_frozen_contract_and_soc,22393.925860719988,22393.925860719988,0.0,39777.52021905631,33616.74070000868,6160.779519047621,2313.4649255526174,0.0,0,0,2869.0140598284884,5054.188016666668,20837.2909758858,16878.2056904675,10800.0,10800.0,1621.6162689682535,10800.0,0.0004933000018354505,1.1368683772161603e-13,0,2.0,2.0
2025-10-31,mpc,error_scaled_frozen_contract_and_soc,39331.219888257794,22393.925860719988,16937.294027537806,39777.52021905631,33616.74070000868,6160.779519047621,2313.4649255526174,3306.8667975961853,40,16,4001.562639055216,7954.322582816133,17357.931185271515,14124.662247633221,10800.0,10728.06890270745,1200.0,10800.0,1.4911197000037646,2.2737367544323206e-13,0,2.0,2.0
2025-11-01,greedy,error_scaled_frozen_contract_and_soc,22534.255630120046,22534.255630120046,0.0,40019.47477706321,33530.666031825116,6488.808745238095,2210.9040837983325,0.0,0,0,4124.985409465022,7546.204463070402,20628.996477464574,16709.48714674631,10800.0,10800.0,1336.6579703347902,10800.0,0.00034919999598059803,2.2737367544323206e-13,0,2.0,2.0
2025-11-01,mpc,error_scaled_frozen_contract_and_soc,35346.29153092249,22534.255630120046,12812.035900802444,40019.47477706321,33530.666031825116,6488.808745238095,2210.9040837983325,2881.062365381418,40,17,4263.108703093856,10855.65172393223,17834.16619797391,14481.165056364891,10800.0,10760.566182215533,1200.0,10800.0,1.1528865000000224,2.2737367544323206e-13,0,2.0,2.0
2025-11-02,greedy,error_scaled_frozen_contract_and_soc,53389.56808442284,48662.99881414622,4726.5692702766155,77331.38349639978,70741.49922259025,6589.884273809523,2158.5864599603165,803.6954394999959,5,3,2739.1462629923562,0.0,22637.855158159407,18336.662678109125,10800.0,10800.0,1200.0,10800.0,0.00035039999056607485,2.2737367544323206e-13,0,2.0,2.0
2025-11-02,mpc,error_scaled_frozen_contract_and_soc,67731.9339176448,48662.99881414622,19068.935103498574,77331.38349639978,70741.49922259025,6589.884273809523,2158.5864599603165,3710.2555357231217,55,16,5856.464778855613,534.2316988095232,19136.47540181996,15580.27304021933,10800.0,10711.413372505376,1207.8080462962962,10800.0,0.9340431000018725,2.2737367544323206e-13,0,2.0,2.0
2025-11-03,greedy,error_scaled_frozen_contract_and_soc,49477.68392137831,49477.68392137831,0.0,78423.02759315632,71739.71783125155,6683.30976190476,2126.940651025079,0.0,0,0,2819.6646892710246,88.98572721928628,20621.4509047585,16703.375232854392,10800.0,10800.0,1714.2123319047653,10800.0,0.0003525000065565109,2.2737367544323206e-13,0,2.0,2.0
2025-11-03,mpc,error_scaled_frozen_contract_and_soc,61291.94855397207,49477.68392137831,11814.264632593744,78423.02759315632,71739.71783125155,6683.30976190476,2126.940651025079,2392.0514672705654,42,21,5566.7812745429355,242.9430947591597,18671.74076385148,15262.687577488588,10800.0,10646.02493470123,1207.7685185185187,10800.0,1.0598994000029052,2.2737367544323206e-13,0,2.0,2.0
2025-11-04,greedy,error_scaled_frozen_contract_and_soc,52967.13663285949,49767.25100969449,3199.885623164998,79115.04019740419,72295.72931883277,6819.310878571429,2088.4733752352768,480.3284157142855,4,3,6819.178434685478,1579.7635045855393,21163.874411227276,17142.738273094095,10800.0,10800.0,1200.0,10800.0,0.0005055000074207783,2.2737367544323206e-13,0,2.0,2.0
2025-11-04,mpc,error_scaled_frozen_contract_and_soc,58972.25632989607,49767.25100969449,9205.005320201575,79115.04019740419,72295.72931883277,6819.310878571429,2088.4733752352768,1910.6388504710376,51,12,9409.255163846936,715.5323911583263,20193.12684073113,16467.525883575436,10800.0,10676.56317490753,1214.8368333333342,10800.0,1.2164058000053046,2.2737367544323206e-13,0,2.0,2.0
2025-11-05,greedy,error_scaled_frozen_contract_and_soc,50412.351225517756,50250.762549035615,161.58867648214363,79605.05630321268,72763.95455083172,6841.101752380952,2078.6035962876977,37.57439285714304,1,1,3555.323641563782,818.5311761904752,22902.704773089397,18551.190866202407,10800.0,10800.0,1243.4520014814814,10800.0,0.0006677999917883426,1.1368683772161603e-13,0,2.0,2.0
2025-11-05,mpc,error_scaled_frozen_contract_and_soc,62722.215010738655,50250.762549035615,12471.452461703044,79605.05630321268,72763.95455083172,6841.101752380952,2078.6035962876977,2812.497462173995,55,17,6898.766733803754,998.0250551370068,19649.642559045747,16046.142554028414,10800.0,10655.631020887378,1353.1977407407421,10800.0,1.1550997000013012,2.2737367544323206e-13,0,2.0,2.0
2025-11-06,greedy,error_scaled_frozen_contract_and_soc,64683.84847627889,49715.14556564995,14968.702910628934,78794.67532223725,71945.921234142,6848.754088095237,2089.700535847698,3016.701284309525,13,2,2525.690064902997,0.0,22302.34086955369,18076.45062076706,10800.0,10787.1616484127,1200.0,10800.0,0.00038130000757519156,1.1368683772161603e-13,0,2.0,2.0000000000000004
2025-11-06,mpc,error_scaled_frozen_contract_and_soc,78336.51218514366,49715.14556564995,28621.366619493696,78794.67532223725,71945.921234142,6848.754088095237,2089.700535847698,5786.830804297897,54,16,5822.329003559313,202.91366320421446,19170.291274836018,15673.824107921546,10800.0,10637.90202743958,1264.4252222222237,10800.0,1.236691799989785,2.2737367544323206e-13,0,2.0,2.0000000000000004
2025-11-07,greedy,error_scaled_frozen_contract_and_soc,25270.200565855128,23201.977672113644,2068.222893741483,40894.91995371149,33849.13344180673,7045.786511904762,2095.518512562381,383.52930488374346,6,1,3642.363096061139,10245.101507142861,21540.759301557904,17448.0150342619,10800.0,10800.0,1200.0,10800.0,0.0003626000107033178,1.1368683772161603e-13,0,2.0,2.0
2025-11-07,mpc,error_scaled_frozen_contract_and_soc,34870.28418164817,23201.977672113644,11668.30650953452,40894.91995371149,33849.13344180673,7045.786511904762,2095.518512562381,2490.662659523809,42,13,6104.695887049093,10568.841555415951,19251.31972182067,15837.514939145649,10800.0,10528.94892836566,1635.414955329756,10800.0,1.3296693000011146,1.1368683772161603e-13,0,2.0,2.0
2025-11-08,greedy,error_scaled_frozen_contract_and_soc,23087.36619097064,23087.36619097064,0.0,40927.10582241693,33867.98656289312,7059.119259523808,2091.0191038889293,0.0,0,0,3456.0346521902225,9332.118180952382,20897.651885905012,16927.098027583066,10800.0,10800.0,1462.8120131746025,10800.0,0.0004827000084333122,2.2737367544323206e-13,0,2.0,2.0
2025-11-08,mpc,error_scaled_frozen_contract_and_soc,29463.009774026592,23087.36619097064,6375.643583055953,40927.10582241693,33867.98656289312,7059.119259523808,2091.0191038889293,1387.7983619047623,40,13,5412.190322438664,9084.644420235205,19546.07708827851,15896.406777583066,10800.0,10728.795182136138,1441.1107221884133,10800.0,1.4439277000055881,1.1368683772161603e-13,0,2.0,2.0
2025-11-09,greedy,error_scaled_frozen_contract_and_soc,57194.38020246732,51157.004457432406,6037.375745034906,80803.58510356687,73798.72309642403,7004.862007142856,2113.0129793736905,913.1602585476173,5,2,3850.129638624334,480.84930952380967,21960.806974885578,17816.131406157314,10800.0,10769.024715,1200.0,10800.0,0.0005433999904198572,2.2737367544323206e-13,0,2.0,2.0
2025-11-09,mpc,error_scaled_frozen_contract_and_soc,69700.95088266266,51157.004457432406,18543.94642523025,80803.58510356687,73798.72309642403,7004.862007142856,2113.0129793736905,3719.464324429001,44,16,6942.153684331884,858.1526023809524,18996.863595844694,15515.211299799741,10800.0,10658.053569816071,1224.1455000000003,10800.0,0.986916800000472,2.2737367544323206e-13,0,2.0,2.0
2025-11-10,greedy,error_scaled_frozen_contract_and_soc,67110.49213939095,51275.0592642404,15835.43287515054,81209.23184548825,74142.63040501205,7066.601440476191,2064.075010091587,2469.774874000006,9,4,1489.0082576425618,0.0,22372.436766606348,18121.67378095114,10800.0,10800.0,1200.0,10800.0,0.00115709999226965,1.1368683772161603e-13,0,2.0,2.0
2025-11-10,mpc,error_scaled_frozen_contract_and_soc,85059.13746402349,51275.0592642404,33784.07819978309,81209.23184548825,74142.63040501205,7066.601440476191,2064.075010091587,6288.314674771431,66,20,6199.170480908292,17.643600000000028,17786.69916000728,14445.202196846381,10800.0,10757.804580843907,1235.9732777777779,10800.0,1.7640798999927938,2.2737367544323206e-13,0,2.0,2.0
2025-11-11,greedy,error_scaled_frozen_contract_and_soc,51647.47538256731,51647.47538256731,0.0,81396.35070349099,74287.4566582529,7108.894045238096,2045.2043706457139,0.0,0,0,3771.8815507279096,59.53401904761836,22878.21101704879,18531.350923809525,10800.0,10800.0,1632.1848778571434,10800.0,0.0008362000080524012,2.2737367544323206e-13,0,2.0,2.0
2025-11-11,mpc,error_scaled_frozen_contract_and_soc,67924.1535893186,51647.47538256731,16276.678206751281,81396.35070349099,74287.4566582529,7108.894045238096,2045.2043706457139,3407.621789063979,45,15,7402.405972690425,669.3997107142857,19125.0561188958,15610.964350221735,10800.0,10667.03456231541,1218.5763796296292,10800.0,1.3038855000049807,2.2737367544323206e-13,0,2.0,2.0
2025-11-12,greedy,error_scaled_frozen_contract_and_soc,52415.92291289351,52070.02784968399,345.8950632095191,82249.26798134524,75158.09974086905,7091.1682404761905,2035.7392990665073,60.28102142857074,3,2,6443.100474368015,445.30456666666646,22448.26946028116,18183.09826282774,10800.0,10800.0,1200.0,10800.0,0.0004903000080958009,2.2737367544323206e-13,0,2.0,2.0
2025-11-12,mpc,error_scaled_frozen_contract_and_soc,65724.95459437538,52070.02784968399,13654.926744691384,82249.26798134524,75158.09974086905,7091.1682404761905,2035.7392990665073,2583.940589573747,49,16,9263.468535076347,751.744395238095,19634.51484957283,15972.491973253997,10800.0,10723.850061000001,1200.0,10800.0,0.822801399990567,2.2737367544323206e-13,0,2.0,2.0
2025-11-13,greedy,error_scaled_frozen_contract_and_soc,58223.14957819064,52318.09491027221,5905.054667918438,82418.05762104808,75329.81398771475,7088.243633333333,2042.6240492047618,851.6696505476222,2,1,5347.499413403884,70.3580119047615,21037.12535639808,17040.071538682445,10800.0,10800.0,1200.0,10800.0,0.0002812000020639971,2.2737367544323206e-13,0,2.0,2.0
2025-11-13,mpc,error_scaled_frozen_contract_and_soc,75435.40161192807,52318.09491027221,23117.30670165587,82418.05762104808,75329.81398771475,7088.243633333333,2042.6240492047618,4316.349539128567,51,13,8498.78884992214,942.1332666666657,18287.320965117917,14848.651950101501,10800.0,10760.086701826684,1200.0,10800.0,1.1451602000015555,2.2737367544323206e-13,0,2.0,2.0
2025-11-14,greedy,error_scaled_frozen_contract_and_soc,23818.639911710365,23818.639911710365,0.0,41973.101137965554,34927.87313320364,7045.228004761906,2056.3166119264674,0.0,0,0,3536.8384967372194,4975.601426824026,20194.741278819707,16357.740435843967,10800.0,10800.0,1643.274345317466,10800.0,0.00040460001036990434,1.1368683772161603e-13,0,2.0,2.0
2025-11-14,mpc,error_scaled_frozen_contract_and_soc,37916.35474039073,23818.639911710365,14097.714828680357,41973.101137965554,34927.87313320364,7045.228004761906,2056.3166119264674,2717.233523891586,42,18,4765.5261454461615,7028.446583333335,17554.85094979193,14282.149388142858,10800.0,10730.310979098453,1200.0,10800.0,1.1293418999994174,1.1368683772161603e-13,0,2.0,2.0
2025-11-15,greedy,error_scaled_frozen_contract_and_soc,24435.330571972703,23465.77867412245,969.5518978502507,41475.645900943506,34574.90144856255,6900.744452380952,2023.0739682424203,171.71050192856748,2,1,3235.0638888329895,3967.944821428572,21555.387028777186,17459.863493309524,10800.0,10800.0,1200.0,10800.0,0.0003728000010596588,2.2737367544323206e-13,0,2.0,2.0
2025-11-15,mpc,error_scaled_frozen_contract_and_soc,36416.801217312015,23465.77867412245,12951.022543189563,41475.645900943506,34574.90144856255,6900.744452380952,2023.0739682424203,2779.2032189365336,48,13,3893.7435608873866,6571.49951673529,18527.35751855893,15086.575633444416,10800.0,10711.759951764798,1200.0,10800.0,1.0578573000093456,2.2737367544323206e-13,0,2.0,2.0
2025-11-16,greedy,error_scaled_frozen_contract_and_soc,54676.08681988678,53194.708422928146,1481.3783969586323,83756.42577872,76950.79882633906,6805.6269523809515,1897.4986004251987,341.4593354329106,2,1,3160.445888012409,0.0,23978.416703997653,19422.51753023809,10800.0,10800.0,1200.0,10800.0,0.0003521000035107136,2.2737367544323206e-13,0,2.0,2.0
2025-11-16,mpc,error_scaled_frozen_contract_and_soc,70488.70970544264,53194.708422928146,17294.00128251449,83756.42577872,76950.79882633906,6805.6269523809515,1897.4986004251987,3644.6293627193927,54,19,7280.670851965134,65.51564746978957,20157.41257709894,16484.083987475417,10800.0,10626.022444416361,1233.9434298941828,10800.0,1.168044900012319,2.2737367544323206e-13,0,2.0,2.0
2025-11-17,greedy,error_scaled_frozen_contract_and_soc,53923.77126910141,53923.77126910141,0.0,84666.64070325336,77829.24399611051,6837.396707142857,1901.5422819735318,0.0,0,0,8260.725937771898,299.37202380952453,21669.349517571645,17552.173109233037,10800.0,10800.0,1680.074838624337,10800.0,0.0005324999947333708,2.2737367544323206e-13,0,2.0,2.0000000000000004
2025-11-17,mpc,error_scaled_frozen_contract_and_soc,62673.8119867264,53923.77126910141,8750.040717625003,84666.64070325336,77829.24399611051,6837.396707142857,1901.5422819735318,1990.7747809523821,37,15,10558.35968317932,446.3471916666675,20033.74134121184,16370.399065185415,10800.0,10641.034912440202,1325.9365000000007,10800.0,0.986996799998451,2.2737367544323206e-13,0,2.0,2.0000000000000004
2025-11-18,greedy,error_scaled_frozen_contract_and_soc,53473.26678517408,53473.26678517408,0.0,84106.99638178817,77369.96907702627,6737.027304761904,1927.7677858507536,0.0,0,0,3013.250463580245,0.0,22372.592652222163,18121.800048299956,10800.0,10800.0,1317.631423333333,10800.0,0.00036460001138038933,2.2737367544323206e-13,0,2.0,2.0
2025-11-18,mpc,error_scaled_frozen_contract_and_soc,71694.52400744951,53473.26678517408,18221.257222275428,84106.99638178817,77369.96907702627,6737.027304761904,1927.7677858507536,3512.3336112476204,45,19,7260.971252912321,170.78828333333263,18594.761534318663,15250.144391814241,10800.0,10590.680501093193,1200.0,10800.0,1.098308700005873,2.2737367544323206e-13,0,2.0,2.0
2025-11-19,greedy,error_scaled_frozen_contract_and_soc,55479.86508726546,53406.078978424324,2073.78610884113,84018.61857214294,77319.0790792858,6699.539492857143,1886.736526297102,430.3733974941189,5,2,2002.0753522561122,0.0,24253.19111904762,19645.084806428575,10800.0,10800.0,1200.0,10800.0,0.0004378000012366101,2.2737367544323206e-13,0,2.0,2.0
2025-11-19,mpc,error_scaled_frozen_contract_and_soc,73028.33137005978,53406.078978424324,19622.252391635455,84018.61857214294,77319.0790792858,6699.539492857143,1886.736526297102,4168.757192935476,56,18,6633.821558793066,59.01163333333329,19946.335988701143,16290.603720511026,10800.0,10651.031589263217,1263.9338240740747,10800.0,1.2533296000037808,2.2737367544323206e-13,0,2.0,2.0
2025-11-20,greedy,error_scaled_frozen_contract_and_soc,54012.007535761484,54012.007535761484,0.0,84822.03550220793,78208.28658077934,6613.748921428571,1894.158618412539,0.0,0,0,4788.664974132854,5.755878571428411,22685.59231355295,18461.589640239785,10800.0,10704.155704153443,1200.9205691534448,10800.0,0.0005267999949865043,1.1368683772161603e-13,0,2.0,2.0
2025-11-20,mpc,error_scaled_frozen_contract_and_soc,68125.24789462792,54012.007535761484,14113.240358866427,84822.03550220793,78208.28658077934,6613.748921428571,1894.158618412539,2979.4722379675295,46,17,7835.364440979118,691.6218595238091,19515.390203849543,16044.480740367497,10800.0,10536.650360834039,1322.7384814814818,10800.0,1.1242195000086213,2.2737367544323206e-13,0,2.0,2.0
2025-11-21,greedy,error_scaled_frozen_contract_and_soc,25220.15206784945,23468.256585370724,1751.8954824787259,41461.60402760829,34979.49093713211,6482.11309047619,1953.2579415734915,303.5325705583627,3,1,3238.8931561434456,4902.402480952381,20886.200008142267,16917.82200659524,10800.0,10800.0,1200.0,10800.0,0.00038729999505449086,2.2737367544323206e-13,0,2.0,2.0
2025-11-21,mpc,error_scaled_frozen_contract_and_soc,32674.51036051477,23468.256585370724,9206.253775144049,41461.60402760829,34979.49093713211,6482.11309047619,1953.2579415734915,2343.549373809524,39,14,3899.634517864475,6900.160965476191,18767.61401070695,15417.719052153603,10800.0,10560.053662798924,1386.1560129788336,10800.0,1.054130200005602,1.1368683772161603e-13,0,2.0,2.0
2025-11-22,greedy,error_scaled_frozen_contract_and_soc,23504.761917027696,23504.761917027696,0.0,41820.895942648465,35443.76516169608,6377.13078095238,1889.5195229401984,0.0,0,0,2346.0602216637344,3931.965576638311,21311.16183741224,17262.041088303915,10800.0,10800.0,1476.394849794588,10800.0,0.00044920000073034316,1.1368683772161603e-13,0,2.0,2.0
2025-11-22,mpc,error_scaled_frozen_contract_and_soc,31043.731570556876,23504.761917027696,7538.969653529181,41820.895942648465,35443.76516169608,6377.13078095238,1889.5195229401984,1780.4548568428581,46,17,3830.873639690814,4623.839642185044,19530.206650267,15877.318527889629,10800.0,10735.720954251816,1294.7145806878323,10800.0,1.4041437999985646,1.1368683772161603e-13,0,2.0,2.0
2025-11-23,greedy,error_scaled_frozen_contract_and_soc,56987.93219411418,54674.362659846556,2313.5695342676217,85854.437321581,79537.28439539052,6317.152926190475,1933.7073629309123,491.4640800000006,5,2,5989.325112760613,556.0778595238095,23423.737748177533,18973.227576023808,10800.0,10800.0,1200.0,10800.0,0.0009518000006210059,1.1368683772161603e-13,0,2.0,2.0
2025-11-23,mpc,error_scaled_frozen_contract_and_soc,70309.45995565847,54674.362659846556,15635.097295811905,85854.437321581,79537.28439539052,6317.152926190475,1933.7073629309123,3389.4159833333338,46,16,9056.631535961253,915.1144359496217,20720.154134405188,16798.035058544585,10800.0,10783.655322581802,1423.5726936157143,10800.0,1.4597084999986691,2.2737367544323206e-13,0,2.0,2.0
2025-11-24,greedy,error_scaled_frozen_contract_and_soc,55147.01166696542,53897.20059542732,1249.8110715381024,84962.1516500487,78643.70240957252,6318.449240476191,1926.0664553174188,238.0139595238104,6,2,6452.557816449625,611.286996189996,21851.964536614236,17819.439280157534,10800.0,10667.391104999997,1200.0,10800.0,0.0006323999987216666,1.1368683772161603e-13,0,2.0,2.0
2025-11-24,mpc,error_scaled_frozen_contract_and_soc,66081.25834167676,53897.20059542732,12184.057746249438,84962.1516500487,78643.70240957252,6318.449240476191,1926.0664553174188,2536.1815571464676,46,16,8709.135186230673,1218.9001178066887,19931.56053569268,16465.058173011064,10800.0,10443.895401000002,1303.4757936507926,10800.0,1.2140829999989364,2.2737367544323206e-13,0,2.0,2.0
2025-11-25,greedy,error_scaled_frozen_contract_and_soc,54390.67065916518,54390.67065916518,0.0,85613.50520096297,79317.41803905819,6296.087161904761,1939.2092011848808,0.0,0,0,3727.4256763892013,0.0,23112.779176954722,18721.351133333334,10800.0,10800.0,1337.9735794709036,10800.0,0.0005043999990448356,2.2737367544323206e-13,0,2.0,2.0
2025-11-25,mpc,error_scaled_frozen_contract_and_soc,66282.43604927626,54390.67065916518,11891.76539011107,85613.50520096297,79317.41803905819,6296.087161904761,1939.2092011848808,2587.3130970033935,51,21,6645.893363184915,280.6043333333326,20615.23682349234,16835.567702996603,10800.0,10647.526804480212,1225.1974074074105,10800.0,1.6582339000015054,2.2737367544323206e-13,0,2.0,2.0
2025-11-26,greedy,error_scaled_frozen_contract_and_soc,55155.00962947012,54828.563714136784,326.445915333333,86199.91481484554,79869.59393389316,6330.320880952381,1934.6051643617457,69.69383333333326,1,1,3732.2928234567908,0.0,23461.704841895695,19003.980921935516,10800.0,10800.0,1653.4500740740746,10800.0,0.00048770000285003334,2.2737367544323206e-13,0,2.0,2.0
2025-11-26,mpc,error_scaled_frozen_contract_and_soc,70575.71691522555,54828.563714136784,15747.153201088759,86199.91481484554,79869.59393389316,6330.320880952381,1934.6051643617457,3210.3196729451283,46,15,7551.348570077767,76.45286547619006,19839.82513336996,16136.983985895149,10800.0,10725.860413482797,1308.9479378306887,10800.0,1.2150462999998126,2.2737367544323206e-13,0,2.0,2.0
2025-11-27,greedy,error_scaled_frozen_contract_and_soc,55806.472097253565,54911.70616906764,894.7659281859287,86148.90501916924,79835.1138405978,6313.791178571429,1916.3027877082538,128.26346447619392,1,1,5530.372265873021,454.4132595238093,21589.689141158084,17487.648204338046,10800.0,10800.0,1200.0,10800.0,0.0006011999939801171,2.2737367544323206e-13,0,2.0,2.0
2025-11-27,mpc,error_scaled_frozen_contract_and_soc,66679.80591215036,54911.70616906764,11768.099743082725,86148.90501916924,79835.1138405978,6313.791178571429,1916.3027877082538,2385.6403574057927,39,19,8136.48203820382,401.7855238095245,20184.635814065383,16378.700020932258,10800.0,10767.616653845227,1258.2415449735445,10800.0,1.2665287999989232,2.2737367544323206e-13,0,2.0,2.0
2025-11-28,greedy,error_scaled_frozen_contract_and_soc,23680.383153123836,23680.383153123836,0.0,42196.29620267449,35867.109236007826,6329.186966666666,1882.2410944798412,0.0,0,0,2946.3653185869753,3017.0739404761907,21833.0333623654,17684.75702351598,10800.0,10800.0,1207.8628439153417,10800.0,0.0003479000006336719,1.1368683772161603e-13,0,2.0,2.0
2025-11-28,mpc,error_scaled_frozen_contract_and_soc,35804.484724215654,23680.383153123836,12124.101571091818,42196.29620267449,35867.109236007826,6329.186966666666,1882.2410944798412,2447.7471762968466,45,15,4810.051287533552,4207.37092666388,19094.054145326376,15552.013585314371,10800.0,10704.633636000002,1200.0,10800.0,1.095486099991831,2.2737367544323206e-13,0,2.0,2.0
2025-11-29,greedy,error_scaled_frozen_contract_and_soc,33503.45683536385,23954.974562013544,9548.48227335031,42622.50972703158,36408.54185322206,6213.967873809524,1815.2023399338495,1442.4591935398473,4,1,1291.9337283950624,0.0,18706.286790652557,15223.949369904762,10800.0,10720.158811693123,1200.0,10800.0,0.0003735000063898042,2.2737367544323206e-13,0,2.0,2.0
2025-11-29,mpc,error_scaled_frozen_contract_and_soc,55074.89081049671,23954.974562013544,31119.91624848317,42622.50972703158,36408.54185322206,6213.967873809524,1815.2023399338495,5517.730253682705,45,13,3862.6862078465656,2609.0668952380956,13954.061882629621,11576.272776428574,10800.0,10496.130387223808,1200.0,10800.0,1.4064839000056963,1.1368683772161603e-13,0,2.0,2.0
2025-11-30,greedy,error_scaled_frozen_contract_and_soc,72236.84990694732,55698.0218602939,16538.828046653423,87375.76941048099,80982.65124857624,6393.118161904762,1874.0057551401983,2435.5817820238135,5,2,1399.3664556437398,0.0,23433.475081223696,18981.11481579119,10800.0,10800.0,1200.0,10800.0,0.00036109999928157777,2.2737367544323206e-13,0,2.0,2.0
2025-11-30,mpc,error_scaled_frozen_contract_and_soc,86234.86260444579,55698.0218602939,30536.840744151898,87375.76941048099,80982.65124857624,6393.118161904762,1874.0057551401983,6023.899569057141,60,15,5906.290791631309,16.018816666666602,18992.097995236127,15474.363095424531,10800.0,10699.151423018591,1200.0,10800.0,1.2449383000057423,2.2737367544323206e-13,0,2.0,2.0
2025-12-01,greedy,error_scaled_frozen_contract_and_soc,122512.0780387774,56233.99569057187,66278.08234820553,88220.65746476961,81876.96102905532,6343.696435714286,1882.467151936111,12073.918196166669,25,3,684.5000969429764,0.0,23258.136790441007,18839.090800257207,10800.0,10800.0,1200.0,10800.0,0.00034500000765547156,2.2737367544323206e-13,0,2.0,2.0
2025-12-01,mpc,error_scaled_frozen_contract_and_soc,118940.16044158279,56233.99569057187,62706.164751010925,88220.65746476961,81876.96102905532,6343.696435714286,1882.467151936111,14944.829874080951,95,12,4349.45635521136,36.98644047619071,19696.603025029763,16108.58805567626,10800.0,10628.51154955317,1233.4641944444447,10800.0,1.0177421999978833,2.2737367544323206e-13,0,2.0,2.0
2025-12-02,greedy,error_scaled_frozen_contract_and_soc,138938.01160394202,56667.03141579642,82270.98018814562,88920.85032096932,82297.12137335027,6623.728947619049,2184.01991595869,14853.754597452376,31,4,223.555954761905,0.0,21583.361156229494,17505.647483045894,10800.0,10774.305615000001,1200.0,10800.0,0.0003159000043524429,2.2737367544323206e-13,0,2.0,2.0
2025-12-02,mpc,error_scaled_frozen_contract_and_soc,132269.99271445296,56667.03141579642,75602.96129865653,88920.85032096932,82297.12137335027,6623.728947619049,2184.01991595869,16982.69812570265,102,10,2863.640330967548,47.283158333333205,19036.53197288099,15517.2423059861,10800.0,10691.49843560834,1225.464814814815,10800.0,0.9092692999984138,2.2737367544323206e-13,0,2.0,2.0
2025-12-03,greedy,error_scaled_frozen_contract_and_soc,113671.65604903646,57655.64496300536,56016.0110860311,90144.9749482067,83123.41321487338,7021.561733333334,2508.914765665674,9949.074292214289,28,4,277.5980238095236,0.0,22171.315190436275,18195.32939525338,10800.0,10537.15101,1200.0,10800.0,0.0009477000130573288,1.1368683772161603e-13,0,2.0,2.0
2025-12-03,mpc,error_scaled_frozen_contract_and_soc,111834.58324208036,57655.64496300536,54178.938279074995,90144.9749482067,83123.41321487338,7021.561733333334,2508.914765665674,12773.823171357144,97,11,3721.7823552519612,23.607499999999657,18786.87910899384,15453.936266110526,10800.0,10537.150902416091,1200.0,10800.0,0.9673340000008466,2.2737367544323206e-13,0,2.0,2.0
2025-12-04,greedy,error_scaled_frozen_contract_and_soc,108806.17527184333,58027.93627935938,50778.238992483944,90537.53711553279,83139.46003219945,7398.077083333334,2548.5113268615073,9654.671717599647,23,3,582.1999095238118,0.0,24389.194211724556,19829.353690496893,10754.182551111111,10671.84213,1200.0,10754.182551111111,0.0004228000034345314,2.2737367544323206e-13,0,2.0,2.0
2025-12-04,mpc,error_scaled_frozen_contract_and_soc,110744.1564350518,58027.93627935938,52716.22015569242,90537.53711553279,83139.46003219945,7398.077083333334,2548.5113268615073,12681.502279116605,90,11,4483.109141510883,11.611541666666767,20551.92846307082,16877.778153979936,10754.182551111111,10497.831330119367,1202.316305555557,10754.182551111111,1.272170800002641,2.2737367544323206e-13,0,2.0,2.0
2025-12-05,greedy,error_scaled_frozen_contract_and_soc,59430.57475241535,25951.930932245697,33478.64382016965,45567.71520339204,37767.93672243967,7799.778480952381,2633.092531379444,6491.89379713176,20,2,260.43525905349975,0.0,18850.502698089356,15733.99748995238,10800.0,10283.232995,1200.0,10800.0,0.00037620001239702106,2.2737367544323206e-13,0,2.0,2.0
2025-12-05,mpc,error_scaled_frozen_contract_and_soc,68865.24026168115,25951.930932245697,42913.30932943546,45567.71520339204,37767.93672243967,7799.778480952381,2633.092531379444,9997.914952887091,76,9,2247.724304193581,2307.4219828884798,14819.448127203654,12491.632791339909,10800.0,10257.911324105613,1200.0,10800.0,1.1639468999928795,2.2737367544323206e-13,0,2.0,2.0
2025-12-06,greedy,error_scaled_frozen_contract_and_soc,81360.2224257089,26273.32777695887,55086.89464875002,46409.333617705444,38146.53800818163,8262.795609523808,2552.953859644524,9775.130704389796,31,3,232.46336666666627,0.0,16327.003021428569,13309.164075523804,10800.0,10706.34263537037,1200.0,10800.0,0.0007563999970443547,1.1368683772161603e-13,0,2.0,2.0
2025-12-06,mpc,error_scaled_frozen_contract_and_soc,69126.34949306473,26273.32777695887,42853.02171610585,46409.333617705444,38146.53800818163,8262.795609523808,2552.953859644524,10466.454471199317,87,11,1014.9435397793953,42.01979999999999,15649.81808641108,12765.155346809523,10800.0,10701.330336870502,1200.0,10800.0,1.3910382999893045,1.1368683772161603e-13,0,2.0,2.0
2025-12-07,greedy,error_scaled_frozen_contract_and_soc,93226.06230850439,60394.22383365179,32831.838474852615,93885.33562833967,85180.92427595872,8704.411352380952,2551.280656078968,6043.115007166667,21,4,435.441826190475,0.0,24359.92355742691,19721.606010015792,10788.964365,10800.0,1200.0,10800.0,0.0004470999992918223,2.2737367544323206e-13,0,2.0,2.0
2025-12-07,mpc,error_scaled_frozen_contract_and_soc,99942.25952868286,60394.22383365179,39548.03569503107,93885.33562833967,85180.92427595872,8704.411352380952,2551.280656078968,9377.324250414715,92,15,4742.328783652271,39.08583333333338,20128.045121393683,16501.491121529652,10788.964365,10569.214839221368,1200.0,10788.964365,1.1419510999985505,2.2737367544323206e-13,0,2.0,2.0
2025-12-08,greedy,error_scaled_frozen_contract_and_soc,65618.92103728512,65618.92103728512,0.0,101552.03995169433,92512.67531598004,9039.364635714286,2453.238970230277,0.0,0,0,9459.183600764265,0.0,22008.167323190923,17826.615531784657,10800.0,10800.0,1335.7416269841272,10800.0,0.000345499996910803,2.2737367544323206e-13,0,2.0,2.0
2025-12-08,mpc,error_scaled_frozen_contract_and_soc,75273.40272767103,65618.92103728512,9654.481690385914,101552.03995169433,92512.67531598004,9039.364635714286,2453.238970230277,1892.1436731319363,35,12,11385.354547488689,199.73449166666674,21191.276888371263,17243.48686222415,10800.0,10712.719352618415,1289.718731481481,10800.0,1.4226111000025412,2.2737367544323206e-13,0,2.0,2.0
2025-12-09,greedy,error_scaled_frozen_contract_and_soc,66277.64944225336,66093.5009167486,184.14852550476195,102052.54773784944,93007.84726165896,9044.700476190477,2451.423318924603,31.680066666666676,2,1,11146.242592210478,32.252071428571526,22990.63219509238,18622.41207802484,10800.0,10800.0,1356.1144052645525,10800.0,0.00037290000182110816,2.2737367544323206e-13,0,2.0,2.0
2025-12-09,mpc,error_scaled_frozen_contract_and_soc,76005.59317915817,66093.5009167486,9912.092262409566,102052.54773784944,93007.84726165896,9044.700476190477,2451.423318924603,1940.759690428692,32,17,13108.961435811332,277.6177369047608,21653.1618229201,17583.946591167576,10800.0,10750.127205997456,1290.7532314814825,10800.0,1.2728164000000106,2.2737367544323206e-13,0,2.0,2.0
2025-12-10,greedy,error_scaled_frozen_contract_and_soc,65181.70475544554,65181.70475544554,0.0,101157.41560498325,92158.29658593563,8999.11901904762,2463.23763098984,0.0,0,0,7476.492346766614,0.0,22577.678501892184,18287.919586532673,10800.0,10800.0,1511.9549000793668,10800.0,0.00045790000876877457,1.7053025658242404e-13,0,2.0,2.0
2025-12-10,mpc,error_scaled_frozen_contract_and_soc,77784.6079038351,65181.70475544554,12602.903148389552,101157.41560498325,92158.29658593563,8999.11901904762,2463.23763098984,2420.1648213373246,35,16,10201.6632784739,132.61512738095146,20928.260913042042,17076.123235433442,10800.0,10661.964560145123,1333.7070277777802,10800.0,1.2394600000116043,2.2737367544323206e-13,0,2.0,2.0
2025-12-11,greedy,error_scaled_frozen_contract_and_soc,66052.63903305982,66052.63903305982,0.0,101951.4263569448,93080.86779265906,8870.558564285715,2505.3478312481348,0.0,0,0,14384.087996766604,54.889947619047234,20511.546206451654,16614.352427225836,10800.0,10800.0,1773.7174867724914,10800.0,0.0009023999882629141,2.2737367544323206e-13,0,2.0,2.0
2025-12-11,mpc,error_scaled_frozen_contract_and_soc,69303.6596267515,66052.63903305982,3251.0205936916736,101951.4263569448,93080.86779265906,8870.558564285715,2505.3478312481348,598.7479619047631,22,12,14435.05593390725,486.35991651155626,21797.271953989926,17783.768118892505,10800.0,10657.802404265925,1539.0553656480397,10800.0,1.1908945999894058,2.2737367544323206e-13,0,2.0,2.0
2025-12-12,greedy,error_scaled_frozen_contract_and_soc,30521.884334211398,30521.884334211398,0.0,54774.614544678145,45929.018720868626,8845.595823809525,2524.246709379365,0.0,0,0,4880.29996493239,848.8432525279215,18743.257712174098,15182.038746861019,10800.0,10800.0,1607.912708994708,10800.0,0.00044010000419802964,1.1368683772161603e-13,0,2.0,2.0
2025-12-12,mpc,error_scaled_frozen_contract_and_soc,41036.214489386606,30521.884334211398,10514.330155175208,54774.614544678145,45929.018720868626,8845.595823809525,2524.246709379365,2081.7183578133986,39,16,6899.654515040385,1482.1224392857137,16775.033186022596,13784.729599761906,10800.0,10581.163645462664,1200.0,10800.0,1.0800422000029357,1.1368683772161603e-13,0,2.0,2.0
2025-12-13,greedy,error_scaled_frozen_contract_and_soc,31011.08850279064,31011.08850279064,0.0,55826.257334602524,46868.25385126918,8958.003483333334,2490.7981961979367,0.0,0,0,6980.946019841271,572.2235190476191,18926.746694232148,15330.664822328044,10800.0,10800.0,1909.202751322751,10800.0,0.0006107999943196774,2.2737367544323206e-13,0,2.0,2.0
2025-12-13,mpc,error_scaled_frozen_contract_and_soc,43028.56540711957,31011.08850279064,12017.47690432893,55826.257334602524,46868.25385126918,8958.003483333334,2490.7981961979367,2256.755220693828,34,13,8230.883224996687,2016.0181714285718,16752.851370029115,13593.74613496755,10800.0,10773.403860840033,1200.0,10800.0,1.0006205000099726,1.1368683772161603e-13,0,2.0,2.0
2025-12-14,greedy,error_scaled_frozen_contract_and_soc,66192.6211090874,66192.6211090874,0.0,102323.11247935383,93405.10787697288,8918.004602380954,2479.623642392539,0.0,0,0,8970.955860523227,0.0,23266.52298131404,18845.883614864382,10800.0,10800.0,1645.9811243386248,10800.0,0.00035849999403581023,2.2737367544323206e-13,0,2.0,2.0
2025-12-14,mpc,error_scaled_frozen_contract_and_soc,75223.7572228493,66192.6211090874,9031.136113761908,102323.11247935383,93405.10787697288,8918.004602380954,2479.623642392539,1779.9067547619056,30,12,10962.091871324714,53.58195000000015,21976.46234952671,17820.634189116627,10800.0,10778.111460000011,1298.2065555555564,10800.0,1.0142170000035549,2.2737367544323206e-13,0,2.0,2.0
2025-12-15,greedy,error_scaled_frozen_contract_and_soc,65765.4827074071,65765.4827074071,0.0,101865.19624467072,92955.86804705166,8909.328197619048,2471.195945233294,0.0,0,0,6627.567653262779,0.0,23715.960731720945,19209.928192693966,10800.0,10800.0,1488.7339148148112,10800.0,0.0004118000069865957,2.2737367544323206e-13,0,2.0,2.0000000000000004
2025-12-15,mpc,error_scaled_frozen_contract_and_soc,74895.48896699998,65765.4827074071,9130.006259592867,101865.19624467072,92955.86804705166,8909.328197619048,2471.195945233294,1838.5169809523832,33,14,8854.998755399498,100.06604404761859,21868.629443869944,17851.577070074916,10800.0,10646.68086606638,1233.9823055555537,10800.0,1.4601321000081953,2.2737367544323206e-13,0,2.0,2.0000000000000004
2025-12-16,greedy,error_scaled_frozen_contract_and_soc,66369.11325246419,66369.11325246419,0.0,102402.32652113948,93514.33055209187,8887.995969047619,2502.1771682983335,0.0,0,0,7932.635382686659,0.0,23011.25099185703,18639.113303404192,10800.0,10800.0,1740.7721534391528,10800.0,0.0006030000076862052,2.2737367544323206e-13,0,2.0,2.0
2025-12-16,mpc,error_scaled_frozen_contract_and_soc,73371.97023549516,66369.11325246419,7002.856983030952,102402.32652113948,93514.33055209187,8887.995969047619,2502.1771682983335,1428.6799428571428,31,14,9470.215519536283,235.68767007086436,22052.726658746065,18025.17683435658,10800.0,10619.47973247526,1298.744317552935,10800.0,1.257918499992229,1.1368683772161603e-13,0,2.0,2.0
2025-12-17,greedy,error_scaled_frozen_contract_and_soc,65899.23071118831,65899.23071118831,0.0,102218.69310806823,93460.16420330631,8758.528904761904,2530.4662895447227,0.0,0,0,10343.002039917694,0.0,22165.670571719613,17954.19316309289,10800.0,10800.0,1493.3573174603184,10800.0,0.0008885999995982274,2.2737367544323206e-13,0,2.0,2.0
2025-12-17,mpc,error_scaled_frozen_contract_and_soc,72164.39920422522,65899.23071118831,6265.168493036903,102218.69310806823,93460.16420330631,8758.528904761904,2530.4662895447227,1231.2535047619044,32,17,11499.728592502248,202.53997976190436,21868.77490961125,17785.310528569076,10800.0,10720.441275795594,1517.6407283183203,10800.0,1.1507609999971464,2.2737367544323206e-13,0,2.0,2.0
2025-12-18,greedy,error_scaled_frozen_contract_and_soc,65724.3990648264,65724.3990648264,0.0,101599.14062324312,92815.86323514787,8783.277388095237,2524.456642858096,0.0,0,0,10358.611630540854,16.520833333333485,24102.528207204898,19523.047847835966,10800.0,10800.0,1575.9473096296279,10800.0,0.00038240000139921904,2.2737367544323206e-13,0,2.0,2.0
2025-12-18,mpc,error_scaled_frozen_contract_and_soc,74438.2085149276,65724.3990648264,8713.809450101198,101599.14062324312,92815.86323514787,8783.277388095237,2524.456642858096,2048.0049642857152,39,15,12939.555397663695,40.917708333333394,21860.83162817729,17838.68694664549,10800.0,10653.985191309017,1373.8954189962446,10800.0,1.3343868999945698,2.2737367544323206e-13,0,2.0,2.0
2025-12-19,greedy,error_scaled_frozen_contract_and_soc,30925.729912403775,30925.729912403775,0.0,55802.37997057437,47096.94656343151,8705.433407142857,2543.2597520183335,0.0,0,0,7174.44813409759,2188.328902380953,19526.74455288537,15816.66308783715,10800.0,10800.0,1443.0232142857105,10800.0,0.0006308000010903925,1.1368683772161603e-13,0,2.0,2.0
2025-12-19,mpc,error_scaled_frozen_contract_and_soc,42399.02923749502,30925.729912403775,11473.299325091251,55802.37997057437,47096.94656343151,8705.433407142857,2543.2597520183335,2225.4814321910862,42,14,8082.841320587771,4159.247764028214,17072.385021414597,14016.134172312732,10800.0,10591.664105592323,1200.0,10800.0,1.2327015999908326,2.2737367544323206e-13,0,2.0,2.0
2025-12-20,greedy,error_scaled_frozen_contract_and_soc,30919.079270504488,30919.079270504488,0.0,55861.45047389404,47208.04504532261,8653.40542857143,2564.025952879364,0.0,0,0,7043.568986948851,2616.9289952380964,19203.080445074942,15554.495160510702,10800.0,10800.0,1624.6978280423282,10800.0,0.0005177999992156401,1.1368683772161603e-13,0,2.0,2.0
2025-12-20,mpc,error_scaled_frozen_contract_and_soc,39435.282173073596,30919.079270504488,8516.202902569106,55861.45047389404,47208.04504532261,8653.40542857143,2564.025952879364,1611.7080584619007,34,11,8219.274721547456,3518.4649692519283,17779.656957891075,14596.605323477372,10800.0,10583.240902682672,1328.8374497354496,10800.0,1.3656694000092102,1.1368683772161603e-13,0,2.0,2.0
2025-12-21,greedy,error_scaled_frozen_contract_and_soc,66355.2917341238,66167.82516257618,187.46657154762013,102127.98745849544,93499.20001801924,8628.787440476191,2564.5494414402374,32.274523809524,1,1,8572.081268459733,0.0,22343.710010212984,18098.405108272516,10800.0,10800.0,1397.8340582010592,10800.0,0.0008954999939305708,2.2737367544323206e-13,0,2.0,2.0
2025-12-21,mpc,error_scaled_frozen_contract_and_soc,72479.13495104984,66167.82516257618,6311.309788473663,102127.98745849544,93499.20001801924,8628.787440476191,2564.5494414402374,1356.964367896214,25,17,9732.40636702171,238.24768452380937,22187.46034736529,18016.038384423926,10800.0,10750.89388549107,1287.8105648148148,10800.0,1.2701720999903046,2.2737367544323206e-13,0,2.0,2.0
2025-12-22,greedy,error_scaled_frozen_contract_and_soc,66888.92524617727,65883.62631539132,1005.2989307859561,101987.691350217,93321.3616264075,8666.329723809526,2561.2685493907134,214.85623357142939,5,2,8472.261877395646,0.0,23335.868367982184,18907.22285206557,10800.0,10794.25614,1200.0,10800.0,0.00030220000189729035,2.2737367544323206e-13,0,2.0,2.0
2025-12-22,mpc,error_scaled_frozen_contract_and_soc,74947.41966913655,65883.62631539132,9063.793353745237,101987.691350217,93321.3616264075,8666.329723809526,2561.2685493907134,1898.0445214285712,41,15,10283.153739585407,169.04475714285653,22109.254334363857,17977.357149922715,10800.0,10723.487623235567,1225.7138888888896,10800.0,1.3864543000090634,2.2737367544323206e-13,0,2.0,2.0
2025-12-23,greedy,error_scaled_frozen_contract_and_soc,66135.4643179783,66135.4643179783,0.0,102215.35254619594,93547.12285333879,8668.229692857143,2562.475922783015,0.0,0,0,12411.500528248089,0.0,21408.144793710508,17340.59728290551,10800.0,10800.0,1585.021005291008,10800.0,0.0006683999963570386,1.1368683772161603e-13,0,2.0,2.0
2025-12-23,mpc,error_scaled_frozen_contract_and_soc,68655.48599379855,66135.4643179783,2520.021675820239,102215.35254619594,93547.12285333879,8668.229692857143,2562.475922783015,484.38541904761917,21,12,12752.118576978548,90.77762499999956,22174.31719498005,18053.779938857886,10800.0,10697.129987862163,1278.7379811818587,10800.0,1.2197686999861617,2.2737367544323206e-13,0,2.0,2.0
2025-12-24,greedy,error_scaled_frozen_contract_and_soc,65690.65881586354,65677.79716937782,12.861646485719495,101745.68083943127,93167.88980609793,8577.791033333333,2620.838103392937,2.0854142857150464,2,2,10004.86313386243,0.0,23280.619703495133,18857.30195983106,10800.0,10800.0,1200.0,10800.0,0.0005739999905927107,2.2737367544323206e-13,0,2.0,2.0
2025-12-24,mpc,error_scaled_frozen_contract_and_soc,75579.22940158017,65677.79716937782,9901.432232202344,101745.68083943127,93167.88980609793,8577.791033333333,2620.838103392937,1808.3123651666667,36,13,11934.943035273598,235.99928928571507,21947.204103456115,17883.738599607972,10800.0,10681.663026879425,1230.0231759259264,10800.0,1.39733759999217,2.2737367544323206e-13,0,2.0,2.0
2025-12-25,greedy,error_scaled_frozen_contract_and_soc,65988.14975450214,65646.2906173867,341.8591371154419,101602.81153989212,93042.12663513022,8560.684904761905,2608.2452063715077,49.00503685714477,1,1,10135.77210714286,0.0,21865.633499181647,17711.163134337137,10800.0,10800.0,1200.0,10800.0,0.0010603999980958179,2.2737367544323206e-13,0,2.0,2.0000000000000004
2025-12-25,mpc,error_scaled_frozen_contract_and_soc,72355.54781746704,65646.2906173867,6709.257200080359,101602.81153989212,93042.12663513022,8560.684904761905,2608.2452063715077,1391.0079372291598,28,15,11425.845314439288,168.45037357523188,22003.879906405222,17965.93022206036,10800.0,10641.347224586527,1212.650685185185,10800.0,1.2130223999993177,2.2737367544323206e-13,0,2.0,2.0000000000000004
2025-12-26,greedy,error_scaled_frozen_contract_and_soc,30683.0942880343,30683.0942880343,0.0,55200.068421762364,46692.97177890522,8507.096642857143,2646.4441722607144,0.0,0,0,7209.845493650799,1113.901994767788,18637.773909829462,15096.596866961867,10800.0,10800.0,2379.501153439158,10800.0,0.0008537999965483323,1.1368683772161603e-13,0,2.0,2.0
2025-12-26,mpc,error_scaled_frozen_contract_and_soc,39309.11054281404,30683.0942880343,8626.016254779746,55200.068421762364,46692.97177890522,8507.096642857143,2646.4441722607144,1784.647835714283,34,16,6931.285432539402,3481.558821428572,17240.818288270548,14004.090175238056,10800.0,10756.63626473454,1200.0,10800.0,1.532121600001119,1.1368683772161603e-13,0,2.0,2.0
2025-12-27,greedy,error_scaled_frozen_contract_and_soc,30584.19693266657,30584.19693266657,0.0,55277.98578964761,46821.49286345713,8456.492926190476,2688.2824582819444,0.0,0,0,6658.027121193421,1225.305385714285,18592.90569863108,15060.253615891172,10800.0,10800.0,1589.317301005292,10800.0,0.0005593999958364293,2.2737367544323206e-13,0,2.0,2.0
2025-12-27,mpc,error_scaled_frozen_contract_and_soc,39242.7402552261,30584.19693266657,8658.54332255952,55277.98578964761,46821.49286345713,8456.492926190476,2688.2824582819444,1757.919002380952,34,14,8276.916660651119,1642.212557009718,17404.59837716366,14149.824002795936,10800.0,10742.11186967403,1201.4100823159206,10800.0,1.7424937000032514,1.1368683772161603e-13,0,2.0,2.0
2025-12-28,greedy,error_scaled_frozen_contract_and_soc,65908.99432568898,65893.72892845565,15.265397233333713,101821.2000958148,93393.70310295766,8427.496992857145,2689.9883571017854,2.613266666666732,1,1,12900.90462278072,0.0,20704.776061081648,16770.868609476136,10800.0,10800.0,1734.9036420105842,10800.0,0.001137999992351979,2.2737367544323206e-13,0,2.0,2.0
2025-12-28,mpc,error_scaled_frozen_contract_and_soc,71616.62240542826,65893.72892845565,5722.8934769726175,101821.2000958148,93393.70310295766,8427.496992857145,2689.9883571017854,1220.6105999999993,30,12,13004.915132028636,927.7663559047077,21991.950163786165,17871.822243999944,10800.0,10735.174876296502,1473.2362282722395,10800.0,1.487677299999632,2.2737367544323206e-13,0,2.0,2.0
2025-12-29,greedy,error_scaled_frozen_contract_and_soc,65928.22967850791,65928.22967850791,0.0,101959.75211036697,93557.43140798603,8402.320702380952,2707.757340646944,0.0,0,0,11795.625347266314,0.0,20491.316647898275,16597.96648479761,10800.0,10800.0,1719.4789682539695,10800.0,0.00039239999023266137,2.2737367544323206e-13,0,2.0,2.0
2025-12-29,mpc,error_scaled_frozen_contract_and_soc,68734.89030656268,65928.22967850791,2806.660628054766,101959.75211036697,93557.43140798603,8402.320702380952,2707.757340646944,627.4186904761917,17,12,11719.933279938152,518.9715297619045,22238.80944855977,18161.320057416655,10800.0,10635.683995463067,1224.5977870370364,10800.0,1.3083880999911344,2.2737367544323206e-13,0,2.0,2.0
2025-12-30,greedy,error_scaled_frozen_contract_and_soc,65292.39650634735,65162.17887319735,130.21763314999865,100954.39327681965,92724.26802920061,8230.125247619048,2644.8561130139287,22.291814285714054,1,1,12277.510874485597,73.25836904761888,21783.4270172971,17644.575884010654,10800.0,10800.0,1546.2795656613762,10800.0,0.0006219000060809776,2.2737367544323206e-13,0,2.0,2.0
2025-12-30,mpc,error_scaled_frozen_contract_and_soc,70943.65403706997,65162.17887319735,5781.4751638726175,100954.39327681965,92724.26802920061,8230.125247619048,2644.8561130139287,1176.4145738095233,26,13,12744.688526545011,749.9479857142862,22210.018972380538,18060.91234829637,10800.0,10721.33668814652,1448.1050759613786,10800.0,1.2053010999952676,2.2737367544323206e-13,0,2.0,2.0
2025-12-31,greedy,error_scaled_frozen_contract_and_soc,64954.40580049608,64954.40580049608,0.0,100619.20416892017,92596.82033320588,8022.383835714285,2720.881589940992,0.0,0,0,6609.554179982357,0.0,24326.103287266655,19736.062593566945,10800.0,10764.534521243386,1372.8926662433853,10800.0,0.0002683000057004392,2.2737367544323206e-13,0,2.0,2.0
2025-12-31,mpc,error_scaled_frozen_contract_and_soc,75960.23663359729,64954.40580049608,11005.830833101212,100619.20416892017,92596.82033320588,8022.383835714285,2720.881589940992,2350.0432166666715,42,17,9582.301626307828,45.28023333333324,21790.719131798916,17868.66290109134,10800.0,10557.577328517536,1270.6932777777774,10800.0,1.8116993000003276,2.2737367544323206e-13,0,2.0,2.0
