date,method,comparison,cash_cost_yuan,contract_cost_yuan,emergency_cost_yuan,contract_kwh,base_contract_kwh,risk_reserve_kwh,expected_emergency_cost_yuan,emergency_kwh,emergency_slots,emergency_events,unused_contract_kwh,pv_curtailed_kwh,charge_kwh,discharge_kwh,soc_start_kwh,soc_end_kwh,soc_min_kwh,soc_max_kwh,runtime_seconds,max_balance_residual_kwh,simultaneous_flow_slots,sigma_factor,achieved_daily_sigma_ratio
2025-02-01,greedy,error_scaled_frozen_contract_and_soc,26709.12435609976,26709.12435609976,0.0,49023.022603149024,43233.888007593465,5789.134595555555,6312.826350179821,0.0,0,0,7094.942984184794,4222.3180999999995,17513.608345425804,14186.022759794905,10800.0,10800.0,2360.6261485890623,10800.0,0.00033740000799298286,1.1368683772161603e-13,0,1.0,1.0
2025-02-01,mpc,error_scaled_frozen_contract_and_soc,27899.518325049758,26709.12435609976,1190.3939689500016,49023.022603149024,43233.888007593465,5789.134595555555,6312.826350179821,202.84544523809564,10,6,7288.811021362491,3985.5609216406306,18806.950831845574,15233.630659794904,10800.0,10799.999460000012,1951.9991785833988,10800.0,0.9981420999974944,1.1368683772161603e-13,0,1.0,1.0
2025-02-02,greedy,error_scaled_frozen_contract_and_soc,60814.31655276092,60814.31655276092,0.0,95447.25993643588,89758.78041945177,5688.479516984126,6331.734526354028,0.0,0,0,13075.515183302958,143.1024833333331,20380.86484105052,16508.50052125092,10800.0,10800.0,1890.3158152557307,10800.0,0.0003665999975055456,1.1368683772161603e-13,0,1.0,1.0
2025-02-02,mpc,error_scaled_frozen_contract_and_soc,61176.0911011014,60814.31655276092,361.7745483404754,95447.25993643588,89758.78041945177,5688.479516984126,6331.734526354028,81.2304190476189,4,3,12198.041882374071,663.7723928571436,22686.30901816988,18375.910887917587,10800.0,10799.999352000017,1507.3586305714334,10800.0,1.0466137000039453,1.1368683772161603e-13,0,1.0,1.0
2025-02-03,greedy,error_scaled_frozen_contract_and_soc,59761.37374098951,59761.37374098951,0.0,94059.09257643559,88351.30972611814,5707.78285031746,6325.6355685206945,0.0,0,0,9863.660882803251,0.0,20939.5536506966,16961.03845706425,10800.0,10800.0,1813.4774210758408,10800.0,0.0004130999877816066,1.1368683772161603e-13,0,1.0,1.0
2025-02-03,mpc,error_scaled_frozen_contract_and_soc,60415.31347814428,59761.37374098951,653.9397371547657,94059.09257643559,88351.30972611814,5707.78285031746,6325.6355685206945,130.0200666666674,10,6,9140.442897277066,529.3509500000007,22644.225679079926,18341.823383254727,10800.0,10799.999352000017,1444.5024770340697,10800.0,1.0554768000001786,2.2737367544323206e-13,0,1.0,1.0
2025-02-04,greedy,error_scaled_frozen_contract_and_soc,60256.86003817031,60256.86003817031,0.0,94763.34714999805,89031.03173301392,5732.3154169841255,6307.104330743882,0.0,0,0,9431.442463814416,0.35178333333351475,21772.04712026476,17635.35816741446,10800.0,10800.0,2044.759881393298,10800.0,0.00032530000316910446,1.1368683772161603e-13,0,1.0,1.0
2025-02-04,mpc,error_scaled_frozen_contract_and_soc,61938.42527047865,60256.86003817031,1681.5652323083393,94763.34714999805,89031.03173301392,5732.3154169841255,6307.104330743882,336.4601833333345,18,8,9697.791847838174,82.89184999999998,22230.90785528862,18106.648169795408,10800.0,10689.319103320418,1310.8761691143068,10800.0,1.0229736999899615,1.1368683772161603e-13,0,1.0,1.0
2025-02-05,greedy,error_scaled_frozen_contract_and_soc,58582.167117194185,58582.167117194185,0.0,92567.5088404276,87805.56615709428,4761.942683333333,4566.75086750565,0.0,0,0,7568.893662757197,2.0524999999997817,22358.608917563593,18110.473223226505,10800.0,10800.0,1657.9330782804213,10800.0,0.00038729999505449086,1.1368683772161603e-13,0,1.0,1.0
2025-02-05,mpc,error_scaled_frozen_contract_and_soc,60911.931229671565,58582.167117194185,2329.7641124773813,92567.5088404276,87805.56615709428,4761.942683333333,4566.75086750565,447.9630928571429,25,11,7802.271570305633,173.36246666666688,22613.323431443725,18321.912518464604,10800.0,10794.310512227567,1541.3565484285743,10800.0,1.0580681999999797,2.2737367544323206e-13,0,1.0,1.0
2025-02-06,greedy,error_scaled_frozen_contract_and_soc,58974.03607680656,58974.03607680656,0.0,92802.98276806748,88839.82339822622,3963.1593698412707,3251.412147611388,0.0,0,0,8424.991930893595,1.400816666666742,21608.06738863454,17502.534584793975,10800.0,10800.0,1876.9137222222241,10800.0,0.0004014000005554408,1.1368683772161603e-13,0,1.0,1.0
2025-02-06,mpc,error_scaled_frozen_contract_and_soc,59904.15599730656,58974.03607680656,930.119920500001,92802.98276806748,88839.82339822622,3963.1593698412707,3251.412147611388,187.60236428571443,12,7,7679.707087666058,669.2052880952396,23003.242753290644,18632.627213365406,10800.0,10799.999352000017,1611.5820484285725,10800.0,1.0619879000005312,2.2737367544323206e-13,0,1.0,1.0
2025-02-07,greedy,error_scaled_frozen_contract_and_soc,24137.83848105902,24137.83848105902,0.0,45454.33012959417,42149.74573197513,3304.5843976190476,1942.5968872038493,0.0,0,0,4980.629476214275,5080.81869265698,18880.012073980295,15292.809779924039,10800.0,10800.0,1606.5266402116401,10800.0,0.00037480000173673034,1.1368683772161603e-13,0,1.0,1.0
2025-02-07,mpc,error_scaled_frozen_contract_and_soc,26177.976926730447,24137.83848105902,2040.1384456714277,45454.33012959417,42149.74573197513,3304.5843976190476,1942.5968872038493,345.42930476190463,16,6,5852.113288359767,4439.425241634341,19487.062215238395,15784.520977543089,10800.0,10799.999352000017,1684.8234831198245,10800.0,1.0779743000020972,1.1368683772161603e-13,0,1.0,1.0
2025-02-08,greedy,error_scaled_frozen_contract_and_soc,22024.09795129196,22024.09795129196,0.0,41292.83964174117,38070.79812507451,3222.041516666666,1927.9955428724606,0.0,0,0,2612.111978751602,3366.9516999999996,19666.38550696268,15929.772260639775,10800.0,10800.0,1624.5250158730155,10800.0,0.0005365999968489632,1.1368683772161603e-13,0,1.0,1.0
2025-02-08,mpc,error_scaled_frozen_contract_and_soc,24578.05074034196,22024.09795129196,2553.9527890500003,41292.83964174117,38070.79812507451,3222.041516666666,1927.9955428724606,465.3772428571429,24,10,2820.585959275154,3637.5524523377208,19785.583259815692,16062.667503496918,10800.0,10759.616596615322,1200.0,10800.0,0.9450196999969194,1.1368683772161603e-13,0,1.0,1.0
2025-02-09,greedy,error_scaled_frozen_contract_and_soc,54660.206416058216,54660.206416058216,0.0,86989.37612125189,83759.9018950614,3229.4742261904767,1884.7776228023413,0.0,0,0,2963.227087830694,0.0,23530.174035550153,19059.44096879563,10800.0,10800.0,1591.592796957672,10800.0,0.00025100000493694097,2.2737367544323206e-13,0,1.0,1.0
2025-02-09,mpc,error_scaled_frozen_contract_and_soc,58284.43507534393,54660.206416058216,3624.2286592857126,86989.37612125189,83759.9018950614,3229.4742261904767,1884.7776228023413,775.5319428571428,31,13,3606.0297020310268,226.9332833333333,23123.40782611173,18746.878714033723,10800.0,10781.201805685301,1258.2416574038975,10800.0,1.0543741000001319,2.2737367544323206e-13,0,1.0,1.0
2025-02-10,greedy,error_scaled_frozen_contract_and_soc,55464.29518743896,55464.29518743896,0.0,88081.68848907827,84862.71942717349,3218.969061904762,1904.2355526711904,0.0,0,0,9312.287896325684,608.48170875955,20180.427898208916,16346.146597549217,10800.0,10800.0,1542.4412116402086,10800.0,0.0004174000059720129,2.2737367544323206e-13,0,1.0,1.0
2025-02-10,mpc,error_scaled_frozen_contract_and_soc,56485.16581317586,55464.29518743896,1020.8706257369049,88081.68848907827,84862.71942717349,3218.969061904762,1904.2355526711904,207.10610476190485,15,9,7679.233612449103,1948.9886904761897,23104.433002749804,18770.49829516826,10800.0,10737.880485621205,1504.8683763123686,10800.0,0.9582528000028105,2.2737367544323206e-13,0,1.0,1.0
2025-02-11,greedy,error_scaled_frozen_contract_and_soc,54034.25592924765,54034.25592924765,0.0,86206.0136975367,83063.51654991765,3142.4971476190467,1917.0786876211912,0.0,0,0,6602.153381746028,243.4577000000004,21788.44990767025,17648.644425212908,10800.0,10800.0,1356.5238276984128,10800.0,0.00026610000350046903,2.2737367544323206e-13,0,1.0,1.0
2025-02-11,mpc,error_scaled_frozen_contract_and_soc,55961.99565356075,54034.25592924765,1927.739724313096,86206.0136975367,83063.51654991765,3142.4971476190467,1917.0786876211912,318.44559523809545,20,8,6320.522438572983,658.86422021147,22776.3909068223,18451.915406165288,10800.0,10796.623587067532,1513.2052940917893,10800.0,1.1036718000104884,2.2737367544323206e-13,0,1.0,1.0
2025-02-12,greedy,error_scaled_frozen_contract_and_soc,53691.68372683104,53691.68372683104,0.0,85684.89044096171,82621.07465048552,3063.8157904761892,1921.1290865783344,0.0,0,0,6046.754229071128,286.69380000000046,21498.454097669735,17413.747819112486,10800.0,10800.0,1521.0174924338596,10800.0,0.0005489000031957403,2.2737367544323206e-13,0,1.0,1.0
2025-02-12,mpc,error_scaled_frozen_contract_and_soc,55669.53610261914,53691.68372683104,1977.8523757880942,85684.89044096171,82621.07465048552,3063.8157904761892,1921.1290865783344,384.8066738095233,20,11,5709.589677217934,810.6629499999995,22649.877594761027,18367.169240541058,10800.0,10776.924012461526,1360.6887888781007,10800.0,1.0063369999988936,2.2737367544323206e-13,0,1.0,1.0
2025-02-13,greedy,error_scaled_frozen_contract_and_soc,53405.28797412094,53405.28797412094,0.0,85149.40167694942,82122.20548885418,3027.1961880952376,1902.33345955,0.0,0,0,9422.541032593159,732.2808000000005,19290.004356261023,15624.903528571425,10800.0,10800.0,1450.538060317462,10800.0,0.0006880000000819564,2.2737367544323206e-13,0,1.0,1.0
2025-02-13,mpc,error_scaled_frozen_contract_and_soc,55344.34510490786,53405.28797412094,1939.0571307869054,85149.40167694942,82122.20548885418,3027.1961880952376,1902.33345955,395.49180476190463,23,15,7444.24698756802,2539.8987485989223,22269.838484619497,18038.56975574178,10800.0,10799.999352000017,1544.518748107235,10800.0,1.0165376999939326,2.2737367544323206e-13,0,1.0,1.0
2025-02-14,greedy,error_scaled_frozen_contract_and_soc,21094.6732169097,21094.6732169097,0.0,39440.317311574545,36480.13164252693,2960.185669047619,1904.574072742143,0.0,0,0,1903.6360482069335,3866.852154912729,20358.038377832716,16490.0110860445,10800.0,10800.0,1578.9089735449734,10800.0,0.0003397000109544024,1.1368683772161603e-13,0,1.0,1.0
2025-02-14,mpc,error_scaled_frozen_contract_and_soc,23622.193454864366,21094.6732169097,2527.5202379546663,39440.317311574545,36480.13164252693,2960.185669047619,1904.574072742143,581.8333457161742,31,11,2368.361576808593,4031.17372143476,20171.672073185215,16350.858530804515,10800.0,10786.884276083907,1213.9359259259272,10800.0,0.9838295999943512,1.1368683772161603e-13,0,1.0,1.0
2025-02-15,greedy,error_scaled_frozen_contract_and_soc,20797.044105836343,20797.044105836343,0.0,39009.201721925914,36116.33101002115,2892.8707119047613,1924.7724883647222,0.0,0,0,1383.864445884778,4467.996438591663,20406.57756552356,16529.327828074085,10800.0,10800.0,1519.475883597886,10800.0,0.00043309999455232173,1.1368683772161603e-13,0,1.0,1.0
2025-02-15,mpc,error_scaled_frozen_contract_and_soc,24106.02410722756,20797.044105836343,3308.9800013912204,39009.201721925914,36116.33101002115,2892.8707119047613,1924.7724883647222,727.312067642282,33,15,2085.8549616214436,4625.289041324656,20170.462454196757,16425.183767574657,10800.0,10703.212022583028,1279.6396137566142,10800.0,1.0782004999928176,1.1368683772161603e-13,0,1.0,1.0
2025-02-16,greedy,error_scaled_frozen_contract_and_soc,51484.18881753374,51448.755795033736,35.43302249999984,82588.53140361824,79633.27096076109,2955.2604428571426,1862.7539320865872,7.7883333333332985,1,1,2893.6123539094738,0.0,22764.885700221646,18439.557417179538,10800.0,10800.0,1426.4742595238117,10800.0,0.0003892999957315624,1.1368683772161603e-13,0,1.0,1.0
2025-02-16,mpc,error_scaled_frozen_contract_and_soc,56882.49499114445,51448.755795033736,5433.739196110715,82588.53140361824,79633.27096076109,2955.2604428571426,1862.7539320865872,1137.2166261904767,43,16,3706.529275917278,434.4556499999991,22221.15811630908,18013.774112417632,10800.0,10783.737735325245,1400.4916804544432,10800.0,0.980658600004972,2.2737367544323206e-13,0,1.0,1.0
2025-02-17,greedy,error_scaled_frozen_contract_and_soc,50939.238507430644,50939.238507430644,0.0,82044.32370015288,79007.76059062907,3036.5631095238095,1867.1100018572224,0.0,0,0,6177.786804791303,794.4811999999995,20464.17120365746,16575.97867496255,10800.0,10800.0,1380.3209885978856,10800.0,0.00037059999885968864,1.1368683772161603e-13,0,1.0,1.0
2025-02-17,mpc,error_scaled_frozen_contract_and_soc,52689.89268061159,50939.238507430644,1750.6541731809539,82044.32370015288,79007.76059062907,3036.5631095238095,1867.1100018572224,341.3443523809527,22,12,5564.78978449367,1462.2781397145097,22143.14166757392,17968.40470591493,10800.0,10763.933383133271,1450.221013960099,10800.0,1.1436032000056002,2.2737367544323206e-13,0,1.0,1.0
2025-02-18,greedy,error_scaled_frozen_contract_and_soc,50784.03840280216,50772.92245780215,11.115945000000234,81618.85518557957,78620.893414151,2997.961771428571,1865.5898369858733,2.443333333333385,1,1,5229.324168283361,275.24125000000015,21186.027985769528,17160.682668473317,10800.0,10800.0,1534.4548518518523,10800.0,0.0003341999981785193,1.1368683772161603e-13,0,1.0,1.0
2025-02-18,mpc,error_scaled_frozen_contract_and_soc,52633.111598286676,50772.92245780215,1860.1891404845242,81618.85518557957,78620.893414151,2997.961771428571,1865.5898369858733,407.8849499999999,21,13,4722.298504431917,972.9076499999992,22323.534882954307,18083.388685139984,10800.0,10798.527300058899,1218.9762196112795,10800.0,0.976336599997012,2.2737367544323206e-13,0,1.0,1.0
2025-02-19,greedy,error_scaled_frozen_contract_and_soc,50452.03140896071,50289.99903291905,162.0323760416663,81004.34179618696,78103.91902475839,2900.4227714285707,1846.0541753888897,36.99791666666658,1,1,3636.120367136983,135.93235000000004,23105.05059149114,18715.090979107823,10800.0,10800.0,1400.6443068783087,10800.0,0.00041849999979604036,1.1368683772161603e-13,0,1.0,1.0
2025-02-19,mpc,error_scaled_frozen_contract_and_soc,54157.006386459514,50289.99903291905,3867.007353540473,81004.34179618696,78103.91902475839,2900.4227714285707,1846.0541753888897,886.4500928571422,37,19,4811.658778883865,97.66157619047561,22191.151858315687,18089.007707679255,10800.0,10673.13921950717,1277.4234881179636,10800.0,1.0343806000018958,2.2737367544323206e-13,0,1.0,1.0
2025-02-20,greedy,error_scaled_frozen_contract_and_soc,49987.551149914274,49846.34081753332,141.2103323809516,80516.42670686444,77613.79361162634,2902.6330952380945,1863.1133610731354,30.147380952380786,1,1,5059.803174191655,391.8144833333332,21588.540510307954,17486.71781334945,10800.0,10800.0,1589.5523964021181,10800.0,0.00029740000900346786,2.2737367544323206e-13,0,1.0,1.0
2025-02-20,mpc,error_scaled_frozen_contract_and_soc,52786.24621446547,49846.34081753332,2939.905396932144,80516.42670686444,77613.79361162634,2902.6330952380945,1863.1133610731354,600.6884404761905,28,14,5188.651653106549,793.659724774134,22111.622654237974,17969.952618111354,10800.0,10733.846368690456,1403.477889107475,10800.0,1.0904397999984212,2.2737367544323206e-13,0,1.0,1.0
2025-02-21,greedy,error_scaled_frozen_contract_and_soc,20398.434460128665,20398.434460128665,0.0,38423.37102845556,35508.4884213127,2914.8826071428552,1864.9237810269456,0.0,0,0,2219.9732421516746,6831.015889745252,20063.78875381736,16251.66889059206,10800.0,10800.0,1755.1744285714283,10800.0,0.0007327000057557598,1.1368683772161603e-13,0,1.0,1.0
2025-02-21,mpc,error_scaled_frozen_contract_and_soc,22054.66714096319,20398.434460128665,1656.2326808345222,38423.37102845556,35508.4884213127,2914.8826071428552,1864.9237810269456,391.0108999999997,28,14,3099.8719786539627,6336.930631876038,20191.01872042238,16373.701435830155,10800.0,10778.915253013307,1646.0664666174566,10800.0,1.0632276999967871,1.1368683772161603e-13,0,1.0,1.0
2025-02-22,greedy,error_scaled_frozen_contract_and_soc,20274.400499791944,20274.400499791944,0.0,38231.72919683688,35397.3410206464,2834.388176190474,1855.2141051533745,0.0,0,0,1758.355434126981,4764.851907323611,20335.573537120836,16471.814565067878,10800.0,10800.0,1604.7993227513225,10800.0,0.0005792000010842457,1.1368683772161603e-13,0,1.0,1.0
2025-02-22,mpc,error_scaled_frozen_contract_and_soc,23625.94975704799,20274.400499791944,3351.549257256048,38231.72919683688,35397.3410206464,2834.388176190474,1855.2141051533745,692.9603138812228,22,12,2118.8100409420795,5196.652716035029,20013.921888260986,16249.458017853322,10800.0,10757.576346264528,1259.856116402115,10800.0,0.9609297999995761,1.1368683772161603e-13,0,1.0,1.0
2025-02-23,greedy,error_scaled_frozen_contract_and_soc,49268.666570338675,49268.666570338675,0.0,79578.30291501309,76804.67333882261,2773.629576190474,1800.7257041490884,0.0,0,0,3414.457705771484,406.4334159804211,22239.779525936094,18014.221416008237,10800.0,10800.0,1442.554703703706,10800.0,0.00023759999021422118,1.1368683772161603e-13,0,1.0,1.0
2025-02-23,mpc,error_scaled_frozen_contract_and_soc,53195.79996493629,49268.666570338675,3927.13339459762,79578.30291501309,76804.67333882261,2773.629576190474,1800.7257041490884,853.2395523809525,31,16,4175.238616753956,553.4005783003889,22092.676259776512,17921.626670770143,10800.0,10770.490110720923,1350.2150084430275,10800.0,0.9960241000080714,2.2737367544323206e-13,0,1.0,1.0
2025-02-24,greedy,error_scaled_frozen_contract_and_soc,48723.478907828816,48577.8021688312,145.676738997619,78725.77541968366,75940.710403017,2785.0650166666646,1817.4638609470644,32.06959761904761,2,1,5338.150754967673,1224.3533833333336,21012.143485973927,17019.836223638886,10800.0,10800.0,1554.5179334127,10800.0,0.00024359999224543571,2.2737367544323206e-13,0,1.0,1.0
2025-02-24,mpc,error_scaled_frozen_contract_and_soc,50422.287094235966,48577.8021688312,1844.4849254047647,78725.77541968366,75940.710403017,2785.0650166666646,1817.4638609470644,395.59458333333384,24,11,5454.657689695992,1288.2607622823548,21996.864498487063,17821.446564115075,10800.0,10795.57075517716,1373.2082960966045,10800.0,1.067070999997668,2.2737367544323206e-13,0,1.0,1.0
2025-02-25,greedy,error_scaled_frozen_contract_and_soc,48720.36840563875,48633.218701799466,87.14970383928535,78732.17571264275,75955.0576602618,2777.1180523809503,1818.4403196290884,19.899464285714203,1,1,7332.879164012856,1755.5977099730326,20222.500366364417,16380.22529675518,10800.0,10800.0,1470.0504115079393,10800.0,0.0005490000039571896,1.1368683772161603e-13,0,1.0,1.0
2025-02-25,mpc,error_scaled_frozen_contract_and_soc,50130.000194887565,48633.218701799466,1496.7814930880927,78732.17571264275,75955.0576602618,2777.1180523809503,1818.4403196290884,346.252878571428,20,11,6426.222124661221,2656.343186346806,22160.879567437514,17986.339520564703,10800.0,10759.96992117743,1406.798764492688,10800.0,1.0473328000080073,2.2737367544323206e-13,0,1.0,1.0
2025-02-26,greedy,error_scaled_frozen_contract_and_soc,48320.751366810895,48320.751366810895,0.0,78251.07572058529,75573.34449915672,2677.7312214285694,1759.098042649406,0.0,0,0,4645.530394179894,790.2927500000003,21054.7607530109,17054.356209938833,10800.0,10800.0,1582.616404761905,10800.0,0.0002982000005431473,2.2737367544323206e-13,0,1.0,1.0
2025-02-26,mpc,error_scaled_frozen_contract_and_soc,50963.23491777162,48320.751366810895,2642.483550960713,78251.07572058529,75573.34449915672,2677.7312214285694,1759.098042649406,607.6188761904759,30,15,4451.0803177385715,1421.146594884187,21990.816403615652,17819.196752795975,10800.0,10792.627260147454,1230.631515873019,10800.0,1.0133189000043785,2.2737367544323206e-13,0,1.0,1.0
2025-02-27,greedy,error_scaled_frozen_contract_and_soc,47454.049924304294,47454.049924304294,0.0,77054.50654860833,74339.57917241787,2714.927376190474,1761.503335467898,0.0,0,0,4994.665926151209,767.4831560063387,22819.859297109473,18484.086030658673,10800.0,10800.0,1293.9066011199914,10800.0,0.00040750000334810466,2.2737367544323206e-13,0,1.0,1.0
2025-02-27,mpc,error_scaled_frozen_contract_and_soc,51843.85913903524,47454.049924304294,4389.809214730948,77054.50654860833,74339.57917241787,2714.927376190474,1761.503335467898,866.452576190475,33,12,6136.985904397707,655.8192178068559,21955.63360944341,17784.06380684915,10800.0,10799.999352000017,1215.1789191428597,10800.0,1.0002717999886954,2.2737367544323206e-13,0,1.0,1.0
2025-02-28,greedy,error_scaled_frozen_contract_and_soc,19499.720682921725,19499.720682921725,0.0,37079.88260914052,34545.335332950046,2534.5472761904757,1777.65642476254,0.0,0,0,2043.9580308348072,7823.850986446273,20628.84232557606,16709.362283716615,10800.0,10800.0,1559.554499259261,10800.0,0.00044069999421481043,1.1368683772161603e-13,0,1.0,1.0
2025-02-28,mpc,error_scaled_frozen_contract_and_soc,21994.566740450293,19499.720682921725,2494.8460575285712,37079.88260914052,34545.335332950046,2534.5472761904757,1777.65642476254,533.2226142857141,30,12,2368.446459181636,8074.139825867799,20499.250388760087,16621.325000383284,10800.0,10781.186460569323,1231.2186954978665,10800.0,1.016833300003782,1.1368683772161603e-13,0,1.0,1.0
2025-03-01,greedy,error_scaled_frozen_contract_and_soc,19624.957136064448,19624.957136064448,0.0,37140.770633866676,34511.740321961915,2629.0303119047603,1796.7883238423417,0.0,0,0,2211.077842533802,7542.095863503834,19625.4262868195,15896.595292323793,10800.0,10800.0,1610.0663650793658,10800.0,0.0004565999988699332,1.1368683772161603e-13,0,1.0,1.0
2025-03-01,mpc,error_scaled_frozen_contract_and_soc,22068.26081077397,19624.957136064448,2443.303674709521,37140.770633866676,34511.740321961915,2629.0303119047603,1796.7883238423417,485.302247619047,24,13,3672.000130128501,6521.675287116091,19949.521313707784,16175.889782799984,10800.0,10781.358312559247,1669.7925802562052,10800.0,0.972414599993499,1.1368683772161603e-13,0,1.0,1.0
2025-03-02,greedy,error_scaled_frozen_contract_and_soc,61544.664539289544,46920.11469374968,14624.549845539868,76234.14867653407,73495.56820748645,2738.580469047618,1927.7772093849999,2156.1879796966546,5,2,2012.9157973621273,0.0,21153.23048527337,17134.11669307143,10800.0,10800.0,1200.0,10800.0,0.0003536000003805384,1.1368683772161603e-13,0,1.0,1.0
2025-03-02,mpc,error_scaled_frozen_contract_and_soc,68218.15029934084,46920.11469374968,21298.03560559115,76234.14867653407,73495.56820748645,2738.580469047618,1927.7772093849999,3960.9957525070313,38,14,3713.9497908003286,377.31015238095233,19832.213210882786,16086.635791689627,10800.0,10774.952121250479,1200.0,10800.0,1.0089100000041071,2.2737367544323206e-13,0,1.0,1.0
2025-03-03,greedy,error_scaled_frozen_contract_and_soc,56234.50342776682,47113.77007872723,9120.733349039574,76475.18605969145,73622.35192159622,2852.834138095237,2264.7249412688893,1457.14446824354,10,3,1517.1981850155294,0.0,23147.29320834802,18749.307498761897,10800.0,10800.0,1200.0,10800.0,0.0003333999920869246,1.1368683772161603e-13,0,1.0,1.0
2025-03-03,mpc,error_scaled_frozen_contract_and_soc,61660.97828560407,47113.77007872723,14547.208206876832,76475.18605969145,73622.35192159622,2852.834138095237,2264.7249412688893,3014.5934813225776,53,13,3308.667399417923,102.6489289102,21545.568760273523,17484.252180920957,10800.0,10764.065016556224,1214.2997262857161,10800.0,1.1543264999927487,1.1368683772161603e-13,0,1.0,1.0
2025-03-04,greedy,error_scaled_frozen_contract_and_soc,48276.798208656175,48276.798208656175,0.0,78173.20222594962,75015.76107356866,3157.4411523809517,2385.855395089564,0.0,0,0,4217.105208348026,600.6831000000006,21873.452548780333,17717.49656451207,10800.0,10800.0,1451.88535978836,10800.0,0.00030610000248998404,1.1368683772161603e-13,0,1.0,1.0
2025-03-04,mpc,error_scaled_frozen_contract_and_soc,50532.0907089038,48276.798208656175,2255.2925002476227,78173.20222594962,75015.76107356866,3157.4411523809517,2385.855395089564,477.8769857142866,26,10,4920.28812828552,467.7115262918277,21810.2442930272,17746.622669273973,10800.0,10710.750231197853,1336.2298665591256,10800.0,1.1308954000123776,2.2737367544323206e-13,0,1.0,1.0
2025-03-05,greedy,error_scaled_frozen_contract_and_soc,48897.71405832976,48897.71405832976,0.0,79217.65849465926,75934.97512799258,3282.6833666666666,2372.103371361429,0.0,0,0,8675.545359229865,625.9976666666663,19924.439221558227,16138.795769462165,10800.0,10800.0,1341.6612566137574,10800.0,0.0003023000026587397,1.5143442055887135e-13,0,1.0,1.0
2025-03-05,mpc,error_scaled_frozen_contract_and_soc,50507.890409655956,48897.71405832976,1610.1763513261944,79217.65849465926,75934.97512799258,3282.6833666666666,2372.103371361429,275.7838357142865,16,6,7380.523817978142,1822.2745378913764,22075.21878206143,17915.046824224068,10800.0,10762.0893213841,1241.6700260351743,10800.0,1.2955344999936642,2.2737367544323206e-13,0,1.0,1.0
2025-03-06,greedy,error_scaled_frozen_contract_and_soc,48854.78443354212,48854.78443354212,0.0,78787.31655092031,75510.86135092031,3276.4552000000012,2389.8138505039274,0.0,0,0,7871.9553554223985,1269.774441020866,19499.64537444062,15794.712753296906,10800.0,10800.0,1530.1526349206363,10800.0,0.00031879999733064324,2.2737367544323206e-13,0,1.0,1.0
2025-03-06,mpc,error_scaled_frozen_contract_and_soc,49723.93215079213,48854.78443354212,869.1477172500012,78787.31655092031,75510.86135092031,3276.4552000000012,2389.8138505039274,211.59592142857161,19,11,6818.89416210549,2153.892913892962,21835.544485361628,17750.073222344523,10800.0,10729.686456442661,1323.7269274259977,10800.0,0.9879375999880722,2.2737367544323206e-13,0,1.0,1.0
2025-03-07,greedy,error_scaled_frozen_contract_and_soc,19642.044419595404,19642.044419595404,0.0,37094.17135814011,33894.18901052106,3199.9823476190477,2425.4361534640075,0.0,0,0,2987.9085101083115,9619.912783333333,18758.23437560597,15194.169844240841,10800.0,10800.0,1803.520670211642,10800.0,0.00028870000096503645,1.1368683772161603e-13,0,1.0,1.0
2025-03-07,mpc,error_scaled_frozen_contract_and_soc,20773.18673144898,19642.044419595404,1131.1423118535733,37094.17135814011,33894.18901052106,3199.9823476190477,2425.4361534640075,216.38718333333375,18,11,3473.9908261010924,9203.022273874984,19828.2634262144,16117.003518050364,10800.0,10737.655396870336,1288.9413607078334,10800.0,0.9641524999897229,1.1368683772161603e-13,0,1.0,1.0
2025-03-08,greedy,error_scaled_frozen_contract_and_soc,19002.47517889016,19002.47517889016,0.0,35504.28534143722,32264.434281913418,3239.851059523809,2403.8390908517067,0.0,0,0,2517.525381246327,10003.710842250544,20631.103164598364,16711.193563324676,10800.0,10800.0,1477.3342065969214,10800.0,0.0005160000000614673,1.1368683772161603e-13,0,1.0,1.0
2025-03-08,mpc,error_scaled_frozen_contract_and_soc,20935.292362667544,19002.47517889016,1932.8171837773823,35504.28534143722,32264.434281913418,3239.851059523809,2403.8390908517067,531.6385095238101,30,13,3701.4720042386875,9434.126728092435,20376.979681954588,16539.79407999134,10800.0,10761.732735990978,1566.776010538721,10800.0,1.0890928000007989,1.1368683772161603e-13,0,1.0,1.0
2025-03-09,greedy,error_scaled_frozen_contract_and_soc,46665.54281790521,46665.54281790521,0.0,75738.740285398,72457.99356158849,3280.7467238095232,2405.35204105127,0.0,0,0,7036.520268195176,1469.0632718988793,20524.377343705033,16624.745648401076,10800.0,10800.0,1399.1101243386238,10800.0,0.00057409999135416,1.1368683772161603e-13,0,1.0,1.0
2025-03-09,mpc,error_scaled_frozen_contract_and_soc,48176.22145756116,46665.54281790521,1510.6786396559546,75738.740285398,72457.99356158849,3280.7467238095232,2405.35204105127,320.4739452380953,22,12,6792.427883865455,1808.9655075112878,21739.2869448033,17614.99115554394,10800.0,10793.145855274155,1398.8987369784531,10800.0,1.0699928999965778,2.2737367544323206e-13,0,1.0,1.0
2025-03-10,greedy,error_scaled_frozen_contract_and_soc,45813.298192067894,45813.298192067894,0.0,74516.36477060814,71236.79984441766,3279.564926190475,2421.796012434247,0.0,0,0,2389.601241801561,0.0,21498.37936213992,17413.687283333333,10800.0,10800.0,1363.4247063492046,10800.0,0.00031790000502951443,1.2789769243681803e-13,0,1.0,1.0
2025-03-10,mpc,error_scaled_frozen_contract_and_soc,53448.76889539257,45813.298192067894,7635.470703324672,74516.36477060814,71236.79984441766,3279.564926190475,2421.796012434247,1468.2201783930054,32,13,3202.3588487942816,834.5146016393948,20676.778060035278,16771.138011467803,10800.0,10774.502463511973,1243.475703703705,10800.0,0.9684754000045359,2.2737367544323206e-13,0,1.0,1.0
2025-03-11,greedy,error_scaled_frozen_contract_and_soc,45368.4864151827,45368.4864151827,0.0,74243.9328505922,70798.90999344934,3445.022857142856,2424.7568121123413,0.0,0,0,5366.084801709205,1129.5081,20049.5849941211,16240.163845238096,10800.0,10800.0,1445.0908775396833,10800.0,0.00035820000630337745,1.1368683772161603e-13,0,1.0,1.0
2025-03-11,mpc,error_scaled_frozen_contract_and_soc,47424.336117106395,45368.4864151827,2055.8497019237006,74243.9328505922,70798.90999344934,3445.022857142856,2424.7568121123413,448.84012629674356,30,14,5033.027866055381,1770.7780961878852,21114.12730739656,17164.07909275088,10800.0,10731.515584711487,1249.8949947089966,10800.0,0.9833958000090206,2.2737367544323206e-13,0,1.0,1.0
2025-03-12,greedy,error_scaled_frozen_contract_and_soc,44943.743315961896,44943.743315961896,0.0,73437.69149560858,70049.07811465621,3388.6133809523817,2436.8582610315066,0.0,0,0,5384.750088413031,1761.170387836243,20295.980715926242,16439.74437990026,10800.0,10800.0,1444.6792474867748,10800.0,0.0006022000015946105,1.7053025658242404e-13,0,1.0,1.0
2025-03-12,mpc,error_scaled_frozen_contract_and_soc,46839.98664748094,44943.743315961896,1896.2433315190456,73437.69149560858,70049.07811465621,3388.6133809523817,2436.8582610315066,474.9230047619043,30,16,5353.877923430276,2174.0950914866553,21041.950834401443,17092.844032281217,10800.0,10745.706826204394,1309.9506187390782,10800.0,1.154442700004438,2.2737367544323206e-13,0,1.0,1.0
2025-03-13,greedy,error_scaled_frozen_contract_and_soc,46512.39658543979,44377.20810768066,2135.1884777591326,72618.07584923373,69139.9133706623,3478.162478571429,2395.729100998531,306.0763299540041,1,1,1271.931730276306,0.0,21613.69701181457,17507.094579569803,10800.0,10800.0,1200.0,10800.0,0.0007220999978017062,1.1368683772161603e-13,0,1.0,1.0
2025-03-13,mpc,error_scaled_frozen_contract_and_soc,55601.07928828206,44377.20810768066,11223.871180601396,72618.07584923373,69139.9133706623,3478.162478571429,2395.729100998531,2097.405588491756,32,13,2721.6756801214815,581.9336552632465,20477.620406706148,16611.36632103205,10800.0,10772.784675999925,1207.274074074075,10800.0,1.044336299994029,2.2737367544323206e-13,0,1.0,1.0
2025-03-14,greedy,error_scaled_frozen_contract_and_soc,18523.564994223634,18523.564994223634,0.0,34758.327946586396,31037.407334681633,3720.9206119047612,2578.619448208452,0.0,0,0,2724.6006168136373,12069.143160100779,20711.358875466532,16776.200689127887,10800.0,10800.0,1674.9387229100541,10800.0,0.00039760000072419643,1.1368683772161603e-13,0,1.0,1.0
2025-03-14,mpc,error_scaled_frozen_contract_and_soc,21364.988390421255,18523.564994223634,2841.423396197618,34758.327946586396,31037.407334681633,3720.9206119047612,2578.619448208452,643.3779119047615,33,11,3254.144784461405,12263.115044524631,20386.84548053777,16531.825434365983,10800.0,10779.466005410679,1285.0752753203344,10800.0,1.0280892000009771,1.1368683772161603e-13,0,1.0,1.0
2025-03-15,greedy,error_scaled_frozen_contract_and_soc,18737.806518942416,18737.806518942416,0.0,35242.610330206095,31449.046282587056,3793.5640476190465,2584.6864233828583,0.0,0,0,1886.149731951793,8488.168785057507,20758.771911562126,16814.605248365326,10800.0,10800.0,1422.5861996825392,10800.0,0.00030220000189729035,1.1368683772161603e-13,0,1.0,1.0
2025-03-15,mpc,error_scaled_frozen_contract_and_soc,21570.490380861465,18737.806518942416,2832.68386191905,35242.610330206095,31449.046282587056,3793.5640476190465,2584.6864233828583,564.0555238095244,32,14,3016.558744834094,8078.445947619047,20260.680836118285,16473.1448245558,10800.0,10731.118503000009,1506.5261777358671,10800.0,1.0263197000022046,1.1368683772161603e-13,0,1.0,1.0
2025-03-16,greedy,error_scaled_frozen_contract_and_soc,44344.445564973095,44344.445564973095,0.0,72639.90403957845,68719.60355624513,3920.3004833333316,2611.990314041549,0.0,0,0,4993.541968312757,329.9872666666671,20870.146690872112,16904.818819606407,10800.0,10800.0,1675.1421058201092,10800.0,0.0003718999942066148,1.1368683772161603e-13,0,1.0,1.0
2025-03-16,mpc,error_scaled_frozen_contract_and_soc,48411.44124655232,44344.445564973095,4066.9956815792307,72639.90403957845,68719.60355624513,3920.3004833333316,2611.990314041549,866.2462177238083,36,17,5236.333660588292,1044.919395238096,20462.726796215626,16588.87652807308,10800.0,10784.369085401755,1288.7153888888893,10800.0,0.9851422999927308,2.2737367544323206e-13,0,1.0,1.0
2025-03-17,greedy,error_scaled_frozen_contract_and_soc,44358.87827329205,44358.87827329205,0.0,72844.04200301201,68890.46627205962,3953.5757309523797,2613.511236251985,0.0,0,0,8766.42216442787,2603.535552781681,19031.330802469136,15415.377950000004,10800.0,10800.0,1505.3911931216915,10800.0,0.0006158000032883137,1.1368683772161603e-13,0,1.0,1.0
2025-03-17,mpc,error_scaled_frozen_contract_and_soc,45869.24914842182,44358.87827329205,1510.3708751297652,72844.04200301201,68890.46627205962,3953.5757309523797,2613.511236251985,274.0248976190483,14,8,8241.752631909636,3091.2704648770823,20691.242171697595,16764.329801186577,10800.0,10795.084842098306,1471.5912313195763,10800.0,1.0524500000028638,2.2737367544323206e-13,0,1.0,1.0
2025-03-18,greedy,error_scaled_frozen_contract_and_soc,44198.47680503202,43094.74766779219,1103.7291372398327,70866.43233443717,67029.60842967525,3836.8239047619036,2650.5504142322234,224.6419566983086,3,1,4633.292711591085,1253.9817500000004,21462.3234888301,17384.48202595238,10800.0,10800.0,1200.0,10800.0,0.000519900000654161,1.1368683772161603e-13,0,1.0,1.0
2025-03-18,mpc,error_scaled_frozen_contract_and_soc,48426.009206466,43094.74766779219,5331.2615386738125,70866.43233443717,67029.60842967525,3836.8239047619036,2650.5504142322234,1050.151440476191,31,10,5761.803405038638,1145.585562069184,20859.319983313366,16976.0835421745,10800.0,10711.072938121477,1468.9861607431371,10800.0,1.0785871000116458,2.2737367544323206e-13,0,1.0,1.0
2025-03-19,greedy,error_scaled_frozen_contract_and_soc,43281.09689063081,43281.09689063081,0.0,71080.79841378867,67257.13011855059,3823.6682952380934,2696.961684803613,0.0,0,0,5770.786607842277,1846.9192606174508,21040.116291205006,17042.494195876054,10800.0,10800.0,1497.2110038414191,10800.0,0.0005670999962603673,1.1368683772161603e-13,0,1.0,1.0
2025-03-19,mpc,error_scaled_frozen_contract_and_soc,46915.48532624511,43281.09689063081,3634.3884356142903,71080.79841378867,67257.13011855059,3823.6682952380934,2696.961684803613,716.2817809523817,23,10,6752.56769357648,1631.5208766586559,20776.430303715308,16828.909129209387,10800.0,10799.999352000017,1419.1027721515638,10800.0,1.0580434000003152,1.1368683772161603e-13,0,1.0,1.0
2025-03-20,greedy,error_scaled_frozen_contract_and_soc,43416.79839656383,43416.79839656383,0.0,70966.65184695611,67092.20890409898,3874.4429428571416,2651.217376471708,0.0,0,0,3781.6169689006438,1014.3316833333329,20851.270410818313,16889.529032762835,10800.0,10800.0,1516.7374682539694,10800.0,0.0006373999931383878,1.1368683772161603e-13,0,1.0,1.0
2025-03-20,mpc,error_scaled_frozen_contract_and_soc,46752.53321536145,43416.79839656383,3335.734818797623,70966.65184695611,67092.20890409898,3874.4429428571416,2651.217376471708,759.1962309523817,35,8,4697.30586090837,899.8268103086074,20652.826782311502,16733.073192286643,10800.0,10795.240557095194,1302.0020450525142,10800.0,1.0137888000026578,2.2737367544323206e-13,0,1.0,1.0
2025-03-21,greedy,error_scaled_frozen_contract_and_soc,18341.689905051797,18341.689905051797,0.0,34384.14887370889,30513.686261804127,3870.4626119047607,2697.264311197898,0.0,0,0,2734.8647951138573,15696.520733333331,20627.88857155281,16708.589742957774,10800.0,10800.0,1550.2131190476196,10800.0,0.00032789999386295676,1.1368683772161603e-13,0,1.0,1.0
2025-03-21,mpc,error_scaled_frozen_contract_and_soc,20828.23450511251,18341.689905051797,2486.5446000607126,34384.14887370889,30513.686261804127,3870.4626119047607,2697.264311197898,616.2956904761902,35,12,4065.5794174727066,15094.03458410423,20319.162091280203,16511.796045338728,10800.0,10740.80583177582,1641.0574602056456,10800.0,1.0219534000061685,1.1368683772161603e-13,0,1.0,1.0
2025-03-22,greedy,error_scaled_frozen_contract_and_soc,18785.33593745049,18785.33593745049,0.0,35105.547491150646,31247.3263482935,3858.221142857141,2690.559770415002,0.0,0,0,3422.5487174897116,12025.33092696435,19876.147965069744,16099.679851706494,10800.0,10800.0,1918.902602839346,10800.0,0.0005143999878782779,1.1368683772161603e-13,0,1.0,1.0
2025-03-22,mpc,error_scaled_frozen_contract_and_soc,20835.398894137634,18785.33593745049,2050.062956687145,35105.547491150646,31247.3263482935,3858.221142857141,2690.559770415002,467.55632518711633,15,9,3384.653150887135,12509.902154761905,20020.81480625572,16223.466028900331,10800.0,10792.659960185338,1299.3544629629641,10800.0,0.9987814000051003,1.1368683772161603e-13,0,1.0,1.0
2025-03-23,greedy,error_scaled_frozen_contract_and_soc,41807.564494103266,41807.564494103266,0.0,68759.08035308663,64886.9251888009,3872.155164285713,2724.636121769286,0.0,0,0,4027.3620965316627,2004.93842089947,20826.630099941212,16869.570380952384,10800.0,10800.0,1309.0050717989425,10800.0,0.00037199999496806413,1.2612133559741778e-13,0,1.0,1.0
2025-03-23,mpc,error_scaled_frozen_contract_and_soc,45636.10865570208,41807.564494103266,3828.5441615988093,68759.08035308663,64886.9251888009,3872.155164285713,2724.636121769286,751.0878357142857,32,10,4934.693599943539,1866.7021668524326,20731.857308096085,16792.805002757814,10800.0,10799.999352000017,1367.5339167801415,10800.0,0.9952081999945221,2.2737367544323206e-13,0,1.0,1.0
2025-03-24,greedy,error_scaled_frozen_contract_and_soc,41434.24826551966,41434.24826551966,0.0,67906.36140706876,63954.115159449706,3952.2462476190462,2692.5570164508736,0.0,0,0,3809.374782128163,2159.034833333333,20733.97214881017,16794.51744053624,10800.0,10800.0,1696.434079365078,10800.0,0.0003428000054555014,1.4921397450962104e-13,0,1.0,1.0
2025-03-24,mpc,error_scaled_frozen_contract_and_soc,43754.65800621609,41434.24826551966,2320.4097406964265,67906.36140706876,63954.115159449706,3952.2462476190462,2692.5570164508736,555.9069857142854,29,14,4768.333585686927,1953.4451354131477,20377.2902248224,16635.297636472766,10800.0,10655.89716181487,1269.3632513227515,10800.0,0.98115069999767,2.2737367544323206e-13,0,1.0,1.0
2025-03-25,greedy,error_scaled_frozen_contract_and_soc,41072.93989494236,41072.93989494236,0.0,67488.91130383586,63584.89573002634,3904.015573809522,2738.4124738464698,0.0,0,0,1748.646665784829,748.8334072016426,21270.03428517224,17228.727770989513,10800.0,10800.0,1352.987971640212,10800.0,0.00045370000589173287,2.2737367544323206e-13,0,1.0,1.0
2025-03-25,mpc,error_scaled_frozen_contract_and_soc,45682.33220246142,41072.93989494236,4609.392307519052,67488.91130383586,63584.89573002634,3904.015573809522,2738.4124738464698,1034.6453333333343,46,18,2952.5479447919706,793.4644887002296,20480.12217228556,16652.702685275224,10800.0,10729.106971417861,1315.2027092655155,10800.0,1.189917499999865,2.2737367544323206e-13,0,1.0,1.0
2025-03-26,greedy,error_scaled_frozen_contract_and_soc,41106.754240449816,41106.754240449816,0.0,67573.34352416676,63470.383105119145,4102.960419047619,2718.9739521136107,0.0,0,0,5430.663983896333,2680.3422582892467,20367.275870076424,16497.493454761905,10800.0,10800.0,1425.5419708994712,10800.0,0.0004200999974273145,1.1368683772161603e-13,0,1.0,1.0
2025-03-26,mpc,error_scaled_frozen_contract_and_soc,43538.208314939104,41106.754240449816,2431.4540744892815,67573.34352416676,63470.383105119145,4102.960419047619,2718.9739521136107,500.64276666666575,30,11,5522.0237116478465,3137.9645385394874,20436.357596179096,16614.91442219966,10800.0,10731.705811894893,1386.4642825343192,10800.0,1.1360765999997966,2.2737367544323206e-13,0,1.0,1.0
2025-03-27,greedy,error_scaled_frozen_contract_and_soc,41091.23804540071,41091.23804540071,0.0,67338.45548452041,63213.204729758494,4125.250754761905,2721.8257832330946,0.0,0,0,3665.2453847442684,1089.0153693121777,20353.712265599803,16486.506935135843,10800.0,10800.0,1580.75743915344,10800.0,0.0007802000036463141,1.1368683772161603e-13,0,1.0,1.0
2025-03-27,mpc,error_scaled_frozen_contract_and_soc,44369.21432907726,41091.23804540071,3277.9762836765512,67338.45548452041,63213.204729758494,4125.250754761905,2721.8257832330946,680.4568896999981,29,15,4411.997212294188,1133.1680261904762,20005.192259743017,16248.434524007273,10800.0,10750.856895982859,1260.912481481483,10800.0,1.217389199999161,2.2737367544323206e-13,0,1.0,1.0
2025-03-28,greedy,error_scaled_frozen_contract_and_soc,18283.757797562463,18283.757797562463,0.0,34418.31225257664,30134.89665257664,4283.415600000001,2652.214482897062,0.0,0,0,3258.149849853029,16491.941915614905,20243.893265484447,16397.553545042403,10800.0,10800.0,1842.9887380952384,10800.0,0.0006047999922884628,1.1368683772161603e-13,0,1.0,1.0
2025-03-28,mpc,error_scaled_frozen_contract_and_soc,20070.40797885294,18283.757797562463,1786.6501812904773,34418.31225257664,30134.89665257664,4283.415600000001,2652.214482897062,462.8925023809528,24,11,4491.490009092482,15731.756081466569,20259.548347536187,16423.47044980431,10800.0,10785.293013000008,1718.3664746071192,10800.0,1.1538427000050433,1.1368683772161603e-13,0,1.0,1.0
2025-03-29,greedy,error_scaled_frozen_contract_and_soc,17973.70195855247,17973.70195855247,0.0,34052.12106396185,29812.580778247568,4239.540285714287,2723.15305937996,0.0,0,0,2629.1655360376308,19870.389503820767,20238.72021457965,16393.363373809523,10800.0,10800.0,1581.3992863492106,10800.0,0.0007213999924715608,1.1368683772161603e-13,0,1.0,1.0
2025-03-29,mpc,error_scaled_frozen_contract_and_soc,20162.27831751199,17973.70195855247,2188.576358959524,34052.12106396185,29812.580778247568,4239.540285714287,2723.15305937996,451.4096238095238,30,12,3945.7551093737334,19000.96548865536,20312.53845640895,16462.93755,10800.0,10789.131777434724,1594.2865730139408,10800.0,1.1885541999945417,1.1368683772161603e-13,0,1.0,1.0
2025-03-30,greedy,error_scaled_frozen_contract_and_soc,40159.722942748165,40159.722942748165,0.0,65732.45833577553,61469.564504823145,4262.893830952382,2692.1380937817858,0.0,0,0,4177.686007789536,2406.7189666666673,20012.80874378594,16210.375082466613,10800.0,10800.0,1643.9810296825399,10800.0,0.00030949999927543104,2.2737367544323206e-13,0,1.0,1.0
2025-03-30,mpc,error_scaled_frozen_contract_and_soc,42188.05322412052,40159.722942748165,2028.3302813723574,65732.45833577553,61469.564504823145,4262.893830952382,2692.1380937817858,446.36330338573254,29,15,5143.151248320366,1871.4668981142781,20278.908390855122,16460.3245981285,10800.0,10761.7679982935,1267.657222222224,10800.0,1.0812310000037542,2.2737367544323206e-13,0,1.0,1.0
2025-03-31,greedy,error_scaled_frozen_contract_and_soc,39461.15513125522,39461.15513125522,0.0,64834.41783624546,60633.63344100736,4200.784395238095,2749.108714775556,0.0,0,0,2904.8665608171677,1287.8790666666673,19422.540660148945,15732.257934720648,10800.0,10800.0,1421.841241904765,10800.0,0.000483600000734441,1.1368683772161603e-13,0,1.0,1.0
2025-03-31,mpc,error_scaled_frozen_contract_and_soc,50110.31934738887,39461.15513125522,10649.164216133653,64834.41783624546,60633.63344100736,4200.784395238095,2749.108714775556,1816.8520225323282,28,11,3294.320945531328,2814.1139000000016,18998.7232397205,15407.27770980737,10800.0,10779.653460406931,1224.046037037037,10800.0,1.0915887000010116,2.2737367544323206e-13,0,1.0,1.0
2025-04-01,greedy,error_scaled_frozen_contract_and_soc,39821.2656579408,39821.2656579408,0.0,65398.8819243918,61162.15455534417,4236.727369047619,2777.1384108645243,0.0,0,0,1446.6145689300488,0.0,19702.18862523727,15958.772786442192,10800.0,10800.0,1451.6452671957672,10800.0,0.00027040000713896006,1.1368683772161603e-13,0,1.0,1.0
2025-04-01,mpc,error_scaled_frozen_contract_and_soc,54551.7649951868,39821.2656579408,14730.499337246012,65398.8819243918,61162.15455534417,4236.727369047619,2777.1384108645243,2464.8112914805693,38,17,2590.4831162899372,1578.2460809523805,18347.96309454405,14861.85059258067,10800.0,10799.999460000012,1200.0,10800.0,1.1001126999908593,2.2737367544323206e-13,0,1.0,1.0
2025-04-02,greedy,error_scaled_frozen_contract_and_soc,44594.069979021486,39468.07979079585,5125.99018822564,64999.922723815704,60686.708561910935,4313.214161904762,2554.2528387165084,1024.3054798446647,9,1,1543.6067986030566,0.0,21290.978973985882,17245.69296892857,10800.0,10800.0,1200.0,10800.0,0.0005227000074228272,1.1368683772161603e-13,0,1.0,1.0
2025-04-02,mpc,error_scaled_frozen_contract_and_soc,52698.91729136251,39468.07979079585,13230.837500566662,64999.922723815704,60686.708561910935,4313.214161904762,2554.2528387165084,2476.2523476190463,45,14,3076.8673364054052,268.8177721511978,19623.022111651386,15927.867548773236,10800.0,10763.089290738213,1219.1559608215657,10800.0,1.0816906000109157,2.2737367544323206e-13,0,1.0,1.0
2025-04-03,greedy,error_scaled_frozen_contract_and_soc,39936.78689579961,39891.59662046959,45.19027533003118,66004.70851689085,61604.629188319406,4400.07932857143,2660.522227575635,9.109106093535814,1,1,4068.6134325690787,2041.8980778344653,21261.978136390353,17222.20229047619,10800.0,10800.0,1200.0,10800.0,0.0007373999978881329,2.2737367544323206e-13,0,1.0,1.0
2025-04-03,mpc,error_scaled_frozen_contract_and_soc,44449.652763584774,39891.59662046959,4558.056143115191,66004.70851689085,61604.629188319406,4400.07932857143,2660.522227575635,917.1653968415568,38,15,5099.282676739644,2172.13513085796,20251.80153205344,16464.875692585312,10800.0,10732.315053753304,1217.4850291005303,10800.0,1.203212699998403,2.2737367544323206e-13,0,1.0,1.0
2025-04-04,greedy,error_scaled_frozen_contract_and_soc,17695.706689484563,17695.706689484563,0.0,33554.74257446373,29090.55822446373,4464.184350000001,2628.8079829922217,0.0,0,0,3487.7710816578538,19775.00426926739,20321.920913360467,16460.755939821982,10800.0,10800.0,1821.6135001977946,10800.0,0.00039650000690016896,1.1368683772161603e-13,0,1.0,1.0
2025-04-04,mpc,error_scaled_frozen_contract_and_soc,20411.096685086944,17695.706689484563,2715.3899956023806,33554.74257446373,29090.55822446373,4464.184350000001,2628.8079829922217,653.5570023809523,29,10,4812.848690138916,19130.53219456719,20199.450922436747,16365.33448029817,10800.0,10795.800852083989,1689.6200110102582,10800.0,1.1064295999967726,1.1368683772161603e-13,0,1.0,1.0
2025-04-05,greedy,error_scaled_frozen_contract_and_soc,17829.22057207057,17829.22057207057,0.0,33794.75091386069,29322.40978528926,4472.341128571428,2652.847589672381,0.0,0,0,2851.827219753084,15074.711313478563,20126.82840681952,16302.73100952381,10800.0,10800.0,1676.1531532275083,10800.0,0.00026879999495577067,1.1368683772161603e-13,0,1.0,1.0
2025-04-05,mpc,error_scaled_frozen_contract_and_soc,23531.334940107125,17829.22057207057,5702.114368036553,33794.75091386069,29322.40978528926,4472.341128571428,2652.847589672381,1131.8470114191082,28,13,3160.3351844146187,16067.323957198683,19370.36741748548,15715.543617152322,10800.0,10771.615545567685,1200.0,10800.0,0.9914195999881485,1.1368683772161603e-13,0,1.0,1.0
2025-04-06,greedy,error_scaled_frozen_contract_and_soc,39771.26492424217,39771.26492424217,0.0,65920.00402092352,61200.856359018755,4719.147661904761,2615.240198946906,0.0,0,0,4451.610585302763,3185.053499999999,20385.598257653095,16512.33458869901,10800.0,10800.0,1387.1389259259274,10800.0,0.00035289999505039304,1.1368683772161603e-13,0,1.0,1.0
2025-04-06,mpc,error_scaled_frozen_contract_and_soc,42690.30971401003,39771.26492424217,2919.044789767858,65920.00402092352,61200.856359018755,4719.147661904761,2615.240198946906,593.4636285714289,31,14,5844.9642595924,2396.2706806897695,20327.142240768928,16464.98579822282,10800.0,10799.999352000017,1380.954045589204,10800.0,1.1594897000031779,2.2737367544323206e-13,0,1.0,1.0
2025-04-07,greedy,error_scaled_frozen_contract_and_soc,39263.235938385245,39263.235938385245,0.0,64907.03468133908,60174.04456229147,4732.990119047618,2622.4770863442873,0.0,0,0,5462.306478012924,2562.9335666666675,19153.02817540084,15513.952822074676,10800.0,10800.0,1590.161308862433,10800.0,0.000444200006313622,1.1368683772161603e-13,0,1.0,1.0
2025-04-07,mpc,error_scaled_frozen_contract_and_soc,41687.863703842886,39263.235938385245,2424.627765457637,64907.03468133908,60174.04456229147,4732.990119047618,2622.4770863442873,497.8932690120208,20,11,4617.010939857953,3910.110216666665,19487.186137365334,15852.098626872179,10800.0,10725.024604881934,1214.8423068783063,10800.0,1.2014630000048783,2.2737367544323206e-13,0,1.0,1.0
2025-04-08,greedy,error_scaled_frozen_contract_and_soc,39602.519229141944,39602.519229141944,0.0,65357.14411164224,60558.986283070815,4798.157828571427,2600.161607861312,0.0,0,0,4446.939507965899,2609.554016666667,20776.089317594808,16828.632347251798,10800.0,10800.0,1386.2576140740764,10800.0,0.00027150000096298754,2.2737367544323206e-13,0,1.0,1.0
2025-04-08,mpc,error_scaled_frozen_contract_and_soc,44749.64598267527,39602.519229141944,5147.126753533329,65357.14411164224,60558.986283070815,4798.157828571427,2600.161607861312,1052.1502904761894,33,9,6133.458752506765,2199.297598016163,19802.18830599016,16078.84387106132,10800.0,10756.587396434128,1333.5092309866873,10800.0,1.0528435000014724,2.2737367544323206e-13,0,1.0,1.0
2025-04-09,greedy,error_scaled_frozen_contract_and_soc,39334.56667160588,39334.56667160588,0.0,64738.39234973515,59819.403787830386,4918.988561904761,2576.9250820634134,0.0,0,0,1720.3960481931495,0.0,20440.448867764928,16556.7635828896,10800.0,10800.0,1353.1876596436746,10800.0,0.00024009999469853938,1.1368683772161603e-13,0,1.0,1.0
2025-04-09,mpc,error_scaled_frozen_contract_and_soc,53588.9181179374,39334.56667160588,14254.351446331526,64738.39234973515,59819.403787830386,4918.988561904761,2576.9250820634134,2392.8988939951996,30,12,3664.0326685912464,976.8664341712486,17992.84080605273,14636.75968175154,10800.0,10730.490412390187,1221.8240740740741,10800.0,0.9436665999965044,2.2737367544323206e-13,0,1.0,1.0
2025-04-10,greedy,error_scaled_frozen_contract_and_soc,39369.217391055354,39369.217391055354,0.0,64604.59284097195,59528.96596716243,5075.626873809524,2578.2813853472626,0.0,0,0,4299.223616225752,2052.6912789829557,19958.10550401712,16166.065458253872,10800.0,10800.0,1461.5899411640223,10800.0,0.0003389000048628077,1.1368683772161603e-13,0,1.0,1.0
2025-04-10,mpc,error_scaled_frozen_contract_and_soc,42245.21384385619,39369.217391055354,2875.9964528008272,64604.59284097195,59528.96596716243,5075.626873809524,2578.2813853472626,596.6166032581568,27,15,4925.111530246264,2078.275301028505,19769.12319414154,16031.93848118619,10800.0,10778.945895631618,1274.9203703703674,10800.0,1.1058698000124423,2.2737367544323206e-13,0,1.0,1.0
2025-04-11,greedy,error_scaled_frozen_contract_and_soc,17787.111942489748,17787.111942489748,0.0,33552.33259064068,28455.604164450207,5096.728426190475,2616.921980421787,0.0,0,0,3372.959410934741,21029.73808876863,20173.604864582343,16340.619940311697,10800.0,10800.0,1755.8707772222212,10800.0,0.00038840000343043357,1.1368683772161603e-13,0,1.0,1.0
2025-04-11,mpc,error_scaled_frozen_contract_and_soc,20830.04819751832,17787.111942489748,3042.9362550285728,33552.33259064068,28455.604164450207,5096.728426190475,2616.921980421787,683.3685809523811,28,8,5101.851057107445,20104.573230462483,19970.428507668166,16257.801790311696,10800.0,10709.161445443908,1743.482525412036,10800.0,1.0675536999915494,1.1368683772161603e-13,0,1.0,1.0
2025-04-12,greedy,error_scaled_frozen_contract_and_soc,18058.750949245932,18058.750949245932,0.0,33983.00809509703,28899.86532128751,5083.142773809523,2643.1162379287316,0.0,0,0,3992.9713497670587,17310.302033333333,19234.60085261389,15580.026690617251,10800.0,10800.0,1867.1942490740742,10800.0,0.0002783999952953309,1.1368683772161603e-13,0,1.0,1.0
2025-04-12,mpc,error_scaled_frozen_contract_and_soc,19040.21942725665,18058.750949245932,981.4684780107149,33983.00809509703,28899.86532128751,5083.142773809523,2643.1162379287316,208.55180000000007,17,9,4314.968817244067,17046.4660743482,20039.32516555058,16234.360712045824,10800.0,10797.214080055717,1348.6811739181567,10800.0,1.1466821000067284,1.1368683772161603e-13,0,1.0,1.0
2025-04-13,greedy,error_scaled_frozen_contract_and_soc,38305.56035841786,38305.56035841786,0.0,62892.10933303208,58036.78806874636,4855.321264285714,2554.5366614846826,0.0,0,0,3339.8694504997075,1557.5147330981804,19570.350874215055,15851.984208114196,10800.0,10800.0,1446.110051931218,10800.0,0.0010867999953916296,1.1368683772161603e-13,0,1.0,1.0
2025-04-13,mpc,error_scaled_frozen_contract_and_soc,42914.178908154776,38305.56035841786,4608.618549736922,62892.10933303208,58036.78806874636,4855.321264285714,2554.5366614846826,879.2217109413672,34,14,3756.2510538370343,2117.215889923588,19084.37158309994,15462.865966220448,10800.0,10794.972240100557,1297.1015714285725,10800.0,1.147774400000344,1.1368683772161603e-13,0,1.0,1.0
2025-04-14,greedy,error_scaled_frozen_contract_and_soc,37985.95555329397,37985.95555329397,0.0,62673.324744714075,57776.03287090454,4897.291873809523,2531.341017247143,0.0,0,0,3976.0678179306315,2473.9083009406268,19449.035925488555,15753.719099645738,10800.0,10800.0,1369.7124617460354,10800.0,0.0004413999995449558,1.1368683772161603e-13,0,1.0,1.0
2025-04-14,mpc,error_scaled_frozen_contract_and_soc,41309.48156403648,37985.95555329397,3323.526010742511,62673.324744714075,57776.03287090454,4897.291873809523,2531.341017247143,674.2496020266915,27,11,4726.626091697538,2446.6559402927105,19198.187393321947,15551.926878571427,10800.0,10798.4499000215,1347.8846253134934,10800.0,1.0542923000029987,2.2737367544323206e-13,0,1.0,1.0
2025-04-15,greedy,error_scaled_frozen_contract_and_soc,38456.005002223326,38456.005002223326,0.0,63066.319048825564,58260.71501073032,4805.604038095238,2534.0684422264294,0.0,0,0,5834.984927042913,3651.723995767201,18106.2173299059,14666.036037223781,10800.0,10800.0,1482.920534391536,10800.0,0.0002582000015536323,2.2737367544323206e-13,0,1.0,1.0
2025-04-15,mpc,error_scaled_frozen_contract_and_soc,43501.072260599096,38456.005002223326,5045.067258375766,63066.319048825564,58260.71501073032,4805.604038095238,2534.0684422264294,822.07236941428,15,9,4958.442556978229,5273.11032232216,18512.68573055848,14995.27602495236,10800.0,10799.999352000017,1208.3909947089955,10800.0,0.9892684999940684,2.2737367544323206e-13,0,1.0,1.0
2025-04-16,greedy,error_scaled_frozen_contract_and_soc,38027.9087058627,38027.9087058627,0.0,62461.52561905137,57695.96285952756,4765.562759523809,2527.5670459911917,0.0,0,0,2480.351679702204,515.1258666666672,19402.400645697362,15715.94452301486,10800.0,10800.0,1549.0327883597888,10800.0,0.0006471999950008467,1.1368683772161603e-13,0,1.0,1.0
2025-04-16,mpc,error_scaled_frozen_contract_and_soc,44123.96492189601,38027.9087058627,6096.056216033308,62461.52561905137,57695.96285952756,4765.562759523809,2527.5670459911917,1139.6282480881573,29,15,2973.581835936028,1355.4827642857142,18515.265568034964,15022.768251117177,10800.0,10771.77428776794,1266.1078915343928,10800.0,1.1567451000009896,2.2737367544323206e-13,0,1.0,1.0
2025-04-17,greedy,error_scaled_frozen_contract_and_soc,37945.83994895927,37945.83994895927,0.0,62202.97979448375,57198.25191829326,5004.7278761904745,2463.303325116707,0.0,0,0,3730.5224345535053,1933.164257627561,19320.793433171966,15649.842680869293,10800.0,10800.0,1407.1860079365097,10800.0,0.00042580001172609627,1.1368683772161603e-13,0,1.0,1.0
2025-04-17,mpc,error_scaled_frozen_contract_and_soc,42298.71746243051,37945.83994895927,4352.877513471249,62202.97979448375,57198.25191829326,5004.7278761904745,2463.303325116707,754.3120438994401,28,11,3998.385642523175,2534.161215134912,18825.980770075897,15269.578139350804,10800.0,10777.184760456303,1205.6286666666656,10800.0,1.0367564000043785,2.2737367544323206e-13,0,1.0,1.0
2025-04-18,greedy,error_scaled_frozen_contract_and_soc,17561.849917685882,17561.849917685882,0.0,33322.58443788793,28312.14215217364,5010.4422857142845,2411.131681844009,0.0,0,0,4303.889974603176,18904.777191719375,19788.421517010782,16028.621428778737,10800.0,10800.0,1908.981607142859,10800.0,0.0006627999973716214,1.1368683772161603e-13,0,1.0,1.0
2025-04-18,mpc,error_scaled_frozen_contract_and_soc,19395.058273606122,17561.849917685882,1833.2083559202395,33322.58443788793,28312.14215217364,5010.4422857142845,2411.131681844009,450.47467619047643,22,7,4657.346279115006,18924.897036631388,20193.153674729794,16356.455059731117,10800.0,10799.999352000017,1274.823237757278,10800.0,0.964042799998424,1.1368683772161603e-13,0,1.0,1.0
2025-04-19,greedy,error_scaled_frozen_contract_and_soc,17273.280662356286,17273.280662356286,0.0,32749.397890377953,27674.472085616046,5074.925804761904,2385.169605493533,0.0,0,0,4002.9728259259305,18148.979172130337,20067.192854324683,16254.426212003,10800.0,10800.0,1867.8774863458743,10800.0,0.00026149999757763,1.1368683772161603e-13,0,1.0,1.0
2025-04-19,mpc,error_scaled_frozen_contract_and_soc,19354.175158841997,17273.280662356286,2080.8944964857137,32749.397890377953,27674.472085616046,5074.925804761904,2385.169605493533,506.13798333333307,25,10,4898.259571865967,17811.103540007596,20100.3232047931,16338.82969295538,10800.0,10736.035669918923,1630.5562414440337,10800.0,1.0457179999939399,1.1368683772161603e-13,0,1.0,1.0
2025-04-20,greedy,error_scaled_frozen_contract_and_soc,37510.02849517279,37510.02849517279,0.0,61682.876440002256,56530.39846619273,5152.477973809523,2383.589678036667,0.0,0,0,3706.1527499376207,2251.0215610853047,19831.353924452615,16063.396678806617,10800.0,10800.0,1707.575373015874,10800.0,0.00040639999497216195,1.1368683772161603e-13,0,1.0,1.0
2025-04-20,mpc,error_scaled_frozen_contract_and_soc,41862.26467804404,37510.02849517279,4352.236182871255,61682.876440002256,56530.39846619273,5152.477973809523,2383.589678036667,949.7201716628288,34,14,3898.9349543730605,3221.4082137389332,19097.39175069688,15542.883190477121,10800.0,10717.782363985947,1227.4094470899481,10800.0,0.9850604000093881,2.2737367544323206e-13,0,1.0,1.0
2025-04-21,greedy,error_scaled_frozen_contract_and_soc,37728.44055688006,37728.44055688006,0.0,62098.610422082216,56862.33076493937,5236.279657142855,2373.56950155512,0.0,0,0,5283.823612110521,4780.552166666666,18512.232947219454,14994.908687247756,10800.0,10800.0,1565.4280396825418,10800.0,0.00035280000884085894,1.1368683772161603e-13,0,1.0,1.0
2025-04-21,mpc,error_scaled_frozen_contract_and_soc,39296.22393702886,37728.44055688006,1567.7833801488073,62098.610422082216,56862.33076493937,5236.279657142855,2373.56950155512,353.2119190476186,20,12,6496.78628368944,3839.675644131954,19299.5873505562,15701.137320581089,10800.0,10723.920481521589,1468.0564582380248,10800.0,1.158969199997955,1.1368683772161603e-13,0,1.0,1.0
2025-04-22,greedy,error_scaled_frozen_contract_and_soc,36998.07820421194,36998.07820421194,0.0,60396.5498802813,55264.38065409083,5132.1692261904755,2433.8269808015484,0.0,0,0,2862.018920899468,1793.1610318342127,18886.529530952415,15298.088920071456,10800.0,10800.0,1699.9180265079378,10800.0,0.0003226999979233369,1.1368683772161603e-13,0,1.0,1.0
2025-04-22,mpc,error_scaled_frozen_contract_and_soc,43565.205805250764,36998.07820421194,6567.12760103883,60396.5498802813,55264.38065409083,5132.1692261904755,2433.8269808015484,1244.846760652029,29,15,3239.0754368757657,2941.9277714285727,17887.68150395319,14580.217387990855,10800.0,10698.671811345808,1230.8834259259265,10800.0,0.947768800004269,2.2737367544323206e-13,0,1.0,1.0
2025-04-23,greedy,error_scaled_frozen_contract_and_soc,37321.571497071986,37321.571497071986,0.0,61523.39151484308,56308.537676747845,5214.853838095238,2435.674104277698,0.0,0,0,4569.755359318058,2032.3340166666655,18533.607485219472,15012.222063027777,10800.0,10800.0,1632.191084550267,10800.0,0.00033009999606292695,1.1368683772161603e-13,0,1.0,1.0
2025-04-23,mpc,error_scaled_frozen_contract_and_soc,41559.54674828784,37321.571497071986,4237.975251215857,61523.39151484308,56308.537676747845,5214.853838095238,2435.674104277698,784.603218633262,20,12,3881.6403498999575,3535.229224262196,18374.78434656585,14883.575903918323,10800.0,10799.999352000017,1264.9688730158737,10800.0,1.0102959999931045,2.2737367544323206e-13,0,1.0,1.0
2025-04-24,greedy,error_scaled_frozen_contract_and_soc,36842.86087796576,36842.86087796576,0.0,60468.35803597771,55280.35914550151,5187.998890476189,2462.771297855595,0.0,0,0,4635.364738095239,5290.777586860667,18168.994794851587,14716.885783829784,10800.0,10800.0,1610.1855079365096,10800.0,0.000258100000792183,1.1368683772161603e-13,0,1.0,1.0
2025-04-24,mpc,error_scaled_frozen_contract_and_soc,37837.043595869334,36842.86087796576,994.1827179035729,60468.35803597771,55280.35914550151,5187.998890476189,2462.771297855595,185.4286380952383,16,9,5518.856849173224,4427.08116999502,19116.53890063925,15498.796945734546,10800.0,10783.99951531472,1483.4782623070337,10800.0,1.0003635000030044,1.2612133559741778e-13,0,1.0,1.0
2025-04-25,greedy,error_scaled_frozen_contract_and_soc,16509.89427334058,16509.89427334058,0.0,31832.87188169868,26833.242276936773,4999.629604761905,2459.8182904588884,0.0,0,0,3572.2268680583347,22486.131599999997,19863.977703370234,16089.821939729893,10800.0,10800.0,1639.6807884920681,10800.0,0.00037779999547638,1.1368683772161603e-13,0,1.0,1.0
2025-04-25,mpc,error_scaled_frozen_contract_and_soc,18111.697372597722,16509.89427334058,1601.8030992571432,31832.87188169868,26833.242276936773,4999.629604761905,2459.8182904588884,303.8360238095238,21,11,4706.2687483524,21727.32593967494,20016.745131020274,16313.989563539417,10800.0,10688.415547318897,1646.8136549830597,10800.0,1.0793158000014955,1.1368683772161603e-13,0,1.0,1.0
2025-04-26,greedy,error_scaled_frozen_contract_and_soc,16537.966482436692,16537.966482436692,0.0,31901.057844114486,26872.035679828772,5029.022164285714,2441.1909205162697,0.0,0,0,3277.6642188418587,24741.162489735696,20063.35527475578,16251.317772552182,10800.0,10800.0,1522.8744523280443,10800.0,0.0005287999956635758,1.1368683772161603e-13,0,1.0,1.0
2025-04-26,mpc,error_scaled_frozen_contract_and_soc,20929.654356262843,16537.966482436692,4391.6878738261485,31901.057844114486,26872.035679828772,5029.022164285714,2441.1909205162697,944.8971266048612,36,13,3495.5638597137977,25590.828216531103,19634.282228517004,15944.91296737589,10800.0,10754.284041914316,1200.0,10800.0,1.0368530999985524,1.1368683772161603e-13,0,1.0,1.0
2025-04-27,greedy,error_scaled_frozen_contract_and_soc,38655.828652680095,34909.03846157304,3746.790191107042,57570.42504417277,52506.80444417277,5063.620599999999,2418.917842835833,537.097217761904,1,1,2344.86604244562,3377.435338426125,20061.840514366348,16250.090816636744,10800.0,10800.0,1200.0,10800.0,0.0008061000116867945,1.1368683772161603e-13,0,1.0,1.0
2025-04-27,mpc,error_scaled_frozen_contract_and_soc,43412.335449729566,34909.03846157304,8503.296988156511,57570.42504417277,52506.80444417277,5063.620599999999,2418.917842835833,1700.5841884224956,43,12,3231.348430122708,3876.687610793202,18904.780182893614,15315.278174547584,10800.0,10797.326415106936,1200.0,10800.0,1.1459201999969082,2.2737367544323206e-13,0,1.0,1.0
2025-04-28,greedy,error_scaled_frozen_contract_and_soc,53696.26747114878,35696.7785121998,17999.488958948983,58479.81328218926,53382.4752202845,5097.338061904762,2488.683076800357,2658.6642317142832,6,1,1235.152081274217,0.0,17270.305873487687,13988.94775752503,10800.0,10800.0,1200.0,10800.0,0.0009033999958774075,1.1368683772161603e-13,0,1.0,1.0
2025-04-28,mpc,error_scaled_frozen_contract_and_soc,62784.49062203697,35696.7785121998,27087.712109837164,58479.81328218926,53382.4752202845,5097.338061904762,2488.683076800357,4539.882591858359,40,15,2515.1882210972917,926.9194523809513,15658.01637175985,12702.395487857144,10800.0,10778.44197029815,1229.6355,10800.0,0.9119096000067657,2.2737367544323206e-13,0,1.0,1.0
2025-04-29,greedy,error_scaled_frozen_contract_and_soc,37929.049381661796,36194.059421318976,1734.9899603428216,59372.942906709315,53803.14362575693,5569.79928095238,2769.4947289727775,248.70842321428063,1,1,3402.289609141684,5424.476889117909,17693.005868407072,14331.334753409734,10800.0,10800.0,1200.0,10800.0,0.0009136000007856637,1.1368683772161603e-13,0,1.0,1.0
2025-04-29,mpc,error_scaled_frozen_contract_and_soc,40798.548306299104,36194.059421318976,4604.4888849801255,59372.942906709315,53803.14362575693,5569.79928095238,2769.4947289727775,916.8992022270354,22,10,4376.503978703693,5021.706953082043,18239.642749166647,14781.225288682694,10800.0,10792.094820158101,1204.8648148148175,10800.0,1.0838262000033865,2.2737367544323206e-13,0,1.0,1.0
2025-04-30,greedy,error_scaled_frozen_contract_and_soc,36130.639632902516,36130.639632902516,0.0,59090.43809259515,53504.15183783324,5586.286254761905,2786.6217159139273,0.0,0,0,4293.741297178129,3044.2861058493954,18397.664506496287,14902.10825026199,10800.0,10800.0,1483.2542645502647,10800.0,0.0008447000000160187,1.1368683772161603e-13,0,1.0,1.0
2025-04-30,mpc,error_scaled_frozen_contract_and_soc,41201.38545312459,36130.639632902516,5070.7458202220805,59090.43809259515,53504.15183783324,5586.286254761905,2786.6217159139273,900.8286039734693,25,10,4960.992885004944,3432.5107505405485,18047.475193025934,14706.566565336141,10800.0,10702.098156683183,1200.0,10800.0,0.9154898000124376,1.1368683772161603e-13,0,1.0,1.0
2025-05-01,greedy,error_scaled_frozen_contract_and_soc,45268.12138638858,35866.998861478496,9401.122524910083,58257.78297497828,52667.65579640686,5590.127178571428,2787.1287026568652,1434.442648166667,7,1,1802.8539202821871,3511.0203905963617,20042.621972454785,16675.649460188375,10800.0,10309.860375,1200.0,10800.0,0.0003938000008929521,2.2737367544323206e-13,0,1.0,1.0
2025-05-01,mpc,error_scaled_frozen_contract_and_soc,51088.11038802209,35866.998861478496,15221.111526543598,58257.78297497828,52667.65579640686,5590.127178571428,2787.1287026568652,2780.013935043609,55,10,2904.698644481865,4065.665762137022,18504.861555285876,15448.807851882862,10800.0,10289.033342109666,1200.0,10800.0,1.002414000002318,2.2737367544323206e-13,0,1.0,1.0
2025-05-02,greedy,error_scaled_frozen_contract_and_soc,25792.86519430264,17244.411845841958,8548.453348460684,32626.39090787427,27116.372255493316,5510.018652380953,2942.4570009287295,1500.5350714285664,8,1,2240.7901928571423,13430.101851872994,21026.025643365097,16860.311792125733,10309.860375,10499.603685,1200.0,10800.0,0.0003290999884484336,1.1368683772161603e-13,0,1.0,1.0
2025-05-02,mpc,error_scaled_frozen_contract_and_soc,39988.296801664335,17244.411845841958,22743.884955822377,32626.39090787427,27116.372255493316,5510.018652380953,2942.4570009287295,4233.717359447254,54,9,2615.990098672445,16408.24732142857,17762.00989656565,14216.459132678474,10309.860375,10499.603578933005,1200.0,10499.603578933005,1.103653199999826,2.2737367544323206e-13,0,1.0,1.0
2025-05-03,greedy,error_scaled_frozen_contract_and_soc,22906.92388657595,17579.30593216539,5327.61795441056,33082.14277313742,27249.201068375514,5832.9417047619045,3172.1409154365074,1049.8134509047597,7,1,2751.969483385411,18402.70808333333,20696.324133281254,16586.217125957817,10499.603685,10697.165265,1200.0,10800.0,0.00032809999538585544,1.1368683772161603e-13,0,1.0,1.0
2025-05-03,mpc,error_scaled_frozen_contract_and_soc,30283.680029273324,17579.30593216539,12704.37409710793,33082.14277313742,27249.201068375514,5832.9417047619045,3172.1409154365074,2383.6009861377815,46,11,2929.3236531994958,19827.048886130724,19348.6459297174,15506.446359772413,10499.603685,10684.00017755409,1200.0,10684.00017755409,1.0477820000087377,1.4210854715202004e-13,0,1.0,1.0
2025-05-04,greedy,error_scaled_frozen_contract_and_soc,43565.20852321652,37147.01007322366,6418.1984499928585,60539.38468979237,54476.888892173316,6062.495797619047,3254.2240343076983,1028.2474690476192,8,1,3420.8845062681926,3309.9203845019433,17185.835140718515,14083.675205982,10697.165265,10515.888885,1200.0,10800.0,0.0006259999936446548,1.1368683772161603e-13,0,1.0,1.0
2025-05-04,mpc,error_scaled_frozen_contract_and_soc,49522.29687997188,37147.01007322366,12375.286806748214,60539.38468979237,54476.888892173316,6062.495797619047,3254.2240343076983,2132.155554832607,41,11,3279.918444091006,4525.004273754722,17342.626977928634,14210.676784482723,10697.165265,10515.888673488302,1200.0,10800.0,0.9934967000008328,1.1368683772161603e-13,0,1.0,1.0
2025-05-05,greedy,error_scaled_frozen_contract_and_soc,44791.836465974324,37422.486460827495,7369.350005146823,61295.95152624548,55030.57135243596,6265.3801738095235,3334.7771867550796,1099.748386619046,5,2,2460.7793907564237,924.2070442230056,20463.531909921614,16528.82523203651,10515.888885,10567.706235,1200.0,10800.0,0.00036780000664293766,2.2737367544323206e-13,0,1.0,1.0
2025-05-05,mpc,error_scaled_frozen_contract_and_soc,56206.89364458051,37422.486460827495,18784.407183753017,61295.95152624548,55030.57135243596,6265.3801738095235,3334.7771867550796,3623.8157397537416,55,8,3460.7107055731,3065.573376413926,17358.456858152113,14040.98047413991,10515.888885,10537.410641625895,1200.0,10800.0,1.1143766000022879,2.2737367544323206e-13,0,1.0,1.0
2025-05-06,greedy,error_scaled_frozen_contract_and_soc,42782.64981062996,37341.47292905512,5441.176881574844,60672.03433855496,54081.88122903115,6590.153109523808,3351.258947767302,874.1485260476171,8,1,2163.8793160199907,2998.0732833333327,19452.437034645194,15938.289136062609,10567.706235,10365.689415,1200.0,10800.0,0.0007820999890100211,2.2737367544323206e-13,0,1.0,1.0
2025-05-06,mpc,error_scaled_frozen_contract_and_soc,50324.61036006463,37341.47292905512,12983.137431009516,60672.03433855496,54081.88122903115,6590.153109523808,3351.258947767302,2473.1441547619033,60,10,3307.3010895352086,3756.2425075418882,17589.859044064277,14378.306514491182,10567.706235,10422.68324744543,1283.2471231225277,10800.0,1.033208699998795,2.2737367544323206e-13,0,1.0,1.0
2025-05-07,greedy,error_scaled_frozen_contract_and_soc,45733.50096221795,38111.65103005844,7621.8499321595045,62069.38658636241,55045.164767314796,7024.221819047619,3290.511281549404,1133.0659845714295,6,2,1874.9689611156105,2352.229255815601,19512.303268434844,15604.894864432219,10365.689415,10587.990285,1200.0,10800.0,0.00041449999844189733,2.2737367544323206e-13,0,1.0,1.0
2025-05-07,mpc,error_scaled_frozen_contract_and_soc,54447.551792831044,38111.65103005844,16335.900762772593,62069.38658636241,55045.164767314796,7024.221819047619,3290.511281549404,2920.931199042144,59,13,3128.600115290625,3276.3470783393177,17460.284470307543,13942.759828532935,10365.689415,10587.990073240197,1200.0,10800.0,1.0630416000058176,2.2737367544323206e-13,0,1.0,1.0
2025-05-08,greedy,error_scaled_frozen_contract_and_soc,41409.27388036388,41409.27388036388,0.0,65315.703019545,57988.148948116424,7327.554071428571,3296.268201040039,0.0,0,0,4658.945447631749,1176.1358634332792,18227.89771042089,14573.788401940921,10587.990285,10800.0,1622.0465000000008,10800.0,0.00033650000113993883,1.1368683772161603e-13,0,1.0,1.0
2025-05-08,mpc,error_scaled_frozen_contract_and_soc,49000.54290274256,41409.27388036388,7591.269022378682,65315.703019545,57988.148948116424,7327.554071428571,3296.268201040039,1296.935463189714,22,12,4861.254237549347,2430.215971428571,17445.956483936578,13951.30061017978,10587.990285,10787.905998120943,1200.0,10800.0,0.9652219999989029,2.2737367544323206e-13,0,1.0,1.0
2025-05-09,greedy,error_scaled_frozen_contract_and_soc,21080.839563201363,21080.839563201363,0.0,36972.76041320311,29467.640296536447,7505.120116666666,3302.3346909220236,0.0,0,0,5917.941217078191,18851.870199368925,19492.437614505263,15788.874467749267,10800.0,10800.0,2133.478349432033,10800.0,0.00027209999097976834,1.1368683772161603e-13,0,1.0,1.0
2025-05-09,mpc,error_scaled_frozen_contract_and_soc,23421.55920504064,21080.839563201363,2340.7196418392846,36972.76041320311,29467.640296536447,7505.120116666666,3302.3346909220236,528.6313904761901,25,12,6622.846780414722,18672.665542782495,19507.86377095827,15801.370140476192,10800.0,10799.999460000012,1875.7611663756645,10800.0,1.0675537999923108,1.1368683772161603e-13,0,1.0,1.0
2025-05-10,greedy,error_scaled_frozen_contract_and_soc,20976.847430508667,20976.847430508667,0.0,36680.3256406522,29377.506638271243,7302.819002380952,3338.5334529040474,0.0,0,0,5479.228046825396,15412.067128142044,19305.185170270655,15637.19998791923,10800.0,10800.0,2048.5534688992702,10800.0,0.0003149999974993989,1.1368683772161603e-13,0,1.0,1.0
2025-05-10,mpc,error_scaled_frozen_contract_and_soc,25323.779911074147,20976.847430508667,4346.932480565478,36680.3256406522,29377.506638271243,7302.819002380952,3338.5334529040474,846.6654023809525,22,11,5111.233901044007,16737.09028780071,18950.581421022238,15392.95985016714,10800.0,10752.234556512085,1200.0,10800.0,1.1118381999986013,1.1368683772161603e-13,0,1.0,1.0
2025-05-11,greedy,error_scaled_frozen_contract_and_soc,41667.62031042811,41667.62031042811,0.0,66116.489247388,58487.95165691183,7628.5375904761895,3261.133009974206,0.0,0,0,5246.949917842446,2073.7981333333328,17429.8005940995,14118.138481220598,10800.0,10800.0,1658.997566137566,10800.0,0.0003274000046076253,1.1368683772161603e-13,0,1.0,1.0
2025-05-11,mpc,error_scaled_frozen_contract_and_soc,45321.56677161141,41667.62031042811,3653.946461183303,66116.489247388,58487.95165691183,7628.5375904761895,3261.133009974206,681.4458488590928,24,9,5546.844295996457,2430.9704181316492,17594.940212099555,14258.898913313886,10800.0,10792.225176096392,1200.0,10800.0,1.2415060000057565,2.2737367544323206e-13,0,1.0,1.0
2025-05-12,greedy,error_scaled_frozen_contract_and_soc,41866.76463629457,41866.76463629457,0.0,66700.09981404469,58930.488916425624,7769.610897619046,3195.985649071588,0.0,0,0,8220.884169779383,3630.573655911388,15354.982921160918,12437.536166140348,10800.0,10800.0,1931.484285714288,10800.0,0.0003324999997857958,1.1368683772161603e-13,0,1.0,1.0
2025-05-12,mpc,error_scaled_frozen_contract_and_soc,44100.12569847145,41866.76463629457,2233.3610621768853,66700.09981404469,58930.488916425624,7769.610897619046,3195.985649071588,479.54567803564066,21,10,6324.384332320446,5597.851627217949,17506.39360636091,14180.179307152324,10800.0,10799.999460000012,1200.0,10800.0,0.9415747000020929,2.2737367544323206e-13,0,1.0,1.0
2025-05-13,greedy,error_scaled_frozen_contract_and_soc,41888.044115324796,41888.044115324796,0.0,66739.80621830004,58870.03807544291,7869.768142857141,3201.7492765605166,0.0,0,0,7509.483455114315,2800.13727084101,17373.540661463514,14072.567935785448,10800.0,10800.0,1700.3009259259275,10800.0,0.0003519000019878149,1.1368683772161603e-13,0,1.0,1.0
2025-05-13,mpc,error_scaled_frozen_contract_and_soc,44164.63086497956,41888.044115324796,2276.5867496547603,66739.80621830004,58870.03807544291,7869.768142857141,3201.7492765605166,383.20558095238056,16,7,7811.083280376236,2850.925169047619,17535.742980852126,14203.95239769021,10800.0,10799.999352000017,1601.616673539976,10800.0,1.0728850000014063,2.2737367544323206e-13,0,1.0,1.0
2025-05-14,greedy,error_scaled_frozen_contract_and_soc,42142.23124684211,42142.23124684211,0.0,67000.44446254158,59161.372241113,7839.072221428569,3218.5113092927786,0.0,0,0,7805.919829337907,2950.8315011735567,16997.60183524619,13768.05748654942,10800.0,10800.0,2052.3804788359826,10800.0,0.0003437999985180795,1.1368683772161603e-13,0,1.0,1.0
2025-05-14,mpc,error_scaled_frozen_contract_and_soc,43544.74662501592,42142.23124684211,1402.5153781738086,67000.44446254158,59161.372241113,7839.072221428569,3218.5113092927786,328.69491428571393,17,6,7751.640094474624,3257.61495143464,17463.349810324584,14157.614262739895,10800.0,10786.332315136686,1445.2075268677288,10800.0,1.113396599990665,2.2737367544323206e-13,0,1.0,1.0
2025-05-15,greedy,error_scaled_frozen_contract_and_soc,41532.48771684821,41532.48771684821,0.0,65987.96025596315,58166.587796439344,7821.372459523807,3237.8540732142073,0.0,0,0,6974.293365451698,2965.4641246717606,17279.7078026651,13996.563320158732,10800.0,10800.0,2325.2425158730157,10800.0,0.0008725000079721212,1.2789769243681803e-13,0,1.0,1.0
2025-05-15,mpc,error_scaled_frozen_contract_and_soc,45077.02727063512,41532.48771684821,3544.5395537869053,65987.96025596315,58166.587796439344,7821.372459523807,3237.8540732142073,870.2793309523809,20,8,6488.712588662625,4370.42028907114,17215.890457208552,13981.84203136011,10800.0,10758.921376643135,1202.8851851851853,10800.0,0.9841660999954911,2.2737367544323206e-13,0,1.0,1.0
2025-05-16,greedy,error_scaled_frozen_contract_and_soc,20667.906256291157,20667.906256291157,0.0,36089.61964234847,28239.1318113961,7850.487830952379,3258.913887344921,0.0,0,0,5944.216199323929,23868.93044916626,18741.92873960505,15180.962279080091,10800.0,10800.0,2436.6761242496323,10800.0,0.0009038999996846542,1.1368683772161603e-13,0,1.0,1.0
2025-05-16,mpc,error_scaled_frozen_contract_and_soc,22438.85229088759,20667.906256291157,1770.9460345964283,36089.61964234847,28239.1318113961,7850.487830952379,3258.913887344921,382.264988095238,22,11,7108.410588908131,23143.82511334834,19160.82162869591,15656.679233841996,10800.0,10648.42920600188,1967.0121317099502,10800.0,1.1752178999886382,1.1368683772161603e-13,0,1.0,1.0
2025-05-17,greedy,error_scaled_frozen_contract_and_soc,20731.30632743245,20731.30632743245,0.0,36413.69398336865,28657.179826225794,7756.514157142858,3322.310875460754,0.0,0,0,5261.840738667936,16960.702116666667,19696.589708951105,15954.237664250397,10800.0,10800.0,1933.6426772486768,10800.0,0.00034890000824816525,1.1368683772161603e-13,0,1.0,1.0
2025-05-17,mpc,error_scaled_frozen_contract_and_soc,27733.23888319241,20731.30632743245,7001.932555759959,36413.69398336865,28657.179826225794,7756.514157142858,3322.310875460754,1353.760526914186,32,11,5045.188436896224,18765.24139100174,18569.488074482986,15061.26247543145,10800.0,10777.803183221968,1200.0,10800.0,1.0377028999937465,2.2737367544323206e-13,0,1.0,1.0
2025-05-18,greedy,error_scaled_frozen_contract_and_soc,41023.7620016313,41023.7620016313,0.0,64617.086879205584,56731.41501491987,7885.671864285714,3373.748891221984,0.0,0,0,6261.75257739565,1396.4929166666666,17277.227816543527,13994.55453140026,10800.0,10800.0,2152.7717883597898,10800.0,0.0007670000049984083,1.1368683772161603e-13,0,1.0,1.0
2025-05-18,mpc,error_scaled_frozen_contract_and_soc,47314.16560813132,41023.7620016313,6290.40360650002,64617.086879205584,56731.41501491987,7885.671864285714,3373.748891221984,1256.1171588781124,27,10,5406.513822972156,3775.64002857143,16100.78415668131,13085.902070141194,10800.0,10750.814551967409,1200.0,10800.0,1.0312453999940772,1.1368683772161603e-13,0,1.0,1.0
2025-05-19,greedy,error_scaled_frozen_contract_and_soc,40515.20317235237,40457.2454356857,57.95773666666763,64240.90443032802,56251.37195413754,7989.532476190476,3389.725063028769,8.593333333333476,1,1,7150.094400117578,6419.461500000001,16656.44901865146,13491.723705107683,10800.0,10800.0,1619.1120396825395,10800.0,0.00033480000274721533,1.1368683772161603e-13,0,1.0,1.0
2025-05-19,mpc,error_scaled_frozen_contract_and_soc,43480.29368662855,40457.2454356857,3023.0482509428557,64240.90443032802,56251.37195413754,7989.532476190476,3389.725063028769,488.0401261904759,18,9,8029.067249376234,6047.979189688916,16563.141527322936,13426.459959869588,10800.0,10788.538530291102,1630.0303465393004,10800.0,1.1252705000079004,1.1368683772161603e-13,0,1.0,1.0
2025-05-20,greedy,error_scaled_frozen_contract_and_soc,40124.34334441177,40124.34334441177,0.0,63477.08920440144,55535.960687734776,7941.128516666667,3405.099198673055,0.0,0,0,4888.308684097587,846.19235,16922.070282301014,13706.876928663823,10800.0,10800.0,1771.9732804232763,10800.0,0.00025969999842345715,1.4210854715202004e-13,0,1.0,1.0
2025-05-20,mpc,error_scaled_frozen_contract_and_soc,51658.10477741179,40124.34334441177,11533.761433000023,63477.08920440144,55535.960687734776,7941.128516666667,3405.099198673055,1862.5952725773468,22,12,4256.981380945451,3711.0503130118395,15221.769322441312,12377.511356086474,10800.0,10746.801994545543,1200.0,10800.0,0.9870006999990437,4.547473508864641e-13,0,1.0,1.0
2025-05-21,greedy,error_scaled_frozen_contract_and_soc,40435.4719151802,40435.4719151802,0.0,64026.08839084242,55961.611897985276,8064.476492857144,3383.2391394845226,0.0,0,0,4939.905176722524,4701.682981625506,15904.657627163442,12882.772678002386,10800.0,10800.0,1910.7782883597872,10800.0,0.0008756000024732202,1.1368683772161603e-13,0,1.0,1.0
2025-05-21,mpc,error_scaled_frozen_contract_and_soc,42779.92398647782,40435.4719151802,2344.4520712976196,64026.08839084242,55961.611897985276,8064.476492857144,3383.2391394845226,513.487230952381,15,8,5935.5994929017215,4157.315724770366,16454.093423387007,13370.048302597625,10800.0,10753.074855939829,1200.0,10800.0,0.9312023000093177,2.2737367544323206e-13,0,1.0,1.0
2025-05-22,greedy,error_scaled_frozen_contract_and_soc,39763.77666865742,39763.77666865742,0.0,62952.77165795244,54819.84415319053,8132.927504761905,3372.74332365492,0.0,0,0,5387.113227897764,3513.9318260435075,17026.819933392115,13791.724146047614,10800.0,10800.0,1719.124096322754,10800.0,0.0007881000055931509,2.2737367544323206e-13,0,1.0,1.0
2025-05-22,mpc,error_scaled_frozen_contract_and_soc,43409.04749651813,39763.77666865742,3645.27082786071,62952.77165795244,54819.84415319053,8132.927504761905,3372.74332365492,680.5436095238089,26,11,5561.893837076313,4085.992253649182,16677.88917517932,13509.090815095235,10800.0,10799.999352000017,1556.976691043164,10800.0,1.0156127999944147,2.2737367544323206e-13,0,1.0,1.0
2025-05-23,greedy,error_scaled_frozen_contract_and_soc,20604.50056839885,20604.50056839885,0.0,36151.99696270986,28030.506419852725,8121.490542857142,3371.825810806984,0.0,0,0,6617.732629864783,19312.55108226968,20004.022985484582,16203.258618242513,10800.0,10800.0,1666.6263161855695,10800.0,0.0003315999929327518,1.1368683772161603e-13,0,1.0,1.0
2025-05-23,mpc,error_scaled_frozen_contract_and_soc,24176.813478510754,20604.50056839885,3572.312910111904,36151.99696270986,28030.506419852725,8121.490542857142,3371.825810806984,817.4576595238094,29,10,5940.881586710975,20962.70460246129,19397.36675844678,15752.447208718702,10800.0,10754.91096180355,1327.5930790247603,10800.0,1.0759752999874763,1.1368683772161603e-13,0,1.0,1.0
2025-05-24,greedy,error_scaled_frozen_contract_and_soc,21162.81971982473,21162.81971982473,0.0,36856.57805296801,28644.570255348965,8212.007797619048,3327.570902364643,0.0,0,0,7120.598016754853,22378.543881765327,18962.81458481315,15359.879813698653,10800.0,10800.0,2105.4419150173685,10800.0,0.00043539999751374125,1.1368683772161603e-13,0,1.0,1.0
2025-05-24,mpc,error_scaled_frozen_contract_and_soc,22867.165109843776,21162.81971982473,1704.3453900190484,36856.57805296801,28644.570255348965,8212.007797619048,3327.570902364643,421.1103261904763,19,11,7766.146398784152,22080.429011728964,19350.589849010692,15673.978263698653,10800.0,10799.999460000012,1919.2029556787475,10800.0,1.065694999997504,2.2737367544323206e-13,0,1.0,1.0
2025-05-25,greedy,error_scaled_frozen_contract_and_soc,40137.428681103134,40137.428681103134,0.0,63607.637107281334,55290.88521680514,8316.75189047619,3268.3231802429773,0.0,0,0,6573.081517254556,5381.884716161554,16356.108897536265,13248.448207004378,10800.0,10800.0,1765.0352830687843,10800.0,0.000382099999114871,1.1368683772161603e-13,0,1.0,1.0
2025-05-25,mpc,error_scaled_frozen_contract_and_soc,42710.076300878136,40137.428681103134,2572.647619774999,63607.637107281334,55290.88521680514,8316.75189047619,3268.3231802429773,457.0091428571428,19,9,6886.816755875469,5402.78964659999,17000.159197524536,13770.129533194853,10800.0,10799.999352000017,1447.8952274025378,10800.0,1.1162991000019247,2.2737367544323206e-13,0,1.0,1.0
2025-05-26,greedy,error_scaled_frozen_contract_and_soc,39802.41693028569,39802.41693028569,0.0,62412.14253299028,54103.553966323605,8308.588566666665,3274.6073700758343,0.0,0,0,4275.13460098741,0.0,18721.973589488778,15164.798607485913,10800.0,10800.0,2086.222510291006,10800.0,0.00039760000072419643,1.5187850976872141e-13,0,1.0,1.0
2025-05-26,mpc,error_scaled_frozen_contract_and_soc,47315.46469901025,39802.41693028569,7513.047768724564,62412.14253299028,54103.553966323605,8308.588566666665,3274.6073700758343,1559.8098545869996,28,8,4678.354744660636,1511.0080454885826,17138.375895565066,13935.619248137009,10800.0,10740.516919189658,1200.0,10800.0,1.047331400011899,1.1368683772161603e-13,0,1.0,1.0
2025-05-27,greedy,error_scaled_frozen_contract_and_soc,40695.056803155676,40695.056803155676,0.0,63910.61001446342,55388.48157160627,8522.128442857143,3359.6197785773006,0.0,0,0,6745.30518760598,4664.4888574368,16370.782470634918,13260.333801214285,10800.0,10800.0,1869.2518968253976,10800.0,0.0006064000044716522,1.1368683772161603e-13,0,1.0,1.0
2025-05-27,mpc,error_scaled_frozen_contract_and_soc,42852.87533744734,40695.056803155676,2157.8185342916677,63910.61001446342,55388.48157160627,8522.128442857143,3359.6197785773006,437.42679761904793,22,11,6853.934840929482,5024.002422745295,16422.73306152673,13343.000813119048,10800.0,10754.903296352895,1383.2361193665356,10800.0,1.0352117000002181,2.2737367544323206e-13,0,1.0,1.0
2025-05-28,greedy,error_scaled_frozen_contract_and_soc,40122.01598108336,40122.01598108336,0.0,63096.211204979496,54678.83294783664,8417.378257142858,3409.006403592697,0.0,0,0,5167.907460552617,2174.5966189929213,18315.17381807351,14835.290792639538,10800.0,10800.0,1861.5985899470897,10800.0,0.0007962000090628862,1.1368683772161603e-13,0,1.0,1.0
2025-05-28,mpc,error_scaled_frozen_contract_and_soc,45188.11457049884,40122.01598108336,5066.098589415474,63096.211204979496,54678.83294783664,8417.378257142858,3409.006403592697,1082.141152380952,32,12,6640.104756941542,2010.5755479730165,17135.99844508544,13882.150492639541,10800.0,10797.786942088516,1445.1466689064534,10800.0,1.0272177000006195,2.2737367544323206e-13,0,1.0,1.0
2025-05-29,greedy,error_scaled_frozen_contract_and_soc,39481.598580840815,39481.598580840815,0.0,62435.15183180275,54245.6555841837,8189.4962476190485,3260.3096393546025,0.0,0,0,3663.8583627865964,1159.338231972835,18430.693352859613,14928.861615816291,10800.0,10800.0,1732.4204470899458,10800.0,0.00045020000834483653,2.2737367544323206e-13,0,1.0,1.0
2025-05-29,mpc,error_scaled_frozen_contract_and_soc,47396.242999243506,39481.598580840815,7914.644418402695,62435.15183180275,54245.6555841837,8189.4962476190485,3260.3096393546025,1627.419158801397,44,13,4551.388619074617,2235.3863354237515,16700.095912168294,13534.423376062514,10800.0,10791.83812532646,1200.0,10800.0,0.9998884000087855,2.2737367544323206e-13,0,1.0,1.0
2025-05-30,greedy,error_scaled_frozen_contract_and_soc,20628.76659140298,20628.76659140298,0.0,36234.91679591559,27792.947469725117,8441.969326190476,3143.046539862262,0.0,0,0,6053.325382010587,19920.325109272628,19289.647568240594,15624.614530274883,10800.0,10800.0,2081.860345488225,10800.0,0.0011378000053809956,1.1368683772161603e-13,0,1.0,1.0
2025-05-30,mpc,error_scaled_frozen_contract_and_soc,25746.004369030285,20628.76659140298,5117.237777627306,36234.91679591559,27792.947469725117,8441.969326190476,3143.046539862262,1023.9725349195271,27,12,5744.43804515781,21387.126207078367,18584.696304906684,15053.604492974402,10800.0,10799.999460000012,1200.0,10800.0,1.0860579000000143,2.2737367544323206e-13,0,1.0,1.0
2025-05-31,greedy,error_scaled_frozen_contract_and_soc,20921.658307418464,20921.658307418464,0.0,36627.482575877715,28065.137680639615,8562.344895238097,3116.8688859338095,0.0,0,0,6714.0018304820715,17734.754036915452,19944.974518316758,16155.429359836573,10800.0,10800.0,1517.1631232239108,10800.0,0.0006366000015987083,1.1368683772161603e-13,0,1.0,1.0
2025-05-31,mpc,error_scaled_frozen_contract_and_soc,25920.8782437776,20921.658307418464,4999.219936359136,36627.482575877715,28065.137680639615,8562.344895238097,3116.8688859338095,1069.8806822331553,30,10,6275.847118095233,19526.610633528995,18873.297343613867,15367.573387127228,10800.0,10710.886068000005,1200.0,10800.0,0.9733700000069803,2.2737367544323206e-13,0,1.0,1.0
2025-06-01,greedy,error_scaled_frozen_contract_and_soc,98091.7481936458,40747.305282975605,57344.4429106702,64470.60957356676,55942.53921166199,8528.070361904762,3091.450233253849,8532.128763428569,16,2,26.356100000000197,0.0,12872.505734185967,11120.949797190631,10800.0,10028.644274999999,1200.0,10800.0,0.0010431000118842348,1.1368683772161603e-13,0,1.0,1.0
2025-06-01,mpc,error_scaled_frozen_contract_and_soc,91658.8213911585,40747.305282975605,50911.5161081829,64470.60957356676,55942.53921166199,8528.070361904762,3091.450233253849,9542.159399238248,98,7,1120.979733751542,125.73706300016104,11765.50591362474,10224.280037571429,10800.0,10028.644169405123,1200.0,10800.0,0.9463546000042697,2.2737367544323206e-13,0,1.0,1.0
2025-06-02,greedy,error_scaled_frozen_contract_and_soc,80532.41310384,41741.525254869535,38790.88784897045,66713.46153391639,58005.8045624878,8707.656971428572,3801.5270185602767,5789.315348047616,13,1,130.5010071428569,0.0,19389.362459584932,15657.894034763798,10028.644274999999,10081.410450000001,1200.0,10081.410450000001,0.00028730000485666096,1.1368683772161603e-13,0,1.0,1.0
2025-06-02,mpc,error_scaled_frozen_contract_and_soc,97805.11472522494,41741.525254869535,56063.58947035541,66713.46153391639,58005.8045624878,8707.656971428572,3801.5270185602767,10895.424309580945,93,7,3097.4851312580804,3374.471749999999,13047.906585469711,10551.785073230469,10028.644274999999,10047.554565,1200.0,10800.0,1.0583278999984032,2.2737367544323206e-13,0,1.0,1.0
2025-06-03,greedy,error_scaled_frozen_contract_and_soc,66705.99607573675,43140.270924580545,23565.7251511562,68818.83643625505,59381.15820530266,9437.67823095238,4335.3198329473,3555.6692127665297,13,2,284.5143230215722,0.0,19452.617766666663,15554.993273999993,10081.410450000001,10305.44058,1200.0,10305.44058,0.0003133999998681247,2.2737367544323206e-13,0,1.0,1.0
2025-06-03,mpc,error_scaled_frozen_contract_and_soc,81328.77407713898,43140.270924580545,38188.503152558435,68818.83643625505,59381.15820530266,9437.67823095238,4335.3198329473,7413.996417009519,89,8,3587.7916337463116,1456.2591833333327,14709.411482132402,11712.996279280813,10081.410450000001,10305.440473607146,1200.0,10800.0,1.1654260999930557,2.2737367544323206e-13,0,1.0,1.0
2025-06-04,greedy,error_scaled_frozen_contract_and_soc,60650.91935928102,44240.824749153646,16410.094610127362,70649.31823552851,60616.42786171899,10032.890373809521,4425.744800588174,2483.2604320476166,11,3,35.472916666666606,0.0,18605.212177593698,15153.367243350898,10305.44058,10213.056824999998,1200.0,10305.44058,0.0008717000018805265,2.2737367544323206e-13,0,1.0,1.0
2025-06-04,mpc,error_scaled_frozen_contract_and_soc,82841.51921421007,44240.824749153646,38600.694465056426,70649.31823552851,60616.42786171899,10032.890373809521,4425.744800588174,7138.569590557143,84,14,4662.337398201066,1185.4561999999994,12855.049812725969,10560.216401508038,10305.44058,10141.411631999998,1200.0,10797.941177142857,1.0838414000027115,2.2737367544323206e-13,0,1.0,1.0
2025-06-05,greedy,error_scaled_frozen_contract_and_soc,59316.7392842572,45869.898724560924,13446.840559696277,72931.54729567509,62541.97726472271,10389.570030952382,4667.602515098095,1996.7764417657218,11,3,83.321026190476,0.0,20448.91175833513,16753.227063751452,10213.056824999998,10002.38067,1200.0,10466.178837777778,0.00031239999225363135,2.2737367544323206e-13,0,1.0,1.0
2025-06-05,mpc,error_scaled_frozen_contract_and_soc,81385.81439602209,45869.898724560924,35515.91567146116,72931.54729567509,62541.97726472271,10389.570030952382,4667.602515098095,6860.464720060967,82,13,5082.247046748979,1002.0023166666667,14463.437763967102,11904.993128313352,10213.056824999998,10002.38067,1200.0,10793.38328142857,0.9872719999984838,2.2737367544323206e-13,0,1.0,1.0
2025-06-06,greedy,error_scaled_frozen_contract_and_soc,41984.68009269515,23193.097934749632,18791.58215794551,39961.239239067996,28906.505922401324,11054.733316666667,4623.069104473253,3075.8854614081924,16,3,3150.5489357142856,4706.92838095238,20983.65425952381,16659.002275714287,10002.38067,10377.666974999998,1200.0,10800.0,0.0002493999927537516,1.1368683772161603e-13,0,1.0,1.0
2025-06-06,mpc,error_scaled_frozen_contract_and_soc,67471.08169504572,23193.097934749632,44277.98376029608,39961.239239067996,28906.505922401324,11054.733316666667,4623.069104473253,8348.529328570316,72,8,3856.5723779819136,10497.239233562881,14593.09885512187,11492.137299028354,10002.38067,10367.128196244847,1200.0,10367.128196244847,0.9175891000049887,1.2789769243681803e-13,0,1.0,1.0
2025-06-07,greedy,error_scaled_frozen_contract_and_soc,33218.788175156704,24080.411070672944,9138.37710448376,41261.102994849396,29341.487437706535,11919.615557142859,4950.25655933595,1388.744205857142,5,2,3433.372432971037,4168.696266666667,20784.97898369563,16863.713649293455,10377.666974999998,10346.688450000001,1200.0,10800.0,0.000301199994282797,1.1368683772161603e-13,0,1.0,1.0
2025-06-07,mpc,error_scaled_frozen_contract_and_soc,52479.576968989175,24080.411070672944,28399.165898316238,41261.102994849396,29341.487437706535,11919.615557142859,4950.25655933595,5204.989457690721,60,12,4265.44221325974,8018.185551695618,16230.69673504464,13174.745214126548,10377.666974999998,10346.688243066235,1200.0,10427.830289999998,1.0975699999980861,2.2737367544323206e-13,0,1.0,1.0
2025-06-08,greedy,error_scaled_frozen_contract_and_soc,57042.323109163975,57042.323109163975,0.0,89298.21156648526,76333.58121172336,12964.630354761905,4699.108273285831,0.0,0,0,19262.59515712106,1395.509116666666,16037.913847530857,12582.729821499997,10346.688450000001,10800.0,2162.782539682541,10800.0,0.0007508999988203868,1.1368683772161603e-13,0,1.0,1.0
2025-06-08,mpc,error_scaled_frozen_contract_and_soc,58691.067896234206,57042.323109163975,1648.7447870702376,89298.21156648526,76333.58121172336,12964.630354761905,4699.108273285831,340.3092238095235,15,4,16582.805872724755,4015.8313119047625,18195.64751049859,14340.687171499996,10346.688450000001,10788.67435222652,1576.0427075400203,10799.999926883796,1.1176816999941366,2.2737367544323206e-13,0,1.0,1.0
2025-06-09,greedy,error_scaled_frozen_contract_and_soc,56133.943980384916,56133.943980384916,0.0,87752.67824051145,74785.5406476543,12967.137592857143,4708.115893179443,0.0,0,0,12482.705607442671,832.8107159024107,18444.46938859494,14940.020204761902,10800.0,10800.0,1864.4825291005313,10800.0,0.0004454000008990988,1.5276668818842154e-13,0,1.0,1.0
2025-06-09,mpc,error_scaled_frozen_contract_and_soc,60933.37310492301,56133.943980384916,4799.429124538093,87752.67824051145,74785.5406476543,12967.137592857143,4708.115893179443,961.4212458333334,30,11,13455.262679429721,960.2468690476212,17715.145739653155,14349.268535119045,10800.0,10799.999460000012,1200.0,10800.0,1.07200849999208,2.2737367544323206e-13,0,1.0,1.0
2025-06-10,greedy,error_scaled_frozen_contract_and_soc,56233.60293760942,56233.60293760942,0.0,87904.20962182472,75081.02197658662,12823.187645238095,4751.613121029881,0.0,0,0,12478.356880407908,337.92801666666605,18260.423639035864,14790.943147619048,10800.0,10800.0,2061.9931851851848,10800.0,0.0006144000071799383,2.2737367544323206e-13,0,1.0,1.0
2025-06-10,mpc,error_scaled_frozen_contract_and_soc,61695.648645618945,56233.60293760942,5462.045708009525,87904.20962182472,75081.02197658662,12823.187645238095,4751.613121029881,1046.8282452380954,21,8,13124.052982735242,838.9626613379887,17820.49803489435,14450.920045238094,10800.0,10781.870403362587,1200.0,10800.0,1.0758064999972703,2.2737367544323206e-13,0,1.0,1.0
2025-06-11,greedy,error_scaled_frozen_contract_and_soc,56621.692495360236,56621.692495360236,0.0,88954.10311748687,76160.18881748687,12793.9143,4777.29769160722,0.0,0,0,8846.467711258087,0.0,21174.679418747965,17151.490329185857,10800.0,10800.0,1283.2107499735441,10800.0,0.0005233999982010573,2.2737367544323206e-13,0,1.0,1.0
2025-06-11,mpc,error_scaled_frozen_contract_and_soc,72380.67908960284,56621.692495360236,15758.986594242604,88954.10311748687,76160.18881748687,12793.9143,4777.29769160722,3100.799247744388,42,9,12023.383077372015,644.3612833333332,17511.354483586423,14208.64279572718,10800.0,10772.838151086467,1200.0,10800.0,1.219735300008324,1.1368683772161603e-13,0,1.0,1.0
2025-06-12,greedy,error_scaled_frozen_contract_and_soc,57700.90638861903,57700.90638861903,0.0,89990.571036829,77083.20264873377,12907.368388095238,4783.472884070317,0.0,0,0,13741.326774397414,358.2286666666665,18098.0219075347,14659.397745103113,10800.0,10800.0,2377.365894179896,10800.0,0.000829399999929592,1.1368683772161603e-13,0,1.0,1.0
2025-06-12,mpc,error_scaled_frozen_contract_and_soc,61628.091385647356,57700.90638861903,3927.1849970283292,89990.571036829,77083.20264873377,12907.368388095238,4783.472884070317,787.6209379602572,17,8,14293.08079298443,615.7034880952399,17984.29866513816,14567.282404761903,10800.0,10799.999460000012,1200.0,10800.0,1.114347299997462,2.2737367544323206e-13,0,1.0,1.0
2025-06-13,greedy,error_scaled_frozen_contract_and_soc,30513.57937212477,30513.57937212477,0.0,48962.90201590694,36028.963973049795,12933.938042857142,4766.147983198888,0.0,0,0,9848.298013521462,7205.279086775173,18757.95376637003,15193.942550759726,10800.0,10800.0,2314.4872745262246,10800.0,0.000686699990183115,1.1368683772161603e-13,0,1.0,1.0
2025-06-13,mpc,error_scaled_frozen_contract_and_soc,32441.698809691436,30513.57937212477,1928.1194375666666,48962.90201590694,36028.963973049795,12933.938042857142,4766.147983198888,413.3382095238094,22,10,9653.373274676038,7822.648028006248,18730.247290174855,15175.34206742639,10800.0,10795.73137512805,2045.5136413504981,10800.0,1.1345056999998633,1.1368683772161603e-13,0,1.0,1.0
2025-06-14,greedy,error_scaled_frozen_contract_and_soc,30716.77612221756,30716.77612221756,0.0,49273.915704714185,36166.74083090466,13107.174873809523,4697.58678314115,0.0,0,0,10265.269316784244,9386.37655996461,18046.984620870193,14618.057542904859,10800.0,10800.0,2699.2782879629654,10800.0,0.0004090000002179295,1.1368683772161603e-13,0,1.0,1.0
2025-06-14,mpc,error_scaled_frozen_contract_and_soc,31688.196604588993,30716.77612221756,971.4204823714292,49273.915704714185,36166.74083090466,13107.174873809523,4697.58678314115,210.0075452380955,14,10,8912.822536406224,10844.9416917747,18703.879955152406,15171.063683381046,10800.0,10776.754533658228,2136.899341285666,10800.0,1.226708799993503,1.515824497307994e-13,0,1.0,1.0
2025-06-15,greedy,error_scaled_frozen_contract_and_soc,57499.932099373575,57499.932099373575,0.0,89420.75884556302,76348.86864318207,13071.890202380953,4701.117371921585,0.0,0,0,15368.95228959595,146.44399999999996,17254.674855967074,13976.286633333331,10800.0,10800.0,2398.679063492066,10800.0,0.0004419000033522025,1.1368683772161603e-13,0,1.0,1.0
2025-06-15,mpc,error_scaled_frozen_contract_and_soc,61483.35411944619,57499.932099373575,3983.4220200726163,89420.75884556302,76348.86864318207,13071.890202380953,4701.117371921585,738.5835952380946,14,4,15750.834639519504,410.2027761904762,17743.84881556733,14372.518123809521,10800.0,10799.999352000017,1497.5873854872045,10800.0,1.0861201000079745,2.2737367544323206e-13,0,1.0,1.0
2025-06-16,greedy,error_scaled_frozen_contract_and_soc,58046.412982941794,58046.412982941794,0.0,90210.67711410989,77183.9844283956,13026.692685714286,4713.491057911546,0.0,0,0,13907.745545359456,107.11114570517651,18430.35582304526,14928.588216666663,10800.0,10800.0,2307.632656084657,10800.0,0.00028870000096503645,1.1368683772161603e-13,0,1.0,1.0
2025-06-16,mpc,error_scaled_frozen_contract_and_soc,62701.326057914404,58046.412982941794,4654.913074972619,90210.67711410989,77183.9844283956,13026.692685714286,4713.491057911546,956.5196166666669,27,9,14279.551603986434,812.1257166666662,17797.194643456794,14415.728049999998,10800.0,10799.999568000007,1390.9865098591545,10800.0,1.1892223000031663,4.547473508864641e-13,0,1.0,1.0
2025-06-17,greedy,error_scaled_frozen_contract_and_soc,57543.9447063351,57508.93384966843,35.010856666667785,89736.92145604783,76745.30604414307,12991.615411904762,4710.259314540751,5.193333333333499,1,1,11466.36895185186,82.02935000000014,18719.501425592938,15162.796154730286,10800.0,10800.0,2010.8108597883609,10800.0,0.0005899000097997487,1.2789769243681803e-13,0,1.0,1.0
2025-06-17,mpc,error_scaled_frozen_contract_and_soc,65507.075608814186,57508.93384966843,7998.141759145749,89736.92145604783,76745.30604414307,12991.615411904762,4710.259314540751,1623.9983842090319,27,9,13176.247857697752,228.85552142857102,17507.81722450895,14189.011980045063,10800.0,10791.466635341323,1200.0,10800.0,0.9999062999995658,2.2737367544323206e-13,0,1.0,1.0
2025-06-18,greedy,error_scaled_frozen_contract_and_soc,58734.119834425124,58734.119834425124,0.0,91259.9283181543,78046.76098720194,13213.167330952383,4588.671856838133,0.0,0,0,17178.424642786886,88.67290000000025,16128.630922986478,13064.19104761905,10800.0,10800.0,2196.5034312169346,10800.0,0.00035200000274926424,1.1368683772161603e-13,0,1.0,1.0
2025-06-18,mpc,error_scaled_frozen_contract_and_soc,60274.88282666917,58734.119834425124,1540.7629922440492,91259.9283181543,78046.76098720194,13213.167330952383,4588.671856838133,277.411716666667,9,3,16808.483686860658,430.8661547619039,17734.735679991638,14365.13638679322,10800.0,10799.999460000012,1362.5648538563642,10800.0,1.1826803000003565,2.2737367544323206e-13,0,1.0,1.0
2025-06-19,greedy,error_scaled_frozen_contract_and_soc,58077.92906518227,58077.524575182266,0.40448999999963214,90227.82080805782,77027.75965567687,13200.061152380953,4595.191839188927,0.05999999999994543,1,1,17026.164884947015,1556.9697499999997,17817.063016372722,14431.821043261903,10800.0,10800.0,1978.0173888888894,10800.0,0.0003868000057991594,2.2737367544323206e-13,0,1.0,1.0
2025-06-19,mpc,error_scaled_frozen_contract_and_soc,61836.9565024263,58077.524575182266,3759.4319272440466,90227.82080805782,77027.75965567687,13200.061152380953,4595.191839188927,746.5854809523807,20,8,17997.53495113404,1280.9258895154933,18090.450444003534,14654.009195642855,10800.0,10799.172960000013,1457.7596621054697,10800.0,1.0028862000035588,2.2737367544323206e-13,0,1.0,1.0
2025-06-20,greedy,error_scaled_frozen_contract_and_soc,29980.431223137133,29980.431223137133,0.0,47876.34237375091,34798.67635708424,13077.666016666668,4677.129226303054,0.0,0,0,10656.329377219285,11415.11687494233,17917.448797838384,14513.133526249094,10800.0,10800.0,2823.3015803052385,10800.0,0.00027770000451710075,1.1368683772161603e-13,0,1.0,1.0
2025-06-20,mpc,error_scaled_frozen_contract_and_soc,30681.901833058557,29980.431223137133,701.4706099214278,47876.34237375091,34798.67635708424,13077.666016666668,4677.129226303054,168.57529047619036,14,8,10257.847261591629,11827.668528047923,18730.639529408065,15171.818504820523,10800.0,10799.999460000012,2247.175085806971,10800.0,1.091001500011771,1.2631870867368814e-13,0,1.0,1.0
2025-06-21,greedy,error_scaled_frozen_contract_and_soc,30156.488819077487,30156.488819077487,0.0,48504.03960433393,35444.70299004821,13059.336614285716,4692.0582818054345,0.0,0,0,11775.00706055262,13864.53227795488,18577.683504349647,15047.923638523216,10800.0,10800.0,2258.2505201593876,10800.0,0.000833400001283735,1.1368683772161603e-13,0,1.0,1.0
2025-06-21,mpc,error_scaled_frozen_contract_and_soc,31788.159785870343,30156.488819077487,1631.6709667928571,48504.03960433393,35444.70299004821,13059.336614285716,4692.0582818054345,433.72371904761906,19,9,11983.600641613113,14062.608493884294,18755.797971645447,15198.984183761313,10800.0,10792.457970301673,2279.7752981375675,10800.0,1.0632025999948382,1.1368683772161603e-13,0,1.0,1.0
2025-06-22,greedy,error_scaled_frozen_contract_and_soc,56046.67339726391,56046.67339726391,0.0,87436.28180587375,74405.19622015946,13031.085585714289,4712.525094448132,0.0,0,0,16056.95229202896,773.7668500000001,16569.587178130503,13421.365614285714,10800.0,10800.0,1959.771949735451,10800.0,0.0003971999976783991,1.1368683772161603e-13,0,1.0,1.0
2025-06-22,mpc,error_scaled_frozen_contract_and_soc,59850.524130557955,56046.67339726391,3803.8507332940508,87436.28180587375,74405.19622015946,13031.085585714289,4712.525094448132,745.6403547619055,18,7,15840.938533710307,1556.6521642857133,17510.47815073487,14183.487788095235,10800.0,10799.999460000012,1359.9861736597343,10800.0,0.9775957999954699,1.1368683772161603e-13,0,1.0,1.0
2025-06-23,greedy,error_scaled_frozen_contract_and_soc,55965.499041070594,55965.499041070594,0.0,87301.87642648337,74284.07062410243,13017.805802380954,4720.456729174759,0.0,0,0,15592.842368282327,1364.8030000000008,17278.658201058195,13995.713142857141,10800.0,10800.0,2177.396037037038,10800.0,0.00035200000274926424,1.1368683772161603e-13,0,1.0,1.0
2025-06-23,mpc,error_scaled_frozen_contract_and_soc,59137.49875353488,55965.499041070594,3171.9997124642846,87301.87642648337,74284.07062410243,13017.805802380954,4720.456729174759,661.2315928571427,20,9,15417.525983130552,2280.737194236342,17227.19970625934,14023.640864285713,10800.0,10722.656553093726,1238.1319600421782,10800.0,0.9715198000048986,2.2737367544323206e-13,0,1.0,1.0
2025-06-24,greedy,error_scaled_frozen_contract_and_soc,56056.372016799236,55433.494663900434,622.8773528988065,86240.78777669225,73242.79265764463,12997.99511904762,4743.433991920752,129.3906738095232,3,1,6153.387284420938,0.0,20778.941663583384,16830.942747502544,10800.0,10800.0,1200.0,10800.0,0.0004341000021668151,2.2737367544323206e-13,0,1.0,1.0
2025-06-24,mpc,error_scaled_frozen_contract_and_soc,73880.87935137431,55433.494663900434,18447.38468747388,86240.78777669225,73242.79265764463,12997.99511904762,4743.433991920752,3680.4485206711433,42,9,10480.939555872872,0.0,16743.486737369545,13571.982245879022,10800.0,10789.15779043368,1200.0,10800.0,0.9280657000053907,2.2737367544323206e-13,0,1.0,1.0
2025-06-25,greedy,error_scaled_frozen_contract_and_soc,55542.51914342656,55542.51914342656,0.0,86549.86595626369,73144.81342293035,13405.052533333333,4681.207494807181,0.0,0,0,12508.733672413611,218.43108333333316,17817.26228342151,14431.982449571431,10800.0,10800.0,2126.3241084656106,10800.0,0.0005515000084415078,1.7053025658242404e-13,0,1.0,1.0
2025-06-25,mpc,error_scaled_frozen_contract_and_soc,60014.277028517026,55542.51914342656,4471.757885090472,86549.86595626369,73144.81342293035,13405.052533333333,4681.207494807181,875.9105166666661,27,10,13474.338353965606,271.6501428571431,17065.0904875838,13822.72387814286,10800.0,10799.999352000017,1410.8680184553166,10800.0,1.0577188999886857,1.1368683772161603e-13,0,1.0,1.0
2025-06-26,greedy,error_scaled_frozen_contract_and_soc,55833.164877736664,55833.164877736664,0.0,86797.79607669837,73662.08831717455,13135.70775952381,4794.534746971467,0.0,0,0,15347.522194217483,461.8820166666667,18110.5685920047,14669.56055952381,10800.0,10800.0,2037.8865423280415,10800.0,0.00026169999910052866,1.1368683772161603e-13,0,1.0,1.0
2025-06-26,mpc,error_scaled_frozen_contract_and_soc,60310.82293310453,55833.164877736664,4477.658055367862,86797.79607669837,73662.08831717455,13135.70775952381,4794.534746971467,895.6326690476202,21,6,15520.166431210095,1340.417366666666,17445.132574059706,14159.671459523808,10800.0,10767.651028293949,1498.0691224405389,10800.0,1.0069205000036163,4.547473508864641e-13,0,1.0,1.0
2025-06-27,greedy,error_scaled_frozen_contract_and_soc,28841.141203624087,28841.141203624087,0.0,46623.29965486439,33487.73828343582,13135.561371428572,4788.186215131586,0.0,0,0,10412.77237123176,12825.898566666667,19015.699212101572,15402.716361802275,10800.0,10800.0,2187.431785378423,10800.0,0.00026119999529328197,1.1368683772161603e-13,0,1.0,1.0
2025-06-27,mpc,error_scaled_frozen_contract_and_soc,31193.02782506337,28841.141203624087,2351.886621439286,46623.29965486439,33487.73828343582,13135.561371428572,4788.186215131586,496.27923095238134,26,11,10242.373105952738,13529.454749754586,18847.112027626008,15271.00686418323,10800.0,10794.615420215376,2211.8326180503814,10800.0,0.9482359999965411,1.1368683772161603e-13,0,1.0,1.0
2025-06-28,greedy,error_scaled_frozen_contract_and_soc,28719.466009170534,28719.466009170534,0.0,46856.668101468196,33826.85687765867,13029.811223809524,4791.671331029602,0.0,0,0,9678.307330188125,11880.51526583375,18531.154677787647,15010.235289007993,10800.0,10800.0,2554.869472821802,10800.0,0.0007824000058462843,1.1368683772161603e-13,0,1.0,1.0
2025-06-28,mpc,error_scaled_frozen_contract_and_soc,30817.663489603867,28719.466009170534,2098.197480433334,46856.668101468196,33826.85687765867,13029.811223809524,4791.671331029602,447.30162142857165,15,9,8746.238224200395,13185.109507341742,18924.71819941024,15329.02232472228,10800.0,10799.999352000017,1553.9831193716436,10800.0,0.9748988999926951,1.1368683772161603e-13,0,1.0,1.0
2025-06-29,greedy,error_scaled_frozen_contract_and_soc,55066.14926351918,55066.14926351918,0.0,86184.2712734869,73188.07310205832,12996.198171428572,4759.210906809721,0.0,0,0,13393.43549885433,57.480400000000145,18239.930743680183,14774.343902380951,10800.0,10800.0,2179.803613756615,10800.0,0.0004202999989502132,2.2737367544323206e-13,0,1.0,1.0
2025-06-29,mpc,error_scaled_frozen_contract_and_soc,59684.573787581096,55066.14926351918,4618.424524061913,86184.2712734869,73188.07310205832,12996.198171428572,4759.210906809721,985.7017738095251,30,11,13422.122200923675,1118.4851833333335,17692.619541610835,14331.02241190476,10800.0,10799.999352000017,1387.862053558675,10800.0,1.142725799989421,2.2737367544323206e-13,0,1.0,1.0
2025-06-30,greedy,error_scaled_frozen_contract_and_soc,55648.198096787484,55648.198096787484,0.0,86693.87633978148,73666.86139454338,13027.014945238096,4763.395536869324,0.0,0,0,13180.86304961129,154.7350666666664,18318.917053527337,14838.32281335714,10800.0,10800.0,2133.416486772487,10800.0,0.0003431000077398494,1.5276668818842154e-13,0,1.0,1.0
2025-06-30,mpc,error_scaled_frozen_contract_and_soc,60089.281309622005,55648.198096787484,4441.083212834523,86693.87633978148,73666.86139454338,13027.014945238096,4763.395536869324,1001.3511595238094,24,10,13517.956611210346,968.0857500000001,17781.588387166375,14450.08723240476,10800.0,10747.777068000005,1239.2450480307923,10800.0,1.0065507999970578,1.1368683772161603e-13,0,1.0,1.0
2025-07-01,greedy,error_scaled_frozen_contract_and_soc,60825.989568942176,56127.208129442224,4698.781439499951,87549.69229103794,74481.1053529427,13068.586938095239,4769.063415307936,756.914322547619,12,5,5630.267112941524,185.42713333333313,20829.63290514403,17205.264571166663,10800.0,10429.70898,1200.0,10800.0,0.000531300000147894,2.2737367544323206e-13,0,1.0,1.0
2025-07-01,mpc,error_scaled_frozen_contract_and_soc,75613.1381159614,56127.208129442224,19485.92998651918,87549.69229103794,74481.1053529427,13068.586938095239,4769.063415307936,4479.67209738407,68,13,10088.844640627018,323.0920506075968,16486.15512923189,13735.271465377831,10800.0,10376.126876999999,1200.0,10800.0,0.981625400003395,2.2737367544323206e-13,0,1.0,1.0
2025-07-02,greedy,error_scaled_frozen_contract_and_soc,58796.341312645796,53801.92878173876,4994.412530907035,84529.75973265764,72386.3801398005,12143.379592857144,4852.315540049167,779.1091677619028,15,2,7292.622577072315,1254.4625166666672,20538.135939546904,16681.118499532997,10429.70898,10379.455215,1200.0,10800.0,0.0003699000080814585,2.2737367544323206e-13,0,1.0,1.0
2025-07-02,mpc,error_scaled_frozen_contract_and_soc,72854.29334561527,53801.92878173876,19052.3645638765,84529.75973265764,72386.3801398005,12143.379592857144,4852.315540049167,4484.429303050747,62,7,10696.498232221811,2140.9797672235522,17568.809750507186,14296.865080910819,10429.70898,10356.232109999999,1200.0,10758.602582142858,0.9560485999973025,2.2737367544323206e-13,0,1.0,1.0
2025-07-03,greedy,error_scaled_frozen_contract_and_soc,65276.64881556967,52555.538027529874,12721.110788039794,82519.71954590306,70947.12233161734,11572.597214285714,4811.755584762897,2153.059905407524,21,5,684.2341535307553,0.0,21924.172907613167,17696.04654316667,10379.455215,10448.936895,1200.0,10800.0,0.00040389999048784375,2.2737367544323206e-13,0,1.0,1.0
2025-07-03,mpc,error_scaled_frozen_contract_and_soc,85319.25319422095,52555.538027529874,32763.71516669107,82519.71954590306,70947.12233161734,11572.597214285714,4811.755584762897,6944.570485142917,88,7,6117.586923115784,383.8945904761905,16525.559264218617,13323.169680097944,10379.455215,10448.936686021265,1200.0,10739.395487142858,1.0618575000116834,2.2737367544323206e-13,0,1.0,1.0
2025-07-04,greedy,error_scaled_frozen_contract_and_soc,42949.184787642705,26846.981864763096,16102.202922879605,44482.83346062778,32948.210174913496,11534.623285714286,4994.552136729166,3443.9378077531665,20,3,3447.1809933568493,11784.946376190475,20931.564761405054,17117.788329238098,10448.936895,10267.580370000001,1200.0,10800.0,0.0004625000001396984,1.1368683772161603e-13,0,1.0,1.0
2025-07-04,mpc,error_scaled_frozen_contract_and_soc,55722.913566302755,26846.981864763096,28875.93170153966,44482.83346062778,32948.210174913496,11534.623285714286,4994.552136729166,6598.9843400626905,69,7,3628.76514857143,15498.583033333332,17036.34394904762,13962.741796928574,10448.936895,10267.488897000001,1200.0,10457.702895,0.9864474999922095,1.1368683772161603e-13,0,1.0,1.0
2025-07-05,greedy,error_scaled_frozen_contract_and_soc,44806.11298389644,26869.576215331483,17936.53676856496,45001.090558768024,33422.33338733945,11578.757171428571,4975.596823782063,3405.8938103748237,20,3,3226.5453547619045,12216.950742857145,21066.366807142855,16892.95850228572,10267.580370000001,10457.356604999999,1200.0,10800.0,0.0007111000013537705,1.1368683772161603e-13,0,1.0,1.0
2025-07-05,mpc,error_scaled_frozen_contract_and_soc,54870.3161812137,26869.576215331483,28000.739965882214,45001.090558768024,33422.33338733945,11578.757171428571,4975.596823782063,6326.21708956029,74,6,3731.0975518605264,15407.821394485207,17380.233244130453,13981.924508814538,10267.580370000001,10374.318613256812,1200.0,10374.318613256812,1.1255819000070915,1.1368683772161603e-13,0,1.0,1.0
2025-07-06,greedy,error_scaled_frozen_contract_and_soc,80996.59038175274,50568.24221845308,30428.348163299648,79377.80984098585,67722.2363386049,11655.573502380952,4912.504035782937,4513.91933714019,16,1,610.7421615487314,0.0,19500.197866196355,16013.192399619043,10457.356604999999,10215.098684999999,1200.0,10473.06606648148,0.0002955000090878457,2.2737367544323206e-13,0,1.0,1.0
2025-07-06,mpc,error_scaled_frozen_contract_and_soc,97219.91067424681,50568.24221845308,46651.668455793726,79377.80984098585,67722.2363386049,11655.573502380952,4912.504035782937,9016.85373917619,96,12,4847.112148599019,1360.4825763392528,14041.580943283006,11648.493638059235,10457.356604999999,10152.008745,1200.0,10749.117394285715,0.8874733999982709,2.2737367544323206e-13,0,1.0,1.0
2025-07-07,greedy,error_scaled_frozen_contract_and_soc,56291.04922634298,50111.81627454565,6179.232951797334,78786.10910134703,66887.79363944227,11898.31546190476,4746.059161942659,982.917782452381,13,3,2171.8296606407953,146.61675000000014,20239.71398416815,16198.616277676198,10215.098684999999,10432.378740000002,1200.0,10800.0,0.0005722999921999872,1.1368683772161603e-13,0,1.0,1.0
2025-07-07,mpc,error_scaled_frozen_contract_and_soc,72362.26501377285,50111.81627454565,22250.4487392272,78786.10910134703,66887.79363944227,11898.31546190476,4746.059161942659,4672.375772971868,67,9,4991.554265262516,1798.968366666666,16188.233346213096,12929.753870490043,10215.098684999999,10418.115507158403,1200.0,10741.52634124486,1.056787900000927,1.1368683772161603e-13,0,1.0,1.0
2025-07-08,greedy,error_scaled_frozen_contract_and_soc,59523.02335414243,59514.47324569005,8.55010845238176,92796.17993279327,80875.24648041232,11920.93345238095,4438.170494052896,1.2698809523810723,1,1,11391.653161357654,1768.6296333333348,19657.478254673715,15591.698252285716,10432.378740000002,10800.0,2241.375357142858,10800.0,0.000414699999964796,1.1368683772161603e-13,0,1.0,1.0
2025-07-08,mpc,error_scaled_frozen_contract_and_soc,65808.58625912578,59514.47324569005,6294.113013435712,92796.17993279327,80875.24648041232,11920.93345238095,4438.170494052896,1295.7750976190473,32,8,13039.2210156195,1673.1252237922204,18301.911702810125,14493.689928476191,10432.378740000002,10799.999352000017,1410.5912253989527,10799.999352000017,1.0486534999945434,2.2737367544323206e-13,0,1.0,1.0
2025-07-09,greedy,error_scaled_frozen_contract_and_soc,59021.26249852718,59021.26249852718,0.0,91613.3139376012,79644.02950902976,11969.284428571427,4434.904506940675,0.0,0,0,13108.212516607877,1026.1783810405668,18001.042227821486,14580.844204535402,10800.0,10800.0,2567.460156084657,10800.0,0.0002662999904714525,2.2737367544323206e-13,0,1.0,1.0
2025-07-09,mpc,error_scaled_frozen_contract_and_soc,63445.961932718856,59021.26249852718,4424.699434191665,91613.3139376012,79644.02950902976,11969.284428571427,4434.904506940675,881.235633333333,22,6,12924.230894779528,2141.2789690476193,17738.50144021421,14368.186749773497,10800.0,10799.999352000017,1730.9725395619325,10800.0,1.0132678000081796,2.2737367544323206e-13,0,1.0,1.0
2025-07-10,greedy,error_scaled_frozen_contract_and_soc,59729.37125797008,59729.37125797008,0.0,92294.13744148675,80363.64414862961,11930.493292857142,4458.875050226587,0.0,0,0,14389.833695249252,1672.0216648148148,17782.414200470314,14403.755502380951,10800.0,10800.0,2223.3572195767197,10800.0,0.0008510000043315813,1.1368683772161603e-13,0,1.0,1.0
2025-07-10,mpc,error_scaled_frozen_contract_and_soc,62595.66756324627,59729.37125797008,2866.2963052761916,92294.13744148675,80363.64414862961,11930.493292857142,4458.875050226587,514.1819547619052,19,10,13928.866967190019,2560.3196744848447,18239.52607600237,14774.016704761903,10800.0,10799.999352000017,1663.713788086964,10800.0,1.03864510000858,2.2737367544323206e-13,0,1.0,1.0
2025-07-11,greedy,error_scaled_frozen_contract_and_soc,34311.766328988844,34311.766328988844,0.0,55126.64299067941,43248.658335917506,11877.984654761905,4479.774366942857,0.0,0,0,9279.885132304527,9846.133992725907,18325.509029731467,14843.662314082494,10800.0,10800.0,2790.900716931218,10800.0,0.0007333999965339899,1.1368683772161603e-13,0,1.0,1.0
2025-07-11,mpc,error_scaled_frozen_contract_and_soc,37116.8099779817,34311.766328988844,2805.0436489928543,55126.64299067941,43248.658335917506,11877.984654761905,4479.774366942857,721.6497452380949,22,6,8930.944672531537,10967.248111505343,18059.596763582165,14628.273961701541,10800.0,10799.999352000017,1658.238372992687,10800.0,1.0868445000087377,1.1368683772161603e-13,0,1.0,1.0
2025-07-12,greedy,error_scaled_frozen_contract_and_soc,34180.40410921958,34180.40410921958,0.0,55144.83860375941,43185.61027994989,11959.22832380952,4454.7564859225,0.0,0,0,8528.298570135215,12155.283708580107,17773.75258795134,14396.739596240586,10800.0,10800.0,2660.6730476190496,10800.0,0.0005452000041259453,1.1368683772161603e-13,0,1.0,1.0
2025-07-12,mpc,error_scaled_frozen_contract_and_soc,36193.02967319814,34180.40410921958,2012.6255639785702,55144.83860375941,43185.61027994989,11959.22832380952,4454.7564859225,414.2594904761904,15,7,8472.430445584323,12598.991612672433,17912.806256028955,14509.373553383442,10800.0,10799.999460000012,1975.1168761124422,10800.0,1.0264103000081377,1.1368683772161603e-13,0,1.0,1.0
2025-07-13,greedy,error_scaled_frozen_contract_and_soc,59504.5537176838,59493.19795864214,11.355759041668101,92349.52734328894,80262.58119328895,12086.946149999998,4387.450220445437,1.68921666666688,1,1,15497.092216917328,4391.521499161443,16815.170757246553,13620.288313369707,10800.0,10800.0,2497.4125264550266,10800.0,0.00038419998600147665,1.4210854715202004e-13,0,1.0,1.0
2025-07-13,mpc,error_scaled_frozen_contract_and_soc,61294.35612123023,59493.19795864214,1801.1581625880954,92349.52734328894,80262.58119328895,12086.946149999998,4387.450220445437,306.4778642857143,8,5,16509.265174803786,3405.5795645671465,18281.266586335343,14807.82651813161,10800.0,10799.999352000017,1841.42437861079,10800.0,1.0214345999993384,1.1368683772161603e-13,0,1.0,1.0
2025-07-14,greedy,error_scaled_frozen_contract_and_soc,58399.73643317652,58399.73643317652,0.0,91050.01088425552,79148.09987711266,11901.911007142855,4344.417517699326,0.0,0,0,14140.607723104058,1949.3658969429755,16591.358144956983,13439.000097415159,10800.0,10800.0,2304.8601269841283,10800.0,0.00028589999419637024,2.2737367544323206e-13,0,1.0,1.0
2025-07-14,mpc,error_scaled_frozen_contract_and_soc,60090.62589702057,58399.73643317652,1690.8894638440445,91050.01088425552,79148.09987711266,11901.911007142855,4344.417517699326,274.80025952380913,11,6,14103.575427930595,1966.0759452380948,18144.638587073423,14697.158033129446,10800.0,10799.99913600003,1552.6896320860224,10800.0,1.043832499999553,2.2737367544323206e-13,0,1.0,1.0
2025-07-15,greedy,error_scaled_frozen_contract_and_soc,58535.00196652431,58535.00196652431,0.0,90700.84935012928,78794.440714415,11906.408635714282,4292.775918274605,0.0,0,0,14388.150087242795,472.0048500000007,16271.809629227164,13180.165799674007,10800.0,10800.0,2654.981023809525,10800.0,0.00033710000570863485,1.1368683772161603e-13,0,1.0,1.0
2025-07-15,mpc,error_scaled_frozen_contract_and_soc,59764.72468068026,58535.00196652431,1229.7227141559533,90700.84935012928,78794.440714415,11906.408635714282,4292.775918274605,232.82017857142887,9,3,11766.92636779893,2966.181840150198,18165.848544306547,14714.337806888292,10800.0,10799.999460000012,1200.0,10800.0,0.9287744000030216,2.2737367544323206e-13,0,1.0,1.0
2025-07-16,greedy,error_scaled_frozen_contract_and_soc,57807.83405364512,57807.83405364512,0.0,89721.82633301965,77767.49013540059,11954.336197619046,4373.80398421881,0.0,0,0,12950.818757965893,1405.8918666666664,17002.906973967074,13772.35464891333,10800.0,10800.0,2373.6953835978834,10800.0,0.0004189000028418377,2.2737367544323206e-13,0,1.0,1.0
2025-07-16,mpc,error_scaled_frozen_contract_and_soc,61123.91392487845,57807.83405364512,3316.079871233331,89721.82633301965,77767.49013540059,11954.336197619046,4373.80398421881,677.7193785714283,14,8,11967.180678365647,2973.388130952378,17496.915815472086,14172.502296532377,10800.0,10799.999460000012,1200.0,10800.0,1.0824519000016153,2.2737367544323206e-13,0,1.0,1.0
2025-07-17,greedy,error_scaled_frozen_contract_and_soc,57657.923455521435,57657.923455521435,0.0,89222.0675821017,77355.34345114933,11866.72413095238,4445.885476039088,0.0,0,0,11576.444716960612,1523.1019333333336,17905.815079689994,14503.710214548897,10800.0,10800.0,2634.9992433862444,10800.0,0.000790000005508773,1.1368683772161603e-13,0,1.0,1.0
2025-07-17,mpc,error_scaled_frozen_contract_and_soc,63942.3031342143,57657.923455521435,6284.379678692856,89222.0675821017,77355.34345114933,11866.72413095238,4445.885476039088,1234.1225809523808,29,13,11797.568515449715,2666.984832726224,17305.349731808004,14034.128983596518,10800.0,10781.338110186627,1330.659357167052,10800.0,1.0379964999883668,2.2737367544323206e-13,0,1.0,1.0
2025-07-18,greedy,error_scaled_frozen_contract_and_soc,33605.18820445317,33605.18820445317,0.0,54489.36480390252,42592.98716104538,11896.377642857142,4309.550831768969,0.0,0,0,8970.89432701352,10986.90956895667,17143.751620696476,13886.43881276414,10800.0,10800.0,2882.5285476190484,10800.0,0.0005705999938072637,1.1368683772161603e-13,0,1.0,1.0
2025-07-18,mpc,error_scaled_frozen_contract_and_soc,35257.94591442936,33605.18820445317,1652.75770997619,54489.36480390252,42592.98716104538,11896.377642857142,4309.550831768969,301.11286428571424,15,10,8227.632730196761,11920.481938824836,17859.099457168875,14490.984558002237,10800.0,10772.09555811617,1359.3464356571778,10800.0,1.1288758000009693,1.1368683772161603e-13,0,1.0,1.0
2025-07-19,greedy,error_scaled_frozen_contract_and_soc,33872.7797764174,33872.7797764174,0.0,54738.65519584145,42560.967007746214,12177.688188095235,4292.476615862937,0.0,0,0,8985.334979306288,15243.184042955347,17512.19538726217,14184.878263682356,10800.0,10800.0,2677.9278994709002,10800.0,0.0005277000018395483,1.1368683772161603e-13,0,1.0,1.0
2025-07-19,mpc,error_scaled_frozen_contract_and_soc,35531.29064898884,33872.7797764174,1658.510872571429,54738.65519584145,42560.967007746214,12177.688188095235,4292.476615862937,440.4569595238095,16,11,8939.49673461492,15669.418050227541,17828.309508014674,14440.931187491879,10800.0,10799.999460000012,1945.8339161835138,10800.0,1.0737181000004057,1.1368683772161603e-13,0,1.0,1.0
2025-07-20,greedy,error_scaled_frozen_contract_and_soc,57494.43903554366,57494.43903554366,0.0,88535.96628321864,76358.03560940911,12177.930673809522,4299.661203891429,0.0,0,0,11883.017132892412,1344.7138166666673,16938.195352594204,13719.938235601303,10800.0,10800.0,2617.439002645503,10800.0,0.00043790000199805945,1.1368683772161603e-13,0,1.0,1.0
2025-07-20,mpc,error_scaled_frozen_contract_and_soc,60157.9075381496,57494.43903554366,2663.468502605948,88535.96628321864,76358.03560940911,12177.930673809522,4299.661203891429,594.968688095237,16,5,12411.074254409152,1433.3010642857148,16824.11537869651,13627.533942744161,10800.0,10799.999460000012,1516.697162581254,10800.0,1.1517843000037828,2.2737367544323206e-13,0,1.0,1.0
2025-07-21,greedy,error_scaled_frozen_contract_and_soc,58657.380632682616,58657.380632682616,0.0,90477.39476484801,78134.57489580038,12342.819869047617,4246.4479516935335,0.0,0,0,12296.93602295708,937.9015264550277,17120.0413970311,13867.233531595193,10800.0,10800.0,2714.783264550265,10800.0,0.0005365999968489632,1.1368683772161603e-13,0,1.0,1.0
2025-07-21,mpc,error_scaled_frozen_contract_and_soc,62387.41410954215,58657.380632682616,3730.0334768595326,90477.39476484801,78134.57489580038,12342.819869047617,4246.4479516935335,747.2867880952396,19,7,11879.561620974666,2151.8407865620484,16860.686203192206,13657.15640778567,10800.0,10799.999352000017,1329.5928296934972,10800.0,1.0551604000065709,2.2737367544323206e-13,0,1.0,1.0
2025-07-22,greedy,error_scaled_frozen_contract_and_soc,58029.83055840958,58029.83055840958,0.0,89808.30848165134,77343.88005784183,12464.42842380952,4202.715991152303,0.0,0,0,12041.005010523222,723.8506999999997,17096.35870769188,13848.05055323043,10800.0,10800.0,2348.778235449737,10800.0,0.0005288000102154911,1.1368683772161603e-13,0,1.0,1.0
2025-07-22,mpc,error_scaled_frozen_contract_and_soc,62089.371334104806,58029.83055840958,4059.5407756952372,89808.30848165134,77343.88005784183,12464.42842380952,4202.715991152303,810.4221166666664,26,10,11938.043038978409,1697.220461308694,17005.51049411848,13817.188012754239,10800.0,10752.528319424144,1200.0,10800.0,1.174237400002312,1.1368683772161603e-13,0,1.0,1.0
2025-07-23,greedy,error_scaled_frozen_contract_and_soc,58642.66972044678,58642.66972044678,0.0,90867.62583455862,78355.13153455863,12512.494299999997,4207.61200108766,0.0,0,0,11593.317851587297,1559.2720889182829,18413.09882834937,14914.61005096299,10800.0,10800.0,2462.586949735448,10800.0,0.0006590999983018264,1.1368683772161603e-13,0,1.0,1.0
2025-07-23,mpc,error_scaled_frozen_contract_and_soc,65624.36961838725,58642.66972044678,6981.699897940482,90867.62583455862,78355.13153455863,12512.494299999997,4207.61200108766,1362.7016880952392,25,5,12918.358094505926,1819.3560998326784,17242.45681499254,13966.390603343942,10800.0,10799.999352000017,1503.7047384334446,10800.0,1.0243653999932576,2.2737367544323206e-13,0,1.0,1.0
2025-07-24,greedy,error_scaled_frozen_contract_and_soc,58525.94521774065,58525.94521774065,0.0,90616.45040767934,78073.24547434601,12543.204933333329,4211.436809933018,0.0,0,0,12908.307259141682,982.7718333333335,16362.627974759656,13253.728659555321,10800.0,10800.0,2571.264232804234,10800.0,0.0003392999933566898,2.2737367544323206e-13,0,1.0,1.0
2025-07-24,mpc,error_scaled_frozen_contract_and_soc,62309.974439733254,58525.94521774065,3784.0292219926077,90616.45040767934,78073.24547434601,12543.204933333329,4211.436809933018,711.0835664158724,17,10,11942.363526965659,2491.1519595238105,17263.172271221392,13985.62578361564,10800.0,10797.270840081874,1200.0,10800.0,1.0391098000109196,2.2737367544323206e-13,0,1.0,1.0
2025-07-25,greedy,error_scaled_frozen_contract_and_soc,33386.067688411,33386.067688411,0.0,54084.03373912489,41829.664005791565,12254.369733333331,4071.596640023135,0.0,0,0,9845.37578674309,14393.380610265891,17578.725133943397,14238.767358494151,10800.0,10800.0,2805.8945237830667,10800.0,0.0004901999927824363,1.1368683772161603e-13,0,1.0,1.0
2025-07-25,mpc,error_scaled_frozen_contract_and_soc,34952.64243152648,33386.067688411,1566.5747431154796,54084.03373912489,41829.664005791565,12254.369733333331,4071.596640023135,434.10476190476226,20,10,9986.753823039066,14654.725592870545,17743.894760280866,14372.555241827486,10800.0,10799.999460000012,2394.8508757724803,10800.0,0.9883207000093535,1.1368683772161603e-13,0,1.0,1.0
2025-07-26,greedy,error_scaled_frozen_contract_and_soc,33955.95726233352,33955.95726233352,0.0,54784.324456613205,42658.5197018513,12125.804754761903,4056.1954293198405,0.0,0,0,9988.101862169315,12970.7247566132,17665.296164021165,14308.88989285714,10800.0,10800.0,2740.700584656084,10800.0,0.00044519999937620014,1.1368683772161603e-13,0,1.0,1.0
2025-07-26,mpc,error_scaled_frozen_contract_and_soc,36029.98767746209,33955.95726233352,2074.030415128573,54784.324456613205,42658.5197018513,12125.804754761903,4056.1954293198405,505.9321738095241,14,8,9668.313870130252,13771.934661262487,17794.30009664904,14413.383564285712,10800.0,10799.999460000012,2221.9377254616484,10800.0,1.008652099990286,1.5631940186722204e-13,0,1.0,1.0
2025-07-27,greedy,error_scaled_frozen_contract_and_soc,57615.687661676224,57615.687661676224,0.0,89385.28194028982,77247.34664505172,12137.935295238094,4086.898890654445,0.0,0,0,11317.455774064074,654.0590333333332,19624.09122574956,15895.513892857143,10800.0,10800.0,2026.7269497354512,10800.0,0.0003412999940337613,1.1368683772161603e-13,0,1.0,1.0
2025-07-27,mpc,error_scaled_frozen_contract_and_soc,67861.30593751076,57615.687661676224,10245.618275834522,89385.28194028982,77247.34664505172,12137.935295238094,4086.898890654445,2096.50685,30,8,12406.026765447263,2123.6321928571447,17305.774843890173,14038.834811904762,10800.0,10776.492012940309,1638.1648088684497,10800.0,0.9277149999979883,2.2737367544323206e-13,0,1.0,1.0
2025-07-28,greedy,error_scaled_frozen_contract_and_soc,57691.70262311742,57691.70262311742,0.0,89552.84762162433,77327.49473591003,12225.352885714285,4134.478453481944,0.0,0,0,7991.0812024691495,0.0,18983.627293799254,15376.738107977399,10800.0,10800.0,2508.747332406064,10800.0,0.0005933000065851957,2.2737367544323206e-13,0,1.0,1.0
2025-07-28,mpc,error_scaled_frozen_contract_and_soc,65946.96042429985,57691.70262311742,8255.257801182433,89552.84762162433,77327.49473591003,12225.352885714285,4134.478453481944,1612.6600463088566,28,9,9382.319088514578,546.6889333333334,17402.35594346811,14120.733530716163,10800.0,10772.416426103335,1200.0,10800.0,1.0713428000017302,2.2737367544323206e-13,0,1.0,1.0
2025-07-29,greedy,error_scaled_frozen_contract_and_soc,58869.750635514974,58869.750635514974,0.0,91543.8868544694,79073.0698044694,12470.81705,4099.266264956825,0.0,0,0,11657.439098061412,397.36546666666663,17999.138630217512,14579.30229047619,10800.0,10800.0,2393.4395740740765,10800.0,0.0003995000006398186,1.1368683772161603e-13,0,1.0,1.0
2025-07-29,mpc,error_scaled_frozen_contract_and_soc,63328.66534907569,58869.750635514974,4458.9147135607145,91543.8868544694,79073.0698044694,12470.81705,4099.266264956825,837.1374000000001,23,8,12759.25588026009,180.82723571428494,17745.767219447403,14374.072030952379,10800.0,10799.999352000017,1499.0896980861899,10800.0,0.9591434999892954,2.2737367544323206e-13,0,1.0,1.0
2025-07-30,greedy,error_scaled_frozen_contract_and_soc,59225.44077745298,59225.44077745298,0.0,92032.76814036499,79546.76180703167,12486.006333333331,4123.639435024681,0.0,0,0,12574.410931011176,1880.9367999999997,18285.086101862238,14810.91974250842,10800.0,10800.0,2682.4345740740764,10800.0,0.0004019999905722216,1.1368683772161603e-13,0,1.0,1.0
2025-07-30,mpc,error_scaled_frozen_contract_and_soc,63515.090836512514,59225.44077745298,4289.650059059529,92032.76814036499,79546.76180703167,12486.006333333331,4123.639435024681,920.5258595238104,21,6,13758.78202767166,1647.8519754264967,18123.19226310859,14679.786316317939,10800.0,10799.999352000017,1566.8868270000012,10800.0,1.0055664999963483,2.2737367544323206e-13,0,1.0,1.0
2025-07-31,greedy,error_scaled_frozen_contract_and_soc,58712.75764022862,58712.75764022862,0.0,91561.4883066234,79078.65943281387,12482.828873809522,4067.496652938214,0.0,0,0,12543.839459758972,843.0444833333333,18313.726825602338,14834.118728737896,10800.0,10800.0,2263.199947089947,10800.0,0.0003651000006357208,2.2737367544323206e-13,0,1.0,1.0
2025-07-31,mpc,error_scaled_frozen_contract_and_soc,64099.63095429765,58712.75764022862,5386.8733140690365,91561.4883066234,79078.65943281387,12482.828873809522,4067.496652938214,1000.5277023809501,27,8,13037.506123733085,1421.5944190476196,17936.419909247274,14528.50070969028,10800.0,10799.999352000017,1363.9040493416787,10800.0,1.0784682999947108,2.2737367544323206e-13,0,1.0,1.0
2025-08-01,greedy,error_scaled_frozen_contract_and_soc,32892.11768292544,32892.11768292544,0.0,53344.86986262881,41654.92411977166,11689.945742857144,4407.55177447242,0.0,0,0,9337.8939101411,19384.530671234854,17742.555866243092,14371.470251656907,10800.0,10800.0,2537.7849700264587,10800.0,0.0004200999974273145,1.1368683772161603e-13,0,1.0,1.0
2025-08-01,mpc,error_scaled_frozen_contract_and_soc,34615.706172879014,32892.11768292544,1723.5884899535695,53344.86986262881,41654.92411977166,11689.945742857144,4407.55177447242,482.896119047619,15,9,10367.23453114894,18800.402684966168,18107.409576742033,14698.640477847384,10800.0,10764.845865904073,2167.6331646524072,10800.0,1.028052800000296,1.1368683772161603e-13,0,1.0,1.0
2025-08-02,greedy,error_scaled_frozen_contract_and_soc,32133.543242735395,32133.543242735395,0.0,52306.95465232722,41788.37046899389,10518.584183333332,4861.965758465753,0.0,0,0,8659.19908700764,19297.018609470084,18019.536960611404,14595.82493809524,10800.0,10800.0,2247.4118458994717,10800.0,0.0005485000001499429,1.1368683772161603e-13,0,1.0,1.0
2025-08-02,mpc,error_scaled_frozen_contract_and_soc,33251.956720725866,32133.543242735395,1118.4134779904757,52306.95465232722,41788.37046899389,10518.584183333332,4861.965758465753,233.64277142857134,13,8,9432.887082375695,18646.716048475486,18623.60642152977,15089.637061958489,10800.0,10794.982377200695,1832.4693777673915,10800.0,1.0146301000058884,1.1368683772161603e-13,0,1.0,1.0
2025-08-03,greedy,error_scaled_frozen_contract_and_soc,55445.87204955134,55182.824243412055,263.0478061392851,86288.46622880522,77004.60736690045,9283.858861904762,4933.815809295157,39.03939523809515,2,1,13881.73439988242,6405.834016666666,16844.51170611004,13644.054481949132,10800.0,10800.0,1495.199436507937,10800.0,0.0008551000064471737,1.1368683772161603e-13,0,1.0,1.0
2025-08-03,mpc,error_scaled_frozen_contract_and_soc,57922.614149364425,55182.824243412055,2739.7899059523806,86288.46622880522,77004.60736690045,9283.858861904762,4933.815809295157,461.79879523809507,14,4,13554.932591058601,6915.30798360358,18556.191681330274,15115.647215282464,10800.0,10705.408940661177,1438.743269142853,10800.0,0.994922800004133,2.2737367544323206e-13,0,1.0,1.0
2025-08-04,greedy,error_scaled_frozen_contract_and_soc,53779.82042243779,53660.66876577112,119.15165666666624,83773.35558807431,75402.37329997907,8370.982288095238,4811.136720297698,17.6966666666666,1,1,10913.29011769547,4289.982083333333,16695.394580941254,13523.26961056242,10800.0,10800.0,1769.3792962962968,10800.0,0.0003299999953014776,1.1368683772161603e-13,0,1.0,1.0
2025-08-04,mpc,error_scaled_frozen_contract_and_soc,55163.58907495207,53660.66876577112,1502.9203091809532,83773.35558807431,75402.37329997907,8370.982288095238,4811.136720297698,317.4453142857144,12,8,10675.497869720275,4605.49759877442,18110.24882061822,14716.098470086228,10800.0,10748.003416238367,1344.1294702167763,10800.0,1.0464812999998685,1.1368683772161603e-13,0,1.0,1.0
2025-08-05,greedy,error_scaled_frozen_contract_and_soc,52366.5499794162,52305.71696248406,60.83301693214246,81315.96637201101,73594.83327915389,7721.133092857141,4404.89901265365,9.030359523809466,1,1,8876.622035038205,4090.981488771312,16868.860391536742,13663.776917144762,10800.0,10800.0,1949.3576825396826,10800.0,0.0004434000002220273,1.1368683772161603e-13,0,1.0,1.0
2025-08-05,mpc,error_scaled_frozen_contract_and_soc,54502.36053144359,52305.71696248406,2196.6435689595237,81315.96637201101,73594.83327915389,7721.133092857141,4404.89901265365,468.1675285714289,21,10,9178.02065393026,4097.281551429772,17865.315686176702,14508.793724287616,10800.0,10757.902201683903,1280.5073928396048,10800.0,1.0612926000030711,2.2737367544323206e-13,0,1.0,1.0
2025-08-06,greedy,error_scaled_frozen_contract_and_soc,50965.21145899441,50965.21145899441,0.0,79215.82925329599,72364.93511996265,6850.894133333331,3594.2990238888888,0.0,0,0,5387.267368753675,2277.0461333333337,18090.086760749025,14652.970276206714,10800.0,10800.0,1476.3256347089928,10800.0,0.0003823000006377697,2.2737367544323206e-13,0,1.0,1.0
2025-08-06,mpc,error_scaled_frozen_contract_and_soc,62442.097759022465,50965.21145899441,11476.886300028049,79215.82925329599,72364.93511996265,6850.894133333331,3594.2990238888888,2211.8749410571395,27,15,6334.493558287041,3925.570664285714,16577.71285454899,13524.472149435289,10800.0,10692.750291943777,1200.0,10800.0,1.0279978000035044,2.2737367544323206e-13,0,1.0,1.0
2025-08-07,greedy,error_scaled_frozen_contract_and_soc,50168.053381269994,50110.97369709857,57.07968417142922,77269.42425605941,70713.72454653561,6555.699709523808,3082.870094203095,8.448114285714382,1,1,6108.793202469377,4278.980189770478,18432.17751634357,14930.063788238294,10800.0,10800.0,1712.336333333334,10800.0,0.00036859999818261713,1.1368683772161603e-13,0,1.0,1.0
2025-08-07,mpc,error_scaled_frozen_contract_and_soc,54050.45929094024,50110.97369709857,3939.485593841668,77269.42425605941,70713.72454653561,6555.699709523808,3082.870094203095,974.2423880952385,25,10,6668.484635150506,4925.537936670657,17687.713274857506,14426.054452524008,10800.0,10689.992555678415,1332.8857092066962,10800.0,1.0415592000063043,2.2737367544323206e-13,0,1.0,1.0
2025-08-08,greedy,error_scaled_frozen_contract_and_soc,28578.249218896206,28578.249218896206,0.0,47437.21148496075,40944.791101627416,6492.420383333332,3096.125355646705,0.0,0,0,5258.698381510877,22671.00080803503,19643.90023902552,15911.559193610676,10800.0,10800.0,1930.5630422486784,10800.0,0.0006343999993987381,1.1368683772161603e-13,0,1.0,1.0
2025-08-08,mpc,error_scaled_frozen_contract_and_soc,30900.97493184502,28578.249218896206,2322.7257129488135,47437.21148496075,40944.791101627416,6492.420383333332,3096.125355646705,522.332188095239,20,8,6796.791093923165,21687.31935090864,19522.89376945391,15822.63179122972,10800.0,10789.902402253278,1586.465895355555,10800.0,1.0294215000030817,1.1368683772161603e-13,0,1.0,1.0
2025-08-09,greedy,error_scaled_frozen_contract_and_soc,27981.446590419655,27981.446590419655,0.0,46472.913776801186,40074.54465537262,6398.369121428572,3129.9384278748003,0.0,0,0,4259.618819400344,19482.099760307174,20048.76945838772,16239.503261294047,10800.0,10800.0,1928.9930598412675,10800.0,0.0005424999981187284,1.1368683772161603e-13,0,1.0,1.0
2025-08-09,mpc,error_scaled_frozen_contract_and_soc,30928.280767666085,27981.446590419655,2946.834177246431,46472.913776801186,40074.54465537262,6398.369121428572,3129.9384278748003,745.2543023809529,24,10,5239.775823773845,19382.720282074835,19631.71711319893,15957.974139865475,10800.0,10737.463024250737,1351.5759021164029,10800.0,1.036886100002448,1.1368683772161603e-13,0,1.0,1.0
2025-08-10,greedy,error_scaled_frozen_contract_and_soc,49508.89080980753,49446.2231639742,62.66764583333308,75839.71794379086,69256.31419140991,6583.403752380953,3076.1007221633713,9.291666666666629,1,1,5326.780991753393,1934.1180210625982,17281.53446127132,13998.042913629772,10800.0,10800.0,1839.5531296296308,10800.0,0.00030339999648276716,1.1368683772161603e-13,0,1.0,1.0
2025-08-10,mpc,error_scaled_frozen_contract_and_soc,58752.8876376187,49446.2231639742,9306.664473644501,75839.71794379086,69256.31419140991,6583.403752380953,3076.1007221633713,1518.8441832720468,18,12,5160.544389549887,3781.424874174014,16563.89162703008,13451.917813691058,10800.0,10760.927115781458,1200.0,10800.0,1.044363200009684,2.2737367544323206e-13,0,1.0,1.0
2025-08-11,greedy,error_scaled_frozen_contract_and_soc,50197.03321342287,49447.823754574056,749.2094588488086,76529.98884902339,70054.75391807102,6475.23493095238,3001.927387038372,111.16886666666653,5,2,5314.70015102881,3194.8915527630816,18791.119360867557,15220.806682302722,10800.0,10800.0,1348.0919444444442,10800.0,0.00040630000876262784,1.1368683772161603e-13,0,1.0,1.0
2025-08-11,mpc,error_scaled_frozen_contract_and_soc,54492.97755855858,49447.823754574056,5045.153803984525,76529.98884902339,70054.75391807102,6475.23493095238,3001.927387038372,1048.9928404761908,30,11,5727.702870477469,3917.0074323908952,18007.787333219654,14634.76927992177,10800.0,10746.153844429058,1228.1204349867867,10800.0,1.0574339000013424,2.2737367544323206e-13,0,1.0,1.0
2025-08-12,greedy,error_scaled_frozen_contract_and_soc,50786.13895839791,48239.45487587227,2546.684082525638,74577.84045015514,68321.93480015514,6255.905649999999,3144.4367844371427,378.007698238098,6,2,2515.0006693709565,1254.2849661669604,18031.6782255543,14605.659362698976,10800.0,10800.0,1200.0,10800.0,0.00040979999175760895,2.2737367544323206e-13,0,1.0,1.0
2025-08-12,mpc,error_scaled_frozen_contract_and_soc,59921.51913216374,48239.45487587227,11682.064256291467,74577.84045015514,68321.93480015514,6255.905649999999,3144.4367844371427,2138.1757464142866,37,13,3790.7681976307904,1962.2187142857147,16855.190108699524,13652.704474046597,10800.0,10799.999460000012,1200.0,10800.0,1.1630201000079978,2.2737367544323206e-13,0,1.0,1.0
2025-08-13,greedy,error_scaled_frozen_contract_and_soc,49673.3659529191,48963.62391303934,709.7420398797609,75541.64676359427,68922.91336359427,6618.7334,3095.346068816665,105.18362619047605,4,3,4946.126641957908,1155.9895727099342,18019.656447983773,14595.921722866862,10800.0,10800.0,1526.2516375661378,10800.0,0.0005413000035332516,1.1368683772161603e-13,0,1.0,1.0
2025-08-13,mpc,error_scaled_frozen_contract_and_soc,54924.29793076725,48963.62391303934,5960.674017727921,75541.64676359427,68922.91336359427,6618.7334,3095.346068816665,1148.314234910031,26,12,5411.228629967107,1868.6228553294886,17367.794672593114,14078.664609385401,10800.0,10788.054528238907,1200.0,10800.0,1.1401599000091664,2.2737367544323206e-13,0,1.0,1.0
2025-08-14,greedy,error_scaled_frozen_contract_and_soc,49538.50412110641,48943.301302675456,595.202818430953,75705.20722500893,68866.99717738989,6838.210047619046,3070.4524939883327,86.5920380952382,3,2,4092.839091387424,1964.2788098471422,20044.159887032954,16235.769508496694,10800.0,10800.0,1437.3516084656112,10800.0,0.0003684999974211678,1.1368683772161603e-13,0,1.0,1.0
2025-08-14,mpc,error_scaled_frozen_contract_and_soc,58044.71822358447,48943.301302675456,9101.41692090901,75705.20722500893,68866.99717738989,6838.210047619046,3070.4524939883327,1789.3776593938464,42,12,4696.088736729197,3434.9986374301475,18138.68835220341,14701.481825293326,10800.0,10789.839711101602,1200.0,10800.0,0.8657895000069402,2.2737367544323206e-13,0,1.0,1.0
2025-08-15,greedy,error_scaled_frozen_contract_and_soc,28157.88352274271,28157.88352274271,0.0,46569.299163774434,39852.83237091729,6716.4667928571425,3112.0911004648406,0.0,0,0,4623.836905173428,20874.016579821473,20587.99366024319,16676.274864796993,10800.0,10800.0,1679.241556125038,10800.0,0.0003141000051982701,1.1368683772161603e-13,0,1.0,1.0
2025-08-15,mpc,error_scaled_frozen_contract_and_soc,31575.862889832,28157.88352274271,3417.9793670892886,46569.299163774434,39852.83237091729,6716.4667928571425,3112.0911004648406,887.8174880952382,33,13,5125.085311616663,21503.74015,19804.17473124048,16135.610424320803,10800.0,10695.301231093315,1274.9724682301253,10800.0,1.1174437000008766,1.1368683772161603e-13,0,1.0,1.0
2025-08-16,greedy,error_scaled_frozen_contract_and_soc,28249.718795001238,28249.718795001238,0.0,46815.9539790897,40108.24141956589,6707.7125595238085,3059.729410529285,0.0,0,0,4829.608257231041,21142.66255575049,20602.119997060552,16687.717197619044,10800.0,10800.0,1368.213436243388,10800.0,0.00036410000757314265,1.1368683772161603e-13,0,1.0,1.0
2025-08-16,mpc,error_scaled_frozen_contract_and_soc,32132.438164883377,28249.718795001238,3882.719369882141,46815.9539790897,40108.24141956589,6707.7125595238085,3059.729410529285,883.7851666666663,33,12,5544.121473825947,21495.854193170468,19768.88717824168,16038.404066148389,10800.0,10771.549498030401,1688.8216553091659,10800.0,0.9979690000036499,1.1368683772161603e-13,0,1.0,1.0
2025-08-17,greedy,error_scaled_frozen_contract_and_soc,49679.395996411775,49123.49589826416,555.9000981476179,75642.71361485083,68984.688655327,6658.02495952381,3029.821726945633,82.5104785714284,5,1,5065.504519635511,3973.211325279248,18532.182272846436,15011.067641005618,10800.0,10800.0,1519.7111366402132,10800.0,0.00037229999725241214,1.1368683772161603e-13,0,1.0,1.0
2025-08-17,mpc,error_scaled_frozen_contract_and_soc,54310.88813251654,49123.49589826416,5187.39223425238,75642.71361485083,68984.688655327,6658.02495952381,3029.821726945633,1137.7167357142857,28,11,5359.826366879224,4886.47646754169,17730.180976197425,14361.447076719904,10800.0,10799.999460000012,1250.7979426647073,10800.0,1.0690103999950225,2.2737367544323206e-13,0,1.0,1.0
2025-08-18,greedy,error_scaled_frozen_contract_and_soc,49554.51641284952,48748.472272509054,806.0441403404758,75220.12623825522,68827.58285254093,6392.543385714287,3031.3435946023396,118.83406904761898,4,3,4792.14717833628,2547.669395091123,18973.832195835654,15368.804078626885,10800.0,10800.0,1692.0994523809543,10800.0,0.0004467999970074743,1.1368683772161603e-13,0,1.0,1.0
2025-08-18,mpc,error_scaled_frozen_contract_and_soc,58537.60581042084,48748.472272509054,9789.133537911794,75220.12623825522,68827.58285254093,6392.543385714287,3031.3435946023396,1867.2171655517022,35,16,5122.866397445631,4270.208986421832,17369.22573301464,14069.073329741852,10800.0,10799.999460000012,1200.0,10800.0,1.0119620999903418,2.2737367544323206e-13,0,1.0,1.0
2025-08-19,greedy,error_scaled_frozen_contract_and_soc,49748.78354658385,49204.25756202195,544.5259845619042,75604.08062057942,69116.6483467699,6487.432273809525,3011.550582196387,80.68586666666658,3,2,4598.822511235589,3384.5071572604375,17809.35141447405,14425.574645723987,10800.0,10800.0,1692.4108941798936,10800.0,0.0002776000037556514,1.1368683772161603e-13,0,1.0,1.0
2025-08-19,mpc,error_scaled_frozen_contract_and_soc,54008.527335709914,49204.25756202195,4804.269773687962,75604.08062057942,69116.6483467699,6487.432273809525,3011.550582196387,1008.8797590126045,20,10,4983.838066252825,3904.4566235403454,17931.611188415005,14524.605548616146,10800.0,10799.999460000012,1200.0,10800.0,0.9939435999986017,2.2737367544323206e-13,0,1.0,1.0
2025-08-20,greedy,error_scaled_frozen_contract_and_soc,56827.609682014096,48876.52866869521,7951.081013318887,75159.05805018978,68689.91450733264,6469.143542857144,3001.8991596350775,1153.8482621428511,6,2,1832.3511757201643,0.0,20157.17931550428,16327.31524555847,10800.0,10800.0,1200.0,10800.0,0.0005401000089477748,2.2737367544323206e-13,0,1.0,1.0
2025-08-20,mpc,error_scaled_frozen_contract_and_soc,71716.6951792959,48876.52866869521,22840.166510600684,75159.05805018978,68689.91450733264,6469.143542857144,3001.8991596350775,4225.233426428566,41,11,3826.303130232493,1902.4785619047614,16364.672225277669,13359.853507463231,10800.0,10683.923327790757,1200.0,10800.0,1.0336952000070596,2.2737367544323206e-13,0,1.0,1.0
2025-08-21,greedy,error_scaled_frozen_contract_and_soc,49505.864973275005,49505.864973275005,0.0,75828.45649821547,69065.9324625012,6762.524035714287,3174.501260490474,0.0,0,0,4819.818724838331,1811.4259389182798,17646.280795397543,14293.487444272012,10800.0,10800.0,1650.6955339153433,10800.0,0.00026889999571722,2.2737367544323206e-13,0,1.0,1.0
2025-08-21,mpc,error_scaled_frozen_contract_and_soc,58688.67700772803,49505.864973275005,9182.812034453029,75828.45649821547,69065.9324625012,6762.524035714287,3174.501260490474,1568.4407372072367,21,12,4829.703713390811,3546.7139838154008,17005.654597662233,13829.593542779061,10800.0,10738.874090363723,1200.0,10800.0,0.9909927000117023,2.2737367544323206e-13,0,1.0,1.0
2025-08-22,greedy,error_scaled_frozen_contract_and_soc,28403.09661765405,28403.09661765405,0.0,47117.074626850066,40388.45541494531,6728.619211904762,3229.108584894125,0.0,0,0,3855.345974661971,18117.83516868616,20596.442544747108,16683.11846124516,10800.0,10800.0,1310.969937460322,10800.0,0.0002750999992713332,1.1368683772161603e-13,0,1.0,1.0
2025-08-22,mpc,error_scaled_frozen_contract_and_soc,37796.8459731797,28403.09661765405,9393.749355525644,47117.074626850066,40388.45541494531,6728.619211904762,3229.108584894125,1846.4281885659466,33,10,4598.9513958961,19711.65958658063,18631.33329847565,15209.01086553636,10800.0,10669.299006921025,1280.5875846560857,10800.0,1.0549860000028275,1.1368683772161603e-13,0,1.0,1.0
2025-08-23,greedy,error_scaled_frozen_contract_and_soc,28716.863460037686,28716.863460037686,0.0,47431.83370451577,40584.09430689672,6847.739397619047,3203.658337546626,0.0,0,0,4340.673470576139,16817.547535968908,19703.192357740663,15959.585809769946,10800.0,10800.0,1893.7103876190524,10800.0,0.0003735999925993383,1.1368683772161603e-13,0,1.0,1.0
2025-08-23,mpc,error_scaled_frozen_contract_and_soc,31653.01361450346,28716.863460037686,2936.150154465776,47431.83370451577,40584.09430689672,6847.739397619047,3203.658337546626,619.629025256605,22,14,4704.795173528494,17148.012049635327,19521.792731598078,15853.14337498953,10800.0,10755.009708449905,1206.57323015873,10800.0,1.0819413999997778,1.1368683772161603e-13,0,1.0,1.0
2025-08-24,greedy,error_scaled_frozen_contract_and_soc,50027.11663114233,50021.54407114233,5.572559999998764,76914.22550328927,69918.34768662261,6995.877816666667,3125.440446739204,0.8266666666664833,1,1,5258.113086978257,4382.703466666667,18634.979647251002,15094.33351427332,10800.0,10800.0,1915.6617577777763,10800.0,0.0006726999999955297,2.2737367544323206e-13,0,1.0,1.0
2025-08-24,mpc,error_scaled_frozen_contract_and_soc,56523.88703260782,50021.54407114233,6502.342961465485,76914.22550328927,69918.34768662261,6995.877816666667,3125.440446739204,1285.6079642857167,37,19,5890.396842069809,5356.239111150939,17488.21273060639,14268.604699585478,10800.0,10685.386235784112,1200.0,10800.0,0.9463774999894667,2.2737367544323206e-13,0,1.0,1.0
2025-08-25,greedy,error_scaled_frozen_contract_and_soc,50546.892550561795,50320.344093512875,226.5484570489162,77514.33939319411,70497.65883128936,7016.680561904762,3126.3867674767052,33.297875738090056,2,2,2594.218795855375,391.9621811875386,19938.785659066518,16150.41638384388,10800.0,10800.0,1200.0,10800.0,0.0003696000057971105,1.1368683772161603e-13,0,1.0,1.0
2025-08-25,mpc,error_scaled_frozen_contract_and_soc,67027.90297224218,50320.344093512875,16707.558878729316,77514.33939319411,70497.65883128936,7016.680561904762,3126.3867674767052,3148.8510784992227,39,14,4595.232626446201,2153.3804047619024,16617.292626329898,13475.802202511317,10800.0,10782.449805351001,1200.0,10800.0,1.0673948000039672,2.2737367544323206e-13,0,1.0,1.0
2025-08-26,greedy,error_scaled_frozen_contract_and_soc,50921.4515002499,50823.7418074499,97.70969280000043,78395.72887084603,71182.08431846507,7213.644552380952,3153.9780252530145,14.006550000000061,1,1,6847.638804320986,2495.1787833333337,18621.576051886223,15083.47660202784,10800.0,10800.0,1826.318086164022,10800.0,0.0004938999918522313,2.2737367544323206e-13,0,1.0,1.0
2025-08-26,mpc,error_scaled_frozen_contract_and_soc,56583.939293174175,50823.7418074499,5760.197485724263,78395.72887084603,71182.08431846507,7213.644552380952,3153.9780252530145,1104.5358321355757,27,11,6431.834405323665,4158.702287278976,17809.00006836647,14428.090441320835,10800.0,10796.888460062231,1200.0,10800.0,1.0865045999962604,2.2737367544323206e-13,0,1.0,1.0
2025-08-27,greedy,error_scaled_frozen_contract_and_soc,50957.57859163635,50956.20954830301,1.3690433333336192,78298.74146327871,71213.21422042156,7085.527242857143,3123.0229000367444,0.20333333333337578,1,1,5076.595371382458,1575.0247218274123,19648.293877555305,15915.118040819796,10800.0,10800.0,1675.8769550264556,10800.0,0.0004811999970115721,1.2631562462672719e-13,0,1.0,1.0
2025-08-27,mpc,error_scaled_frozen_contract_and_soc,58911.58407968279,50956.20954830301,7955.374531379771,78298.74146327871,71213.21422042156,7085.527242857143,3123.0229000367444,1494.7379738095253,32,17,5298.306401714626,3163.1577317686633,18008.346643628996,14590.480206690716,10800.0,10795.8673051653,1200.0,10800.0,1.0209155999909854,2.2737367544323206e-13,0,1.0,1.0
2025-08-28,greedy,error_scaled_frozen_contract_and_soc,51222.19544420118,50615.12671385595,607.0687303452391,77703.46177635944,70935.42298350229,6768.038792857143,3137.241299169166,90.07578571428587,3,2,3301.7622782187022,0.0,19599.896318535226,15875.916018013539,10800.0,10800.0,1762.4538015873022,10800.0,0.0002906000008806586,1.5631940186722204e-13,0,1.0,1.0
2025-08-28,mpc,error_scaled_frozen_contract_and_soc,57504.96799575713,50615.12671385595,6889.841281901186,77703.46177635944,70935.42298350229,6768.038792857143,3137.241299169166,1417.0781428571427,38,13,4752.141296127949,192.2656867802948,18229.990232893306,14821.652279918302,10800.0,10738.488676361423,1200.0,10800.0,1.02852000000712,2.2737367544323206e-13,0,1.0,1.0
2025-08-29,greedy,error_scaled_frozen_contract_and_soc,29778.04504466061,29778.04504466061,0.0,48532.99436139666,41716.10264711095,6816.891714285714,3376.771525540396,0.0,0,0,5301.603666402118,16862.104120448555,20074.032760768372,16259.966536222386,10800.0,10800.0,1987.2155764550275,10800.0,0.0007476999890059233,1.1368683772161603e-13,0,1.0,1.0
2025-08-29,mpc,error_scaled_frozen_contract_and_soc,33839.37015137966,29778.04504466061,4061.325106719049,48532.99436139666,41716.10264711095,6816.891714285714,3376.771525540396,900.2646166666672,20,7,6270.592487047436,16919.221282822436,19491.20239679679,15802.977538603336,10800.0,10783.218225335633,1662.9228366245693,10800.0,0.9465749999944819,1.1368683772161603e-13,0,1.0,1.0
2025-08-30,greedy,error_scaled_frozen_contract_and_soc,29471.328383162203,29471.328383162203,0.0,48244.5326239369,41372.97912631785,6871.55349761905,3399.764352042339,0.0,0,0,4622.780149882428,21455.634795483536,19228.409711776894,15575.011866539291,10800.0,10800.0,1706.9370760317486,10800.0,0.0002964000013889745,1.1368683772161603e-13,0,1.0,1.0
2025-08-30,mpc,error_scaled_frozen_contract_and_soc,31647.136503471935,29471.328383162203,2175.808120309734,48244.5326239369,41372.97912631785,6871.55349761905,3399.764352042339,487.6617347481766,27,13,4691.773088465926,21881.164490042927,19479.013921491147,15832.476974648256,10800.0,10739.471446399524,1237.8199802116378,10800.0,1.0005458000086946,1.1368683772161603e-13,0,1.0,1.0
2025-08-31,greedy,error_scaled_frozen_contract_and_soc,51526.472321837784,51219.45504318064,307.01727865714395,78686.83231886855,71889.05537363046,6797.776945238096,3419.098695312063,45.53496666666683,3,2,6150.107947046361,2372.7212531593996,18752.184221032247,15189.26921903612,10800.0,10800.0,1462.9864470899488,10800.0,0.0003555000002961606,1.4921397450962104e-13,0,1.0,1.0
2025-08-31,mpc,error_scaled_frozen_contract_and_soc,54713.07520659255,51219.45504318064,3493.620163411896,78686.83231886855,71889.05537363046,6797.776945238096,3419.098695312063,741.5492452380938,22,8,6454.300916981671,2824.239254867179,18592.767601770116,15089.549292845648,10800.0,10767.3249606535,1200.0,10800.0,1.1297731999948155,2.2737367544323206e-13,0,1.0,1.0
2025-09-01,greedy,error_scaled_frozen_contract_and_soc,51194.381235176465,51194.381235176465,0.0,78856.28735327742,71924.80447232505,6931.482880952382,3341.564184576348,0.0,0,0,17710.133911787183,4782.66775702528,14680.795532271786,11891.444381140143,10800.0,10800.0,3253.4017460317455,10800.0,0.0003858999989461154,1.1368683772161603e-13,0,1.0,1.0
2025-09-01,mpc,error_scaled_frozen_contract_and_soc,51194.381235176465,51194.381235176465,0.0,78856.28735327742,71924.80447232505,6931.482880952382,3341.564184576348,0.0,0,0,17120.053098246666,4680.754903176013,18322.870535375856,14841.525716854429,10800.0,10799.999352000017,1502.156023576868,10800.0,0.9748752000014065,1.1368683772161603e-13,0,1.0,1.0
2025-09-02,greedy,error_scaled_frozen_contract_and_soc,50770.06442770387,50770.06442770387,0.0,78078.62703016293,71167.21006349626,6911.416966666668,3342.0300248313474,0.0,0,0,16936.60188435791,3883.0930785756527,16848.295880154506,13647.119662925146,10800.0,10800.0,3043.0541428571414,10800.0,0.00044889999844599515,1.1368683772161603e-13,0,1.0,1.0
2025-09-02,mpc,error_scaled_frozen_contract_and_soc,52556.66720798006,50770.06442770387,1786.6027802761962,78078.62703016293,71167.21006349626,6911.416966666668,3342.0300248313474,415.9037785714296,15,5,16384.643750087092,4621.784308919358,18054.46043646257,14624.113536734669,10800.0,10799.999352000017,1530.7177517445625,10800.0,1.004914999997709,2.2737367544323206e-13,0,1.0,1.0
2025-09-03,greedy,error_scaled_frozen_contract_and_soc,50461.11747770656,50461.11747770656,0.0,77658.07619948083,70802.09658757606,6855.979611904763,3345.6497491985697,0.0,0,0,15116.056279838145,4137.283288151279,15036.944113112684,12179.924731621275,10800.0,10800.0,3236.2333439153435,10800.0,0.00029719999292865396,1.1368683772161603e-13,0,1.0,1.0
2025-09-03,mpc,error_scaled_frozen_contract_and_soc,50752.2988724899,50461.11747770656,291.1813947833336,77658.07619948083,70802.09658757606,6855.979611904763,3345.6497491985697,68.97594285714291,4,3,14574.684949100962,4192.568305996028,17958.327476005117,14546.24583876413,10800.0,10799.999352000017,1586.7437826934265,10800.0,1.007854800001951,1.1368683772161603e-13,0,1.0,1.0
2025-09-04,greedy,error_scaled_frozen_contract_and_soc,50948.66390758609,50948.66390758609,0.0,78269.7686243164,71484.82004098306,6784.948583333335,3351.21148894849,0.0,0,0,16346.400272839504,4927.185430335098,16161.144058641123,13090.52668749931,10800.0,10800.0,3034.0601084656078,10800.0,0.00037989999691490084,1.1368683772161603e-13,0,1.0,1.0
2025-09-04,mpc,error_scaled_frozen_contract_and_soc,51904.56792655513,50948.66390758609,955.9040189690434,78269.7686243164,71484.82004098306,6784.948583333335,3351.21148894849,192.10941428571348,9,5,14980.362048931736,6170.953985206991,17815.7738824389,14430.777427975501,10800.0,10799.999352000017,1429.3936649190068,10800.0,0.9394514000014169,2.2737367544323206e-13,0,1.0,1.0
2025-09-05,greedy,error_scaled_frozen_contract_and_soc,28941.90181707992,28941.90181707992,0.0,47451.70245357344,40711.09667976391,6740.605773809525,3352.7707562123396,0.0,0,0,12753.629029012345,24694.39610379437,16733.766600526615,13554.350946426559,10800.0,10800.0,3670.3613875396795,10800.0,0.0002860000095097348,1.1368683772161603e-13,0,1.0,1.0
2025-09-05,mpc,error_scaled_frozen_contract_and_soc,29044.64982530611,28941.90181707992,102.74800822619049,47451.70245357344,40711.09667976391,6740.605773809525,3352.7707562123396,23.241083333333336,2,1,14457.126100019426,22777.336177631492,17980.10516520622,14563.885572617037,10800.0,10799.999568000007,2711.83404412922,10800.0,1.0226210999971954,1.1368683772161603e-13,0,1.0,1.0
2025-09-06,greedy,error_scaled_frozen_contract_and_soc,29292.90194165217,29292.90194165217,0.0,47971.16771273655,41481.0056246413,6490.16208809524,3384.1869131443636,0.0,0,0,13367.824749500294,23662.728479010428,16944.898864346418,13725.368080120596,10800.0,10800.0,3264.895159680818,10800.0,0.00029519999225158244,1.1368683772161603e-13,0,1.0,1.0
2025-09-06,mpc,error_scaled_frozen_contract_and_soc,30297.88107017598,29292.90194165217,1004.9791285238084,47971.16771273655,41481.0056246413,6490.16208809524,3384.1869131443636,240.29858571428545,10,3,15009.590803498648,22143.961066181975,17562.269039843188,14225.438311072976,10800.0,10799.999568000007,2730.972194110119,10800.0,1.0267345000029309,1.1368683772161603e-13,0,1.0,1.0
2025-09-07,greedy,error_scaled_frozen_contract_and_soc,49935.50672106884,49935.50672106884,0.0,76439.09461727123,69987.11733869978,6451.9772785714285,3449.9669688435306,0.0,0,0,15428.031268900648,2849.286766666666,16846.278763353934,13645.485798316684,10800.0,10800.0,3177.5405211640204,10800.0,0.0005524000007426366,1.1368683772161603e-13,0,1.0,1.0
2025-09-07,mpc,error_scaled_frozen_contract_and_soc,51978.48302630932,49935.50672106884,2042.9763052404755,76439.09461727123,69987.11733869978,6451.9772785714285,3449.9669688435306,389.5079547619048,9,3,14299.14073064587,3971.6798479960935,18930.520841707854,15333.722464983352,10800.0,10799.999352000017,1312.5561523536157,10800.0,0.87439219999942,2.2737367544323206e-13,0,1.0,1.0
2025-09-08,greedy,error_scaled_frozen_contract_and_soc,46040.48166312804,41051.31687239432,4989.164790733718,64290.615614304574,57900.11786906648,6390.497745238097,3474.726002524166,715.189906928572,1,1,1548.2345458553789,456.00436042894364,19217.06878657282,15611.071704957321,10800.0,10749.726680185184,1200.0,10800.0,0.0003138999891234562,2.2737367544323206e-13,0,1.0,1.0
2025-09-08,mpc,error_scaled_frozen_contract_and_soc,61547.57694238997,41051.31687239432,20496.260069995642,64290.615614304574,57900.11786906648,6390.497745238097,3474.726002524166,3707.931885271432,44,18,3018.599676566725,2643.9844612931442,15921.346688330606,12980.952859947793,10800.0,10705.931064,1209.190481481482,10800.0,1.0597273000021232,1.1368683772161603e-13,0,1.0,1.0
2025-09-09,greedy,error_scaled_frozen_contract_and_soc,42213.78222539084,42213.78222539084,0.0,65769.05153926957,59044.90335117432,6724.148188095237,3403.5858323585317,0.0,0,0,3329.845402005138,5688.723103814968,18960.01462604981,15312.36585926702,10749.726680185184,10800.0,1585.3705063227517,10800.0,0.0003775000077439472,2.2737367544323206e-13,0,1.0,1.0
2025-09-09,mpc,error_scaled_frozen_contract_and_soc,49134.68763948178,42213.78222539084,6920.905414090938,65769.05153926957,59044.90335117432,6724.148188095237,3403.5858323585317,1315.4014182945316,38,15,4648.958488785869,5927.094988256162,17906.617709589795,14501.052495734395,10749.726680185184,10753.402068000005,1216.3781111111116,10800.0,0.8335274999990361,2.2737367544323206e-13,0,1.0,1.0
2025-09-10,greedy,error_scaled_frozen_contract_and_soc,48565.755710738886,42240.7280414149,6325.027669323984,65475.49683032826,58859.70544461397,6615.791385714286,3417.52139695992,912.5669264047589,3,2,1199.6067849500282,0.0,20381.359588331547,16508.90126654855,10800.0,10800.0,1200.0,10800.0,0.0005507000023499131,1.1368683772161603e-13,0,1.0,1.0
2025-09-10,mpc,error_scaled_frozen_contract_and_soc,68327.85430391025,42240.7280414149,26087.126262495352,65475.49683032826,58859.70544461397,6615.791385714286,3417.52139695992,4581.682589751598,42,11,3256.38494607877,2493.327433350013,15935.448312900411,12943.979922249333,10800.0,10759.703568000004,1209.4566851851853,10800.0,1.2012767000123858,2.2737367544323206e-13,0,1.0,1.0
2025-09-11,greedy,error_scaled_frozen_contract_and_soc,42762.04726172885,42762.04726172885,0.0,66416.69135561865,59350.98391038054,7065.707445238096,3433.1896107539274,0.0,0,0,4520.596077395649,4716.56618348031,19386.543744259743,15703.100432850393,10800.0,10800.0,1640.72731746032,10800.0,0.00026149999757763,2.2737367544323206e-13,0,1.0,1.0
2025-09-11,mpc,error_scaled_frozen_contract_and_soc,47366.35007382528,42762.04726172885,4604.302812096433,66416.69135561865,59350.98391038054,7065.707445238096,3433.1896107539274,936.8548000000011,31,16,5159.479328735932,5254.566621023779,18493.39120113528,15049.976778609685,10800.0,10721.855660344327,1200.0,10800.0,1.0759596999996575,2.2737367544323206e-13,0,1.0,1.0
2025-09-12,greedy,error_scaled_frozen_contract_and_soc,22773.286685659168,22773.286685659168,0.0,38684.28211643628,31790.80086405533,6893.481252380954,3421.547601404919,0.0,0,0,4266.863798971192,18984.418346746737,20428.125109043976,16546.78133832562,10800.0,10800.0,1474.7610335006352,10800.0,0.000385499995900318,1.1368683772161603e-13,0,1.0,1.0
2025-09-12,mpc,error_scaled_frozen_contract_and_soc,26499.94739189882,22773.286685659168,3726.6607062396497,38684.28211643628,31790.80086405533,6893.481252380954,3421.547601404919,948.9726026419269,35,14,4556.282455640124,19823.315176190474,19577.478508645592,15875.477621397979,10800.0,10780.311078449951,1430.81064814815,10800.0,0.927052899991395,1.1368683772161603e-13,0,1.0,1.0
2025-09-13,greedy,error_scaled_frozen_contract_and_soc,22801.81121894093,22801.81121894093,0.0,38953.23326572811,32177.309260966205,6775.924004761906,3465.8901389777766,0.0,0,0,4242.845935067604,22866.32705157497,20194.519977643136,16357.561181890938,10800.0,10800.0,1789.5011580423259,10800.0,0.0009904000035021454,1.1368683772161603e-13,0,1.0,1.0
2025-09-13,mpc,error_scaled_frozen_contract_and_soc,26567.251852814734,22801.81121894093,3765.4406338738095,38953.23326572811,32177.309260966205,6775.924004761906,3465.8901389777766,875.9358809523809,34,10,4987.726365845832,23191.16051843858,19382.523439525106,15739.342660462367,10800.0,10756.112583947746,1523.0342085941652,10800.0,0.8260104000073625,1.1368683772161603e-13,0,1.0,1.0
2025-09-14,greedy,error_scaled_frozen_contract_and_soc,42548.47832507974,42548.47832507974,0.0,66471.1295498812,59906.075945119286,6565.053604761904,3534.8170305174604,0.0,0,0,2263.4449442386813,257.8041332157593,20266.082749614507,16415.527027187753,10800.0,10800.0,1469.3056016402115,10800.0,0.0002914000069722533,1.1368683772161603e-13,0,1.0,1.0
2025-09-14,mpc,error_scaled_frozen_contract_and_soc,55342.029616233645,42548.47832507974,12793.551291153908,66471.1295498812,59906.075945119286,6565.053604761904,3534.8170305174604,2230.5792442597326,41,16,2843.9435345400234,2606.7389499999995,17544.759302052735,14393.057742451827,10800.0,10597.99699134543,1200.0,10800.0,1.0701046000031056,1.1368683772161603e-13,0,1.0,1.0
2025-09-15,greedy,error_scaled_frozen_contract_and_soc,43651.141213414805,43651.141213414805,0.0,68169.34976386225,61241.74713052891,6927.602633333333,3374.097648620634,0.0,0,0,5414.595274897122,3752.4083833333334,20712.18669630772,16776.871224009254,10800.0,10800.0,1275.2396269841292,10800.0,0.00029739999445155263,1.1368683772161603e-13,0,1.0,1.0
2025-09-15,mpc,error_scaled_frozen_contract_and_soc,49975.950600743556,43651.141213414805,6324.809387328756,68169.34976386225,61241.74713052891,6927.602633333333,3374.097648620634,1338.9838414684,38,13,5103.013465298371,5753.639938988832,19171.82323120335,15587.173663493235,10800.0,10735.559059757206,1200.0,10800.0,1.0118059999949764,3.126388037344441e-13,0,1.0,1.0
2025-09-16,greedy,error_scaled_frozen_contract_and_soc,43445.80555635468,43445.80555635468,0.0,67330.09638324095,60392.08636181238,6938.01002142857,3353.5466992850793,0.0,0,0,2656.028815314515,1393.1129333333329,19943.07711189347,16153.89246063371,10800.0,10800.0,1358.815216931216,10800.0,0.0007079999923007563,1.1368683772161603e-13,0,1.0,1.0
2025-09-16,mpc,error_scaled_frozen_contract_and_soc,51773.96286525317,43445.80555635468,8328.157308898482,67330.09638324095,60392.08636181238,6938.01002142857,3353.5466992850793,1552.0358189131605,39,17,2948.125873051673,3083.4024333333336,18208.304177965838,14849.470265530075,10800.0,10688.062354024725,1200.0,10800.0,1.1623024000000441,2.2737367544323206e-13,0,1.0,1.0
2025-09-17,greedy,error_scaled_frozen_contract_and_soc,43803.8710279101,43803.8710279101,0.0,68502.02935162894,61397.987884962284,7104.041466666666,3345.7416682956346,0.0,0,0,4057.2476014991244,634.1369395943525,20265.928476502515,16415.402065967042,10800.0,10800.0,1476.7058888888907,10800.0,0.0008063999994192272,1.1368683772161603e-13,0,1.0,1.0
2025-09-17,mpc,error_scaled_frozen_contract_and_soc,50064.622074537954,43803.8710279101,6260.751046627854,68502.02935162894,61397.987884962284,7104.041466666666,3345.7416682956346,1178.5734333765809,36,12,4150.393324491957,2133.8716313168716,18808.32106893002,15372.101639733315,10800.0,10647.376029000003,1217.9388888888889,10800.0,1.1316494000056991,2.2737367544323206e-13,0,1.0,1.0
2025-09-18,greedy,error_scaled_frozen_contract_and_soc,43545.01433867389,43545.01433867389,0.0,67836.99849655578,60718.32801798436,7118.670478571428,3344.711830088412,0.0,0,0,3367.09874345863,1712.4431882874046,20027.27695877315,16225.871510630059,10800.0,10795.803139973545,1236.293563492065,10800.0,0.0007169000018620864,1.1368683772161603e-13,0,1.0,1.0
2025-09-18,mpc,error_scaled_frozen_contract_and_soc,51427.08391496531,43545.01433867389,7882.069576291417,67836.99849655578,60718.32801798436,7118.670478571428,3344.711830088412,1347.0449807694117,30,13,3415.139475662062,3360.036254068205,18512.962006027014,15060.145375098742,10800.0,10728.170944203488,1200.0,10800.0,0.9992286000051536,1.1368683772161603e-13,0,1.0,1.0
2025-09-19,greedy,error_scaled_frozen_contract_and_soc,23471.49786165161,23471.49786165161,0.0,40019.56377690402,32819.89049118974,7199.673285714286,3278.031452539205,0.0,0,0,4341.917165873013,15728.09635919957,20233.793479689317,16385.59554452454,10795.803139973545,10800.0,1778.3715712698395,10800.0,0.00034270000469405204,1.1368683772161603e-13,0,1.0,1.0
2025-09-19,mpc,error_scaled_frozen_contract_and_soc,28651.148960739756,23471.49786165161,5179.651099088153,40019.56377690402,32819.89049118974,7199.673285714286,3278.031452539205,1138.079907304313,38,12,4981.308643899729,16473.507840378556,19085.151660959807,15483.67677769642,10795.803139973545,10768.35432628579,1366.7026111111115,10799.99997215541,1.04839379999612,1.1368683772161603e-13,0,1.0,1.0
2025-09-20,greedy,error_scaled_frozen_contract_and_soc,23133.207800302953,23133.207800302953,0.0,39573.03992208837,32565.73614351695,7007.303778571428,3208.361373838531,0.0,0,0,4184.489751557902,15792.413067275485,20793.17563116661,16842.472261244955,10800.0,10800.0,1462.8499074074052,10800.0,0.00039939999987836927,1.1368683772161603e-13,0,1.0,1.0
2025-09-20,mpc,error_scaled_frozen_contract_and_soc,32084.632522625452,23133.207800302953,8951.424722322503,39573.03992208837,32565.73614351695,7007.303778571428,3208.361373838531,1753.1402061242343,36,13,4775.935034934995,17377.843243942672,18890.57068064614,15363.602564644532,10800.0,10730.844096309827,1281.562822751324,10800.0,1.0259535000077449,1.1368683772161603e-13,0,1.0,1.0
2025-09-21,greedy,error_scaled_frozen_contract_and_soc,45173.60380282851,45173.60380282851,0.0,70827.40522342833,63755.99686866641,7071.408354761906,3151.405941684483,0.0,0,0,5940.2543127572035,2977.317049999999,19064.9809333568,15442.634556019013,10800.0,10800.0,1340.7241005291005,10800.0,0.00039909999759402126,1.1368683772161603e-13,0,1.0,1.0
2025-09-21,mpc,error_scaled_frozen_contract_and_soc,48783.50900178933,45173.60380282851,3609.905198960828,70827.40522342833,63755.99686866641,7071.408354761906,3151.405941684483,740.6402319874014,27,10,6577.331359085323,3064.342713508786,19204.773392567513,15565.889493079228,10800.0,10788.863283222732,1200.0,10800.0,0.9671346999966772,2.2737367544323206e-13,0,1.0,1.0
2025-09-22,greedy,error_scaled_frozen_contract_and_soc,44603.13399616072,44603.13399616072,0.0,69937.23876455401,63070.11174788735,6867.127016666667,3192.382817850039,0.0,0,0,3038.001611787195,2524.7006999999994,19792.192470702612,16031.675901269122,10800.0,10800.0,1425.947386190481,10800.0,0.0008249999955296516,2.2737367544323206e-13,0,1.0,1.0
2025-09-22,mpc,error_scaled_frozen_contract_and_soc,52168.56441111427,44603.13399616072,7565.430414953545,69937.23876455401,63070.11174788735,6867.127016666667,3192.382817850039,1434.7643214285672,37,16,4502.08975351131,2810.261690476191,18475.88377688326,15030.252018221512,10800.0,10728.015378948816,1205.031481481482,10800.0,0.9857362000038847,2.2737367544323206e-13,0,1.0,1.0
2025-09-23,greedy,error_scaled_frozen_contract_and_soc,45554.479072420945,45554.479072420945,0.0,71627.96696480404,64883.19483623261,6744.772128571429,3240.7280806650783,0.0,0,0,3934.491996090534,1705.2494573486197,20376.894358060767,16505.28443002922,10800.0,10800.0,1351.1059876190477,10800.0,0.000717400005669333,2.2737367544323206e-13,0,1.0,1.0
2025-09-23,mpc,error_scaled_frozen_contract_and_soc,54951.06310307894,45554.479072420945,9396.584030658,71627.96696480404,64883.19483623261,6744.772128571429,3240.7280806650783,1729.7665553554552,35,15,5949.0975891495555,1786.3508999999988,18480.388334255127,14974.718886578527,10800.0,10793.772960186803,1232.871685185185,10800.0,1.0732764999993378,2.2737367544323206e-13,0,1.0,1.0
2025-09-24,greedy,error_scaled_frozen_contract_and_soc,45220.5207647978,45220.5207647978,0.0,71234.0608188967,64433.379206991944,6800.681611904763,3212.403541502499,0.0,0,0,3937.7695394140455,2306.17208583186,20667.863650793657,16740.96955714286,10800.0,10800.0,1500.316489417988,10800.0,0.0008105000015348196,1.1368683772161603e-13,0,1.0,1.0
2025-09-24,mpc,error_scaled_frozen_contract_and_soc,50997.26090659422,45220.5207647978,5776.7401417964265,71234.0608188967,64433.379206991944,6800.681611904763,3212.403541502499,1270.6897761904756,42,13,5044.60743864916,2740.0031038510865,19270.40796074897,15613.493008162037,10800.0,10795.04160004959,1200.0,10800.0,0.9887680000101682,2.2737367544323206e-13,0,1.0,1.0
2025-09-25,greedy,error_scaled_frozen_contract_and_soc,45402.604719740506,45402.604719740506,0.0,71042.45664043503,64451.32243805407,6591.134202380954,3150.7444695545228,0.0,0,0,4238.089615432101,2653.260816666667,20082.406885980326,16266.749577644066,10800.0,10800.0,1510.211590026457,10800.0,0.0004411999980220571,1.4921397450962104e-13,0,1.0,1.0
2025-09-25,mpc,error_scaled_frozen_contract_and_soc,51114.28219173501,45402.604719740506,5711.677471994501,71042.45664043503,64451.32243805407,6591.134202380954,3150.7444695545228,1240.593977484731,38,16,5462.720307260758,2997.7791614289504,18831.427108913198,15344.324859683144,10800.0,10699.034553929494,1221.8218148148146,10800.0,0.9948204000102123,2.2737367544323206e-13,0,1.0,1.0
2025-09-26,greedy,error_scaled_frozen_contract_and_soc,23353.827473105644,23353.827473105644,0.0,40036.43295086977,33355.04575325072,6681.387197619048,3113.442867245754,0.0,0,0,4535.22271124428,14070.353833333333,19666.383717327146,15929.770811034989,10800.0,10800.0,1883.0600820105813,10800.0,0.0004209000035189092,1.1368683772161603e-13,0,1.0,1.0
2025-09-26,mpc,error_scaled_frozen_contract_and_soc,25159.06736273541,23353.827473105644,1805.239889629762,40036.43295086977,33355.04575325072,6681.387197619048,3113.442867245754,430.98436428571443,22,10,4995.858871978378,14118.68855149793,19574.00292499105,15915.376533311872,10800.0,10732.85092881209,1247.1898306878322,10800.0,1.1396869999880437,1.1368683772161603e-13,0,1.0,1.0
2025-09-27,greedy,error_scaled_frozen_contract_and_soc,23356.35341644251,23356.35341644251,0.0,39978.66456984139,33309.99310079377,6668.671469047619,3211.4105327946427,0.0,0,0,3238.8605842445613,14903.830499010539,21235.111771506803,17200.44053492051,10800.0,10800.0,1496.8794973280428,10800.0,0.0006048999930499122,1.1368683772161603e-13,0,1.0,1.0
2025-09-27,mpc,error_scaled_frozen_contract_and_soc,37071.25054182594,23356.35341644251,13714.897125383428,39978.66456984139,33309.99310079377,6668.671469047619,3211.4105327946427,2682.2570999457344,45,15,4428.146071801342,17124.469635833604,18023.818094746006,14716.814382593828,10800.0,10669.420304611596,1229.8740899470897,10800.0,0.8688695000018924,1.1368683772161603e-13,0,1.0,1.0
2025-09-28,greedy,error_scaled_frozen_contract_and_soc,45936.013922620405,45936.013922620405,0.0,72086.65679717762,65383.4946733681,6703.162123809524,3050.425883550595,0.0,0,0,4317.62744126984,317.46225000000004,20862.831259163795,16898.893319922674,10800.0,10800.0,1529.9322433862421,10800.0,0.00031879999733064324,2.2737367544323206e-13,0,1.0,1.0
2025-09-28,mpc,error_scaled_frozen_contract_and_soc,55377.55474168009,45936.013922620405,9441.540819059688,72086.65679717762,65383.4946733681,6703.162123809524,3050.425883550595,1779.9917053131485,37,11,5479.499584693415,1514.5171999999993,18603.386958597363,15218.384407466667,10800.0,10633.732254441333,1206.0768888888888,10800.0,1.1772634999942966,2.2737367544323206e-13,0,1.0,1.0
2025-09-29,greedy,error_scaled_frozen_contract_and_soc,46697.916325211365,46697.916325211365,0.0,73368.94636397372,66547.2534401642,6821.692923809524,2954.3690488812304,0.0,0,0,5157.836931657848,1581.3867999999995,20367.531749030954,16497.700716715073,10800.0,10800.0,1312.8274100529145,10800.0,0.0005823999963467941,1.1368683772161603e-13,0,1.0,1.0
2025-09-29,mpc,error_scaled_frozen_contract_and_soc,51602.738489851894,46697.916325211365,4904.822164640531,73368.94636397372,66547.2534401642,6821.692923809524,2954.3690488812304,959.5314501666749,34,12,6179.937252731275,1834.5637,19234.772310538603,15680.687049129472,10800.0,10688.309469340882,1200.0,10800.0,0.9912222999992082,2.2737367544323206e-13,0,1.0,1.0
2025-09-30,greedy,error_scaled_frozen_contract_and_soc,47271.180492264255,47196.58393836664,74.59655389761954,73630.46911423956,66835.54411900145,6794.924995238094,2977.2340101192067,11.040709523809596,1,1,3506.3001325396654,696.454460052912,21139.897181600638,17123.316717096513,10800.0,10800.0,1545.7717248677222,10800.0,0.0002558999985922128,1.5276668818842154e-13,0,1.0,1.0
2025-09-30,mpc,error_scaled_frozen_contract_and_soc,58631.77930827213,47196.58393836664,11435.195369905483,73630.46911423956,66835.54411900145,6794.924995238094,2977.2340101192067,2212.3986012995106,47,16,5603.7518684155675,1379.6745976190464,18518.957712920506,15081.691230082717,10800.0,10709.627241536551,1233.0796296296298,10800.0,1.0753832000045804,2.2737367544323206e-13,0,1.0,1.0
2025-10-01,greedy,error_scaled_frozen_contract_and_soc,47102.49699559575,47102.49699559575,0.0,74124.15897640529,67162.50230259578,6961.656673809524,2911.490906224167,0.0,0,0,13498.695306711006,7703.107394914757,17162.288112874776,13901.453371428572,10800.0,10800.0,2378.193732804233,10800.0,0.0003279999946244061,1.1368683772161603e-13,0,1.0,1.0
2025-10-01,mpc,error_scaled_frozen_contract_and_soc,47383.57454227671,47102.49699559575,281.0775466809529,74124.15897640529,67162.50230259578,6961.656673809524,2911.490906224167,95.90881428571448,7,6,13832.06441440259,7133.439007596219,18910.754834520325,15317.711999161453,10800.0,10799.999352000017,1931.7170716431774,10800.0,0.9987767999991775,2.2737367544323206e-13,0,1.0,1.0
2025-10-02,greedy,error_scaled_frozen_contract_and_soc,46333.4057209286,46333.4057209286,0.0,72563.62400611572,65617.49982992523,6946.124176190477,2919.3326498944043,0.0,0,0,11696.646597003439,5693.239083333334,18120.816890064663,14677.86168095238,10800.0,10800.0,2436.416394179896,10800.0,0.0006712000031257048,1.1368683772161603e-13,0,1.0,1.0
2025-10-02,mpc,error_scaled_frozen_contract_and_soc,46895.14498740954,46333.4057209286,561.7392664809513,72563.62400611572,65617.49982992523,6946.124176190477,2919.3326498944043,195.64720238095185,10,5,12477.755203731387,4977.157961283195,18877.85145940401,15304.276532588585,10800.0,10785.314610587402,1980.8231957756343,10800.0,1.0329327999934321,2.2737367544323206e-13,0,1.0,1.0
2025-10-03,greedy,error_scaled_frozen_contract_and_soc,23177.227576465935,23177.227576465935,0.0,39889.234961129274,32902.59686351022,6986.6380976190485,2906.878992043849,0.0,0,0,7623.700027454439,20924.415853392988,18547.186212009718,15023.220831727871,10800.0,10800.0,2360.852525196544,10800.0,0.00040550000267103314,1.1368683772161603e-13,0,1.0,1.0
2025-10-03,mpc,error_scaled_frozen_contract_and_soc,24102.30073910641,23177.227576465935,925.0731626404768,39889.234961129274,32902.59686351022,6986.6380976190485,2906.878992043849,318.9430928571431,17,6,8662.76360408785,20133.54037955204,18919.583454455347,15324.863084108823,10800.0,10799.999460000012,2215.1487261489274,10800.0,1.030523000008543,1.1368683772161603e-13,0,1.0,1.0
2025-10-04,greedy,error_scaled_frozen_contract_and_soc,24226.506819346745,24226.506819346745,0.0,41263.431303738005,34248.715294214206,7014.7160095238105,2902.5377871803566,0.0,0,0,7746.13477266314,16885.227267519003,18610.98331696071,15074.896486738176,10800.0,10800.0,1918.5292186242486,10800.0,0.0003825999883702025,1.1368683772161603e-13,0,1.0,1.0
2025-10-04,mpc,error_scaled_frozen_contract_and_soc,25961.945169524126,24226.506819346745,1735.4383501773812,41263.431303738005,34248.715294214206,7014.7160095238105,2902.5377871803566,475.6425928571429,15,6,7988.321970008255,17090.877442719433,18757.32913965326,15193.437089119128,10800.0,10799.999460000012,2136.756344259168,10800.0,0.9770476999983657,1.1368683772161603e-13,0,1.0,1.0
2025-10-05,greedy,error_scaled_frozen_contract_and_soc,45078.37184755579,45078.37184755579,0.0,70565.3655464919,63495.26405363475,7070.101492857144,2884.046573928651,0.0,0,0,8299.365525563047,4050.1549999999997,18315.17870664315,14835.294752380953,10800.0,10800.0,2455.6067751322767,10800.0,0.00046890000521671027,1.1368683772161603e-13,0,1.0,1.0
2025-10-05,mpc,error_scaled_frozen_contract_and_soc,46204.92468024984,45078.37184755579,1126.5528326940473,70565.3655464919,63495.26405363475,7070.101492857144,2884.046573928651,287.44329285714264,14,6,8777.07850047432,3769.4227594903964,18791.299993250846,15220.953480533177,10800.0,10799.999460000012,2031.9026890267787,10800.0,1.1199742000026163,2.2737367544323206e-13,0,1.0,1.0
2025-10-06,greedy,error_scaled_frozen_contract_and_soc,45321.26841693552,45321.26841693552,0.0,70438.65505250404,63363.103623932606,7075.551428571429,2889.589141006706,0.0,0,0,7081.399223521093,2090.0903,18600.296205173425,15066.239926190476,10800.0,10800.0,2326.006915343917,10800.0,0.0004952000017510727,2.2737367544323206e-13,0,1.0,1.0
2025-10-06,mpc,error_scaled_frozen_contract_and_soc,46365.060002424805,45321.26841693552,1043.791585489286,70438.65505250404,63363.103623932606,7075.551428571429,2889.589141006706,264.30069047619054,13,7,6109.614941655289,3249.2722499999995,19027.21410608685,15416.254804761902,10800.0,10795.320690187162,1639.5645774476313,10800.0,1.1670982000068761,2.2737367544323206e-13,0,1.0,1.0
2025-10-07,greedy,error_scaled_frozen_contract_and_soc,44879.471647150065,44879.471647150065,0.0,69900.120997285,62892.32418538023,7007.796811904762,2889.099475697103,0.0,0,0,7073.681516215049,1379.422794650202,19344.493086419752,15669.0394,10800.0,10800.0,1737.456880185184,10800.0,0.0004467999970074743,1.1368683772161603e-13,0,1.0,1.0
2025-10-07,mpc,error_scaled_frozen_contract_and_soc,48912.294759402444,44879.471647150065,4032.823112252378,69900.120997285,62892.32418538023,7007.796811904762,2889.099475697103,828.5157642857135,23,7,6848.628846266888,2519.8347384196277,18887.425053074676,15298.814876190474,10800.0,10799.999352000017,1849.5077275132292,10800.0,1.122726400004467,2.2737367544323206e-13,0,1.0,1.0
2025-10-08,greedy,error_scaled_frozen_contract_and_soc,41116.03743873912,41116.03743873912,0.0,65671.4385672029,58606.04443625052,7065.394130952381,2840.33903894996,0.0,0,0,3551.778759001843,1678.8867868606715,20854.091340388008,16891.813985714285,10800.0,10800.0,1441.493999391534,10800.0,0.0004335999983595684,1.1368683772161603e-13,0,1.0,1.0
2025-10-08,mpc,error_scaled_frozen_contract_and_soc,48615.34024372898,41116.03743873912,7499.302804989866,65671.4385672029,58606.04443625052,7065.394130952381,2840.33903894996,1467.6678939908702,31,8,3801.597694724807,3215.345481138186,19177.20055086372,15533.532932199607,10800.0,10799.999460000012,1200.0,10800.0,1.1742779999913182,4.547473508864641e-13,0,1.0,1.0
2025-10-09,greedy,error_scaled_frozen_contract_and_soc,41553.560359860574,41553.560359860574,0.0,66470.70306236047,59569.20521712238,6901.497845238095,2730.1529022600403,0.0,0,0,3575.746176205272,3271.4247333333324,20334.47615520282,16470.925685714286,10800.0,10800.0,1363.4209372222242,10800.0,0.0005009000014979392,1.1368683772161603e-13,0,1.0,1.0
2025-10-09,mpc,error_scaled_frozen_contract_and_soc,46416.34842796325,41553.560359860574,4862.7880681026745,66470.70306236047,59569.20521712238,6901.497845238095,2730.1529022600403,931.9328810146008,32,11,4591.302130383481,3375.8477223816435,19345.0539119763,15669.54950469969,10800.0,10799.93796000124,1200.0,10800.0,1.1046968000009656,2.2737367544323206e-13,0,1.0,1.0
2025-10-10,greedy,error_scaled_frozen_contract_and_soc,20631.806120904464,20631.806120904464,0.0,37140.35217305197,30371.032537337684,6769.319635714285,2754.0349878194843,0.0,0,0,3214.2474663433354,20701.179396595617,20427.970491822955,16546.656098376603,10800.0,10800.0,1670.3580805026477,10800.0,0.0004284000024199486,1.1368683772161603e-13,0,1.0,1.0
2025-10-10,mpc,error_scaled_frozen_contract_and_soc,24185.656550074702,20631.806120904464,3553.850429170238,37140.35217305197,30371.032537337684,6769.319635714285,2754.0349878194843,887.586430952381,42,15,4649.065677038789,20407.863099667768,19546.211256626775,15918.81234599565,10800.0,10704.0208576356,1250.765097684796,10800.0,1.1227838000049815,1.1368683772161603e-13,0,1.0,1.0
2025-10-11,greedy,error_scaled_frozen_contract_and_soc,21004.969795865567,21004.969795865567,0.0,38030.57832077572,31500.58696125191,6529.991359523807,2503.5987604614297,0.0,0,0,3661.003221222809,16466.709841410637,19981.850920047033,16185.299245238095,10800.0,10800.0,1491.475894179895,10800.0,0.00039960000140126795,1.1368683772161603e-13,0,1.0,1.0
2025-10-11,mpc,error_scaled_frozen_contract_and_soc,24540.201620953023,21004.969795865567,3535.231825087453,38030.57832077572,31500.58696125191,6529.991359523807,2503.5987604614297,657.0160678778583,29,13,4472.902374106459,16413.40217756202,19484.413628631046,15789.437374979285,10800.0,10792.152960235404,1225.5156455026467,10800.0,1.0070144000055734,1.1368683772161603e-13,0,1.0,1.0
2025-10-12,greedy,error_scaled_frozen_contract_and_soc,42225.51877498702,42225.51877498702,0.0,67466.03420046369,60813.07997903512,6652.954221428568,2417.824016963017,0.0,0,0,3565.996971369783,1548.0316666666672,20194.99778470483,16357.948205610915,10800.0,10800.0,1351.7426298412702,10800.0,0.0004419000033522025,1.1368683772161603e-13,0,1.0,1.0
2025-10-12,mpc,error_scaled_frozen_contract_and_soc,51049.072707702,42225.51877498702,8823.553932714982,67466.03420046369,60813.07997903512,6652.954221428568,2417.824016963017,1454.3836961772345,30,11,3926.831018577307,2999.59865,18472.666604163973,14993.63435943368,10800.0,10765.806211043482,1211.8018518518518,10800.0,1.1164290999877267,4.547473508864641e-13,0,1.0,1.0
2025-10-13,greedy,error_scaled_frozen_contract_and_soc,42819.72407344687,42819.72407344687,0.0,68329.9710602006,61637.92125543869,6692.049804761904,2380.2311676159134,0.0,0,0,4689.084908788945,2809.986600587889,20018.443425388225,16214.939174564463,10800.0,10800.0,1472.9097486772482,10800.0,0.0002646000066306442,1.1368683772161603e-13,0,1.0,1.0
2025-10-13,mpc,error_scaled_frozen_contract_and_soc,46733.113592490874,42819.72407344687,3913.3895190440107,68329.9710602006,61637.92125543869,6692.049804761904,2380.2311676159134,704.2887949860285,26,11,4591.560413092666,3749.210266666666,19295.233481196203,15629.139605768909,10800.0,10799.999460000012,1200.0,10800.0,0.975849800001015,2.2737367544323206e-13,0,1.0,1.0
2025-10-14,greedy,error_scaled_frozen_contract_and_soc,42342.42069934457,42342.42069934457,0.0,67662.83204901649,61023.86252758793,6638.96952142857,2347.4402849338894,0.0,0,0,2318.0819353321585,544.8307945914247,21189.947556629384,17163.857520869802,10800.0,10800.0,1424.8849412169316,10800.0,0.000797400003648363,1.1368683772161603e-13,0,1.0,1.0
2025-10-14,mpc,error_scaled_frozen_contract_and_soc,55352.68811300883,42342.42069934457,13010.267413664262,67662.83204901649,61023.86252758793,6638.96952142857,2347.4402849338894,2339.544966488916,47,11,3331.048785629694,2510.3632333333335,18297.309874732797,14910.174161523744,10800.0,10700.718707788685,1200.0,10800.0,1.2563862999959383,2.2737367544323206e-13,0,1.0,1.0
2025-10-15,greedy,error_scaled_frozen_contract_and_soc,42572.828528432874,42572.828528432874,0.0,67857.80737100467,61393.90627338563,6463.901097619047,2383.1624377083726,0.0,0,0,2010.8387391534368,0.0,20668.13148342758,16741.18650157634,10800.0,10800.0,1520.081354391535,10800.0,0.0004321000014897436,1.1368683772161603e-13,0,1.0,1.0
2025-10-15,mpc,error_scaled_frozen_contract_and_soc,57310.38950960897,42572.828528432874,14737.560981176084,67857.80737100467,61393.90627338563,6463.901097619047,2383.1624377083726,2504.99130468998,33,14,2907.579774639212,2170.6298166666666,17716.86591222752,14352.300477838739,10800.0,10798.178790072838,1200.0,10800.0,1.128359399997862,2.2737367544323206e-13,0,1.0,1.0
2025-10-16,greedy,error_scaled_frozen_contract_and_soc,47589.00479295604,43335.049726941055,4253.9550660149835,68815.09880206763,62238.7336734962,6576.365128571428,2455.2637875942855,609.7986046466433,1,1,1759.3480495590773,655.5970333333328,21281.470388536156,17237.991014714287,10800.0,10800.0,1200.0,10800.0,0.0007496000034734607,2.2737367544323206e-13,0,1.0,1.0
2025-10-16,mpc,error_scaled_frozen_contract_and_soc,62991.01960711532,43335.049726941055,19655.969880174263,68815.09880206763,62238.7336734962,6576.365128571428,2455.2637875942855,3625.440822441884,45,12,3311.587618301751,2814.6518666666666,17645.934653126817,14298.107463585711,10800.0,10794.555117163345,1219.9487777777774,10800.0,0.9962289000104647,2.2737367544323206e-13,0,1.0,1.0
2025-10-17,greedy,error_scaled_frozen_contract_and_soc,21605.846384954562,21605.846384954562,0.0,38664.81656794344,32027.86504889582,6636.9515190476195,2506.456637620555,0.0,0,0,4224.73474109347,14654.478714127705,19902.125242397873,16120.721446342275,10800.0,10800.0,1631.4696284126953,10800.0,0.0004845999937970191,1.1368683772161603e-13,0,1.0,1.0
2025-10-17,mpc,error_scaled_frozen_contract_and_soc,25378.6799060974,21605.846384954562,3772.8335211428357,38664.81656794344,32027.86504889582,6636.9515190476195,2506.456637620555,724.6399321395993,23,15,4058.1374808303326,15673.347073559305,19356.649176562743,15702.876547536009,10800.0,10773.343650533125,1200.0,10800.0,1.145984500006307,1.1368683772161603e-13,0,1.0,1.0
2025-10-18,greedy,error_scaled_frozen_contract_and_soc,21589.131362585194,21589.131362585194,0.0,38509.94789558935,31971.56945511316,6538.378440476192,2482.781738271189,0.0,0,0,4061.90957136831,14659.108566666664,19538.61310993533,15826.276619047618,10800.0,10800.0,2073.702812169314,10800.0,0.0002722000062931329,1.1368683772161603e-13,0,1.0,1.0
2025-10-18,mpc,error_scaled_frozen_contract_and_soc,26134.950019088905,21589.131362585194,4545.818656503709,38509.94789558935,31971.56945511316,6538.378440476192,2482.781738271189,984.52347855704,23,12,3839.3809473301885,16044.341292867837,18866.816869677044,15332.661002395342,10800.0,10743.845180047845,1200.0,10800.0,1.0408973000012338,1.1368683772161603e-13,0,1.0,1.0
2025-10-19,greedy,error_scaled_frozen_contract_and_soc,46542.26968751609,44730.82991377739,1811.4397737386998,71394.55904646474,64860.819329798076,6533.739716666667,2443.676969922738,262.4683220000047,2,1,2710.577387330985,1017.9407455320397,21277.824748781004,17235.03804651261,10800.0,10800.0,1200.0,10800.0,0.0006338999955914915,1.1368683772161603e-13,0,1.0,1.0
2025-10-19,mpc,error_scaled_frozen_contract_and_soc,57594.0016638705,44730.82991377739,12863.171750093112,71394.55904646474,64860.819329798076,6533.739716666667,2443.676969922738,2498.2462341830164,50,18,4319.078332030757,2127.2028666666665,18741.06334008946,15180.261791472454,10800.0,10799.999460000012,1200.0,10800.0,1.0722793000022648,1.1368683772161603e-13,0,1.0,1.0
2025-10-20,greedy,error_scaled_frozen_contract_and_soc,45553.33195926644,45358.75830151472,194.57365775172326,72151.45863970749,65566.4253539932,6585.033285714284,2358.7170343346834,40.62442154761845,2,1,3602.892849588476,86.39923333333309,21378.992692982287,17316.98408131565,10800.0,10800.0,1200.0,10800.0,0.00042860000394284725,1.1368683772161603e-13,0,1.0,1.0
2025-10-20,mpc,error_scaled_frozen_contract_and_soc,54186.72439981519,45358.75830151472,8827.966098300474,72151.45863970749,65566.4253539932,6585.033285714284,2358.7170343346834,1709.9251310082618,41,13,4452.402118622785,1307.1494666666674,19444.23083347179,15783.181014712154,10800.0,10762.939956000006,1225.1914259259274,10800.0,1.0617262000014307,2.2737367544323206e-13,0,1.0,1.0
2025-10-21,greedy,error_scaled_frozen_contract_and_soc,46086.2018953668,46086.2018953668,0.0,73502.24367482154,66942.07826053585,6560.165414285714,2308.9285754739685,0.0,0,0,3055.722096119932,0.0,20968.106466850717,16984.166238149082,10800.0,10800.0,1582.030481481482,10800.0,0.0006198000046424568,1.1368683772161603e-13,0,1.0,1.0
2025-10-21,mpc,error_scaled_frozen_contract_and_soc,54823.055551595025,46086.2018953668,8736.85365622822,73502.24367482154,66942.07826053585,6560.165414285714,2308.9285754739685,1640.7781820333335,35,11,4352.592260533626,729.270804979429,19100.57141174331,15501.993970401465,10800.0,10766.076525678469,1253.9435158730175,10800.0,1.106847299990477,2.2737367544323206e-13,0,1.0,1.0
2025-10-22,greedy,error_scaled_frozen_contract_and_soc,48138.29823143269,46244.72960278269,1893.5686286500008,73830.3093896807,67141.13495158547,6689.174438095238,2257.328809043651,395.1656620000002,5,1,4047.910365106923,583.4358333333365,21259.11659600235,17219.884442761904,10800.0,10800.0,1200.0,10800.0,0.0006554999999934807,2.2737367544323206e-13,0,1.0,1.0
2025-10-22,mpc,error_scaled_frozen_contract_and_soc,55835.045052556496,46244.72960278269,9590.315449773809,73830.3093896807,67141.13495158547,6689.174438095238,2257.328809043651,1856.086351319219,34,11,5172.3515255537895,1209.1558978828864,19777.47037425625,16027.478756693,10800.0,10791.413607171735,1218.2562222222227,10800.0,1.1408697000006214,2.2737367544323206e-13,0,1.0,1.0
2025-10-23,greedy,error_scaled_frozen_contract_and_soc,47093.702619503674,47093.702619503674,0.0,74733.27715085003,67985.64148418335,6747.635666666667,2270.035947595992,0.0,0,0,6120.446867048794,1332.4472666666666,20530.978862111777,16630.09287831054,10800.0,10800.0,1525.0432380952361,10800.0,0.00043539999751374125,1.1368683772161603e-13,0,1.0,1.0
2025-10-23,mpc,error_scaled_frozen_contract_and_soc,51792.11581778995,47093.702619503674,4698.413198286267,74733.27715085003,67985.64148418335,6747.635666666667,2270.035947595992,911.3219003893635,29,12,6144.071976757683,2554.521066666668,19405.088050021935,15838.579075540223,10800.0,10666.158049975049,1242.5198148148152,10800.0,1.4407228000054602,2.2737367544323206e-13,0,1.0,1.0
2025-10-24,greedy,error_scaled_frozen_contract_and_soc,21902.11447396098,21902.11447396098,0.0,39023.37647959759,32415.121265311875,6608.255214285713,2314.399745760556,0.0,0,0,3473.833326484424,13209.678950502606,20630.59729444154,16710.783808497647,10800.0,10800.0,1437.9743320105838,10800.0,0.0003572999994503334,1.1368683772161603e-13,0,1.0,1.0
2025-10-24,mpc,error_scaled_frozen_contract_and_soc,27495.35062815101,21902.11447396098,5593.236154190028,39023.37647959759,32415.121265311875,6608.255214285713,2314.399745760556,1200.552464472481,41,17,4078.937325842828,14087.994215532563,19402.337934815085,15765.391248787071,10800.0,10745.002753792389,1249.4131613756626,10800.0,1.3195351000031224,2.2737367544323206e-13,0,1.0,1.0
2025-10-25,greedy,error_scaled_frozen_contract_and_soc,21918.109285393362,21918.109285393362,0.0,39205.496668345986,32623.274594536466,6582.222073809522,2326.929367033573,0.0,0,0,3355.2150656084664,12584.188673501816,20356.10629422305,16488.446098320674,10800.0,10800.0,1294.547334338624,10800.0,0.0007642999989911914,1.1368683772161603e-13,0,1.0,1.0
2025-10-25,mpc,error_scaled_frozen_contract_and_soc,26388.19082247973,21918.109285393362,4470.081537086371,39205.496668345986,32623.274594536466,6582.222073809522,2326.929367033573,932.6435566422447,36,13,3820.8421525202475,13240.926262129538,19526.263335350213,15848.324258345097,10800.0,10764.387825876198,1200.0,10800.0,1.2450909000035608,1.1368683772161603e-13,0,1.0,1.0
2025-10-26,greedy,error_scaled_frozen_contract_and_soc,47811.386656930576,47811.386656930576,0.0,75753.33514264342,69147.01568788153,6606.319454761904,2271.1908744996035,0.0,0,0,6165.608802704288,1380.8473833333328,19276.668104942895,15614.101165003749,10800.0,10800.0,1716.2297513227518,10800.0,0.00046290000318549573,1.1368683772161603e-13,0,1.0,1.0
2025-10-26,mpc,error_scaled_frozen_contract_and_soc,49558.47889377805,47811.386656930576,1747.0922368474626,75753.33514264342,69147.01568788153,6606.319454761904,2271.1908744996035,359.4469225109833,24,16,6452.980560674578,1397.8848263785983,19578.32114678448,15860.716485349909,10800.0,10797.470715050584,1302.9741322751324,10800.0,1.4443353000096977,2.2737367544323206e-13,0,1.0,1.0
2025-10-27,greedy,error_scaled_frozen_contract_and_soc,47660.34900441864,47660.34900441864,0.0,75700.90979807102,69208.38684807104,6492.522949999999,2231.9811451516675,0.0,0,0,6268.545837330984,2057.3506892122246,20118.061078216608,16295.629473355453,10800.0,10800.0,1476.0528320899489,10800.0,0.0006423000013455749,2.2737367544323206e-13,0,1.0,1.0
2025-10-27,mpc,error_scaled_frozen_contract_and_soc,54484.995937087784,47660.34900441864,6824.646932669141,75700.90979807102,69208.38684807104,6492.522949999999,2231.9811451516675,1307.540310829365,38,13,7336.967147240106,2504.0687118871265,19158.494621823058,15543.662038716564,10800.0,10771.909561066792,1206.345777777778,10800.0,1.4579564000014216,2.2737367544323206e-13,0,1.0,1.0
2025-10-28,greedy,error_scaled_frozen_contract_and_soc,47321.47266468915,47321.47266468915,0.0,75358.70216602224,69016.33370173653,6342.368464285714,2155.8738135367853,0.0,0,0,4858.724100999414,587.166881893004,20738.892016472782,16798.502533342955,10800.0,10800.0,1453.8112742592598,10800.0,0.0004157999937888235,1.1368683772161603e-13,0,1.0,1.0
2025-10-28,mpc,error_scaled_frozen_contract_and_soc,55401.096522862514,47321.47266468915,8079.623858173361,75358.70216602224,69016.33370173653,6342.368464285714,2155.8738135367853,1452.8402390696879,33,17,5681.20099435518,1567.6009822868941,19068.360075104076,15478.04134665422,10800.0,10763.700349088984,1207.660097883598,10800.0,1.3332806000107666,2.2737367544323206e-13,0,1.0,1.0
2025-10-29,greedy,error_scaled_frozen_contract_and_soc,47350.657153303466,47350.657153303466,0.0,75025.76444658234,68830.59812991566,6195.166316666667,2230.307626822618,0.0,0,0,1587.7682406231604,0.0,21714.417926100923,17588.67852014175,10800.0,10800.0,1399.5658492063515,10800.0,0.00035859999479725957,1.1368683772161603e-13,0,1.0,1.0
2025-10-29,mpc,error_scaled_frozen_contract_and_soc,60328.88959785889,47350.657153303466,12978.232444555422,75025.76444658234,68830.59812991566,6195.166316666667,2230.307626822618,2425.713643133213,42,13,4153.128195651262,442.8298166666666,18816.483840120443,15273.220562722821,10800.0,10764.590386416374,1200.0,10800.0,1.331184500013478,1.1368683772161603e-13,0,1.0,1.0
2025-10-30,greedy,error_scaled_frozen_contract_and_soc,47440.11028935315,47440.11028935315,0.0,75330.8500409315,68949.04597188387,6381.804069047619,2192.001944521269,0.0,0,0,5008.270194444455,1659.5279,20395.96998151081,16520.73568502376,10800.0,10800.0,1420.078424100531,10800.0,0.0013971000007586554,1.1368683772161603e-13,0,1.0,1.0
2025-10-30,mpc,error_scaled_frozen_contract_and_soc,52149.54340766232,47440.11028935315,4709.4331183091745,75330.8500409315,68949.04597188387,6381.804069047619,2192.001944521269,928.5203488642752,32,14,6025.611006425844,1738.5872276635564,19675.161575199192,15967.80706949282,10800.0,10765.637562687252,1245.9106375661386,10800.0,1.4345629000017652,2.2737367544323206e-13,0,1.0,1.0
2025-10-31,greedy,error_scaled_frozen_contract_and_soc,22393.925860719988,22393.925860719988,0.0,39777.52021905631,33616.74070000868,6160.779519047621,2313.4649255526174,0.0,0,0,3436.375119763815,8608.59605,20148.720961188566,16320.463978562739,10800.0,10800.0,1646.4560026455008,10800.0,0.00041629999759607017,1.1368683772161603e-13,0,1.0,1.0
2025-10-31,mpc,error_scaled_frozen_contract_and_soc,29681.92938147358,22393.925860719988,7288.003520753591,39777.52021905631,33616.74070000868,6160.779519047621,2313.4649255526174,1413.1131934295183,29,13,3505.654327897247,10226.839783874333,18782.653326323656,15228.80609227608,10800.0,10783.492335606763,1200.0,10800.0,0.9446141999942483,1.1368683772161603e-13,0,1.0,1.0
2025-11-01,greedy,error_scaled_frozen_contract_and_soc,22534.255630120046,22534.255630120046,0.0,40019.47477706321,33530.666031825116,6488.808745238095,2210.9040837983325,0.0,0,0,4067.5237780027965,9598.885699999999,20047.50981961625,16238.482953889164,10800.0,10800.0,1819.030351234263,10800.0,0.00037769999471493065,1.1368683772161603e-13,0,1.0,1.0
2025-11-01,mpc,error_scaled_frozen_contract_and_soc,27726.325273824492,22534.255630120046,5192.069643704448,40019.47477706321,33530.666031825116,6488.808745238095,2210.9040837983325,1196.1203520480822,31,14,3771.884680952369,11287.502917156802,19011.418861414633,15399.249763745844,10800.0,10799.999460000012,1200.0,10800.0,1.1003538000077242,1.1368683772161603e-13,0,1.0,1.0
2025-11-02,greedy,error_scaled_frozen_contract_and_soc,49101.42028954887,48662.99881414622,438.42147540265063,77331.38349639978,70741.49922259025,6589.884273809523,2158.5864599603165,62.847115166664366,1,1,4085.546585067608,441.76131037624714,21423.888330469814,17353.349547680547,10800.0,10800.0,1200.0,10800.0,0.00034249998861923814,2.2737367544323206e-13,0,1.0,1.0
2025-11-02,mpc,error_scaled_frozen_contract_and_soc,56030.48018382964,48662.99881414622,7367.481369683419,77331.38349639978,70741.49922259025,6589.884273809523,2158.5864599603165,1403.3355397542105,38,12,5361.874758381261,821.2470666666666,19846.67325086574,16091.459973093006,10800.0,10782.605955675828,1200.0,10800.0,1.1293376999965403,2.2737367544323206e-13,0,1.0,1.0
2025-11-03,greedy,error_scaled_frozen_contract_and_soc,49477.68392137831,49477.68392137831,0.0,78423.02759315632,71739.71783125155,6683.30976190476,2126.940651025079,0.0,0,0,4467.208447031165,627.5475499999991,20122.84901469384,16299.507701902014,10800.0,10800.0,1656.1899112698443,10800.0,0.0005043999990448356,1.4210854715202004e-13,0,1.0,1.0
2025-11-03,mpc,error_scaled_frozen_contract_and_soc,52397.66903890039,49477.68392137831,2919.9851175220783,78423.02759315632,71739.71783125155,6683.30976190476,2126.940651025079,598.3400510058273,23,14,5372.065752539567,386.10773333333304,20024.053656804484,16265.789781848567,10800.0,10748.548533514515,1238.326629629631,10800.0,1.4448740000079852,1.1368683772161603e-13,0,1.0,1.0
2025-11-04,greedy,error_scaled_frozen_contract_and_soc,49767.25100969449,49767.25100969449,0.0,79115.04019740419,72295.72931883277,6819.310878571429,2088.4733752352768,0.0,0,0,6275.793827572019,1329.9419709876533,20680.170344795766,16750.937979284572,10800.0,10800.0,1221.309194576721,10800.0,0.0008372000011149794,1.1368683772161603e-13,0,1.0,1.0
2025-11-04,mpc,error_scaled_frozen_contract_and_soc,52933.6960032222,49767.25100969449,3166.4449935277,79115.04019740419,72295.72931883277,6819.310878571429,2088.4733752352768,630.3668702698453,33,12,7743.339361891802,582.8757655204788,20401.94733975268,16562.827432824248,10800.0,10758.611013750471,1202.2783148148155,10800.0,1.1495923000038601,2.2737367544323206e-13,0,1.0,1.0
2025-11-05,greedy,error_scaled_frozen_contract_and_soc,50250.762549035615,50250.762549035615,0.0,79605.05630321268,72763.95455083172,6841.101752380952,2078.6035962876977,0.0,0,0,5055.283668959433,842.1777999999995,21208.288250455647,17178.713482869076,10800.0,10800.0,1671.4378915343905,10800.0,0.0005108000041218475,1.1368683772161603e-13,0,1.0,1.0
2025-11-05,mpc,error_scaled_frozen_contract_and_soc,54914.51166902618,50250.762549035615,4663.749119990558,79605.05630321268,72763.95455083172,6841.101752380952,2078.6035962876977,992.3275817255885,42,14,6373.183118814329,751.8651166666667,20123.03459583885,16328.719013048249,10800.0,10767.710010645798,1268.38138888889,10800.0,1.0068630000023404,1.1368683772161603e-13,0,1.0,1.0
2025-11-06,greedy,error_scaled_frozen_contract_and_soc,52140.81162404638,49715.14556564995,2425.666058396424,78794.67532223725,71945.921234142,6848.754088095237,2089.700535847698,505.2565490238086,7,1,3772.058208230447,0.0,21885.73217384529,17727.44306081468,10800.0,10800.0,1200.0,10800.0,0.0002356000040890649,1.1368683772161603e-13,0,1.0,1.0
2025-11-06,mpc,error_scaled_frozen_contract_and_soc,60455.23536634399,49715.14556564995,10740.089800694042,78794.67532223725,71945.921234142,6848.754088095237,2089.700535847698,2154.8622423674947,42,14,5626.540593136379,178.49596666666628,20103.368669891737,16328.452215090041,10800.0,10750.307119469182,1221.7370000000008,10800.0,0.9706187999981921,2.2737367544323206e-13,0,1.0,1.0
2025-11-07,greedy,error_scaled_frozen_contract_and_soc,23201.977672113644,23201.977672113644,0.0,40894.91995371149,33849.13344180673,7045.786511904762,2095.518512562381,0.0,0,0,3683.358617607287,9999.725831331063,20491.440639156885,16598.06691771708,10800.0,10800.0,1557.5436071428558,10800.0,0.00044689999776892364,1.1368683772161603e-13,0,1.0,1.0
2025-11-07,mpc,error_scaled_frozen_contract_and_soc,27830.799565792215,23201.977672113644,4628.821893678571,40894.91995371149,33849.13344180673,7045.786511904762,2095.518512562381,949.5880952380951,35,12,5524.674263469074,9354.296420815053,19573.204039525397,15926.128458193267,10800.0,10720.185348691452,1608.4168362821395,10800.0,1.1070480000053067,1.1368683772161603e-13,0,1.0,1.0
2025-11-08,greedy,error_scaled_frozen_contract_and_soc,23087.36619097064,23087.36619097064,0.0,40927.10582241693,33867.98656289312,7059.119259523808,2091.0191038889293,0.0,0,0,3827.304199853027,9479.528275882163,20152.980245693376,16323.913999011638,10800.0,10800.0,1621.9881256349208,10800.0,0.0008340999920619652,1.1368683772161603e-13,0,1.0,1.0
2025-11-08,mpc,error_scaled_frozen_contract_and_soc,25872.709554749214,23087.36619097064,2785.343363778572,40927.10582241693,33867.98656289312,7059.119259523808,2091.0191038889293,565.6635166666669,33,12,4696.341195002069,9287.563010601483,19674.717572967875,15957.05953948783,10800.0,10777.179660684607,1511.7471159756399,10800.0,1.2990138000022853,1.1368683772161603e-13,0,1.0,1.0
2025-11-09,greedy,error_scaled_frozen_contract_and_soc,51157.004457432406,51157.004457432406,0.0,80803.58510356687,73798.72309642403,7004.862007142856,2113.0129793736905,0.0,0,0,4624.235236860668,785.2937166666666,21301.257719506386,17254.01875280017,10800.0,10800.0,1610.788840026455,10800.0,0.000793700004578568,1.1368683772161603e-13,0,1.0,1.0
2025-11-09,mpc,error_scaled_frozen_contract_and_soc,59249.27969784153,51157.004457432406,8092.275240409126,80803.58510356687,73798.72309642403,7004.862007142856,2113.0129793736905,1514.5619825323506,31,16,6695.746426932168,563.6693666666667,19743.526784196794,16031.612675029723,10800.0,10756.271133521865,1223.6814074074082,10800.0,1.131395499993232,2.2737367544323206e-13,0,1.0,1.0
2025-11-10,greedy,error_scaled_frozen_contract_and_soc,51275.0592642404,51275.0592642404,0.0,81209.23184548825,74142.63040501205,7066.601440476191,2064.075010091587,0.0,0,0,2911.223986684294,203.77825000000007,22293.613204231282,18057.826695427335,10800.0,10800.0,1274.9595523015873,10800.0,0.0003981000045314431,1.1368683772161603e-13,0,1.0,1.0
2025-11-10,mpc,error_scaled_frozen_contract_and_soc,64342.26873841092,51275.0592642404,13067.209474170526,81209.23184548825,74142.63040501205,7066.601440476191,2064.075010091587,2406.424999057151,48,15,5972.8729000102385,98.39883333333341,19418.814348048196,15732.872336846376,10800.0,10795.96365008073,1216.3692777777783,10800.0,1.258648799994262,2.2737367544323206e-13,0,1.0,1.0
2025-11-11,greedy,error_scaled_frozen_contract_and_soc,51647.47538256731,51647.47538256731,0.0,81396.35070349099,74287.4566582529,7108.894045238096,2045.2043706457139,0.0,0,0,5390.2670041964475,426.7160999999995,21159.725961199303,17139.37802857143,10800.0,10800.0,1682.4154100529083,10800.0,0.00038080000376794487,1.1368683772161603e-13,0,1.0,1.0
2025-11-11,mpc,error_scaled_frozen_contract_and_soc,58901.46099950337,51647.47538256731,7253.985616936064,81396.35070349099,74287.4566582529,7108.894045238096,2045.2043706457139,1375.068413371815,32,12,7011.708248589687,471.74301666666634,19785.720209663203,16056.772024723425,10800.0,10766.290383448635,1237.6650555555539,10800.0,1.389308500001789,2.2737367544323206e-13,0,1.0,1.0
2025-11-12,greedy,error_scaled_frozen_contract_and_soc,52070.02784968399,52070.02784968399,0.0,82249.26798134524,75158.09974086905,7091.1682404761905,2035.7392990665073,0.0,0,0,6779.040883326433,501.9881188487568,21117.11173247399,17104.860503303935,10800.0,10800.0,1406.632270873017,10800.0,0.0002460999967297539,2.2737367544323206e-13,0,1.0,1.0
2025-11-12,mpc,error_scaled_frozen_contract_and_soc,57518.3418119085,52070.02784968399,5448.313962224514,82249.26798134524,75158.09974086905,7091.1682404761905,2035.7392990665073,984.7984964876878,38,13,7954.837586939531,528.3493261904762,20074.880485804886,16279.98867110196,10800.0,10778.516136,1200.0,10800.0,1.2841457000031369,2.2737367544323206e-13,0,1.0,1.0
2025-11-13,greedy,error_scaled_frozen_contract_and_soc,52318.09491027221,52318.09491027221,0.0,82418.05762104808,75329.81398771475,7088.243633333333,2042.6240492047618,0.0,0,0,5834.202738301,266.8873333333329,20637.348593405724,16716.25236065864,10800.0,10800.0,1312.5178597883591,10800.0,0.0009531999967293814,2.2737367544323206e-13,0,1.0,1.0
2025-11-13,mpc,error_scaled_frozen_contract_and_soc,61179.33754121444,52318.09491027221,8861.242630942239,82418.05762104808,75329.81398771475,7088.243633333333,2042.6240492047618,1607.3654980095234,35,12,7504.365037403488,410.8301976190478,19571.3840109699,15857.027443601497,10800.0,10795.326228093472,1200.0,10800.0,1.4346330999978818,2.2737367544323206e-13,0,1.0,1.0
2025-11-14,greedy,error_scaled_frozen_contract_and_soc,23818.639911710365,23818.639911710365,0.0,41973.101137965554,34927.87313320364,7045.228004761906,2056.3166119264674,0.0,0,0,4027.0380698706645,6618.577539287283,19626.4748884611,15897.44465965349,10800.0,10800.0,1709.749417989417,10800.0,0.0008129999914672226,1.1368683772161603e-13,0,1.0,1.0
2025-11-14,mpc,error_scaled_frozen_contract_and_soc,28038.667107270638,23818.639911710365,4220.027195560272,41973.101137965554,34927.87313320364,7045.228004761906,2056.3166119264674,813.0500589868254,27,13,3989.7344655844345,7587.1344,19059.70995822509,15448.882926857143,10800.0,10788.313488116866,1200.0,10800.0,1.4434807000070577,1.1368683772161603e-13,0,1.0,1.0
2025-11-15,greedy,error_scaled_frozen_contract_and_soc,23465.77867412245,23465.77867412245,0.0,41475.645900943506,34574.90144856255,6900.744452380952,2023.0739682424203,0.0,0,0,3674.921866199246,5678.5219,20580.60641093474,16670.29119285714,10800.0,10800.0,1637.2926592592607,10800.0,0.00033969999640248716,1.1368683772161603e-13,0,1.0,1.0
2025-11-15,mpc,error_scaled_frozen_contract_and_soc,28203.51149865043,23465.77867412245,4737.7328245279805,41475.645900943506,34574.90144856255,6900.744452380952,2023.0739682424203,1024.0234591032029,38,10,3463.833781567591,7135.724368146224,19481.68746789636,15793.463174230132,10800.0,10785.22630529547,1200.0,10800.0,0.8911526999872876,1.1368683772161603e-13,0,1.0,1.0
2025-11-16,greedy,error_scaled_frozen_contract_and_soc,53194.708422928146,53194.708422928146,0.0,83756.42577872,76950.79882633906,6805.6269523809515,1897.4986004251987,0.0,0,0,4869.01170311582,270.20066666666685,22014.04750317995,17831.378477575763,10800.0,10800.0,1497.2003544973586,10800.0,0.00024870000197552145,2.2737367544323206e-13,0,1.0,1.0
2025-11-16,mpc,error_scaled_frozen_contract_and_soc,59788.827660584924,53194.708422928146,6594.119237656771,83756.42577872,76950.79882633906,6805.6269523809515,1897.4986004251987,1342.0359820835572,44,18,6786.722228155551,12.079899999999952,20545.74493052117,16680.62968120649,10800.0,10757.137458350731,1207.0617777777793,10800.0,0.8710786000010557,2.2737367544323206e-13,0,1.0,1.0
2025-11-17,greedy,error_scaled_frozen_contract_and_soc,53923.77126910141,53923.77126910141,0.0,84666.64070325336,77829.24399611051,6837.396707142857,1901.5422819735318,0.0,0,0,7651.038822304158,361.7578667317076,20832.05095202196,16873.961271137792,10800.0,10800.0,1584.882947089946,10800.0,0.00041459999920334667,1.1368683772161603e-13,0,1.0,1.0
2025-11-17,mpc,error_scaled_frozen_contract_and_soc,57734.500542751404,53923.77126910141,3810.7292736499967,84666.64070325336,77829.24399611051,6837.396707142857,1901.5422819735318,809.2948619047613,29,12,8802.317543184085,159.94381666666663,20291.30042882612,16473.38055685208,10800.0,10758.414211663421,1284.866622215286,10800.0,1.1224578999972437,2.2737367544323206e-13,0,1.0,1.0
2025-11-18,greedy,error_scaled_frozen_contract_and_soc,53473.26678517408,53473.26678517408,0.0,84106.99638178817,77369.96907702627,6737.027304761904,1927.7677858507536,0.0,0,0,5133.407926396237,71.13918333333288,21115.24967750141,17103.352238776148,10800.0,10800.0,1480.4016851851861,10800.0,0.0003898000140907243,1.1368683772161603e-13,0,1.0,1.0
2025-11-18,mpc,error_scaled_frozen_contract_and_soc,59144.94905383125,53473.26678517408,5671.682268657176,84106.99638178817,77369.96907702627,6737.027304761904,1927.7677858507536,1087.81334309541,30,15,6405.47274315378,125.24628333333294,20124.61227979149,16351.073414728357,10800.0,10744.291702114164,1239.9602962962958,10800.0,1.1108550000062678,1.1368683772161603e-13,0,1.0,1.0
2025-11-19,greedy,error_scaled_frozen_contract_and_soc,53406.078978424324,53406.078978424324,0.0,84018.61857214294,77319.0790792858,6699.539492857143,1886.736526297102,0.0,0,0,4327.744452910055,105.0795333333333,22197.27887315558,17979.795887256027,10800.0,10800.0,1393.3717275132271,10800.0,0.000764199998229742,2.2737367544323206e-13,0,1.0,1.0
2025-11-19,mpc,error_scaled_frozen_contract_and_soc,61522.69294502131,53406.078978424324,8116.61396659698,84018.61857214294,77319.0790792858,6699.539492857143,1886.736526297102,1680.3784259260524,47,14,6446.250120806158,41.38911666666695,20346.206879069003,16503.16071847283,10800.0,10774.740948414516,1220.6351851851844,10800.0,1.0505301000084728,2.2737367544323206e-13,0,1.0,1.0
2025-11-20,greedy,error_scaled_frozen_contract_and_soc,54012.007535761484,54012.007535761484,0.0,84822.03550220793,78208.28658077934,6613.748921428571,1894.158618412539,0.0,0,0,5913.4273073780105,94.43773333333354,21163.654885069696,17142.560456906453,10800.0,10800.0,1645.4660132275146,10800.0,0.00038469998980872333,1.1368683772161603e-13,0,1.0,1.0
2025-11-20,mpc,error_scaled_frozen_contract_and_soc,59888.8728460296,54012.007535761484,5876.8653102681155,84822.03550220793,78208.28658077934,6613.748921428571,1894.158618412539,1157.034344090222,35,15,7232.671914606501,235.5562666666665,20024.282311174542,16306.516679482898,10800.0,10703.50221396498,1241.8987962962974,10800.0,1.131293900005403,2.2737367544323206e-13,0,1.0,1.0
2025-11-21,greedy,error_scaled_frozen_contract_and_soc,23468.256585370724,23468.256585370724,0.0,41461.60402760829,34979.49093713211,6482.11309047619,1953.2579415734915,0.0,0,0,3413.0093855085283,5327.896328881503,20296.39077132425,16440.076524772652,10800.0,10800.0,1605.6617274219254,10800.0,0.0003347999881953001,1.1368683772161603e-13,0,1.0,1.0
2025-11-21,mpc,error_scaled_frozen_contract_and_soc,26423.834590467734,23468.256585370724,2955.5780050970097,41461.60402760829,34979.49093713211,6482.11309047619,1953.2579415734915,788.0461506047662,33,12,3319.1384709594467,6428.872983333333,19578.962859992935,15941.708202739313,10800.0,10708.05745983885,1275.661335978838,10800.0,1.0066336000018055,1.1368683772161603e-13,0,1.0,1.0
2025-11-22,greedy,error_scaled_frozen_contract_and_soc,23504.761917027696,23504.761917027696,0.0,41820.895942648465,35443.76516169608,6377.13078095238,1889.5195229401984,0.0,0,0,2985.4323444219735,4758.834066666666,20298.94762224469,16442.147574018203,10800.0,10800.0,1692.1840132275138,10800.0,0.0003780000115511939,1.1368683772161603e-13,0,1.0,1.0
2025-11-22,mpc,error_scaled_frozen_contract_and_soc,26068.410447455077,23504.761917027696,2563.64853042738,41820.895942648465,35443.76516169608,6377.13078095238,1889.5195229401984,591.7170071428573,37,15,3359.46960378153,5080.219645756473,19828.1172552239,16075.023038303916,10800.0,10784.168820474928,1291.1872367354479,10800.0,1.0354823999950895,1.1368683772161603e-13,0,1.0,1.0
2025-11-23,greedy,error_scaled_frozen_contract_and_soc,54674.362659846556,54674.362659846556,0.0,85854.437321581,79537.28439539052,6317.152926190475,1933.7073629309123,0.0,0,0,5884.951500944026,557.4431999999995,21999.717564756025,17819.77122745238,10800.0,10800.0,1526.1071660846574,10800.0,0.00039010000182315707,2.2737367544323206e-13,0,1.0,1.0
2025-11-23,mpc,error_scaled_frozen_contract_and_soc,61280.59475448228,54674.362659846556,6606.23209463572,85854.437321581,79537.28439539052,6317.152926190475,1933.7073629309123,1370.5499333333341,35,15,7814.819046789875,228.69333612499736,20816.392663877385,16867.014075211257,10800.0,10793.626647254925,1389.17825454164,10800.0,1.2291171999968356,2.2737367544323206e-13,0,1.0,1.0
2025-11-24,greedy,error_scaled_frozen_contract_and_soc,53897.20059542732,53897.20059542732,0.0,84962.1516500487,78643.70240957252,6318.449240476191,1926.0664553174188,0.0,0,0,6334.049864873607,463.03629999999987,21069.062027237393,17065.940242062294,10800.0,10800.0,1309.153997354499,10800.0,0.0005032999906688929,2.2737367544323206e-13,0,1.0,1.0
2025-11-24,mpc,error_scaled_frozen_contract_and_soc,58817.65753495136,53897.20059542732,4920.456939524043,84962.1516500487,78643.70240957252,6318.449240476191,1926.0664553174188,963.5448127328912,32,13,7616.494188206867,356.8039878831164,20412.005913640063,16621.55132694845,10800.0,10702.414959000002,1256.7773121693122,10800.0,1.0797093000001041,2.2737367544323206e-13,0,1.0,1.0
2025-11-25,greedy,error_scaled_frozen_contract_and_soc,54390.67065916518,54390.67065916518,0.0,85613.50520096297,79317.41803905819,6296.087161904761,1939.2092011848808,0.0,0,0,5137.085132885367,183.10095000000047,21708.72974426808,17584.071092857143,10800.0,10800.0,1474.3667434656113,10800.0,0.0004982999962521717,1.1368683772161603e-13,0,1.0,1.0
2025-11-25,mpc,error_scaled_frozen_contract_and_soc,58911.31596913063,54390.67065916518,4520.645309965435,85613.50520096297,79317.41803905819,6296.087161904761,1939.2092011848808,947.4053264978625,39,15,6443.27633316765,13.678752380952233,20933.301891604842,16998.006916359278,10800.0,10753.29735093405,1203.6717777777799,10800.0,1.0564998000045307,2.2737367544323206e-13,0,1.0,1.0
2025-11-26,greedy,error_scaled_frozen_contract_and_soc,54855.373212670114,54828.563714136784,26.809498533333095,86199.91481484554,79869.59393389316,6330.320880952381,1934.6051643617457,5.723633333333282,1,1,5234.9912859494325,60.65158333333284,21854.361555593532,17702.032860030755,10800.0,10800.0,1563.3168835978831,10800.0,0.0005067000020062551,1.1368683772161603e-13,0,1.0,1.0
2025-11-26,mpc,error_scaled_frozen_contract_and_soc,61132.851250749896,54828.563714136784,6304.2875366131075,86199.91481484554,79869.59393389316,6330.320880952381,1934.6051643617457,1223.5422408354875,34,13,6777.730446705325,0.0,20520.962699599546,16632.90297395717,10800.0,10787.863125242735,1241.2803359788381,10800.0,1.338387399999192,2.2737367544323206e-13,0,1.0,1.0
2025-11-27,greedy,error_scaled_frozen_contract_and_soc,54911.70616906764,54911.70616906764,0.0,86148.90501916924,79835.1138405978,6313.791178571429,1916.3027877082538,0.0,0,0,6116.805720282189,261.34559958848274,20999.26824192234,17009.4072759571,10800.0,10800.0,1459.1247037301605,10800.0,0.0011074000067310408,1.1368683772161603e-13,0,1.0,1.0
2025-11-27,mpc,error_scaled_frozen_contract_and_soc,59809.43595053456,54911.70616906764,4897.7297814669155,86148.90501916924,79835.1138405978,6313.791178571429,1916.3027877082538,929.7055376004541,31,14,7383.984816057702,15.036254761904956,20566.25071716388,16667.55396454712,10800.0,10790.121240395141,1213.9675820105813,10800.0,1.406513099995209,2.2737367544323206e-13,0,1.0,1.0
2025-11-28,greedy,error_scaled_frozen_contract_and_soc,23680.383153123836,23680.383153123836,0.0,42196.29620267449,35867.109236007826,6329.186966666666,1882.2410944798412,0.0,0,0,3300.168586047292,4060.017383333333,20604.587806809846,16689.71612351598,10800.0,10800.0,1547.2478518518521,10800.0,0.0005184000037843361,1.1368683772161603e-13,0,1.0,1.0
2025-11-28,mpc,error_scaled_frozen_contract_and_soc,28287.16662996413,23680.383153123836,4606.783476840297,42196.29620267449,35867.109236007826,6329.186966666666,1882.2410944798412,894.5821408041953,33,12,3697.759541904757,4761.282299385806,19703.33074204277,15992.732789854643,10800.0,10763.294568000005,1200.0,10800.0,1.1706639999902109,1.1368683772161603e-13,0,1.0,1.0
2025-11-29,greedy,error_scaled_frozen_contract_and_soc,23954.974562013544,23954.974562013544,0.0,42622.50972703158,36408.54185322206,6213.967873809524,1815.2023399338495,0.0,0,0,2890.5910405937725,1041.5128449537433,19794.50390254772,16033.548161063656,10800.0,10800.0,1802.8733359788364,10800.0,0.0008708000095793977,1.1368683772161603e-13,0,1.0,1.0
2025-11-29,mpc,error_scaled_frozen_contract_and_soc,37839.84552249436,23954.974562013544,13884.870960480817,42622.50972703158,36408.54185322206,6213.967873809524,1815.2023399338495,2447.3949888717543,32,11,3235.6264613607214,3753.667824483836,17019.996057012584,13868.835726953806,10800.0,10708.178976918209,1200.0,10800.0,1.6152557999885175,1.1368683772161603e-13,0,1.0,1.0
2025-11-30,greedy,error_scaled_frozen_contract_and_soc,55698.0218602939,55698.0218602939,0.0,87375.76941048099,80982.65124857624,6393.118161904762,1874.0057551401983,0.0,0,0,2745.955943503818,0.0,23078.87026479219,18693.88491448167,10800.0,10800.0,1385.0524338624336,10800.0,0.0002634999982547015,2.2737367544323206e-13,0,1.0,1.0
2025-11-30,mpc,error_scaled_frozen_contract_and_soc,67110.80703995482,55698.0218602939,11412.78517966091,87375.76941048099,80982.65124857624,6393.118161904762,1874.0057551401983,2214.174041223814,47,13,5474.005097134472,0.0,20396.103061161542,16524.99282325786,10800.0,10795.389618092206,1200.0,10800.0,1.1485804000112694,2.2737367544323206e-13,0,1.0,1.0
2025-12-01,greedy,error_scaled_frozen_contract_and_soc,75707.6273674973,56233.99569057187,19473.63167692544,88220.65746476961,81876.96102905532,6343.696435714286,1882.467151936111,3713.6150015476187,16,4,1109.8531038506767,0.0,23818.376995438062,19292.88536630483,10800.0,10800.0,1200.0,10800.0,0.0006483999895863235,2.2737367544323206e-13,0,1.0,1.0
2025-12-01,mpc,error_scaled_frozen_contract_and_soc,84804.87964916631,56233.99569057187,28570.883958594444,88220.65746476961,81876.96102905532,6343.696435714286,1882.467151936111,6605.125388842858,83,12,4728.93851895033,0.0,20274.63154700508,16476.714945676256,10800.0,10739.707341553174,1222.9106666666685,10800.0,1.2839005999994697,2.2737367544323206e-13,0,1.0,1.0
2025-12-02,greedy,error_scaled_frozen_contract_and_soc,81082.49652944334,56667.03141579642,24415.465113646922,88920.85032096932,82297.12137335027,6623.728947619049,2184.01991595869,4599.418387595239,17,5,430.6772428571446,0.0,23430.429030039013,18978.647514331606,10800.0,10800.0,1200.0,10800.0,0.0006192999862832949,2.2737367544323206e-13,0,1.0,1.0
2025-12-02,mpc,error_scaled_frozen_contract_and_soc,89914.61752400183,56667.03141579642,33247.58610820542,88920.85032096932,82297.12137335027,6623.728947619049,2184.01991595869,7245.624538578332,96,10,3694.4829470022196,0.0,20263.837192560608,16429.655230015178,10800.0,10782.280995509907,1226.0371851851853,10800.0,1.1035840999975335,2.2737367544323206e-13,0,1.0,1.0
2025-12-03,greedy,error_scaled_frozen_contract_and_soc,67706.69692125471,57655.64496300536,10051.051958249343,90144.9749482067,83123.41321487338,7021.561733333334,2508.914765665674,1990.3691566904774,13,4,383.22373809523754,0.0,24371.618442817227,19782.246642681956,10800.0,10754.182551111111,1200.0,10800.0,0.00032920000376179814,1.1368683772161603e-13,0,1.0,1.0
2025-12-03,mpc,error_scaled_frozen_contract_and_soc,78506.29334799998,57655.64496300536,20850.648384994616,90144.9749482067,83123.41321487338,7021.561733333334,2508.914765665674,4969.9425607952435,90,16,4070.3842092242803,0.0,20733.448671688187,16851.66393857719,10800.0,10736.032761655819,1204.3862037037038,10800.0,1.3882655999914277,4.547473508864641e-13,0,1.0,1.0
2025-12-04,greedy,error_scaled_frozen_contract_and_soc,70692.21966248089,58027.93627935938,12664.2833831215,90537.53711553279,83139.46003219945,7398.077083333334,2548.5113268615073,2606.8048041190477,13,3,1688.2448875367418,0.0,24440.276726921504,19755.388444806416,10754.182551111111,10800.0,1200.0,10800.0,0.0006942000036360696,2.2737367544323206e-13,0,1.0,1.0
2025-12-04,mpc,error_scaled_frozen_contract_and_soc,81466.5649231387,58027.93627935938,23438.628643779317,90537.53711553279,83139.46003219945,7398.077083333334,2548.5113268615073,5399.660590770021,81,16,5213.811234525461,0.0,20953.380229932787,17001.202508155442,10754.182551111111,10721.999748989014,1200.0,10764.897169285714,1.2477408999984618,2.2737367544323206e-13,0,1.0,1.0
2025-12-05,greedy,error_scaled_frozen_contract_and_soc,29092.635659467953,25951.930932245697,3140.7047272222576,45567.71520339204,37767.93672243967,7799.778480952381,2633.092531379444,585.4527620127121,7,1,860.851856172836,0.0,20950.991715255732,16970.303289357144,10800.0,10800.0,1200.0,10800.0,0.0003878999996231869,1.1368683772161603e-13,0,1.0,1.0
2025-12-05,mpc,error_scaled_frozen_contract_and_soc,43910.45527002495,25951.930932245697,17958.52433777925,45567.71520339204,37767.93672243967,7799.778480952381,2633.092531379444,4073.306117652379,61,10,2150.557468700774,3183.4254566980044,16651.396117458364,13655.98540514605,10800.0,10612.939388883588,1200.0,10800.0,0.9469415000057779,1.1368683772161603e-13,0,1.0,1.0
2025-12-06,greedy,error_scaled_frozen_contract_and_soc,34543.813575642605,26273.32777695887,8270.485798683732,46409.333617705444,38146.53800818163,8262.795609523808,2552.953859644524,1272.3577092707394,7,4,254.1254666666661,0.0,19857.195342857143,16094.260299214291,10800.0,10788.964365,1200.0,10800.0,0.0003871000080835074,1.1368683772161603e-13,0,1.0,1.0
2025-12-06,mpc,error_scaled_frozen_contract_and_soc,41701.10376712395,26273.32777695887,15427.775990165072,46409.333617705444,38146.53800818163,8262.795609523808,2552.953859644524,3720.5766638534237,74,13,1864.5864265424398,1399.5112528643112,16950.628665831344,13749.446880345893,10800.0,10778.402598863884,1200.0,10800.0,0.9112444000056712,1.1368683772161603e-13,0,1.0,1.0
2025-12-07,greedy,error_scaled_frozen_contract_and_soc,60855.697288758776,60394.22383365179,461.4734551069905,93885.33562833967,85180.92427595872,8704.411352380952,2551.280656078968,100.34384169047186,3,2,1578.1423700764287,0.0,24973.28304449333,20218.427194539607,10788.964365,10800.0,1200.0,10800.0,0.0003468000068096444,2.2737367544323206e-13,0,1.0,1.0
2025-12-07,mpc,error_scaled_frozen_contract_and_soc,75867.22170049934,60394.22383365179,15472.997866847556,93885.33562833967,85180.92427595872,8704.411352380952,2551.280656078968,3395.604244775056,77,19,5697.507518352918,0.0,20915.886934312082,16985.13582955026,10788.964365,10740.889461936138,1232.4912354497374,10788.964365,0.9572585999994772,2.2737367544323206e-13,0,1.0,1.0
2025-12-08,greedy,error_scaled_frozen_contract_and_soc,65618.92103728512,65618.92103728512,0.0,101552.03995169433,92512.67531598004,9039.364635714286,2453.238970230277,0.0,0,0,9605.425465402706,0.0,21575.807208552484,17476.403838927516,10800.0,10800.0,1433.320116402118,10800.0,0.00038490000588353723,2.2737367544323206e-13,0,1.0,1.0
2025-12-08,mpc,error_scaled_frozen_contract_and_soc,69450.4648245101,65618.92103728512,3831.543787224984,101552.03995169433,92512.67531598004,9039.364635714286,2453.238970230277,673.7682807683962,20,6,10318.303677955875,0.0,21519.56434361836,17459.270905778165,10800.0,10768.418013947452,1242.4950925925923,10800.0,1.3031016999884741,1.1368683772161603e-13,0,1.0,1.0
2025-12-09,greedy,error_scaled_frozen_contract_and_soc,66093.5009167486,66093.5009167486,0.0,102052.54773784944,93007.84726165896,9044.700476190477,2451.423318924603,0.0,0,0,10421.239453468548,0.0,22330.810619548596,18087.95660183436,10800.0,10800.0,1470.4138095238106,10800.0,0.0005543000006582588,1.1368683772161603e-13,0,1.0,1.0
2025-12-09,mpc,error_scaled_frozen_contract_and_soc,70257.30028089146,66093.5009167486,4163.79936414286,102052.54773784944,93007.84726165896,9044.700476190477,2451.423318924603,777.6908952380959,24,11,11257.12100041495,11.30588809523806,21986.86635593553,17813.50887802484,10800.0,10795.392078092156,1229.0667777777771,10800.0,1.1769420999917202,2.2737367544323206e-13,0,1.0,1.0
2025-12-10,greedy,error_scaled_frozen_contract_and_soc,65181.70475544554,65181.70475544554,0.0,101157.41560498325,92158.29658593563,8999.11901904762,2463.23763098984,0.0,0,0,8610.228165961202,0.0,21892.468275554736,17732.89930319934,10800.0,10800.0,1585.6980079365112,10800.0,0.0005557999975280836,2.2737367544323206e-13,0,1.0,1.0
2025-12-10,mpc,error_scaled_frozen_contract_and_soc,69863.39170459592,65181.70475544554,4681.6869491503785,101157.41560498325,92158.29658593563,8999.11901904762,2463.23763098984,813.3232313637141,21,10,9508.338427558218,0.0,21625.346971100582,17550.565028978483,10800.0,10762.184464014432,1256.976370370373,10800.0,1.455923299989081,2.2737367544323206e-13,0,1.0,1.0
2025-12-11,greedy,error_scaled_frozen_contract_and_soc,66052.63903305982,66052.63903305982,0.0,101951.4263569448,93080.86779265906,8870.558564285715,2505.3478312481348,0.0,0,0,11944.588109494416,0.0,21292.544986580982,17246.961439130602,10800.0,10800.0,1654.201923280426,10800.0,0.0003605999954743311,2.2737367544323206e-13,0,1.0,1.0
2025-12-11,mpc,error_scaled_frozen_contract_and_soc,67488.49616300626,66052.63903305982,1435.857129946434,101951.4263569448,93080.86779265906,8870.558564285715,2505.3478312481348,245.63942857142956,16,9,12081.596232371157,15.378597619047696,22041.215616085196,17902.379360559175,10800.0,10745.561431633152,1475.8712755492948,10800.0,1.163014200006728,2.2737367544323206e-13,0,1.0,1.0
2025-12-12,greedy,error_scaled_frozen_contract_and_soc,30521.884334211398,30521.884334211398,0.0,54774.614544678145,45929.018720868626,8845.595823809525,2524.246709379365,0.0,0,0,5977.104108171666,1643.5620999999994,18102.81501670084,14663.280163527686,10800.0,10800.0,1713.9976851851832,10800.0,0.00036049999471288174,1.1368683772161603e-13,0,1.0,1.0
2025-12-12,mpc,error_scaled_frozen_contract_and_soc,33490.46301698401,30521.884334211398,2968.578682772619,54774.614544678145,45929.018720868626,8845.595823809525,2524.246709379365,554.8972642857143,25,11,6311.305157924499,2001.6648500000001,17767.88278099625,14465.75446329021,10800.0,10718.033988129722,1290.2857037037033,10800.0,1.321940199995879,1.1368683772161603e-13,0,1.0,1.0
2025-12-13,greedy,error_scaled_frozen_contract_and_soc,31011.08850279064,31011.08850279064,0.0,55826.257334602524,46868.25385126918,8958.003483333334,2490.7981961979367,0.0,0,0,7147.404379306292,1405.5896333333335,18288.052308576654,14813.322369947093,10800.0,10800.0,1830.35578042328,10800.0,0.0003538000019034371,1.1368683772161603e-13,0,1.0,1.0
2025-12-13,mpc,error_scaled_frozen_contract_and_soc,36025.7159311056,31011.08850279064,5014.627428314967,55826.257334602524,46868.25385126918,8958.003483333334,2490.7981961979367,931.337657908116,26,11,7515.773560843425,2121.937483333333,17517.282462753807,14195.931897753264,10800.0,10792.29655230813,1292.4820873015865,10800.0,1.2713077000080375,1.1368683772161603e-13,0,1.0,1.0
2025-12-14,greedy,error_scaled_frozen_contract_and_soc,66192.6211090874,66192.6211090874,0.0,102323.11247935383,93405.10787697288,8918.004602380954,2479.623642392539,0.0,0,0,9258.183166196357,0.0,22558.986911355198,18272.779398197716,10800.0,10800.0,1578.6865846560854,10800.0,0.0008184999896911904,1.1368683772161603e-13,0,1.0,1.0
2025-12-14,mpc,error_scaled_frozen_contract_and_soc,70186.1780931374,66192.6211090874,3993.5569840500016,102323.11247935383,93405.10787697288,8918.004602380954,2479.623642392539,760.1054809523812,24,10,10100.789031540258,0.0,22124.776919820823,17921.069791054855,10800.0,10799.999460000012,1242.5568703703714,10800.0,1.153718100002152,1.1368683772161603e-13,0,1.0,1.0
2025-12-15,greedy,error_scaled_frozen_contract_and_soc,65765.4827074071,65765.4827074071,0.0,101865.19624467072,92955.86804705166,8909.328197619048,2471.195945233294,0.0,0,0,8069.412391446214,0.0,22769.609929251797,18443.384042693964,10800.0,10800.0,1508.748116402116,10800.0,0.0008337999897776172,2.2737367544323206e-13,0,1.0,1.0
2025-12-15,mpc,error_scaled_frozen_contract_and_soc,69935.85189314163,65765.4827074071,4170.369185734529,101865.19624467072,92955.86804705166,8909.328197619048,2471.195945233294,816.5978642857152,25,12,9041.872626937495,0.0,22046.941510427183,17876.577995074913,10800.0,10779.382920412343,1258.2599984597796,10800.0,1.2093079000042053,2.2737367544323206e-13,0,1.0,1.0
2025-12-16,greedy,error_scaled_frozen_contract_and_soc,66369.11325246419,66369.11325246419,0.0,102402.32652113948,93514.33055209187,8887.995969047619,2502.1771682983335,0.0,0,0,8702.650532039977,0.0,22534.6560829799,18253.07142721372,10800.0,10800.0,1616.0370423280438,10800.0,0.0005437999934656546,2.2737367544323206e-13,0,1.0,1.0
2025-12-16,mpc,error_scaled_frozen_contract_and_soc,69442.96344828683,66369.11325246419,3073.850195822623,102402.32652113948,93514.33055209187,8887.995969047619,2502.1771682983335,595.9388380952389,20,8,9370.478450391116,20.48990816610217,22264.78311836742,18075.577451023244,10800.0,10754.329860949296,1337.2758077665976,10800.0,1.0812358999974094,2.2737367544323206e-13,0,1.0,1.0
2025-12-17,greedy,error_scaled_frozen_contract_and_soc,65899.23071118831,65899.23071118831,0.0,102218.69310806823,93460.16420330631,8758.528904761904,2530.4662895447227,0.0,0,0,9867.182293474432,0.0,21892.96709435335,17733.30334642622,10800.0,10800.0,1545.5525370370392,10800.0,0.0003926999925170094,1.1368683772161603e-13,0,1.0,1.0
2025-12-17,mpc,error_scaled_frozen_contract_and_soc,68306.55072843474,65899.23071118831,2407.3200172464276,102218.69310806823,93460.16420330631,8758.528904761904,2530.4662895447227,412.96360238095235,20,12,10262.705655924507,0.0,22052.728069998513,17875.624082140508,10800.0,10785.650727286991,1479.4425985799085,10800.0,0.9725209000025643,2.2737367544323206e-13,0,1.0,1.0
2025-12-18,greedy,error_scaled_frozen_contract_and_soc,65724.3990648264,65724.3990648264,0.0,101599.14062324312,92815.86323514787,8783.277388095237,2524.456642858096,0.0,0,0,9910.063098677245,0.0,22751.634515258982,18428.823957359775,10800.0,10800.0,1556.1027989417964,10800.0,0.00035909999860450625,2.2737367544323206e-13,0,1.0,1.0
2025-12-18,mpc,error_scaled_frozen_contract_and_soc,69254.31151473118,65724.3990648264,3529.912449904764,101599.14062324312,92815.86323514787,8783.277388095237,2524.456642858096,737.1055214285718,28,11,10800.560368584693,0.0,22049.023464399153,17879.604654978823,10800.0,10777.893723538322,1351.8567343223035,10800.0,1.0255605000129435,2.2737367544323206e-13,0,1.0,1.0
2025-12-19,greedy,error_scaled_frozen_contract_and_soc,30925.729912403775,30925.729912403775,0.0,55802.37997057437,47096.94656343151,8705.433407142857,2543.2597520183335,0.0,0,0,7307.111333686073,2058.1105166666666,18572.456948534986,15043.690128313343,10800.0,10800.0,1601.2333121693136,10800.0,0.00038519999361597,1.1368683772161603e-13,0,1.0,1.0
2025-12-19,mpc,error_scaled_frozen_contract_and_soc,35559.43680837828,30925.729912403775,4633.706895974512,55802.37997057437,47096.94656343151,8705.433407142857,2543.2597520183335,849.3655036196569,32,10,7426.179309256007,2983.9935973615457,17798.880732746362,14465.699465169877,10800.0,10745.993253727416,1251.0796507936511,10800.0,1.3464641000027768,1.1368683772161603e-13,0,1.0,1.0
2025-12-20,greedy,error_scaled_frozen_contract_and_soc,30919.079270504488,30919.079270504488,0.0,55861.45047389404,47208.04504532261,8653.40542857143,2564.025952879364,0.0,0,0,7041.658407348624,2412.1315485008786,18691.09614760286,15139.78787955832,10800.0,10800.0,1717.3422751322787,10800.0,0.0009214000019710511,1.1368683772161603e-13,0,1.0,1.0
2025-12-20,mpc,error_scaled_frozen_contract_and_soc,34774.21376554496,30919.079270504488,3855.1344950404737,55861.45047389404,47208.04504532261,8653.40542857143,2564.025952879364,714.51199047619,27,6,7692.062478549764,2618.4161244253532,18195.835412382006,14786.703800986894,10800.0,10746.580981158373,1465.669699513229,10800.0,1.2116639000014402,1.1368683772161603e-13,0,1.0,1.0
2025-12-21,greedy,error_scaled_frozen_contract_and_soc,66167.82516257618,66167.82516257618,0.0,102127.98745849544,93499.20001801924,8628.787440476191,2564.5494414402374,0.0,0,0,8891.246175161672,0.0,22099.786403511043,17900.82698684395,10800.0,10800.0,1498.2455000000025,10800.0,0.0003181000065524131,2.2737367544323206e-13,0,1.0,1.0
2025-12-21,mpc,error_scaled_frozen_contract_and_soc,68554.1138225857,66167.82516257618,2386.288660009526,102127.98745849544,93499.20001801924,8628.787440476191,2564.5494414402374,451.4606095238099,18,11,9295.30611320986,6.098654761904868,22317.16850832,18076.907074939183,10800.0,10799.999352000017,1344.087409343043,10800.0,1.2460598000034224,2.2737367544323206e-13,0,1.0,1.0
2025-12-22,greedy,error_scaled_frozen_contract_and_soc,65883.62631539132,65883.62631539132,0.0,101987.691350217,93321.3616264075,8666.329723809526,2561.2685493907134,0.0,0,0,8758.562305731917,0.0,22587.905058693534,18296.203097541762,10800.0,10800.0,1369.8595157407403,10800.0,0.0009719999943627045,2.2737367544323206e-13,0,1.0,1.0
2025-12-22,mpc,error_scaled_frozen_contract_and_soc,69534.8159089544,65883.62631539132,3651.189593563101,101987.691350217,93321.3616264075,8666.329723809526,2561.2685493907134,683.9359904761915,33,12,9518.318433468534,0.0,22210.218140480727,17994.336316589382,10800.0,10795.489308000007,1276.6984882673153,10800.0,1.2580689000023995,2.2737367544323206e-13,0,1.0,1.0
2025-12-23,greedy,error_scaled_frozen_contract_and_soc,66135.4643179783,66135.4643179783,0.0,102215.35254619594,93547.12285333879,8668.229692857143,2562.475922783015,0.0,0,0,10826.044362139914,0.0,21743.24026696154,17612.024616238843,10800.0,10800.0,1567.6657989418006,10800.0,0.0003718000079970807,2.2737367544323206e-13,0,1.0,1.0
2025-12-23,mpc,error_scaled_frozen_contract_and_soc,67071.22754347711,66135.4643179783,935.7632254988105,102215.35254619594,93547.12285333879,8668.229692857143,2562.475922783015,158.21528095238114,9,5,10901.838062454226,0.0,22282.750161885324,18069.112930524556,10800.0,10777.683000669504,1320.0569612329014,10800.0,1.1962945999985095,1.1368683772161603e-13,0,1.0,1.0
2025-12-24,greedy,error_scaled_frozen_contract_and_soc,65677.79716937782,65677.79716937782,0.0,101745.68083943127,93167.88980609793,8577.791033333333,2620.838103392937,0.0,0,0,9597.468878659614,0.0,22598.1718110789,18304.519166973914,10800.0,10800.0,1442.2940740740753,10800.0,0.000779500012868084,1.1368683772161603e-13,0,1.0,1.0
2025-12-24,mpc,error_scaled_frozen_contract_and_soc,69321.5880395283,65677.79716937782,3643.7908701504766,101745.68083943127,93167.88980609793,8577.791033333333,2620.838103392937,631.2663604409342,24,8,10294.84469823717,0.0,22324.70670340611,18097.163518437745,10800.0,10784.276568134674,1210.2601666666674,10800.0,1.3356205000018235,2.2737367544323206e-13,0,1.0,1.0
2025-12-25,greedy,error_scaled_frozen_contract_and_soc,65646.2906173867,65646.2906173867,0.0,101602.81153989212,93042.12663513022,8560.684904761905,2608.2452063715077,0.0,0,0,9633.145369900054,0.0,21880.09282451969,17722.875187860947,10800.0,10800.0,1426.7785664550242,10800.0,0.0009183999936794862,2.2737367544323206e-13,0,1.0,1.0
2025-12-25,mpc,error_scaled_frozen_contract_and_soc,67769.90309761408,65646.2906173867,2123.6124802273835,101602.81153989212,93042.12663513022,8560.684904761905,2608.2452063715077,395.6156738095243,17,9,9971.154351029509,0.0,22345.88782910452,18131.06349976571,10800.0,10765.67293534328,1292.2377634126194,10800.0,1.3142733999993652,2.2737367544323206e-13,0,1.0,1.0
2025-12-26,greedy,error_scaled_frozen_contract_and_soc,30683.0942880343,30683.0942880343,0.0,55200.068421762364,46692.97177890522,8507.096642857143,2646.4441722607144,0.0,0,0,7082.145242592595,1661.0905126984092,18153.73806914752,14704.527836009487,10800.0,10800.0,2069.528568783071,10800.0,0.0008356000034837052,1.1368683772161603e-13,0,1.0,1.0
2025-12-26,mpc,error_scaled_frozen_contract_and_soc,33679.23007106336,30683.0942880343,2996.1357830290576,55200.068421762364,46692.97177890522,8507.096642857143,2646.4441722607144,579.8179967759859,21,9,6554.286620540033,2819.9673595238555,17946.351032469873,14548.34102732874,10800.0,10786.892565524287,1264.6616402116435,10800.0,1.2424324999883538,1.1368683772161603e-13,0,1.0,1.0
2025-12-27,greedy,error_scaled_frozen_contract_and_soc,30584.19693266657,30584.19693266657,0.0,55277.98578964761,46821.49286345713,8456.492926190476,2688.2824582819444,0.0,0,0,6755.170547971788,1739.5603166666665,18128.6624123289,14684.21655398641,10800.0,10800.0,1703.7429550264558,10800.0,0.00032310000096913427,1.1368683772161603e-13,0,1.0,1.0
2025-12-27,mpc,error_scaled_frozen_contract_and_soc,33374.27902704767,30584.19693266657,2790.082094381099,55277.98578964761,46821.49286345713,8456.492926190476,2688.2824582819444,517.764810648705,24,11,7109.77980533848,1933.8490653430517,18017.687108666774,14604.374445718659,10800.0,10788.835680334922,1250.975357142861,10800.0,1.276144799994654,1.1368683772161603e-13,0,1.0,1.0
2025-12-28,greedy,error_scaled_frozen_contract_and_soc,65893.72892845565,65893.72892845565,0.0,101821.2000958148,93393.70310295766,8427.496992857145,2689.9883571017854,0.0,0,0,10974.986144356262,0.0,21247.153691887055,17210.19449042852,10800.0,10800.0,1766.8696322751325,10800.0,0.0004214000073261559,2.2737367544323206e-13,0,1.0,1.0
2025-12-28,mpc,error_scaled_frozen_contract_and_soc,68012.77008834732,65893.72892845565,2119.0411598916685,101821.2000958148,93393.70310295766,8427.496992857145,2689.9883571017854,391.07967857142904,17,9,11054.622816864061,139.41186423804197,22208.16424561741,17999.173902333278,10800.0,10788.265707352024,1410.2600367192101,10800.0,1.3432055000012042,2.2737367544323206e-13,0,1.0,1.0
2025-12-29,greedy,error_scaled_frozen_contract_and_soc,65928.22967850791,65928.22967850791,0.0,101959.75211036697,93557.43140798603,8402.320702380952,2707.757340646944,0.0,0,0,10392.675245149905,0.0,21280.582097633735,17237.271499083323,10800.0,10800.0,1628.8972380952366,10800.0,0.00041059999784920365,2.2737367544323206e-13,0,1.0,1.0
2025-12-29,mpc,error_scaled_frozen_contract_and_soc,66754.6687374329,65928.22967850791,826.4390589250008,101959.75211036697,93557.43140798603,8402.320702380952,2707.757340646944,160.26856904761928,9,5,10343.865298434268,22.18062857142843,22411.28735149223,18181.078865749987,10800.0,10768.959876620798,1213.334658254036,10800.0,1.3242108999984339,2.2737367544323206e-13,0,1.0,1.0
2025-12-30,greedy,error_scaled_frozen_contract_and_soc,65162.17887319735,65162.17887319735,0.0,100954.39327681965,92724.26802920061,8230.125247619048,2644.8561130139287,0.0,0,0,10562.409398912405,0.0,21934.63830477505,17767.0570268678,10800.0,10800.0,1578.871830687833,10800.0,0.0008875999919837341,2.2737367544323206e-13,0,1.0,1.0
2025-12-30,mpc,error_scaled_frozen_contract_and_soc,67658.29980276164,65162.17887319735,2496.120929564285,100954.39327681965,92724.26802920061,8230.125247619048,2644.8561130139287,459.04575476190473,17,8,10801.81577684808,172.38822857142873,22316.877374458425,18102.044948296367,10800.0,10771.806361127732,1437.0570774426565,10800.0,1.4165503999975044,2.2737367544323206e-13,0,1.0,1.0
2025-12-31,greedy,error_scaled_frozen_contract_and_soc,64954.40580049608,64954.40580049608,0.0,100619.20416892017,92596.82033320588,8022.383835714285,2720.881589940992,0.0,0,0,7610.460726572603,0.0,22959.581626390696,18597.261117376467,10800.0,10800.0,1549.411806878308,10800.0,0.0007646000012755394,1.1368683772161603e-13,0,1.0,1.0
2025-12-31,mpc,error_scaled_frozen_contract_and_soc,69536.25810919254,64954.40580049608,4581.85230869645,100619.20416892017,92596.82033320588,8022.383835714285,2720.881589940992,918.9483595238137,29,11,8774.161504637463,0.0,22069.83051261155,17952.262422138367,10800.0,10715.889214529985,1281.7758104690506,10800.0,1.6165923999942606,1.1368683772161603e-13,0,1.0,1.0
