variant,date,issue_hour,slot,purchase_kwh
q3,2025-03-20,0,1,579.8216987696785
q3,2025-03-20,0,2,575.0665562607018
q3,2025-03-20,0,3,578.6310722559107
q3,2025-03-20,0,4,579.6019364876507
q3,2025-03-20,0,5,588.2541134605444
q3,2025-03-20,0,6,601.4352178724959
q3,2025-03-20,0,7,599.0453758902717
q3,2025-03-20,0,8,595.0573422990533
q3,2025-03-20,0,9,597.4894475797303
q3,2025-03-20,0,10,598.4626951528039
q3,2025-03-20,0,11,600.3041431620965
q3,2025-03-20,0,12,601.9996368508143
q3,2025-03-20,0,13,606.2075124825606
q3,2025-03-20,0,14,608.2384184138473
q3,2025-03-20,0,15,605.4019718026175
q3,2025-03-20,0,16,603.1529631166054
q3,2025-03-20,0,17,606.6167511531621
q3,2025-03-20,0,18,620.5913377555474
q3,2025-03-20,0,19,616.7640427832448
q3,2025-03-20,0,20,615.3022054384596
q3,2025-03-20,0,21,626.3944615556726
q3,2025-03-20,0,22,623.1302929690407
q3,2025-03-20,0,23,624.662700671648
q3,2025-03-20,0,24,638.0288600854178
q3,2025-03-20,0,25,641.5269561839866
q3,2025-03-20,0,26,643.9533027499331
q3,2025-03-20,0,27,641.8592157594502
q3,2025-03-20,0,28,639.7066739527904
q3,2025-03-20,0,29,638.9991161478347
q3,2025-03-20,0,30,634.8478603803903
q3,2025-03-20,0,31,636.0819560234258
q3,2025-03-20,0,32,639.0146206429017
q3,2025-03-20,0,33,644.960400064835
q3,2025-03-20,0,34,622.0825013882903
q3,2025-03-20,0,35,704.4737671175892
q3,2025-03-20,0,36,7.548580855542241
q3,2025-03-20,0,37,0.0
q3,2025-03-20,0,38,0.0
q3,2025-03-20,0,39,0.0
q3,2025-03-20,0,40,0.0
q3,2025-03-20,0,41,0.0
q3,2025-03-20,0,42,0.0
q3,2025-03-20,0,43,47.073601839585706
q3,2025-03-20,0,44,447.8091522550326
q3,2025-03-20,0,45,382.4602131621127
q3,2025-03-20,0,46,297.65371265910545
q3,2025-03-20,0,47,0.0
q3,2025-03-20,0,48,0.0
q3,2025-03-20,0,49,0.0
q3,2025-03-20,0,50,0.0
q3,2025-03-20,0,51,0.0
q3,2025-03-20,0,52,0.0
q3,2025-03-20,0,53,0.0
q3,2025-03-20,0,54,0.0
q3,2025-03-20,0,55,0.0
q3,2025-03-20,0,56,0.0
q3,2025-03-20,0,57,0.0
q3,2025-03-20,0,58,0.0
q3,2025-03-20,0,59,0.0
q3,2025-03-20,0,60,0.0
q3,2025-03-20,0,61,0.0
q3,2025-03-20,0,62,0.0
q3,2025-03-20,0,63,0.0
q3,2025-03-20,0,64,0.0
q3,2025-03-20,0,65,0.0
q3,2025-03-20,0,66,590.0074456175225
q3,2025-03-20,0,67,598.4554394841564
q3,2025-03-20,0,68,624.3442657237031
q3,2025-03-20,0,69,633.2261505625022
q3,2025-03-20,0,70,644.8653623675648
q3,2025-03-20,0,71,631.964280879427
q3,2025-03-20,0,72,592.3745027085657
q3,2025-03-20,0,73,637.0584550694945
q3,2025-03-20,0,74,687.4032319864551
q3,2025-03-20,0,75,705.7058644492458
q3,2025-03-20,0,76,745.4847081346306
q3,2025-03-20,0,77,548.6737346068294
q3,2025-03-20,0,78,82.97779408693327
q3,2025-03-20,0,79,105.50178168485718
q3,2025-03-20,0,80,102.64341008847077
q3,2025-03-20,0,81,111.57990171467634
q3,2025-03-20,0,82,88.42746496875009
q3,2025-03-20,0,83,0.031059889113317005
q3,2025-03-20,0,84,0.0
q3,2025-03-20,0,85,0.0
q3,2025-03-20,0,86,0.0
q3,2025-03-20,0,87,0.0
q3,2025-03-20,0,88,0.0
q3,2025-03-20,0,89,0.0
q3,2025-03-20,0,90,1242.7276508874365
q3,2025-03-20,0,91,1268.9444938592555
q3,2025-03-20,0,92,574.743395412095
q3,2025-03-20,0,93,533.0576191793766
q3,2025-03-20,0,94,572.399604931895
q3,2025-03-20,0,95,605.4741958117254
q3,2025-03-20,0,96,646.3202617246885
q3,2025-03-20,0,97,665.4320726094635
q3,2025-03-20,0,98,707.1213970691708
q3,2025-03-20,0,99,738.7514206188034
q3,2025-03-20,0,100,749.4103486557005
q3,2025-03-20,0,101,784.8021365314353
q3,2025-03-20,0,102,821.2092652577567
q3,2025-03-20,0,103,864.0579294498532
q3,2025-03-20,0,104,887.6119978854649
q3,2025-03-20,0,105,927.9992694607774
q3,2025-03-20,0,106,991.6998371228156
q3,2025-03-20,0,107,898.8418914238648
q3,2025-03-20,0,108,720.5080644303567
q3,2025-03-20,0,109,698.5381198278221
q3,2025-03-20,0,110,737.5505025119564
q3,2025-03-20,0,111,734.3485722010873
q3,2025-03-20,0,112,729.0164387763534
q3,2025-03-20,0,113,138.6169905498307
q3,2025-03-20,0,114,0.0
q3,2025-03-20,0,115,0.0
q3,2025-03-20,0,116,0.0
q3,2025-03-20,0,117,0.0
q3,2025-03-20,0,118,0.0
q3,2025-03-20,0,119,0.0
q3,2025-03-20,0,120,0.0
q3,2025-03-20,0,121,0.0
q3,2025-03-20,0,122,0.0
q3,2025-03-20,0,123,0.0
q3,2025-03-20,0,124,0.0
q3,2025-03-20,0,125,731.7452123412619
q3,2025-03-20,0,126,735.665293867061
q3,2025-03-20,0,127,739.7526224036658
q3,2025-03-20,0,128,738.193950033211
q3,2025-03-20,0,129,746.719632282874
q3,2025-03-20,0,130,760.4917901737649
q3,2025-03-20,0,131,687.3303953298723
q3,2025-03-20,0,132,1397.5920556080523
q3,2025-03-20,0,133,1377.5646872675152
q3,2025-03-20,0,134,1224.649577736838
q3,2025-03-20,0,135,1395.806020755554
q3,2025-03-20,0,136,1400.4810904481938
q3,2025-03-20,0,137,1395.3792804086515
q3,2025-03-20,0,138,1388.7325237545156
q3,2025-03-20,0,139,1398.8384895420736
q3,2025-03-20,0,140,1408.4564447142718
q3,2025-03-20,0,141,1409.540195255935
q3,2025-03-20,0,142,1408.8251563648532
q3,2025-03-20,0,143,1399.6723822394933
q3,2025-03-20,0,144,1387.6527851186197
q3,2025-03-20,6,37,-0.0
q3,2025-03-20,6,38,-0.0
q3,2025-03-20,6,39,-0.0
q3,2025-03-20,6,40,-0.0
q3,2025-03-20,6,41,-0.0
q3,2025-03-20,6,42,-0.0
q3,2025-03-20,6,43,478.09272767364143
q3,2025-03-20,6,44,459.8832772937348
q3,2025-03-20,6,45,411.4469402760395
q3,2025-03-20,6,46,322.86074948966944
q3,2025-03-20,6,47,-0.0
q3,2025-03-20,6,48,-0.0
q3,2025-03-20,6,49,-0.0
q3,2025-03-20,6,50,-0.0
q3,2025-03-20,6,51,-0.0
q3,2025-03-20,6,52,-0.0
q3,2025-03-20,6,53,-0.0
q3,2025-03-20,6,54,-0.0
q3,2025-03-20,6,55,-0.0
q3,2025-03-20,6,56,-0.0
q3,2025-03-20,6,57,-0.0
q3,2025-03-20,6,58,-0.0
q3,2025-03-20,6,59,-0.0
q3,2025-03-20,6,60,-0.0
q3,2025-03-20,6,61,-0.0
q3,2025-03-20,6,62,-0.0
q3,2025-03-20,6,63,-0.0
q3,2025-03-20,6,64,-0.0
q3,2025-03-20,6,65,-0.0
q3,2025-03-20,6,66,-0.0
q3,2025-03-20,6,67,598.4554394841564
q3,2025-03-20,6,68,-0.0
q3,2025-03-20,6,69,432.0848230770621
q3,2025-03-20,6,70,587.0890482141465
q3,2025-03-20,6,71,550.3825157849735
q3,2025-03-20,6,72,503.5489630683612
q3,2025-03-20,6,73,478.40112279913717
q3,2025-03-20,6,74,467.04821959489436
q3,2025-03-20,6,75,466.73047215375664
q3,2025-03-20,6,76,439.11260734916175
q3,2025-03-20,6,77,-0.0
q3,2025-03-20,6,78,-0.0
q3,2025-03-20,6,79,-0.0
q3,2025-03-20,6,80,-0.0
q3,2025-03-20,6,81,-0.0
q3,2025-03-20,6,82,-0.0
q3,2025-03-20,6,83,-0.0
q3,2025-03-20,6,84,-0.0
q3,2025-03-20,6,85,-0.0
q3,2025-03-20,6,86,-0.0
q3,2025-03-20,6,87,-0.0
q3,2025-03-20,6,88,-0.0
q3,2025-03-20,6,89,-0.0
q3,2025-03-20,6,90,140.53607915319776
q3,2025-03-20,6,91,327.93229016164656
q3,2025-03-20,6,92,236.18828131336443
q3,2025-03-20,6,93,281.41168477326187
q3,2025-03-20,6,94,353.0916792766915
q3,2025-03-20,6,95,406.24415789436466
q3,2025-03-20,6,96,450.070969223986
q3,2025-03-20,6,97,508.4379519032566
q3,2025-03-20,6,98,569.3637658465065
q3,2025-03-20,6,99,613.673585428217
q3,2025-03-20,6,100,661.1087871945749
q3,2025-03-20,6,101,719.1415455084851
q3,2025-03-20,6,102,772.4553981762762
q3,2025-03-20,6,103,819.1416557375575
q3,2025-03-20,6,104,853.5095201076876
q3,2025-03-20,6,105,904.4162115401316
q3,2025-03-20,6,106,975.094712432824
q3,2025-03-20,6,107,891.1615261922846
q3,2025-03-20,6,108,720.5080644303567
q3,2025-03-20,6,109,698.5381198278221
q3,2025-03-20,6,110,737.5505025119564
q3,2025-03-20,6,111,734.3485722010873
q3,2025-03-20,6,112,729.0164387763534
q3,2025-03-20,6,113,138.6169905498307
q3,2025-03-20,6,114,-0.0
q3,2025-03-20,6,115,-0.0
q3,2025-03-20,6,116,-0.0
q3,2025-03-20,6,117,-0.0
q3,2025-03-20,6,118,-0.0
q3,2025-03-20,6,119,-0.0
q3,2025-03-20,6,120,-0.0
q3,2025-03-20,6,121,-0.0
q3,2025-03-20,6,122,-0.0
q3,2025-03-20,6,123,-0.0
q3,2025-03-20,6,124,-0.0
q3,2025-03-20,6,125,731.7452123412619
q3,2025-03-20,6,126,735.665293867061
q3,2025-03-20,6,127,739.7526224036658
q3,2025-03-20,6,128,738.193950033211
q3,2025-03-20,6,129,746.719632282874
q3,2025-03-20,6,130,760.4917901737649
q3,2025-03-20,6,131,687.3303953298723
q3,2025-03-20,6,132,1397.5920556080523
q3,2025-03-20,6,133,1377.5646872675152
q3,2025-03-20,6,134,1224.649577736838
q3,2025-03-20,6,135,1395.806020755554
q3,2025-03-20,6,136,1400.4810904481938
q3,2025-03-20,6,137,1395.3792804086515
q3,2025-03-20,6,138,1388.7325237545156
q3,2025-03-20,6,139,1398.8384895420736
q3,2025-03-20,6,140,1408.4564447142718
q3,2025-03-20,6,141,1409.540195255935
q3,2025-03-20,6,142,1408.8251563648532
q3,2025-03-20,6,143,1399.6723822394933
q3,2025-03-20,6,144,1387.6527851186197
q3,2025-03-20,12,73,557.742154914372
q3,2025-03-20,12,74,565.9240997284187
q3,2025-03-20,12,75,574.3006873543003
q3,2025-03-20,12,76,569.4114236885451
q3,2025-03-20,12,77,548.6737346068294
q3,2025-03-20,12,78,-0.0
q3,2025-03-20,12,79,-0.0
q3,2025-03-20,12,80,-0.0
q3,2025-03-20,12,81,-0.0
q3,2025-03-20,12,82,-0.0
q3,2025-03-20,12,83,-0.0
q3,2025-03-20,12,84,-0.0
q3,2025-03-20,12,85,-0.0
q3,2025-03-20,12,86,-0.0
q3,2025-03-20,12,87,-0.0
q3,2025-03-20,12,88,-0.0
q3,2025-03-20,12,89,0.00010132275279291948
q3,2025-03-20,12,90,361.9585792791548
q3,2025-03-20,12,91,1070.8882966499652
q3,2025-03-20,12,92,280.8100385341302
q3,2025-03-20,12,93,336.5606995091282
q3,2025-03-20,12,94,397.0799678721929
q3,2025-03-20,12,95,444.7124678372044
q3,2025-03-20,12,96,490.7824593554808
q3,2025-03-20,12,97,544.7239543192694
q3,2025-03-20,12,98,599.9760178268115
q3,2025-03-20,12,99,647.7526018465317
q3,2025-03-20,12,100,689.0241263416723
q3,2025-03-20,12,101,741.0291478019313
q3,2025-03-20,12,102,804.3815534275191
q3,2025-03-20,12,103,841.5418630004183
q3,2025-03-20,12,104,874.5536978238998
q3,2025-03-20,12,105,915.5072680141219
q3,2025-03-20,12,106,985.4260885975832
q3,2025-03-20,12,107,893.0028486417868
q3,2025-03-20,12,108,720.5080644303567
q3,2025-03-20,12,109,698.5381198278221
q3,2025-03-20,12,110,737.5505025119564
q3,2025-03-20,12,111,734.3485722010873
q3,2025-03-20,12,112,729.0164387763534
q3,2025-03-20,12,113,138.6169905498307
q3,2025-03-20,12,114,-0.0
q3,2025-03-20,12,115,-0.0
q3,2025-03-20,12,116,-0.0
q3,2025-03-20,12,117,-0.0
q3,2025-03-20,12,118,-0.0
q3,2025-03-20,12,119,-0.0
q3,2025-03-20,12,120,-0.0
q3,2025-03-20,12,121,-0.0
q3,2025-03-20,12,122,-0.0
q3,2025-03-20,12,123,-0.0
q3,2025-03-20,12,124,-0.0
q3,2025-03-20,12,125,731.7452123412619
q3,2025-03-20,12,126,735.665293867061
q3,2025-03-20,12,127,739.7526224036658
q3,2025-03-20,12,128,738.193950033211
q3,2025-03-20,12,129,746.719632282874
q3,2025-03-20,12,130,760.4917901737649
q3,2025-03-20,12,131,687.3303953298723
q3,2025-03-20,12,132,1397.5920556080523
q3,2025-03-20,12,133,1377.5646872675152
q3,2025-03-20,12,134,1224.649577736838
q3,2025-03-20,12,135,1395.806020755554
q3,2025-03-20,12,136,1400.4810904481938
q3,2025-03-20,12,137,1395.3792804086515
q3,2025-03-20,12,138,1388.7325237545156
q3,2025-03-20,12,139,1398.8384895420736
q3,2025-03-20,12,140,1408.4564447142718
q3,2025-03-20,12,141,1409.540195255935
q3,2025-03-20,12,142,1408.8251563648532
q3,2025-03-20,12,143,1399.6723822394933
q3,2025-03-20,12,144,1387.6527851186197
q3,2025-03-20,18,109,698.5381198278221
q3,2025-03-20,18,110,737.5505025119564
q3,2025-03-20,18,111,734.3485722010873
q3,2025-03-20,18,112,729.0164387763534
q3,2025-03-20,18,113,275.9043946317864
q3,2025-03-20,18,114,-0.0
q3,2025-03-20,18,115,-0.0
q3,2025-03-20,18,116,-0.0
q3,2025-03-20,18,117,-0.0
q3,2025-03-20,18,118,-0.0
q3,2025-03-20,18,119,-0.0
q3,2025-03-20,18,120,-0.0
q3,2025-03-20,18,121,-0.0
q3,2025-03-20,18,122,-0.0
q3,2025-03-20,18,123,-0.0
q3,2025-03-20,18,124,-0.0
q3,2025-03-20,18,125,731.7452123412619
q3,2025-03-20,18,126,735.665293867061
q3,2025-03-20,18,127,739.7526224036658
q3,2025-03-20,18,128,738.193950033211
q3,2025-03-20,18,129,746.719632282874
q3,2025-03-20,18,130,760.4917901737649
q3,2025-03-20,18,131,687.3303953298723
q3,2025-03-20,18,132,1397.5920556080523
q3,2025-03-20,18,133,1377.5646872675152
q3,2025-03-20,18,134,1224.6494157411935
q3,2025-03-20,18,135,1395.806020755554
q3,2025-03-20,18,136,1400.4810904481938
q3,2025-03-20,18,137,1395.3792804086515
q3,2025-03-20,18,138,1388.7325237545156
q3,2025-03-20,18,139,1398.8384895420736
q3,2025-03-20,18,140,1408.4564447142718
q3,2025-03-20,18,141,1409.540195255935
q3,2025-03-20,18,142,1408.8251563648532
q3,2025-03-20,18,143,1399.6723822394933
q3,2025-03-20,18,144,1387.6527851186197
q3,2025-06-21,0,1,665.5744986791926
q3,2025-06-21,0,2,663.8427157438017
q3,2025-06-21,0,3,657.9810141857811
q3,2025-06-21,0,4,664.1535340366079
q3,2025-06-21,0,5,653.8063530985378
q3,2025-06-21,0,6,630.5056264474881
q3,2025-06-21,0,7,633.1328015654783
q3,2025-06-21,0,8,625.8490470724091
q3,2025-06-21,0,9,624.2453860843394
q3,2025-06-21,0,10,635.9468994626844
q3,2025-06-21,0,11,630.1093270300528
q3,2025-06-21,0,12,632.4306473975628
q3,2025-06-21,0,13,616.909989533743
q3,2025-06-21,0,14,628.0305715840632
q3,2025-06-21,0,15,623.9013522328929
q3,2025-06-21,0,16,613.7861043598783
q3,2025-06-21,0,17,614.8243874109044
q3,2025-06-21,0,18,616.8507617006965
q3,2025-06-21,0,19,611.3457667541861
q3,2025-06-21,0,20,608.8997374847996
q3,2025-06-21,0,21,604.0721260433538
q3,2025-06-21,0,22,611.6701445655308
q3,2025-06-21,0,23,608.4952048650359
q3,2025-06-21,0,24,605.4767791364745
q3,2025-06-21,0,25,597.9665068233752
q3,2025-06-21,0,26,599.5512668142474
q3,2025-06-21,0,27,600.6906781754021
q3,2025-06-21,0,28,605.565601674187
q3,2025-06-21,0,29,600.6989233967632
q3,2025-06-21,0,30,609.6023287473226
q3,2025-06-21,0,31,575.3868029107521
q3,2025-06-21,0,32,561.0367642878759
q3,2025-06-21,0,33,530.6004714906617
q3,2025-06-21,0,34,491.3472219932198
q3,2025-06-21,0,35,536.1036773235442
q3,2025-06-21,0,36,0.0
q3,2025-06-21,0,37,0.0
q3,2025-06-21,0,38,0.0
q3,2025-06-21,0,39,0.0
q3,2025-06-21,0,40,0.0
q3,2025-06-21,0,41,0.0
q3,2025-06-21,0,42,0.0
q3,2025-06-21,0,43,0.0
q3,2025-06-21,0,44,0.0
q3,2025-06-21,0,45,0.0
q3,2025-06-21,0,46,0.004898936281992728
q3,2025-06-21,0,47,0.0
q3,2025-06-21,0,48,0.0
q3,2025-06-21,0,49,0.0
q3,2025-06-21,0,50,0.0
q3,2025-06-21,0,51,0.0
q3,2025-06-21,0,52,0.0
q3,2025-06-21,0,53,0.0
q3,2025-06-21,0,54,0.0
q3,2025-06-21,0,55,0.0
q3,2025-06-21,0,56,0.0
q3,2025-06-21,0,57,0.0
q3,2025-06-21,0,58,0.0
q3,2025-06-21,0,59,0.0
q3,2025-06-21,0,60,0.0
q3,2025-06-21,0,61,0.0
q3,2025-06-21,0,62,0.0
q3,2025-06-21,0,63,0.0
q3,2025-06-21,0,64,0.0
q3,2025-06-21,0,65,0.0
q3,2025-06-21,0,66,128.90889944402528
q3,2025-06-21,0,67,681.6873528444867
q3,2025-06-21,0,68,649.8657237430799
q3,2025-06-21,0,69,644.4375732623665
q3,2025-06-21,0,70,632.2717978182759
q3,2025-06-21,0,71,600.6550246633726
q3,2025-06-21,0,72,521.4673045255016
q3,2025-06-21,0,73,513.6477983915428
q3,2025-06-21,0,74,531.7266615805127
q3,2025-06-21,0,75,520.1994102867578
q3,2025-06-21,0,76,516.7658093235914
q3,2025-06-21,0,77,0.0
q3,2025-06-21,0,78,0.0
q3,2025-06-21,0,79,0.0
q3,2025-06-21,0,80,0.0
q3,2025-06-21,0,81,0.0
q3,2025-06-21,0,82,0.0
q3,2025-06-21,0,83,0.0
q3,2025-06-21,0,84,0.0
q3,2025-06-21,0,85,0.0
q3,2025-06-21,0,86,0.0
q3,2025-06-21,0,87,0.0
q3,2025-06-21,0,88,0.0
q3,2025-06-21,0,89,0.0
q3,2025-06-21,0,90,69.37205172186009
q3,2025-06-21,0,91,782.2666142553726
q3,2025-06-21,0,92,207.0631815792359
q3,2025-06-21,0,93,273.21346668750175
q3,2025-06-21,0,94,345.5555040951906
q3,2025-06-21,0,95,430.34098450056285
q3,2025-06-21,0,96,514.2007837455147
q3,2025-06-21,0,97,549.6919137392929
q3,2025-06-21,0,98,573.3109640521959
q3,2025-06-21,0,99,592.9044188598612
q3,2025-06-21,0,100,624.288737805298
q3,2025-06-21,0,101,666.7880658137044
q3,2025-06-21,0,102,696.8339596414482
q3,2025-06-21,0,103,728.1566829170799
q3,2025-06-21,0,104,755.6695492323862
q3,2025-06-21,0,105,815.935923289499
q3,2025-06-21,0,106,891.6930812380891
q3,2025-06-21,0,107,816.9465121781076
q3,2025-06-21,0,108,671.0650580788409
q3,2025-06-21,0,109,682.2908024567691
q3,2025-06-21,0,110,735.8174213673783
q3,2025-06-21,0,111,772.4355173236673
q3,2025-06-21,0,112,810.422783098149
q3,2025-06-21,0,113,833.3158160529714
q3,2025-06-21,0,114,11.001249717460496
q3,2025-06-21,0,115,18.12124840980937
q3,2025-06-21,0,116,36.85487288831871
q3,2025-06-21,0,117,27.290352156322797
q3,2025-06-21,0,118,9.884574931995871
q3,2025-06-21,0,119,8.29758088886831
q3,2025-06-21,0,120,23.557445087471365
q3,2025-06-21,0,121,25.9390806631111
q3,2025-06-21,0,122,564.0403336400802
q3,2025-06-21,0,123,43.044535045005205
q3,2025-06-21,0,124,24.627564112214714
q3,2025-06-21,0,125,871.8791898816023
q3,2025-06-21,0,126,879.1249607683362
q3,2025-06-21,0,127,864.418284793083
q3,2025-06-21,0,128,857.9112229382945
q3,2025-06-21,0,129,872.3185908161922
q3,2025-06-21,0,130,874.4216577836861
q3,2025-06-21,0,131,790.7308864978646
q3,2025-06-21,0,132,1507.7001365949404
q3,2025-06-21,0,133,1491.2410612398633
q3,2025-06-21,0,134,1334.2106361665938
q3,2025-06-21,0,135,1510.827255700914
q3,2025-06-21,0,136,1514.8466326424675
q3,2025-06-21,0,137,1508.7663618134036
q3,2025-06-21,0,138,1509.2927380260019
q3,2025-06-21,0,139,1508.478746394493
q3,2025-06-21,0,140,1496.6751886572017
q3,2025-06-21,0,141,1508.178319010058
q3,2025-06-21,0,142,1496.63885508378
q3,2025-06-21,0,143,1497.5305538789664
q3,2025-06-21,0,144,1512.3441143033965
q3,2025-06-21,6,37,-0.0
q3,2025-06-21,6,38,-0.0
q3,2025-06-21,6,39,-0.0
q3,2025-06-21,6,40,-0.0
q3,2025-06-21,6,41,-0.0
q3,2025-06-21,6,42,-0.0
q3,2025-06-21,6,43,-0.0
q3,2025-06-21,6,44,-0.0
q3,2025-06-21,6,45,-0.0
q3,2025-06-21,6,46,0.0018275303312483204
q3,2025-06-21,6,47,-0.0
q3,2025-06-21,6,48,-0.0
q3,2025-06-21,6,49,-0.0
q3,2025-06-21,6,50,-0.0
q3,2025-06-21,6,51,-0.0
q3,2025-06-21,6,52,-0.0
q3,2025-06-21,6,53,-0.0
q3,2025-06-21,6,54,-0.0
q3,2025-06-21,6,55,-0.0
q3,2025-06-21,6,56,-0.0
q3,2025-06-21,6,57,-0.0
q3,2025-06-21,6,58,-0.0
q3,2025-06-21,6,59,-0.0
q3,2025-06-21,6,60,-0.0
q3,2025-06-21,6,61,-0.0
q3,2025-06-21,6,62,-0.0
q3,2025-06-21,6,63,-0.0
q3,2025-06-21,6,64,-0.0
q3,2025-06-21,6,65,-0.0
q3,2025-06-21,6,66,-0.0
q3,2025-06-21,6,67,678.5719015802986
q3,2025-06-21,6,68,-0.0
q3,2025-06-21,6,69,-0.0
q3,2025-06-21,6,70,208.2636398363095
q3,2025-06-21,6,71,600.6550246633726
q3,2025-06-21,6,72,521.4673045255016
q3,2025-06-21,6,73,513.6477983915428
q3,2025-06-21,6,74,531.7266615805127
q3,2025-06-21,6,75,520.1994102867578
q3,2025-06-21,6,76,502.8026077178156
q3,2025-06-21,6,77,-0.0
q3,2025-06-21,6,78,-0.0
q3,2025-06-21,6,79,-0.0
q3,2025-06-21,6,80,-0.0
q3,2025-06-21,6,81,-0.0
q3,2025-06-21,6,82,-0.0
q3,2025-06-21,6,83,-0.0
q3,2025-06-21,6,84,-0.0
q3,2025-06-21,6,85,-0.0
q3,2025-06-21,6,86,-0.0
q3,2025-06-21,6,87,-0.0
q3,2025-06-21,6,88,-0.0
q3,2025-06-21,6,89,-0.0
q3,2025-06-21,6,90,79.11873197586377
q3,2025-06-21,6,91,782.2666142553726
q3,2025-06-21,6,92,207.0631815792359
q3,2025-06-21,6,93,273.21346668750175
q3,2025-06-21,6,94,345.5555040951906
q3,2025-06-21,6,95,430.34098450056285
q3,2025-06-21,6,96,514.2007837455147
q3,2025-06-21,6,97,549.6919137392929
q3,2025-06-21,6,98,573.3109640521959
q3,2025-06-21,6,99,592.9044188598612
q3,2025-06-21,6,100,624.288737805298
q3,2025-06-21,6,101,666.7880658137044
q3,2025-06-21,6,102,696.8339596414482
q3,2025-06-21,6,103,728.1566829170799
q3,2025-06-21,6,104,755.6695492323862
q3,2025-06-21,6,105,815.935923289499
q3,2025-06-21,6,106,896.1777799844275
q3,2025-06-21,6,107,832.0056105703923
q3,2025-06-21,6,108,695.6459371651649
q3,2025-06-21,6,109,693.6238679649982
q3,2025-06-21,6,110,756.153722906357
q3,2025-06-21,6,111,783.8392765149449
q3,2025-06-21,6,112,815.3316275425931
q3,2025-06-21,6,113,839.6165327196397
q3,2025-06-21,6,114,11.0507663841272
q3,2025-06-21,6,115,18.12124840980937
q3,2025-06-21,6,116,36.887883999429846
q3,2025-06-21,6,117,27.339102156322838
q3,2025-06-21,6,118,9.90108048755144
q3,2025-06-21,6,119,8.310361444423961
q3,2025-06-21,6,120,23.557445087471365
q3,2025-06-21,6,121,25.9390806631111
q3,2025-06-21,6,122,564.0403336400802
q3,2025-06-21,6,123,43.044535045005205
q3,2025-06-21,6,124,24.627564112214714
q3,2025-06-21,6,125,871.8791898816023
q3,2025-06-21,6,126,879.1249607683362
q3,2025-06-21,6,127,864.418284793083
q3,2025-06-21,6,128,857.9112229382945
q3,2025-06-21,6,129,872.3185908161922
q3,2025-06-21,6,130,874.4216577836861
q3,2025-06-21,6,131,790.7308864978646
q3,2025-06-21,6,132,1507.7001365949404
q3,2025-06-21,6,133,1491.2410612398633
q3,2025-06-21,6,134,1334.2106361665938
q3,2025-06-21,6,135,1510.827255700914
q3,2025-06-21,6,136,1514.8466326424675
q3,2025-06-21,6,137,1508.7663618134036
q3,2025-06-21,6,138,1509.2927380260019
q3,2025-06-21,6,139,1508.478746394493
q3,2025-06-21,6,140,1496.6751886572017
q3,2025-06-21,6,141,1508.178319010058
q3,2025-06-21,6,142,1496.63885508378
q3,2025-06-21,6,143,1497.5305538789664
q3,2025-06-21,6,144,1512.3441143033965
q3,2025-06-21,12,73,-0.0
q3,2025-06-21,12,74,-0.0
q3,2025-06-21,12,75,-0.0
q3,2025-06-21,12,76,-0.0
q3,2025-06-21,12,77,-0.0
q3,2025-06-21,12,78,-0.0
q3,2025-06-21,12,79,-0.0
q3,2025-06-21,12,80,-0.0
q3,2025-06-21,12,81,-0.0
q3,2025-06-21,12,82,-0.0
q3,2025-06-21,12,83,0.0006706526828202988
q3,2025-06-21,12,84,-0.0
q3,2025-06-21,12,85,-0.0
q3,2025-06-21,12,86,-0.0
q3,2025-06-21,12,87,-0.0
q3,2025-06-21,12,88,-0.0
q3,2025-06-21,12,89,-0.0
q3,2025-06-21,12,90,183.86871778225077
q3,2025-06-21,12,91,878.0713038150816
q3,2025-06-21,12,92,258.1171683801633
q3,2025-06-21,12,93,311.6353272463224
q3,2025-06-21,12,94,355.30437990212386
q3,2025-06-21,12,95,430.34098450056285
q3,2025-06-21,12,96,514.2007837455147
q3,2025-06-21,12,97,549.6919137392929
q3,2025-06-21,12,98,573.3109640521959
q3,2025-06-21,12,99,592.9044188598612
q3,2025-06-21,12,100,624.288737805298
q3,2025-06-21,12,101,666.7880658137044
q3,2025-06-21,12,102,696.8339596414482
q3,2025-06-21,12,103,728.1566829170799
q3,2025-06-21,12,104,755.6695492323862
q3,2025-06-21,12,105,815.935923289499
q3,2025-06-21,12,106,891.6930812380891
q3,2025-06-21,12,107,820.9785735502132
q3,2025-06-21,12,108,687.7796596115661
q3,2025-06-21,12,109,691.5405426926196
q3,2025-06-21,12,110,740.7505577865272
q3,2025-06-21,12,111,781.1310527196249
q3,2025-06-21,12,112,814.9601691601754
q3,2025-06-21,12,113,839.5181822012325
q3,2025-06-21,12,114,11.02878305079389
q3,2025-06-21,12,115,18.12124840980937
q3,2025-06-21,12,116,36.87322844387427
q3,2025-06-21,12,117,27.32071882298942
q3,2025-06-21,12,118,9.893752709773707
q3,2025-06-21,12,119,8.321297555535125
q3,2025-06-21,12,120,23.557445087471365
q3,2025-06-21,12,121,25.9390806631111
q3,2025-06-21,12,122,564.0403336400802
q3,2025-06-21,12,123,43.044535045005205
q3,2025-06-21,12,124,24.627564112214714
q3,2025-06-21,12,125,871.8791898816023
q3,2025-06-21,12,126,879.1249607683362
q3,2025-06-21,12,127,864.418284793083
q3,2025-06-21,12,128,857.9112229382945
q3,2025-06-21,12,129,872.3185908161922
q3,2025-06-21,12,130,874.4216577836861
q3,2025-06-21,12,131,790.7308864978646
q3,2025-06-21,12,132,1507.7001365949404
q3,2025-06-21,12,133,1491.2410612398633
q3,2025-06-21,12,134,1334.2106361665938
q3,2025-06-21,12,135,1510.827255700914
q3,2025-06-21,12,136,1514.8466326424675
q3,2025-06-21,12,137,1508.7663618134036
q3,2025-06-21,12,138,1509.2927380260019
q3,2025-06-21,12,139,1508.478746394493
q3,2025-06-21,12,140,1496.6751886572017
q3,2025-06-21,12,141,1508.178319010058
q3,2025-06-21,12,142,1496.63885508378
q3,2025-06-21,12,143,1497.5305538789664
q3,2025-06-21,12,144,1512.3441143033965
q3,2025-06-21,18,109,674.0901124094429
q3,2025-06-21,18,110,735.6482966754161
q3,2025-06-21,18,111,776.1365761163528
q3,2025-06-21,18,112,810.4226790634889
q3,2025-06-21,18,113,836.6036489398174
q3,2025-06-21,18,114,11.001249717460496
q3,2025-06-21,18,115,18.12124840980937
q3,2025-06-21,18,116,36.85487288831871
q3,2025-06-21,18,117,27.290352156322797
q3,2025-06-21,18,118,9.884574931995871
q3,2025-06-21,18,119,8.305372555535087
q3,2025-06-21,18,120,23.557445087471365
q3,2025-06-21,18,121,25.9390806631111
q3,2025-06-21,18,122,564.0403336400802
q3,2025-06-21,18,123,43.044535045005205
q3,2025-06-21,18,124,24.627564112214714
q3,2025-06-21,18,125,871.8791898816023
q3,2025-06-21,18,126,879.1249607683362
q3,2025-06-21,18,127,864.418284793083
q3,2025-06-21,18,128,857.9112229382945
q3,2025-06-21,18,129,872.3185908161922
q3,2025-06-21,18,130,874.4216577836861
q3,2025-06-21,18,131,790.7308864978646
q3,2025-06-21,18,132,1507.7001365949404
q3,2025-06-21,18,133,1491.2410612398633
q3,2025-06-21,18,134,1334.2106361665938
q3,2025-06-21,18,135,1510.827255700914
q3,2025-06-21,18,136,1514.8466326424675
q3,2025-06-21,18,137,1508.7663618134036
q3,2025-06-21,18,138,1509.2927380260019
q3,2025-06-21,18,139,1508.478746394493
q3,2025-06-21,18,140,1496.6751886572017
q3,2025-06-21,18,141,1508.178319010058
q3,2025-06-21,18,142,1496.63885508378
q3,2025-06-21,18,143,1497.5305538789664
q3,2025-06-21,18,144,1512.3441143033965
q3,2025-09-23,0,1,726.0086508688511
q3,2025-09-23,0,2,703.9726907473647
q3,2025-09-23,0,3,696.6567948231534
q3,2025-09-23,0,4,708.4526047369656
q3,2025-09-23,0,5,713.3156734816439
q3,2025-09-23,0,6,711.0490790782575
q3,2025-09-23,0,7,699.9463834502776
q3,2025-09-23,0,8,680.2515870245986
q3,2025-09-23,0,9,678.0223883923751
q3,2025-09-23,0,10,691.4682926308387
q3,2025-09-23,0,11,676.2352150007204
q3,2025-09-23,0,12,668.2634531369753
q3,2025-09-23,0,13,689.2672299108995
q3,2025-09-23,0,14,702.320575427019
q3,2025-09-23,0,15,676.3996317450603
q3,2025-09-23,0,16,697.8822247382292
q3,2025-09-23,0,17,686.5957214383848
q3,2025-09-23,0,18,671.9716279277418
q3,2025-09-23,0,19,672.4905013055853
q3,2025-09-23,0,20,686.7993431453066
q3,2025-09-23,0,21,681.0291043779382
q3,2025-09-23,0,22,681.9870511196682
q3,2025-09-23,0,23,671.7719900162931
q3,2025-09-23,0,24,664.2670116715806
q3,2025-09-23,0,25,662.8663022915854
q3,2025-09-23,0,26,679.5962989089744
q3,2025-09-23,0,27,678.3048884408527
q3,2025-09-23,0,28,672.3781010003191
q3,2025-09-23,0,29,659.830817544268
q3,2025-09-23,0,30,654.19167996128
q3,2025-09-23,0,31,650.7525667307686
q3,2025-09-23,0,32,651.2511768705106
q3,2025-09-23,0,33,660.343842258244
q3,2025-09-23,0,34,630.0938069500578
q3,2025-09-23,0,35,706.0247239221186
q3,2025-09-23,0,36,0.0
q3,2025-09-23,0,37,0.0
q3,2025-09-23,0,38,0.0
q3,2025-09-23,0,39,0.0
q3,2025-09-23,0,40,0.0
q3,2025-09-23,0,41,0.0
q3,2025-09-23,0,42,71.94938661468666
q3,2025-09-23,0,43,509.06485221413175
q3,2025-09-23,0,44,457.76131633874724
q3,2025-09-23,0,45,384.69499562943344
q3,2025-09-23,0,46,305.1549777319682
q3,2025-09-23,0,47,0.0
q3,2025-09-23,0,48,0.0
q3,2025-09-23,0,49,0.0
q3,2025-09-23,0,50,0.0
q3,2025-09-23,0,51,0.0
q3,2025-09-23,0,52,0.0
q3,2025-09-23,0,53,0.0
q3,2025-09-23,0,54,0.0
q3,2025-09-23,0,55,0.0
q3,2025-09-23,0,56,0.0
q3,2025-09-23,0,57,0.0
q3,2025-09-23,0,58,0.0
q3,2025-09-23,0,59,0.0
q3,2025-09-23,0,60,0.0
q3,2025-09-23,0,61,0.0
q3,2025-09-23,0,62,0.0
q3,2025-09-23,0,63,0.0
q3,2025-09-23,0,64,0.0
q3,2025-09-23,0,65,6.2025338469975395
q3,2025-09-23,0,66,827.5912847327832
q3,2025-09-23,0,67,780.2836157455104
q3,2025-09-23,0,68,737.8053580921148
q3,2025-09-23,0,69,675.9304684132458
q3,2025-09-23,0,70,632.8014756720236
q3,2025-09-23,0,71,557.1422547507002
q3,2025-09-23,0,72,461.25171017763205
q3,2025-09-23,0,73,486.3537920684364
q3,2025-09-23,0,74,537.1870132430695
q3,2025-09-23,0,75,563.8919127236177
q3,2025-09-23,0,76,577.4441480655539
q3,2025-09-23,0,77,638.7796786692763
q3,2025-09-23,0,78,0.0
q3,2025-09-23,0,79,0.0
q3,2025-09-23,0,80,0.0
q3,2025-09-23,0,81,0.0
q3,2025-09-23,0,82,0.0
q3,2025-09-23,0,83,0.0
q3,2025-09-23,0,84,0.0
q3,2025-09-23,0,85,0.0
q3,2025-09-23,0,86,0.0
q3,2025-09-23,0,87,0.0
q3,2025-09-23,0,88,0.0
q3,2025-09-23,0,89,0.0
q3,2025-09-23,0,90,1276.3597674786288
q3,2025-09-23,0,91,1302.442926126539
q3,2025-09-23,0,92,490.6098084684327
q3,2025-09-23,0,93,528.9096804855863
q3,2025-09-23,0,94,557.518141903892
q3,2025-09-23,0,95,593.1705962429062
q3,2025-09-23,0,96,648.1953131709503
q3,2025-09-23,0,97,699.3916179295628
q3,2025-09-23,0,98,753.6899322680264
q3,2025-09-23,0,99,816.5467899858006
q3,2025-09-23,0,100,882.2852930258816
q3,2025-09-23,0,101,915.196015273395
q3,2025-09-23,0,102,965.4984022082351
q3,2025-09-23,0,103,1003.1598543149794
q3,2025-09-23,0,104,1023.813128312679
q3,2025-09-23,0,105,1092.3816712773516
q3,2025-09-23,0,106,1155.9357479386128
q3,2025-09-23,0,107,1071.2023125782591
q3,2025-09-23,0,108,894.3443551527072
q3,2025-09-23,0,109,888.6739401961295
q3,2025-09-23,0,110,914.7164397389339
q3,2025-09-23,0,111,909.0641928175385
q3,2025-09-23,0,112,912.8493181365704
q3,2025-09-23,0,113,909.8692276572694
q3,2025-09-23,0,114,72.77581970121969
q3,2025-09-23,0,115,64.47734189684559
q3,2025-09-23,0,116,86.09555449534423
q3,2025-09-23,0,117,77.44003711332084
q3,2025-09-23,0,118,91.72102630067843
q3,2025-09-23,0,119,99.62624968289106
q3,2025-09-23,0,120,93.50302089539719
q3,2025-09-23,0,121,94.61482643202623
q3,2025-09-23,0,122,608.1908242665057
q3,2025-09-23,0,123,70.43481680930245
q3,2025-09-23,0,124,80.69609199204228
q3,2025-09-23,0,125,920.3957880449559
q3,2025-09-23,0,126,919.2904373265725
q3,2025-09-23,0,127,915.6299496352245
q3,2025-09-23,0,128,909.2102977720131
q3,2025-09-23,0,129,913.2095224749219
q3,2025-09-23,0,130,943.3242905057293
q3,2025-09-23,0,131,866.7797601226916
q3,2025-09-23,0,132,1568.9028279628624
q3,2025-09-23,0,133,1555.2717534875503
q3,2025-09-23,0,134,1402.7715472105215
q3,2025-09-23,0,135,1558.8681182879
q3,2025-09-23,0,136,1563.5451959533787
q3,2025-09-23,0,137,1567.8747092084677
q3,2025-09-23,0,138,1554.0027714588625
q3,2025-09-23,0,139,1552.9008667022727
q3,2025-09-23,0,140,1544.4706546811103
q3,2025-09-23,0,141,1555.1573663483161
q3,2025-09-23,0,142,1559.989342755905
q3,2025-09-23,0,143,1544.8619665746546
q3,2025-09-23,0,144,1565.0397755848355
q3,2025-09-23,6,37,-0.0
q3,2025-09-23,6,38,-0.0
q3,2025-09-23,6,39,-0.0
q3,2025-09-23,6,40,-0.0
q3,2025-09-23,6,41,-0.0
q3,2025-09-23,6,42,-0.0
q3,2025-09-23,6,43,-0.0
q3,2025-09-23,6,44,327.4556528719047
q3,2025-09-23,6,45,382.47629802053933
q3,2025-09-23,6,46,290.4983000765334
q3,2025-09-23,6,47,-0.0
q3,2025-09-23,6,48,-0.0
q3,2025-09-23,6,49,-0.0
q3,2025-09-23,6,50,-0.0
q3,2025-09-23,6,51,-0.0
q3,2025-09-23,6,52,-0.0
q3,2025-09-23,6,53,-0.0
q3,2025-09-23,6,54,-0.0
q3,2025-09-23,6,55,-0.0
q3,2025-09-23,6,56,-0.0
q3,2025-09-23,6,57,-0.0
q3,2025-09-23,6,58,-0.0
q3,2025-09-23,6,59,-0.0
q3,2025-09-23,6,60,-0.0
q3,2025-09-23,6,61,-0.0
q3,2025-09-23,6,62,-0.0
q3,2025-09-23,6,63,-0.0
q3,2025-09-23,6,64,-0.0
q3,2025-09-23,6,65,-0.0
q3,2025-09-23,6,66,697.6218828916928
q3,2025-09-23,6,67,658.9362794866013
q3,2025-09-23,6,68,619.4433336075572
q3,2025-09-23,6,69,591.4323293205437
q3,2025-09-23,6,70,564.2080604524142
q3,2025-09-23,6,71,498.700392574734
q3,2025-09-23,6,72,417.5247697146309
q3,2025-09-23,6,73,445.200669425898
q3,2025-09-23,6,74,475.3378002192396
q3,2025-09-23,6,75,491.7964852111845
q3,2025-09-23,6,76,511.70544566852334
q3,2025-09-23,6,77,220.5715970740934
q3,2025-09-23,6,78,-0.0
q3,2025-09-23,6,79,-0.0
q3,2025-09-23,6,80,-0.0
q3,2025-09-23,6,81,-0.0
q3,2025-09-23,6,82,-0.0
q3,2025-09-23,6,83,-0.0
q3,2025-09-23,6,84,-0.0
q3,2025-09-23,6,85,-0.0
q3,2025-09-23,6,86,-0.0
q3,2025-09-23,6,87,-0.0
q3,2025-09-23,6,88,-0.0
q3,2025-09-23,6,89,-0.0
q3,2025-09-23,6,90,706.998328093276
q3,2025-09-23,6,91,1268.532184485172
q3,2025-09-23,6,92,464.31156376061676
q3,2025-09-23,6,93,502.2898631855344
q3,2025-09-23,6,94,540.9853962625405
q3,2025-09-23,6,95,563.8384661531115
q3,2025-09-23,6,96,598.4255292570708
q3,2025-09-23,6,97,650.0775977540377
q3,2025-09-23,6,98,697.4384571284511
q3,2025-09-23,6,99,783.9469474477266
q3,2025-09-23,6,100,832.0552170231119
q3,2025-09-23,6,101,873.0636409619186
q3,2025-09-23,6,102,938.9219918167648
q3,2025-09-23,6,103,983.712175889053
q3,2025-09-23,6,104,1008.545869134009
q3,2025-09-23,6,105,1055.462154381542
q3,2025-09-23,6,106,1145.4405898065977
q3,2025-09-23,6,107,1071.2023125782591
q3,2025-09-23,6,108,894.3443551527072
q3,2025-09-23,6,109,888.562171553984
q3,2025-09-23,6,110,914.7164397389339
q3,2025-09-23,6,111,909.3726557372067
q3,2025-09-23,6,112,912.8493181365704
q3,2025-09-23,6,113,909.8692276572694
q3,2025-09-23,6,114,72.77581970121969
q3,2025-09-23,6,115,64.47734189684559
q3,2025-09-23,6,116,86.09555449534423
q3,2025-09-23,6,117,77.44003711332084
q3,2025-09-23,6,118,91.72102630067843
q3,2025-09-23,6,119,99.62624968289106
q3,2025-09-23,6,120,93.50302089539719
q3,2025-09-23,6,121,94.61482643202623
q3,2025-09-23,6,122,608.1908242665057
q3,2025-09-23,6,123,70.43481680930245
q3,2025-09-23,6,124,80.69609199204228
q3,2025-09-23,6,125,920.3957880449559
q3,2025-09-23,6,126,919.2904373265725
q3,2025-09-23,6,127,915.6299496352245
q3,2025-09-23,6,128,909.2102977720131
q3,2025-09-23,6,129,913.2095224749219
q3,2025-09-23,6,130,943.3242905057293
q3,2025-09-23,6,131,866.7797601226916
q3,2025-09-23,6,132,1568.9028279628624
q3,2025-09-23,6,133,1555.2717534875503
q3,2025-09-23,6,134,1402.7715472105215
q3,2025-09-23,6,135,1558.8681182879
q3,2025-09-23,6,136,1563.5451959533787
q3,2025-09-23,6,137,1567.8747092084677
q3,2025-09-23,6,138,1554.0027714588625
q3,2025-09-23,6,139,1552.9008667022727
q3,2025-09-23,6,140,1544.4706546811103
q3,2025-09-23,6,141,1555.1573663483161
q3,2025-09-23,6,142,1559.989342755905
q3,2025-09-23,6,143,1544.8619665746546
q3,2025-09-23,6,144,1565.0397755848355
q3,2025-09-23,12,73,468.6857193359242
q3,2025-09-23,12,74,-0.0
q3,2025-09-23,12,75,10.243287004308286
q3,2025-09-23,12,76,498.3329061442589
q3,2025-09-23,12,77,-0.0
q3,2025-09-23,12,78,-0.0
q3,2025-09-23,12,79,-0.0
q3,2025-09-23,12,80,-0.0
q3,2025-09-23,12,81,-0.0
q3,2025-09-23,12,82,-0.0
q3,2025-09-23,12,83,-0.0
q3,2025-09-23,12,84,-0.0
q3,2025-09-23,12,85,-0.0
q3,2025-09-23,12,86,-0.0
q3,2025-09-23,12,87,-0.0
q3,2025-09-23,12,88,-0.0
q3,2025-09-23,12,89,9.903409163353557e-05
q3,2025-09-23,12,90,419.1949694151799
q3,2025-09-23,12,91,1220.5399061770881
q3,2025-09-23,12,92,419.0868323332563
q3,2025-09-23,12,93,453.27308160282905
q3,2025-09-23,12,94,498.2502672755386
q3,2025-09-23,12,95,541.7089437147453
q3,2025-09-23,12,96,579.0431516790184
q3,2025-09-23,12,97,636.3363719853289
q3,2025-09-23,12,98,698.3677889545526
q3,2025-09-23,12,99,763.5238206560301
q3,2025-09-23,12,100,820.7140432376818
q3,2025-09-23,12,101,873.3138243279718
q3,2025-09-23,12,102,941.7513043142881
q3,2025-09-23,12,103,966.1792487545642
q3,2025-09-23,12,104,1001.0371716668305
q3,2025-09-23,12,105,1054.8802212040823
q3,2025-09-23,12,106,1136.7400508510846
q3,2025-09-23,12,107,1074.1890663924148
q3,2025-09-23,12,108,905.3989744491311
q3,2025-09-23,12,109,890.3757672528357
q3,2025-09-23,12,110,914.7164397389339
q3,2025-09-23,12,111,909.9919100770387
q3,2025-09-23,12,112,912.8493181365704
q3,2025-09-23,12,113,909.8692276572694
q3,2025-09-23,12,114,72.77581970121969
q3,2025-09-23,12,115,64.47734189684559
q3,2025-09-23,12,116,86.09555449534423
q3,2025-09-23,12,117,77.44003711332084
q3,2025-09-23,12,118,91.72102630067843
q3,2025-09-23,12,119,99.62624968289106
q3,2025-09-23,12,120,93.50302089539719
q3,2025-09-23,12,121,94.61482643202623
q3,2025-09-23,12,122,608.1908242665057
q3,2025-09-23,12,123,70.43481680930245
q3,2025-09-23,12,124,80.69609199204228
q3,2025-09-23,12,125,920.3957880449559
q3,2025-09-23,12,126,919.2904373265725
q3,2025-09-23,12,127,915.6299496352245
q3,2025-09-23,12,128,909.2102977720131
q3,2025-09-23,12,129,913.2095224749219
q3,2025-09-23,12,130,943.3242905057293
q3,2025-09-23,12,131,866.7797601226916
q3,2025-09-23,12,132,1568.9028279628624
q3,2025-09-23,12,133,1555.2717534875503
q3,2025-09-23,12,134,1402.7715472105215
q3,2025-09-23,12,135,1558.8681182879
q3,2025-09-23,12,136,1563.5451959533787
q3,2025-09-23,12,137,1567.8747092084677
q3,2025-09-23,12,138,1554.0027714588625
q3,2025-09-23,12,139,1552.9008667022727
q3,2025-09-23,12,140,1544.4706546811103
q3,2025-09-23,12,141,1555.1573663483161
q3,2025-09-23,12,142,1559.989342755905
q3,2025-09-23,12,143,1544.8619665746546
q3,2025-09-23,12,144,1565.0397755848355
q3,2025-09-23,18,109,890.9813975028355
q3,2025-09-23,18,110,914.7164397389339
q3,2025-09-23,18,111,910.5938214164013
q3,2025-09-23,18,112,912.8493181365704
q3,2025-09-23,18,113,910.0599921687681
q3,2025-09-23,18,114,72.77581970121969
q3,2025-09-23,18,115,64.47734189684559
q3,2025-09-23,18,116,86.09555449534423
q3,2025-09-23,18,117,77.44003711332084
q3,2025-09-23,18,118,91.72102630067843
q3,2025-09-23,18,119,99.62624968289106
q3,2025-09-23,18,120,93.50302089539719
q3,2025-09-23,18,121,94.61482643202623
q3,2025-09-23,18,122,608.1908242665057
q3,2025-09-23,18,123,70.43481680930245
q3,2025-09-23,18,124,80.69609199204228
q3,2025-09-23,18,125,920.3957880449559
q3,2025-09-23,18,126,919.2904373265725
q3,2025-09-23,18,127,915.6299496352245
q3,2025-09-23,18,128,909.2102977720131
q3,2025-09-23,18,129,913.2095224749219
q3,2025-09-23,18,130,943.3242905057293
q3,2025-09-23,18,131,866.7797601226916
q3,2025-09-23,18,132,1568.9028279628624
q3,2025-09-23,18,133,1555.2717534875503
q3,2025-09-23,18,134,1402.771380621103
q3,2025-09-23,18,135,1558.8681182879
q3,2025-09-23,18,136,1563.5451959533787
q3,2025-09-23,18,137,1567.8747092084677
q3,2025-09-23,18,138,1554.0027714588625
q3,2025-09-23,18,139,1552.9008667022727
q3,2025-09-23,18,140,1544.4706546811103
q3,2025-09-23,18,141,1555.1573663483161
q3,2025-09-23,18,142,1559.989342755905
q3,2025-09-23,18,143,1544.8619665746546
q3,2025-09-23,18,144,1565.0397755848355
q3,2025-12-21,0,1,571.7568129477716
q3,2025-12-21,0,2,582.7758054347864
q3,2025-12-21,0,3,587.3285432581768
q3,2025-12-21,0,4,593.9134016708408
q3,2025-12-21,0,5,604.8825153250333
q3,2025-12-21,0,6,604.6984034632555
q3,2025-12-21,0,7,598.714271799638
q3,2025-12-21,0,8,601.532892413102
q3,2025-12-21,0,9,617.0260133065183
q3,2025-12-21,0,10,609.6542540125915
q3,2025-12-21,0,11,614.5287872141209
q3,2025-12-21,0,12,634.5536880890032
q3,2025-12-21,0,13,637.1674921548575
q3,2025-12-21,0,14,637.3820030644363
q3,2025-12-21,0,15,626.6887960941922
q3,2025-12-21,0,16,631.932221707252
q3,2025-12-21,0,17,638.379382131017
q3,2025-12-21,0,18,645.9212501758847
q3,2025-12-21,0,19,646.9508614642928
q3,2025-12-21,0,20,650.6684091184633
q3,2025-12-21,0,21,652.6142696220699
q3,2025-12-21,0,22,651.2604813309616
q3,2025-12-21,0,23,657.1948689979235
q3,2025-12-21,0,24,660.3278463986999
q3,2025-12-21,0,25,670.1913277936626
q3,2025-12-21,0,26,657.7684577458995
q3,2025-12-21,0,27,672.2625184618232
q3,2025-12-21,0,28,683.5273540102063
q3,2025-12-21,0,29,663.8593542867458
q3,2025-12-21,0,30,670.6547148726133
q3,2025-12-21,0,31,681.115972449761
q3,2025-12-21,0,32,696.9550517876271
q3,2025-12-21,0,33,681.2678773624096
q3,2025-12-21,0,34,661.7550029849325
q3,2025-12-21,0,35,754.0910438015885
q3,2025-12-21,0,36,882.3315013871265
q3,2025-12-21,0,37,232.03466859306525
q3,2025-12-21,0,38,874.8907815663017
q3,2025-12-21,0,39,877.62744914469
q3,2025-12-21,0,40,883.6248682781048
q3,2025-12-21,0,41,873.6100318885951
q3,2025-12-21,0,42,883.5136019386397
q3,2025-12-21,0,43,851.8401453819482
q3,2025-12-21,0,44,800.4137302804603
q3,2025-12-21,0,45,747.816799013786
q3,2025-12-21,0,46,1510.0304875916536
q3,2025-12-21,0,47,754.9230277019735
q3,2025-12-21,0,48,85.23847439651627
q3,2025-12-21,0,49,76.62133684667174
q3,2025-12-21,0,50,0.0
q3,2025-12-21,0,51,0.0
q3,2025-12-21,0,52,0.0
q3,2025-12-21,0,53,0.0
q3,2025-12-21,0,54,0.0
q3,2025-12-21,0,55,0.0
q3,2025-12-21,0,56,0.0
q3,2025-12-21,0,57,0.0
q3,2025-12-21,0,58,474.8552495432673
q3,2025-12-21,0,59,439.463711150055
q3,2025-12-21,0,60,0.0
q3,2025-12-21,0,61,0.0
q3,2025-12-21,0,62,0.0
q3,2025-12-21,0,63,375.37374654683003
q3,2025-12-21,0,64,0.0
q3,2025-12-21,0,65,358.3716692445572
q3,2025-12-21,0,66,1179.8671035358948
q3,2025-12-21,0,67,1149.1571604687383
q3,2025-12-21,0,68,1124.5505165282862
q3,2025-12-21,0,69,1112.774548557449
q3,2025-12-21,0,70,1106.7651055214224
q3,2025-12-21,0,71,1061.658607386566
q3,2025-12-21,0,72,1003.3737334421127
q3,2025-12-21,0,73,975.90663466786
q3,2025-12-21,0,74,964.966944977192
q3,2025-12-21,0,75,996.7270354495961
q3,2025-12-21,0,76,961.9909290279691
q3,2025-12-21,0,77,964.3230341648983
q3,2025-12-21,0,78,165.99437755898805
q3,2025-12-21,0,79,182.44649254588842
q3,2025-12-21,0,80,199.53630017082048
q3,2025-12-21,0,81,226.73829838410427
q3,2025-12-21,0,82,245.6963763732191
q3,2025-12-21,0,83,245.9123574731576
q3,2025-12-21,0,84,0.0
q3,2025-12-21,0,85,0.0
q3,2025-12-21,0,86,0.0
q3,2025-12-21,0,87,0.0
q3,2025-12-21,0,88,0.0
q3,2025-12-21,0,89,0.06886869102576795
q3,2025-12-21,0,90,1369.2965714031416
q3,2025-12-21,0,91,1412.811836203782
q3,2025-12-21,0,92,1467.8601926855515
q3,2025-12-21,0,93,1515.8025678650974
q3,2025-12-21,0,94,927.7334903374838
q3,2025-12-21,0,95,766.9000957104597
q3,2025-12-21,0,96,808.1195676795915
q3,2025-12-21,0,97,844.2443789027409
q3,2025-12-21,0,98,881.6080486020594
q3,2025-12-21,0,99,912.5336623351516
q3,2025-12-21,0,100,953.1325442742
q3,2025-12-21,0,101,992.8196246057083
q3,2025-12-21,0,102,1017.2324317451222
q3,2025-12-21,0,103,1010.3560127259911
q3,2025-12-21,0,104,998.3375294976765
q3,2025-12-21,0,105,1010.0220028714805
q3,2025-12-21,0,106,1037.844763793672
q3,2025-12-21,0,107,914.2232886826416
q3,2025-12-21,0,108,710.1393851669161
q3,2025-12-21,0,109,542.9261631932193
q3,2025-12-21,0,110,719.3030674241442
q3,2025-12-21,0,111,702.9464750710073
q3,2025-12-21,0,112,700.6539573747843
q3,2025-12-21,0,113,0.0
q3,2025-12-21,0,114,0.0
q3,2025-12-21,0,115,0.0
q3,2025-12-21,0,116,0.0
q3,2025-12-21,0,117,0.0
q3,2025-12-21,0,118,0.0
q3,2025-12-21,0,119,0.0
q3,2025-12-21,0,120,0.0
q3,2025-12-21,0,121,0.0
q3,2025-12-21,0,122,0.0
q3,2025-12-21,0,123,0.0
q3,2025-12-21,0,124,0.0
q3,2025-12-21,0,125,721.2481415530189
q3,2025-12-21,0,126,719.438263448744
q3,2025-12-21,0,127,719.9516893050436
q3,2025-12-21,0,128,715.3580907094286
q3,2025-12-21,0,129,718.0304654387625
q3,2025-12-21,0,130,739.0117735955502
q3,2025-12-21,0,131,661.2998158694578
q3,2025-12-21,0,132,1378.2601497527592
q3,2025-12-21,0,133,1371.9705958235943
q3,2025-12-21,0,134,1219.8820949881433
q3,2025-12-21,0,135,1375.5909707312067
q3,2025-12-21,0,136,1377.3383672239381
q3,2025-12-21,0,137,1376.5188488163747
q3,2025-12-21,0,138,1383.2327666126296
q3,2025-12-21,0,139,1400.2884746085779
q3,2025-12-21,0,140,1408.2729637157909
q3,2025-12-21,0,141,1402.0421198463737
q3,2025-12-21,0,142,1412.387233196701
q3,2025-12-21,0,143,1408.7365078115442
q3,2025-12-21,0,144,1413.4242035270336
q3,2025-12-21,6,37,232.03466859306525
q3,2025-12-21,6,38,874.7382502700053
q3,2025-12-21,6,39,877.5558688669122
q3,2025-12-21,6,40,883.5294279077344
q3,2025-12-21,6,41,873.6100318885951
q3,2025-12-21,6,42,883.3920747164175
q3,2025-12-21,6,43,850.9358504745408
q3,2025-12-21,6,44,798.2248287989787
q3,2025-12-21,6,45,747.7992967845477
q3,2025-12-21,6,46,1510.0304875916536
q3,2025-12-21,6,47,754.9230277019735
q3,2025-12-21,6,48,80.52850772984948
q3,2025-12-21,6,49,71.53313789247454
q3,2025-12-21,6,50,-0.0
q3,2025-12-21,6,51,-0.0
q3,2025-12-21,6,52,-0.0
q3,2025-12-21,6,53,-0.0
q3,2025-12-21,6,54,-0.0
q3,2025-12-21,6,55,-0.0
q3,2025-12-21,6,56,-0.0
q3,2025-12-21,6,57,-0.0
q3,2025-12-21,6,58,412.8564033051914
q3,2025-12-21,6,59,230.33601679793378
q3,2025-12-21,6,60,-0.0
q3,2025-12-21,6,61,-0.0
q3,2025-12-21,6,62,-0.0
q3,2025-12-21,6,63,296.7042586328846
q3,2025-12-21,6,64,-0.0
q3,2025-12-21,6,65,287.37552880875353
q3,2025-12-21,6,66,1118.3490063950862
q3,2025-12-21,6,67,1072.5198358395266
q3,2025-12-21,6,68,1026.5803030034836
q3,2025-12-21,6,69,993.0333731705998
q3,2025-12-21,6,70,969.7469726843972
q3,2025-12-21,6,71,907.2983990532327
q3,2025-12-21,6,72,820.6471684528573
q3,2025-12-21,6,73,825.1225067387307
q3,2025-12-21,6,74,869.9831075981558
q3,2025-12-21,6,75,893.2788738296547
q3,2025-12-21,6,76,889.2988652662896
q3,2025-12-21,6,77,913.3682965288905
q3,2025-12-21,6,78,136.57097404149454
q3,2025-12-21,6,79,168.535046444704
q3,2025-12-21,6,80,191.80107397571282
q3,2025-12-21,6,81,207.61553733008486
q3,2025-12-21,6,82,206.9217287575541
q3,2025-12-21,6,83,228.72827780808655
q3,2025-12-21,6,84,-0.0
q3,2025-12-21,6,85,-0.0
q3,2025-12-21,6,86,-0.0
q3,2025-12-21,6,87,-0.0
q3,2025-12-21,6,88,-0.0
q3,2025-12-21,6,89,0.06886869102576795
q3,2025-12-21,6,90,1369.2965714031416
q3,2025-12-21,6,91,1412.811836203782
q3,2025-12-21,6,92,1467.8601926855515
q3,2025-12-21,6,93,1515.8025678650974
q3,2025-12-21,6,94,927.7334903374838
q3,2025-12-21,6,95,766.9000957104597
q3,2025-12-21,6,96,808.1195676795915
q3,2025-12-21,6,97,844.2443789027409
q3,2025-12-21,6,98,878.2811911666817
q3,2025-12-21,6,99,906.8853067209643
q3,2025-12-21,6,100,949.842425114248
q3,2025-12-21,6,101,992.1866395230036
q3,2025-12-21,6,102,1018.8601698006778
q3,2025-12-21,6,103,1012.3972883193643
q3,2025-12-21,6,104,998.3375294976765
q3,2025-12-21,6,105,1010.0220028714805
q3,2025-12-21,6,106,1037.844763793672
q3,2025-12-21,6,107,914.2232886826416
q3,2025-12-21,6,108,710.1393851669161
q3,2025-12-21,6,109,542.9261631932193
q3,2025-12-21,6,110,719.3030674241442
q3,2025-12-21,6,111,702.9464750710073
q3,2025-12-21,6,112,700.6539573747843
q3,2025-12-21,6,113,-0.0
q3,2025-12-21,6,114,-0.0
q3,2025-12-21,6,115,-0.0
q3,2025-12-21,6,116,-0.0
q3,2025-12-21,6,117,-0.0
q3,2025-12-21,6,118,-0.0
q3,2025-12-21,6,119,-0.0
q3,2025-12-21,6,120,-0.0
q3,2025-12-21,6,121,-0.0
q3,2025-12-21,6,122,-0.0
q3,2025-12-21,6,123,-0.0
q3,2025-12-21,6,124,-0.0
q3,2025-12-21,6,125,721.2481415530189
q3,2025-12-21,6,126,719.438263448744
q3,2025-12-21,6,127,719.9516893050436
q3,2025-12-21,6,128,715.3580907094286
q3,2025-12-21,6,129,718.0304654387625
q3,2025-12-21,6,130,739.0117735955502
q3,2025-12-21,6,131,661.2998158694578
q3,2025-12-21,6,132,1378.2601497527592
q3,2025-12-21,6,133,1371.9705958235943
q3,2025-12-21,6,134,1219.8820949881433
q3,2025-12-21,6,135,1375.5909707312067
q3,2025-12-21,6,136,1377.3383672239381
q3,2025-12-21,6,137,1376.5188488163747
q3,2025-12-21,6,138,1383.2327666126296
q3,2025-12-21,6,139,1400.2884746085779
q3,2025-12-21,6,140,1408.2729637157909
q3,2025-12-21,6,141,1402.0421198463737
q3,2025-12-21,6,142,1412.387233196701
q3,2025-12-21,6,143,1408.7365078115442
q3,2025-12-21,6,144,1413.4242035270336
q3,2025-12-21,12,73,915.0642409557996
q3,2025-12-21,12,74,934.2168808372667
q3,2025-12-21,12,75,946.3097427391587
q3,2025-12-21,12,76,949.3869706537201
q3,2025-12-21,12,77,980.310194631825
q3,2025-12-21,12,78,199.90837079578455
q3,2025-12-21,12,79,219.7670986191854
q3,2025-12-21,12,80,228.79076834965144
q3,2025-12-21,12,81,247.98252338801876
q3,2025-12-21,12,82,257.58836764644275
q3,2025-12-21,12,83,272.6264889191975
q3,2025-12-21,12,84,-0.0
q3,2025-12-21,12,85,-0.0
q3,2025-12-21,12,86,-0.0
q3,2025-12-21,12,87,-0.0
q3,2025-12-21,12,88,-0.0
q3,2025-12-21,12,89,232.83763546262733
q3,2025-12-21,12,90,1420.247169646303
q3,2025-12-21,12,91,1456.3589151689748
q3,2025-12-21,12,92,1491.0801592168946
q3,2025-12-21,12,93,1527.2712235373206
q3,2025-12-21,12,94,1565.8971338135539
q3,2025-12-21,12,95,770.2130774112053
q3,2025-12-21,12,96,808.1195676795915
q3,2025-12-21,12,97,844.2443789027409
q3,2025-12-21,12,98,881.6080486020594
q3,2025-12-21,12,99,912.5336623351516
q3,2025-12-21,12,100,958.892351040174
q3,2025-12-21,12,101,996.6886121382677
q3,2025-12-21,12,102,1018.9654003562333
q3,2025-12-21,12,103,1013.0484966432678
q3,2025-12-21,12,104,1000.4849752384173
q3,2025-12-21,12,105,1010.7563690386611
q3,2025-12-21,12,106,1038.2973144418202
q3,2025-12-21,12,107,914.2232886826416
q3,2025-12-21,12,108,710.1393851669161
q3,2025-12-21,12,109,542.9261631932193
q3,2025-12-21,12,110,719.3030674241442
q3,2025-12-21,12,111,702.9464750710073
q3,2025-12-21,12,112,700.6539573747843
q3,2025-12-21,12,113,-0.0
q3,2025-12-21,12,114,-0.0
q3,2025-12-21,12,115,-0.0
q3,2025-12-21,12,116,-0.0
q3,2025-12-21,12,117,-0.0
q3,2025-12-21,12,118,-0.0
q3,2025-12-21,12,119,-0.0
q3,2025-12-21,12,120,-0.0
q3,2025-12-21,12,121,-0.0
q3,2025-12-21,12,122,-0.0
q3,2025-12-21,12,123,-0.0
q3,2025-12-21,12,124,-0.0
q3,2025-12-21,12,125,721.2481415530189
q3,2025-12-21,12,126,719.438263448744
q3,2025-12-21,12,127,719.9516893050436
q3,2025-12-21,12,128,715.3580907094286
q3,2025-12-21,12,129,718.0304654387625
q3,2025-12-21,12,130,739.0117735955502
q3,2025-12-21,12,131,661.2998158694578
q3,2025-12-21,12,132,1378.2601497527592
q3,2025-12-21,12,133,1371.9705958235943
q3,2025-12-21,12,134,1219.8820949881433
q3,2025-12-21,12,135,1375.5909707312067
q3,2025-12-21,12,136,1377.3383672239381
q3,2025-12-21,12,137,1376.5188488163747
q3,2025-12-21,12,138,1383.2327666126296
q3,2025-12-21,12,139,1400.2884746085779
q3,2025-12-21,12,140,1408.2729637157909
q3,2025-12-21,12,141,1402.0421198463737
q3,2025-12-21,12,142,1412.387233196701
q3,2025-12-21,12,143,1408.7365078115442
q3,2025-12-21,12,144,1413.4242035270336
q3,2025-12-21,18,109,639.760505434309
q3,2025-12-21,18,110,719.3030674241442
q3,2025-12-21,18,111,702.9464750710073
q3,2025-12-21,18,112,700.6539573747843
q3,2025-12-21,18,113,-0.0
q3,2025-12-21,18,114,-0.0
q3,2025-12-21,18,115,-0.0
q3,2025-12-21,18,116,-0.0
q3,2025-12-21,18,117,-0.0
q3,2025-12-21,18,118,-0.0
q3,2025-12-21,18,119,-0.0
q3,2025-12-21,18,120,-0.0
q3,2025-12-21,18,121,-0.0
q3,2025-12-21,18,122,-0.0
q3,2025-12-21,18,123,-0.0
q3,2025-12-21,18,124,-0.0
q3,2025-12-21,18,125,721.2481415530189
q3,2025-12-21,18,126,719.438263448744
q3,2025-12-21,18,127,719.9516893050436
q3,2025-12-21,18,128,715.3580907094286
q3,2025-12-21,18,129,718.0304654387625
q3,2025-12-21,18,130,739.0117735955502
q3,2025-12-21,18,131,661.2998158694578
q3,2025-12-21,18,132,1378.2601497527592
q3,2025-12-21,18,133,1371.9705958235943
q3,2025-12-21,18,134,1219.8819315161365
q3,2025-12-21,18,135,1375.5909707312067
q3,2025-12-21,18,136,1377.3383672239381
q3,2025-12-21,18,137,1376.5188488163747
q3,2025-12-21,18,138,1383.2327666126296
q3,2025-12-21,18,139,1400.2884746085779
q3,2025-12-21,18,140,1408.2729637157909
q3,2025-12-21,18,141,1402.0421198463737
q3,2025-12-21,18,142,1412.387233196701
q3,2025-12-21,18,143,1408.7365078115442
q3,2025-12-21,18,144,1413.4242035270336
q4_3,2025-03-20,0,1,579.8216987696785
q4_3,2025-03-20,0,2,575.0665562607018
q4_3,2025-03-20,0,3,578.6310722559107
q4_3,2025-03-20,0,4,579.6019364876507
q4_3,2025-03-20,0,5,588.2541134605444
q4_3,2025-03-20,0,6,601.4352178724959
q4_3,2025-03-20,0,7,599.0453758902717
q4_3,2025-03-20,0,8,595.0573422990533
q4_3,2025-03-20,0,9,597.4894475797303
q4_3,2025-03-20,0,10,598.4626951528039
q4_3,2025-03-20,0,11,600.3041431620965
q4_3,2025-03-20,0,12,601.9996368508143
q4_3,2025-03-20,0,13,606.2075124825606
q4_3,2025-03-20,0,14,608.2384184138473
q4_3,2025-03-20,0,15,605.4019718026175
q4_3,2025-03-20,0,16,603.1529631166054
q4_3,2025-03-20,0,17,606.6167511531621
q4_3,2025-03-20,0,18,620.5913377555474
q4_3,2025-03-20,0,19,616.7640427832448
q4_3,2025-03-20,0,20,615.3022054384596
q4_3,2025-03-20,0,21,626.3944615556726
q4_3,2025-03-20,0,22,623.1302929690407
q4_3,2025-03-20,0,23,624.662700671648
q4_3,2025-03-20,0,24,638.0288600854178
q4_3,2025-03-20,0,25,641.5269561839866
q4_3,2025-03-20,0,26,643.9533027499331
q4_3,2025-03-20,0,27,641.8592157594502
q4_3,2025-03-20,0,28,639.7066739527904
q4_3,2025-03-20,0,29,638.9991161478347
q4_3,2025-03-20,0,30,634.8478603803903
q4_3,2025-03-20,0,31,636.0819560234258
q4_3,2025-03-20,0,32,639.0146206429017
q4_3,2025-03-20,0,33,644.960400064835
q4_3,2025-03-20,0,34,622.0825013882903
q4_3,2025-03-20,0,35,704.4737671175892
q4_3,2025-03-20,0,36,7.548580855542241
q4_3,2025-03-20,0,37,0.0
q4_3,2025-03-20,0,38,0.0
q4_3,2025-03-20,0,39,0.0
q4_3,2025-03-20,0,40,0.0
q4_3,2025-03-20,0,41,0.0
q4_3,2025-03-20,0,42,0.0
q4_3,2025-03-20,0,43,47.073601839585706
q4_3,2025-03-20,0,44,447.8091522550326
q4_3,2025-03-20,0,45,382.4602131621127
q4_3,2025-03-20,0,46,297.65371265910545
q4_3,2025-03-20,0,47,0.0
q4_3,2025-03-20,0,48,0.0
q4_3,2025-03-20,0,49,0.0
q4_3,2025-03-20,0,50,0.0
q4_3,2025-03-20,0,51,0.0
q4_3,2025-03-20,0,52,0.0
q4_3,2025-03-20,0,53,0.0
q4_3,2025-03-20,0,54,0.0
q4_3,2025-03-20,0,55,0.0
q4_3,2025-03-20,0,56,0.0
q4_3,2025-03-20,0,57,0.0
q4_3,2025-03-20,0,58,0.0
q4_3,2025-03-20,0,59,0.0
q4_3,2025-03-20,0,60,0.0
q4_3,2025-03-20,0,61,0.0
q4_3,2025-03-20,0,62,0.0
q4_3,2025-03-20,0,63,0.0
q4_3,2025-03-20,0,64,0.0
q4_3,2025-03-20,0,65,0.0
q4_3,2025-03-20,0,66,590.0074456175225
q4_3,2025-03-20,0,67,598.4554394841564
q4_3,2025-03-20,0,68,624.3442657237031
q4_3,2025-03-20,0,69,633.2261505625022
q4_3,2025-03-20,0,70,644.8653623675648
q4_3,2025-03-20,0,71,631.964280879427
q4_3,2025-03-20,0,72,592.3745027085657
q4_3,2025-03-20,0,73,637.0584550694945
q4_3,2025-03-20,0,74,687.4032319864551
q4_3,2025-03-20,0,75,705.7058644492458
q4_3,2025-03-20,0,76,745.4847081346306
q4_3,2025-03-20,0,77,548.6737346068294
q4_3,2025-03-20,0,78,82.97779408693327
q4_3,2025-03-20,0,79,105.50178168485718
q4_3,2025-03-20,0,80,102.64341008847077
q4_3,2025-03-20,0,81,111.57990171467634
q4_3,2025-03-20,0,82,88.42746496875009
q4_3,2025-03-20,0,83,78.41749674780453
q4_3,2025-03-20,0,84,0.5307889584775421
q4_3,2025-03-20,0,85,0.0
q4_3,2025-03-20,0,86,0.0
q4_3,2025-03-20,0,87,0.0
q4_3,2025-03-20,0,88,0.0
q4_3,2025-03-20,0,89,0.0
q4_3,2025-03-20,0,90,1242.711787508339
q4_3,2025-03-20,0,91,1268.9444938592555
q4_3,2025-03-20,0,92,477.3305849428358
q4_3,2025-03-20,0,93,533.0576191793766
q4_3,2025-03-20,0,94,572.399604931895
q4_3,2025-03-20,0,95,605.4741958117254
q4_3,2025-03-20,0,96,646.3202617246885
q4_3,2025-03-20,0,97,665.4320726094635
q4_3,2025-03-20,0,98,707.1213970691708
q4_3,2025-03-20,0,99,738.7514206188034
q4_3,2025-03-20,0,100,749.4103486557005
q4_3,2025-03-20,0,101,784.8021365314353
q4_3,2025-03-20,0,102,821.2092652577567
q4_3,2025-03-20,0,103,864.0579294498532
q4_3,2025-03-20,0,104,887.6119978854649
q4_3,2025-03-20,0,105,927.9992694607774
q4_3,2025-03-20,0,106,991.6998371228156
q4_3,2025-03-20,0,107,898.8418914238648
q4_3,2025-03-20,0,108,121.79845438573875
q4_3,2025-03-20,0,109,698.5381198278221
q4_3,2025-03-20,0,110,737.5505025119564
q4_3,2025-03-20,0,111,0.0
q4_3,2025-03-20,0,112,0.0
q4_3,2025-03-20,0,113,0.0
q4_3,2025-03-20,0,114,0.0
q4_3,2025-03-20,0,115,0.0
q4_3,2025-03-20,0,116,0.0
q4_3,2025-03-20,0,117,0.0
q4_3,2025-03-20,0,118,0.0
q4_3,2025-03-20,0,119,737.4805316691015
q4_3,2025-03-20,0,120,731.5868611582343
q4_3,2025-03-20,0,121,0.0
q4_3,2025-03-20,0,122,731.6242187445529
q4_3,2025-03-20,0,123,0.0
q4_3,2025-03-20,0,124,0.0
q4_3,2025-03-20,0,125,731.7452123412619
q4_3,2025-03-20,0,126,735.665293867061
q4_3,2025-03-20,0,127,739.7526224036658
q4_3,2025-03-20,0,128,738.193950033211
q4_3,2025-03-20,0,129,746.719632282874
q4_3,2025-03-20,0,130,760.4917901737649
q4_3,2025-03-20,0,131,687.3303953298723
q4_3,2025-03-20,0,132,1397.5920556080523
q4_3,2025-03-20,0,133,1377.5646872675152
q4_3,2025-03-20,0,134,1224.649577736838
q4_3,2025-03-20,0,135,1395.806020755554
q4_3,2025-03-20,0,136,1400.4810904481938
q4_3,2025-03-20,0,137,1395.3792804086515
q4_3,2025-03-20,0,138,1388.7325237545156
q4_3,2025-03-20,0,139,1398.8384895420736
q4_3,2025-03-20,0,140,1408.4564447142718
q4_3,2025-03-20,0,141,1409.540195255935
q4_3,2025-03-20,0,142,1408.8251563648532
q4_3,2025-03-20,0,143,1399.6723822394933
q4_3,2025-03-20,0,144,1387.6527851186197
q4_3,2025-03-20,6,37,-0.0
q4_3,2025-03-20,6,38,-0.0
q4_3,2025-03-20,6,39,-0.0
q4_3,2025-03-20,6,40,-0.0
q4_3,2025-03-20,6,41,-0.0
q4_3,2025-03-20,6,42,-0.0
q4_3,2025-03-20,6,43,478.09272743050394
q4_3,2025-03-20,6,44,459.8832772937348
q4_3,2025-03-20,6,45,411.4469402760395
q4_3,2025-03-20,6,46,322.86074948966944
q4_3,2025-03-20,6,47,-0.0
q4_3,2025-03-20,6,48,-0.0
q4_3,2025-03-20,6,49,-0.0
q4_3,2025-03-20,6,50,-0.0
q4_3,2025-03-20,6,51,-0.0
q4_3,2025-03-20,6,52,-0.0
q4_3,2025-03-20,6,53,-0.0
q4_3,2025-03-20,6,54,-0.0
q4_3,2025-03-20,6,55,-0.0
q4_3,2025-03-20,6,56,-0.0
q4_3,2025-03-20,6,57,-0.0
q4_3,2025-03-20,6,58,-0.0
q4_3,2025-03-20,6,59,-0.0
q4_3,2025-03-20,6,60,-0.0
q4_3,2025-03-20,6,61,-0.0
q4_3,2025-03-20,6,62,-0.0
q4_3,2025-03-20,6,63,-0.0
q4_3,2025-03-20,6,64,-0.0
q4_3,2025-03-20,6,65,-0.0
q4_3,2025-03-20,6,66,-0.0
q4_3,2025-03-20,6,67,598.4554394841564
q4_3,2025-03-20,6,68,-0.0
q4_3,2025-03-20,6,69,432.0848233772317
q4_3,2025-03-20,6,70,587.0890482141465
q4_3,2025-03-20,6,71,550.3825157849735
q4_3,2025-03-20,6,72,503.5489630683612
q4_3,2025-03-20,6,73,478.40112279913717
q4_3,2025-03-20,6,74,467.04821959489436
q4_3,2025-03-20,6,75,466.73047215375664
q4_3,2025-03-20,6,76,439.11260734916175
q4_3,2025-03-20,6,77,-0.0
q4_3,2025-03-20,6,78,-0.0
q4_3,2025-03-20,6,79,-0.0
q4_3,2025-03-20,6,80,-0.0
q4_3,2025-03-20,6,81,-0.0
q4_3,2025-03-20,6,82,-0.0
q4_3,2025-03-20,6,83,-0.0
q4_3,2025-03-20,6,84,-0.0
q4_3,2025-03-20,6,85,-0.0
q4_3,2025-03-20,6,86,-0.0
q4_3,2025-03-20,6,87,-0.0
q4_3,2025-03-20,6,88,-0.0
q4_3,2025-03-20,6,89,-0.0
q4_3,2025-03-20,6,90,140.53607915319776
q4_3,2025-03-20,6,91,327.93229016164656
q4_3,2025-03-20,6,92,236.18828131336443
q4_3,2025-03-20,6,93,281.41168477326187
q4_3,2025-03-20,6,94,353.0916792766915
q4_3,2025-03-20,6,95,406.24415789436466
q4_3,2025-03-20,6,96,450.070969223986
q4_3,2025-03-20,6,97,508.4379519032566
q4_3,2025-03-20,6,98,569.3637658465065
q4_3,2025-03-20,6,99,613.673585428217
q4_3,2025-03-20,6,100,661.1087871945749
q4_3,2025-03-20,6,101,719.1415455084851
q4_3,2025-03-20,6,102,772.4553981762762
q4_3,2025-03-20,6,103,819.1416557375575
q4_3,2025-03-20,6,104,853.5095201076876
q4_3,2025-03-20,6,105,904.4162115401316
q4_3,2025-03-20,6,106,975.094712432824
q4_3,2025-03-20,6,107,891.1615261922846
q4_3,2025-03-20,6,108,121.79845438573875
q4_3,2025-03-20,6,109,698.5381198278221
q4_3,2025-03-20,6,110,737.5505025119564
q4_3,2025-03-20,6,111,-0.0
q4_3,2025-03-20,6,112,-0.0
q4_3,2025-03-20,6,113,-0.0
q4_3,2025-03-20,6,114,-0.0
q4_3,2025-03-20,6,115,-0.0
q4_3,2025-03-20,6,116,-0.0
q4_3,2025-03-20,6,117,-0.0
q4_3,2025-03-20,6,118,-0.0
q4_3,2025-03-20,6,119,737.4805316691015
q4_3,2025-03-20,6,120,731.5868611582343
q4_3,2025-03-20,6,121,-0.0
q4_3,2025-03-20,6,122,731.6242187445529
q4_3,2025-03-20,6,123,-0.0
q4_3,2025-03-20,6,124,-0.0
q4_3,2025-03-20,6,125,731.7452123412619
q4_3,2025-03-20,6,126,735.665293867061
q4_3,2025-03-20,6,127,739.7526224036658
q4_3,2025-03-20,6,128,738.193950033211
q4_3,2025-03-20,6,129,746.719632282874
q4_3,2025-03-20,6,130,760.4917901737649
q4_3,2025-03-20,6,131,687.3303953298723
q4_3,2025-03-20,6,132,1397.5920556080523
q4_3,2025-03-20,6,133,1377.5646872675152
q4_3,2025-03-20,6,134,1224.649577736838
q4_3,2025-03-20,6,135,1395.806020755554
q4_3,2025-03-20,6,136,1400.4810904481938
q4_3,2025-03-20,6,137,1395.3792804086515
q4_3,2025-03-20,6,138,1388.7325237545156
q4_3,2025-03-20,6,139,1398.8384895420736
q4_3,2025-03-20,6,140,1408.4564447142718
q4_3,2025-03-20,6,141,1409.540195255935
q4_3,2025-03-20,6,142,1408.8251563648532
q4_3,2025-03-20,6,143,1399.6723822394933
q4_3,2025-03-20,6,144,1387.6527851186197
q4_3,2025-03-20,12,73,557.742154914372
q4_3,2025-03-20,12,74,565.9240997284187
q4_3,2025-03-20,12,75,574.3006873543003
q4_3,2025-03-20,12,76,569.4114236885451
q4_3,2025-03-20,12,77,548.6737346068294
q4_3,2025-03-20,12,78,-0.0
q4_3,2025-03-20,12,79,-0.0
q4_3,2025-03-20,12,80,-0.0
q4_3,2025-03-20,12,81,-0.0
q4_3,2025-03-20,12,82,-0.0
q4_3,2025-03-20,12,83,-0.0
q4_3,2025-03-20,12,84,-0.0
q4_3,2025-03-20,12,85,-0.0
q4_3,2025-03-20,12,86,-0.0
q4_3,2025-03-20,12,87,-0.0
q4_3,2025-03-20,12,88,-0.0
q4_3,2025-03-20,12,89,0.00010917203852266685
q4_3,2025-03-20,12,90,361.9585695316472
q4_3,2025-03-20,12,91,1070.8882966499652
q4_3,2025-03-20,12,92,280.8100385341302
q4_3,2025-03-20,12,93,336.5606995091282
q4_3,2025-03-20,12,94,397.0799678721929
q4_3,2025-03-20,12,95,444.7124678372044
q4_3,2025-03-20,12,96,490.7824593554808
q4_3,2025-03-20,12,97,544.7239543192694
q4_3,2025-03-20,12,98,599.9760178268115
q4_3,2025-03-20,12,99,647.7526018465317
q4_3,2025-03-20,12,100,689.0241263416723
q4_3,2025-03-20,12,101,741.0291478019313
q4_3,2025-03-20,12,102,804.3815534275191
q4_3,2025-03-20,12,103,841.5418630004183
q4_3,2025-03-20,12,104,874.5536978238998
q4_3,2025-03-20,12,105,915.5072680141219
q4_3,2025-03-20,12,106,985.4260885975832
q4_3,2025-03-20,12,107,893.0028486417868
q4_3,2025-03-20,12,108,121.79845438573875
q4_3,2025-03-20,12,109,698.5381198278221
q4_3,2025-03-20,12,110,737.5505025119564
q4_3,2025-03-20,12,111,-0.0
q4_3,2025-03-20,12,112,-0.0
q4_3,2025-03-20,12,113,-0.0
q4_3,2025-03-20,12,114,-0.0
q4_3,2025-03-20,12,115,-0.0
q4_3,2025-03-20,12,116,-0.0
q4_3,2025-03-20,12,117,-0.0
q4_3,2025-03-20,12,118,-0.0
q4_3,2025-03-20,12,119,737.4805316691015
q4_3,2025-03-20,12,120,731.5868611582354
q4_3,2025-03-20,12,121,-0.0
q4_3,2025-03-20,12,122,731.6242187445529
q4_3,2025-03-20,12,123,-0.0
q4_3,2025-03-20,12,124,-0.0
q4_3,2025-03-20,12,125,731.7452123412619
q4_3,2025-03-20,12,126,735.665293867061
q4_3,2025-03-20,12,127,739.7526224036658
q4_3,2025-03-20,12,128,738.193950033211
q4_3,2025-03-20,12,129,746.719632282874
q4_3,2025-03-20,12,130,760.4917901737649
q4_3,2025-03-20,12,131,687.3303953298723
q4_3,2025-03-20,12,132,1397.5920556080523
q4_3,2025-03-20,12,133,1377.5646872675152
q4_3,2025-03-20,12,134,1224.649577736838
q4_3,2025-03-20,12,135,1395.806020755554
q4_3,2025-03-20,12,136,1400.4810904481938
q4_3,2025-03-20,12,137,1395.3792804086515
q4_3,2025-03-20,12,138,1388.7325237545156
q4_3,2025-03-20,12,139,1398.8384895420736
q4_3,2025-03-20,12,140,1408.4564447142718
q4_3,2025-03-20,12,141,1409.540195255935
q4_3,2025-03-20,12,142,1408.8251563648532
q4_3,2025-03-20,12,143,1399.6723822394933
q4_3,2025-03-20,12,144,1387.6527851186197
q4_3,2025-03-20,18,109,698.5381198278221
q4_3,2025-03-20,18,110,737.5505025119564
q4_3,2025-03-20,18,111,-0.0
q4_3,2025-03-20,18,112,-0.0
q4_3,2025-03-20,18,113,-0.0
q4_3,2025-03-20,18,114,-0.0
q4_3,2025-03-20,18,115,130.03800517352227
q4_3,2025-03-20,18,116,-0.0
q4_3,2025-03-20,18,117,-0.0
q4_3,2025-03-20,18,118,-0.0
q4_3,2025-03-20,18,119,737.4805316691015
q4_3,2025-03-20,18,120,731.5868611582343
q4_3,2025-03-20,18,121,-0.0
q4_3,2025-03-20,18,122,731.6242187445529
q4_3,2025-03-20,18,123,-0.0
q4_3,2025-03-20,18,124,-0.0
q4_3,2025-03-20,18,125,731.7452123412619
q4_3,2025-03-20,18,126,735.665293867061
q4_3,2025-03-20,18,127,739.7526224036658
q4_3,2025-03-20,18,128,738.193950033211
q4_3,2025-03-20,18,129,746.719632282874
q4_3,2025-03-20,18,130,760.4917901737649
q4_3,2025-03-20,18,131,687.3303953298723
q4_3,2025-03-20,18,132,1397.5920556080523
q4_3,2025-03-20,18,133,1377.5646872675152
q4_3,2025-03-20,18,134,1224.649417327479
q4_3,2025-03-20,18,135,1395.806020755554
q4_3,2025-03-20,18,136,1400.4810904481938
q4_3,2025-03-20,18,137,1395.3792804086515
q4_3,2025-03-20,18,138,1388.7325237545156
q4_3,2025-03-20,18,139,1398.8384895420736
q4_3,2025-03-20,18,140,1408.4564447142718
q4_3,2025-03-20,18,141,1409.540195255935
q4_3,2025-03-20,18,142,1408.8251563648532
q4_3,2025-03-20,18,143,1399.6723822394933
q4_3,2025-03-20,18,144,1387.6527851186197
q4_3,2025-06-21,0,1,665.5744986791926
q4_3,2025-06-21,0,2,663.8427157438017
q4_3,2025-06-21,0,3,657.9810141857811
q4_3,2025-06-21,0,4,664.1535340366079
q4_3,2025-06-21,0,5,653.8063530985378
q4_3,2025-06-21,0,6,630.5056264474881
q4_3,2025-06-21,0,7,0.0
q4_3,2025-06-21,0,8,625.8490470724091
q4_3,2025-06-21,0,9,624.2453860843394
q4_3,2025-06-21,0,10,635.9468994626844
q4_3,2025-06-21,0,11,630.1093270300528
q4_3,2025-06-21,0,12,590.5700367097327
q4_3,2025-06-21,0,13,616.909989533743
q4_3,2025-06-21,0,14,628.0305715840632
q4_3,2025-06-21,0,15,623.9013522328929
q4_3,2025-06-21,0,16,613.7861043598783
q4_3,2025-06-21,0,17,614.8243874109044
q4_3,2025-06-21,0,18,616.8507617006965
q4_3,2025-06-21,0,19,611.3457667541861
q4_3,2025-06-21,0,20,608.8997374847996
q4_3,2025-06-21,0,21,604.0721260433538
q4_3,2025-06-21,0,22,611.6701445655308
q4_3,2025-06-21,0,23,608.4952048650359
q4_3,2025-06-21,0,24,605.4767791364745
q4_3,2025-06-21,0,25,597.9665068233752
q4_3,2025-06-21,0,26,599.5512668142474
q4_3,2025-06-21,0,27,600.6906781754021
q4_3,2025-06-21,0,28,605.565601674187
q4_3,2025-06-21,0,29,600.6989233967632
q4_3,2025-06-21,0,30,609.6023287473226
q4_3,2025-06-21,0,31,575.3868029107521
q4_3,2025-06-21,0,32,561.0367642878759
q4_3,2025-06-21,0,33,530.6004714906617
q4_3,2025-06-21,0,34,1324.6724223059457
q4_3,2025-06-21,0,35,536.1036773235442
q4_3,2025-06-21,0,36,0.0
q4_3,2025-06-21,0,37,0.0
q4_3,2025-06-21,0,38,0.0
q4_3,2025-06-21,0,39,0.0
q4_3,2025-06-21,0,40,0.0
q4_3,2025-06-21,0,41,0.0
q4_3,2025-06-21,0,42,0.0
q4_3,2025-06-21,0,43,0.0
q4_3,2025-06-21,0,44,0.0
q4_3,2025-06-21,0,45,0.0
q4_3,2025-06-21,0,46,180.93871709671396
q4_3,2025-06-21,0,47,0.0
q4_3,2025-06-21,0,48,0.0
q4_3,2025-06-21,0,49,0.0
q4_3,2025-06-21,0,50,0.0
q4_3,2025-06-21,0,51,0.0
q4_3,2025-06-21,0,52,0.0
q4_3,2025-06-21,0,53,0.0
q4_3,2025-06-21,0,54,0.0
q4_3,2025-06-21,0,55,0.0
q4_3,2025-06-21,0,56,0.0
q4_3,2025-06-21,0,57,0.0
q4_3,2025-06-21,0,58,0.0
q4_3,2025-06-21,0,59,0.0
q4_3,2025-06-21,0,60,0.0
q4_3,2025-06-21,0,61,0.0
q4_3,2025-06-21,0,62,0.0
q4_3,2025-06-21,0,63,0.0
q4_3,2025-06-21,0,64,0.0
q4_3,2025-06-21,0,65,0.0
q4_3,2025-06-21,0,66,696.2972016949138
q4_3,2025-06-21,0,67,681.6873528444867
q4_3,2025-06-21,0,68,0.0
q4_3,2025-06-21,0,69,644.4375732623665
q4_3,2025-06-21,0,70,632.2717978182759
q4_3,2025-06-21,0,71,459.75736200688266
q4_3,2025-06-21,0,72,521.4673045255016
q4_3,2025-06-21,0,73,513.6477983915428
q4_3,2025-06-21,0,74,531.7266615805127
q4_3,2025-06-21,0,75,520.1994102867578
q4_3,2025-06-21,0,76,516.7658093235914
q4_3,2025-06-21,0,77,0.0
q4_3,2025-06-21,0,78,0.0
q4_3,2025-06-21,0,79,0.0
q4_3,2025-06-21,0,80,0.0
q4_3,2025-06-21,0,81,0.0
q4_3,2025-06-21,0,82,0.0
q4_3,2025-06-21,0,83,0.0
q4_3,2025-06-21,0,84,0.0
q4_3,2025-06-21,0,85,0.0
q4_3,2025-06-21,0,86,0.0
q4_3,2025-06-21,0,87,0.0
q4_3,2025-06-21,0,88,0.0
q4_3,2025-06-21,0,89,0.0
q4_3,2025-06-21,0,90,69.37205172186009
q4_3,2025-06-21,0,91,782.2666142553726
q4_3,2025-06-21,0,92,207.0631815792359
q4_3,2025-06-21,0,93,273.21346668750175
q4_3,2025-06-21,0,94,345.5555040951906
q4_3,2025-06-21,0,95,430.34098450056285
q4_3,2025-06-21,0,96,514.2007837455147
q4_3,2025-06-21,0,97,549.6919137392929
q4_3,2025-06-21,0,98,573.3109640521959
q4_3,2025-06-21,0,99,592.9044188598612
q4_3,2025-06-21,0,100,624.288737805298
q4_3,2025-06-21,0,101,666.7880658137044
q4_3,2025-06-21,0,102,696.8339596414482
q4_3,2025-06-21,0,103,728.1566829170799
q4_3,2025-06-21,0,104,755.6695492323862
q4_3,2025-06-21,0,105,815.935923289499
q4_3,2025-06-21,0,106,891.6930812380891
q4_3,2025-06-21,0,107,816.9465121781076
q4_3,2025-06-21,0,108,671.0650580788409
q4_3,2025-06-21,0,109,682.2908024567691
q4_3,2025-06-21,0,110,735.8174213673783
q4_3,2025-06-21,0,111,772.4355173236673
q4_3,2025-06-21,0,112,810.422783098149
q4_3,2025-06-21,0,113,0.0
q4_3,2025-06-21,0,114,11.001249717460496
q4_3,2025-06-21,0,115,18.12124840980937
q4_3,2025-06-21,0,116,36.85487288831871
q4_3,2025-06-21,0,117,553.9395015426287
q4_3,2025-06-21,0,118,9.884574931995871
q4_3,2025-06-21,0,119,8.29758088886831
q4_3,2025-06-21,0,120,23.557445087471365
q4_3,2025-06-21,0,121,25.9390806631111
q4_3,2025-06-21,0,122,870.707000306747
q4_3,2025-06-21,0,123,43.044535045005205
q4_3,2025-06-21,0,124,24.627564112214714
q4_3,2025-06-21,0,125,871.8791898816023
q4_3,2025-06-21,0,126,879.1249607683362
q4_3,2025-06-21,0,127,864.418284793083
q4_3,2025-06-21,0,128,857.9112229382945
q4_3,2025-06-21,0,129,872.3185908161922
q4_3,2025-06-21,0,130,874.4216577836861
q4_3,2025-06-21,0,131,790.7308864978646
q4_3,2025-06-21,0,132,1507.7001365949404
q4_3,2025-06-21,0,133,1491.2410612398633
q4_3,2025-06-21,0,134,1334.2106361665938
q4_3,2025-06-21,0,135,1510.827255700914
q4_3,2025-06-21,0,136,1514.8466326424675
q4_3,2025-06-21,0,137,1508.7663618134036
q4_3,2025-06-21,0,138,1509.2927380260019
q4_3,2025-06-21,0,139,1508.478746394493
q4_3,2025-06-21,0,140,1496.6751886572017
q4_3,2025-06-21,0,141,1508.178319010058
q4_3,2025-06-21,0,142,1496.63885508378
q4_3,2025-06-21,0,143,1497.5305538789664
q4_3,2025-06-21,0,144,1512.3441143033965
q4_3,2025-06-21,6,37,-0.0
q4_3,2025-06-21,6,38,-0.0
q4_3,2025-06-21,6,39,-0.0
q4_3,2025-06-21,6,40,-0.0
q4_3,2025-06-21,6,41,-0.0
q4_3,2025-06-21,6,42,-0.0
q4_3,2025-06-21,6,43,-0.0
q4_3,2025-06-21,6,44,-0.0
q4_3,2025-06-21,6,45,-0.0
q4_3,2025-06-21,6,46,145.63320853344226
q4_3,2025-06-21,6,47,-0.0
q4_3,2025-06-21,6,48,-0.0
q4_3,2025-06-21,6,49,-0.0
q4_3,2025-06-21,6,50,-0.0
q4_3,2025-06-21,6,51,-0.0
q4_3,2025-06-21,6,52,-0.0
q4_3,2025-06-21,6,53,-0.0
q4_3,2025-06-21,6,54,-0.0
q4_3,2025-06-21,6,55,-0.0
q4_3,2025-06-21,6,56,-0.0
q4_3,2025-06-21,6,57,-0.0
q4_3,2025-06-21,6,58,-0.0
q4_3,2025-06-21,6,59,-0.0
q4_3,2025-06-21,6,60,-0.0
q4_3,2025-06-21,6,61,-0.0
q4_3,2025-06-21,6,62,-0.0
q4_3,2025-06-21,6,63,-0.0
q4_3,2025-06-21,6,64,-0.0
q4_3,2025-06-21,6,65,-0.0
q4_3,2025-06-21,6,66,-0.0
q4_3,2025-06-21,6,67,663.76758729485
q4_3,2025-06-21,6,68,-0.0
q4_3,2025-06-21,6,69,643.9311503862282
q4_3,2025-06-21,6,70,-0.0
q4_3,2025-06-21,6,71,-0.0
q4_3,2025-06-21,6,72,521.4673045255016
q4_3,2025-06-21,6,73,513.6477983915428
q4_3,2025-06-21,6,74,531.7266615805127
q4_3,2025-06-21,6,75,520.1994102867578
q4_3,2025-06-21,6,76,502.8026077178156
q4_3,2025-06-21,6,77,-0.0
q4_3,2025-06-21,6,78,-0.0
q4_3,2025-06-21,6,79,-0.0
q4_3,2025-06-21,6,80,-0.0
q4_3,2025-06-21,6,81,-0.0
q4_3,2025-06-21,6,82,-0.0
q4_3,2025-06-21,6,83,-0.0
q4_3,2025-06-21,6,84,-0.0
q4_3,2025-06-21,6,85,-0.0
q4_3,2025-06-21,6,86,-0.0
q4_3,2025-06-21,6,87,-0.0
q4_3,2025-06-21,6,88,-0.0
q4_3,2025-06-21,6,89,-0.0
q4_3,2025-06-21,6,90,79.11899441989212
q4_3,2025-06-21,6,91,782.2666142553726
q4_3,2025-06-21,6,92,207.0631815792359
q4_3,2025-06-21,6,93,273.21346668750175
q4_3,2025-06-21,6,94,345.5555040951906
q4_3,2025-06-21,6,95,430.34098450056285
q4_3,2025-06-21,6,96,514.2007837455147
q4_3,2025-06-21,6,97,549.6919137392929
q4_3,2025-06-21,6,98,573.3109640521959
q4_3,2025-06-21,6,99,592.9044188598612
q4_3,2025-06-21,6,100,624.288737805298
q4_3,2025-06-21,6,101,666.7880658137044
q4_3,2025-06-21,6,102,696.8339596414482
q4_3,2025-06-21,6,103,728.1566829170799
q4_3,2025-06-21,6,104,755.6695492323862
q4_3,2025-06-21,6,105,815.9355992845252
q4_3,2025-06-21,6,106,896.1777799844275
q4_3,2025-06-21,6,107,832.0056105703923
q4_3,2025-06-21,6,108,695.6459371651649
q4_3,2025-06-21,6,109,693.6238679649982
q4_3,2025-06-21,6,110,756.153722906357
q4_3,2025-06-21,6,111,783.8392765149449
q4_3,2025-06-21,6,112,815.3036864896202
q4_3,2025-06-21,6,113,6.377407719638313
q4_3,2025-06-21,6,114,11.0507663841272
q4_3,2025-06-21,6,115,18.12124840980937
q4_3,2025-06-21,6,116,36.887883999429846
q4_3,2025-06-21,6,117,553.9395015426287
q4_3,2025-06-21,6,118,9.90108048755144
q4_3,2025-06-21,6,119,8.310361444423961
q4_3,2025-06-21,6,120,23.557445087471365
q4_3,2025-06-21,6,121,25.9390806631111
q4_3,2025-06-21,6,122,870.707000306747
q4_3,2025-06-21,6,123,43.044535045005205
q4_3,2025-06-21,6,124,24.627564112214714
q4_3,2025-06-21,6,125,871.8791898816023
q4_3,2025-06-21,6,126,879.1249607683362
q4_3,2025-06-21,6,127,864.418284793083
q4_3,2025-06-21,6,128,857.9112229382945
q4_3,2025-06-21,6,129,872.3185908161922
q4_3,2025-06-21,6,130,874.4216577836861
q4_3,2025-06-21,6,131,790.7308864978646
q4_3,2025-06-21,6,132,1507.7001365949404
q4_3,2025-06-21,6,133,1491.2410612398633
q4_3,2025-06-21,6,134,1334.2106361665938
q4_3,2025-06-21,6,135,1510.827255700914
q4_3,2025-06-21,6,136,1514.8466326424675
q4_3,2025-06-21,6,137,1508.7663618134036
q4_3,2025-06-21,6,138,1509.2927380260019
q4_3,2025-06-21,6,139,1508.478746394493
q4_3,2025-06-21,6,140,1496.6751886572017
q4_3,2025-06-21,6,141,1508.178319010058
q4_3,2025-06-21,6,142,1496.63885508378
q4_3,2025-06-21,6,143,1497.5305538789664
q4_3,2025-06-21,6,144,1512.3441143033965
q4_3,2025-06-21,12,73,-0.0
q4_3,2025-06-21,12,74,-0.0
q4_3,2025-06-21,12,75,-0.0
q4_3,2025-06-21,12,76,-0.0
q4_3,2025-06-21,12,77,-0.0
q4_3,2025-06-21,12,78,-0.0
q4_3,2025-06-21,12,79,-0.0
q4_3,2025-06-21,12,80,-0.0
q4_3,2025-06-21,12,81,-0.0
q4_3,2025-06-21,12,82,-0.0
q4_3,2025-06-21,12,83,0.0006443296129996897
q4_3,2025-06-21,12,84,-0.0
q4_3,2025-06-21,12,85,-0.0
q4_3,2025-06-21,12,86,-0.0
q4_3,2025-06-21,12,87,-0.0
q4_3,2025-06-21,12,88,-0.0
q4_3,2025-06-21,12,89,-0.0
q4_3,2025-06-21,12,90,183.86871778225077
q4_3,2025-06-21,12,91,878.0713363126986
q4_3,2025-06-21,12,92,258.1171683801633
q4_3,2025-06-21,12,93,311.6353272463224
q4_3,2025-06-21,12,94,355.30437990212386
q4_3,2025-06-21,12,95,430.34098450056285
q4_3,2025-06-21,12,96,514.2007837455147
q4_3,2025-06-21,12,97,549.6919137392929
q4_3,2025-06-21,12,98,573.3109640521959
q4_3,2025-06-21,12,99,592.9044188598612
q4_3,2025-06-21,12,100,624.288737805298
q4_3,2025-06-21,12,101,666.7880658137044
q4_3,2025-06-21,12,102,696.8339596414482
q4_3,2025-06-21,12,103,728.1566829170799
q4_3,2025-06-21,12,104,755.6695492323862
q4_3,2025-06-21,12,105,815.935923289499
q4_3,2025-06-21,12,106,891.6930812380891
q4_3,2025-06-21,12,107,820.9785735502132
q4_3,2025-06-21,12,108,687.7796596115661
q4_3,2025-06-21,12,109,691.5405426926196
q4_3,2025-06-21,12,110,740.7505577865272
q4_3,2025-06-21,12,111,781.1310527196249
q4_3,2025-06-21,12,112,814.9601691601754
q4_3,2025-06-21,12,113,6.2327328149253844
q4_3,2025-06-21,12,114,11.02878305079389
q4_3,2025-06-21,12,115,18.12124840980937
q4_3,2025-06-21,12,116,36.87322844387427
q4_3,2025-06-21,12,117,553.9395015426287
q4_3,2025-06-21,12,118,9.893752709773707
q4_3,2025-06-21,12,119,8.321297555535125
q4_3,2025-06-21,12,120,23.557445087471365
q4_3,2025-06-21,12,121,25.9390806631111
q4_3,2025-06-21,12,122,870.707000306747
q4_3,2025-06-21,12,123,43.044535045005205
q4_3,2025-06-21,12,124,24.627564112214714
q4_3,2025-06-21,12,125,871.8791898816023
q4_3,2025-06-21,12,126,879.1249607683362
q4_3,2025-06-21,12,127,864.418284793083
q4_3,2025-06-21,12,128,857.9112229382945
q4_3,2025-06-21,12,129,872.3185908161922
q4_3,2025-06-21,12,130,874.4216577836861
q4_3,2025-06-21,12,131,790.7308864978646
q4_3,2025-06-21,12,132,1507.7001365949404
q4_3,2025-06-21,12,133,1491.2410612398633
q4_3,2025-06-21,12,134,1334.2106361665938
q4_3,2025-06-21,12,135,1510.827255700914
q4_3,2025-06-21,12,136,1514.8466326424675
q4_3,2025-06-21,12,137,1508.7663618134036
q4_3,2025-06-21,12,138,1509.2927380260019
q4_3,2025-06-21,12,139,1508.478746394493
q4_3,2025-06-21,12,140,1496.6751886572017
q4_3,2025-06-21,12,141,1508.178319010058
q4_3,2025-06-21,12,142,1496.63885508378
q4_3,2025-06-21,12,143,1497.5305538789664
q4_3,2025-06-21,12,144,1512.3441143033965
q4_3,2025-06-21,18,109,674.0901124094429
q4_3,2025-06-21,18,110,735.6482966754161
q4_3,2025-06-21,18,111,775.9033085976256
q4_3,2025-06-21,18,112,810.422660296932
q4_3,2025-06-21,18,113,3.521115606481203
q4_3,2025-06-21,18,114,11.001249717460496
q4_3,2025-06-21,18,115,18.12124840980937
q4_3,2025-06-21,18,116,36.85487288831871
q4_3,2025-06-21,18,117,553.9395015426287
q4_3,2025-06-21,18,118,9.884574931995871
q4_3,2025-06-21,18,119,8.305372555535087
q4_3,2025-06-21,18,120,23.557445087471365
q4_3,2025-06-21,18,121,25.9390806631111
q4_3,2025-06-21,18,122,870.707000306747
q4_3,2025-06-21,18,123,43.044535045005205
q4_3,2025-06-21,18,124,24.627564112214714
q4_3,2025-06-21,18,125,871.8791898816023
q4_3,2025-06-21,18,126,879.1249607683362
q4_3,2025-06-21,18,127,864.418284793083
q4_3,2025-06-21,18,128,857.9112229382945
q4_3,2025-06-21,18,129,872.3185908161922
q4_3,2025-06-21,18,130,874.4216577836861
q4_3,2025-06-21,18,131,790.7308864978646
q4_3,2025-06-21,18,132,1507.7001365949404
q4_3,2025-06-21,18,133,1491.2410612398633
q4_3,2025-06-21,18,134,1334.2106361665938
q4_3,2025-06-21,18,135,1510.827255700914
q4_3,2025-06-21,18,136,1514.8466326424675
q4_3,2025-06-21,18,137,1508.7663618134036
q4_3,2025-06-21,18,138,1509.2927380260019
q4_3,2025-06-21,18,139,1508.478746394493
q4_3,2025-06-21,18,140,1496.6751886572017
q4_3,2025-06-21,18,141,1508.178319010058
q4_3,2025-06-21,18,142,1496.63885508378
q4_3,2025-06-21,18,143,1497.5305538789667
q4_3,2025-06-21,18,144,1512.3441143033965
q4_3,2025-09-23,0,1,726.0086508688511
q4_3,2025-09-23,0,2,703.9726907473647
q4_3,2025-09-23,0,3,696.6567948231534
q4_3,2025-09-23,0,4,708.4526047369656
q4_3,2025-09-23,0,5,713.3156734816439
q4_3,2025-09-23,0,6,711.0490790782575
q4_3,2025-09-23,0,7,699.9463834502776
q4_3,2025-09-23,0,8,680.2515870245986
q4_3,2025-09-23,0,9,678.0223883923751
q4_3,2025-09-23,0,10,691.4682926308387
q4_3,2025-09-23,0,11,676.2352150007204
q4_3,2025-09-23,0,12,668.2634531369753
q4_3,2025-09-23,0,13,689.2672299108995
q4_3,2025-09-23,0,14,702.320575427019
q4_3,2025-09-23,0,15,676.3996317450603
q4_3,2025-09-23,0,16,697.8822247382292
q4_3,2025-09-23,0,17,686.5957214383848
q4_3,2025-09-23,0,18,671.9716279277418
q4_3,2025-09-23,0,19,672.4905013055853
q4_3,2025-09-23,0,20,686.7993431453066
q4_3,2025-09-23,0,21,681.0291043779382
q4_3,2025-09-23,0,22,681.9870511196682
q4_3,2025-09-23,0,23,671.7719900162931
q4_3,2025-09-23,0,24,664.2670116715806
q4_3,2025-09-23,0,25,662.8663022915854
q4_3,2025-09-23,0,26,679.5962989089744
q4_3,2025-09-23,0,27,678.3048884408527
q4_3,2025-09-23,0,28,672.3781010003191
q4_3,2025-09-23,0,29,659.830817544268
q4_3,2025-09-23,0,30,654.19167996128
q4_3,2025-09-23,0,31,650.7525667307686
q4_3,2025-09-23,0,32,651.2511768705106
q4_3,2025-09-23,0,33,660.343842258244
q4_3,2025-09-23,0,34,630.0938069500578
q4_3,2025-09-23,0,35,706.0247239221186
q4_3,2025-09-23,0,36,0.0
q4_3,2025-09-23,0,37,0.0
q4_3,2025-09-23,0,38,0.0
q4_3,2025-09-23,0,39,0.0
q4_3,2025-09-23,0,40,0.0
q4_3,2025-09-23,0,41,0.0
q4_3,2025-09-23,0,42,0.0200228019112597
q4_3,2025-09-23,0,43,509.06485221413175
q4_3,2025-09-23,0,44,457.76131633874724
q4_3,2025-09-23,0,45,384.69499562943344
q4_3,2025-09-23,0,46,626.5479475059363
q4_3,2025-09-23,0,47,0.0
q4_3,2025-09-23,0,48,0.0
q4_3,2025-09-23,0,49,0.0
q4_3,2025-09-23,0,50,0.0
q4_3,2025-09-23,0,51,0.0
q4_3,2025-09-23,0,52,0.0
q4_3,2025-09-23,0,53,0.0
q4_3,2025-09-23,0,54,0.0
q4_3,2025-09-23,0,55,0.0
q4_3,2025-09-23,0,56,0.0
q4_3,2025-09-23,0,57,0.0
q4_3,2025-09-23,0,58,0.0
q4_3,2025-09-23,0,59,0.0
q4_3,2025-09-23,0,60,0.0
q4_3,2025-09-23,0,61,0.0
q4_3,2025-09-23,0,62,0.0
q4_3,2025-09-23,0,63,0.0
q4_3,2025-09-23,0,64,0.0
q4_3,2025-09-23,0,65,6.2025338469975395
q4_3,2025-09-23,0,66,827.5912847327832
q4_3,2025-09-23,0,67,780.2836157455104
q4_3,2025-09-23,0,68,737.8053580921148
q4_3,2025-09-23,0,69,675.9304684132458
q4_3,2025-09-23,0,70,632.8014756720236
q4_3,2025-09-23,0,71,557.1422547507002
q4_3,2025-09-23,0,72,461.25171017763205
q4_3,2025-09-23,0,73,486.3537920684364
q4_3,2025-09-23,0,74,537.1870132430695
q4_3,2025-09-23,0,75,563.8919127236177
q4_3,2025-09-23,0,76,577.4441480655539
q4_3,2025-09-23,0,77,638.7796786692763
q4_3,2025-09-23,0,78,0.0
q4_3,2025-09-23,0,79,0.0
q4_3,2025-09-23,0,80,0.0
q4_3,2025-09-23,0,81,0.0
q4_3,2025-09-23,0,82,0.0
q4_3,2025-09-23,0,83,0.0
q4_3,2025-09-23,0,84,0.0
q4_3,2025-09-23,0,85,0.0
q4_3,2025-09-23,0,86,0.0
q4_3,2025-09-23,0,87,0.0
q4_3,2025-09-23,0,88,0.0
q4_3,2025-09-23,0,89,0.0
q4_3,2025-09-23,0,90,1276.4383322160454
q4_3,2025-09-23,0,91,1069.77307533463
q4_3,2025-09-23,0,92,490.6098084684327
q4_3,2025-09-23,0,93,528.9096804855863
q4_3,2025-09-23,0,94,557.518141903892
q4_3,2025-09-23,0,95,593.1705962429062
q4_3,2025-09-23,0,96,648.1953131709503
q4_3,2025-09-23,0,97,699.3916179295628
q4_3,2025-09-23,0,98,753.6899322680264
q4_3,2025-09-23,0,99,816.5467899858006
q4_3,2025-09-23,0,100,882.2852930258816
q4_3,2025-09-23,0,101,915.196015273395
q4_3,2025-09-23,0,102,965.4984022082351
q4_3,2025-09-23,0,103,1003.1598543149794
q4_3,2025-09-23,0,104,1023.813128312679
q4_3,2025-09-23,0,105,1092.3816712773516
q4_3,2025-09-23,0,106,1155.9357479386128
q4_3,2025-09-23,0,107,1071.2023125782591
q4_3,2025-09-23,0,108,894.3443551527072
q4_3,2025-09-23,0,109,55.34060686279622
q4_3,2025-09-23,0,110,914.7164397389339
q4_3,2025-09-23,0,111,909.0641928175385
q4_3,2025-09-23,0,112,79.51598480323719
q4_3,2025-09-23,0,113,76.53589432393619
q4_3,2025-09-23,0,114,72.77581970121969
q4_3,2025-09-23,0,115,64.47734189684559
q4_3,2025-09-23,0,116,86.09555449534423
q4_3,2025-09-23,0,117,910.7733704466541
q4_3,2025-09-23,0,118,91.72102630067843
q4_3,2025-09-23,0,119,99.62624968289106
q4_3,2025-09-23,0,120,926.8363542287304
q4_3,2025-09-23,0,121,94.61482643202623
q4_3,2025-09-23,0,122,608.1908242665057
q4_3,2025-09-23,0,123,903.7681501426357
q4_3,2025-09-23,0,124,80.69609199204228
q4_3,2025-09-23,0,125,920.3957880449559
q4_3,2025-09-23,0,126,919.2904373265725
q4_3,2025-09-23,0,127,915.6299496352245
q4_3,2025-09-23,0,128,909.2102977720131
q4_3,2025-09-23,0,129,913.2095224749219
q4_3,2025-09-23,0,130,943.3242905057293
q4_3,2025-09-23,0,131,866.7797601226916
q4_3,2025-09-23,0,132,1568.9028279628624
q4_3,2025-09-23,0,133,1555.2717534875503
q4_3,2025-09-23,0,134,1402.7715472105215
q4_3,2025-09-23,0,135,1558.8681182879
q4_3,2025-09-23,0,136,1563.5451959533787
q4_3,2025-09-23,0,137,1567.8747092084677
q4_3,2025-09-23,0,138,1554.0027714588625
q4_3,2025-09-23,0,139,1552.9008667022727
q4_3,2025-09-23,0,140,1544.4706546811103
q4_3,2025-09-23,0,141,1555.1573663483161
q4_3,2025-09-23,0,142,1559.989342755905
q4_3,2025-09-23,0,143,1544.8619665746546
q4_3,2025-09-23,0,144,1565.0397755848355
q4_3,2025-09-23,6,37,-0.0
q4_3,2025-09-23,6,38,-0.0
q4_3,2025-09-23,6,39,-0.0
q4_3,2025-09-23,6,40,-0.0
q4_3,2025-09-23,6,41,-0.0
q4_3,2025-09-23,6,42,-0.0
q4_3,2025-09-23,6,43,327.4551778228269
q4_3,2025-09-23,6,44,-0.0
q4_3,2025-09-23,6,45,382.47629802053933
q4_3,2025-09-23,6,46,290.4983000765334
q4_3,2025-09-23,6,47,-0.0
q4_3,2025-09-23,6,48,-0.0
q4_3,2025-09-23,6,49,-0.0
q4_3,2025-09-23,6,50,-0.0
q4_3,2025-09-23,6,51,-0.0
q4_3,2025-09-23,6,52,-0.0
q4_3,2025-09-23,6,53,-0.0
q4_3,2025-09-23,6,54,-0.0
q4_3,2025-09-23,6,55,-0.0
q4_3,2025-09-23,6,56,-0.0
q4_3,2025-09-23,6,57,-0.0
q4_3,2025-09-23,6,58,-0.0
q4_3,2025-09-23,6,59,-0.0
q4_3,2025-09-23,6,60,-0.0
q4_3,2025-09-23,6,61,-0.0
q4_3,2025-09-23,6,62,-0.0
q4_3,2025-09-23,6,63,-0.0
q4_3,2025-09-23,6,64,-0.0
q4_3,2025-09-23,6,65,-0.0
q4_3,2025-09-23,6,66,697.6218828916928
q4_3,2025-09-23,6,67,658.9362794866013
q4_3,2025-09-23,6,68,619.4433336075572
q4_3,2025-09-23,6,69,591.4323293205437
q4_3,2025-09-23,6,70,564.2080604524142
q4_3,2025-09-23,6,71,498.700392574734
q4_3,2025-09-23,6,72,417.5247697146309
q4_3,2025-09-23,6,73,445.200669425898
q4_3,2025-09-23,6,74,475.3378002192396
q4_3,2025-09-23,6,75,491.7964852111845
q4_3,2025-09-23,6,76,511.70544566852334
q4_3,2025-09-23,6,77,220.57218355443717
q4_3,2025-09-23,6,78,-0.0
q4_3,2025-09-23,6,79,-0.0
q4_3,2025-09-23,6,80,-0.0
q4_3,2025-09-23,6,81,-0.0
q4_3,2025-09-23,6,82,-0.0
q4_3,2025-09-23,6,83,-0.0
q4_3,2025-09-23,6,84,-0.0
q4_3,2025-09-23,6,85,-0.0
q4_3,2025-09-23,6,86,-0.0
q4_3,2025-09-23,6,87,-0.0
q4_3,2025-09-23,6,88,-0.0
q4_3,2025-09-23,6,89,-0.0
q4_3,2025-09-23,6,90,1241.3347382254701
q4_3,2025-09-23,6,91,734.1957743529777
q4_3,2025-09-23,6,92,464.31156376061676
q4_3,2025-09-23,6,93,502.2898631855344
q4_3,2025-09-23,6,94,540.9853962625405
q4_3,2025-09-23,6,95,563.8384661531115
q4_3,2025-09-23,6,96,598.4255292570708
q4_3,2025-09-23,6,97,650.0775977540377
q4_3,2025-09-23,6,98,697.4384571284511
q4_3,2025-09-23,6,99,783.9469474477266
q4_3,2025-09-23,6,100,832.0552170231119
q4_3,2025-09-23,6,101,873.0636409619186
q4_3,2025-09-23,6,102,938.9219918167648
q4_3,2025-09-23,6,103,983.712175889053
q4_3,2025-09-23,6,104,1008.545869134009
q4_3,2025-09-23,6,105,1055.462154381542
q4_3,2025-09-23,6,106,1145.4405898065977
q4_3,2025-09-23,6,107,1071.2023125782591
q4_3,2025-09-23,6,108,894.3443551527072
q4_3,2025-09-23,6,109,55.34060686279622
q4_3,2025-09-23,6,110,914.1858468636442
q4_3,2025-09-23,6,111,909.0641928175385
q4_3,2025-09-23,6,112,79.51598480323719
q4_3,2025-09-23,6,113,76.53589432393619
q4_3,2025-09-23,6,114,72.77581970121969
q4_3,2025-09-23,6,115,64.47734189684559
q4_3,2025-09-23,6,116,86.09555449534423
q4_3,2025-09-23,6,117,910.7733704466541
q4_3,2025-09-23,6,118,91.72102630067843
q4_3,2025-09-23,6,119,99.62624968289106
q4_3,2025-09-23,6,120,926.8363542287304
q4_3,2025-09-23,6,121,94.61482643202623
q4_3,2025-09-23,6,122,608.1908242665057
q4_3,2025-09-23,6,123,903.7681501426357
q4_3,2025-09-23,6,124,80.69609199204228
q4_3,2025-09-23,6,125,920.3957880449559
q4_3,2025-09-23,6,126,919.2904373265725
q4_3,2025-09-23,6,127,915.6299496352245
q4_3,2025-09-23,6,128,909.2102977720131
q4_3,2025-09-23,6,129,913.2095224749219
q4_3,2025-09-23,6,130,943.3242905057293
q4_3,2025-09-23,6,131,866.7797601226916
q4_3,2025-09-23,6,132,1568.9028279628624
q4_3,2025-09-23,6,133,1555.2717534875503
q4_3,2025-09-23,6,134,1402.7715472105215
q4_3,2025-09-23,6,135,1558.8681182879
q4_3,2025-09-23,6,136,1563.5451959533787
q4_3,2025-09-23,6,137,1567.8747092084677
q4_3,2025-09-23,6,138,1554.0027714588625
q4_3,2025-09-23,6,139,1552.9008667022727
q4_3,2025-09-23,6,140,1544.4706546811103
q4_3,2025-09-23,6,141,1555.1573663483161
q4_3,2025-09-23,6,142,1559.989342755905
q4_3,2025-09-23,6,143,1544.8619665746546
q4_3,2025-09-23,6,144,1565.0397755848355
q4_3,2025-09-23,12,73,468.6857193359242
q4_3,2025-09-23,12,74,10.243873484652966
q4_3,2025-09-23,12,75,-0.0
q4_3,2025-09-23,12,76,498.3329061442589
q4_3,2025-09-23,12,77,-0.0
q4_3,2025-09-23,12,78,-0.0
q4_3,2025-09-23,12,79,-0.0
q4_3,2025-09-23,12,80,-0.0
q4_3,2025-09-23,12,81,-0.0
q4_3,2025-09-23,12,82,-0.0
q4_3,2025-09-23,12,83,-0.0
q4_3,2025-09-23,12,84,-0.0
q4_3,2025-09-23,12,85,-0.0
q4_3,2025-09-23,12,86,-0.0
q4_3,2025-09-23,12,87,-0.0
q4_3,2025-09-23,12,88,-0.0
q4_3,2025-09-23,12,89,0.00010518060148983039
q4_3,2025-09-23,12,90,1179.3882579265417
q4_3,2025-09-23,12,91,460.3466100774425
q4_3,2025-09-23,12,92,419.0868323332563
q4_3,2025-09-23,12,93,453.27308160282905
q4_3,2025-09-23,12,94,498.2502672755386
q4_3,2025-09-23,12,95,541.7089437147453
q4_3,2025-09-23,12,96,579.0431516790184
q4_3,2025-09-23,12,97,636.3363719853289
q4_3,2025-09-23,12,98,698.3677889545526
q4_3,2025-09-23,12,99,763.5238206560301
q4_3,2025-09-23,12,100,820.7140432376818
q4_3,2025-09-23,12,101,873.3138243279718
q4_3,2025-09-23,12,102,941.7513043142881
q4_3,2025-09-23,12,103,966.1792487545642
q4_3,2025-09-23,12,104,1001.0371716668305
q4_3,2025-09-23,12,105,1054.8802212040823
q4_3,2025-09-23,12,106,1136.7400508510846
q4_3,2025-09-23,12,107,1074.1890663924148
q4_3,2025-09-23,12,108,904.6512827824639
q4_3,2025-09-23,12,109,57.64806416950228
q4_3,2025-09-23,12,110,914.7164397389339
q4_3,2025-09-23,12,111,909.9919100770387
q4_3,2025-09-23,12,112,79.51598480323719
q4_3,2025-09-23,12,113,76.53589432393619
q4_3,2025-09-23,12,114,72.77581970121969
q4_3,2025-09-23,12,115,64.47734189684559
q4_3,2025-09-23,12,116,86.09555449534423
q4_3,2025-09-23,12,117,910.7733704466541
q4_3,2025-09-23,12,118,91.72102630067843
q4_3,2025-09-23,12,119,99.62624968289106
q4_3,2025-09-23,12,120,926.8363542287304
q4_3,2025-09-23,12,121,94.61482643202623
q4_3,2025-09-23,12,122,608.1908242665057
q4_3,2025-09-23,12,123,903.7681501426357
q4_3,2025-09-23,12,124,80.69609199204228
q4_3,2025-09-23,12,125,920.3957880449559
q4_3,2025-09-23,12,126,919.2904373265725
q4_3,2025-09-23,12,127,915.6299496352245
q4_3,2025-09-23,12,128,909.2102977720131
q4_3,2025-09-23,12,129,913.2095224749219
q4_3,2025-09-23,12,130,943.3242905057293
q4_3,2025-09-23,12,131,866.7797601226916
q4_3,2025-09-23,12,132,1568.9028279628624
q4_3,2025-09-23,12,133,1555.2717534875503
q4_3,2025-09-23,12,134,1402.7715472105215
q4_3,2025-09-23,12,135,1558.8681182879
q4_3,2025-09-23,12,136,1563.5451959533787
q4_3,2025-09-23,12,137,1567.8747092084677
q4_3,2025-09-23,12,138,1554.0027714588625
q4_3,2025-09-23,12,139,1552.9008667022727
q4_3,2025-09-23,12,140,1544.4706546811103
q4_3,2025-09-23,12,141,1555.1573663483161
q4_3,2025-09-23,12,142,1559.989342755905
q4_3,2025-09-23,12,143,1544.8619665746546
q4_3,2025-09-23,12,144,1565.0397755848355
q4_3,2025-09-23,18,109,57.64806416950228
q4_3,2025-09-23,18,110,914.7164397389339
q4_3,2025-09-23,18,111,909.0641928175385
q4_3,2025-09-23,18,112,79.51598480323719
q4_3,2025-09-23,18,113,76.72665883543482
q4_3,2025-09-23,18,114,72.77581970121969
q4_3,2025-09-23,18,115,64.47734189684559
q4_3,2025-09-23,18,116,86.09555449534423
q4_3,2025-09-23,18,117,910.7733704466541
q4_3,2025-09-23,18,118,91.72102630067843
q4_3,2025-09-23,18,119,99.62624968289106
q4_3,2025-09-23,18,120,926.8363542287304
q4_3,2025-09-23,18,121,94.61482643202623
q4_3,2025-09-23,18,122,609.720452865369
q4_3,2025-09-23,18,123,903.7681501426357
q4_3,2025-09-23,18,124,80.69609199204228
q4_3,2025-09-23,18,125,920.3957880449559
q4_3,2025-09-23,18,126,919.2904373265725
q4_3,2025-09-23,18,127,915.6299496352245
q4_3,2025-09-23,18,128,909.2102977720131
q4_3,2025-09-23,18,129,913.2095224749219
q4_3,2025-09-23,18,130,943.3242905057293
q4_3,2025-09-23,18,131,866.7797601226916
q4_3,2025-09-23,18,132,1568.9028279628624
q4_3,2025-09-23,18,133,1555.2717534875503
q4_3,2025-09-23,18,134,1402.7713785948858
q4_3,2025-09-23,18,135,1558.8681182879
q4_3,2025-09-23,18,136,1563.5451959533787
q4_3,2025-09-23,18,137,1567.8747092084677
q4_3,2025-09-23,18,138,1554.0027714588625
q4_3,2025-09-23,18,139,1552.9008667022727
q4_3,2025-09-23,18,140,1544.4706546811103
q4_3,2025-09-23,18,141,1555.1573663483161
q4_3,2025-09-23,18,142,1559.989342755905
q4_3,2025-09-23,18,143,1544.8619665746546
q4_3,2025-09-23,18,144,1565.0397755848355
q4_3,2025-12-21,0,1,571.7568129477716
q4_3,2025-12-21,0,2,582.7758054347864
q4_3,2025-12-21,0,3,587.3285432581768
q4_3,2025-12-21,0,4,593.9134016708408
q4_3,2025-12-21,0,5,604.8825153250333
q4_3,2025-12-21,0,6,604.6984034632555
q4_3,2025-12-21,0,7,598.714271799638
q4_3,2025-12-21,0,8,601.532892413102
q4_3,2025-12-21,0,9,617.0260133065183
q4_3,2025-12-21,0,10,609.6542540125915
q4_3,2025-12-21,0,11,614.5287872141209
q4_3,2025-12-21,0,12,634.5536880890032
q4_3,2025-12-21,0,13,637.1674921548575
q4_3,2025-12-21,0,14,637.3820030644363
q4_3,2025-12-21,0,15,626.6887960941922
q4_3,2025-12-21,0,16,631.932221707252
q4_3,2025-12-21,0,17,638.379382131017
q4_3,2025-12-21,0,18,645.9212501758847
q4_3,2025-12-21,0,19,646.9508614642928
q4_3,2025-12-21,0,20,650.6684091184633
q4_3,2025-12-21,0,21,652.6142696220699
q4_3,2025-12-21,0,22,651.2604813309616
q4_3,2025-12-21,0,23,657.1948689979235
q4_3,2025-12-21,0,24,660.3278463986999
q4_3,2025-12-21,0,25,670.1913277936626
q4_3,2025-12-21,0,26,657.7684577458995
q4_3,2025-12-21,0,27,672.2625184618232
q4_3,2025-12-21,0,28,683.5273540102063
q4_3,2025-12-21,0,29,663.8593542867458
q4_3,2025-12-21,0,30,670.6547148726133
q4_3,2025-12-21,0,31,681.115972449761
q4_3,2025-12-21,0,32,696.9550517876271
q4_3,2025-12-21,0,33,681.2678773624096
q4_3,2025-12-21,0,34,661.7550029849325
q4_3,2025-12-21,0,35,754.0910438015885
q4_3,2025-12-21,0,36,882.3315013871265
q4_3,2025-12-21,0,37,907.0346685930651
q4_3,2025-12-21,0,38,874.8907815663017
q4_3,2025-12-21,0,39,877.62744914469
q4_3,2025-12-21,0,40,883.6248682781048
q4_3,2025-12-21,0,41,873.6100318885951
q4_3,2025-12-21,0,42,883.5136019386397
q4_3,2025-12-21,0,43,851.8401453819482
q4_3,2025-12-21,0,44,800.4137302804603
q4_3,2025-12-21,0,45,747.816799013786
q4_3,2025-12-21,0,46,676.6971542583203
q4_3,2025-12-21,0,47,754.9230277019735
q4_3,2025-12-21,0,48,85.23847439651627
q4_3,2025-12-21,0,49,76.62133684667174
q4_3,2025-12-21,0,50,0.0
q4_3,2025-12-21,0,51,0.0
q4_3,2025-12-21,0,52,0.0
q4_3,2025-12-21,0,53,0.0
q4_3,2025-12-21,0,54,0.0
q4_3,2025-12-21,0,55,0.0
q4_3,2025-12-21,0,56,0.0
q4_3,2025-12-21,0,57,0.0
q4_3,2025-12-21,0,58,88.80232310822566
q4_3,2025-12-21,0,59,444.02589683625183
q4_3,2025-12-21,0,60,0.0
q4_3,2025-12-21,0,61,0.0
q4_3,2025-12-21,0,62,381.4907407488447
q4_3,2025-12-21,0,63,375.37374654683003
q4_3,2025-12-21,0,64,0.0
q4_3,2025-12-21,0,65,358.3716692445572
q4_3,2025-12-21,0,66,1179.8671035358948
q4_3,2025-12-21,0,67,1149.1571604687383
q4_3,2025-12-21,0,68,1124.5505165282862
q4_3,2025-12-21,0,69,1112.774548557449
q4_3,2025-12-21,0,70,1106.7651055214224
q4_3,2025-12-21,0,71,1061.658607386566
q4_3,2025-12-21,0,72,1003.3737334421127
q4_3,2025-12-21,0,73,975.90663466786
q4_3,2025-12-21,0,74,964.966944977192
q4_3,2025-12-21,0,75,996.7270354495961
q4_3,2025-12-21,0,76,961.9909290279691
q4_3,2025-12-21,0,77,964.3230341648983
q4_3,2025-12-21,0,78,165.99437755898805
q4_3,2025-12-21,0,79,182.44649254588842
q4_3,2025-12-21,0,80,199.53630017082048
q4_3,2025-12-21,0,81,226.73829838410427
q4_3,2025-12-21,0,82,245.6963763732191
q4_3,2025-12-21,0,83,245.9123574731576
q4_3,2025-12-21,0,84,283.78067136765617
q4_3,2025-12-21,0,85,0.02657950673878022
q4_3,2025-12-21,0,86,0.0
q4_3,2025-12-21,0,87,0.0
q4_3,2025-12-21,0,88,0.0
q4_3,2025-12-21,0,89,491.63082562977866
q4_3,2025-12-21,0,90,1369.2965714031416
q4_3,2025-12-21,0,91,1412.811836203782
q4_3,2025-12-21,0,92,1467.8601926855515
q4_3,2025-12-21,0,93,766.1117667162282
q4_3,2025-12-21,0,94,720.1783559145647
q4_3,2025-12-21,0,95,766.9000957104597
q4_3,2025-12-21,0,96,808.1195676795915
q4_3,2025-12-21,0,97,844.2443789027409
q4_3,2025-12-21,0,98,881.6080486020594
q4_3,2025-12-21,0,99,912.5336623351516
q4_3,2025-12-21,0,100,953.1325442742
q4_3,2025-12-21,0,101,992.8196246057083
q4_3,2025-12-21,0,102,1017.2324317451222
q4_3,2025-12-21,0,103,1010.3560127259911
q4_3,2025-12-21,0,104,998.3375294976765
q4_3,2025-12-21,0,105,1010.0220028714805
q4_3,2025-12-21,0,106,1037.844763793672
q4_3,2025-12-21,0,107,914.2232886826416
q4_3,2025-12-21,0,108,710.1393851669161
q4_3,2025-12-21,0,109,542.9261631932193
q4_3,2025-12-21,0,110,719.3030674241442
q4_3,2025-12-21,0,111,702.9464750710073
q4_3,2025-12-21,0,112,700.6539573747843
q4_3,2025-12-21,0,113,0.0
q4_3,2025-12-21,0,114,0.0
q4_3,2025-12-21,0,115,0.0
q4_3,2025-12-21,0,116,0.0
q4_3,2025-12-21,0,117,0.0
q4_3,2025-12-21,0,118,0.0
q4_3,2025-12-21,0,119,0.0
q4_3,2025-12-21,0,120,0.0
q4_3,2025-12-21,0,121,0.0
q4_3,2025-12-21,0,122,0.0
q4_3,2025-12-21,0,123,0.0
q4_3,2025-12-21,0,124,0.0
q4_3,2025-12-21,0,125,721.2481415530189
q4_3,2025-12-21,0,126,719.438263448744
q4_3,2025-12-21,0,127,719.9516893050436
q4_3,2025-12-21,0,128,715.3580907094286
q4_3,2025-12-21,0,129,718.0304654387625
q4_3,2025-12-21,0,130,739.0117735955502
q4_3,2025-12-21,0,131,661.2998158694578
q4_3,2025-12-21,0,132,1378.2601497527592
q4_3,2025-12-21,0,133,1371.9705958235943
q4_3,2025-12-21,0,134,1386.5487616548098
q4_3,2025-12-21,0,135,1375.5909707312067
q4_3,2025-12-21,0,136,1377.3383672239381
q4_3,2025-12-21,0,137,1376.5188488163747
q4_3,2025-12-21,0,138,1383.2327666126296
q4_3,2025-12-21,0,139,1400.2884746085779
q4_3,2025-12-21,0,140,1408.2729637157909
q4_3,2025-12-21,0,141,1402.0421198463737
q4_3,2025-12-21,0,142,1245.7205665300344
q4_3,2025-12-21,0,143,1408.7365078115442
q4_3,2025-12-21,0,144,1413.4242035270336
q4_3,2025-12-21,6,37,907.0108085004726
q4_3,2025-12-21,6,38,874.7382502700053
q4_3,2025-12-21,6,39,877.5558688669122
q4_3,2025-12-21,6,40,883.5294279077344
q4_3,2025-12-21,6,41,873.6100318885951
q4_3,2025-12-21,6,42,883.3920747164175
q4_3,2025-12-21,6,43,850.9358504745408
q4_3,2025-12-21,6,44,798.2248287989787
q4_3,2025-12-21,6,45,740.6476977373916
q4_3,2025-12-21,6,46,676.6971542583203
q4_3,2025-12-21,6,47,754.9230277019735
q4_3,2025-12-21,6,48,80.52850772984948
q4_3,2025-12-21,6,49,71.53313789247454
q4_3,2025-12-21,6,50,-0.0
q4_3,2025-12-21,6,51,-0.0
q4_3,2025-12-21,6,52,-0.0
q4_3,2025-12-21,6,53,-0.0
q4_3,2025-12-21,6,54,-0.0
q4_3,2025-12-21,6,55,-0.0
q4_3,2025-12-21,6,56,-0.0
q4_3,2025-12-21,6,57,-0.0
q4_3,2025-12-21,6,58,-0.0
q4_3,2025-12-21,6,59,291.94767164971313
q4_3,2025-12-21,6,60,-0.0
q4_3,2025-12-21,6,61,-0.0
q4_3,2025-12-21,6,62,312.62760501211494
q4_3,2025-12-21,6,63,296.7042586328846
q4_3,2025-12-21,6,64,-0.0
q4_3,2025-12-21,6,65,353.90659330720695
q4_3,2025-12-21,6,66,1118.3490063950862
q4_3,2025-12-21,6,67,1072.5198358395266
q4_3,2025-12-21,6,68,1026.5803030034836
q4_3,2025-12-21,6,69,993.0333731705998
q4_3,2025-12-21,6,70,969.7469726843972
q4_3,2025-12-21,6,71,907.2983990532327
q4_3,2025-12-21,6,72,820.6471684528573
q4_3,2025-12-21,6,73,825.1225067387307
q4_3,2025-12-21,6,74,869.9831075981558
q4_3,2025-12-21,6,75,893.2788738296547
q4_3,2025-12-21,6,76,889.2988652662896
q4_3,2025-12-21,6,77,913.3682965288905
q4_3,2025-12-21,6,78,136.57097404149454
q4_3,2025-12-21,6,79,168.535046444704
q4_3,2025-12-21,6,80,191.80107397571282
q4_3,2025-12-21,6,81,207.61553733008486
q4_3,2025-12-21,6,82,206.9217287575541
q4_3,2025-12-21,6,83,228.72827780808655
q4_3,2025-12-21,6,84,261.5053715073095
q4_3,2025-12-21,6,85,0.02657950673878022
q4_3,2025-12-21,6,86,-0.0
q4_3,2025-12-21,6,87,-0.0
q4_3,2025-12-21,6,88,-0.0
q4_3,2025-12-21,6,89,491.63082562977866
q4_3,2025-12-21,6,90,1369.2965714031416
q4_3,2025-12-21,6,91,1412.811836203782
q4_3,2025-12-21,6,92,1467.8601926855515
q4_3,2025-12-21,6,93,766.1117667162282
q4_3,2025-12-21,6,94,727.5119738099861
q4_3,2025-12-21,6,95,766.9000957104597
q4_3,2025-12-21,6,96,808.1195676795915
q4_3,2025-12-21,6,97,844.2443789027409
q4_3,2025-12-21,6,98,881.6080486020594
q4_3,2025-12-21,6,99,912.5336623351516
q4_3,2025-12-21,6,100,953.1325442742
q4_3,2025-12-21,6,101,992.8196246057083
q4_3,2025-12-21,6,102,1018.8601698006778
q4_3,2025-12-21,6,103,1012.2639923008464
q4_3,2025-12-21,6,104,998.3375294976765
q4_3,2025-12-21,6,105,1010.0220028714805
q4_3,2025-12-21,6,106,1037.9780598121906
q4_3,2025-12-21,6,107,914.2232886826416
q4_3,2025-12-21,6,108,710.1393851669161
q4_3,2025-12-21,6,109,542.9261631932193
q4_3,2025-12-21,6,110,719.3030674241442
q4_3,2025-12-21,6,111,702.9464750710073
q4_3,2025-12-21,6,112,700.6539573747843
q4_3,2025-12-21,6,113,-0.0
q4_3,2025-12-21,6,114,-0.0
q4_3,2025-12-21,6,115,-0.0
q4_3,2025-12-21,6,116,-0.0
q4_3,2025-12-21,6,117,-0.0
q4_3,2025-12-21,6,118,-0.0
q4_3,2025-12-21,6,119,-0.0
q4_3,2025-12-21,6,120,-0.0
q4_3,2025-12-21,6,121,-0.0
q4_3,2025-12-21,6,122,-0.0
q4_3,2025-12-21,6,123,-0.0
q4_3,2025-12-21,6,124,-0.0
q4_3,2025-12-21,6,125,721.2481415530189
q4_3,2025-12-21,6,126,719.438263448744
q4_3,2025-12-21,6,127,719.9516893050436
q4_3,2025-12-21,6,128,715.3580907094286
q4_3,2025-12-21,6,129,718.0304654387625
q4_3,2025-12-21,6,130,739.0117735955502
q4_3,2025-12-21,6,131,661.2998158694578
q4_3,2025-12-21,6,132,1378.2601497527592
q4_3,2025-12-21,6,133,1371.9705958235943
q4_3,2025-12-21,6,134,1386.5487616548098
q4_3,2025-12-21,6,135,1375.5909707312067
q4_3,2025-12-21,6,136,1377.3383672239381
q4_3,2025-12-21,6,137,1376.5188488163747
q4_3,2025-12-21,6,138,1383.2327666126296
q4_3,2025-12-21,6,139,1400.2884746085779
q4_3,2025-12-21,6,140,1408.2729637157909
q4_3,2025-12-21,6,141,1402.0421198463737
q4_3,2025-12-21,6,142,1245.7205665300344
q4_3,2025-12-21,6,143,1408.7365078115442
q4_3,2025-12-21,6,144,1413.4242035270336
q4_3,2025-12-21,12,73,915.0642409557996
q4_3,2025-12-21,12,74,934.2168808372667
q4_3,2025-12-21,12,75,946.3097427391587
q4_3,2025-12-21,12,76,949.3869706537201
q4_3,2025-12-21,12,77,980.310194631825
q4_3,2025-12-21,12,78,199.90837079578455
q4_3,2025-12-21,12,79,219.7670986191854
q4_3,2025-12-21,12,80,228.79076834965144
q4_3,2025-12-21,12,81,247.98252338801876
q4_3,2025-12-21,12,82,257.58836764644275
q4_3,2025-12-21,12,83,272.6264889191975
q4_3,2025-12-21,12,84,283.78581650058896
q4_3,2025-12-21,12,85,0.02657950673878022
q4_3,2025-12-21,12,86,-0.0
q4_3,2025-12-21,12,87,-0.0
q4_3,2025-12-21,12,88,-0.0
q4_3,2025-12-21,12,89,527.0508378893153
q4_3,2025-12-21,12,90,1420.247169646303
q4_3,2025-12-21,12,91,1456.3589151689748
q4_3,2025-12-21,12,92,1491.0801592168946
q4_3,2025-12-21,12,93,1527.2712235373206
q4_3,2025-12-21,12,94,852.2852838950173
q4_3,2025-12-21,12,95,770.2130774112053
q4_3,2025-12-21,12,96,808.1195676795915
q4_3,2025-12-21,12,97,844.2443789027409
q4_3,2025-12-21,12,98,881.6080486020594
q4_3,2025-12-21,12,99,912.5336623351516
q4_3,2025-12-21,12,100,958.892351040174
q4_3,2025-12-21,12,101,996.6886121382677
q4_3,2025-12-21,12,102,1018.9654003562333
q4_3,2025-12-21,12,103,1013.0484966432678
q4_3,2025-12-21,12,104,1000.4849752384173
q4_3,2025-12-21,12,105,1010.7563690386611
q4_3,2025-12-21,12,106,1038.2973144418202
q4_3,2025-12-21,12,107,914.2232886826416
q4_3,2025-12-21,12,108,710.1393851669161
q4_3,2025-12-21,12,109,542.9261631932193
q4_3,2025-12-21,12,110,719.3030674241442
q4_3,2025-12-21,12,111,702.9464750710073
q4_3,2025-12-21,12,112,700.6539573747843
q4_3,2025-12-21,12,113,-0.0
q4_3,2025-12-21,12,114,-0.0
q4_3,2025-12-21,12,115,-0.0
q4_3,2025-12-21,12,116,-0.0
q4_3,2025-12-21,12,117,-0.0
q4_3,2025-12-21,12,118,-0.0
q4_3,2025-12-21,12,119,-0.0
q4_3,2025-12-21,12,120,-0.0
q4_3,2025-12-21,12,121,-0.0
q4_3,2025-12-21,12,122,-0.0
q4_3,2025-12-21,12,123,-0.0
q4_3,2025-12-21,12,124,-0.0
q4_3,2025-12-21,12,125,721.2481415530189
q4_3,2025-12-21,12,126,719.438263448744
q4_3,2025-12-21,12,127,719.9516893050436
q4_3,2025-12-21,12,128,715.3580907094286
q4_3,2025-12-21,12,129,718.0304654387625
q4_3,2025-12-21,12,130,739.0117735955502
q4_3,2025-12-21,12,131,661.2998158694578
q4_3,2025-12-21,12,132,1378.2601497527592
q4_3,2025-12-21,12,133,1371.9705958235943
q4_3,2025-12-21,12,134,1386.5487616548098
q4_3,2025-12-21,12,135,1375.5909707312067
q4_3,2025-12-21,12,136,1377.3383672239381
q4_3,2025-12-21,12,137,1376.5188488163747
q4_3,2025-12-21,12,138,1383.2327666126296
q4_3,2025-12-21,12,139,1400.2884746085779
q4_3,2025-12-21,12,140,1408.2729637157909
q4_3,2025-12-21,12,141,1402.0421198463737
q4_3,2025-12-21,12,142,1245.7205665300344
q4_3,2025-12-21,12,143,1408.7365078115442
q4_3,2025-12-21,12,144,1413.4242035270336
q4_3,2025-12-21,18,109,639.760505434309
q4_3,2025-12-21,18,110,719.3030674241442
q4_3,2025-12-21,18,111,702.9464750710073
q4_3,2025-12-21,18,112,700.6539573747843
q4_3,2025-12-21,18,113,-0.0
q4_3,2025-12-21,18,114,-0.0
q4_3,2025-12-21,18,115,-0.0
q4_3,2025-12-21,18,116,-0.0
q4_3,2025-12-21,18,117,-0.0
q4_3,2025-12-21,18,118,-0.0
q4_3,2025-12-21,18,119,-0.0
q4_3,2025-12-21,18,120,-0.0
q4_3,2025-12-21,18,121,-0.0
q4_3,2025-12-21,18,122,-0.0
q4_3,2025-12-21,18,123,-0.0
q4_3,2025-12-21,18,124,-0.0
q4_3,2025-12-21,18,125,721.2481415530189
q4_3,2025-12-21,18,126,719.438263448744
q4_3,2025-12-21,18,127,719.9516893050436
q4_3,2025-12-21,18,128,715.3580907094286
q4_3,2025-12-21,18,129,718.0304654387625
q4_3,2025-12-21,18,130,739.0117735955502
q4_3,2025-12-21,18,131,661.2998158694578
q4_3,2025-12-21,18,132,1378.2601497527592
q4_3,2025-12-21,18,133,1371.9705958235943
q4_3,2025-12-21,18,134,1386.5487616548098
q4_3,2025-12-21,18,135,1375.5909707312067
q4_3,2025-12-21,18,136,1377.3383672239381
q4_3,2025-12-21,18,137,1376.5188488163747
q4_3,2025-12-21,18,138,1383.2327666126296
q4_3,2025-12-21,18,139,1400.2884746085779
q4_3,2025-12-21,18,140,1408.2729637157909
q4_3,2025-12-21,18,141,1402.0421198463737
q4_3,2025-12-21,18,142,1245.7204040913477
q4_3,2025-12-21,18,143,1408.7365078115442
q4_3,2025-12-21,18,144,1413.4242035270336
