variant,date,issue_hour,slot,purchase_kwh
q3,2025-03-20,0,1,621.1222333333333
q3,2025-03-20,0,2,620.154
q3,2025-03-20,0,3,612.3116666666666
q3,2025-03-20,0,4,607.5356166666667
q3,2025-03-20,0,5,601.7587666666666
q3,2025-03-20,0,6,592.8299999999999
q3,2025-03-20,0,7,578.9727
q3,2025-03-20,0,8,570.0403666666666
q3,2025-03-20,0,9,557.7766666666665
q3,2025-03-20,0,10,579.0875166666667
q3,2025-03-20,0,11,614.4843999999999
q3,2025-03-20,0,12,641.9816666666667
q3,2025-03-20,0,13,597.7941999999999
q3,2025-03-20,0,14,585.6600666666666
q3,2025-03-20,0,15,607.86
q3,2025-03-20,0,16,606.2636333333334
q3,2025-03-20,0,17,630.3414166666666
q3,2025-03-20,0,18,668.3083333333333
q3,2025-03-20,0,19,620.1123166666667
q3,2025-03-20,0,20,596.9771499999999
q3,2025-03-20,0,21,604.8899999999999
q3,2025-03-20,0,22,611.7234
q3,2025-03-20,0,23,595.0108666666666
q3,2025-03-20,0,24,592.2416666666666
q3,2025-03-20,0,25,616.9381333333332
q3,2025-03-20,0,26,622.4391833333334
q3,2025-03-20,0,27,612.435
q3,2025-03-20,0,28,630.3032833333333
q3,2025-03-20,0,29,643.4966166666666
q3,2025-03-20,0,30,633.685
q3,2025-03-20,0,31,628.6454833333332
q3,2025-03-20,0,32,618.1196666666666
q3,2025-03-20,0,33,616.895
q3,2025-03-20,0,34,604.6024333333334
q3,2025-03-20,0,35,702.77645
q3,2025-03-20,0,36,34.5016666666667
q3,2025-03-20,0,37,29.269755555555406
q3,2025-03-20,0,38,6.086694444444401
q3,2025-03-20,0,39,13.308949999999962
q3,2025-03-20,0,40,13.487994444444496
q3,2025-03-20,0,41,6.704775000000052
q3,2025-03-20,0,42,19.958783333333333
q3,2025-03-20,0,43,26.109916666666695
q3,2025-03-20,0,44,21.92854444444443
q3,2025-03-20,0,45,15.899525000000077
q3,2025-03-20,0,46,281.24562222222215
q3,2025-03-20,0,47,14.038519444444383
q3,2025-03-20,0,48,14.588216666666614
q3,2025-03-20,0,49,29.41764999999996
q3,2025-03-20,0,50,31.56808333333335
q3,2025-03-20,0,51,24.55900833333328
q3,2025-03-20,0,52,31.859372222222262
q3,2025-03-20,0,53,40.721397222222365
q3,2025-03-20,0,54,22.589716666666693
q3,2025-03-20,0,55,37.9378694444444
q3,2025-03-20,0,56,49.54536666666672
q3,2025-03-20,0,57,44.01343333333322
q3,2025-03-20,0,58,55.13137777777783
q3,2025-03-20,0,59,60.8760555555555
q3,2025-03-20,0,60,46.9065166666666
q3,2025-03-20,0,61,62.087155555555526
q3,2025-03-20,0,62,73.80114999999998
q3,2025-03-20,0,63,66.03903333333324
q3,2025-03-20,0,64,58.53638333333335
q3,2025-03-20,0,65,79.08464166666676
q3,2025-03-20,0,66,658.5841666666668
q3,2025-03-20,0,67,638.9973722222219
q3,2025-03-20,0,68,599.5189666666666
q3,2025-03-20,0,69,606.8109499999999
q3,2025-03-20,0,70,642.6498611111107
q3,2025-03-20,0,71,633.0902138888887
q3,2025-03-20,0,72,608.8271166666667
q3,2025-03-20,0,73,632.2607805555554
q3,2025-03-20,0,74,706.3807944444443
q3,2025-03-20,0,75,757.3452083333332
q3,2025-03-20,0,76,792.5251388888888
q3,2025-03-20,0,77,188.93612373113848
q3,2025-03-20,0,78,121.30625000000009
q3,2025-03-20,0,79,106.64620555555572
q3,2025-03-20,0,80,112.49635086195133
q3,2025-03-20,0,81,122.62773333333332
q3,2025-03-20,0,82,86.75877777777774
q3,2025-03-20,0,83,96.98056111111102
q3,2025-03-20,0,84,94.0401166666667
q3,2025-03-20,0,85,80.36409999999995
q3,2025-03-20,0,86,38.18068333333347
q3,2025-03-20,0,87,53.48005833333339
q3,2025-03-20,0,88,56.32526666666672
q3,2025-03-20,0,89,73.7605166666667
q3,2025-03-20,0,90,1317.0537180030778
q3,2025-03-20,0,91,1321.285836111111
q3,2025-03-20,0,92,518.0577722222223
q3,2025-03-20,0,93,562.5500999999998
q3,2025-03-20,0,94,591.0225444444443
q3,2025-03-20,0,95,618.2406222222226
q3,2025-03-20,0,96,637.6222999999999
q3,2025-03-20,0,97,684.9960500000001
q3,2025-03-20,0,98,720.5848666666665
q3,2025-03-20,0,99,756.2479666666667
q3,2025-03-20,0,100,773.0904722222224
q3,2025-03-20,0,101,801.3489805555553
q3,2025-03-20,0,102,847.5298666666665
q3,2025-03-20,0,103,918.1243472222226
q3,2025-03-20,0,104,918.6017999999996
q3,2025-03-20,0,105,904.9508499999998
q3,2025-03-20,0,106,997.6515444444447
q3,2025-03-20,0,107,927.0309805555552
q3,2025-03-20,0,108,756.5799999999999
q3,2025-03-20,0,109,715.1459833333334
q3,2025-03-20,0,110,743.9461166666666
q3,2025-03-20,0,111,751.88
q3,2025-03-20,0,112,743.5740666666666
q3,2025-03-20,0,113,207.2927499999995
q3,2025-03-20,0,114,19.3616666666666
q3,2025-03-20,0,115,15.541816666666666
q3,2025-03-20,0,116,17.82353333333329
q3,2025-03-20,0,117,24.07000000000001
q3,2025-03-20,0,118,17.09996666666666
q3,2025-03-20,0,119,14.584550000000036
q3,2025-03-20,0,120,25.058333333333394
q3,2025-03-20,0,121,15.622349999999944
q3,2025-03-20,0,122,18.04608333333332
q3,2025-03-20,0,123,22.285000000000004
q3,2025-03-20,0,124,23.82408333333334
q3,2025-03-20,0,125,769.7847499999999
q3,2025-03-20,0,126,775.9966666666666
q3,2025-03-20,0,127,733.2502166666667
q3,2025-03-20,0,128,729.0050333333334
q3,2025-03-20,0,129,757.2066666666666
q3,2025-03-20,0,130,743.9396833333333
q3,2025-03-20,0,131,670.2304166666667
q3,2025-03-20,0,132,1423.3083333333332
q3,2025-03-20,0,133,1422.6002333333333
q3,2025-03-20,0,134,1260.48525
q3,2025-03-20,0,135,1424.0783333333334
q3,2025-03-20,0,136,1422.8563666666666
q3,2025-03-20,0,137,1415.7982
q3,2025-03-20,0,138,1410.4983333333332
q3,2025-03-20,0,139,1435.7278166666667
q3,2025-03-20,0,140,1445.4364166666667
q3,2025-03-20,0,141,1426.1666666666665
q3,2025-03-20,0,142,1428.7251166666665
q3,2025-03-20,0,143,1376.6488166666666
q3,2025-03-20,0,144,1271.0666666666664
q3,2025-03-20,6,37,31.722688888888744
q3,2025-03-20,6,38,10.992561111111069
q3,2025-03-20,6,39,15.155041666666628
q3,2025-03-20,6,40,18.854455555555557
q3,2025-03-20,6,41,12.215847222222248
q3,2025-03-20,6,42,19.958783333333333
q3,2025-03-20,6,43,26.109916666666695
q3,2025-03-20,6,44,21.92854444444443
q3,2025-03-20,6,45,238.24935555555555
q3,2025-03-20,6,46,306.4472611111112
q3,2025-03-20,6,47,23.7760416666665
q3,2025-03-20,6,48,27.708166666666706
q3,2025-03-20,6,49,29.41764999999996
q3,2025-03-20,6,50,31.56808333333335
q3,2025-03-20,6,51,24.55900833333328
q3,2025-03-20,6,52,31.859372222222262
q3,2025-03-20,6,53,40.721397222222365
q3,2025-03-20,6,54,28.83764999999994
q3,2025-03-20,6,55,37.9378694444444
q3,2025-03-20,6,56,49.54536666666672
q3,2025-03-20,6,57,44.01343333333322
q3,2025-03-20,6,58,55.13137777777783
q3,2025-03-20,6,59,60.8760555555555
q3,2025-03-20,6,60,46.9065166666666
q3,2025-03-20,6,61,62.087155555555526
q3,2025-03-20,6,62,73.80114999999998
q3,2025-03-20,6,63,60.136916666666664
q3,2025-03-20,6,64,58.53638333333335
q3,2025-03-20,6,65,69.7811194444445
q3,2025-03-20,6,66,109.95630000000006
q3,2025-03-20,6,67,638.9973722222219
q3,2025-03-20,6,68,83.13521666666676
q3,2025-03-20,6,69,111.97462500000006
q3,2025-03-20,6,70,219.33502500000174
q3,2025-03-20,6,71,614.1441916666663
q3,2025-03-20,6,72,535.9095
q3,2025-03-20,6,73,499.27298888888924
q3,2025-03-20,6,74,505.43403888888906
q3,2025-03-20,6,75,505.7249250000001
q3,2025-03-20,6,76,494.4348888888888
q3,2025-03-20,6,77,88.87830000000008
q3,2025-03-20,6,78,105.70466666666667
q3,2025-03-20,6,79,106.64620555555572
q3,2025-03-20,6,80,79.67107222222215
q3,2025-03-20,6,81,106.56499166666654
q3,2025-03-20,6,82,86.75877777777774
q3,2025-03-20,6,83,96.98056111111102
q3,2025-03-20,6,84,94.0401166666667
q3,2025-03-20,6,85,80.36409999999995
q3,2025-03-20,6,86,45.14984444444444
q3,2025-03-20,6,87,53.828366666666696
q3,2025-03-20,6,88,62.141105555555555
q3,2025-03-20,6,89,84.71210277777773
q3,2025-03-20,6,90,214.10360000000014
q3,2025-03-20,6,91,331.2782771604939
q3,2025-03-20,6,92,299.1189833333335
q3,2025-03-20,6,93,342.2242999999999
q3,2025-03-20,6,94,414.3862277777775
q3,2025-03-20,6,95,470.80339722222243
q3,2025-03-20,6,96,486.20068333333325
q3,2025-03-20,6,97,526.4939916666665
q3,2025-03-20,6,98,627.9805666666668
q3,2025-03-20,6,99,658.6685749999999
q3,2025-03-20,6,100,698.2403111111108
q3,2025-03-20,6,101,750.0199611111113
q3,2025-03-20,6,102,847.5298666666665
q3,2025-03-20,6,103,897.3441083333332
q3,2025-03-20,6,104,892.1487277777776
q3,2025-03-20,6,105,904.9508499999998
q3,2025-03-20,6,106,990.5320499999998
q3,2025-03-20,6,107,927.0309805555552
q3,2025-03-20,6,108,756.5799999999999
q3,2025-03-20,6,109,715.1459833333334
q3,2025-03-20,6,110,743.9461166666666
q3,2025-03-20,6,111,751.88
q3,2025-03-20,6,112,743.5740666666666
q3,2025-03-20,6,113,207.2927499999995
q3,2025-03-20,6,114,19.3616666666666
q3,2025-03-20,6,115,15.541816666666666
q3,2025-03-20,6,116,17.82353333333329
q3,2025-03-20,6,117,24.07000000000001
q3,2025-03-20,6,118,17.09996666666666
q3,2025-03-20,6,119,14.584550000000036
q3,2025-03-20,6,120,25.058333333333394
q3,2025-03-20,6,121,15.622349999999944
q3,2025-03-20,6,122,18.04608333333332
q3,2025-03-20,6,123,22.285000000000004
q3,2025-03-20,6,124,23.82408333333334
q3,2025-03-20,6,125,769.7847499999999
q3,2025-03-20,6,126,775.9966666666666
q3,2025-03-20,6,127,733.2502166666667
q3,2025-03-20,6,128,729.0050333333334
q3,2025-03-20,6,129,757.2066666666666
q3,2025-03-20,6,130,743.9396833333333
q3,2025-03-20,6,131,670.2304166666667
q3,2025-03-20,6,132,1423.3083333333332
q3,2025-03-20,6,133,1422.6002333333333
q3,2025-03-20,6,134,1260.48525
q3,2025-03-20,6,135,1424.0783333333334
q3,2025-03-20,6,136,1422.8563666666666
q3,2025-03-20,6,137,1415.7982
q3,2025-03-20,6,138,1410.4983333333332
q3,2025-03-20,6,139,1435.7278166666667
q3,2025-03-20,6,140,1445.4364166666667
q3,2025-03-20,6,141,1426.1666666666665
q3,2025-03-20,6,142,1428.7251166666665
q3,2025-03-20,6,143,1376.6488166666666
q3,2025-03-20,6,144,1271.0666666666664
q3,2025-03-20,12,73,569.7615527777776
q3,2025-03-20,12,74,570.8584555555557
q3,2025-03-20,12,75,591.8816333333332
q3,2025-03-20,12,76,581.6193888888887
q3,2025-03-20,12,77,188.93612373113848
q3,2025-03-20,12,78,42.466399999999794
q3,2025-03-20,12,79,40.17894166666671
q3,2025-03-20,12,80,38.42461111111106
q3,2025-03-20,12,81,70.6369166666666
q3,2025-03-20,12,82,33.544461111111104
q3,2025-03-20,12,83,36.75523055555555
q3,2025-03-20,12,84,44.217866666666694
q3,2025-03-20,12,85,40.27206666666666
q3,2025-03-20,12,86,38.18068333333347
q3,2025-03-20,12,87,53.48005833333339
q3,2025-03-20,12,88,41.82325555555563
q3,2025-03-20,12,89,34.641065526855556
q3,2025-03-20,12,90,1071.8858343632755
q3,2025-03-20,12,91,1113.79975
q3,2025-03-20,12,92,310.4317666666669
q3,2025-03-20,12,93,384.91929166666665
q3,2025-03-20,12,94,458.227672222222
q3,2025-03-20,12,95,473.950852777778
q3,2025-03-20,12,96,484.5751666666667
q3,2025-03-20,12,97,553.9736666666668
q3,2025-03-20,12,98,620.2331055555554
q3,2025-03-20,12,99,681.1926083333332
q3,2025-03-20,12,100,715.0477222222222
q3,2025-03-20,12,101,758.2488861111111
q3,2025-03-20,12,102,837.6423333333332
q3,2025-03-20,12,103,910.9436222222223
q3,2025-03-20,12,104,914.2174388888886
q3,2025-03-20,12,105,904.0549083333332
q3,2025-03-20,12,106,995.8687
q3,2025-03-20,12,107,927.0309805555552
q3,2025-03-20,12,108,756.5799999999999
q3,2025-03-20,12,109,715.1459833333334
q3,2025-03-20,12,110,743.9461166666666
q3,2025-03-20,12,111,751.88
q3,2025-03-20,12,112,743.5740666666666
q3,2025-03-20,12,113,207.2927499999995
q3,2025-03-20,12,114,19.3616666666666
q3,2025-03-20,12,115,15.541816666666666
q3,2025-03-20,12,116,17.82353333333329
q3,2025-03-20,12,117,24.07000000000001
q3,2025-03-20,12,118,17.09996666666666
q3,2025-03-20,12,119,14.584550000000036
q3,2025-03-20,12,120,25.058333333333394
q3,2025-03-20,12,121,15.622349999999944
q3,2025-03-20,12,122,18.04608333333332
q3,2025-03-20,12,123,22.285000000000004
q3,2025-03-20,12,124,23.82408333333334
q3,2025-03-20,12,125,769.7847499999999
q3,2025-03-20,12,126,775.9966666666666
q3,2025-03-20,12,127,733.2502166666667
q3,2025-03-20,12,128,729.0050333333334
q3,2025-03-20,12,129,757.2066666666666
q3,2025-03-20,12,130,743.9396833333333
q3,2025-03-20,12,131,670.2304166666667
q3,2025-03-20,12,132,1423.3083333333332
q3,2025-03-20,12,133,1422.6002333333333
q3,2025-03-20,12,134,1260.48525
q3,2025-03-20,12,135,1424.0783333333334
q3,2025-03-20,12,136,1422.8563666666666
q3,2025-03-20,12,137,1415.7982
q3,2025-03-20,12,138,1410.4983333333332
q3,2025-03-20,12,139,1435.7278166666667
q3,2025-03-20,12,140,1445.4364166666667
q3,2025-03-20,12,141,1426.1666666666665
q3,2025-03-20,12,142,1428.7251166666665
q3,2025-03-20,12,143,1376.6488166666666
q3,2025-03-20,12,144,1271.0666666666664
q3,2025-03-20,18,109,715.1459833333334
q3,2025-03-20,18,110,743.9461166666666
q3,2025-03-20,18,111,751.88
q3,2025-03-20,18,112,743.5740666666666
q3,2025-03-20,18,113,207.2927499999995
q3,2025-03-20,18,114,19.3616666666666
q3,2025-03-20,18,115,15.541816666666666
q3,2025-03-20,18,116,17.82353333333329
q3,2025-03-20,18,117,24.07000000000001
q3,2025-03-20,18,118,17.09996666666666
q3,2025-03-20,18,119,14.584550000000036
q3,2025-03-20,18,120,25.058333333333394
q3,2025-03-20,18,121,15.622349999999944
q3,2025-03-20,18,122,18.04608333333332
q3,2025-03-20,18,123,22.285000000000004
q3,2025-03-20,18,124,23.82408333333334
q3,2025-03-20,18,125,769.7847499999999
q3,2025-03-20,18,126,775.9966666666666
q3,2025-03-20,18,127,733.2502166666667
q3,2025-03-20,18,128,729.0050333333334
q3,2025-03-20,18,129,757.2066666666666
q3,2025-03-20,18,130,743.9396833333333
q3,2025-03-20,18,131,670.2304166666667
q3,2025-03-20,18,132,1423.3083333333332
q3,2025-03-20,18,133,1422.6002333333333
q3,2025-03-20,18,134,1260.48525
q3,2025-03-20,18,135,1424.0783333333334
q3,2025-03-20,18,136,1422.8563666666666
q3,2025-03-20,18,137,1415.7982
q3,2025-03-20,18,138,1410.4983333333332
q3,2025-03-20,18,139,1435.7278166666667
q3,2025-03-20,18,140,1445.4364166666667
q3,2025-03-20,18,141,1426.1666666666665
q3,2025-03-20,18,142,1428.7251166666665
q3,2025-03-20,18,143,1376.6488166666666
q3,2025-03-20,18,144,1271.0666666666664
q3,2025-06-21,0,1,628.6931333333333
q3,2025-06-21,0,2,623.6784333333334
q3,2025-06-21,0,3,603.02
q3,2025-06-21,0,4,608.0723333333334
q3,2025-06-21,0,5,599.0178166666666
q3,2025-06-21,0,6,592.8100000000001
q3,2025-06-21,0,7,594.94985
q3,2025-06-21,0,8,571.9395333333333
q3,2025-06-21,0,9,530.5766666666666
q3,2025-06-21,0,10,551.2684833333333
q3,2025-06-21,0,11,552.0820333333334
q3,2025-06-21,0,12,542.86
q3,2025-06-21,0,13,559.8487666666665
q3,2025-06-21,0,14,541.7040166666666
q3,2025-06-21,0,15,36.53666666666663
q3,2025-06-21,0,16,474.2160031900403
q3,2025-06-21,0,17,513.06115
q3,2025-06-21,0,18,46.314999999999976
q3,2025-06-21,0,19,29.7192
q3,2025-06-21,0,20,28.91528333333334
q3,2025-06-21,0,21,42.293333333333365
q3,2025-06-21,0,22,40.184633333333366
q3,2025-06-21,0,23,30.771849999999933
q3,2025-06-21,0,24,25.464999999999993
q3,2025-06-21,0,25,39.03583333333328
q3,2025-06-21,0,26,32.37580000000003
q3,2025-06-21,0,27,27.041666666666664
q3,2025-06-21,0,28,16.546100000000024
q3,2025-06-21,0,29,25.316533333333382
q3,2025-06-21,0,30,18.423333333333325
q3,2025-06-21,0,31,430.30609999999996
q3,2025-06-21,0,32,25.765727777777748
q3,2025-06-21,0,33,424.42495833333334
q3,2025-06-21,0,34,422.17074999999994
q3,2025-06-21,0,35,25.358244444444466
q3,2025-06-21,0,36,25.70373333333339
q3,2025-06-21,0,37,29.256319444444536
q3,2025-06-21,0,38,26.47998333333324
q3,2025-06-21,0,39,21.216424999999987
q3,2025-06-21,0,40,20.357666666666596
q3,2025-06-21,0,41,22.779297222222244
q3,2025-06-21,0,42,26.113833333333407
q3,2025-06-21,0,43,26.367072222222355
q3,2025-06-21,0,44,27.872211111111216
q3,2025-06-21,0,45,42.91897499999997
q3,2025-06-21,0,46,45.33194444444452
q3,2025-06-21,0,47,46.433397222222176
q3,2025-06-21,0,48,57.99593333333329
q3,2025-06-21,0,49,47.47552777777771
q3,2025-06-21,0,50,66.68693888888892
q3,2025-06-21,0,51,81.34385000000005
q3,2025-06-21,0,52,72.11710555555555
q3,2025-06-21,0,53,78.98502777777773
q3,2025-06-21,0,54,76.3142000000001
q3,2025-06-21,0,55,61.868780555555446
q3,2025-06-21,0,56,50.95308333333338
q3,2025-06-21,0,57,98.9432166666667
q3,2025-06-21,0,58,89.55818888888894
q3,2025-06-21,0,59,73.48036388888904
q3,2025-06-21,0,60,78.36333333333337
q3,2025-06-21,0,61,80.64867500000017
q3,2025-06-21,0,62,120.23768333333342
q3,2025-06-21,0,63,112.59069166666669
q3,2025-06-21,0,64,104.00056111111117
q3,2025-06-21,0,65,79.78463888888878
q3,2025-06-21,0,66,71.93999999999974
q3,2025-06-21,0,67,78.83017222222215
q3,2025-06-21,0,68,104.66966111111114
q3,2025-06-21,0,69,134.94264166666667
q3,2025-06-21,0,70,110.57736666666656
q3,2025-06-21,0,71,102.75736666666633
q3,2025-06-21,0,72,99.0737499999997
q3,2025-06-21,0,73,81.65045277777776
q3,2025-06-21,0,74,72.4577055555556
q3,2025-06-21,0,75,70.11695833333336
q3,2025-06-21,0,76,80.76003888888854
q3,2025-06-21,0,77,82.60344722222216
q3,2025-06-21,0,78,112.68021666666671
q3,2025-06-21,0,79,95.42703333333345
q3,2025-06-21,0,80,97.25681111111108
q3,2025-06-21,0,81,93.53375000000013
q3,2025-06-21,0,82,98.90381111111105
q3,2025-06-21,0,83,104.39498055555555
q3,2025-06-21,0,84,86.30071666666663
q3,2025-06-21,0,85,81.89509722222216
q3,2025-06-21,0,86,76.2685333333334
q3,2025-06-21,0,87,91.9766166666665
q3,2025-06-21,0,88,96.6316166666667
q3,2025-06-21,0,89,114.13598611111112
q3,2025-06-21,0,90,109.38239999999996
q3,2025-06-21,0,91,95.7561444444445
q3,2025-06-21,0,92,78.13336666666659
q3,2025-06-21,0,93,102.82010000000014
q3,2025-06-21,0,94,76.13386111111106
q3,2025-06-21,0,95,119.57868055555593
q3,2025-06-21,0,96,215.99655000000007
q3,2025-06-21,0,97,252.6471250000002
q3,2025-06-21,0,98,245.20952222222223
q3,2025-06-21,0,99,249.72267499999998
q3,2025-06-21,0,100,337.24438888888915
q3,2025-06-21,0,101,344.8328944444443
q3,2025-06-21,0,102,253.49455000000012
q3,2025-06-21,0,103,272.64963333333355
q3,2025-06-21,0,104,328.5560888888885
q3,2025-06-21,0,105,369.748375
q3,2025-06-21,0,106,408.078938888889
q3,2025-06-21,0,107,474.42982777777746
q3,2025-06-21,0,108,490.8302333333333
q3,2025-06-21,0,109,71.06504166666662
q3,2025-06-21,0,110,570.4876611111109
q3,2025-06-21,0,111,69.2451333333333
q3,2025-06-21,0,112,372.88164722222285
q3,2025-06-21,0,113,99.21750000000011
q3,2025-06-21,0,114,67.01666666666672
q3,2025-06-21,0,115,72.04220000000001
q3,2025-06-21,0,116,72.39790000000008
q3,2025-06-21,0,117,80.23044166666676
q3,2025-06-21,0,118,51.437883333333346
q3,2025-06-21,0,119,63.32083333333328
q3,2025-06-21,0,120,65.33500000000004
q3,2025-06-21,0,121,52.50258333333333
q3,2025-06-21,0,122,89.0007333333333
q3,2025-06-21,0,123,98.14000000000001
q3,2025-06-21,0,124,62.466866666666796
q3,2025-06-21,0,125,732.8646166666667
q3,2025-06-21,0,126,725.4516666666666
q3,2025-06-21,0,127,649.3549833333333
q3,2025-06-21,0,128,638.1465333333333
q3,2025-06-21,0,129,659.5899999999999
q3,2025-06-21,0,130,652.4667833333332
q3,2025-06-21,0,131,633.3023333333333
q3,2025-06-21,0,132,1460.1766666666665
q3,2025-06-21,0,133,1465.4339666666667
q3,2025-06-21,0,134,1272.5115833333334
q3,2025-06-21,0,135,1445.6883333333333
q3,2025-06-21,0,136,1464.4933999999998
q3,2025-06-21,0,137,1503.5576166666665
q3,2025-06-21,0,138,1485.138333333333
q3,2025-06-21,0,139,1427.1933666666666
q3,2025-06-21,0,140,1434.043533333333
q3,2025-06-21,0,141,1428.2416666666666
q3,2025-06-21,0,142,1442.0398166666666
q3,2025-06-21,0,143,1489.7913999999998
q3,2025-06-21,0,144,1578.6633333333334
q3,2025-06-21,6,37,28.745133333333342
q3,2025-06-21,6,38,29.569538888888903
q3,2025-06-21,6,39,22.31683333333323
q3,2025-06-21,6,40,22.184966666666543
q3,2025-06-21,6,41,23.277938888888933
q3,2025-06-21,6,42,26.113833333333407
q3,2025-06-21,6,43,20.30880555555565
q3,2025-06-21,6,44,17.61380555555565
q3,2025-06-21,6,45,37.64503333333327
q3,2025-06-21,6,46,29.596833333333407
q3,2025-06-21,6,47,44.06565555555558
q3,2025-06-21,6,48,42.93856666666677
q3,2025-06-21,6,49,36.10055277777779
q3,2025-06-21,6,50,44.7440388888889
q3,2025-06-21,6,51,45.33006666666665
q3,2025-06-21,6,52,45.55057222222234
q3,2025-06-21,6,53,41.58903888888892
q3,2025-06-21,6,54,42.30221666666663
q3,2025-06-21,6,55,28.26847222222209
q3,2025-06-21,6,56,30.318455555555577
q3,2025-06-21,6,57,43.46511666666667
q3,2025-06-21,6,58,33.869038888888795
q3,2025-06-21,6,59,38.6557166666667
q3,2025-06-21,6,60,47.68620000000002
q3,2025-06-21,6,61,42.90872777777787
q3,2025-06-21,6,62,51.13019444444445
q3,2025-06-21,6,63,41.96416666666664
q3,2025-06-21,6,64,48.46414444444446
q3,2025-06-21,6,65,57.84745833333333
q3,2025-06-21,6,66,51.48838333333333
q3,2025-06-21,6,67,63.74514444444432
q3,2025-06-21,6,68,95.96505555555552
q3,2025-06-21,6,69,78.87362500000002
q3,2025-06-21,6,70,74.64714444444448
q3,2025-06-21,6,71,75.44947222222228
q3,2025-06-21,6,72,99.0737499999997
q3,2025-06-21,6,73,81.65045277777776
q3,2025-06-21,6,74,72.4577055555556
q3,2025-06-21,6,75,70.11695833333336
q3,2025-06-21,6,76,80.76003888888854
q3,2025-06-21,6,77,83.21678055555552
q3,2025-06-21,6,78,103.4433333333333
q3,2025-06-21,6,79,95.42703333333345
q3,2025-06-21,6,80,97.25681111111108
q3,2025-06-21,6,81,93.53375000000013
q3,2025-06-21,6,82,98.90381111111105
q3,2025-06-21,6,83,104.39498055555555
q3,2025-06-21,6,84,86.30071666666663
q3,2025-06-21,6,85,81.89509722222216
q3,2025-06-21,6,86,93.16312777777765
q3,2025-06-21,6,87,91.9766166666665
q3,2025-06-21,6,88,96.6316166666667
q3,2025-06-21,6,89,114.13598611111112
q3,2025-06-21,6,90,109.38239999999996
q3,2025-06-21,6,91,95.7561444444445
q3,2025-06-21,6,92,93.71201111111107
q3,2025-06-21,6,93,102.82010000000014
q3,2025-06-21,6,94,142.8570722222221
q3,2025-06-21,6,95,129.5355777777777
q3,2025-06-21,6,96,180.09768333333335
q3,2025-06-21,6,97,230.26012222222212
q3,2025-06-21,6,98,209.3429555555556
q3,2025-06-21,6,99,233.1791166666668
q3,2025-06-21,6,100,337.24438888888915
q3,2025-06-21,6,101,344.8328944444443
q3,2025-06-21,6,102,253.49455000000012
q3,2025-06-21,6,103,282.39558611111084
q3,2025-06-21,6,104,361.47125588888974
q3,2025-06-21,6,105,369.748375
q3,2025-06-21,6,106,411.9037166666666
q3,2025-06-21,6,107,476.2225833333335
q3,2025-06-21,6,108,501.1570333333333
q3,2025-06-21,6,109,71.06504166666662
q3,2025-06-21,6,110,579.4874888888891
q3,2025-06-21,6,111,69.2451333333333
q3,2025-06-21,6,112,379.04688611110964
q3,2025-06-21,6,113,99.21750000000011
q3,2025-06-21,6,114,67.01666666666672
q3,2025-06-21,6,115,72.04220000000001
q3,2025-06-21,6,116,72.39790000000008
q3,2025-06-21,6,117,80.2440250000001
q3,2025-06-21,6,118,51.437883333333346
q3,2025-06-21,6,119,63.32083333333328
q3,2025-06-21,6,120,65.33500000000004
q3,2025-06-21,6,121,52.50258333333333
q3,2025-06-21,6,122,89.0007333333333
q3,2025-06-21,6,123,98.14000000000001
q3,2025-06-21,6,124,62.466866666666796
q3,2025-06-21,6,125,732.8646166666667
q3,2025-06-21,6,126,725.4516666666666
q3,2025-06-21,6,127,649.3549833333333
q3,2025-06-21,6,128,638.1465333333333
q3,2025-06-21,6,129,659.5899999999999
q3,2025-06-21,6,130,652.4667833333332
q3,2025-06-21,6,131,633.3023333333333
q3,2025-06-21,6,132,1460.1766666666665
q3,2025-06-21,6,133,1465.4339666666667
q3,2025-06-21,6,134,1272.5115833333334
q3,2025-06-21,6,135,1445.6883333333333
q3,2025-06-21,6,136,1464.4933999999998
q3,2025-06-21,6,137,1503.5576166666665
q3,2025-06-21,6,138,1485.138333333333
q3,2025-06-21,6,139,1427.1933666666666
q3,2025-06-21,6,140,1434.043533333333
q3,2025-06-21,6,141,1428.2416666666666
q3,2025-06-21,6,142,1442.0398166666666
q3,2025-06-21,6,143,1489.7913999999998
q3,2025-06-21,6,144,1578.6633333333334
q3,2025-06-21,12,73,50.4178361111111
q3,2025-06-21,12,74,33.30987222222221
q3,2025-06-21,12,75,50.46019166666671
q3,2025-06-21,12,76,54.53039999999999
q3,2025-06-21,12,77,67.32761666666664
q3,2025-06-21,12,78,55.6866
q3,2025-06-21,12,79,64.16504444444462
q3,2025-06-21,12,80,52.237194444444455
q3,2025-06-21,12,81,78.721825
q3,2025-06-21,12,82,59.63576666666661
q3,2025-06-21,12,83,78.72912777777772
q3,2025-06-21,12,84,80.6919499999999
q3,2025-06-21,12,85,81.89509722222216
q3,2025-06-21,12,86,76.2685333333334
q3,2025-06-21,12,87,104.47665833333333
q3,2025-06-21,12,88,96.6316166666667
q3,2025-06-21,12,89,114.13598611111112
q3,2025-06-21,12,90,94.79145000000001
q3,2025-06-21,12,91,95.7561444444445
q3,2025-06-21,12,92,96.58803888888878
q3,2025-06-21,12,93,102.82010000000014
q3,2025-06-21,12,94,97.63383888888882
q3,2025-06-21,12,95,119.57868055555593
q3,2025-06-21,12,96,215.99655000000007
q3,2025-06-21,12,97,237.44116388888892
q3,2025-06-21,12,98,245.20952222222223
q3,2025-06-21,12,99,249.72267499999998
q3,2025-06-21,12,100,337.24438888888915
q3,2025-06-21,12,101,344.8328944444443
q3,2025-06-21,12,102,253.93951666666672
q3,2025-06-21,12,103,286.7040972222223
q3,2025-06-21,12,104,364.95851277777774
q3,2025-06-21,12,105,369.748375
q3,2025-06-21,12,106,415.7801034444444
q3,2025-06-21,12,107,474.4298277777774
q3,2025-06-21,12,108,490.8302333333333
q3,2025-06-21,12,109,71.80573611111117
q3,2025-06-21,12,110,570.4876611111109
q3,2025-06-21,12,111,85.74025833333329
q3,2025-06-21,12,112,372.8816472222229
q3,2025-06-21,12,113,99.21750000000011
q3,2025-06-21,12,114,67.01666666666672
q3,2025-06-21,12,115,72.04220000000001
q3,2025-06-21,12,116,72.39790000000008
q3,2025-06-21,12,117,80.28782500000008
q3,2025-06-21,12,118,51.437883333333346
q3,2025-06-21,12,119,63.32083333333328
q3,2025-06-21,12,120,65.33500000000004
q3,2025-06-21,12,121,52.50258333333333
q3,2025-06-21,12,122,89.0007333333333
q3,2025-06-21,12,123,98.14000000000001
q3,2025-06-21,12,124,62.466866666666796
q3,2025-06-21,12,125,732.8646166666667
q3,2025-06-21,12,126,725.4516666666666
q3,2025-06-21,12,127,649.3549833333333
q3,2025-06-21,12,128,638.1465333333333
q3,2025-06-21,12,129,659.5899999999999
q3,2025-06-21,12,130,652.4667833333332
q3,2025-06-21,12,131,633.3023333333333
q3,2025-06-21,12,132,1460.1766666666665
q3,2025-06-21,12,133,1465.4339666666667
q3,2025-06-21,12,134,1272.5115833333334
q3,2025-06-21,12,135,1445.6883333333333
q3,2025-06-21,12,136,1464.4933999999998
q3,2025-06-21,12,137,1503.5576166666665
q3,2025-06-21,12,138,1485.138333333333
q3,2025-06-21,12,139,1427.1933666666666
q3,2025-06-21,12,140,1434.043533333333
q3,2025-06-21,12,141,1428.2416666666666
q3,2025-06-21,12,142,1442.0398166666666
q3,2025-06-21,12,143,1489.7913999999998
q3,2025-06-21,12,144,1578.6633333333334
q3,2025-06-21,18,109,71.06504166666662
q3,2025-06-21,18,110,570.487661111111
q3,2025-06-21,18,111,73.64833333333338
q3,2025-06-21,18,112,372.88164722222285
q3,2025-06-21,18,113,99.21750000000011
q3,2025-06-21,18,114,67.01666666666672
q3,2025-06-21,18,115,72.04220000000001
q3,2025-06-21,18,116,72.39790000000008
q3,2025-06-21,18,117,80.2727000000001
q3,2025-06-21,18,118,51.437883333333346
q3,2025-06-21,18,119,63.32083333333328
q3,2025-06-21,18,120,65.33500000000004
q3,2025-06-21,18,121,52.50258333333333
q3,2025-06-21,18,122,89.0007333333333
q3,2025-06-21,18,123,98.14000000000001
q3,2025-06-21,18,124,62.466866666666796
q3,2025-06-21,18,125,732.8646166666667
q3,2025-06-21,18,126,725.4516666666666
q3,2025-06-21,18,127,649.3549833333333
q3,2025-06-21,18,128,638.1465333333333
q3,2025-06-21,18,129,659.5899999999999
q3,2025-06-21,18,130,652.4667833333332
q3,2025-06-21,18,131,633.3023333333333
q3,2025-06-21,18,132,1460.1766666666665
q3,2025-06-21,18,133,1465.4339666666667
q3,2025-06-21,18,134,1272.5115833333334
q3,2025-06-21,18,135,1445.6883333333333
q3,2025-06-21,18,136,1464.4933999999998
q3,2025-06-21,18,137,1503.5576166666665
q3,2025-06-21,18,138,1485.138333333333
q3,2025-06-21,18,139,1427.1933666666666
q3,2025-06-21,18,140,1434.043533333333
q3,2025-06-21,18,141,1428.2416666666666
q3,2025-06-21,18,142,1442.0398166666666
q3,2025-06-21,18,143,1489.7913999999998
q3,2025-06-21,18,144,1578.6633333333334
q3,2025-09-23,0,1,682.6047166666666
q3,2025-09-23,0,2,683.2628000000001
q3,2025-09-23,0,3,630.7533333333334
q3,2025-09-23,0,4,599.9743499999998
q3,2025-09-23,0,5,592.9603666666667
q3,2025-09-23,0,6,597.7416666666667
q3,2025-09-23,0,7,618.1167666666665
q3,2025-09-23,0,8,605.44905
q3,2025-09-23,0,9,577.2666666666667
q3,2025-09-23,0,10,591.8136333333333
q3,2025-09-23,0,11,617.53555
q3,2025-09-23,0,12,637.2299999999999
q3,2025-09-23,0,13,612.3428
q3,2025-09-23,0,14,593.5729833333332
q3,2025-09-23,0,15,612.745
q3,2025-09-23,0,16,650.8352000000001
q3,2025-09-23,0,17,636.0907833333332
q3,2025-09-23,0,18,609.06
q3,2025-09-23,0,19,649.1154166666666
q3,2025-09-23,0,20,631.3516
q3,2025-09-23,0,21,595.5183333333333
q3,2025-09-23,0,22,607.6435333333333
q3,2025-09-23,0,23,630.7872166666666
q3,2025-09-23,0,24,646.3483333333332
q3,2025-09-23,0,25,668.8526833333333
q3,2025-09-23,0,26,675.5850833333334
q3,2025-09-23,0,27,643.7449999999999
q3,2025-09-23,0,28,658.26185
q3,2025-09-23,0,29,629.1150333333334
q3,2025-09-23,0,30,603.43
q3,2025-09-23,0,31,590.0225166666667
q3,2025-09-23,0,32,629.8319444444445
q3,2025-09-23,0,33,656.3089583333333
q3,2025-09-23,0,34,609.9760944444444
q3,2025-09-23,0,35,674.3818055555556
q3,2025-09-23,0,36,26.79363333333334
q3,2025-09-23,0,37,25.218961111111156
q3,2025-09-23,0,38,17.076755555555607
q3,2025-09-23,0,39,29.783358333333343
q3,2025-09-23,0,40,37.98202222222228
q3,2025-09-23,0,41,22.906486111111054
q3,2025-09-23,0,42,37.75713333333321
q3,2025-09-23,0,43,28.18876944444446
q3,2025-09-23,0,44,31.709688888888838
q3,2025-09-23,0,45,40.867016666666736
q3,2025-09-23,0,46,306.7409405705478
q3,2025-09-23,0,47,57.21457499999998
q3,2025-09-23,0,48,71.74666666666667
q3,2025-09-23,0,49,62.217574999999904
q3,2025-09-23,0,50,78.91117777777784
q3,2025-09-23,0,51,83.95704166666663
q3,2025-09-23,0,52,88.71179444444434
q3,2025-09-23,0,53,87.71754444444446
q3,2025-09-23,0,54,74.24125000000004
q3,2025-09-23,0,55,80.72148888888893
q3,2025-09-23,0,56,89.83609444444461
q3,2025-09-23,0,57,87.47884166666677
q3,2025-09-23,0,58,102.67061111111116
q3,2025-09-23,0,59,98.59608055555543
q3,2025-09-23,0,60,107.85636666666672
q3,2025-09-23,0,61,79.14134999999999
q3,2025-09-23,0,62,58.20860000000006
q3,2025-09-23,0,63,119.97823333333334
q3,2025-09-23,0,64,98.24081666666663
q3,2025-09-23,0,65,91.98527499999996
q3,2025-09-23,0,66,249.37820128464676
q3,2025-09-23,0,67,789.5800611111113
q3,2025-09-23,0,68,743.9380999999997
q3,2025-09-23,0,69,656.4783333333332
q3,2025-09-23,0,70,623.1120166666665
q3,2025-09-23,0,71,554.2456833333327
q3,2025-09-23,0,72,470.39274999999986
q3,2025-09-23,0,73,469.8641750000001
q3,2025-09-23,0,74,522.2723666666668
q3,2025-09-23,0,75,563.4834333333332
q3,2025-09-23,0,76,604.3549944444443
q3,2025-09-23,0,77,145.21251944444467
q3,2025-09-23,0,78,175.2475000000001
q3,2025-09-23,0,79,135.37949166666658
q3,2025-09-23,0,80,119.90419999999989
q3,2025-09-23,0,81,109.24281666666661
q3,2025-09-23,0,82,109.89452777777771
q3,2025-09-23,0,83,103.84324166666676
q3,2025-09-23,0,84,114.72916666666666
q3,2025-09-23,0,85,81.88987222222227
q3,2025-09-23,0,86,95.9553222222221
q3,2025-09-23,0,87,96.05912500000007
q3,2025-09-23,0,88,79.73215000000008
q3,2025-09-23,0,89,49.055741666666606
q3,2025-09-23,0,90,384.44179999999983
q3,2025-09-23,0,91,1097.190451714677
q3,2025-09-23,0,92,467.1943
q3,2025-09-23,0,93,511.7189416666666
q3,2025-09-23,0,94,516.4376666666666
q3,2025-09-23,0,95,493.53378611111117
q3,2025-09-23,0,96,535.4772166666667
q3,2025-09-23,0,97,636.9417861111112
q3,2025-09-23,0,98,694.1970277777775
q3,2025-09-23,0,99,707.6567666666665
q3,2025-09-23,0,100,747.2514388888891
q3,2025-09-23,0,101,834.5083499999996
q3,2025-09-23,0,102,920.882
q3,2025-09-23,0,103,916.0886388888891
q3,2025-09-23,0,104,940.728272222222
q3,2025-09-23,0,105,995.4692333333335
q3,2025-09-23,0,106,1064.9924222222226
q3,2025-09-23,0,107,980.1180472222219
q3,2025-09-23,0,108,823.5245833333332
q3,2025-09-23,0,109,779.0798527777778
q3,2025-09-23,0,110,811.9219611111109
q3,2025-09-23,0,111,853.9739166666666
q3,2025-09-23,0,112,855.7995111111111
q3,2025-09-23,0,113,827.1353277777777
q3,2025-09-23,0,114,18.808333333333394
q3,2025-09-23,0,115,25.735950000000077
q3,2025-09-23,0,116,29.564850000000053
q3,2025-09-23,0,117,12.149999999999938
q3,2025-09-23,0,118,3.3097166666666453
q3,2025-09-23,0,119,8.95578333333333
q3,2025-09-23,0,120,30.22500000000006
q3,2025-09-23,0,121,23.829916666666726
q3,2025-09-23,0,122,256.4778833333337
q3,2025-09-23,0,123,12.411666666666557
q3,2025-09-23,0,124,18.177700000000033
q3,2025-09-23,0,125,842.3505833333331
q3,2025-09-23,0,126,811.34
q3,2025-09-23,0,127,830.4018166666666
q3,2025-09-23,0,128,825.9096666666668
q3,2025-09-23,0,129,787.765
q3,2025-09-23,0,130,846.9495833333333
q3,2025-09-23,0,131,815.1547499999999
q3,2025-09-23,0,132,1496.4266666666665
q3,2025-09-23,0,133,1439.9668
q3,2025-09-23,0,134,1283.0719000000001
q3,2025-09-23,0,135,1473.6216666666664
q3,2025-09-23,0,136,1472.7926166666666
q3,2025-09-23,0,137,1479.9028166666667
q3,2025-09-23,0,138,1486.8483333333334
q3,2025-09-23,0,139,1457.5321
q3,2025-09-23,0,140,1463.5242
q3,2025-09-23,0,141,1498.0333333333333
q3,2025-09-23,0,142,1451.0949666666666
q3,2025-09-23,0,143,1461.4461999999999
q3,2025-09-23,0,144,1508.5383333333332
q3,2025-09-23,6,37,25.218961111111156
q3,2025-09-23,6,38,20.24258333333344
q3,2025-09-23,6,39,31.51406666666668
q3,2025-09-23,6,40,37.98202222222228
q3,2025-09-23,6,41,22.906486111111054
q3,2025-09-23,6,42,37.75713333333321
q3,2025-09-23,6,43,25.088150000000017
q3,2025-09-23,6,44,24.806522222222156
q3,2025-09-23,6,45,30.729716666666736
q3,2025-09-23,6,46,237.54339025337364
q3,2025-09-23,6,47,44.95604999999998
q3,2025-09-23,6,48,56.14385
q3,2025-09-23,6,49,33.37649444444457
q3,2025-09-23,6,50,48.85330555555558
q3,2025-09-23,6,51,34.96443333333339
q3,2025-09-23,6,52,41.67142222222224
q3,2025-09-23,6,53,49.70574166666675
q3,2025-09-23,6,54,48.945733333333465
q3,2025-09-23,6,55,51.44377222222222
q3,2025-09-23,6,56,80.27924999999999
q3,2025-09-23,6,57,61.76978333333333
q3,2025-09-23,6,58,39.69581666666663
q3,2025-09-23,6,59,57.94018333333325
q3,2025-09-23,6,60,77.93981666666664
q3,2025-09-23,6,61,69.22972500000006
q3,2025-09-23,6,62,56.313633333333236
q3,2025-09-23,6,63,67.38718333333327
q3,2025-09-23,6,64,81.1209166666667
q3,2025-09-23,6,65,90.10958333333328
q3,2025-09-23,6,66,105.81578333333346
q3,2025-09-23,6,67,709.584047222222
q3,2025-09-23,6,68,491.5184363470027
q3,2025-09-23,6,69,653.3262749999998
q3,2025-09-23,6,70,563.6071722222221
q3,2025-09-23,6,71,516.0050555555556
q3,2025-09-23,6,72,423.60463333333337
q3,2025-09-23,6,73,440.47133611111104
q3,2025-09-23,6,74,493.5928222222222
q3,2025-09-23,6,75,549.185075
q3,2025-09-23,6,76,562.8261722222223
q3,2025-09-23,6,77,71.44383611111095
q3,2025-09-23,6,78,116.58539999999978
q3,2025-09-23,6,79,106.70506666666668
q3,2025-09-23,6,80,68.10082222222233
q3,2025-09-23,6,81,108.86657500000001
q3,2025-09-23,6,82,72.48964999999998
q3,2025-09-23,6,83,59.66659166666668
q3,2025-09-23,6,84,91.01013333333336
q3,2025-09-23,6,85,81.88987222222227
q3,2025-09-23,6,86,81.77628333333331
q3,2025-09-23,6,87,96.05912500000007
q3,2025-09-23,6,88,79.73215000000008
q3,2025-09-23,6,89,49.055741666666606
q3,2025-09-23,6,90,384.44179999999983
q3,2025-09-23,6,91,937.9878177983527
q3,2025-09-23,6,92,467.1943
q3,2025-09-23,6,93,511.7189416666666
q3,2025-09-23,6,94,516.4376666666666
q3,2025-09-23,6,95,493.53378611111117
q3,2025-09-23,6,96,535.4772166666667
q3,2025-09-23,6,97,636.9417861111112
q3,2025-09-23,6,98,694.1970277777775
q3,2025-09-23,6,99,707.6567666666665
q3,2025-09-23,6,100,753.8509707222227
q3,2025-09-23,6,101,834.5083499999996
q3,2025-09-23,6,102,920.882
q3,2025-09-23,6,103,921.4713790555566
q3,2025-09-23,6,104,940.728272222222
q3,2025-09-23,6,105,995.4692333333335
q3,2025-09-23,6,106,1064.9924222222226
q3,2025-09-23,6,107,980.1180472222219
q3,2025-09-23,6,108,823.5245833333332
q3,2025-09-23,6,109,779.0798527777778
q3,2025-09-23,6,110,815.2145999999999
q3,2025-09-23,6,111,853.9739166666666
q3,2025-09-23,6,112,856.0382843888896
q3,2025-09-23,6,113,827.1353277777777
q3,2025-09-23,6,114,18.808333333333394
q3,2025-09-23,6,115,25.735950000000077
q3,2025-09-23,6,116,29.564850000000053
q3,2025-09-23,6,117,12.149999999999938
q3,2025-09-23,6,118,3.3097166666666453
q3,2025-09-23,6,119,8.95578333333333
q3,2025-09-23,6,120,30.22500000000006
q3,2025-09-23,6,121,23.829916666666726
q3,2025-09-23,6,122,256.4778833333337
q3,2025-09-23,6,123,12.411666666666557
q3,2025-09-23,6,124,18.177700000000033
q3,2025-09-23,6,125,842.3505833333331
q3,2025-09-23,6,126,811.34
q3,2025-09-23,6,127,830.4018166666666
q3,2025-09-23,6,128,825.9096666666668
q3,2025-09-23,6,129,787.765
q3,2025-09-23,6,130,846.9495833333333
q3,2025-09-23,6,131,815.1547499999999
q3,2025-09-23,6,132,1496.4266666666665
q3,2025-09-23,6,133,1439.9668
q3,2025-09-23,6,134,1283.0719000000001
q3,2025-09-23,6,135,1473.6216666666664
q3,2025-09-23,6,136,1472.7926166666666
q3,2025-09-23,6,137,1479.9028166666667
q3,2025-09-23,6,138,1486.8483333333334
q3,2025-09-23,6,139,1457.5321
q3,2025-09-23,6,140,1463.5242
q3,2025-09-23,6,141,1498.0333333333333
q3,2025-09-23,6,142,1451.0949666666666
q3,2025-09-23,6,143,1461.4461999999999
q3,2025-09-23,6,144,1508.5383333333332
q3,2025-09-23,12,73,38.45868333333333
q3,2025-09-23,12,74,34.373099999999965
q3,2025-09-23,12,75,42.42702500000011
q3,2025-09-23,12,76,25.25341666666671
q3,2025-09-23,12,77,32.13675277777773
q3,2025-09-23,12,78,49.20776666666643
q3,2025-09-23,12,79,43.94410555555562
q3,2025-09-23,12,80,34.74952777777778
q3,2025-09-23,12,81,47.259450000000015
q3,2025-09-23,12,82,23.337305555555506
q3,2025-09-23,12,83,32.55153888888895
q3,2025-09-23,12,84,12.682566666666691
q3,2025-09-23,12,85,30.411594444444464
q3,2025-09-23,12,86,36.135472222222184
q3,2025-09-23,12,87,52.84148333333337
q3,2025-09-23,12,88,37.08671111111113
q3,2025-09-23,12,89,48.68478836684381
q3,2025-09-23,12,90,269.00623333333334
q3,2025-09-23,12,91,702.0809167281755
q3,2025-09-23,12,92,362.7285777777779
q3,2025-09-23,12,93,469.8170333333332
q3,2025-09-23,12,94,472.14808888888894
q3,2025-09-23,12,95,462.2993555555555
q3,2025-09-23,12,96,459.96078333333327
q3,2025-09-23,12,97,592.991475
q3,2025-09-23,12,98,653.0056166666666
q3,2025-09-23,12,99,685.1803666666665
q3,2025-09-23,12,100,740.3095555555553
q3,2025-09-23,12,101,834.5083499999996
q3,2025-09-23,12,102,908.2748499999998
q3,2025-09-23,12,103,916.0886388888891
q3,2025-09-23,12,104,940.728272222222
q3,2025-09-23,12,105,995.4692333333335
q3,2025-09-23,12,106,1064.9924222222226
q3,2025-09-23,12,107,980.1180472222219
q3,2025-09-23,12,108,824.0388999999999
q3,2025-09-23,12,109,779.0798527777778
q3,2025-09-23,12,110,812.0606559444435
q3,2025-09-23,12,111,853.9739166666666
q3,2025-09-23,12,112,856.2558976666667
q3,2025-09-23,12,113,827.1353277777777
q3,2025-09-23,12,114,18.808333333333394
q3,2025-09-23,12,115,25.735950000000077
q3,2025-09-23,12,116,29.564850000000053
q3,2025-09-23,12,117,12.149999999999938
q3,2025-09-23,12,118,3.3097166666666453
q3,2025-09-23,12,119,8.95578333333333
q3,2025-09-23,12,120,30.22500000000006
q3,2025-09-23,12,121,23.829916666666726
q3,2025-09-23,12,122,256.4778833333337
q3,2025-09-23,12,123,12.411666666666557
q3,2025-09-23,12,124,18.177700000000033
q3,2025-09-23,12,125,842.3505833333331
q3,2025-09-23,12,126,811.34
q3,2025-09-23,12,127,830.4018166666666
q3,2025-09-23,12,128,825.9096666666668
q3,2025-09-23,12,129,787.765
q3,2025-09-23,12,130,846.9495833333333
q3,2025-09-23,12,131,815.1547499999999
q3,2025-09-23,12,132,1496.4266666666665
q3,2025-09-23,12,133,1439.9668
q3,2025-09-23,12,134,1283.0719000000001
q3,2025-09-23,12,135,1473.6216666666664
q3,2025-09-23,12,136,1472.7926166666666
q3,2025-09-23,12,137,1479.9028166666667
q3,2025-09-23,12,138,1486.8483333333334
q3,2025-09-23,12,139,1457.5321
q3,2025-09-23,12,140,1463.5242
q3,2025-09-23,12,141,1498.0333333333333
q3,2025-09-23,12,142,1451.0949666666666
q3,2025-09-23,12,143,1461.4461999999999
q3,2025-09-23,12,144,1508.5383333333332
q3,2025-09-23,18,109,779.2850642609855
q3,2025-09-23,18,110,813.4060333333332
q3,2025-09-23,18,111,853.9739166666666
q3,2025-09-23,18,112,855.9308166666668
q3,2025-09-23,18,113,827.1353277777777
q3,2025-09-23,18,114,18.808333333333394
q3,2025-09-23,18,115,25.735950000000077
q3,2025-09-23,18,116,29.564850000000053
q3,2025-09-23,18,117,12.149999999999938
q3,2025-09-23,18,118,3.3097166666666453
q3,2025-09-23,18,119,8.95578333333333
q3,2025-09-23,18,120,30.22500000000006
q3,2025-09-23,18,121,23.829916666666726
q3,2025-09-23,18,122,256.4778833333337
q3,2025-09-23,18,123,12.411666666666557
q3,2025-09-23,18,124,18.177700000000033
q3,2025-09-23,18,125,842.3505833333331
q3,2025-09-23,18,126,811.34
q3,2025-09-23,18,127,830.4018166666666
q3,2025-09-23,18,128,825.9096666666668
q3,2025-09-23,18,129,787.765
q3,2025-09-23,18,130,846.9495833333333
q3,2025-09-23,18,131,815.1547499999999
q3,2025-09-23,18,132,1496.4266666666665
q3,2025-09-23,18,133,1439.9668
q3,2025-09-23,18,134,1283.0719000000001
q3,2025-09-23,18,135,1473.6216666666664
q3,2025-09-23,18,136,1472.7926166666666
q3,2025-09-23,18,137,1479.9028166666667
q3,2025-09-23,18,138,1486.8483333333334
q3,2025-09-23,18,139,1457.5321
q3,2025-09-23,18,140,1463.5242
q3,2025-09-23,18,141,1498.0333333333333
q3,2025-09-23,18,142,1451.0949666666666
q3,2025-09-23,18,143,1461.4461999999999
q3,2025-09-23,18,144,1508.5383333333332
q3,2025-12-21,0,1,638.3049166666666
q3,2025-12-21,0,2,595.4961166666666
q3,2025-12-21,0,3,606.9033333333333
q3,2025-12-21,0,4,650.2393000000001
q3,2025-12-21,0,5,660.66005
q3,2025-12-21,0,6,639.2516666666667
q3,2025-12-21,0,7,640.9175999999999
q3,2025-12-21,0,8,637.5136
q3,2025-12-21,0,9,654.4483333333334
q3,2025-12-21,0,10,639.5996166666666
q3,2025-12-21,0,11,652.9002499999999
q3,2025-12-21,0,12,668.7966666666666
q3,2025-12-21,0,13,671.2132333333333
q3,2025-12-21,0,14,670.74775
q3,2025-12-21,0,15,705.2516666666667
q3,2025-12-21,0,16,717.7959999999999
q3,2025-12-21,0,17,737.9466
q3,2025-12-21,0,18,712.73
q3,2025-12-21,0,19,701.6155333333332
q3,2025-12-21,0,20,717.2623
q3,2025-12-21,0,21,725.6116666666667
q3,2025-12-21,0,22,701.7488833333333
q3,2025-12-21,0,23,689.3027666666667
q3,2025-12-21,0,24,719.5166666666667
q3,2025-12-21,0,25,723.6138
q3,2025-12-21,0,26,735.1591833333332
q3,2025-12-21,0,27,755.925
q3,2025-12-21,0,28,793.0579333333333
q3,2025-12-21,0,29,778.3884166666667
q3,2025-12-21,0,30,743.9016666666666
q3,2025-12-21,0,31,758.5610833333334
q3,2025-12-21,0,32,743.7209666666666
q3,2025-12-21,0,33,730.5533333333334
q3,2025-12-21,0,34,750.8534333333332
q3,2025-12-21,0,35,848.3676666666668
q3,2025-12-21,0,36,948.9616666666667
q3,2025-12-21,0,37,289.30687777777774
q3,2025-12-21,0,38,950.37235
q3,2025-12-21,0,39,963.429925
q3,2025-12-21,0,40,965.6535666666666
q3,2025-12-21,0,41,987.5995138888889
q3,2025-12-21,0,42,1006.0716000000001
q3,2025-12-21,0,43,923.8331972222221
q3,2025-12-21,0,44,858.013461111111
q3,2025-12-21,0,45,831.8009833333332
q3,2025-12-21,0,46,1607.1723944444443
q3,2025-12-21,0,47,819.6018388888888
q3,2025-12-21,0,48,107.67099999999994
q3,2025-12-21,0,49,120.10779444444476
q3,2025-12-21,0,50,81.35330555555562
q3,2025-12-21,0,51,89.91338333333337
q3,2025-12-21,0,52,65.81675555555553
q3,2025-12-21,0,53,86.24099166666669
q3,2025-12-21,0,54,78.65874999999997
q3,2025-12-21,0,55,84.04367222222224
q3,2025-12-21,0,56,97.66246666666669
q3,2025-12-21,0,57,71.696925
q3,2025-12-21,0,58,585.644777777778
q3,2025-12-21,0,59,532.5469333333331
q3,2025-12-21,0,60,52.42666666666673
q3,2025-12-21,0,61,63.71007777777771
q3,2025-12-21,0,62,177.3155833333313
q3,2025-12-21,0,63,469.7377500000002
q3,2025-12-21,0,64,106.4911833333332
q3,2025-12-21,0,65,423.3141138888887
q3,2025-12-21,0,66,1311.3528999999999
q3,2025-12-21,0,67,1245.8403666666666
q3,2025-12-21,0,68,1163.3514277777776
q3,2025-12-21,0,69,1156.1075666666666
q3,2025-12-21,0,70,1163.4603055555554
q3,2025-12-21,0,71,1137.9421499999996
q3,2025-12-21,0,72,1089.7590999999998
q3,2025-12-21,0,73,1027.8970722222223
q3,2025-12-21,0,74,1033.474461111111
q3,2025-12-21,0,75,1042.4798666666666
q3,2025-12-21,0,76,969.2673222222221
q3,2025-12-21,0,77,986.4390777777778
q3,2025-12-21,0,78,240.1658166666664
q3,2025-12-21,0,79,261.1087083333334
q3,2025-12-21,0,80,275.8196
q3,2025-12-21,0,81,304.39909166666655
q3,2025-12-21,0,82,305.1097722222222
q3,2025-12-21,0,83,301.82938055555564
q3,2025-12-21,0,84,95.08954999999999
q3,2025-12-21,0,85,88.98168333333336
q3,2025-12-21,0,86,88.59043333333337
q3,2025-12-21,0,87,81.6337
q3,2025-12-21,0,88,78.96621666666667
q3,2025-12-21,0,89,78.50360353821141
q3,2025-12-21,0,90,1455.74655
q3,2025-12-21,0,91,1479.0393805555555
q3,2025-12-21,0,92,1490.3865555555556
q3,2025-12-21,0,93,1537.1233750000001
q3,2025-12-21,0,94,873.2863503643495
q3,2025-12-21,0,95,855.0078194444444
q3,2025-12-21,0,96,850.3718000000001
q3,2025-12-21,0,97,858.5316333333336
q3,2025-12-21,0,98,893.9269166666666
q3,2025-12-21,0,99,942.963575
q3,2025-12-21,0,100,1025.5194833333335
q3,2025-12-21,0,101,1042.4026388888885
q3,2025-12-21,0,102,1041.1634166666665
q3,2025-12-21,0,103,1060.4899944444444
q3,2025-12-21,0,104,1077.787311111111
q3,2025-12-21,0,105,1077.193775
q3,2025-12-21,0,106,1083.3685999999998
q3,2025-12-21,0,107,943.0000333333332
q3,2025-12-21,0,108,741.2833333333332
q3,2025-12-21,0,109,750.3022666666667
q3,2025-12-21,0,110,766.2814000000002
q3,2025-12-21,0,111,726.7483333333332
q3,2025-12-21,0,112,718.6672333333333
q3,2025-12-21,0,113,144.72661666666778
q3,2025-12-21,0,114,27.795000000000073
q3,2025-12-21,0,115,20.544466666666644
q3,2025-12-21,0,116,14.107333333333372
q3,2025-12-21,0,117,23.299999999999955
q3,2025-12-21,0,118,18.98303333333327
q3,2025-12-21,0,119,26.729533333333393
q3,2025-12-21,0,120,32.27333333333338
q3,2025-12-21,0,121,17.728750000000066
q3,2025-12-21,0,122,23.26441666666657
q3,2025-12-21,0,123,36.03166666666675
q3,2025-12-21,0,124,26.339266666666617
q3,2025-12-21,0,125,746.9057166666666
q3,2025-12-21,0,126,766.3633333333333
q3,2025-12-21,0,127,755.1383833333331
q3,2025-12-21,0,128,747.1609166666665
q3,2025-12-21,0,129,761.9849999999999
q3,2025-12-21,0,130,787.9384833333334
q3,2025-12-21,0,131,705.1516166666667
q3,2025-12-21,0,132,1425.8116666666667
q3,2025-12-21,0,133,1411.0036999999998
q3,2025-12-21,0,134,1257.2072500000002
q3,2025-12-21,0,135,1437.5966666666666
q3,2025-12-21,0,136,1402.1491666666666
q3,2025-12-21,0,137,1411.5977166666664
q3,2025-12-21,0,138,1422.8733333333332
q3,2025-12-21,0,139,1438.5489833333334
q3,2025-12-21,0,140,1454.6355333333333
q3,2025-12-21,0,141,1442.3116666666667
q3,2025-12-21,0,142,1431.3573166666665
q3,2025-12-21,0,143,1439.6458833333331
q3,2025-12-21,0,144,1470.2966666666664
q3,2025-12-21,6,37,289.30687777777774
q3,2025-12-21,6,38,950.37235
q3,2025-12-21,6,39,963.429925
q3,2025-12-21,6,40,965.6535666666666
q3,2025-12-21,6,41,987.5995138888889
q3,2025-12-21,6,42,1006.0716000000001
q3,2025-12-21,6,43,923.8331972222221
q3,2025-12-21,6,44,858.0134611111112
q3,2025-12-21,6,45,831.8009833333332
q3,2025-12-21,6,46,1607.1723944444443
q3,2025-12-21,6,47,819.6018388888888
q3,2025-12-21,6,48,115.58079999999973
q3,2025-12-21,6,49,120.10779444444476
q3,2025-12-21,6,50,81.35330555555562
q3,2025-12-21,6,51,98.74062500000004
q3,2025-12-21,6,52,65.81675555555553
q3,2025-12-21,6,53,86.24099166666669
q3,2025-12-21,6,54,78.65874999999997
q3,2025-12-21,6,55,84.04367222222224
q3,2025-12-21,6,56,94.64692777777783
q3,2025-12-21,6,57,81.74134166666659
q3,2025-12-21,6,58,553.460627777778
q3,2025-12-21,6,59,484.1810166666667
q3,2025-12-21,6,60,52.42666666666673
q3,2025-12-21,6,61,63.81784166666671
q3,2025-12-21,6,62,177.3155833333313
q3,2025-12-21,6,63,418.5641916666666
q3,2025-12-21,6,64,97.2941741938849
q3,2025-12-21,6,65,395.7928694444443
q3,2025-12-21,6,66,1246.8940333333335
q3,2025-12-21,6,67,1197.1003694444441
q3,2025-12-21,6,68,1100.0547277777775
q3,2025-12-21,6,69,1072.0450583333331
q3,2025-12-21,6,70,1045.5873777777776
q3,2025-12-21,6,71,999.9795805555555
q3,2025-12-21,6,72,933.2592499999997
q3,2025-12-21,6,73,907.5384444444445
q3,2025-12-21,6,74,929.0208444444442
q3,2025-12-21,6,75,971.4930333333332
q3,2025-12-21,6,76,937.5535444444445
q3,2025-12-21,6,77,986.4390777777778
q3,2025-12-21,6,78,239.67393333333314
q3,2025-12-21,6,79,252.4676805555554
q3,2025-12-21,6,80,244.8508777777778
q3,2025-12-21,6,81,271.6735083333331
q3,2025-12-21,6,82,299.44578888888884
q3,2025-12-21,6,83,301.82938055555564
q3,2025-12-21,6,84,95.08954999999999
q3,2025-12-21,6,85,79.43207499999988
q3,2025-12-21,6,86,58.64692222222212
q3,2025-12-21,6,87,70.69306666666662
q3,2025-12-21,6,88,78.96621666666667
q3,2025-12-21,6,89,78.50360353821141
q3,2025-12-21,6,90,1455.74655
q3,2025-12-21,6,91,1479.0393805555555
q3,2025-12-21,6,92,1490.3865555555556
q3,2025-12-21,6,93,1537.1233750000001
q3,2025-12-21,6,94,873.2863503643495
q3,2025-12-21,6,95,857.8805887222221
q3,2025-12-21,6,96,850.3718000000001
q3,2025-12-21,6,97,858.5316333333336
q3,2025-12-21,6,98,893.9269166666666
q3,2025-12-21,6,99,957.051125
q3,2025-12-21,6,100,1030.279361111111
q3,2025-12-21,6,101,1047.0017154166665
q3,2025-12-21,6,102,1041.1634166666665
q3,2025-12-21,6,103,1060.4899944444444
q3,2025-12-21,6,104,1077.9534333333334
q3,2025-12-21,6,105,1078.5525526666668
q3,2025-12-21,6,106,1083.3685999999998
q3,2025-12-21,6,107,943.0908
q3,2025-12-21,6,108,741.2833333333332
q3,2025-12-21,6,109,750.3022666666667
q3,2025-12-21,6,110,766.2814000000002
q3,2025-12-21,6,111,726.7483333333332
q3,2025-12-21,6,112,718.6672333333333
q3,2025-12-21,6,113,144.72661666666778
q3,2025-12-21,6,114,27.795000000000073
q3,2025-12-21,6,115,20.544466666666644
q3,2025-12-21,6,116,14.107333333333372
q3,2025-12-21,6,117,23.299999999999955
q3,2025-12-21,6,118,18.98303333333327
q3,2025-12-21,6,119,26.729533333333393
q3,2025-12-21,6,120,32.27333333333338
q3,2025-12-21,6,121,17.728750000000066
q3,2025-12-21,6,122,23.26441666666657
q3,2025-12-21,6,123,36.03166666666675
q3,2025-12-21,6,124,26.339266666666617
q3,2025-12-21,6,125,746.9057166666666
q3,2025-12-21,6,126,766.3633333333333
q3,2025-12-21,6,127,755.1383833333331
q3,2025-12-21,6,128,747.1609166666665
q3,2025-12-21,6,129,761.9849999999999
q3,2025-12-21,6,130,787.9384833333334
q3,2025-12-21,6,131,705.1516166666667
q3,2025-12-21,6,132,1425.8116666666667
q3,2025-12-21,6,133,1411.0036999999998
q3,2025-12-21,6,134,1257.2072500000002
q3,2025-12-21,6,135,1437.5966666666668
q3,2025-12-21,6,136,1402.1491666666666
q3,2025-12-21,6,137,1411.5977166666664
q3,2025-12-21,6,138,1422.8733333333332
q3,2025-12-21,6,139,1438.5489833333334
q3,2025-12-21,6,140,1454.6355333333333
q3,2025-12-21,6,141,1442.3116666666667
q3,2025-12-21,6,142,1431.3573166666665
q3,2025-12-21,6,143,1439.6458833333331
q3,2025-12-21,6,144,1470.2966666666664
q3,2025-12-21,12,73,996.6343305555555
q3,2025-12-21,12,74,692.7565677990506
q3,2025-12-21,12,75,1042.4798666666666
q3,2025-12-21,12,76,969.2673222222221
q3,2025-12-21,12,77,210.22553611111104
q3,2025-12-21,12,78,240.1658166666664
q3,2025-12-21,12,79,261.1087083333334
q3,2025-12-21,12,80,275.8196
q3,2025-12-21,12,81,304.39909166666655
q3,2025-12-21,12,82,305.1097722222222
q3,2025-12-21,12,83,301.82938055555564
q3,2025-12-21,12,84,95.08954999999999
q3,2025-12-21,12,85,88.98168333333336
q3,2025-12-21,12,86,88.59043333333337
q3,2025-12-21,12,87,81.6337
q3,2025-12-21,12,88,78.4481312669995
q3,2025-12-21,12,89,78.50360353821141
q3,2025-12-21,12,90,1455.74655
q3,2025-12-21,12,91,1479.0393805555555
q3,2025-12-21,12,92,1490.3865555555556
q3,2025-12-21,12,93,1537.1233750000001
q3,2025-12-21,12,94,873.2863503643495
q3,2025-12-21,12,95,855.0900111111108
q3,2025-12-21,12,96,856.6385353333325
q3,2025-12-21,12,97,858.5316333333336
q3,2025-12-21,12,98,893.9269166666666
q3,2025-12-21,12,99,946.5644298333324
q3,2025-12-21,12,100,1025.5194833333335
q3,2025-12-21,12,101,1045.0153023611122
q3,2025-12-21,12,102,1041.1634166666665
q3,2025-12-21,12,103,1060.4899944444444
q3,2025-12-21,12,104,1077.8015777777778
q3,2025-12-21,12,105,1078.4056904166678
q3,2025-12-21,12,106,1083.3685999999998
q3,2025-12-21,12,107,943.0000333333332
q3,2025-12-21,12,108,741.2833333333332
q3,2025-12-21,12,109,750.3022666666667
q3,2025-12-21,12,110,766.2814000000002
q3,2025-12-21,12,111,726.7483333333332
q3,2025-12-21,12,112,718.6672333333333
q3,2025-12-21,12,113,144.72661666666778
q3,2025-12-21,12,114,27.795000000000073
q3,2025-12-21,12,115,20.544466666666644
q3,2025-12-21,12,116,14.107333333333372
q3,2025-12-21,12,117,23.299999999999955
q3,2025-12-21,12,118,18.98303333333327
q3,2025-12-21,12,119,26.729533333333393
q3,2025-12-21,12,120,32.27333333333338
q3,2025-12-21,12,121,17.728750000000066
q3,2025-12-21,12,122,23.26441666666657
q3,2025-12-21,12,123,36.03166666666675
q3,2025-12-21,12,124,26.339266666666617
q3,2025-12-21,12,125,746.9057166666666
q3,2025-12-21,12,126,766.3633333333333
q3,2025-12-21,12,127,755.1383833333331
q3,2025-12-21,12,128,747.1609166666665
q3,2025-12-21,12,129,761.9849999999999
q3,2025-12-21,12,130,787.9384833333334
q3,2025-12-21,12,131,705.1516166666667
q3,2025-12-21,12,132,1425.8116666666667
q3,2025-12-21,12,133,1411.0036999999998
q3,2025-12-21,12,134,1257.2072500000002
q3,2025-12-21,12,135,1437.5966666666666
q3,2025-12-21,12,136,1402.1491666666666
q3,2025-12-21,12,137,1411.5977166666664
q3,2025-12-21,12,138,1422.8733333333332
q3,2025-12-21,12,139,1438.5489833333334
q3,2025-12-21,12,140,1454.6355333333333
q3,2025-12-21,12,141,1442.3116666666667
q3,2025-12-21,12,142,1431.3573166666665
q3,2025-12-21,12,143,1439.6458833333334
q3,2025-12-21,12,144,1470.2966666666664
q3,2025-12-21,18,109,750.3022666666667
q3,2025-12-21,18,110,766.2814000000002
q3,2025-12-21,18,111,726.7483333333332
q3,2025-12-21,18,112,718.6672333333333
q3,2025-12-21,18,113,144.72661666666778
q3,2025-12-21,18,114,27.795000000000073
q3,2025-12-21,18,115,20.544466666666644
q3,2025-12-21,18,116,14.107333333333372
q3,2025-12-21,18,117,23.299999999999955
q3,2025-12-21,18,118,18.98303333333327
q3,2025-12-21,18,119,26.729533333333393
q3,2025-12-21,18,120,32.27333333333338
q3,2025-12-21,18,121,17.728750000000066
q3,2025-12-21,18,122,23.26441666666657
q3,2025-12-21,18,123,36.03166666666675
q3,2025-12-21,18,124,26.339266666666617
q3,2025-12-21,18,125,746.9057166666666
q3,2025-12-21,18,126,766.3633333333333
q3,2025-12-21,18,127,755.1383833333331
q3,2025-12-21,18,128,747.1609166666665
q3,2025-12-21,18,129,761.9849999999999
q3,2025-12-21,18,130,787.9384833333334
q3,2025-12-21,18,131,705.1516166666667
q3,2025-12-21,18,132,1425.8116666666667
q3,2025-12-21,18,133,1411.0036999999998
q3,2025-12-21,18,134,1257.2072500000002
q3,2025-12-21,18,135,1437.5966666666666
q3,2025-12-21,18,136,1402.1491666666666
q3,2025-12-21,18,137,1411.5977166666664
q3,2025-12-21,18,138,1422.8733333333332
q3,2025-12-21,18,139,1438.5489833333334
q3,2025-12-21,18,140,1454.6355333333333
q3,2025-12-21,18,141,1442.3116666666667
q3,2025-12-21,18,142,1431.3573166666665
q3,2025-12-21,18,143,1439.6458833333331
q3,2025-12-21,18,144,1470.2966666666664
q4_3,2025-03-20,0,1,621.1222333333333
q4_3,2025-03-20,0,2,620.154
q4_3,2025-03-20,0,3,612.3116666666666
q4_3,2025-03-20,0,4,607.5356166666667
q4_3,2025-03-20,0,5,601.7587666666666
q4_3,2025-03-20,0,6,592.8299999999999
q4_3,2025-03-20,0,7,578.9727
q4_3,2025-03-20,0,8,570.0403666666666
q4_3,2025-03-20,0,9,557.7766666666665
q4_3,2025-03-20,0,10,579.0875166666667
q4_3,2025-03-20,0,11,614.4843999999999
q4_3,2025-03-20,0,12,641.9816666666667
q4_3,2025-03-20,0,13,597.7941999999999
q4_3,2025-03-20,0,14,585.6600666666666
q4_3,2025-03-20,0,15,607.86
q4_3,2025-03-20,0,16,606.2636333333334
q4_3,2025-03-20,0,17,630.3414166666666
q4_3,2025-03-20,0,18,668.3083333333333
q4_3,2025-03-20,0,19,620.1123166666667
q4_3,2025-03-20,0,20,596.9771499999999
q4_3,2025-03-20,0,21,604.8899999999999
q4_3,2025-03-20,0,22,611.7234
q4_3,2025-03-20,0,23,595.0108666666666
q4_3,2025-03-20,0,24,592.2416666666666
q4_3,2025-03-20,0,25,616.9381333333332
q4_3,2025-03-20,0,26,622.4391833333334
q4_3,2025-03-20,0,27,612.435
q4_3,2025-03-20,0,28,630.3032833333333
q4_3,2025-03-20,0,29,643.4966166666666
q4_3,2025-03-20,0,30,633.685
q4_3,2025-03-20,0,31,628.6454833333332
q4_3,2025-03-20,0,32,618.1196666666666
q4_3,2025-03-20,0,33,616.895
q4_3,2025-03-20,0,34,604.6024333333334
q4_3,2025-03-20,0,35,702.77645
q4_3,2025-03-20,0,36,34.5016666666667
q4_3,2025-03-20,0,37,29.269755555555406
q4_3,2025-03-20,0,38,6.086694444444401
q4_3,2025-03-20,0,39,13.308949999999962
q4_3,2025-03-20,0,40,13.487994444444496
q4_3,2025-03-20,0,41,6.704775000000052
q4_3,2025-03-20,0,42,19.958783333333333
q4_3,2025-03-20,0,43,26.109916666666695
q4_3,2025-03-20,0,44,21.92854444444443
q4_3,2025-03-20,0,45,15.899525000000077
q4_3,2025-03-20,0,46,281.24562222222215
q4_3,2025-03-20,0,47,14.038519444444383
q4_3,2025-03-20,0,48,14.588216666666614
q4_3,2025-03-20,0,49,29.41764999999996
q4_3,2025-03-20,0,50,31.56808333333335
q4_3,2025-03-20,0,51,24.55900833333328
q4_3,2025-03-20,0,52,31.859372222222262
q4_3,2025-03-20,0,53,40.721397222222365
q4_3,2025-03-20,0,54,22.589716666666693
q4_3,2025-03-20,0,55,37.9378694444444
q4_3,2025-03-20,0,56,49.54536666666672
q4_3,2025-03-20,0,57,44.01343333333322
q4_3,2025-03-20,0,58,55.13137777777783
q4_3,2025-03-20,0,59,60.8760555555555
q4_3,2025-03-20,0,60,46.9065166666666
q4_3,2025-03-20,0,61,62.087155555555526
q4_3,2025-03-20,0,62,73.80114999999998
q4_3,2025-03-20,0,63,66.03903333333324
q4_3,2025-03-20,0,64,58.53638333333335
q4_3,2025-03-20,0,65,79.08464166666676
q4_3,2025-03-20,0,66,658.5841666666668
q4_3,2025-03-20,0,67,638.9973722222219
q4_3,2025-03-20,0,68,599.5189666666666
q4_3,2025-03-20,0,69,606.8109499999999
q4_3,2025-03-20,0,70,642.6498611111107
q4_3,2025-03-20,0,71,633.0902138888887
q4_3,2025-03-20,0,72,608.8271166666667
q4_3,2025-03-20,0,73,632.2607805555554
q4_3,2025-03-20,0,74,706.3807944444443
q4_3,2025-03-20,0,75,757.3452083333332
q4_3,2025-03-20,0,76,792.5251388888888
q4_3,2025-03-20,0,77,188.93612373113848
q4_3,2025-03-20,0,78,121.30625000000009
q4_3,2025-03-20,0,79,106.64620555555572
q4_3,2025-03-20,0,80,112.48314459817652
q4_3,2025-03-20,0,81,122.62773333333332
q4_3,2025-03-20,0,82,86.75877777777774
q4_3,2025-03-20,0,83,96.98056111111102
q4_3,2025-03-20,0,84,94.0401166666667
q4_3,2025-03-20,0,85,80.36409999999995
q4_3,2025-03-20,0,86,38.18068333333347
q4_3,2025-03-20,0,87,53.48005833333339
q4_3,2025-03-20,0,88,56.32526666666672
q4_3,2025-03-20,0,89,73.7605166666667
q4_3,2025-03-20,0,90,1317.0700220324295
q4_3,2025-03-20,0,91,1321.285836111111
q4_3,2025-03-20,0,92,518.0577722222223
q4_3,2025-03-20,0,93,562.5500999999998
q4_3,2025-03-20,0,94,591.0225444444443
q4_3,2025-03-20,0,95,618.2406222222226
q4_3,2025-03-20,0,96,637.6222999999999
q4_3,2025-03-20,0,97,684.9960500000001
q4_3,2025-03-20,0,98,720.5848666666665
q4_3,2025-03-20,0,99,756.2479666666667
q4_3,2025-03-20,0,100,773.0904722222224
q4_3,2025-03-20,0,101,801.3489805555553
q4_3,2025-03-20,0,102,847.5298666666665
q4_3,2025-03-20,0,103,918.1243472222226
q4_3,2025-03-20,0,104,918.6017999999996
q4_3,2025-03-20,0,105,904.9508499999998
q4_3,2025-03-20,0,106,997.6515444444447
q4_3,2025-03-20,0,107,927.0309805555552
q4_3,2025-03-20,0,108,33.309999999999945
q4_3,2025-03-20,0,109,17.745766666666743
q4_3,2025-03-20,0,110,743.9461166666666
q4_3,2025-03-20,0,111,33.68833333333335
q4_3,2025-03-20,0,112,17.864016666666657
q4_3,2025-03-20,0,113,17.531433333333325
q4_3,2025-03-20,0,114,19.3616666666666
q4_3,2025-03-20,0,115,751.3826666666668
q4_3,2025-03-20,0,116,759.1177833333334
q4_3,2025-03-20,0,117,126.32443333333329
q4_3,2025-03-20,0,118,17.09996666666666
q4_3,2025-03-20,0,119,14.584550000000036
q4_3,2025-03-20,0,120,25.058333333333394
q4_3,2025-03-20,0,121,758.9406166666666
q4_3,2025-03-20,0,122,749.6715333333333
q4_3,2025-03-20,0,123,22.285000000000004
q4_3,2025-03-20,0,124,23.82408333333334
q4_3,2025-03-20,0,125,769.7847499999999
q4_3,2025-03-20,0,126,775.9966666666666
q4_3,2025-03-20,0,127,733.2502166666667
q4_3,2025-03-20,0,128,729.0050333333334
q4_3,2025-03-20,0,129,757.2066666666666
q4_3,2025-03-20,0,130,743.9396833333333
q4_3,2025-03-20,0,131,670.2304166666667
q4_3,2025-03-20,0,132,1423.3083333333332
q4_3,2025-03-20,0,133,1422.6002333333333
q4_3,2025-03-20,0,134,1427.1519166666665
q4_3,2025-03-20,0,135,1424.0783333333334
q4_3,2025-03-20,0,136,1422.8563666666666
q4_3,2025-03-20,0,137,1415.7982
q4_3,2025-03-20,0,138,1410.4983333333332
q4_3,2025-03-20,0,139,1435.7278166666667
q4_3,2025-03-20,0,140,1445.4364166666667
q4_3,2025-03-20,0,141,1426.1666666666665
q4_3,2025-03-20,0,142,1428.7251166666665
q4_3,2025-03-20,0,143,1376.6488166666666
q4_3,2025-03-20,0,144,1104.3999999999999
q4_3,2025-03-20,6,37,31.722688888888744
q4_3,2025-03-20,6,38,10.992561111111069
q4_3,2025-03-20,6,39,15.155041666666628
q4_3,2025-03-20,6,40,18.854455555555557
q4_3,2025-03-20,6,41,12.215847222222248
q4_3,2025-03-20,6,42,19.958783333333333
q4_3,2025-03-20,6,43,26.109916666666695
q4_3,2025-03-20,6,44,21.92854444444443
q4_3,2025-03-20,6,45,238.24935555555555
q4_3,2025-03-20,6,46,306.4472611111112
q4_3,2025-03-20,6,47,23.7760416666665
q4_3,2025-03-20,6,48,27.708166666666706
q4_3,2025-03-20,6,49,29.41764999999996
q4_3,2025-03-20,6,50,31.56808333333335
q4_3,2025-03-20,6,51,24.55900833333328
q4_3,2025-03-20,6,52,31.859372222222262
q4_3,2025-03-20,6,53,40.721397222222365
q4_3,2025-03-20,6,54,28.83764999999994
q4_3,2025-03-20,6,55,37.9378694444444
q4_3,2025-03-20,6,56,49.54536666666672
q4_3,2025-03-20,6,57,44.01343333333322
q4_3,2025-03-20,6,58,55.13137777777783
q4_3,2025-03-20,6,59,60.8760555555555
q4_3,2025-03-20,6,60,46.9065166666666
q4_3,2025-03-20,6,61,62.087155555555526
q4_3,2025-03-20,6,62,73.80114999999998
q4_3,2025-03-20,6,63,60.136916666666664
q4_3,2025-03-20,6,64,58.53638333333335
q4_3,2025-03-20,6,65,69.7811194444445
q4_3,2025-03-20,6,66,109.95630000000006
q4_3,2025-03-20,6,67,638.9973722222219
q4_3,2025-03-20,6,68,83.13521666666676
q4_3,2025-03-20,6,69,606.8109499999999
q4_3,2025-03-20,6,70,112.13096666666672
q4_3,2025-03-20,6,71,210.5859583333342
q4_3,2025-03-20,6,72,535.9095
q4_3,2025-03-20,6,73,499.27298888888924
q4_3,2025-03-20,6,74,505.43403888888906
q4_3,2025-03-20,6,75,505.7249250000001
q4_3,2025-03-20,6,76,494.4348888888888
q4_3,2025-03-20,6,77,88.87830000000008
q4_3,2025-03-20,6,78,105.70466666666667
q4_3,2025-03-20,6,79,106.64620555555572
q4_3,2025-03-20,6,80,79.67107222222215
q4_3,2025-03-20,6,81,106.56499166666654
q4_3,2025-03-20,6,82,86.75877777777774
q4_3,2025-03-20,6,83,96.98056111111102
q4_3,2025-03-20,6,84,94.0401166666667
q4_3,2025-03-20,6,85,80.36409999999995
q4_3,2025-03-20,6,86,45.14984444444444
q4_3,2025-03-20,6,87,53.828366666666696
q4_3,2025-03-20,6,88,62.141105555555555
q4_3,2025-03-20,6,89,84.71210277777773
q4_3,2025-03-20,6,90,214.10360000000014
q4_3,2025-03-20,6,91,331.2782771604939
q4_3,2025-03-20,6,92,299.1189833333335
q4_3,2025-03-20,6,93,342.2242999999999
q4_3,2025-03-20,6,94,414.3862277777775
q4_3,2025-03-20,6,95,470.80339722222243
q4_3,2025-03-20,6,96,486.20068333333325
q4_3,2025-03-20,6,97,526.4939916666665
q4_3,2025-03-20,6,98,627.9805666666668
q4_3,2025-03-20,6,99,658.6685749999999
q4_3,2025-03-20,6,100,698.2403111111108
q4_3,2025-03-20,6,101,750.0199611111113
q4_3,2025-03-20,6,102,847.5298666666665
q4_3,2025-03-20,6,103,897.3441083333332
q4_3,2025-03-20,6,104,892.1487277777776
q4_3,2025-03-20,6,105,904.9508499999998
q4_3,2025-03-20,6,106,990.5320499999998
q4_3,2025-03-20,6,107,927.0309805555552
q4_3,2025-03-20,6,108,33.309999999999945
q4_3,2025-03-20,6,109,17.745766666666743
q4_3,2025-03-20,6,110,743.9461166666666
q4_3,2025-03-20,6,111,33.68833333333335
q4_3,2025-03-20,6,112,17.864016666666657
q4_3,2025-03-20,6,113,17.531433333333325
q4_3,2025-03-20,6,114,19.3616666666666
q4_3,2025-03-20,6,115,751.3826666666668
q4_3,2025-03-20,6,116,759.1177833333334
q4_3,2025-03-20,6,117,126.32443333333329
q4_3,2025-03-20,6,118,17.09996666666666
q4_3,2025-03-20,6,119,14.584550000000036
q4_3,2025-03-20,6,120,25.058333333333394
q4_3,2025-03-20,6,121,758.9406166666666
q4_3,2025-03-20,6,122,749.6715333333333
q4_3,2025-03-20,6,123,22.285000000000004
q4_3,2025-03-20,6,124,23.82408333333334
q4_3,2025-03-20,6,125,769.7847499999999
q4_3,2025-03-20,6,126,775.9966666666666
q4_3,2025-03-20,6,127,733.2502166666667
q4_3,2025-03-20,6,128,729.0050333333334
q4_3,2025-03-20,6,129,757.2066666666666
q4_3,2025-03-20,6,130,743.9396833333333
q4_3,2025-03-20,6,131,670.2304166666667
q4_3,2025-03-20,6,132,1423.3083333333332
q4_3,2025-03-20,6,133,1422.6002333333333
q4_3,2025-03-20,6,134,1427.1519166666665
q4_3,2025-03-20,6,135,1424.0783333333334
q4_3,2025-03-20,6,136,1422.8563666666666
q4_3,2025-03-20,6,137,1415.7982
q4_3,2025-03-20,6,138,1410.4983333333332
q4_3,2025-03-20,6,139,1435.7278166666667
q4_3,2025-03-20,6,140,1445.4364166666667
q4_3,2025-03-20,6,141,1426.1666666666665
q4_3,2025-03-20,6,142,1428.7251166666665
q4_3,2025-03-20,6,143,1376.6488166666666
q4_3,2025-03-20,6,144,1104.3999999999999
q4_3,2025-03-20,12,73,569.7615527777776
q4_3,2025-03-20,12,74,570.8584555555557
q4_3,2025-03-20,12,75,591.8816333333332
q4_3,2025-03-20,12,76,581.6193888888887
q4_3,2025-03-20,12,77,188.93612373113848
q4_3,2025-03-20,12,78,42.466399999999794
q4_3,2025-03-20,12,79,40.17894166666671
q4_3,2025-03-20,12,80,38.42461111111106
q4_3,2025-03-20,12,81,70.6369166666666
q4_3,2025-03-20,12,82,37.370111111110916
q4_3,2025-03-20,12,83,36.75523055555555
q4_3,2025-03-20,12,84,44.217866666666694
q4_3,2025-03-20,12,85,40.27206666666666
q4_3,2025-03-20,12,86,38.18068333333347
q4_3,2025-03-20,12,87,53.48005833333339
q4_3,2025-03-20,12,88,41.82325555555563
q4_3,2025-03-20,12,89,34.6579868060524
q4_3,2025-03-20,12,90,1073.8693499999997
q4_3,2025-03-20,12,91,1113.79975
q4_3,2025-03-20,12,92,324.35332722846755
q4_3,2025-03-20,12,93,384.91929166666665
q4_3,2025-03-20,12,94,458.227672222222
q4_3,2025-03-20,12,95,473.950852777778
q4_3,2025-03-20,12,96,484.5751666666667
q4_3,2025-03-20,12,97,553.9736666666668
q4_3,2025-03-20,12,98,620.2331055555554
q4_3,2025-03-20,12,99,681.1926083333332
q4_3,2025-03-20,12,100,715.0477222222222
q4_3,2025-03-20,12,101,758.2488861111111
q4_3,2025-03-20,12,102,837.6423333333332
q4_3,2025-03-20,12,103,910.9436222222223
q4_3,2025-03-20,12,104,914.2174388888886
q4_3,2025-03-20,12,105,904.0549083333332
q4_3,2025-03-20,12,106,995.8687
q4_3,2025-03-20,12,107,927.0309805555552
q4_3,2025-03-20,12,108,33.309999999999945
q4_3,2025-03-20,12,109,17.745766666666743
q4_3,2025-03-20,12,110,743.9461166666666
q4_3,2025-03-20,12,111,33.68833333333335
q4_3,2025-03-20,12,112,17.864016666666657
q4_3,2025-03-20,12,113,17.531433333333325
q4_3,2025-03-20,12,114,19.3616666666666
q4_3,2025-03-20,12,115,751.3826666666668
q4_3,2025-03-20,12,116,759.1177833333334
q4_3,2025-03-20,12,117,126.32443333333329
q4_3,2025-03-20,12,118,17.09996666666666
q4_3,2025-03-20,12,119,14.584550000000036
q4_3,2025-03-20,12,120,25.058333333333394
q4_3,2025-03-20,12,121,758.9406166666666
q4_3,2025-03-20,12,122,749.6715333333333
q4_3,2025-03-20,12,123,22.285000000000004
q4_3,2025-03-20,12,124,23.82408333333334
q4_3,2025-03-20,12,125,769.7847499999999
q4_3,2025-03-20,12,126,775.9966666666666
q4_3,2025-03-20,12,127,733.2502166666667
q4_3,2025-03-20,12,128,729.0050333333334
q4_3,2025-03-20,12,129,757.2066666666666
q4_3,2025-03-20,12,130,743.9396833333333
q4_3,2025-03-20,12,131,670.2304166666667
q4_3,2025-03-20,12,132,1423.3083333333332
q4_3,2025-03-20,12,133,1422.6002333333333
q4_3,2025-03-20,12,134,1427.1519166666665
q4_3,2025-03-20,12,135,1424.0783333333334
q4_3,2025-03-20,12,136,1422.8563666666666
q4_3,2025-03-20,12,137,1415.7982
q4_3,2025-03-20,12,138,1410.4983333333332
q4_3,2025-03-20,12,139,1435.7278166666667
q4_3,2025-03-20,12,140,1445.4364166666667
q4_3,2025-03-20,12,141,1426.1666666666665
q4_3,2025-03-20,12,142,1428.7251166666665
q4_3,2025-03-20,12,143,1376.6488166666666
q4_3,2025-03-20,12,144,1104.3999999999999
q4_3,2025-03-20,18,109,17.745766666666743
q4_3,2025-03-20,18,110,715.1933562990112
q4_3,2025-03-20,18,111,33.68833333333335
q4_3,2025-03-20,18,112,17.864016666666657
q4_3,2025-03-20,18,113,17.531433333333325
q4_3,2025-03-20,18,114,19.3616666666666
q4_3,2025-03-20,18,115,751.3826666666668
q4_3,2025-03-20,18,116,759.1177833333334
q4_3,2025-03-20,18,117,126.32443333333329
q4_3,2025-03-20,18,118,17.09996666666666
q4_3,2025-03-20,18,119,14.584550000000036
q4_3,2025-03-20,18,120,25.058333333333394
q4_3,2025-03-20,18,121,758.9406166666666
q4_3,2025-03-20,18,122,749.6715333333333
q4_3,2025-03-20,18,123,22.285000000000004
q4_3,2025-03-20,18,124,23.82408333333334
q4_3,2025-03-20,18,125,769.7847499999999
q4_3,2025-03-20,18,126,775.9966666666666
q4_3,2025-03-20,18,127,733.2502166666667
q4_3,2025-03-20,18,128,729.0050333333334
q4_3,2025-03-20,18,129,757.2066666666666
q4_3,2025-03-20,18,130,743.9396833333333
q4_3,2025-03-20,18,131,670.2304166666667
q4_3,2025-03-20,18,132,1423.3083333333332
q4_3,2025-03-20,18,133,1422.6002333333333
q4_3,2025-03-20,18,134,1427.1519166666665
q4_3,2025-03-20,18,135,1424.0783333333334
q4_3,2025-03-20,18,136,1422.8563666666666
q4_3,2025-03-20,18,137,1415.7982
q4_3,2025-03-20,18,138,1410.4983333333332
q4_3,2025-03-20,18,139,1435.7278166666667
q4_3,2025-03-20,18,140,1445.4364166666667
q4_3,2025-03-20,18,141,1426.1666666666665
q4_3,2025-03-20,18,142,1428.7251166666665
q4_3,2025-03-20,18,143,1376.6488166666666
q4_3,2025-03-20,18,144,1104.3999999999999
q4_3,2025-06-21,0,1,79.9896833333333
q4_3,2025-06-21,0,2,82.3847666666667
q4_3,2025-06-21,0,3,80.45000000000005
q4_3,2025-06-21,0,4,92.75441607704786
q4_3,2025-06-21,0,5,599.0178166666666
q4_3,2025-06-21,0,6,60.83333333333333
q4_3,2025-06-21,0,7,71.39769999999999
q4_3,2025-06-21,0,8,75.55776666666664
q4_3,2025-06-21,0,9,53.916666666666664
q4_3,2025-06-21,0,10,52.69899999999999
q4_3,2025-06-21,0,11,71.00720000000001
q4_3,2025-06-21,0,12,542.86
q4_3,2025-06-21,0,13,62.869766666666614
q4_3,2025-06-21,0,14,34.98633333333328
q4_3,2025-06-21,0,15,500.30499999999995
q4_3,2025-06-21,0,16,511.6417333333334
q4_3,2025-06-21,0,17,513.06115
q4_3,2025-06-21,0,18,497.4383333333333
q4_3,2025-06-21,0,19,29.7192
q4_3,2025-06-21,0,20,28.91528333333334
q4_3,2025-06-21,0,21,42.293333333333365
q4_3,2025-06-21,0,22,527.4349666666667
q4_3,2025-06-21,0,23,530.2198
q4_3,2025-06-21,0,24,506.4316666666667
q4_3,2025-06-21,0,25,473.62129722222215
q4_3,2025-06-21,0,26,465.6977277777778
q4_3,2025-06-21,0,27,493.10954166666664
q4_3,2025-06-21,0,28,469.2465388888889
q4_3,2025-06-21,0,29,464.5524027777778
q4_3,2025-06-21,0,30,456.05241666666666
q4_3,2025-06-21,0,31,430.30609999999996
q4_3,2025-06-21,0,32,407.0456166666667
q4_3,2025-06-21,0,33,424.42495833333334
q4_3,2025-06-21,0,34,1255.49567528211
q4_3,2025-06-21,0,35,25.358244444444466
q4_3,2025-06-21,0,36,25.70373333333339
q4_3,2025-06-21,0,37,29.256319444444536
q4_3,2025-06-21,0,38,26.47998333333324
q4_3,2025-06-21,0,39,21.216424999999987
q4_3,2025-06-21,0,40,20.357666666666596
q4_3,2025-06-21,0,41,22.779297222222244
q4_3,2025-06-21,0,42,26.113833333333407
q4_3,2025-06-21,0,43,26.367072222222355
q4_3,2025-06-21,0,44,27.872211111111216
q4_3,2025-06-21,0,45,42.91897499999997
q4_3,2025-06-21,0,46,45.33194444444452
q4_3,2025-06-21,0,47,46.433397222222176
q4_3,2025-06-21,0,48,57.99593333333329
q4_3,2025-06-21,0,49,47.47552777777771
q4_3,2025-06-21,0,50,66.68693888888892
q4_3,2025-06-21,0,51,81.34385000000005
q4_3,2025-06-21,0,52,72.11710555555555
q4_3,2025-06-21,0,53,78.98502777777773
q4_3,2025-06-21,0,54,76.3142000000001
q4_3,2025-06-21,0,55,61.868780555555446
q4_3,2025-06-21,0,56,50.95308333333338
q4_3,2025-06-21,0,57,98.9432166666667
q4_3,2025-06-21,0,58,89.55818888888894
q4_3,2025-06-21,0,59,73.48036388888904
q4_3,2025-06-21,0,60,78.36333333333337
q4_3,2025-06-21,0,61,80.64867500000017
q4_3,2025-06-21,0,62,120.23768333333342
q4_3,2025-06-21,0,63,112.59069166666669
q4_3,2025-06-21,0,64,104.00056111111117
q4_3,2025-06-21,0,65,79.78463888888878
q4_3,2025-06-21,0,66,71.93999999999974
q4_3,2025-06-21,0,67,78.83017222222215
q4_3,2025-06-21,0,68,104.66966111111114
q4_3,2025-06-21,0,69,134.94264166666667
q4_3,2025-06-21,0,70,110.57736666666656
q4_3,2025-06-21,0,71,102.75736666666633
q4_3,2025-06-21,0,72,99.0737499999997
q4_3,2025-06-21,0,73,81.65045277777776
q4_3,2025-06-21,0,74,72.4577055555556
q4_3,2025-06-21,0,75,70.11695833333336
q4_3,2025-06-21,0,76,80.76003888888854
q4_3,2025-06-21,0,77,82.60344722222216
q4_3,2025-06-21,0,78,112.68021666666671
q4_3,2025-06-21,0,79,95.42703333333345
q4_3,2025-06-21,0,80,97.25681111111108
q4_3,2025-06-21,0,81,93.53375000000013
q4_3,2025-06-21,0,82,98.90381111111105
q4_3,2025-06-21,0,83,104.39498055555555
q4_3,2025-06-21,0,84,86.30071666666663
q4_3,2025-06-21,0,85,81.89509722222216
q4_3,2025-06-21,0,86,76.2685333333334
q4_3,2025-06-21,0,87,91.9766166666665
q4_3,2025-06-21,0,88,96.6316166666667
q4_3,2025-06-21,0,89,114.13598611111112
q4_3,2025-06-21,0,90,109.38239999999996
q4_3,2025-06-21,0,91,95.7561444444445
q4_3,2025-06-21,0,92,78.13336666666659
q4_3,2025-06-21,0,93,102.82010000000014
q4_3,2025-06-21,0,94,76.13386111111106
q4_3,2025-06-21,0,95,119.57868055555593
q4_3,2025-06-21,0,96,215.99655000000007
q4_3,2025-06-21,0,97,252.6471250000002
q4_3,2025-06-21,0,98,245.20952222222223
q4_3,2025-06-21,0,99,249.72267499999998
q4_3,2025-06-21,0,100,337.24438888888915
q4_3,2025-06-21,0,101,344.8328944444443
q4_3,2025-06-21,0,102,253.49455000000012
q4_3,2025-06-21,0,103,272.64963333333355
q4_3,2025-06-21,0,104,328.5560888888885
q4_3,2025-06-21,0,105,369.748375
q4_3,2025-06-21,0,106,408.078938888889
q4_3,2025-06-21,0,107,474.42982777777746
q4_3,2025-06-21,0,108,490.8302333333333
q4_3,2025-06-21,0,109,370.9348388888894
q4_3,2025-06-21,0,110,570.4876611111109
q4_3,2025-06-21,0,111,69.2451333333333
q4_3,2025-06-21,0,112,73.0118500000001
q4_3,2025-06-21,0,113,99.21750000000011
q4_3,2025-06-21,0,114,67.01666666666672
q4_3,2025-06-21,0,115,72.04220000000001
q4_3,2025-06-21,0,116,72.39790000000008
q4_3,2025-06-21,0,117,80.23044166666676
q4_3,2025-06-21,0,118,51.437883333333346
q4_3,2025-06-21,0,119,63.32083333333328
q4_3,2025-06-21,0,120,65.33500000000004
q4_3,2025-06-21,0,121,52.50258333333333
q4_3,2025-06-21,0,122,89.0007333333333
q4_3,2025-06-21,0,123,98.14000000000001
q4_3,2025-06-21,0,124,62.466866666666796
q4_3,2025-06-21,0,125,732.8646166666667
q4_3,2025-06-21,0,126,725.4516666666666
q4_3,2025-06-21,0,127,649.3549833333333
q4_3,2025-06-21,0,128,638.1465333333333
q4_3,2025-06-21,0,129,659.5899999999999
q4_3,2025-06-21,0,130,652.4667833333332
q4_3,2025-06-21,0,131,633.3023333333333
q4_3,2025-06-21,0,132,1460.1766666666665
q4_3,2025-06-21,0,133,1465.4339666666667
q4_3,2025-06-21,0,134,1439.17825
q4_3,2025-06-21,0,135,1445.6883333333333
q4_3,2025-06-21,0,136,1464.4933999999998
q4_3,2025-06-21,0,137,1336.89095
q4_3,2025-06-21,0,138,1485.138333333333
q4_3,2025-06-21,0,139,1427.1933666666666
q4_3,2025-06-21,0,140,1434.043533333333
q4_3,2025-06-21,0,141,1428.2416666666666
q4_3,2025-06-21,0,142,1442.0398166666666
q4_3,2025-06-21,0,143,1489.7913999999998
q4_3,2025-06-21,0,144,1578.6633333333334
q4_3,2025-06-21,6,37,28.745133333333342
q4_3,2025-06-21,6,38,29.569538888888903
q4_3,2025-06-21,6,39,22.31683333333323
q4_3,2025-06-21,6,40,22.184966666666543
q4_3,2025-06-21,6,41,23.277938888888933
q4_3,2025-06-21,6,42,26.113833333333407
q4_3,2025-06-21,6,43,20.30880555555565
q4_3,2025-06-21,6,44,17.61380555555565
q4_3,2025-06-21,6,45,37.64503333333327
q4_3,2025-06-21,6,46,29.596833333333407
q4_3,2025-06-21,6,47,44.06565555555558
q4_3,2025-06-21,6,48,42.93856666666677
q4_3,2025-06-21,6,49,36.10055277777779
q4_3,2025-06-21,6,50,44.7440388888889
q4_3,2025-06-21,6,51,45.33006666666665
q4_3,2025-06-21,6,52,45.55057222222234
q4_3,2025-06-21,6,53,41.58903888888892
q4_3,2025-06-21,6,54,42.30221666666663
q4_3,2025-06-21,6,55,28.26847222222209
q4_3,2025-06-21,6,56,30.318455555555577
q4_3,2025-06-21,6,57,43.46511666666667
q4_3,2025-06-21,6,58,33.869038888888795
q4_3,2025-06-21,6,59,38.6557166666667
q4_3,2025-06-21,6,60,47.68620000000002
q4_3,2025-06-21,6,61,42.90872777777787
q4_3,2025-06-21,6,62,51.13019444444445
q4_3,2025-06-21,6,63,41.96416666666664
q4_3,2025-06-21,6,64,48.46414444444446
q4_3,2025-06-21,6,65,57.84745833333333
q4_3,2025-06-21,6,66,51.48838333333333
q4_3,2025-06-21,6,67,63.74514444444432
q4_3,2025-06-21,6,68,95.96505555555552
q4_3,2025-06-21,6,69,78.87362500000002
q4_3,2025-06-21,6,70,74.64714444444448
q4_3,2025-06-21,6,71,75.44947222222228
q4_3,2025-06-21,6,72,99.0737499999997
q4_3,2025-06-21,6,73,81.65045277777776
q4_3,2025-06-21,6,74,72.4577055555556
q4_3,2025-06-21,6,75,70.11695833333336
q4_3,2025-06-21,6,76,80.76003888888854
q4_3,2025-06-21,6,77,83.21678055555552
q4_3,2025-06-21,6,78,103.4433333333333
q4_3,2025-06-21,6,79,95.42703333333345
q4_3,2025-06-21,6,80,97.25681111111108
q4_3,2025-06-21,6,81,93.53375000000013
q4_3,2025-06-21,6,82,98.90381111111105
q4_3,2025-06-21,6,83,104.39498055555555
q4_3,2025-06-21,6,84,86.30071666666663
q4_3,2025-06-21,6,85,81.89509722222216
q4_3,2025-06-21,6,86,93.16312777777765
q4_3,2025-06-21,6,87,91.9766166666665
q4_3,2025-06-21,6,88,96.6316166666667
q4_3,2025-06-21,6,89,114.13598611111112
q4_3,2025-06-21,6,90,109.38239999999996
q4_3,2025-06-21,6,91,95.7561444444445
q4_3,2025-06-21,6,92,93.71201111111107
q4_3,2025-06-21,6,93,102.82010000000014
q4_3,2025-06-21,6,94,142.8570722222221
q4_3,2025-06-21,6,95,129.5355777777777
q4_3,2025-06-21,6,96,180.09768333333335
q4_3,2025-06-21,6,97,230.26012222222212
q4_3,2025-06-21,6,98,209.3429555555556
q4_3,2025-06-21,6,99,233.1791166666668
q4_3,2025-06-21,6,100,337.24438888888915
q4_3,2025-06-21,6,101,344.8328944444443
q4_3,2025-06-21,6,102,253.49455000000012
q4_3,2025-06-21,6,103,282.39558611111084
q4_3,2025-06-21,6,104,361.47125588888974
q4_3,2025-06-21,6,105,369.748375
q4_3,2025-06-21,6,106,411.9037166666666
q4_3,2025-06-21,6,107,476.2225833333335
q4_3,2025-06-21,6,108,501.1570333333333
q4_3,2025-06-21,6,109,377.10007777777685
q4_3,2025-06-21,6,110,579.4874888888891
q4_3,2025-06-21,6,111,69.2451333333333
q4_3,2025-06-21,6,112,73.0118500000001
q4_3,2025-06-21,6,113,99.21750000000011
q4_3,2025-06-21,6,114,67.01666666666672
q4_3,2025-06-21,6,115,72.04220000000001
q4_3,2025-06-21,6,116,72.39790000000008
q4_3,2025-06-21,6,117,80.2440250000001
q4_3,2025-06-21,6,118,51.437883333333346
q4_3,2025-06-21,6,119,63.32083333333328
q4_3,2025-06-21,6,120,65.33500000000004
q4_3,2025-06-21,6,121,52.50258333333333
q4_3,2025-06-21,6,122,89.0007333333333
q4_3,2025-06-21,6,123,98.14000000000001
q4_3,2025-06-21,6,124,62.466866666666796
q4_3,2025-06-21,6,125,732.8646166666667
q4_3,2025-06-21,6,126,725.4516666666666
q4_3,2025-06-21,6,127,649.3549833333333
q4_3,2025-06-21,6,128,638.1465333333333
q4_3,2025-06-21,6,129,659.5899999999999
q4_3,2025-06-21,6,130,652.4667833333332
q4_3,2025-06-21,6,131,633.3023333333333
q4_3,2025-06-21,6,132,1460.1766666666665
q4_3,2025-06-21,6,133,1465.4339666666667
q4_3,2025-06-21,6,134,1439.17825
q4_3,2025-06-21,6,135,1445.6883333333333
q4_3,2025-06-21,6,136,1464.4933999999998
q4_3,2025-06-21,6,137,1336.89095
q4_3,2025-06-21,6,138,1485.138333333333
q4_3,2025-06-21,6,139,1427.1933666666666
q4_3,2025-06-21,6,140,1434.043533333333
q4_3,2025-06-21,6,141,1428.2416666666666
q4_3,2025-06-21,6,142,1442.0398166666666
q4_3,2025-06-21,6,143,1489.7913999999998
q4_3,2025-06-21,6,144,1578.6633333333334
q4_3,2025-06-21,12,73,50.4178361111111
q4_3,2025-06-21,12,74,33.30987222222221
q4_3,2025-06-21,12,75,50.46019166666671
q4_3,2025-06-21,12,76,54.53039999999999
q4_3,2025-06-21,12,77,67.32761666666664
q4_3,2025-06-21,12,78,55.6866
q4_3,2025-06-21,12,79,64.16504444444462
q4_3,2025-06-21,12,80,52.237194444444455
q4_3,2025-06-21,12,81,78.721825
q4_3,2025-06-21,12,82,59.63576666666661
q4_3,2025-06-21,12,83,78.72912777777772
q4_3,2025-06-21,12,84,80.6919499999999
q4_3,2025-06-21,12,85,81.89509722222216
q4_3,2025-06-21,12,86,76.2685333333334
q4_3,2025-06-21,12,87,104.47665833333333
q4_3,2025-06-21,12,88,96.6316166666667
q4_3,2025-06-21,12,89,114.13598611111112
q4_3,2025-06-21,12,90,94.79145000000001
q4_3,2025-06-21,12,91,95.7561444444445
q4_3,2025-06-21,12,92,96.58803888888878
q4_3,2025-06-21,12,93,102.82010000000014
q4_3,2025-06-21,12,94,97.63383888888882
q4_3,2025-06-21,12,95,119.57868055555593
q4_3,2025-06-21,12,96,215.99655000000007
q4_3,2025-06-21,12,97,237.44116388888892
q4_3,2025-06-21,12,98,245.20952222222223
q4_3,2025-06-21,12,99,249.72267499999998
q4_3,2025-06-21,12,100,337.24438888888915
q4_3,2025-06-21,12,101,344.8328944444443
q4_3,2025-06-21,12,102,253.93951666666672
q4_3,2025-06-21,12,103,286.7040972222223
q4_3,2025-06-21,12,104,364.95851277777774
q4_3,2025-06-21,12,105,369.748375
q4_3,2025-06-21,12,106,416.5207978888899
q4_3,2025-06-21,12,107,474.4298277777774
q4_3,2025-06-21,12,108,490.8302333333333
q4_3,2025-06-21,12,109,370.9348388888894
q4_3,2025-06-21,12,110,570.4876611111109
q4_3,2025-06-21,12,111,85.74025833333329
q4_3,2025-06-21,12,112,73.0118500000001
q4_3,2025-06-21,12,113,99.21750000000011
q4_3,2025-06-21,12,114,67.01666666666672
q4_3,2025-06-21,12,115,72.04220000000001
q4_3,2025-06-21,12,116,72.39790000000008
q4_3,2025-06-21,12,117,80.28782500000008
q4_3,2025-06-21,12,118,51.437883333333346
q4_3,2025-06-21,12,119,63.32083333333328
q4_3,2025-06-21,12,120,65.33500000000004
q4_3,2025-06-21,12,121,52.50258333333333
q4_3,2025-06-21,12,122,89.0007333333333
q4_3,2025-06-21,12,123,98.14000000000001
q4_3,2025-06-21,12,124,62.466866666666796
q4_3,2025-06-21,12,125,732.8646166666667
q4_3,2025-06-21,12,126,725.4516666666666
q4_3,2025-06-21,12,127,649.3549833333333
q4_3,2025-06-21,12,128,638.1465333333333
q4_3,2025-06-21,12,129,659.5899999999999
q4_3,2025-06-21,12,130,652.4667833333332
q4_3,2025-06-21,12,131,633.3023333333333
q4_3,2025-06-21,12,132,1460.1766666666665
q4_3,2025-06-21,12,133,1465.4339666666667
q4_3,2025-06-21,12,134,1439.17825
q4_3,2025-06-21,12,135,1445.6883333333333
q4_3,2025-06-21,12,136,1464.4933999999998
q4_3,2025-06-21,12,137,1336.89095
q4_3,2025-06-21,12,138,1485.138333333333
q4_3,2025-06-21,12,139,1427.1933666666666
q4_3,2025-06-21,12,140,1434.043533333333
q4_3,2025-06-21,12,141,1428.2416666666666
q4_3,2025-06-21,12,142,1442.0398166666666
q4_3,2025-06-21,12,143,1489.7913999999998
q4_3,2025-06-21,12,144,1578.6633333333334
q4_3,2025-06-21,18,109,370.9348388888894
q4_3,2025-06-21,18,110,570.4876611111109
q4_3,2025-06-21,18,111,73.64833333333338
q4_3,2025-06-21,18,112,73.3169000000001
q4_3,2025-06-21,18,113,99.21750000000011
q4_3,2025-06-21,18,114,67.01666666666672
q4_3,2025-06-21,18,115,72.04220000000001
q4_3,2025-06-21,18,116,72.39790000000008
q4_3,2025-06-21,18,117,80.2727000000001
q4_3,2025-06-21,18,118,51.437883333333346
q4_3,2025-06-21,18,119,63.32083333333328
q4_3,2025-06-21,18,120,65.33500000000004
q4_3,2025-06-21,18,121,52.50258333333333
q4_3,2025-06-21,18,122,89.0007333333333
q4_3,2025-06-21,18,123,98.14000000000001
q4_3,2025-06-21,18,124,62.466866666666796
q4_3,2025-06-21,18,125,732.8646166666667
q4_3,2025-06-21,18,126,725.4516666666666
q4_3,2025-06-21,18,127,649.3549833333333
q4_3,2025-06-21,18,128,638.1465333333333
q4_3,2025-06-21,18,129,659.5899999999999
q4_3,2025-06-21,18,130,652.4667833333332
q4_3,2025-06-21,18,131,633.3023333333333
q4_3,2025-06-21,18,132,1460.1766666666665
q4_3,2025-06-21,18,133,1465.4339666666667
q4_3,2025-06-21,18,134,1439.17825
q4_3,2025-06-21,18,135,1445.6883333333333
q4_3,2025-06-21,18,136,1464.4933999999998
q4_3,2025-06-21,18,137,1336.89095
q4_3,2025-06-21,18,138,1485.138333333333
q4_3,2025-06-21,18,139,1427.1933666666666
q4_3,2025-06-21,18,140,1434.043533333333
q4_3,2025-06-21,18,141,1428.2416666666666
q4_3,2025-06-21,18,142,1442.0398166666666
q4_3,2025-06-21,18,143,1489.7913999999998
q4_3,2025-06-21,18,144,1578.6633333333334
q4_3,2025-09-23,0,1,682.6047166666666
q4_3,2025-09-23,0,2,683.2628000000001
q4_3,2025-09-23,0,3,630.7533333333334
q4_3,2025-09-23,0,4,599.9743499999998
q4_3,2025-09-23,0,5,592.9603666666667
q4_3,2025-09-23,0,6,597.7416666666667
q4_3,2025-09-23,0,7,618.1167666666665
q4_3,2025-09-23,0,8,605.44905
q4_3,2025-09-23,0,9,577.2666666666667
q4_3,2025-09-23,0,10,591.8136333333333
q4_3,2025-09-23,0,11,617.53555
q4_3,2025-09-23,0,12,637.2299999999999
q4_3,2025-09-23,0,13,612.3428
q4_3,2025-09-23,0,14,593.5729833333332
q4_3,2025-09-23,0,15,612.745
q4_3,2025-09-23,0,16,650.8352000000001
q4_3,2025-09-23,0,17,636.0907833333332
q4_3,2025-09-23,0,18,609.06
q4_3,2025-09-23,0,19,649.1154166666666
q4_3,2025-09-23,0,20,631.3516
q4_3,2025-09-23,0,21,595.5183333333333
q4_3,2025-09-23,0,22,607.6435333333333
q4_3,2025-09-23,0,23,630.7872166666666
q4_3,2025-09-23,0,24,646.3483333333332
q4_3,2025-09-23,0,25,668.8526833333333
q4_3,2025-09-23,0,26,675.5850833333334
q4_3,2025-09-23,0,27,643.7449999999999
q4_3,2025-09-23,0,28,658.26185
q4_3,2025-09-23,0,29,629.1150333333334
q4_3,2025-09-23,0,30,603.43
q4_3,2025-09-23,0,31,590.0225166666667
q4_3,2025-09-23,0,32,629.8319444444445
q4_3,2025-09-23,0,33,656.3089583333333
q4_3,2025-09-23,0,34,609.9760944444444
q4_3,2025-09-23,0,35,674.3818055555556
q4_3,2025-09-23,0,36,26.79363333333334
q4_3,2025-09-23,0,37,25.218961111111156
q4_3,2025-09-23,0,38,17.076755555555607
q4_3,2025-09-23,0,39,29.783358333333343
q4_3,2025-09-23,0,40,37.98202222222228
q4_3,2025-09-23,0,41,22.906486111111054
q4_3,2025-09-23,0,42,37.75713333333321
q4_3,2025-09-23,0,43,28.18876944444446
q4_3,2025-09-23,0,44,31.709688888888838
q4_3,2025-09-23,0,45,40.867016666666736
q4_3,2025-09-23,0,46,306.73473611111035
q4_3,2025-09-23,0,47,57.21457499999998
q4_3,2025-09-23,0,48,71.74666666666667
q4_3,2025-09-23,0,49,62.217574999999904
q4_3,2025-09-23,0,50,78.91117777777784
q4_3,2025-09-23,0,51,83.95704166666663
q4_3,2025-09-23,0,52,88.71179444444434
q4_3,2025-09-23,0,53,87.71754444444446
q4_3,2025-09-23,0,54,74.24125000000004
q4_3,2025-09-23,0,55,80.72148888888893
q4_3,2025-09-23,0,56,89.83609444444461
q4_3,2025-09-23,0,57,87.47884166666677
q4_3,2025-09-23,0,58,102.67061111111116
q4_3,2025-09-23,0,59,98.59608055555543
q4_3,2025-09-23,0,60,107.85636666666672
q4_3,2025-09-23,0,61,79.14134999999999
q4_3,2025-09-23,0,62,58.20860000000006
q4_3,2025-09-23,0,63,119.97823333333334
q4_3,2025-09-23,0,64,98.24081666666663
q4_3,2025-09-23,0,65,91.98527499999996
q4_3,2025-09-23,0,66,249.38586111111255
q4_3,2025-09-23,0,67,789.5800611111113
q4_3,2025-09-23,0,68,743.9380999999997
q4_3,2025-09-23,0,69,656.4783333333332
q4_3,2025-09-23,0,70,623.1120166666665
q4_3,2025-09-23,0,71,554.2456833333327
q4_3,2025-09-23,0,72,470.39274999999986
q4_3,2025-09-23,0,73,469.8641750000001
q4_3,2025-09-23,0,74,522.2723666666668
q4_3,2025-09-23,0,75,563.4834333333332
q4_3,2025-09-23,0,76,604.3549944444443
q4_3,2025-09-23,0,77,145.21251944444467
q4_3,2025-09-23,0,78,175.2475000000001
q4_3,2025-09-23,0,79,135.37949166666658
q4_3,2025-09-23,0,80,119.90419999999989
q4_3,2025-09-23,0,81,109.24281666666661
q4_3,2025-09-23,0,82,109.89452777777771
q4_3,2025-09-23,0,83,103.84324166666676
q4_3,2025-09-23,0,84,114.72916666666666
q4_3,2025-09-23,0,85,81.88987222222227
q4_3,2025-09-23,0,86,95.9553222222221
q4_3,2025-09-23,0,87,96.05912500000007
q4_3,2025-09-23,0,88,79.73215000000008
q4_3,2025-09-23,0,89,49.060600903987854
q4_3,2025-09-23,0,90,1061.554552656256
q4_3,2025-09-23,0,91,420.07169999999985
q4_3,2025-09-23,0,92,467.1943
q4_3,2025-09-23,0,93,511.7189416666666
q4_3,2025-09-23,0,94,516.4376666666666
q4_3,2025-09-23,0,95,493.53378611111117
q4_3,2025-09-23,0,96,535.4772166666667
q4_3,2025-09-23,0,97,636.9417861111112
q4_3,2025-09-23,0,98,694.1970277777775
q4_3,2025-09-23,0,99,707.6567666666665
q4_3,2025-09-23,0,100,747.2514388888891
q4_3,2025-09-23,0,101,834.5083499999996
q4_3,2025-09-23,0,102,920.882
q4_3,2025-09-23,0,103,916.0886388888891
q4_3,2025-09-23,0,104,940.728272222222
q4_3,2025-09-23,0,105,995.4692333333335
q4_3,2025-09-23,0,106,1064.9924222222226
q4_3,2025-09-23,0,107,980.1180472222219
q4_3,2025-09-23,0,108,17.677916666666633
q4_3,2025-09-23,0,109,14.904986111111072
q4_3,2025-09-23,0,110,28.57262777777773
q4_3,2025-09-23,0,111,853.9739166666666
q4_3,2025-09-23,0,112,855.7995111111111
q4_3,2025-09-23,0,113,12.160094444444482
q4_3,2025-09-23,0,114,18.808333333333394
q4_3,2025-09-23,0,115,25.735950000000077
q4_3,2025-09-23,0,116,29.564850000000053
q4_3,2025-09-23,0,117,829.1816666666665
q4_3,2025-09-23,0,118,159.36389999999926
q4_3,2025-09-23,0,119,826.1684
q4_3,2025-09-23,0,120,833.3383333333334
q4_3,2025-09-23,0,121,23.829916666666726
q4_3,2025-09-23,0,122,22.708849999999984
q4_3,2025-09-23,0,123,821.1149999999999
q4_3,2025-09-23,0,124,18.177700000000033
q4_3,2025-09-23,0,125,842.3505833333331
q4_3,2025-09-23,0,126,811.34
q4_3,2025-09-23,0,127,830.4018166666666
q4_3,2025-09-23,0,128,825.9096666666668
q4_3,2025-09-23,0,129,787.765
q4_3,2025-09-23,0,130,846.9495833333333
q4_3,2025-09-23,0,131,815.1547499999999
q4_3,2025-09-23,0,132,1496.4266666666665
q4_3,2025-09-23,0,133,1439.9668
q4_3,2025-09-23,0,134,1283.0719000000001
q4_3,2025-09-23,0,135,1473.6216666666664
q4_3,2025-09-23,0,136,1472.7926166666666
q4_3,2025-09-23,0,137,1479.9028166666667
q4_3,2025-09-23,0,138,1486.8483333333334
q4_3,2025-09-23,0,139,1457.5321
q4_3,2025-09-23,0,140,1463.5242
q4_3,2025-09-23,0,141,1498.0333333333333
q4_3,2025-09-23,0,142,1451.0949666666666
q4_3,2025-09-23,0,143,1461.4461999999999
q4_3,2025-09-23,0,144,1508.5383333333332
q4_3,2025-09-23,6,37,25.218961111111156
q4_3,2025-09-23,6,38,20.24258333333344
q4_3,2025-09-23,6,39,31.51406666666668
q4_3,2025-09-23,6,40,37.98202222222228
q4_3,2025-09-23,6,41,22.906486111111054
q4_3,2025-09-23,6,42,37.75713333333321
q4_3,2025-09-23,6,43,25.088150000000017
q4_3,2025-09-23,6,44,24.806522222222156
q4_3,2025-09-23,6,45,30.729716666666736
q4_3,2025-09-23,6,46,237.54233475853476
q4_3,2025-09-23,6,47,44.95604999999998
q4_3,2025-09-23,6,48,56.14385
q4_3,2025-09-23,6,49,33.37649444444457
q4_3,2025-09-23,6,50,48.85330555555558
q4_3,2025-09-23,6,51,34.96443333333339
q4_3,2025-09-23,6,52,41.67142222222224
q4_3,2025-09-23,6,53,49.70574166666675
q4_3,2025-09-23,6,54,48.945733333333465
q4_3,2025-09-23,6,55,51.44377222222222
q4_3,2025-09-23,6,56,80.27924999999999
q4_3,2025-09-23,6,57,61.76978333333333
q4_3,2025-09-23,6,58,39.69581666666663
q4_3,2025-09-23,6,59,57.94018333333325
q4_3,2025-09-23,6,60,77.93981666666664
q4_3,2025-09-23,6,61,69.22972500000006
q4_3,2025-09-23,6,62,56.313633333333236
q4_3,2025-09-23,6,63,67.38718333333327
q4_3,2025-09-23,6,64,81.1209166666667
q4_3,2025-09-23,6,65,90.10958333333328
q4_3,2025-09-23,6,66,105.81578333333346
q4_3,2025-09-23,6,67,709.584047222222
q4_3,2025-09-23,6,68,491.5197394270507
q4_3,2025-09-23,6,69,653.3262749999998
q4_3,2025-09-23,6,70,563.6071722222221
q4_3,2025-09-23,6,71,516.0050555555556
q4_3,2025-09-23,6,72,423.60463333333337
q4_3,2025-09-23,6,73,440.47133611111104
q4_3,2025-09-23,6,74,493.5928222222222
q4_3,2025-09-23,6,75,549.185075
q4_3,2025-09-23,6,76,562.8261722222223
q4_3,2025-09-23,6,77,71.44383611111095
q4_3,2025-09-23,6,78,116.58539999999978
q4_3,2025-09-23,6,79,106.70506666666668
q4_3,2025-09-23,6,80,68.10082222222233
q4_3,2025-09-23,6,81,108.86657500000001
q4_3,2025-09-23,6,82,72.48964999999998
q4_3,2025-09-23,6,83,59.66659166666668
q4_3,2025-09-23,6,84,81.39244999999997
q4_3,2025-09-23,6,85,81.88987222222227
q4_3,2025-09-23,6,86,81.77628333333331
q4_3,2025-09-23,6,87,96.05912500000007
q4_3,2025-09-23,6,88,79.73215000000008
q4_3,2025-09-23,6,89,49.060600903987854
q4_3,2025-09-23,6,90,919.1525927983525
q4_3,2025-09-23,6,91,406.40390833333316
q4_3,2025-09-23,6,92,467.1943
q4_3,2025-09-23,6,93,511.7189416666666
q4_3,2025-09-23,6,94,516.4376666666666
q4_3,2025-09-23,6,95,493.53378611111117
q4_3,2025-09-23,6,96,535.4772166666667
q4_3,2025-09-23,6,97,636.9417861111112
q4_3,2025-09-23,6,98,694.1970277777775
q4_3,2025-09-23,6,99,707.6567666666665
q4_3,2025-09-23,6,100,753.8509707222227
q4_3,2025-09-23,6,101,834.5083499999996
q4_3,2025-09-23,6,102,920.882
q4_3,2025-09-23,6,103,917.9119339166681
q4_3,2025-09-23,6,104,940.728272222222
q4_3,2025-09-23,6,105,995.4692333333335
q4_3,2025-09-23,6,106,1064.9924222222226
q4_3,2025-09-23,6,107,980.1180472222219
q4_3,2025-09-23,6,108,20.523349999999965
q4_3,2025-09-23,6,109,14.904986111111072
q4_3,2025-09-23,6,110,31.865266666666663
q4_3,2025-09-23,6,111,853.9739166666666
q4_3,2025-09-23,6,112,855.7995111111111
q4_3,2025-09-23,6,113,12.160094444444482
q4_3,2025-09-23,6,114,18.808333333333394
q4_3,2025-09-23,6,115,25.735950000000077
q4_3,2025-09-23,6,116,29.564850000000053
q4_3,2025-09-23,6,117,829.1816666666665
q4_3,2025-09-23,6,118,159.36389999999926
q4_3,2025-09-23,6,119,826.1684
q4_3,2025-09-23,6,120,833.3383333333334
q4_3,2025-09-23,6,121,23.829916666666726
q4_3,2025-09-23,6,122,22.708849999999984
q4_3,2025-09-23,6,123,821.1149999999999
q4_3,2025-09-23,6,124,18.177700000000033
q4_3,2025-09-23,6,125,842.3505833333331
q4_3,2025-09-23,6,126,811.34
q4_3,2025-09-23,6,127,830.4018166666666
q4_3,2025-09-23,6,128,825.9096666666668
q4_3,2025-09-23,6,129,787.765
q4_3,2025-09-23,6,130,846.9495833333333
q4_3,2025-09-23,6,131,815.1547499999999
q4_3,2025-09-23,6,132,1496.4266666666665
q4_3,2025-09-23,6,133,1439.9668
q4_3,2025-09-23,6,134,1283.0719000000001
q4_3,2025-09-23,6,135,1473.6216666666664
q4_3,2025-09-23,6,136,1472.7926166666666
q4_3,2025-09-23,6,137,1479.9028166666667
q4_3,2025-09-23,6,138,1486.8483333333334
q4_3,2025-09-23,6,139,1457.5321
q4_3,2025-09-23,6,140,1463.5242
q4_3,2025-09-23,6,141,1498.0333333333333
q4_3,2025-09-23,6,142,1451.0949666666666
q4_3,2025-09-23,6,143,1461.4461999999999
q4_3,2025-09-23,6,144,1508.5383333333332
q4_3,2025-09-23,12,73,38.45868333333333
q4_3,2025-09-23,12,74,34.373099999999965
q4_3,2025-09-23,12,75,42.42702500000011
q4_3,2025-09-23,12,76,19.495494444444574
q4_3,2025-09-23,12,77,32.13675277777773
q4_3,2025-09-23,12,78,49.20776666666643
q4_3,2025-09-23,12,79,43.94410555555562
q4_3,2025-09-23,12,80,34.74952777777778
q4_3,2025-09-23,12,81,47.259450000000015
q4_3,2025-09-23,12,82,23.337305555555506
q4_3,2025-09-23,12,83,32.55153888888895
q4_3,2025-09-23,12,84,12.682566666666691
q4_3,2025-09-23,12,85,30.411594444444464
q4_3,2025-09-23,12,86,36.135472222222184
q4_3,2025-09-23,12,87,52.84148333333337
q4_3,2025-09-23,12,88,37.08671111111113
q4_3,2025-09-23,12,89,48.685476434233884
q4_3,2025-09-23,12,90,668.9674867067066
q4_3,2025-09-23,12,91,302.11881388888867
q4_3,2025-09-23,12,92,362.7285777777779
q4_3,2025-09-23,12,93,469.8170333333332
q4_3,2025-09-23,12,94,472.14808888888894
q4_3,2025-09-23,12,95,462.2993555555555
q4_3,2025-09-23,12,96,459.96078333333327
q4_3,2025-09-23,12,97,592.991475
q4_3,2025-09-23,12,98,653.0056166666666
q4_3,2025-09-23,12,99,685.1803666666665
q4_3,2025-09-23,12,100,740.3095555555553
q4_3,2025-09-23,12,101,834.5083499999996
q4_3,2025-09-23,12,102,908.2748499999998
q4_3,2025-09-23,12,103,916.0886388888891
q4_3,2025-09-23,12,104,940.728272222222
q4_3,2025-09-23,12,105,995.4692333333335
q4_3,2025-09-23,12,106,1064.9924222222226
q4_3,2025-09-23,12,107,980.1180472222219
q4_3,2025-09-23,12,108,18.192233333333295
q4_3,2025-09-23,12,109,15.163758333333336
q4_3,2025-09-23,12,110,29.101238888888844
q4_3,2025-09-23,12,111,853.9739166666666
q4_3,2025-09-23,12,112,855.7995111111111
q4_3,2025-09-23,12,113,12.160094444444482
q4_3,2025-09-23,12,114,18.808333333333394
q4_3,2025-09-23,12,115,25.735950000000077
q4_3,2025-09-23,12,116,29.564850000000053
q4_3,2025-09-23,12,117,829.1816666666665
q4_3,2025-09-23,12,118,159.36389999999926
q4_3,2025-09-23,12,119,826.1684
q4_3,2025-09-23,12,120,833.3383333333334
q4_3,2025-09-23,12,121,23.829916666666726
q4_3,2025-09-23,12,122,22.708849999999984
q4_3,2025-09-23,12,123,821.1149999999999
q4_3,2025-09-23,12,124,18.177700000000033
q4_3,2025-09-23,12,125,842.3505833333331
q4_3,2025-09-23,12,126,811.34
q4_3,2025-09-23,12,127,830.4018166666666
q4_3,2025-09-23,12,128,825.9096666666668
q4_3,2025-09-23,12,129,787.765
q4_3,2025-09-23,12,130,846.9495833333333
q4_3,2025-09-23,12,131,815.1547499999999
q4_3,2025-09-23,12,132,1496.4266666666665
q4_3,2025-09-23,12,133,1439.9668
q4_3,2025-09-23,12,134,1283.0719000000001
q4_3,2025-09-23,12,135,1473.6216666666664
q4_3,2025-09-23,12,136,1472.7926166666666
q4_3,2025-09-23,12,137,1479.9028166666667
q4_3,2025-09-23,12,138,1486.8483333333334
q4_3,2025-09-23,12,139,1457.5321
q4_3,2025-09-23,12,140,1463.5242
q4_3,2025-09-23,12,141,1498.0333333333333
q4_3,2025-09-23,12,142,1451.0949666666666
q4_3,2025-09-23,12,143,1461.4461999999999
q4_3,2025-09-23,12,144,1508.5383333333332
q4_3,2025-09-23,18,109,17.022650000000034
q4_3,2025-09-23,18,110,30.05669999999994
q4_3,2025-09-23,18,111,853.9739166666666
q4_3,2025-09-23,18,112,855.7995111111111
q4_3,2025-09-23,18,113,12.160094444444482
q4_3,2025-09-23,18,114,18.808333333333394
q4_3,2025-09-23,18,115,25.735950000000077
q4_3,2025-09-23,18,116,29.564850000000053
q4_3,2025-09-23,18,117,829.1816666666665
q4_3,2025-09-23,18,118,159.36389999999926
q4_3,2025-09-23,18,119,826.1684
q4_3,2025-09-23,18,120,833.3383333333334
q4_3,2025-09-23,18,121,23.829916666666726
q4_3,2025-09-23,18,122,22.708849999999984
q4_3,2025-09-23,18,123,821.1149999999999
q4_3,2025-09-23,18,124,18.177700000000033
q4_3,2025-09-23,18,125,842.3505833333331
q4_3,2025-09-23,18,126,811.34
q4_3,2025-09-23,18,127,830.4018166666666
q4_3,2025-09-23,18,128,825.9096666666668
q4_3,2025-09-23,18,129,787.765
q4_3,2025-09-23,18,130,846.9495833333333
q4_3,2025-09-23,18,131,815.1547499999999
q4_3,2025-09-23,18,132,1496.4266666666665
q4_3,2025-09-23,18,133,1439.9668
q4_3,2025-09-23,18,134,1283.0719000000001
q4_3,2025-09-23,18,135,1473.6216666666664
q4_3,2025-09-23,18,136,1472.7926166666666
q4_3,2025-09-23,18,137,1479.9028166666667
q4_3,2025-09-23,18,138,1486.8483333333334
q4_3,2025-09-23,18,139,1457.5321
q4_3,2025-09-23,18,140,1463.5242
q4_3,2025-09-23,18,141,1498.0333333333333
q4_3,2025-09-23,18,142,1451.0949666666666
q4_3,2025-09-23,18,143,1461.4461999999999
q4_3,2025-09-23,18,144,1508.5383333333332
q4_3,2025-12-21,0,1,638.3049166666666
q4_3,2025-12-21,0,2,595.4961166666666
q4_3,2025-12-21,0,3,606.9033333333333
q4_3,2025-12-21,0,4,650.2393000000001
q4_3,2025-12-21,0,5,660.66005
q4_3,2025-12-21,0,6,639.2516666666667
q4_3,2025-12-21,0,7,640.9175999999999
q4_3,2025-12-21,0,8,637.5136
q4_3,2025-12-21,0,9,654.4483333333334
q4_3,2025-12-21,0,10,639.5996166666666
q4_3,2025-12-21,0,11,652.9002499999999
q4_3,2025-12-21,0,12,668.7966666666666
q4_3,2025-12-21,0,13,671.2132333333333
q4_3,2025-12-21,0,14,670.74775
q4_3,2025-12-21,0,15,705.2516666666667
q4_3,2025-12-21,0,16,717.7959999999999
q4_3,2025-12-21,0,17,737.9466
q4_3,2025-12-21,0,18,712.73
q4_3,2025-12-21,0,19,701.6155333333332
q4_3,2025-12-21,0,20,717.2623
q4_3,2025-12-21,0,21,725.6116666666667
q4_3,2025-12-21,0,22,701.7488833333333
q4_3,2025-12-21,0,23,689.3027666666667
q4_3,2025-12-21,0,24,719.5166666666667
q4_3,2025-12-21,0,25,723.6138
q4_3,2025-12-21,0,26,735.1591833333332
q4_3,2025-12-21,0,27,755.925
q4_3,2025-12-21,0,28,793.0579333333333
q4_3,2025-12-21,0,29,778.3884166666667
q4_3,2025-12-21,0,30,743.9016666666666
q4_3,2025-12-21,0,31,758.5610833333334
q4_3,2025-12-21,0,32,743.7209666666666
q4_3,2025-12-21,0,33,730.5533333333334
q4_3,2025-12-21,0,34,750.8534333333332
q4_3,2025-12-21,0,35,848.3676666666668
q4_3,2025-12-21,0,36,948.9616666666667
q4_3,2025-12-21,0,37,964.3068777777776
q4_3,2025-12-21,0,38,950.37235
q4_3,2025-12-21,0,39,963.429925
q4_3,2025-12-21,0,40,965.6535666666666
q4_3,2025-12-21,0,41,987.5995138888889
q4_3,2025-12-21,0,42,1006.0716000000001
q4_3,2025-12-21,0,43,923.8331972222221
q4_3,2025-12-21,0,44,858.013461111111
q4_3,2025-12-21,0,45,831.8009833333332
q4_3,2025-12-21,0,46,773.839061111111
q4_3,2025-12-21,0,47,819.6018388888888
q4_3,2025-12-21,0,48,107.67099999999994
q4_3,2025-12-21,0,49,120.10779444444476
q4_3,2025-12-21,0,50,81.35330555555562
q4_3,2025-12-21,0,51,89.91338333333337
q4_3,2025-12-21,0,52,65.81675555555553
q4_3,2025-12-21,0,53,86.24099166666669
q4_3,2025-12-21,0,54,78.65874999999997
q4_3,2025-12-21,0,55,84.04367222222224
q4_3,2025-12-21,0,56,446.5108888888865
q4_3,2025-12-21,0,57,634.4361083333332
q4_3,2025-12-21,0,58,585.644777777778
q4_3,2025-12-21,0,59,85.99621111111108
q4_3,2025-12-21,0,60,52.42666666666673
q4_3,2025-12-21,0,61,63.71007777777771
q4_3,2025-12-21,0,62,85.93686666666667
q4_3,2025-12-21,0,63,96.07958333333347
q4_3,2025-12-21,0,64,106.4911833333332
q4_3,2025-12-21,0,65,423.3141138888887
q4_3,2025-12-21,0,66,1311.3528999999999
q4_3,2025-12-21,0,67,1245.8403666666666
q4_3,2025-12-21,0,68,1163.3514277777776
q4_3,2025-12-21,0,69,1156.1075666666666
q4_3,2025-12-21,0,70,1163.4603055555554
q4_3,2025-12-21,0,71,1137.9421499999996
q4_3,2025-12-21,0,72,1089.7590999999998
q4_3,2025-12-21,0,73,1027.8970722222223
q4_3,2025-12-21,0,74,1033.474461111111
q4_3,2025-12-21,0,75,1042.4798666666666
q4_3,2025-12-21,0,76,969.2673222222221
q4_3,2025-12-21,0,77,986.4390777777778
q4_3,2025-12-21,0,78,240.1658166666664
q4_3,2025-12-21,0,79,261.1087083333334
q4_3,2025-12-21,0,80,275.8196
q4_3,2025-12-21,0,81,304.39909166666655
q4_3,2025-12-21,0,82,305.1097722222222
q4_3,2025-12-21,0,83,72.37687221818926
q4_3,2025-12-21,0,84,95.08954999999999
q4_3,2025-12-21,0,85,88.98168333333336
q4_3,2025-12-21,0,86,88.59043333333337
q4_3,2025-12-21,0,87,81.6337
q4_3,2025-12-21,0,88,78.96621666666667
q4_3,2025-12-21,0,89,78.42244999999997
q4_3,2025-12-21,0,90,1455.74655
q4_3,2025-12-21,0,91,1479.0393805555555
q4_3,2025-12-21,0,92,1490.3865555555556
q4_3,2025-12-21,0,93,1537.1233750000001
q4_3,2025-12-21,0,94,1156.6612415687657
q4_3,2025-12-21,0,95,855.0078194444444
q4_3,2025-12-21,0,96,850.3718000000001
q4_3,2025-12-21,0,97,858.5316333333336
q4_3,2025-12-21,0,98,893.9269166666666
q4_3,2025-12-21,0,99,942.963575
q4_3,2025-12-21,0,100,1025.5194833333335
q4_3,2025-12-21,0,101,1042.4026388888885
q4_3,2025-12-21,0,102,1041.1634166666665
q4_3,2025-12-21,0,103,1060.4899944444444
q4_3,2025-12-21,0,104,1077.787311111111
q4_3,2025-12-21,0,105,1077.193775
q4_3,2025-12-21,0,106,1083.3685999999998
q4_3,2025-12-21,0,107,943.0000333333332
q4_3,2025-12-21,0,108,741.2833333333332
q4_3,2025-12-21,0,109,750.3022666666667
q4_3,2025-12-21,0,110,766.2814000000002
q4_3,2025-12-21,0,111,726.7483333333332
q4_3,2025-12-21,0,112,718.6672333333333
q4_3,2025-12-21,0,113,144.72661666666778
q4_3,2025-12-21,0,114,27.795000000000073
q4_3,2025-12-21,0,115,20.544466666666644
q4_3,2025-12-21,0,116,14.107333333333372
q4_3,2025-12-21,0,117,23.299999999999955
q4_3,2025-12-21,0,118,18.98303333333327
q4_3,2025-12-21,0,119,26.729533333333393
q4_3,2025-12-21,0,120,32.27333333333338
q4_3,2025-12-21,0,121,17.728750000000066
q4_3,2025-12-21,0,122,23.26441666666657
q4_3,2025-12-21,0,123,36.03166666666675
q4_3,2025-12-21,0,124,26.339266666666617
q4_3,2025-12-21,0,125,746.9057166666666
q4_3,2025-12-21,0,126,766.3633333333333
q4_3,2025-12-21,0,127,755.1383833333331
q4_3,2025-12-21,0,128,747.1609166666665
q4_3,2025-12-21,0,129,761.9849999999999
q4_3,2025-12-21,0,130,787.9384833333334
q4_3,2025-12-21,0,131,705.1516166666667
q4_3,2025-12-21,0,132,1425.8116666666667
q4_3,2025-12-21,0,133,1411.0036999999998
q4_3,2025-12-21,0,134,1423.8739166666667
q4_3,2025-12-21,0,135,1437.5966666666666
q4_3,2025-12-21,0,136,1402.1491666666666
q4_3,2025-12-21,0,137,1411.5977166666664
q4_3,2025-12-21,0,138,1422.8733333333332
q4_3,2025-12-21,0,139,1438.5489833333334
q4_3,2025-12-21,0,140,1454.6355333333333
q4_3,2025-12-21,0,141,1442.3116666666667
q4_3,2025-12-21,0,142,1431.3573166666665
q4_3,2025-12-21,0,143,1272.9792166666666
q4_3,2025-12-21,0,144,1470.2966666666664
q4_3,2025-12-21,6,37,964.3068777777776
q4_3,2025-12-21,6,38,950.37235
q4_3,2025-12-21,6,39,963.429925
q4_3,2025-12-21,6,40,965.6535666666666
q4_3,2025-12-21,6,41,987.5995138888889
q4_3,2025-12-21,6,42,1006.0716000000001
q4_3,2025-12-21,6,43,923.8331972222221
q4_3,2025-12-21,6,44,858.0134611111112
q4_3,2025-12-21,6,45,831.8009833333332
q4_3,2025-12-21,6,46,773.839061111111
q4_3,2025-12-21,6,47,819.6018388888888
q4_3,2025-12-21,6,48,115.58079999999973
q4_3,2025-12-21,6,49,120.10779444444476
q4_3,2025-12-21,6,50,81.35330555555562
q4_3,2025-12-21,6,51,98.74062500000004
q4_3,2025-12-21,6,52,65.81675555555553
q4_3,2025-12-21,6,53,86.24099166666669
q4_3,2025-12-21,6,54,78.65874999999997
q4_3,2025-12-21,6,55,84.04367222222224
q4_3,2025-12-21,6,56,403.89730271546705
q4_3,2025-12-21,6,57,634.4361083333332
q4_3,2025-12-21,6,58,553.460627777778
q4_3,2025-12-21,6,59,85.99621111111108
q4_3,2025-12-21,6,60,52.42666666666673
q4_3,2025-12-21,6,61,63.81784166666671
q4_3,2025-12-21,6,62,85.93686666666667
q4_3,2025-12-21,6,63,89.15830833333325
q4_3,2025-12-21,6,64,95.02709444444447
q4_3,2025-12-21,6,65,395.7928694444443
q4_3,2025-12-21,6,66,1246.8940333333335
q4_3,2025-12-21,6,67,1197.1003694444441
q4_3,2025-12-21,6,68,1100.0547277777775
q4_3,2025-12-21,6,69,1072.0450583333331
q4_3,2025-12-21,6,70,1045.5873777777776
q4_3,2025-12-21,6,71,999.9795805555555
q4_3,2025-12-21,6,72,933.2592499999997
q4_3,2025-12-21,6,73,907.5384444444445
q4_3,2025-12-21,6,74,929.0208444444442
q4_3,2025-12-21,6,75,971.4930333333332
q4_3,2025-12-21,6,76,937.5535444444445
q4_3,2025-12-21,6,77,986.4390777777778
q4_3,2025-12-21,6,78,239.67393333333314
q4_3,2025-12-21,6,79,252.4676805555554
q4_3,2025-12-21,6,80,244.8508777777778
q4_3,2025-12-21,6,81,271.6735083333331
q4_3,2025-12-21,6,82,299.44578888888884
q4_3,2025-12-21,6,83,72.37687221818926
q4_3,2025-12-21,6,84,65.11826666666668
q4_3,2025-12-21,6,85,79.43207499999988
q4_3,2025-12-21,6,86,58.64692222222212
q4_3,2025-12-21,6,87,70.69306666666662
q4_3,2025-12-21,6,88,78.96621666666667
q4_3,2025-12-21,6,89,78.42244999999997
q4_3,2025-12-21,6,90,1455.74655
q4_3,2025-12-21,6,91,1479.0393805555555
q4_3,2025-12-21,6,92,1490.3865555555556
q4_3,2025-12-21,6,93,1537.1233750000001
q4_3,2025-12-21,6,94,1156.6612415687657
q4_3,2025-12-21,6,95,857.8805887222221
q4_3,2025-12-21,6,96,850.3718000000001
q4_3,2025-12-21,6,97,858.5316333333336
q4_3,2025-12-21,6,98,893.9269166666666
q4_3,2025-12-21,6,99,957.051125
q4_3,2025-12-21,6,100,1030.279361111111
q4_3,2025-12-21,6,101,1047.0017154166665
q4_3,2025-12-21,6,102,1041.1634166666665
q4_3,2025-12-21,6,103,1060.4899944444444
q4_3,2025-12-21,6,104,1077.8749443333336
q4_3,2025-12-21,6,105,1078.6310416666665
q4_3,2025-12-21,6,106,1083.3685999999998
q4_3,2025-12-21,6,107,943.0908
q4_3,2025-12-21,6,108,741.2833333333332
q4_3,2025-12-21,6,109,750.3022666666667
q4_3,2025-12-21,6,110,766.2814000000002
q4_3,2025-12-21,6,111,726.7483333333332
q4_3,2025-12-21,6,112,718.6672333333333
q4_3,2025-12-21,6,113,144.72661666666778
q4_3,2025-12-21,6,114,27.795000000000073
q4_3,2025-12-21,6,115,20.544466666666644
q4_3,2025-12-21,6,116,14.107333333333372
q4_3,2025-12-21,6,117,23.299999999999955
q4_3,2025-12-21,6,118,18.98303333333327
q4_3,2025-12-21,6,119,26.729533333333393
q4_3,2025-12-21,6,120,32.27333333333338
q4_3,2025-12-21,6,121,17.728750000000066
q4_3,2025-12-21,6,122,23.26441666666657
q4_3,2025-12-21,6,123,36.03166666666675
q4_3,2025-12-21,6,124,26.339266666666617
q4_3,2025-12-21,6,125,746.9057166666666
q4_3,2025-12-21,6,126,766.3633333333333
q4_3,2025-12-21,6,127,755.1383833333331
q4_3,2025-12-21,6,128,747.1609166666665
q4_3,2025-12-21,6,129,761.9849999999999
q4_3,2025-12-21,6,130,787.9384833333334
q4_3,2025-12-21,6,131,705.1516166666667
q4_3,2025-12-21,6,132,1425.8116666666667
q4_3,2025-12-21,6,133,1411.0036999999998
q4_3,2025-12-21,6,134,1423.8739166666667
q4_3,2025-12-21,6,135,1437.5966666666666
q4_3,2025-12-21,6,136,1402.1491666666666
q4_3,2025-12-21,6,137,1411.5977166666664
q4_3,2025-12-21,6,138,1422.8733333333332
q4_3,2025-12-21,6,139,1438.5489833333334
q4_3,2025-12-21,6,140,1454.6355333333333
q4_3,2025-12-21,6,141,1442.3116666666667
q4_3,2025-12-21,6,142,1431.3573166666665
q4_3,2025-12-21,6,143,1272.9792166666666
q4_3,2025-12-21,6,144,1470.2966666666664
q4_3,2025-12-21,12,73,996.6343305555555
q4_3,2025-12-21,12,74,1015.2419444444442
q4_3,2025-12-21,12,75,669.5883366681489
q4_3,2025-12-21,12,76,969.2673222222221
q4_3,2025-12-21,12,77,210.22553611111104
q4_3,2025-12-21,12,78,240.1658166666664
q4_3,2025-12-21,12,79,261.1087083333334
q4_3,2025-12-21,12,80,275.81959999999987
q4_3,2025-12-21,12,81,304.39909166666655
q4_3,2025-12-21,12,82,305.1097722222222
q4_3,2025-12-21,12,83,72.37687221818926
q4_3,2025-12-21,12,84,95.08954999999999
q4_3,2025-12-21,12,85,88.98168333333336
q4_3,2025-12-21,12,86,88.59043333333337
q4_3,2025-12-21,12,87,81.6337
q4_3,2025-12-21,12,88,61.869088888888854
q4_3,2025-12-21,12,89,78.42244999999997
q4_3,2025-12-21,12,90,1455.74655
q4_3,2025-12-21,12,91,1479.0393805555555
q4_3,2025-12-21,12,92,1490.3865555555556
q4_3,2025-12-21,12,93,1537.1233750000001
q4_3,2025-12-21,12,94,1156.6612415687657
q4_3,2025-12-21,12,95,855.0900111111108
q4_3,2025-12-21,12,96,856.6385353333325
q4_3,2025-12-21,12,97,858.5316333333336
q4_3,2025-12-21,12,98,893.9269166666666
q4_3,2025-12-21,12,99,946.5644298333324
q4_3,2025-12-21,12,100,1025.5194833333335
q4_3,2025-12-21,12,101,1045.0153023611122
q4_3,2025-12-21,12,102,1041.1634166666665
q4_3,2025-12-21,12,103,1060.4899944444444
q4_3,2025-12-21,12,104,1077.787311111111
q4_3,2025-12-21,12,105,1078.4199570833355
q4_3,2025-12-21,12,106,1083.3685999999998
q4_3,2025-12-21,12,107,943.0000333333332
q4_3,2025-12-21,12,108,741.2833333333332
q4_3,2025-12-21,12,109,750.3022666666667
q4_3,2025-12-21,12,110,766.2814000000002
q4_3,2025-12-21,12,111,726.7483333333332
q4_3,2025-12-21,12,112,718.6672333333333
q4_3,2025-12-21,12,113,144.72661666666778
q4_3,2025-12-21,12,114,27.795000000000073
q4_3,2025-12-21,12,115,20.544466666666644
q4_3,2025-12-21,12,116,14.107333333333372
q4_3,2025-12-21,12,117,23.299999999999955
q4_3,2025-12-21,12,118,18.98303333333327
q4_3,2025-12-21,12,119,26.729533333333393
q4_3,2025-12-21,12,120,32.27333333333338
q4_3,2025-12-21,12,121,17.728750000000066
q4_3,2025-12-21,12,122,23.26441666666657
q4_3,2025-12-21,12,123,36.03166666666675
q4_3,2025-12-21,12,124,26.339266666666617
q4_3,2025-12-21,12,125,746.9057166666666
q4_3,2025-12-21,12,126,766.3633333333333
q4_3,2025-12-21,12,127,755.1383833333331
q4_3,2025-12-21,12,128,747.1609166666665
q4_3,2025-12-21,12,129,761.9849999999999
q4_3,2025-12-21,12,130,787.9384833333334
q4_3,2025-12-21,12,131,705.1516166666667
q4_3,2025-12-21,12,132,1425.8116666666667
q4_3,2025-12-21,12,133,1411.0036999999998
q4_3,2025-12-21,12,134,1423.8739166666667
q4_3,2025-12-21,12,135,1437.5966666666666
q4_3,2025-12-21,12,136,1402.1491666666666
q4_3,2025-12-21,12,137,1411.5977166666664
q4_3,2025-12-21,12,138,1422.8733333333332
q4_3,2025-12-21,12,139,1438.5489833333334
q4_3,2025-12-21,12,140,1454.6355333333333
q4_3,2025-12-21,12,141,1442.3116666666667
q4_3,2025-12-21,12,142,1431.3573166666665
q4_3,2025-12-21,12,143,1272.9792166666666
q4_3,2025-12-21,12,144,1470.2966666666664
q4_3,2025-12-21,18,109,750.3022666666667
q4_3,2025-12-21,18,110,766.2814000000002
q4_3,2025-12-21,18,111,726.7483333333332
q4_3,2025-12-21,18,112,718.6672333333333
q4_3,2025-12-21,18,113,144.72661666666778
q4_3,2025-12-21,18,114,27.795000000000073
q4_3,2025-12-21,18,115,20.544466666666644
q4_3,2025-12-21,18,116,14.107333333333372
q4_3,2025-12-21,18,117,23.299999999999955
q4_3,2025-12-21,18,118,18.98303333333327
q4_3,2025-12-21,18,119,26.729533333333393
q4_3,2025-12-21,18,120,32.27333333333338
q4_3,2025-12-21,18,121,17.728750000000066
q4_3,2025-12-21,18,122,23.26441666666657
q4_3,2025-12-21,18,123,36.03166666666675
q4_3,2025-12-21,18,124,26.339266666666617
q4_3,2025-12-21,18,125,746.9057166666666
q4_3,2025-12-21,18,126,766.3633333333333
q4_3,2025-12-21,18,127,755.1383833333331
q4_3,2025-12-21,18,128,747.1609166666665
q4_3,2025-12-21,18,129,761.9849999999999
q4_3,2025-12-21,18,130,787.9384833333334
q4_3,2025-12-21,18,131,705.1516166666667
q4_3,2025-12-21,18,132,1425.8116666666667
q4_3,2025-12-21,18,133,1411.0036999999998
q4_3,2025-12-21,18,134,1423.8739166666667
q4_3,2025-12-21,18,135,1437.5966666666666
q4_3,2025-12-21,18,136,1402.1491666666666
q4_3,2025-12-21,18,137,1411.5977166666664
q4_3,2025-12-21,18,138,1422.8733333333332
q4_3,2025-12-21,18,139,1438.5489833333334
q4_3,2025-12-21,18,140,1454.6355333333333
q4_3,2025-12-21,18,141,1442.3116666666667
q4_3,2025-12-21,18,142,1431.3573166666665
q4_3,2025-12-21,18,143,1272.9792166666666
q4_3,2025-12-21,18,144,1470.2966666666664
